677	0	2347
1284	1	2348
936	1	2348
978	0	2349
1266	1	2348
1310	2	2350
693	2	2350
913	3	2352
953	2	2350
1252	4	2353
1554	0	2355
373	4	2356
4	1	2348
495	0	2357
956	5	2358
130	1	2348
204	6	2359
173	2	2350
49	3	2360
1209	4	2353
1078	2	2361
1670	2	2362
2121	6	2363
640	2	2364
1647	0	2365
1369	0	2366
1065	2	2367
1726	2	2368
441	0	2369
342	5	2358
622	3	2370
9	3	2372
1418	5	2373
1916	4	2353
2148	0	2374
666	2	2375
8	4	2376
747	2	2350
733	6	2377
1598	4	2353
1039	1	2348
820	5	2358
1837	2	2378
1651	4	2353
549	0	2379
1436	6	2380
1632	1	2381
1359	0	2382
951	2	2361
951	5	2358
1268	3	2383
59	1	2348
829	6	2384
723	5	2373
144	0	2385
440	2	2386
696	5	2358
275	3	2387
1040	3	2388
1809	0	2389
929	4	2353
996	2	2390
2092	6	2391
139	6	2392
1287	6	2393
2045	0	2394
908	0	2395
404	0	2396
2047	4	2397
681	2	2398
413	3	2399
1562	3	2400
881	2	2361
466	4	2353
771	3	2401
1225	3	2402
619	2	2403
505	2	2375
1836	2	2404
158	0	2405
837	0	2406
1177	2	2367
1080	5	2358
1460	0	2407
939	5	2373
1895	0	2408
246	0	2409
1959	2	2410
1050	0	2411
1964	2	2404
786	4	2353
1426	4	2413
2006	6	2414
1089	2	2378
725	6	2415
721	0	2416
398	1	2348
1127	5	2417
583	6	2418
364	4	2353
2121	4	2353
1661	1	2348
1582	3	2420
871	2	2361
106	6	2421
209	5	2417
1827	1	2348
11	6	2422
485	6	2423
1761	0	2425
2131	3	2426
2059	6	2427
1680	4	2413
27	2	2398
708	4	2376
1730	2	2350
529	6	2428
2083	6	2429
8	1	2381
263	0	2430
1941	0	2431
1813	2	2350
711	0	2432
867	2	2367
1579	3	2433
2111	0	2434
2029	0	2435
851	2	2386
1123	5	2373
1229	1	2348
1583	0	2436
1612	1	2348
949	5	2417
400	2	2350
243	6	2437
1203	2	2350
1218	2	2361
1204	2	2350
1414	2	2361
1254	0	2438
1653	6	2439
170	0	2440
1100	4	2353
1940	3	2441
1940	0	2442
1714	2	2350
2135	2	2350
430	1	2348
297	4	2353
655	6	2443
1733	4	2376
1130	3	2444
904	2	2361
1783	0	2445
649	3	2446
1912	6	2447
781	2	2350
712	1	2348
694	5	2373
1283	3	2448
857	3	2449
1600	4	2353
226	4	2353
633	1	2450
192	6	2451
1339	0	2452
703	6	2453
630	2	2361
227	1	2381
234	1	2348
1246	2	2354
1370	2	2361
357	2	2398
2104	3	2454
369	4	2376
1134	6	2455
267	5	2373
803	4	2353
332	2	2390
2061	5	2417
695	5	2358
1033	4	2353
43	0	2456
1951	1	2348
1064	3	2457
713	3	2458
1823	6	2459
1241	5	2358
405	2	2460
791	0	2461
1245	6	2462
2011	5	2358
394	2	2367
1793	4	2413
1793	2	2375
1919	2	2398
1565	1	2463
408	0	2464
922	4	2353
1065	2	2378
1164	4	2353
1472	1	2348
11	5	2373
110	2	2465
1678	2	2361
1121	0	2466
2031	4	2353
1151	4	2353
1267	5	2417
897	0	2467
1756	2	2354
146	2	2468
264	2	2350
763	1	2469
206	0	2470
1660	4	2353
792	2	2371
390	6	2471
1511	4	2353
1973	1	2381
1655	0	2472
2119	2	2361
1583	2	2361
602	0	2473
877	6	2474
1024	6	2475
476	0	2476
66	4	2477
392	0	2478
1977	0	2479
1263	4	2353
826	6	2480
489	0	2481
119	3	2454
1077	0	2482
329	4	2353
945	2	2350
1981	1	2348
1537	6	2483
2036	2	2386
1012	2	2468
1062	2	2378
633	1	2484
423	1	2348
2116	4	2353
1526	0	2485
21	6	2486
69	0	2487
1838	2	2378
1681	0	2488
843	2	2362
23	3	2489
1800	0	2490
90	3	2491
1833	6	2492
1076	4	2376
1009	3	2493
842	1	2348
145	4	2353
924	6	2494
354	6	2495
1896	1	2348
1372	0	2497
1645	1	2348
63	2	2361
1033	6	2498
1033	3	2499
218	4	2353
221	0	2435
1089	0	2500
1993	5	2358
721	2	2361
1907	3	2501
416	6	2502
490	1	2348
854	3	2503
1742	2	2361
621	5	2358
2121	2	2371
968	0	2504
230	2	2361
1250	0	2505
1791	2	2354
422	4	2477
1178	1	2348
2	4	2353
15	2	2350
1152	4	2353
1811	2	2368
1309	4	2376
410	2	2404
2081	6	2506
12	6	2507
763	3	2508
1991	1	2348
311	1	2348
294	1	2348
1360	2	2371
867	2	2398
1237	5	2373
869	4	2353
336	6	2509
531	0	2510
472	2	2350
1101	3	2407
232	4	2353
370	3	2511
588	3	2512
1819	1	2348
572	6	2513
199	3	2514
641	3	2515
526	2	2367
1715	1	2348
1109	4	2353
916	6	2516
534	2	2460
1848	0	2517
1410	4	2353
1992	2	2468
1247	4	2518
424	2	2404
91	5	2373
1838	1	2348
83	0	2519
547	5	2373
1944	6	2520
771	6	2359
973	2	2350
722	2	2367
1428	3	2521
780	2	2361
1329	6	2522
1329	1	2348
1686	0	2523
1986	2	2350
1122	2	2350
710	2	2398
662	2	2404
2038	0	2524
1026	1	2348
401	5	2373
420	2	2364
1697	4	2353
546	1	2348
306	6	2525
306	1	2348
1215	1	2348
1049	2	2350
1810	0	2427
864	5	2358
1302	0	2526
219	2	2350
1761	0	2527
1535	4	2353
160	5	2373
2072	2	2468
27	2	2386
1044	5	2358
818	2	2367
900	3	2529
1395	4	2353
2029	2	2350
591	0	2530
579	2	2361
586	2	2398
1307	6	2531
95	2	2350
911	1	2348
1173	4	2353
103	2	2350
1497	2	2375
1474	3	2532
430	6	2533
2028	0	2534
639	2	2361
1905	2	2361
720	2	2367
636	2	2371
884	2	2378
1570	2	2465
307	5	2417
1749	0	2535
619	3	2536
64	1	2348
828	3	2537
1234	0	2538
910	3	2539
861	2	2362
1549	1	2540
1853	4	2353
42	0	2541
1964	4	2413
479	6	2542
483	2	2371
612	0	2543
1784	0	2544
18	2	2350
364	2	2350
1302	0	2546
419	2	2371
40	2	2398
2137	1	2348
450	1	2381
36	6	2427
1950	2	2371
1399	0	2547
1821	5	2358
1070	4	2353
1408	3	2548
187	0	2549
983	0	2550
1313	4	2353
375	2	2350
487	6	2551
2083	1	2348
56	1	2348
2086	2	2362
436	3	2446
1820	2	2354
1430	0	2552
2025	3	2553
1579	6	2554
1979	6	2555
1112	6	2556
1424	6	2557
591	1	2558
2058	4	2413
627	6	2559
323	4	2353
1953	2	2404
1411	4	2477
1818	4	2353
1639	0	2560
1521	0	2561
2084	4	2353
207	6	2431
1187	3	2563
1219	4	2413
1960	3	2511
823	2	2361
2013	4	2353
1739	2	2404
805	1	2469
1341	4	2353
556	0	2564
1441	1	2348
197	2	2565
2127	2	2361
357	3	2566
2130	6	2567
236	5	2373
783	3	2568
1412	2	2403
145	5	2417
2071	2	2350
1210	3	2539
1080	4	2353
786	6	2569
2038	0	2571
218	1	2348
218	3	2572
221	2	2350
705	1	2348
1270	2	2465
287	2	2386
1019	0	2573
1538	1	2348
147	2	2574
315	5	2358
932	3	2575
1627	2	2361
306	2	2354
94	4	2353
1323	5	2358
134	4	2477
548	2	2361
1900	4	2353
1950	1	2348
1821	1	2348
230	0	2576
568	2	2362
467	2	2350
1799	0	2577
2031	3	2578
1224	2	2460
684	6	2579
410	2	2398
2050	0	2580
311	0	2581
1867	3	2582
308	0	2583
766	4	2353
999	5	2417
1574	4	2413
123	0	2584
2146	0	2585
926	2	2361
2075	1	2586
409	0	2587
1884	4	2353
893	2	2361
893	0	2588
247	0	2589
1819	3	2590
1971	1	2348
1776	2	2375
637	2	2371
969	1	2348
1175	2	2361
665	6	2591
1644	5	2417
636	0	2592
748	3	2593
729	2	2361
1954	5	2417
1915	1	2463
1319	4	2353
2134	6	2594
937	6	2595
1609	3	2596
273	0	2597
1379	6	2598
815	2	2350
267	3	2599
245	6	2600
196	2	2465
280	2	2565
460	3	2495
242	4	2353
801	4	2353
721	1	2348
808	0	2602
2077	5	2417
960	4	2353
2095	1	2348
1331	4	2353
742	5	2417
1728	2	2361
873	2	2398
1416	6	2603
1530	3	2604
448	2	2361
1188	2	2361
1378	2	2367
575	3	2605
1799	6	2606
1159	2	2361
213	2	2404
983	3	2607
37	4	2353
1923	4	2353
704	0	2608
459	5	2358
475	6	2609
1502	3	2610
1433	0	2611
1693	1	2381
1106	2	2468
900	2	2367
598	4	2353
1395	1	2348
1699	6	2612
1802	2	2350
1557	2	2361
1495	2	2565
1772	3	2613
1452	5	2358
462	1	2348
323	0	2614
1603	6	2615
1454	2	2378
749	5	2373
509	2	2350
431	2	2361
1683	5	2358
642	0	2616
454	1	2348
636	5	2358
1435	0	2380
2021	3	2618
361	6	2619
1287	0	2620
1537	4	2376
1236	0	2621
1576	1	2348
330	2	2361
768	6	2622
1090	5	2623
819	2	2354
2136	6	2624
1872	0	2625
1854	1	2348
2076	0	2626
1324	6	2627
227	1	2348
1489	3	2628
124	2	2371
1257	3	2629
1009	0	2630
334	0	2631
815	0	2632
1613	6	2633
305	0	2634
1278	0	2635
1471	5	2358
2061	6	2636
1074	0	2637
193	5	2358
1213	0	2638
1021	5	2358
4	5	2417
1663	0	2639
880	5	2373
1366	6	2640
1154	4	2413
1829	3	2531
1810	2	2378
394	0	2641
2033	3	2642
438	0	2643
1432	6	2422
968	2	2375
230	1	2348
2043	6	2644
1825	2	2390
15	4	2353
33	2	2350
497	0	2645
335	1	2348
1433	0	2646
1198	1	2348
1233	1	2647
1574	0	2648
2111	1	2463
1598	3	2649
1841	0	2650
975	2	2371
113	0	2651
1436	3	2652
1199	3	2653
1037	1	2654
1356	3	2655
905	0	2656
1987	5	2358
862	1	2348
1643	6	2657
1272	4	2353
518	5	2358
501	3	2658
526	0	2659
1641	0	2660
1107	6	2661
1283	2	2361
260	0	2662
1262	4	2353
265	5	2358
1717	2	2350
1972	2	2361
963	0	2663
573	1	2348
1128	6	2664
1386	6	2665
1589	5	2358
1536	5	2373
659	2	2350
507	1	2348
653	6	2666
894	2	2350
1984	5	2358
1355	0	2667
2061	2	2574
63	6	2668
218	0	2547
860	6	2669
858	2	2404
566	2	2361
1017	3	2670
1933	4	2353
986	2	2361
50	3	2672
1049	5	2358
736	5	2358
394	0	2673
2022	1	2348
1936	3	2674
2147	6	2675
216	0	2676
1069	1	2348
599	1	2484
1856	1	2463
2059	4	2353
140	1	2348
1151	1	2348
2074	2	2350
388	3	2677
1361	6	2627
1448	4	2353
671	6	2678
1813	3	2679
1716	3	2680
2025	5	2417
1395	3	2681
89	5	2417
113	5	2358
1815	0	2682
1721	1	2348
323	2	2404
447	3	2683
1622	2	2350
1114	1	2684
1818	6	2685
749	0	2686
954	4	2353
782	5	2358
338	2	2386
734	1	2463
967	3	2687
698	6	2688
60	3	2689
1700	5	2358
1045	6	2690
1034	2	2367
1618	6	2666
1097	2	2371
989	0	2691
1848	3	2692
1038	0	2693
1063	2	2390
131	1	2348
168	4	2353
521	2	2378
124	2	2367
1271	3	2694
19	0	2695
451	5	2373
358	0	2696
194	2	2398
794	1	2463
1765	1	2348
1386	2	2398
138	0	2697
439	3	2698
240	3	2699
1975	3	2700
403	4	2353
332	2	2378
1133	2	2361
1217	4	2353
1498	6	2701
1366	3	2703
1881	4	2353
298	6	2704
742	2	2378
595	1	2348
259	0	2705
635	3	2706
727	1	2348
36	3	2707
1164	0	2708
1384	2	2367
744	3	2709
1825	2	2361
1182	5	2358
1129	2	2710
1595	3	2711
1730	3	2420
375	6	2712
927	2	2404
316	2	2565
383	2	2468
1917	2	2350
1403	1	2348
661	2	2361
1156	0	2713
678	6	2714
1342	3	2715
2108	1	2348
591	0	2716
591	0	2717
1248	2	2404
1721	0	2718
400	5	2358
1179	1	2463
787	6	2719
752	4	2353
1085	2	2378
292	6	2431
2020	0	2720
1643	0	2721
639	1	2348
946	2	2403
25	6	2722
2012	2	2465
863	4	2353
1244	3	2723
1963	6	2492
0	2	2386
570	0	2724
1960	2	2354
1062	3	2725
544	4	2413
1410	6	2719
127	5	2373
24	1	2348
1247	3	2726
1871	2	2350
1139	0	2727
168	2	2361
488	0	2728
1790	3	2729
301	5	2373
1947	4	2353
2034	6	2730
648	5	2417
1059	0	2731
210	1	2348
358	5	2358
585	2	2350
1138	4	2353
42	2	2371
1157	3	2733
803	2	2350
1740	6	2734
527	2	2367
136	1	2348
577	4	2376
705	4	2353
1736	3	2735
1763	2	2350
1089	0	2736
169	1	2463
1498	5	2358
1881	2	2350
306	2	2350
298	2	2378
738	2	2404
386	6	2737
1111	2	2361
1661	5	2373
756	2	2361
1942	4	2353
163	1	2348
2053	2	2361
718	5	2417
1530	1	2348
1371	6	2738
1770	2	2361
2131	1	2348
1672	1	2348
2031	1	2348
2117	4	2353
1625	6	2740
1617	0	2741
1941	4	2353
107	0	2742
2113	1	2654
1305	4	2353
2108	2	2350
1764	1	2348
2079	6	2506
1755	1	2743
1248	4	2353
1037	6	2740
769	2	2398
118	1	2348
1411	4	2413
716	5	2373
1619	2	2386
112	1	2348
1998	0	2744
1431	2	2398
826	4	2353
297	2	2350
969	4	2353
293	0	2746
1577	4	2413
785	1	2747
1597	2	2350
768	4	2353
544	2	2361
1555	1	2654
556	2	2460
1562	4	2353
1593	3	2680
1947	6	2748
324	0	2749
1310	0	2750
1386	0	2751
85	5	2373
935	6	2752
1975	5	2623
1745	2	2404
860	2	2361
1398	0	2754
1581	6	2755
167	1	2757
167	0	2758
417	1	2348
204	2	2350
623	6	2759
1413	4	2397
1942	0	2760
1936	0	2761
251	1	2348
276	6	2762
2091	2	2361
2091	1	2463
575	0	2639
670	1	2463
1251	6	2763
983	1	2348
1863	2	2465
2005	4	2353
1806	3	2420
1224	6	2764
1058	5	2417
818	0	2396
607	6	2695
445	2	2350
1605	1	2348
792	1	2348
2025	4	2353
1511	2	2350
61	5	2373
2088	0	2765
926	6	2766
549	6	2767
1815	0	2768
87	2	2350
66	1	2348
1179	6	2769
1594	2	2468
1510	1	2381
95	6	2770
95	0	2770
1769	6	2771
225	1	2348
2039	0	2772
1518	1	2348
1170	2	2468
872	4	2773
1529	2	2465
1527	0	2774
1552	1	2654
972	3	2775
513	2	2361
1235	5	2417
330	3	2776
878	4	2353
1446	6	2427
234	4	2353
1780	6	2777
547	6	2508
2127	6	2778
1449	2	2350
1947	3	2515
530	6	2779
357	2	2386
236	1	2780
631	4	2353
707	0	2781
774	6	2782
1767	6	2783
369	0	2784
1004	0	2431
1352	2	2371
1853	6	2785
1816	0	2786
1050	4	2353
208	0	2787
186	0	2788
126	0	2789
72	1	2348
22	2	2362
610	6	2790
1567	2	2368
1567	1	2348
1722	2	2368
1049	4	2353
1413	1	2348
736	4	2353
1670	5	2358
295	5	2791
1873	1	2348
251	4	2353
625	6	2792
1344	2	2361
575	4	2353
1633	3	2593
1929	4	2353
1418	0	2793
1224	1	2348
535	2	2371
997	5	2358
747	1	2348
12	4	2353
711	3	2458
1430	2	2371
1707	6	2794
606	2	2361
2119	1	2463
175	2	2361
813	2	2404
393	0	2795
1794	1	2348
954	1	2348
1656	2	2797
440	5	2417
291	4	2353
1085	5	2417
2054	2	2398
1880	2	2465
1714	1	2463
2084	2	2468
947	6	2798
1688	2	2398
1733	5	2358
1107	3	2799
1244	5	2417
1584	2	2361
1219	0	2800
1963	3	2801
908	2	2404
544	0	2802
1804	2	2404
1063	2	2350
1191	5	2373
573	6	2714
1489	2	2371
1505	5	2358
236	6	2803
1882	2	2361
194	2	2371
618	5	2791
680	3	2804
261	0	2806
886	1	2348
1610	1	2348
1745	4	2413
527	0	2807
1391	1	2348
1498	2	2468
1581	4	2413
807	1	2348
1901	2	2350
2077	4	2353
850	5	2373
1810	1	2348
960	1	2348
742	4	2353
215	3	2808
876	4	2353
1479	1	2348
1942	6	2809
149	2	2465
325	1	2348
2032	2	2361
574	6	2810
1110	5	2373
1472	0	2435
216	4	2353
2107	4	2353
1409	4	2353
1409	5	2358
2035	0	2812
2	3	2814
46	2	2361
1129	3	2815
1921	0	2816
1058	4	2353
1448	6	2431
433	0	2820
436	2	2362
104	2	2468
115	2	2398
2143	3	2821
1511	6	2822
2111	1	2348
761	2	2362
790	1	2348
1362	5	2358
1540	0	2823
1508	0	2824
1218	2	2354
764	4	2353
685	2	2710
1809	2	2350
734	3	2715
1819	2	2367
1242	5	2373
1937	4	2413
1077	2	2368
1515	6	2826
534	6	2827
330	2	2371
161	4	2353
1459	2	2361
131	4	2353
1729	1	2348
1437	0	2380
185	1	2828
236	2	2367
1098	6	2829
451	0	2830
352	0	2831
455	1	2463
1177	2	2350
164	2	2361
2071	6	2832
730	4	2353
198	1	2348
1910	2	2710
1116	5	2373
2052	2	2404
1536	1	2348
2101	3	2833
797	4	2413
1155	2	2362
935	3	2835
186	4	2376
552	4	2413
1026	6	2836
899	4	2413
745	2	2367
672	0	2837
915	2	2350
204	1	2348
1117	1	2348
1742	1	2348
1108	1	2348
1616	2	2361
1728	2	2350
1124	1	2348
511	5	2358
622	2	2371
1463	0	2609
1684	5	2358
1044	6	2839
2083	4	2353
38	5	2358
1807	4	2353
2086	0	2840
1991	4	2353
1599	1	2841
220	3	2842
1983	0	2812
733	0	2843
345	2	2361
165	0	2844
851	0	2845
1496	4	2353
1229	6	2391
877	2	2565
1161	1	2348
45	3	2846
1764	4	2376
769	5	2358
1622	0	2848
749	0	2849
201	2	2465
370	5	2358
1822	2	2465
1822	0	2850
1776	0	2851
1927	1	2348
773	5	2417
60	6	2852
1435	3	2853
68	3	2854
2036	4	2413
959	0	2855
908	4	2413
404	2	2350
1555	3	2531
1972	0	2856
831	1	2586
343	6	2857
1906	0	2858
907	6	2859
2140	6	2860
35	1	2654
2030	2	2361
514	2	2465
236	0	2803
620	6	2861
1138	0	2862
1116	2	2350
1536	4	2353
1534	2	2361
1984	3	2863
1261	2	2361
2001	3	2864
1057	1	2348
566	5	2358
1703	1	2348
977	3	2865
1943	1	2348
1169	6	2866
1522	2	2710
1948	3	2837
1752	3	2867
2022	0	2868
1936	2	2364
644	4	2353
342	6	2870
1421	3	2871
125	5	2358
744	1	2348
422	2	2350
1058	2	2386
682	2	2361
733	1	2348
1608	5	2417
2111	6	2872
2111	2	2371
606	0	2873
1226	5	2358
1558	3	2874
123	2	2361
602	3	2875
1424	0	2876
590	5	2358
517	4	2353
118	2	2361
1006	3	2877
156	6	2494
1769	1	2348
1925	5	2417
1365	1	2348
1714	3	2878
1795	0	2425
1130	6	2879
2027	4	2376
1968	1	2348
2021	2	2367
1187	4	2353
1679	6	2880
617	3	2881
2110	1	2348
131	5	2358
1949	3	2837
1838	2	2386
35	2	2565
1449	3	2882
973	1	2348
2130	0	2883
257	2	2371
1903	1	2463
81	4	2353
20	6	2678
966	1	2348
1289	6	2884
1959	4	2353
817	4	2518
835	4	2353
1255	1	2463
1372	4	2353
695	4	2413
1951	6	2769
2114	2	2361
341	3	2885
1993	1	2348
398	1	2540
988	2	2361
1181	0	2886
30	1	2887
1873	6	2759
2138	0	2889
1530	4	2353
1159	1	2586
991	2	2361
1434	6	2890
1434	5	2358
2074	2	2468
316	3	2891
1917	2	2361
319	5	2358
6	6	2892
733	2	2350
1707	2	2367
1817	3	2893
2088	0	2895
919	1	2348
393	0	2549
1578	1	2348
1365	2	2361
1531	0	2896
750	2	2350
655	3	2897
996	2	2378
60	0	2898
1435	2	2361
748	0	2900
1577	5	2417
421	4	2353
908	1	2463
1001	0	2901
1954	4	2413
1877	0	2902
624	0	2903
2010	1	2348
569	1	2348
657	2	2350
58	2	2403
619	4	2353
10	0	2904
7	3	2905
1425	6	2907
1284	0	2908
564	6	2909
1194	6	2910
1506	6	2911
1214	0	2912
268	3	2913
1997	4	2353
231	1	2348
974	0	2456
1015	0	2914
205	5	2358
1996	1	2654
18	3	2916
1698	5	2358
503	2	2386
1221	2	2361
94	2	2362
1753	0	2917
3	2	2361
1936	1	2348
726	2	2350
485	2	2404
1312	5	2373
943	1	2463
1251	2	2361
1182	2	2361
1709	6	2918
459	2	2565
445	2	2378
319	2	2350
536	0	2919
89	2	2378
882	2	2350
45	1	2348
1303	3	2920
1268	6	2383
829	0	2921
2000	2	2367
1486	5	2358
1231	2	2367
190	6	2922
853	5	2358
890	2	2410
1809	0	2923
593	6	2924
773	2	2565
2100	4	2353
765	5	2358
1981	6	2925
1287	2	2710
533	2	2367
1989	6	2926
1341	2	2404
1016	6	2927
2076	1	2348
1842	4	2353
881	5	2358
703	0	2453
686	1	2348
1568	0	2928
1429	1	2348
530	2	2378
185	5	2417
1059	4	2353
1211	2	2361
382	3	2929
1686	4	2353
1030	0	2584
1975	1	2348
1055	5	2417
43	4	2353
1256	0	2930
278	0	2931
1217	2	2378
173	3	2932
955	5	2358
1892	5	2358
2009	2	2403
1323	6	2933
1286	1	2348
134	1	2348
827	2	2361
574	0	2721
1914	5	2417
1007	4	2353
740	1	2348
1083	2	2710
1625	0	2934
1295	3	2935
1847	4	2353
1807	2	2404
12	2	2404
6	1	2654
6	0	2936
115	0	2937
755	1	2348
61	1	2348
1837	2	2371
984	3	2939
59	5	2358
634	4	2413
1263	0	2432
1683	1	2348
275	4	2353
1497	1	2463
572	5	2358
1556	5	2417
491	3	2940
25	1	2348
989	0	2551
65	6	2942
2003	2	2390
1871	3	2943
881	1	2348
1924	1	2348
1681	4	2376
676	0	2944
2063	2	2350
504	3	2946
428	0	2947
1220	4	2353
1266	6	2383
584	2	2350
1060	0	2948
1004	3	2431
380	1	2348
380	0	2949
1589	2	2465
2101	0	2950
797	5	2358
1155	6	2951
171	5	2417
1315	0	2952
193	6	2953
745	1	2348
1281	1	2348
1567	4	2353
1596	6	2955
915	2	2362
130	1	2654
1823	1	2348
522	6	2956
2015	4	2353
1670	2	2386
799	2	2371
1706	0	2957
407	1	2348
485	5	2623
1463	4	2356
1680	0	2958
238	6	2959
97	2	2367
609	2	2375
453	2	2350
477	0	2960
1778	6	2961
1778	1	2348
818	0	2962
666	6	2963
1096	5	2417
383	3	2964
344	5	2358
1735	1	2348
2086	2	2465
1453	0	2965
220	2	2361
792	1	2966
1427	1	2348
1233	5	2358
1973	0	2711
1893	2	2361
949	3	2967
166	4	2353
1818	0	2968
840	2	2361
1486	6	2969
1254	6	2970
853	6	2971
1365	0	2972
1704	3	2973
235	2	2398
1354	6	2974
1517	2	2361
1688	4	2353
162	0	2975
931	6	2976
1316	1	2348
2045	0	2977
916	0	2516
1062	6	2978
148	1	2348
668	3	2979
2144	1	2348
1550	1	2348
654	3	2980
521	0	2981
2094	3	2352
1009	2	2468
1158	5	2373
1420	1	2348
271	2	2361
1723	3	2982
324	2	2361
184	2	2386
1959	1	2348
1958	0	2983
662	2	2350
1455	2	2465
1745	1	2348
1490	6	2984
875	1	2348
860	1	2654
1784	4	2356
1027	3	2985
496	2	2386
1241	6	2986
520	6	2987
1221	0	2485
1587	3	2988
2042	1	2348
1810	0	2389
494	0	2551
40	3	2989
827	1	2348
545	2	2465
2138	0	2990
578	3	2991
599	1	2586
2043	0	2992
1542	3	2993
1709	0	2994
964	2	2371
804	5	2358
1654	2	2367
375	0	2995
1846	1	2348
1267	2	2361
459	0	2996
845	5	2417
1634	2	2371
2111	3	2997
1048	1	2348
1140	2	2350
462	2	2361
586	0	2852
1512	2	2361
1268	2	2361
1977	4	2353
1987	2	2350
1980	2	2403
614	6	2999
685	2	2378
1809	2	2390
1935	3	3000
947	4	2353
698	4	2353
1783	4	2353
1731	5	2373
296	2	2404
513	2	2375
1285	0	3001
223	3	3002
963	2	2465
883	5	2358
1777	0	3003
1115	1	2348
902	3	3004
2004	5	2373
52	6	3005
505	2	2404
74	0	3006
229	2	2361
1394	5	2417
1955	2	2371
456	2	2361
2125	1	2348
439	0	3007
1066	0	3008
406	2	2350
1143	3	3009
835	6	3010
1745	2	2350
2038	6	2428
1645	6	3011
1201	4	2353
2085	1	2348
1055	1	2348
401	2	2361
1763	6	3012
784	4	2353
1993	2	2398
2007	0	3013
1241	2	2350
416	2	2362
1857	0	3014
1728	2	2710
852	5	2358
1501	6	3015
2137	6	2740
1873	4	2353
28	2	2404
276	4	2353
1250	6	3016
1560	4	2353
1463	2	2404
670	1	2381
39	5	2373
92	2	2361
1152	2	2361
37	5	2417
1081	1	2348
709	3	3017
316	1	2654
1494	2	2361
711	5	2417
1743	1	3018
1743	0	3019
541	3	3020
1548	2	2404
788	1	2348
1973	0	3021
1042	1	2469
1305	1	2348
877	4	2397
1002	1	2469
1920	5	2373
1268	0	2383
1101	5	2417
1228	0	3022
440	2	2361
611	1	2348
1474	5	2358
1880	5	2373
1373	5	2417
501	0	3023
2100	1	2348
945	6	3024
1061	4	2353
1385	1	2348
1963	4	2353
299	1	2348
2013	6	2690
1001	1	2348
2017	1	2348
2062	0	2431
1118	2	2460
360	2	2468
1568	2	2375
1748	0	3025
180	2	2361
1685	3	3026
74	1	2348
1098	0	3027
2098	2	2371
553	4	2353
1284	2	2404
1394	4	2353
632	6	3028
324	3	3029
1506	2	2375
1080	2	2362
979	2	2367
1509	2	2710
363	6	3030
403	2	2465
1147	0	3031
1554	0	3032
941	2	2350
705	2	2361
2065	6	3033
1213	0	3034
914	0	3035
22	1	2463
2093	6	3036
2015	0	3037
2077	1	2348
1919	2	2468
980	5	2358
1753	6	3038
1753	2	2386
1873	0	3039
976	2	2362
1369	6	3040
1821	0	3041
1499	5	2358
1856	5	2417
928	6	2589
983	6	3042
1672	4	2413
846	5	2417
898	3	3043
1768	1	2348
344	1	2348
1707	1	2348
1938	1	2348
153	4	3044
1424	2	2362
1269	3	2383
525	2	2410
1417	2	2361
1390	2	2468
685	2	2386
86	0	3045
225	2	2354
1927	5	2373
1175	4	2353
2141	1	2654
641	4	2353
1874	3	3046
2027	4	2413
972	1	2348
715	4	2353
1515	0	2826
1146	3	3047
265	0	3048
129	6	2741
1053	0	3049
1476	2	2350
1972	1	2586
556	0	2736
1290	4	2353
1247	2	2361
2140	3	3050
1388	4	2353
1388	1	2348
7	4	2353
418	6	3051
1988	6	3052
1238	2	2350
1686	5	2358
145	1	2348
1514	0	2836
728	2	2361
1206	6	3053
198	4	2353
354	4	2353
380	6	2866
1958	1	2348
396	4	2376
1455	6	3054
2001	1	2463
1763	3	2905
1732	1	2381
333	0	3055
295	2	2361
1501	2	2465
328	2	2362
2097	2	2468
568	5	2358
1250	3	3057
2107	5	2373
1878	1	2348
2091	2	2404
622	2	2398
1121	2	2378
1890	4	2353
1308	2	2367
33	0	3058
1183	3	3059
709	6	2422
1405	5	2358
1839	1	2348
1735	0	3060
849	0	3061
1156	3	2618
820	0	3062
2019	4	2353
1651	2	2361
1525	2	2410
1268	1	2348
701	5	2358
472	4	2353
1828	2	2361
1551	2	2362
929	1	2654
143	2	2404
996	2	2361
1334	6	2492
1320	3	3002
906	2	2468
1262	2	2371
534	0	3064
1576	0	3034
1135	2	2367
1062	5	2623
1739	1	2348
805	1	2825
556	2	2386
1102	2	2398
1871	5	2417
1926	0	2347
124	4	2353
1833	5	2358
505	6	2443
722	2	2465
631	4	2397
141	0	3066
352	4	2353
324	5	2358
2129	0	2883
2142	4	2353
464	2	2361
396	3	3067
178	0	3068
363	2	2468
249	1	2348
695	0	2459
577	6	3069
577	1	2463
705	5	2358
608	0	3068
1676	5	2417
1722	5	2417
791	3	3070
379	0	3072
1181	4	2773
595	6	3073
515	6	3074
276	0	2727
1164	1	2348
555	0	3075
1463	0	3076
948	2	2371
1083	6	3077
1485	4	2353
747	5	2373
1166	2	2361
202	0	3078
1585	5	2358
1469	4	2413
220	4	2353
1835	1	2348
1350	6	3079
598	0	3080
2025	2	2350
165	2	2350
1419	2	2350
1841	0	3081
1377	2	2565
579	1	2463
400	6	3082
1144	0	3083
716	2	2410
409	6	2587
1203	3	3084
2046	5	2358
1720	2	2350
1291	2	2468
1801	0	3085
501	2	2404
526	2	2361
1552	2	2367
1320	1	2348
513	5	2358
1235	3	3086
0	0	3087
2036	3	3088
330	0	2517
1167	4	2353
226	0	3089
1118	5	2623
1446	0	3090
1876	3	3091
1489	5	2358
1483	5	2373
1225	2	2386
1751	5	2623
1712	3	3092
212	5	2417
77	2	2403
358	2	2354
194	0	3093
1428	2	2361
1428	5	2358
261	6	3096
659	0	3097
479	1	2463
1610	4	2353
662	6	2552
1426	1	2348
1252	5	2358
280	4	2353
43	2	2350
1866	2	2468
2001	2	2362
2096	3	3098
1581	2	2367
1367	4	2353
690	2	2350
1737	0	3099
721	2	2468
405	1	2348
1670	6	3100
394	0	3101
852	3	3102
419	5	2373
578	2	2350
262	3	3103
943	1	2381
378	1	2348
1778	0	3104
2099	0	3105
1096	0	3106
366	1	2348
1693	2	2404
2090	0	3107
104	0	2883
1973	1	2348
2133	1	2348
2115	2	2361
2078	2	2367
2146	1	2348
859	4	2353
1603	0	2615
961	0	3109
723	6	3110
1006	0	2800
82	5	2358
696	4	3044
696	3	3111
1204	0	2440
1375	1	2469
764	6	3112
1828	5	2358
890	5	2373
170	4	2353
2135	3	3113
872	1	2348
329	0	3114
1700	4	2353
53	2	2350
381	3	3115
571	2	2361
2055	1	2348
2128	2	2361
423	0	3116
957	0	3117
1861	0	3118
569	2	2361
1609	5	2417
90	0	3119
236	1	2348
57	4	2413
1163	1	2348
20	5	2358
461	2	2361
584	5	2623
1207	3	3120
1352	0	3121
268	0	3122
406	6	3112
483	1	2348
1142	1	2412
1261	2	2371
373	2	2375
102	3	3123
1866	4	2413
612	1	2743
612	1	2381
672	2	2361
1803	6	2918
1823	4	2353
286	1	2348
465	0	3124
1072	6	2435
478	3	3125
848	1	2348
873	2	2371
1782	1	2348
457	2	2465
106	4	2353
1432	2	2398
2053	3	3126
1834	1	2348
11	0	3127
250	6	3128
1409	2	2350
1535	3	3129
670	1	2586
1202	0	3130
1814	6	2522
551	5	2358
1136	0	3133
1502	0	3134
1725	4	2353
985	4	2353
755	2	2350
1548	1	2348
2133	2	2468
2029	1	2841
1626	2	2361
468	2	2565
2113	2	2350
2078	3	2531
123	4	2353
2145	3	3135
868	2	2398
1512	4	2353
66	5	2358
1628	1	2586
484	1	2348
440	2	2398
971	0	3136
1987	6	3052
1171	0	3137
1458	5	2358
481	0	3138
2054	1	2348
1952	2	2371
656	2	2350
1445	2	2465
454	2	2371
2020	2	2371
1517	0	3139
199	0	3140
543	2	2565
649	0	3141
1584	6	3142
712	0	3144
0	0	3145
857	0	3146
2123	4	2353
729	4	2353
1364	0	3147
1404	2	2361
24	2	2361
1563	3	3148
907	4	2353
569	5	2358
2134	4	2353
836	3	3149
1292	3	3150
934	1	2654
355	1	2348
722	1	2348
57	0	2575
1211	0	3152
815	2	2378
154	2	2404
585	4	2353
1762	2	2354
2142	6	3153
1571	5	2373
1740	2	2361
2038	6	3154
577	4	2397
1732	2	2361
1732	5	2417
169	2	2371
745	2	2371
18	1	2348
2008	1	2348
1862	0	3155
850	1	2348
1482	3	3156
864	2	2361
864	0	2635
742	2	2350
259	2	2465
1726	4	2353
11	3	3157
1378	2	2371
1535	2	2398
964	1	2348
802	5	2417
708	2	2361
399	2	2404
2040	2	2350
1096	3	3158
1136	2	2398
1725	1	2348
1469	2	2350
1574	3	3159
1140	2	2386
882	2	2378
175	3	3160
2088	5	2358
1495	6	3161
517	3	3162
753	0	3163
232	5	2358
429	5	2417
1450	2	2350
1619	0	3164
1998	2	2398
1068	0	3165
870	4	2413
637	2	2390
743	0	3166
434	6	2598
1731	2	2404
2021	2	2378
1109	1	2348
1137	3	3167
1090	1	2348
692	2	2361
883	2	2362
2010	0	3168
1563	6	2479
1949	6	2837
367	5	2358
19	4	2356
1646	0	2749
1220	2	2386
966	2	2350
1192	0	3169
939	2	2350
380	2	2375
561	0	3170
439	6	3171
953	6	3172
1922	0	3173
495	3	3174
956	4	2413
2007	3	2982
1275	2	2404
812	2	2398
1892	2	2371
1117	0	3175
478	4	2353
419	0	3177
888	1	2348
1900	1	2484
756	5	2358
441	3	3178
1421	2	2361
601	0	3179
1825	0	2976
1178	2	2361
1178	5	2358
70	0	3180
1768	2	2361
497	2	2362
1330	2	2371
410	3	3091
1403	4	2353
1634	0	3181
1141	4	2353
2025	2	2367
689	0	3182
2115	2	2371
678	1	2381
1802	0	3183
45	5	2358
643	6	2839
1495	4	2376
1056	0	2981
1721	2	2361
2000	0	3184
472	1	2463
1006	1	2348
440	0	3185
696	2	2468
814	1	2586
1532	2	2404
524	3	3186
1801	2	2362
241	3	3187
412	1	2348
1570	2	2361
1187	1	2348
1180	4	2353
1713	6	3188
669	1	2348
694	6	3189
906	3	3190
1236	6	2740
2003	5	2373
437	0	3191
1526	6	2485
307	3	3192
1304	0	3193
737	6	3194
69	5	2358
1324	5	2358
1022	0	3195
357	1	3196
1833	1	2348
1580	3	3197
67	0	3198
194	1	2348
861	6	3199
728	2	2350
1131	3	3200
122	4	2353
1986	2	2354
1894	4	2353
268	2	2361
797	2	2404
803	2	2404
667	2	2350
189	0	3201
157	2	2361
858	5	2358
287	4	2353
713	4	2353
351	5	2358
2007	0	2986
1547	2	2797
1892	1	2348
1258	2	2361
1440	5	2417
1209	1	2348
603	0	3203
1432	0	3204
2138	4	2353
1299	2	2465
2043	3	3205
13	0	3099
1251	2	2350
1075	4	2353
497	0	3206
1586	6	3207
116	2	2361
938	3	3208
1693	2	2361
1693	0	2635
2090	4	2773
615	4	2353
1743	3	3209
1360	0	3210
1368	4	2413
176	2	2404
532	0	3211
1156	4	2353
1305	1	2654
1841	6	3212
1920	1	2348
767	6	3213
951	0	3214
683	2	2350
1622	3	3215
509	2	2404
893	2	2375
1520	2	2350
1365	4	2353
642	1	2463
940	4	2413
1521	2	2386
2028	0	2524
967	2	2361
1644	1	2348
1492	6	3216
0	2	2378
228	3	3217
226	2	2371
2128	6	3218
1526	2	2361
832	0	3219
367	1	2654
836	6	3220
1489	4	2353
1246	4	2353
1969	0	3221
2094	1	3222
1711	1	3223
1087	0	3224
1718	5	2358
1025	1	2348
229	3	2495
1425	5	2373
470	2	2378
774	0	3225
1588	4	2353
178	3	3227
1142	2	2465
977	5	2373
1345	2	2468
469	5	2358
417	4	2773
1823	1	2586
2007	6	2986
365	6	3228
1440	6	3229
1948	0	2837
988	0	3230
1215	2	2368
2121	3	3231
1149	0	3232
980	2	2362
827	6	3233
2032	1	2348
1188	6	2431
1399	2	2398
1472	6	2435
441	1	2348
216	2	2404
27	1	2348
948	2	2378
1730	0	3234
666	1	2463
335	6	2810
445	0	2600
1427	6	3235
1608	1	2348
99	2	2350
99	0	3236
606	1	2586
1655	2	2354
1318	6	2377
2119	1	2654
895	0	2931
683	0	3237
961	5	2373
1040	2	2398
764	2	2361
1184	0	2598
1776	0	3238
1937	1	2348
2039	1	2348
200	0	3239
329	6	3240
1527	2	2465
1346	1	2348
1298	1	2348
1561	0	3241
1244	4	2353
1045	4	2353
139	2	2361
1099	6	3242
1566	6	3207
1830	2	2350
1262	3	2383
1137	4	2353
62	3	2531
617	0	3243
633	1	2381
1341	1	2348
1115	1	2558
912	6	3244
2080	6	2506
1924	0	3245
902	1	2348
1249	0	3246
428	0	3247
714	2	2398
714	3	2458
2071	1	2348
1289	4	2353
305	0	3248
1705	0	3249
981	2	2350
987	0	3250
830	2	2367
1732	6	3251
858	4	2353
320	2	2361
341	4	3044
1027	2	2362
417	0	3252
1366	2	2465
173	2	2361
1029	6	2498
1029	5	2358
742	3	2723
640	2	2398
40	5	2373
1288	0	3248
328	6	3253
922	2	2361
11	1	2348
1035	5	2373
1463	1	2348
480	6	3255
2148	6	3256
410	2	2350
1091	0	3257
1620	4	2477
1634	4	2413
792	6	2666
1160	2	2378
999	2	2361
1042	0	3258
1558	4	2353
877	2	2361
591	1	2463
59	0	3259
829	3	3260
1734	5	2358
472	0	3261
2084	3	3262
637	1	2348
1539	6	3263
1795	1	2348
743	6	3264
542	4	2353
2141	0	3265
2027	6	3251
1316	2	2378
906	2	2398
857	4	2353
908	4	2353
223	4	2353
1113	2	2350
79	4	2353
885	0	3266
1225	2	2460
697	3	3267
1032	0	3268
1580	2	2362
57	5	2358
132	6	3269
663	2	2361
1514	2	2386
461	1	2348
585	6	3270
1119	0	3271
817	1	2348
439	1	2348
1043	5	2373
126	1	2348
1389	6	3272
287	2	2350
1498	3	3273
1855	0	3274
812	2	2465
808	6	3275
1117	2	2361
1479	4	2518
1942	3	3276
727	0	3277
824	3	3278
209	2	2404
125	1	2348
2059	1	2348
78	5	2358
1916	2	2404
704	1	2348
1136	2	2468
383	1	2841
445	0	3280
1585	0	3281
806	2	2404
1360	1	2825
788	3	3282
1293	6	3283
1779	2	2378
123	3	3284
2060	6	3285
1024	2	2465
1424	5	2358
918	3	2399
1525	3	2980
1622	2	2361
2000	6	3286
1356	2	2361
1683	3	2846
1486	3	3287
542	2	2404
872	3	3289
241	5	2358
1298	0	3290
1132	0	3291
1635	6	2857
669	0	3292
381	5	2373
1808	2	2378
371	0	2994
1459	0	3293
560	1	2348
2018	1	2654
290	2	2404
1992	6	3294
1339	6	2552
1319	3	3295
1437	2	2367
1609	0	3296
88	5	2417
124	5	2373
702	3	3297
1930	4	2353
1930	5	2623
155	0	3135
212	2	2386
1059	2	2361
57	6	2575
334	2	2465
1824	6	2976
1326	3	3059
128	4	2353
2125	0	3298
305	0	3299
42	5	2358
1050	0	2978
240	4	2353
803	2	2361
327	1	2348
1426	5	2358
1252	3	3300
941	5	2358
2085	3	3301
879	0	3211
420	0	3073
1021	0	3195
2096	0	3302
825	1	2348
1993	2	2350
351	6	3303
1169	2	2404
1440	3	3304
2011	1	2484
333	1	2348
1413	6	2873
1670	0	3100
848	4	2353
848	3	3305
1363	1	2463
545	6	2422
1770	2	2371
670	1	3307
1418	2	2350
1083	1	2348
1129	6	3308
1674	3	3309
340	5	2358
2083	5	2358
528	2	2460
335	3	3311
475	3	3312
506	2	2361
116	2	2390
282	2	2350
374	0	3313
220	0	3168
176	1	2463
1660	0	3314
792	4	2376
1443	0	3315
999	3	3316
1156	0	3317
851	1	2348
2113	6	3318
1318	0	2377
1279	4	2353
1976	0	3319
919	6	3218
1359	1	2348
1301	2	2386
1451	0	3320
1114	0	3321
1734	4	2353
76	1	2348
911	2	2403
190	1	2654
1085	2	2390
1704	0	3322
454	6	3323
904	5	2358
1668	6	3324
2021	1	2348
917	2	2361
296	6	3325
1796	1	2348
1537	1	2463
1888	6	2554
1804	5	2373
1374	5	2358
1247	6	3184
624	1	2484
630	0	2690
1437	2	2361
26	6	3326
2034	1	2348
1041	2	2378
973	3	3327
1439	2	2404
1824	5	2358
1970	0	3221
730	5	2373
1311	0	3329
2129	2	2465
1003	6	3330
962	0	3331
909	1	2348
1138	6	3332
2052	1	2348
1922	2	2350
136	0	3333
373	3	3334
719	6	3335
1103	0	3299
205	2	2361
1649	4	2353
2007	5	2358
1881	2	2710
2008	2	2350
1692	0	3336
457	0	3337
1484	4	2353
276	1	2348
824	5	2417
1189	4	2353
1541	3	3338
1541	0	3339
1468	2	2362
1477	2	2350
802	4	2353
399	0	3340
1921	1	2348
1774	0	2443
8	0	3292
410	0	3341
965	0	3342
2081	5	2358
699	3	3343
1985	3	3344
761	0	3345
1938	2	2361
1496	2	2350
1237	1	2348
1976	4	2353
1837	5	2417
643	3	2553
604	6	3347
288	5	2417
498	0	3348
476	3	3349
1787	5	2417
634	0	3350
1144	3	3351
1734	2	2350
440	6	3352
29	2	2361
593	3	3353
2028	4	2353
1795	6	3354
1689	4	2353
904	4	3355
576	3	3356
1668	0	3357
1061	2	2386
917	1	2348
1879	3	2531
513	4	2353
796	6	3358
2049	2	2361
260	3	3086
2123	0	3359
79	0	3360
1871	6	3361
1838	2	2371
1838	0	3362
1073	2	2403
227	4	2353
217	2	2361
1347	4	2413
1271	6	3330
1271	5	2373
1464	5	2358
90	2	2361
924	1	2348
1003	0	2635
1260	0	2383
1400	4	2353
2101	0	3363
659	3	2706
363	1	2348
664	4	2353
1736	0	3364
142	1	2348
320	1	2348
1366	4	2477
94	1	2348
286	6	3365
386	5	2417
1559	2	2361
2022	4	2477
51	4	2413
976	0	3366
2149	0	3367
11	2	2367
474	1	2348
1662	1	2348
1533	1	2348
1957	2	2404
1680	5	2358
1654	0	3368
898	6	3330
1120	2	2460
38	2	2350
2081	1	2348
1826	5	2358
374	2	2350
1198	4	2353
1106	2	2398
1716	0	3370
206	3	3156
598	2	2354
1938	0	3371
855	5	2358
1721	0	3372
1818	1	2348
1204	2	2386
1828	0	2976
1184	1	2463
103	3	3374
1769	0	3375
1291	6	3376
1291	3	3377
1935	2	2404
523	1	2348
224	1	2558
1348	5	2417
289	5	2373
235	6	3379
143	1	2348
526	0	3380
649	2	2371
491	1	3223
1561	4	2353
1635	3	3381
931	2	2710
1796	3	3382
303	4	2376
906	2	2367
906	0	3383
688	4	2376
381	4	2353
228	2	2404
371	1	2348
1090	2	2350
1487	1	2348
79	3	3386
1115	3	3387
1172	4	2353
2024	4	2413
54	6	3388
1292	2	2371
1292	1	2348
676	6	2944
64	2	2367
1079	2	2361
1082	3	3389
1211	0	3390
1098	5	2373
1054	2	2378
1054	1	2348
1249	3	3311
1903	4	2353
1462	0	3391
376	0	3392
1186	4	2413
1134	0	3393
1192	2	2350
680	4	2353
1895	4	2353
1910	1	2348
1116	3	3394
1621	1	2348
1455	0	3054
1922	1	2348
1255	6	3395
1372	2	2398
231	0	3396
1026	2	2468
1945	0	3398
1823	2	2350
1019	3	3399
1153	4	2353
1788	4	2353
318	3	3400
419	3	3401
595	2	2460
100	1	2469
457	3	3402
1065	3	3403
727	0	2931
625	5	2358
1371	4	2353
110	5	2358
2131	6	3404
1052	2	2350
775	5	2358
262	5	2358
2023	2	2361
2035	2	2361
948	6	3405
480	3	3406
1814	5	2417
2014	1	2348
1654	2	2460
1798	4	2353
497	2	2350
1502	2	2361
264	2	2361
711	4	2353
374	1	2348
1750	3	3407
2025	1	2348
536	2	2398
790	3	3408
849	3	3409
1757	1	2348
1237	2	2350
1362	4	2353
1699	2	2390
1342	0	3072
2108	2	2361
992	2	2361
498	4	2353
498	1	2348
1628	5	2417
151	2	2386
2075	0	3410
1144	4	2353
1204	1	2348
1980	6	2925
86	5	2358
1474	0	3411
870	5	2373
1688	5	2417
526	6	3412
279	5	2373
1235	6	3413
1235	2	2350
1262	0	3081
823	1	2348
857	2	2378
265	3	3414
2013	1	2348
617	2	2404
1285	3	3415
2017	5	2358
2047	2	2361
192	3	3416
1118	2	2398
1139	3	3401
1333	6	3417
1225	0	3418
355	6	2824
1084	6	3419
7	1	2348
1087	3	3420
1087	0	3421
212	2	2378
1824	2	2350
1060	5	2417
1438	3	3422
1762	2	2371
1119	4	2353
1589	6	3423
1352	1	2348
2070	2	2361
1975	6	3424
1036	4	2353
1705	2	2350
1143	0	3425
2038	1	2348
1554	3	3426
205	2	2565
405	2	2390
1397	4	2353
398	6	3427
364	1	2348
1482	2	2350
848	6	3429
621	1	2348
511	1	2348
1484	1	2348
500	2	2404
1541	2	2386
1499	2	2362
1434	1	2348
1259	3	2531
263	2	2710
1735	5	2373
202	6	3078
1913	1	2348
1469	0	3431
1453	2	2350
220	1	2348
806	0	3433
867	2	2371
689	6	3434
1548	5	2358
1548	3	3435
1973	0	2538
248	0	3436
1694	3	3437
336	2	2403
992	2	2404
177	1	2654
1297	3	3438
1815	2	2367
1622	1	2828
1967	5	2358
947	2	2371
1517	4	2353
2039	2	2390
720	1	2348
1071	1	2348
921	6	3360
596	3	3440
636	6	3258
1577	2	2371
1708	2	2361
758	0	3039
823	5	2358
2055	3	3441
1954	2	2371
673	5	2358
1877	2	2350
1404	0	3442
1063	0	3443
2004	4	2353
1388	6	3444
697	6	3445
57	2	2350
1636	1	2348
1812	3	3446
1394	6	3447
936	0	3448
1506	5	2417
924	3	3449
1853	0	3451
427	0	2823
1067	1	2348
1050	0	3452
240	5	2358
935	5	2358
406	5	2373
309	5	2358
987	3	3453
1736	1	2463
1784	3	2593
1367	1	2348
713	1	2348
608	5	2358
1737	4	2353
956	1	2348
1587	1	2463
822	0	3455
988	6	3456
1314	6	3457
700	6	3458
30	5	2358
1479	4	2413
149	5	2358
670	2	2350
2072	4	2353
1590	1	2348
775	1	2348
187	6	3459
1121	6	3460
2005	2	2361
399	5	2373
1240	0	2793
2086	6	2636
1453	4	2353
699	1	2348
2103	4	2413
468	2	2361
2146	2	2378
800	6	3461
1024	0	3462
101	2	2371
484	6	3464
275	5	2358
1822	2	2361
1532	4	2353
947	2	2350
1475	4	2353
326	3	3123
996	0	3465
25	5	2373
921	2	2361
857	6	3467
571	6	3468
617	2	2361
1877	3	3469
633	4	2376
437	0	3470
957	2	2386
741	0	2717
1844	2	2404
88	6	2637
1944	1	2348
1483	3	3472
1483	0	3473
357	2	2350
1098	2	2361
774	0	2782
1630	4	2413
978	1	2825
1682	1	2469
108	2	2465
1214	4	2353
42	4	2353
935	1	2348
1455	1	2348
899	6	3388
1480	0	2513
1771	6	3388
1737	2	2371
1803	2	2367
496	2	2350
1933	2	2378
822	1	2348
799	6	2714
2016	2	2350
2016	5	2417
408	1	2463
1014	3	3475
1197	2	2350
968	4	2376
2068	4	2353
1503	2	2404
1384	0	3476
1799	0	3080
983	2	2361
425	4	2477
140	4	2353
708	2	2362
506	0	3477
1330	4	2353
1693	3	3305
559	1	2348
1599	1	2348
1048	3	3020
1973	1	3478
105	4	2353
1318	4	2353
1024	0	2475
701	6	2402
1695	6	3479
1486	2	2460
685	3	2495
1254	2	2378
1532	0	2901
996	3	3480
1556	4	2353
371	6	3481
1717	3	3482
1888	3	3483
1374	4	2477
912	2	2362
675	2	2350
942	6	3485
1876	1	2348
907	5	2358
254	3	3486
2034	0	3487
973	4	2353
1883	1	2743
1162	1	2348
631	2	2410
1439	1	2381
74	2	2404
451	2	2350
451	3	3488
2098	2	2367
2120	1	2348
861	1	2654
1658	6	3489
1504	4	2353
1067	2	2398
1997	5	2358
1261	1	2348
679	6	3490
880	0	3491
546	2	2367
244	6	3492
1209	4	2413
1029	2	2371
726	5	2358
251	5	2358
644	1	2348
1150	0	2766
626	0	3493
2091	0	3494
1966	1	2348
213	2	2361
1152	1	2348
1625	2	2371
2074	1	2348
1923	3	3495
8	2	2350
2050	6	3496
1443	6	3497
999	2	2710
1973	4	2353
1419	0	3498
2078	6	3499
1305	3	2979
1639	6	2627
1474	2	2386
346	3	3501
1931	0	3502
2020	2	2386
1905	6	3503
641	1	2828
1874	0	3504
493	3	3505
385	2	2465
1808	0	3506
1012	4	2353
617	5	2417
1459	2	2354
1285	1	2348
957	4	2353
1441	6	3507
573	4	2353
1222	2	2350
411	2	2350
1833	4	2353
1505	2	2367
1163	4	2353
1249	1	2348
158	2	2404
1506	2	2362
1895	2	2404
1853	5	2373
1571	4	2353
1066	4	2353
269	2	2350
987	0	3510
1074	6	2637
1148	1	2348
1256	0	3511
242	2	2386
664	0	3512
22	0	3514
690	2	2361
284	1	2348
1108	5	2358
888	3	3515
1918	3	3516
613	6	3518
1994	4	2353
1530	2	2468
2097	1	2348
1834	4	2353
216	5	2358
1799	1	2348
27	5	2373
762	0	3519
1092	3	2388
529	3	3520
516	2	2354
747	6	3521
1448	2	2350
1585	2	2350
188	2	2361
1010	0	3522
239	3	3523
484	5	2623
961	3	3524
1818	3	2980
255	0	3525
1967	4	2353
1695	0	3479
377	4	2413
1653	5	2358
1704	1	2348
757	5	2358
1475	1	2348
1447	4	2353
2028	0	3526
2020	5	2373
946	5	2417
748	5	2417
1061	1	2348
1989	4	2353
1992	2	2398
831	0	3528
1191	4	2353
1304	1	2348
227	0	3529
7	2	2361
648	2	2350
815	2	2367
1030	3	3531
1816	2	2565
1887	0	3434
1223	6	2810
1490	3	3532
2061	2	2375
1736	2	2350
2067	1	2348
1133	3	3533
142	3	3534
1338	3	3535
1581	0	3032
816	5	2417
1943	2	2361
1322	4	2353
351	1	2348
365	4	2397
503	2	2350
1286	2	2404
700	4	2353
742	6	3536
980	3	3537
109	3	3156
625	1	2558
1950	1	2381
626	2	2367
1463	1	2381
1965	3	3538
1528	6	2774
425	4	2353
46	0	3539
33	6	3058
1730	4	2353
529	1	2654
1774	6	2443
1267	2	2710
1847	1	2348
1166	2	2350
1990	2	2404
202	2	2361
1826	3	3541
1233	6	2836
851	4	2413
1419	6	3542
1229	2	2350
1039	2	2350
1307	2	2375
1037	2	2398
814	4	2353
275	0	2625
1940	2	2367
1365	2	2350
1971	4	2353
1353	1	2348
2039	2	2378
1905	0	3503
1346	2	2468
724	1	2348
1561	6	3241
415	6	3543
68	4	2413
576	0	3544
1569	3	3545
1235	2	2362
1808	2	2367
1097	5	2417
959	2	2367
330	1	2348
183	1	2348
192	1	2348
668	4	2353
2144	6	3546
2144	2	2465
1928	0	3547
1339	2	2354
1790	0	3248
843	5	2358
843	3	3548
98	1	3549
180	2	2404
463	2	2350
783	2	2574
1824	4	2353
1394	0	2962
1766	0	3550
145	0	3392
837	1	2348
886	6	2547
356	6	3552
2106	6	3553
280	6	2999
1480	1	2348
1784	4	2353
169	0	3554
739	6	3555
1996	5	2358
725	0	2415
889	2	2361
608	2	2368
1274	2	2361
496	0	3556
1456	1	2348
379	3	3557
738	2	2361
2002	4	2353
283	2	2350
647	3	2799
1616	6	3558
494	1	2348
888	1	2381
450	3	3559
1164	6	2708
1821	2	2350
568	4	2353
1611	4	2353
1957	0	2837
2072	4	2773
262	6	2516
1709	3	3560
1125	2	2367
1778	3	3561
666	0	2690
841	1	2348
1923	2	2367
316	1	2463
2086	1	2348
1991	6	3562
1991	0	3563
615	6	3564
1608	0	3565
1938	5	2417
1419	3	3566
735	2	2404
2019	6	2714
992	1	2348
1775	6	3567
590	0	3568
1359	2	2350
580	5	2358
1564	5	2417
890	2	2404
1265	2	2398
1475	3	3086
1354	0	3569
501	4	2353
1529	2	2468
724	4	2353
1584	5	2358
1109	6	3570
866	2	2350
617	1	2348
270	2	2378
270	3	3278
2122	5	2358
120	4	2353
54	2	2361
26	2	2371
254	2	2367
771	0	3571
1264	5	2417
1076	0	3572
1025	2	2468
1025	1	2743
2098	0	3573
382	0	3574
774	0	3575
1284	2	2361
428	2	2361
164	6	2783
1589	1	3576
439	5	2417
1050	3	3577
695	3	3578
899	5	2358
1676	6	3579
1676	0	3580
417	6	3581
130	0	3582
1466	6	3583
1108	3	3584
605	5	2358
3	2	2404
2137	2	2398
1773	1	2348
1773	5	2358
1488	5	2417
251	6	2734
1421	1	2463
1633	2	2386
213	1	2348
943	0	3585
1719	6	3586
1125	4	2353
1129	0	3455
477	1	2348
70	2	2361
1617	5	2358
1617	3	3295
2050	1	2348
433	5	2373
311	2	2390
1403	4	2773
1750	4	2413
115	6	3588
89	4	2353
1123	2	2404
2113	3	3589
1764	2	2361
166	1	3590
1961	2	2465
1884	6	3591
1980	0	2925
588	4	2376
1040	2	2378
2054	6	3592
1445	3	3593
1644	6	3532
2092	2	2350
1529	2	2362
96	6	3594
863	3	3595
1385	1	2654
1679	6	3596
906	6	3383
925	5	2373
534	2	2378
1062	4	2353
809	1	2348
437	4	2353
1296	1	2348
957	5	2623
1139	2	2350
1239	1	2348
1790	0	3597
353	1	2654
1087	4	2353
1718	4	2353
1712	6	3598
179	1	2463
1428	2	2350
1903	1	2348
1682	1	2586
1194	5	2373
1702	6	3599
164	5	2358
1192	3	2431
1066	2	2398
1050	0	3602
646	2	2361
1887	6	3434
507	2	2404
1148	0	3279
1057	0	3603
72	5	2623
169	1	2348
825	3	3604
1698	0	3605
932	1	2348
808	2	2350
645	1	2348
1299	3	3426
1843	2	2350
1371	2	2468
1031	0	3579
599	0	3606
708	0	3607
1129	4	2477
1058	0	3608
1674	2	2371
375	0	3449
818	2	2350
1756	3	3017
433	2	2404
99	6	3609
444	4	2353
61	0	3610
2060	2	2371
2088	0	3611
579	4	2376
1301	1	2348
1010	0	3612
1390	4	2353
614	2	2565
1714	2	2361
1714	5	2373
292	0	2431
1170	1	2348
329	2	2378
724	5	2373
330	6	3613
1789	6	3614
1137	2	2371
1137	1	2348
31	2	2386
314	2	2710
1446	0	3615
1623	4	2353
1949	4	2353
630	1	2348
10	0	2625
271	6	3616
638	2	2361
267	4	2353
924	5	2358
348	6	3536
1657	2	2367
693	3	3617
667	4	2353
231	2	2361
2038	0	2772
72	3	3278
1217	1	2348
825	5	2358
1019	5	2358
405	0	3618
808	1	2348
419	1	2348
1416	1	2463
28	4	2353
325	1	2381
457	0	3402
1914	2	2350
1031	1	2654
1535	6	3619
1159	2	2375
1477	1	2348
114	1	2348
1778	0	3620
592	6	3621
1586	4	2773
263	5	2417
214	5	2358
938	2	2404
436	0	2908
473	5	2358
994	6	3622
321	2	2361
1512	5	2417
1248	1	2348
2056	3	3623
1797	3	3624
392	0	3625
1417	2	2350
764	6	3626
1880	1	2348
1354	1	2463
2039	0	3627
1801	6	3628
712	2	2367
1963	2	2371
1034	2	2404
1097	6	3629
908	0	3630
729	6	3489
2136	5	2417
1341	1	2540
885	1	2348
1324	2	2361
1441	2	2361
1277	6	2359
1277	3	3070
654	1	2469
1844	4	2353
347	0	3631
842	3	3632
428	4	2353
81	1	2348
2071	5	2373
2071	3	3633
730	3	2420
1192	0	3634
1116	4	2353
356	1	2348
1785	2	2386
958	3	3635
483	2	2465
875	1	2654
280	2	2361
1033	2	2367
1148	6	3279
679	2	2574
1480	3	3636
1642	2	2710
725	5	2358
889	0	3637
167	1	2348
405	4	2353
791	2	2404
1440	2	2350
986	4	2353
1181	3	3638
1149	4	2353
1918	2	2361
1852	3	3640
182	3	3401
482	3	3505
644	3	2431
230	5	2358
1463	3	2871
213	5	2373
1524	2	2361
1615	5	2358
704	5	2373
38	4	2353
1756	6	3641
214	1	3642
1402	2	2350
792	2	2367
1626	2	2350
1802	6	3183
735	3	3643
1976	3	3644
1755	2	2468
1269	0	2383
1578	0	3645
118	3	3646
255	1	2348
291	2	2362
1291	0	3647
1940	5	2417
235	0	3379
1714	0	3648
839	3	3649
1104	6	3650
60	0	3651
2027	1	2348
1641	6	3653
594	2	2710
1316	3	3654
1569	2	2361
570	3	3655
768	3	3656
533	1	2381
31	6	2431
290	4	2353
127	4	2353
963	6	3657
413	6	3658
1115	4	2353
1623	6	3659
1550	2	2371
83	2	2574
98	6	3660
1464	2	2404
322	3	3566
229	1	2654
229	0	2975
1054	0	3661
1310	3	3655
1845	6	3330
1845	5	2358
2052	5	2358
1208	2	2361
1887	3	3662
196	2	2468
2038	6	3663
1270	6	3641
1697	2	2361
1241	0	2727
2015	3	3664
1741	5	2358
1862	1	2348
1049	2	2404
2042	4	2353
51	3	3665
1834	6	3666
1843	4	2353
2068	1	2348
1541	6	3667
467	5	2417
422	2	2367
46	4	2353
1058	1	2348
1811	0	3668
528	6	2779
1617	6	2741
146	2	2361
1494	0	3670
1585	3	3671
1453	0	3658
206	6	3672
790	5	2417
391	1	3673
1598	5	2358
1419	2	2410
1229	0	2391
1817	6	3674
992	4	2353
591	2	2367
855	1	2348
961	2	2350
1961	4	2353
1414	4	2773
86	6	2836
637	5	2358
1644	0	3637
329	2	2398
669	3	3677
1262	1	3196
989	4	2353
533	2	2350
1001	2	2404
1410	0	3678
1185	1	2558
120	6	3592
413	2	2465
624	1	3679
1749	6	2535
1446	3	2617
654	4	2413
14	3	2401
530	2	2367
2104	0	3680
1751	3	3681
1738	2	2371
1812	2	2350
271	1	2348
20	3	3682
1955	1	3683
1762	5	2358
1119	2	2386
1067	5	2417
261	0	3684
1964	6	3685
208	0	3686
1840	0	2422
1223	2	2465
2061	2	2361
341	5	2358
1567	3	3688
546	6	3689
333	6	3690
738	6	3691
295	6	3693
2102	2	2404
613	3	3694
1065	2	2371
920	6	3695
1535	2	2350
13	6	3696
943	5	2358
1523	1	2348
708	0	3697
487	2	2361
1519	1	2348
475	2	2361
1735	2	2468
1826	0	2976
1585	1	2348
1865	0	3698
539	2	2361
1620	1	2348
2111	4	2353
865	5	2373
1140	6	3700
1317	2	2378
1046	2	2362
1792	4	2353
1694	5	2358
627	1	2469
1248	3	3701
701	2	2465
1114	1	2381
291	6	3702
1758	0	2837
814	6	3703
629	1	2348
1085	2	2361
1291	0	3704
1551	4	2353
1539	0	3705
743	3	3524
1104	2	2386
1491	3	3706
2092	4	2353
1552	2	2371
1235	4	2353
1566	3	3707
1109	2	2378
1708	3	2495
290	1	2348
1607	4	2353
1102	2	2350
624	2	2367
471	2	2361
1550	1	2463
759	3	3086
1711	2	2350
1464	6	3708
339	5	2791
707	6	3709
1903	0	2635
1394	2	2350
1206	2	2398
2118	2	2361
1986	6	2443
1386	2	2371
1165	1	2348
1315	0	2986
2061	0	2636
152	4	2413
63	2	2350
43	0	3710
1256	2	2350
679	4	2413
2001	2	2468
915	1	2348
915	5	2358
1692	0	3712
41	2	2361
738	4	2353
2109	5	2358
465	1	2348
960	3	2916
2137	2	2367
1900	0	3713
2102	3	2871
1343	1	2348
613	1	2348
448	1	2463
500	2	2350
1858	2	2371
13	0	2541
213	4	2353
991	0	3714
78	6	2771
1182	3	3715
1477	6	3716
140	6	2686
1507	1	2348
846	2	2361
1461	4	2353
1227	2	2350
8	1	2348
1991	6	3294
1820	2	2361
294	6	3718
1419	5	2373
869	1	2348
949	0	3719
1023	1	2348
2058	6	3720
2056	5	2358
517	2	2350
484	4	2353
749	2	2565
1980	4	2353
95	4	2353
629	2	2361
611	0	3721
890	0	3722
656	6	2643
86	4	2353
430	4	2397
2028	2	2350
2020	2	2350
2020	1	2348
2020	3	3402
1071	2	2362
96	4	2353
1107	5	2358
1618	1	2558
989	6	2551
1487	3	2628
1339	0	3726
69	2	2404
367	6	2857
1277	2	2350
1930	2	2350
1032	3	3727
1543	3	3728
1738	2	2350
618	4	2356
1589	3	3729
261	2	2350
1195	4	2353
1256	2	2404
566	2	2375
1398	4	2353
777	4	2353
405	0	3730
791	6	3731
2009	6	3732
1314	1	2348
1078	3	3561
1829	0	3733
1559	2	2404
621	2	2361
1363	5	2358
515	0	2941
34	6	3735
1528	2	2465
983	2	2390
425	1	2348
1890	5	2358
1309	0	3736
38	3	2977
1807	6	3737
214	2	2361
1282	5	2417
473	1	2348
900	2	2398
1608	0	3738
2139	0	3739
32	1	2586
248	4	2353
2119	0	3740
691	4	2353
2088	3	3741
604	6	3742
1307	2	2361
1578	1	2654
1407	2	2368
2075	0	3743
1564	1	2348
614	0	3744
685	5	2417
1145	6	2951
1100	0	3745
1671	6	3746
524	2	2350
1491	1	2558
1130	1	2348
1527	1	2348
1337	2	2371
493	1	2348
1708	2	2710
570	1	2348
908	6	3747
2013	5	2417
1135	2	2378
1555	0	3748
821	2	2371
1992	2	2371
885	2	2468
1861	5	2373
2026	2	2371
1324	1	2348
1838	2	2367
1550	4	2413
1347	0	3749
1748	6	3750
1271	0	3579
504	4	2353
1682	1	2463
122	5	2358
1210	0	3610
1658	1	2463
1030	5	2358
1910	4	2353
979	5	2373
396	6	2473
42	1	2348
191	4	2353
191	5	2358
717	1	2348
1642	5	2417
1103	1	2348
169	3	3043
608	6	3751
417	2	2468
880	0	3752
315	6	3753
490	1	2463
2008	3	2982
2009	1	2348
1760	6	2606
1049	0	3754
1742	6	3755
394	3	2833
1343	3	3758
2032	2	2375
1065	2	2350
645	0	3759
1069	2	2386
1535	0	3619
34	2	2386
991	6	3760
592	1	2348
666	0	3761
551	1	2348
1868	6	3762
1361	0	3764
682	1	2463
374	6	3313
1574	1	2348
1985	2	2361
1548	4	2353
1293	3	3765
1841	2	2361
1817	2	2350
1010	4	2353
1451	1	2348
1228	2	2361
95	2	2361
1254	2	2367
1521	5	2623
947	5	2358
969	0	3766
1689	0	2543
1733	2	2361
1905	4	2353
1300	4	2353
68	6	3767
296	2	2361
513	0	2724
1146	4	2353
203	0	3768
916	5	2373
1410	2	2367
404	6	3492
673	0	3769
1487	2	2371
2062	6	2431
91	4	2353
131	0	3770
1441	0	3320
937	2	2404
1870	0	3771
902	6	3772
521	4	2353
1442	2	2371
35	0	3773
1028	2	2354
505	4	2413
252	6	3774
833	0	3775
1514	2	2361
837	4	2353
122	6	3776
1004	0	3777
354	2	2367
2142	1	2348
2052	3	2703
1155	1	2348
1036	6	3778
995	0	3779
1490	0	3780
1055	2	2350
126	6	2516
1624	2	2371
2006	5	2373
1270	1	2463
830	4	2353
651	2	2361
1398	2	2468
1945	2	2371
1567	1	2654
915	2	2361
2093	5	2373
2109	2	2361
408	2	2404
1188	1	2348
626	1	2743
626	1	2450
250	1	2348
1611	2	2465
1684	2	2361
802	6	3781
607	5	2358
1494	1	3782
1982	6	3748
554	6	3783
2050	4	2353
264	2	2410
1938	2	2350
1973	2	2410
2103	2	2468
1342	6	3784
643	0	3785
1772	1	2348
166	2	2361
275	4	2376
224	0	3786
489	4	2413
1927	2	2367
542	2	2361
639	3	3561
60	1	2348
1491	6	3787
641	2	2361
1071	0	3788
1107	0	3789
748	2	2350
712	6	2458
1034	0	3155
1180	0	3791
404	4	2353
805	2	2361
1932	2	2350
1087	0	3618
463	1	2348
1025	1	2463
910	2	2404
352	5	2373
564	2	2354
1766	0	3793
1613	2	2361
1894	2	2465
305	0	3597
944	2	2468
1315	2	2404
1740	5	2791
1143	6	2951
1143	2	2465
136	6	3700
1849	0	3794
126	1	2381
679	3	3795
664	6	3512
1581	1	2463
1322	3	3796
1154	6	2951
1547	1	2381
1857	0	3798
50	6	3799
1011	3	2493
2016	2	2361
976	3	3800
1936	2	2368
182	5	2623
968	2	2361
2149	6	3367
1070	5	2623
1590	3	3801
943	2	2362
39	6	3802
1672	5	2358
78	2	2350
1806	4	2353
1176	4	2353
344	0	3803
1605	0	3804
1991	2	2398
606	6	2873
105	1	2348
1112	0	3805
2113	4	2353
1558	6	3807
895	2	2354
1179	2	2367
2000	3	3531
1454	2	2350
1454	2	2460
723	3	3640
509	6	3808
29	2	2404
1822	0	3330
1171	5	2373
103	5	2358
1431	4	2353
235	4	2413
1521	2	2367
119	5	2373
143	5	2358
715	2	2367
1968	2	2468
493	2	2390
570	2	2361
933	3	3809
878	0	2431
2024	3	3531
1380	2	2361
1575	2	2710
1073	4	2353
281	3	3656
301	1	2348
1780	1	2348
23	4	2376
2030	5	2358
1836	6	3810
212	1	2348
210	6	2976
1340	5	2358
998	0	2992
1158	3	3811
154	2	2361
81	2	2361
128	1	2348
1460	4	2353
184	4	2353
261	4	2353
1536	3	3812
508	4	2353
401	0	3813
1624	6	3814
1021	2	2465
4	0	3815
142	0	3816
610	2	2465
807	5	2373
1241	1	2348
1587	5	2358
812	1	2558
1127	0	2664
822	2	2350
1948	2	2350
700	3	3817
302	1	2348
1572	3	3818
1918	2	2404
1432	4	2353
625	0	2792
1834	2	2371
1966	6	3819
2073	0	3820
1719	3	3821
1684	6	3543
1614	3	3822
1625	3	3823
609	1	2558
1267	1	2348
997	0	3824
1605	0	3825
755	3	3826
678	1	2348
1112	3	3827
1046	3	3828
2078	2	2350
531	0	3829
447	4	2353
2000	6	3184
1818	2	2375
1695	4	2353
971	5	2358
1510	2	2368
1184	0	3830
1497	2	2404
542	2	2386
2141	2	2398
501	0	3831
921	4	2353
1561	2	2361
863	2	2361
1337	3	3159
1618	5	2358
62	0	3832
933	2	2361
1476	2	2361
1687	1	2348
681	0	3833
1553	6	2755
2010	2	2350
1118	1	2348
1442	1	2348
1193	6	3591
1505	2	2468
1059	3	3834
1685	2	2361
179	2	2404
732	6	3614
1249	4	2353
1723	2	2350
81	6	3835
1206	5	2791
1210	5	2373
1273	3	2420
452	0	3836
679	5	2417
1064	1	2654
1019	6	3839
520	0	3840
1323	1	2348
2077	2	2350
394	0	3842
2095	6	3843
876	6	3844
219	0	3039
1852	0	3846
1488	6	2665
650	1	3478
313	2	2361
492	2	2404
1825	5	2358
1709	2	2375
628	2	2398
1418	3	3847
1088	2	2378
33	5	2417
1846	0	3063
1494	0	3848
938	2	2350
1750	2	2361
1983	2	2354
256	0	3504
1548	0	2749
532	3	3849
1226	3	3850
188	5	2358
882	1	3222
1675	3	3851
643	2	2361
2058	2	2378
1056	1	2348
1478	1	2348
778	0	3852
101	0	3853
1037	4	2353
701	4	2353
1710	1	2348
752	2	2361
1171	2	2350
1390	2	2398
1474	2	2350
121	4	2353
225	3	2420
665	4	2353
1517	0	3854
1968	6	2595
1570	5	2358
809	2	2361
148	0	3855
2018	6	2748
2018	2	2361
1296	2	2350
1374	0	3856
21	2	2565
1562	1	2348
424	2	2350
675	6	2759
1871	1	2348
83	0	3567
1457	1	2348
828	6	3857
382	2	2361
2057	3	3858
504	2	2361
794	4	2376
1959	6	3859
561	2	2350
1352	3	3860
2052	4	2413
1066	3	2617
662	4	2353
835	2	2386
186	1	2966
189	1	2348
1554	2	2371
566	4	2353
1993	0	3861
1275	0	2614
1722	4	2353
315	2	2361
1258	2	2386
490	4	2353
1759	2	2361
1559	0	3863
1108	2	2465
80	3	3864
1126	6	3865
545	0	3866
798	4	2413
378	6	2976
1916	0	3868
1595	4	2353
399	2	2361
340	4	2353
1923	1	2348
1634	5	2373
99	2	2465
248	2	2350
1317	0	3871
919	4	2353
2019	2	2354
813	0	3872
1199	0	3873
517	0	3874
392	6	3875
954	3	3844
1500	0	3339
1704	2	2371
1518	0	3876
587	6	3877
1132	4	2353
2012	6	3588
1584	1	2348
917	2	2350
781	5	2358
712	4	2353
513	3	3878
558	2	2361
1185	0	3879
805	6	3598
793	3	3472
2116	5	2358
1842	6	3880
1949	2	2350
1696	0	3881
14	2	2367
1442	2	2350
1464	0	3882
1079	0	3883
1321	5	2358
74	2	2361
1425	1	2348
1284	4	2353
1970	0	2872
145	3	3884
1682	2	2390
1067	6	3885
786	3	3886
981	0	3888
133	3	2932
1849	2	2404
401	4	2413
157	6	3889
1784	4	2376
1498	4	2353
1663	1	2348
1703	5	2358
672	1	2348
469	0	3890
807	4	2353
1547	2	2404
1956	1	2348
742	1	2348
597	0	3080
1150	6	3891
1791	2	2361
492	2	2361
802	0	3781
1224	2	2350
704	6	3892
845	4	2353
2064	0	3893
300	5	2373
1453	6	3658
1743	5	2358
1393	4	2413
1985	1	2348
1496	6	3894
820	3	3895
602	1	2586
2060	2	2354
2108	3	3896
813	2	2361
930	1	3254
1508	1	2348
1961	6	3320
1961	2	2354
1510	3	3897
698	3	3192
1353	0	3900
1104	1	2348
172	1	2348
2092	1	2348
362	3	3901
1146	6	3902
866	4	2413
857	1	2348
1167	3	3159
1954	1	2586
1972	2	2375
982	2	2398
1553	1	2348
307	4	2353
912	2	2465
1749	2	2390
1277	2	2565
1786	1	2463
234	0	3903
1844	0	3510
98	1	2348
2127	4	2353
2004	2	2350
1079	1	2887
1580	2	2465
1257	2	2378
334	1	2348
1970	6	3904
455	4	2376
874	1	2348
1165	6	3552
944	1	2348
406	1	2348
550	3	3905
1255	0	3906
1195	5	2373
1201	1	2348
612	2	2404
779	4	2353
1544	2	2367
1498	1	2348
341	2	2468
600	6	3907
50	2	2361
318	2	2361
465	0	3909
1616	3	3910
1572	5	2373
760	5	2373
1065	0	3911
625	1	2348
209	4	2353
407	2	2386
1858	6	3912
1434	0	2890
1507	2	2386
1058	2	2378
453	4	2353
1227	3	3913
48	5	2358
1519	5	2373
1513	2	2350
1982	0	3914
559	2	2375
806	2	2367
1648	4	2353
536	1	2348
1393	2	2390
788	2	2350
1226	0	3915
1415	4	2353
1747	5	2623
2113	0	3916
1540	6	2823
1920	2	2367
787	0	3918
753	3	3298
1962	4	2353
509	0	3919
1145	2	2797
1497	1	2743
1931	2	2361
1354	4	2353
199	5	2417
1491	1	2348
872	5	2417
582	1	2348
207	0	3920
649	4	2353
866	0	3921
558	2	2797
1232	5	2373
1602	2	2371
1459	3	3922
675	0	3923
91	2	2371
2080	3	3924
1139	4	2773
686	3	3426
1729	0	3925
902	2	2350
1246	5	2417
1568	6	2678
1442	5	2373
10	4	2353
1032	6	3877
195	0	3926
856	5	2358
1059	2	2367
67	5	2417
1211	1	2348
229	5	2373
1412	4	2353
1420	0	2976
1673	3	3927
1686	2	2361
2118	2	2350
1534	4	2353
786	5	2358
171	6	3928
507	0	3138
653	1	2348
1043	2	2371
1217	3	3929
725	2	2350
1803	4	2353
1659	6	3691
416	0	3930
1221	4	2376
1482	1	2348
1072	4	2353
848	1	2780
2016	6	3931
726	4	2353
325	5	2358
650	1	2348
1189	6	3700
943	0	3932
39	3	3123
2031	2	2371
1806	1	2348
802	3	3933
2148	5	2358
762	5	2358
1058	3	3934
453	6	3935
1923	2	2375
1839	0	3936
1259	4	2353
2086	2	2361
12	2	2361
12	3	2489
150	2	2404
1	1	2463
294	2	2465
615	5	2358
1660	0	3239
1707	0	3937
468	1	2348
1699	4	2353
1902	4	2413
1279	1	2348
1651	2	2350
462	0	3938
393	2	2367
1010	1	2348
634	1	3196
82	2	2404
201	2	2371
752	3	3939
746	0	3940
757	3	3942
947	2	2354
430	1	2463
430	5	2358
297	2	2378
967	0	3943
1104	2	2460
1874	2	2361
1552	0	3944
96	3	3945
1968	4	2353
1099	3	2407
1401	2	2375
533	2	2390
223	2	2361
1364	2	2368
633	2	2361
2127	1	2654
1333	5	2623
19	6	3946
1883	4	2353
2104	5	2358
1439	6	3947
252	1	2348
1379	2	2361
1805	1	3948
395	2	2364
245	1	2348
835	3	3949
1922	3	3950
460	2	2350
2001	6	2961
860	4	2376
1021	3	3951
47	6	3952
320	3	3953
889	5	2417
1649	2	2375
713	0	3954
1823	5	2358
1587	0	3955
2093	6	3956
1759	4	2353
1752	4	2353
2033	6	3845
1936	0	2534
731	1	2348
1250	0	3016
1035	0	3957
1662	3	3844
789	5	2358
575	5	2373
1858	1	2348
1086	4	2477
1528	1	2348
708	1	3196
1916	5	2358
1811	2	2367
1634	0	3958
661	1	2540
89	0	3959
1042	6	3258
1000	2	2361
1802	0	3960
336	5	2417
1495	1	2463
1478	0	3579
1797	2	2404
829	5	2373
1414	1	2381
782	0	3961
481	2	2404
1445	6	3962
119	1	2348
2135	4	2353
839	5	2358
542	3	3964
1577	1	2348
669	2	2350
1888	2	2375
1476	3	3020
878	2	2350
435	5	2373
681	3	3965
2110	5	2358
630	0	3686
1437	3	3966
573	2	2378
1264	4	2353
470	1	2348
774	4	2353
1766	2	2350
837	2	2404
2071	2	2404
924	0	2494
354	1	2348
1589	2	2361
1959	3	3968
662	1	2586
1036	1	2348
191	6	3969
231	0	3970
1934	2	2403
1642	1	2348
1117	3	3972
1149	5	2417
1302	3	2920
1110	0	3973
486	5	2417
216	6	2676
626	6	3974
1052	1	2348
1856	2	2398
1929	1	2348
628	3	3975
1677	0	3054
1832	4	2353
1240	3	3976
410	0	3977
559	6	3978
1198	3	3979
1106	6	3980
1403	5	2358
1999	1	2348
1233	2	2371
345	3	3981
790	2	2371
1694	2	2565
882	3	3982
175	0	3983
1024	5	2373
2058	1	2348
1478	2	2378
1512	2	2565
323	2	2350
683	1	2966
400	3	3284
1451	5	2373
971	6	3136
1417	0	3984
1532	3	3483
853	2	2361
1998	2	2371
1952	1	2586
1100	6	3985
1940	0	3986
1671	1	2348
449	1	2463
1971	0	3988
119	1	2586
1242	1	2348
743	2	2371
542	0	3989
649	2	2398
434	4	2397
96	2	2361
1850	0	3991
0	1	2348
299	2	2350
1602	6	3258
223	6	3992
1191	1	2348
737	2	2361
910	2	2368
861	6	3993
638	6	2690
456	3	3994
1138	5	2358
1637	1	2586
1067	0	3995
646	0	3996
1652	2	2361
1142	1	2381
2061	1	2348
717	2	2404
1481	1	2348
672	2	2350
952	1	2348
284	0	3997
1011	5	2358
30	6	3496
28	0	3998
760	0	3999
1188	5	2417
578	0	4000
2149	4	2353
2107	1	2348
1878	4	2353
1468	0	4001
13	6	3099
1523	0	4002
97	2	2371
15	0	4003
1227	0	4004
776	2	2386
704	4	2353
1513	2	2404
1735	2	2386
1634	2	2367
1368	3	4005
2143	6	4006
256	4	2353
1973	0	4007
851	2	2404
177	6	2627
930	6	3492
1407	1	2348
2048	2	2361
1454	3	4008
557	2	2350
905	2	2350
1594	5	2358
190	6	4009
611	4	2413
593	1	2348
1925	0	4010
1940	2	2460
1899	5	2358
2135	1	2348
292	0	4011
1937	0	4012
655	2	2410
2039	0	4013
1556	2	2367
1905	5	2358
2141	2	2468
1518	6	4014
1874	4	2353
1337	4	2353
2021	0	3060
293	1	2348
1808	1	2348
265	2	2361
265	0	4015
31	2	2404
957	2	2378
1294	3	3463
2080	2	2468
1437	1	2463
1473	5	2417
697	1	2348
530	1	2348
1974	2	2378
195	2	2371
856	1	3222
828	0	3716
828	0	4016
1163	3	4017
1425	0	4019
861	2	2465
780	6	4020
269	2	2362
1026	1	2463
1645	2	2465
2085	2	2468
126	2	2361
1697	2	2350
745	5	2373
1169	5	2358
284	5	2358
286	1	2463
49	2	2361
364	2	2404
386	2	2390
283	6	3330
450	6	4021
760	6	3985
565	2	2361
17	3	3002
1484	2	2398
216	2	2350
1761	1	2348
964	5	2373
1625	1	2348
1308	4	2353
1295	1	2348
1430	6	3731
806	5	2373
1360	0	4022
699	4	2353
1938	4	2353
123	0	4023
1002	0	3830
970	0	4024
1772	5	2358
2145	6	2976
384	2	2386
498	6	4025
951	6	4026
1269	2	2361
579	0	3784
1411	6	4027
1656	6	4028
76	2	2350
782	1	2348
1710	4	2353
29	1	2348
746	1	2348
1500	1	4029
481	4	2353
2069	3	4030
2020	6	3337
1556	1	2348
1170	6	4031
162	6	4032
884	4	2353
361	0	4034
0	4	2353
1001	1	4035
1476	2	2378
1972	3	4037
821	1	2348
2128	4	2353
630	1	2463
907	2	2371
488	4	2353
902	4	2413
137	3	4039
1388	2	2398
530	2	2390
19	3	4040
64	0	3698
1420	3	4041
638	4	2353
1986	5	2358
680	0	2464
245	2	2350
1157	1	2348
1066	2	2367
659	5	2358
85	6	3256
2089	0	4042
1705	2	2361
1984	2	2465
1481	0	3052
2065	3	4043
1736	6	4044
1763	4	2353
169	2	2361
205	4	2413
1945	2	2367
713	2	2367
2007	1	2348
1881	1	2348
365	2	2350
1336	5	2623
2093	4	2353
2093	2	2403
854	5	2358
1670	2	2361
1288	4	2353
1582	1	2348
100	2	2371
1827	6	2976
1150	2	2354
1150	1	2348
1371	0	2738
1966	4	2353
1719	1	2654
898	4	2353
2040	6	4045
1405	4	2413
1983	1	2348
1660	5	2358
1233	2	2367
999	1	2463
1123	0	2347
1317	2	2565
1317	1	2348
1779	6	4046
175	5	2373
1023	5	2373
370	2	2404
614	5	2358
1184	4	2397
1406	2	2350
523	2	2378
1013	0	4047
649	1	2654
1401	1	2348
2045	0	4048
796	2	2361
1897	2	2361
71	1	4049
437	2	2361
1777	1	2348
1271	1	2348
355	3	4050
1041	6	4051
1128	1	2348
1054	2	2350
1420	5	2358
1955	0	3032
267	0	4052
1289	2	2468
2129	1	2348
1959	0	4053
44	0	4054
2070	0	4055
1904	4	2353
309	2	2465
1652	5	2417
875	2	2361
1732	3	3192
1869	4	2353
1993	4	2353
608	1	3222
1153	2	2465
284	4	2353
2037	1	2348
799	2	2398
1149	6	4057
1753	2	2361
1782	5	2373
494	3	4058
482	2	2390
645	4	2353
110	6	4059
492	3	2658
238	2	2403
2031	0	4060
480	4	2353
1814	3	2943
56	0	2653
1519	0	4061
1502	5	2623
755	5	2417
1579	2	2371
1248	2	2361
930	2	2361
1603	5	2373
1656	0	4063
696	1	2348
156	3	4064
2126	1	2348
289	6	3427
1671	5	2373
489	1	2348
430	3	2833
572	4	2353
572	1	2381
1518	3	4066
1212	2	2468
1968	3	4067
2045	0	4068
303	4	2518
2049	4	2353
795	6	4069
1247	2	2367
668	0	4070
1294	0	4071
1347	2	2362
1748	1	2348
10	3	3192
2066	6	4074
693	2	2354
1975	0	3424
2006	0	3130
1017	2	2362
351	0	3303
1892	0	4075
1336	2	2398
864	0	4076
1752	6	4038
1501	2	2361
1942	0	2809
438	3	4077
457	4	2353
2147	3	4078
1503	1	2654
744	4	2413
1542	1	2586
2148	3	4080
1814	2	2367
529	6	4081
666	1	2348
1295	5	2358
1267	3	2383
1519	0	4083
1605	2	2350
1433	2	2404
264	6	3528
1469	0	4084
1716	4	2353
1196	0	3292
766	2	2350
761	0	2479
89	6	4085
1156	2	2361
468	6	4086
1675	2	2465
1612	2	2350
1023	6	4087
769	1	4088
472	5	2417
971	2	2350
232	6	4089
1809	2	2367
1265	3	4090
642	0	3748
1539	2	2371
1927	0	4091
698	2	2361
1104	3	4092
1212	0	4093
329	2	2350
720	4	2353
594	1	2348
715	2	2371
1912	4	2353
1960	6	4094
558	0	4095
533	5	2623
1744	6	4096
1915	2	2404
1928	2	2350
471	2	2465
836	4	2353
252	0	4097
369	6	2609
369	1	2463
1682	2	2361
245	3	2372
1588	2	2362
2082	0	4098
1066	5	2417
249	5	2358
1554	2	2367
1055	0	4099
1784	0	2470
566	1	2540
745	2	2465
844	3	4100
847	3	2372
1596	5	2358
1737	1	2654
173	6	2507
932	0	4101
1627	1	2348
2093	3	4102
1692	2	2361
1862	6	4103
1482	2	2354
302	2	2361
1900	2	2350
109	2	2350
1914	4	2353
1834	5	2358
1069	2	2378
474	1	2381
467	6	2704
789	6	4105
1251	0	2763
97	1	2348
1507	0	4106
1625	1	2469
1846	2	2404
1941	5	2417
1433	2	2350
2050	5	2373
1826	1	2348
539	6	4107
689	2	2398
1664	4	2353
1293	4	2353
1226	6	4108
1161	2	2350
1161	2	2361
312	5	2358
769	2	2361
1144	2	2350
289	4	2353
1795	2	2410
1170	0	4109
1668	1	2348
1401	6	2688
1285	4	2413
616	4	2353
681	5	2417
168	5	2358
1239	4	2413
217	0	3830
934	4	2356
212	0	4111
1059	2	2378
833	5	2358
936	6	3448
1723	0	4112
632	4	2353
632	3	2370
638	5	2358
354	3	2495
1958	2	2375
1958	0	2768
646	2	2350
1315	5	2373
208	6	3599
1840	2	2361
249	4	2353
460	2	2361
1074	5	2358
133	6	2507
1033	0	3579
860	4	2413
157	4	2413
914	2	2350
1169	0	4113
284	0	3871
1078	5	2373
394	4	2376
852	6	4114
1479	6	4116
211	5	2358
17	4	2353
731	5	2373
1344	1	2348
1856	1	2348
2059	3	3289
991	1	2348
1093	4	2353
1405	2	2361
763	2	2361
1620	0	4117
699	5	2373
1608	3	3289
1999	3	3531
256	5	2373
1976	2	2404
384	4	2353
716	2	2371
1263	2	2367
181	2	2361
275	6	2625
588	6	3161
1952	3	2433
1497	6	4119
1690	4	2353
449	2	2404
940	1	2348
1521	0	4120
1517	3	2993
773	3	4121
887	3	4122
946	1	2348
1700	2	2350
1300	3	2982
415	2	2350
1137	0	4123
2123	2	2350
148	5	2358
668	0	2950
1380	2	2362
1546	1	2654
254	2	2350
1780	2	2367
521	0	4124
2140	2	2468
1264	2	2404
23	1	2348
530	2	2386
1128	5	2417
1751	2	2361
1082	2	2350
1882	0	4125
780	2	2465
1723	6	3233
154	0	2806
108	2	2468
1509	4	2353
811	1	2348
803	6	4126
527	2	2378
1866	0	4127
1253	2	2371
1869	1	2348
725	1	2348
1587	4	2376
812	4	2353
1276	5	2358
1760	4	2353
1117	2	2367
2033	4	2353
1852	6	3255
1647	2	2404
259	1	2348
1726	5	2373
1914	0	4129
1069	2	2367
1528	5	2358
27	2	2367
1120	4	2353
1096	4	2353
1846	3	3640
1075	6	2431
1075	2	2386
1832	5	2358
709	5	2358
38	1	2348
938	4	2353
845	1	2348
104	2	2362
473	3	3399
1368	2	2361
176	4	2397
792	0	2666
562	6	3255
536	2	2468
99	3	4130
849	4	2353
105	0	2741
1747	2	2362
2078	4	2353
2078	1	2381
1792	2	2410
735	6	3836
926	2	2465
1269	6	4131
1037	2	2362
984	0	4132
1268	1	3196
1953	4	2376
118	0	4107
181	5	2358
1828	6	2976
1592	0	4133
346	2	2350
1819	2	2350
1880	3	2913
887	5	2358
501	2	2361
582	2	2350
1874	2	2350
434	4	2376
415	2	2404
1219	1	2348
303	2	2361
570	2	2404
1597	2	2468
1357	0	4134
1167	1	2348
544	3	4135
729	3	2842
1872	6	2961
795	0	4136
741	5	2373
1324	4	2353
2112	6	4137
1239	6	4138
1924	0	4139
227	2	2371
1844	0	4140
2030	0	4141
1751	6	2678
856	0	3565
1076	2	2361
210	0	4142
1636	0	4143
1340	1	2348
257	2	2367
1630	2	2361
271	2	2410
663	2	2350
1194	2	2350
1460	5	2373
1207	6	2442
261	5	2373
958	2	2361
196	6	4144
186	5	2373
1355	4	2376
193	0	4145
1465	4	2477
47	3	4146
690	0	2614
272	2	2350
1153	0	4147
1440	4	2353
372	6	4148
1857	3	4149
960	6	4150
726	6	3249
17	1	2348
486	4	2353
1188	1	2463
2068	5	2373
1371	3	4151
110	4	2353
250	0	4152
467	1	2348
1086	4	2353
1806	2	2350
772	2	2361
535	6	3787
2041	2	2398
592	2	2361
1754	2	2361
316	6	2891
965	3	3548
1198	2	2368
1743	4	2353
1282	2	2375
1350	4	2353
851	4	2353
1632	1	3478
627	2	2398
87	5	2358
393	2	2386
239	6	3894
349	3	4155
1603	2	2350
1961	0	3320
814	1	2654
1254	1	2348
1068	4	2353
1068	5	2623
1671	2	2404
524	6	4156
1475	2	2350
1435	6	2380
1912	2	2361
361	1	2348
1219	6	2800
688	5	2358
1236	1	2348
1236	3	2446
270	5	2417
314	1	2348
1842	0	4158
1304	3	4159
1324	2	2465
1073	5	2358
1790	1	2348
702	2	2350
1333	1	2348
1008	2	2468
1041	2	2410
1882	0	4160
352	3	2683
564	1	2348
1903	2	2361
1420	2	2354
461	0	4161
1549	2	2361
1534	3	4162
662	0	3396
249	3	2653
540	2	2361
1481	2	2378
242	1	2348
1784	1	2348
1663	2	2565
341	0	4163
1993	2	2371
1366	5	2358
1325	5	2358
658	5	2358
298	5	2417
1862	2	2350
1942	5	2358
1035	1	2348
1541	0	3667
1533	5	2358
1224	4	2353
772	6	4165
2014	2	2361
33	3	2723
535	0	2803
56	2	2350
897	1	2348
506	6	3477
1978	6	4166
1469	0	2716
1395	6	4167
562	0	3255
345	1	2966
1393	3	4168
790	4	2353
1156	2	2354
1583	6	4169
1342	2	2404
1056	1	4170
166	0	4171
905	1	2348
1375	3	4172
614	2	2361
247	3	4173
853	1	2348
103	0	4174
1935	1	2348
1556	3	4175
162	4	2353
1077	3	3844
1529	3	2604
233	6	4176
1597	2	2398
1600	3	4177
223	1	2348
2136	2	2367
1526	3	4178
703	1	2348
569	2	2368
2134	1	2348
654	2	2375
505	1	2348
1257	6	4179
1059	5	2417
141	5	2358
707	0	4180
1824	2	2404
1186	1	2348
246	1	2348
953	5	2373
552	0	4181
1195	3	3070
231	5	2358
879	5	2417
1213	6	4182
1335	3	4183
725	2	2361
672	2	2375
825	0	4184
272	0	3786
1698	6	2439
952	2	2350
952	3	4185
2008	2	2361
1759	0	3552
1862	0	4186
922	2	2350
325	3	3483
500	6	4025
1312	2	2350
1678	3	3682
1761	6	4187
1667	0	4188
9	5	2623
964	6	3731
46	1	2348
1654	2	2350
1654	2	2378
1890	0	4189
898	0	4190
1768	6	3543
1768	0	4191
2051	5	2358
1750	4	2376
806	2	2371
1360	6	4192
994	4	2353
598	6	2606
1048	4	2353
1000	0	4193
1415	5	2417
105	6	2741
1747	2	2350
1179	2	2465
723	2	2350
144	2	2350
431	5	2358
1085	0	4194
1431	1	2412
720	0	2416
863	6	3614
2013	3	4196
65	0	4197
424	2	2361
934	1	2586
137	4	2353
98	5	2417
1442	6	3413
505	0	4198
1903	2	2404
1266	4	2353
1886	0	4199
2142	2	2468
2066	3	4200
944	3	4201
1278	2	2350
1975	2	2378
981	0	4202
1849	6	4203
4	3	2407
1057	3	4204
1869	6	4205
600	3	4206
1538	5	2358
520	4	2353
1722	2	2378
1956	4	2413
1627	0	3261
1363	1	2743
331	4	2353
640	4	2413
545	2	2371
1014	5	2358
1470	4	2353
482	1	2348
313	6	4207
1950	0	3032
1371	2	2350
216	3	4208
1528	2	2468
628	4	2413
964	1	2381
1058	2	2350
2099	6	2976
2099	5	2358
1176	5	2358
516	0	4210
1091	6	4211
433	2	2350
436	2	2465
711	0	3139
1	2	2378
1716	6	2680
1350	2	2460
519	0	4212
1985	0	3122
661	3	2553
1496	2	2404
1237	4	2353
1112	2	2404
153	1	2654
735	2	2361
1976	6	4213
1632	6	3330
579	3	4215
66	3	4216
580	2	2361
1454	6	4217
1254	1	2484
1776	0	4218
839	6	2507
1518	2	2468
884	2	2350
1385	4	2413
712	0	4219
296	4	2353
385	4	2376
866	2	2404
1381	6	4220
1090	6	4156
31	2	2350
560	2	2354
290	3	4221
437	5	2358
1294	2	2468
1928	3	4222
1623	1	2348
521	0	2583
1464	1	2348
258	2	2398
10	2	2574
2063	1	2348
1162	5	2358
687	1	2654
1025	6	3128
910	1	2348
1238	3	3020
564	3	3635
1186	0	4223
1131	6	4224
1177	4	2353
456	1	2348
1030	0	4225
1165	2	2350
1050	2	2378
178	6	3751
1036	2	2361
1255	3	4226
186	2	2367
1896	6	4227
483	2	2367
1645	5	2358
1043	2	2367
1398	6	4228
1567	2	2390
130	2	2404
503	6	4229
1933	2	2367
1810	5	2623
700	1	2348
1331	1	2348
457	2	2367
625	2	2350
824	2	2367
1150	4	2353
1541	1	4230
2072	2	2398
798	6	4231
78	3	3070
804	2	2371
1083	0	2981
37	1	2348
1461	2	2465
56	5	2358
1295	2	2465
841	2	2350
1020	5	2358
104	2	2465
206	2	2404
176	5	2358
733	4	2353
2025	6	4233
2139	1	2348
1237	3	3091
1626	1	2654
800	0	3461
1024	2	2468
1279	2	2361
84	4	2353
84	6	2734
384	0	2921
1303	2	2350
895	1	2654
1512	1	2348
769	0	4234
1628	1	2348
782	4	2356
814	0	3986
685	0	4235
969	3	4236
863	2	2350
2100	0	2435
1570	3	3002
1180	6	4237
303	1	2348
446	0	4238
916	0	4239
228	1	2348
1097	1	2348
1591	0	4240
1848	5	2358
1555	4	2356
633	1	2348
1341	5	2358
1777	4	2353
424	0	4242
1118	2	2361
26	1	2348
654	1	2348
254	5	2373
1883	2	2361
52	2	2367
418	3	4243
842	4	2413
978	1	2348
1134	0	2455
966	4	2413
638	1	2654
811	1	2463
1975	4	2353
309	2	2371
1223	2	2371
552	6	4026
136	2	2565
1951	0	4246
779	0	4017
1498	1	2586
1676	2	2350
1274	0	4247
1366	1	2348
1892	1	2828
822	4	2353
2011	1	2348
1857	6	3014
2077	2	2361
736	1	2348
2042	0	4249
864	1	2348
647	6	3572
1936	6	4081
613	1	4250
625	4	2413
626	1	2348
467	0	4251
943	2	2361
1251	5	2358
425	2	2367
2031	5	2358
1088	2	2367
1224	2	2378
666	3	2985
841	0	4252
709	1	2348
1941	3	2431
2081	3	4253
1	0	4254
1743	2	2371
1664	2	2574
1694	1	2348
1558	5	2358
1841	1	2348
1583	4	2353
1002	2	2565
992	3	2590
1174	4	2353
778	2	2404
1875	2	2361
1248	6	4255
1037	3	4256
243	1	2348
2075	4	2397
1006	4	2353
509	4	2353
76	4	2353
1987	0	3052
1173	1	2348
1068	2	2378
642	3	2553
1475	0	4225
1556	6	3579
1013	1	2348
1051	2	2350
233	6	4257
863	5	2358
1385	0	3476
1109	6	4258
2049	2	2410
2049	3	4259
908	0	3747
1137	5	2358
1602	1	2469
1459	0	4260
819	6	4261
1607	0	4262
1995	0	4263
281	0	4264
137	2	2378
98	0	4072
179	6	3751
774	2	2390
1723	4	2353
1886	2	2350
1589	1	2743
1444	6	2714
1444	3	2503
261	2	2410
1050	0	4265
268	6	3122
1278	0	4266
1785	1	2348
332	1	2348
126	5	2358
879	1	2348
1732	0	3771
600	1	2348
351	2	2574
950	6	4267
1741	4	2353
386	0	3421
394	0	4268
605	1	2348
1873	5	2358
827	5	2358
891	4	2413
891	3	4269
442	4	2353
1031	3	3727
1957	4	2353
1674	6	4270
477	2	2404
1524	0	4271
927	5	2373
1309	3	4272
388	1	2348
607	0	4273
1502	2	2367
1991	0	3562
1573	2	2403
1573	1	2348
32	2	2361
444	6	4275
1792	1	2348
820	6	4276
1002	1	2348
951	2	2404
859	1	2348
393	1	2348
1525	1	2348
440	2	2404
1758	2	2404
1474	2	2468
1971	2	2468
1175	1	2348
518	6	4277
904	1	2348
1051	1	2348
1679	5	2623
1034	2	2410
1915	0	4278
54	3	4279
1575	2	2403
466	5	2358
569	0	2625
573	0	2588
1681	6	2488
389	3	4280
697	4	2477
706	6	4281
180	5	2358
236	2	2371
229	4	2353
141	3	4282
774	2	2350
1158	0	2721
1514	5	2417
348	1	2348
1352	4	2353
693	4	2353
659	1	2348
479	4	2353
537	4	2353
196	3	4283
1143	2	2404
1840	4	2353
189	6	4284
133	2	2404
1256	1	2348
1736	0	4044
1732	1	2348
1996	1	2348
777	3	4285
1323	2	2350
333	2	2371
1363	2	2367
1616	1	2348
2033	1	2348
219	4	2353
100	4	2353
1560	5	2358
2059	0	4287
1542	4	2353
1916	1	2348
609	0	2380
898	1	4288
1096	6	4289
938	6	4286
12	5	2417
711	2	2398
206	2	2465
1233	0	4290
1226	4	2376
117	4	2353
1436	2	2465
1815	0	4291
393	5	2417
1578	2	2367
291	3	4292
232	0	4089
752	6	4293
368	1	2348
1348	4	2353
1175	6	4294
172	2	2354
1644	2	2361
1529	0	3051
415	1	2348
362	2	2460
1731	6	4057
945	4	2353
1061	0	4295
1385	0	4296
1401	0	4297
1708	0	4298
2049	6	4299
1848	6	4300
533	6	4156
253	0	4301
65	2	2350
270	2	2367
633	2	2386
21	3	3149
1446	1	2348
1949	0	2837
1441	5	2417
58	2	2565
347	1	2348
2104	2	2371
1580	4	2413
339	2	2361
707	0	4302
1805	2	2350
1702	3	4303
1080	0	2479
939	3	2729
354	1	4304
1165	4	2353
1910	3	3086
1155	4	2413
981	6	3888
1939	2	2404
1043	0	2479
1033	1	2654
1567	2	2361
1933	5	2417
1245	4	2353
1245	0	4305
1127	3	4306
465	2	2350
1327	3	4307
852	1	2348
331	6	4308
1782	3	3334
1706	0	4309
219	1	2348
1647	1	2348
613	4	2397
920	2	2350
486	6	4310
1530	2	2362
670	2	2361
1086	2	2378
1856	3	2729
1243	3	2723
1243	0	4311
1929	6	4312
492	0	3456
1709	5	2417
1917	3	4313
214	4	2413
1693	2	2362
763	4	2353
1820	5	2358
220	0	4314
206	1	2348
1983	6	3417
2133	4	2353
1168	2	2404
820	1	2348
1841	2	2710
1583	1	2348
1612	2	2361
2058	5	2623
1056	2	2350
1199	6	3077
462	4	2353
586	5	2358
476	2	2375
1307	5	2358
930	2	2710
2075	2	2468
409	2	2361
472	6	2911
144	1	2348
82	3	3156
1228	1	2381
1040	2	2350
1665	0	2721
1068	2	2410
1940	6	4315
1795	2	2404
641	0	4316
1061	2	2367
493	2	2350
571	3	2508
1476	0	4317
982	1	2348
1063	2	2378
1172	2	2362
2010	0	4318
2112	2	2465
1370	0	4319
843	2	2468
1429	2	2404
619	1	2348
52	2	2361
67	2	2403
677	1	2348
1394	1	2348
1394	3	4320
663	0	4321
428	5	2358
1329	2	2361
966	2	2361
1192	6	4322
1311	2	2350
1895	5	2358
1386	0	2432
1214	6	4323
249	6	2459
231	4	2353
332	4	2353
221	4	2353
1015	0	4324
1624	0	4325
278	5	2417
721	6	4179
1397	2	2398
1323	3	4327
2077	2	2367
736	3	3472
219	2	2371
1918	5	2358
1488	2	2371
1065	1	2348
920	1	2348
1965	6	4328
33	4	2353
1044	2	2361
487	3	2980
340	2	2350
666	1	2586
1330	3	2979
220	6	3168
867	0	4330
1579	0	4331
502	3	3728
1792	3	2515
2088	2	2350
643	4	2353
1540	0	4332
1037	1	2348
1631	6	4333
1734	6	4152
1006	1	2654
1967	0	4334
156	0	4335
1594	0	4336
190	2	2350
1665	6	2846
2054	5	2358
1935	5	2417
563	4	2353
2028	2	2367
1927	4	2353
1688	2	2350
2141	1	2348
1783	6	3891
1783	0	4263
587	3	3584
1298	2	2404
2021	2	2460
1392	2	2468
1960	0	4338
1591	6	4339
1877	0	4340
1113	0	4341
414	2	2350
805	1	2586
2024	4	2353
1638	5	2417
1339	3	2553
1876	0	4342
1239	0	3645
759	0	4343
771	4	2353
1008	0	2547
1041	3	4344
1028	6	2498
1493	6	2986
1076	1	2348
1234	1	2348
1340	0	4345
1895	1	2348
962	4	2353
108	1	3196
1885	3	4346
189	0	4284
894	0	4347
2065	2	2361
801	1	2348
1213	2	2404
1907	4	2353
496	6	4349
2009	5	2358
30	1	2654
1124	5	2358
310	1	2348
968	6	4350
789	3	4105
2023	2	2375
27	3	2997
1295	0	4351
1020	2	2465
1832	3	4352
436	6	4353
150	0	4354
104	3	4355
1350	0	4356
1141	3	3817
1160	2	2361
321	4	2353
2111	2	2386
248	0	4357
444	5	2358
1650	2	2371
2079	5	2358
1908	0	4349
1105	1	2348
895	1	2348
1301	4	2353
393	2	2350
393	3	4358
59	0	4359
2075	4	2376
1961	3	2993
181	2	2404
1013	0	4360
1731	3	3115
1099	4	2353
513	2	2565
1135	2	2386
1135	5	2417
2055	6	4361
2055	2	2410
270	6	3427
2122	2	2362
26	2	2361
1696	3	4362
1483	2	2350
5	1	2348
1493	0	2986
1032	2	2350
722	6	4363
1727	3	3918
1134	2	2361
1910	5	2358
1504	6	4364
797	0	2763
1740	3	2491
1471	3	2699
1426	2	2361
2038	6	4365
373	0	2847
1253	2	2367
278	1	2348
1943	3	4367
956	3	4368
365	1	2586
1245	1	2348
1245	0	4369
986	3	4370
1117	6	3175
386	3	4371
1501	4	2353
1852	2	2361
2053	2	2362
276	2	2371
555	2	2361
1770	5	2358
1761	3	3664
2073	0	4372
772	4	2518
1814	2	2371
1654	0	3418
1018	6	3660
539	0	4107
867	6	4373
2139	4	2353
901	3	4374
581	6	4375
444	1	2348
113	2	2468
1174	2	2404
1920	6	2907
1478	6	4377
517	1	2348
1818	2	2361
291	0	4378
1594	3	3071
1510	1	2348
1510	0	4379
1486	2	2468
1592	6	2984
1365	6	4380
16	3	4196
1529	1	2348
207	4	2353
96	5	2358
1435	1	2348
931	0	2976
203	6	4381
866	3	4382
2036	1	2348
908	1	2348
1167	6	4383
1090	2	2378
1995	1	2348
137	6	4384
1712	0	3598
1505	2	2398
132	0	4212
158	1	2348
1326	2	2468
324	1	2348
1911	5	2373
1571	1	2348
1214	1	2348
240	1	2348
1328	3	4256
540	4	2413
1939	0	2538
1849	1	2348
974	6	2456
1465	3	4385
719	5	2358
337	1	2586
1703	4	2413
1064	2	2350
2109	3	4386
1810	2	2350
647	2	2386
394	5	2417
1383	2	2362
51	2	2404
595	0	3073
1197	1	2348
1726	2	2350
485	0	4387
1409	6	4388
1856	0	2714
1202	0	4389
187	1	2654
1863	6	4390
804	1	2348
33	1	2348
375	5	2373
1798	2	2398
70	3	4391
529	6	3154
1811	2	2350
1176	3	2420
1405	6	4392
1448	0	2431
1865	2	2386
1865	2	2367
1	2	2367
308	5	2373
89	3	2835
468	5	2358
1046	0	4393
735	1	2348
877	0	2474
590	3	4394
911	0	4396
1173	3	3115
1291	5	2358
2135	5	2358
1776	1	2348
637	6	2459
1071	2	2465
1034	5	2373
785	1	3196
925	2	2398
2049	0	4398
1597	0	4399
1167	0	4400
1989	3	4401
65	5	2358
883	1	2463
793	0	4402
1786	2	2350
234	6	4403
137	2	2367
93	4	2353
1379	1	2586
1812	6	4405
1186	2	2350
585	2	2361
1192	0	4407
2125	6	3298
380	2	2361
1260	0	3529
1030	2	2371
1273	2	2350
138	4	2353
2082	1	2348
797	2	2350
1315	3	4185
1621	0	4409
1252	2	2361
860	1	2463
4	4	2353
142	6	4410
147	6	3251
1325	2	2468
302	6	2824
30	2	2362
1108	6	4412
597	1	4413
80	5	2417
215	5	2358
163	5	2373
644	5	2417
2147	4	2353
1047	4	2353
2068	2	2404
1503	0	4414
160	6	4415
1121	6	4417
1092	0	4418
1625	5	2623
1081	3	4419
1081	0	4420
410	5	2373
1205	6	4421
2090	3	4422
1716	1	2348
1427	4	2353
1574	0	4423
1626	6	2857
1039	2	2367
1023	4	2353
627	2	2378
1967	2	2398
232	1	2348
1414	0	4424
752	5	2358
247	4	2353
112	3	3636
593	2	2361
225	4	2353
637	0	4320
1354	2	2404
1353	6	3900
172	4	2353
1492	2	2398
1107	2	2361
1385	2	2398
1713	1	2469
183	0	4425
1928	2	2390
1969	0	4426
1711	1	2381
2140	2	2398
2127	5	2358
1944	2	2367
1930	3	4427
180	1	3222
210	3	4428
210	0	2976
1340	2	2371
2057	0	2774
978	5	2358
1131	1	2463
1682	3	4429
2118	5	2358
1119	5	2417
909	6	2459
1536	6	2347
693	0	4430
507	2	2361
483	6	2951
452	1	2348
1934	0	4431
577	6	4432
1481	6	3052
725	0	4433
1698	2	2465
1467	3	2725
130	5	2373
807	6	3256
1323	4	2353
1788	2	2350
397	6	4434
394	2	2350
1900	5	2373
1545	6	4435
718	6	4436
775	0	4437
772	0	4165
1461	1	2348
12	0	2489
282	2	2361
1469	5	2417
1608	0	4439
1893	6	4057
1168	5	2417
1161	0	4193
1650	2	2362
1632	3	4018
778	1	2348
627	5	2417
87	4	2353
393	2	2398
753	0	3298
557	0	4440
614	0	2999
1925	2	2361
121	1	2348
449	4	2376
143	4	2353
2039	3	4441
996	4	2413
162	5	2358
1212	1	2348
1337	5	2417
1912	1	2348
931	3	4442
293	2	2354
1679	2	2386
446	4	2353
1262	0	2383
371	4	2353
544	2	2350
1739	2	2710
1216	0	3258
1339	2	2350
26	0	3326
903	3	2352
654	6	3974
843	0	3473
1333	4	2353
1076	1	3478
2124	6	2453
1238	1	2348
382	0	4443
774	1	2348
1805	3	4444
978	3	3531
1986	0	4445
817	0	4446
2082	0	4447
811	6	2473
797	6	2763
1621	3	4448
403	0	4449
1252	6	3097
136	4	2353
218	6	2547
838	6	4207
1624	0	4450
1465	0	4451
801	2	2350
469	6	2439
1275	1	2348
1169	0	4452
394	4	2397
1149	2	2404
494	0	4453
211	6	4152
565	6	2541
727	4	2353
1858	5	2358
601	2	2361
238	1	2348
1093	3	4454
344	4	2413
1513	6	3497
115	3	4455
1141	2	2350
1156	1	2348
851	5	2358
1598	6	3528
1039	5	2417
591	5	2417
177	0	4456
1815	3	4457
517	0	4458
1603	1	2348
1454	5	2417
255	4	2353
1564	2	2350
291	5	2358
29	6	4459
1594	0	4460
1822	3	2508
1171	0	4461
247	1	2348
523	4	2353
489	0	2380
1937	2	2404
929	5	2373
639	4	2353
639	6	2380
1874	0	3046
1099	2	2361
1569	1	2348
71	0	4462
1185	1	2348
616	3	4463
1339	1	2348
217	4	2376
1347	2	2361
1969	5	2358
648	6	4464
783	4	2353
1646	2	2362
728	0	3330
1134	2	2386
1762	2	2465
1702	0	4466
1119	2	2378
1588	3	4442
913	0	4467
958	0	3635
309	3	3426
1554	1	2463
133	2	2350
830	1	3196
1213	4	2353
779	2	2350
1089	0	4468
1398	2	2386
1281	4	2353
889	6	3637
1397	0	4469
1325	3	4470
283	1	2348
2121	0	4471
605	4	2353
219	2	2410
310	5	2358
645	6	3759
824	0	4473
1035	6	3957
599	2	2375
1202	3	4474
983	2	2404
1121	2	2367
948	3	2400
841	3	4475
8	0	4476
263	2	2403
1835	0	3637
1648	5	2373
176	4	2773
111	4	2353
882	1	2348
531	0	4477
1787	3	4196
787	1	2348
1145	3	4478
1431	2	2350
1447	2	2468
946	1	2463
1244	0	4311
576	4	2353
1187	2	2468
1679	6	4479
688	3	2877
260	5	2417
1877	4	2353
2128	1	2348
1932	0	4480
831	6	3528
1294	4	2353
1749	5	2623
1926	3	3091
69	6	2487
654	2	2361
1780	0	4481
451	6	2830
618	2	2404
1613	1	2348
1266	5	2417
1682	4	2413
1549	3	4482
1289	3	4483
1658	3	3489
667	1	2348
1885	1	2348
403	2	2354
269	6	4484
2061	4	2518
133	2	2361
1784	1	2463
858	6	4361
1169	2	2361
1933	0	4486
315	1	2348
822	6	2457
1094	2	2361
1572	6	4487
1746	2	2404
17	5	2358
36	2	2378
2147	0	2675
1541	1	2348
789	2	2361
2043	1	2348
1863	1	2348
1923	0	3603
12	1	2348
264	2	2404
1376	2	2350
1983	2	2362
792	1	2381
790	2	2386
1226	1	2381
1792	1	2654
1039	4	2353
111	1	2348
674	2	2386
1002	6	2598
1875	4	2353
753	5	2358
1218	2	2350
665	1	2348
1373	4	2353
587	1	2348
1051	0	3211
1071	3	4491
2045	4	2353
681	2	2350
1296	5	2358
192	0	4492
1842	2	2465
675	5	2358
54	5	2373
466	0	4493
135	3	4494
1729	2	2371
1277	5	2373
1790	5	2417
1790	0	3299
1041	2	2350
2104	0	4495
1543	2	2350
428	6	2947
1658	2	2350
1207	2	2465
1589	1	2348
427	1	2348
1588	2	2465
268	2	2362
2038	0	4496
2106	5	2373
1481	3	4497
1465	1	2348
420	1	2348
337	4	2397
1831	4	2353
1338	2	2403
1759	2	2350
1314	1	2381
1314	0	4498
1810	2	2390
700	5	2417
394	0	4499
595	2	2350
100	1	2348
1726	1	2348
968	4	2413
1770	4	2376
2073	3	2531
1408	2	2361
928	5	2358
964	4	2353
2117	2	2361
1674	2	2378
174	0	4500
388	0	4501
316	0	2891
1494	3	4502
660	2	2367
711	0	4503
165	2	2404
2111	0	4504
1598	2	2361
1841	2	2371
393	2	2378
1794	2	2361
151	2	2398
1508	0	4506
370	1	2348
1390	6	4507
1173	6	2759
1640	6	4508
870	1	2348
1724	2	2361
1242	2	2350
1795	4	2353
1644	4	2353
361	2	2367
1219	2	2361
1679	6	4511
296	5	2358
925	4	2353
1808	4	2413
1487	6	2665
795	2	2361
624	1	2348
741	6	4512
1786	3	4513
1347	6	4514
14	2	2350
35	1	2586
1264	3	2905
1162	0	4515
998	6	3128
266	5	2358
1970	5	2358
1762	1	2348
178	5	2358
797	3	4516
886	5	2358
1328	6	4517
1740	0	2734
1471	2	2468
508	0	4518
1554	0	4519
401	4	2376
1270	4	2353
72	4	2773
1367	6	4520
416	3	4292
2008	2	2371
244	4	2353
1752	2	2354
799	5	2373
331	2	2465
1706	4	2518
1746	2	2361
28	1	2348
442	3	3043
1065	5	2623
2138	2	2350
2138	2	2468
1503	4	2353
599	0	2464
1633	6	3700
1159	5	2358
1523	2	2404
818	1	2348
388	6	4522
1075	3	3533
1617	4	2353
1826	1	2654
300	3	4523
1599	4	2353
1106	2	2371
1042	0	4524
851	6	4525
111	6	4526
926	1	2348
55	5	2358
813	2	2362
1908	2	2404
1105	5	2358
1307	0	4527
525	4	2353
1962	6	2430
1564	4	2413
814	1	2469
1592	4	2353
1704	4	2353
225	6	3012
870	4	2353
750	6	4009
60	2	2350
576	0	4529
1401	2	2361
1287	3	4530
688	0	4531
148	6	4532
560	5	2358
2136	1	2348
183	2	2350
1332	0	4533
1861	1	2348
675	0	2759
1638	2	2361
703	3	3415
654	1	3683
993	3	4534
1333	2	2371
1128	2	2350
52	4	2353
828	2	2350
141	2	2361
1266	3	2383
1955	3	2433
1260	2	2367
1273	6	2771
1504	0	4535
1138	0	4536
245	5	2417
811	4	2397
1621	4	2353
1036	2	2354
508	2	2362
941	6	4174
1934	1	2348
1089	3	4537
320	6	2627
1881	0	2981
812	0	4538
1215	2	2350
1011	2	2465
1181	2	2350
2016	3	3927
1918	4	2376
1432	0	4540
1197	5	2358
920	4	2353
209	0	4266
500	1	2348
568	0	2749
1770	0	4189
1007	0	2347
1791	0	4541
13	1	2348
1814	1	2348
1507	4	2413
2074	4	2353
529	2	2460
56	0	4542
1832	2	2371
1807	5	2417
264	1	2348
1	0	4543
1648	2	2565
1141	5	2417
1443	2	2350
999	0	4544
536	6	2919
761	5	2358
661	4	2353
153	2	2404
919	4	2413
323	2	2361
1953	1	2463
82	2	2350
1184	4	2413
2069	1	2348
1776	1	3196
430	4	2376
292	5	2417
1801	0	4545
2012	0	3588
1300	2	2350
1244	6	4546
1635	1	2562
1219	2	2565
1219	3	4547
1034	4	2353
1235	2	2354
796	0	4548
534	1	2348
819	1	2348
314	2	2361
120	1	2348
69	1	2348
832	5	2358
281	2	2361
1246	0	4369
1859	2	2350
1162	3	3149
463	1	4551
1059	1	2348
861	5	2358
1702	5	2358
1460	6	2427
953	4	2353
1355	3	3312
879	0	2347
18	2	2404
1698	1	2348
496	2	2404
952	6	4552
1892	6	4553
1898	3	4554
1209	0	4555
742	2	2367
1706	1	2348
1382	0	4556
1633	4	2353
492	1	2586
2031	6	4557
1313	5	2358
1868	0	4558
607	3	4559
459	1	2348
1091	2	2386
445	3	4560
1725	1	2463
2050	2	2367
6	0	4561
591	6	2716
1023	0	4562
59	0	3034
787	4	2353
237	2	2371
275	2	2371
1769	0	3114
1952	0	3032
1639	1	2348
1497	0	4119
368	2	2710
346	4	2397
1714	1	2348
1931	0	4563
543	6	3251
887	1	2348
720	5	2417
724	2	2398
863	0	4564
1879	1	3590
1262	2	2375
933	4	2353
226	3	4285
1932	6	3125
343	0	2857
1861	2	2386
307	1	2463
1906	2	2565
1319	2	2350
168	0	3630
1008	1	2348
1222	2	2361
357	0	4566
52	3	3344
1211	6	3390
470	2	2350
1903	2	2362
1220	3	4567
837	3	4568
585	1	2348
380	2	2362
44	1	2381
1400	2	2361
667	0	4189
1621	2	2350
1705	5	2358
875	6	2714
420	3	4569
779	0	4570
1103	5	2417
955	1	2348
1276	6	4571
2016	0	3931
605	2	2361
548	3	3374
1753	4	2353
1565	6	4572
770	0	4573
1936	0	4496
595	2	2378
718	2	2350
1590	6	4574
2035	1	2348
114	3	3844
2	1	2348
708	1	2463
1730	5	2373
551	2	2371
1205	3	4575
433	6	4576
436	5	2358
1376	4	2353
1	1	2348
1453	4	2477
107	4	2353
994	0	4577
541	1	2348
308	2	2350
1655	1	2348
1779	4	2353
444	0	4578
674	0	4001
2060	2	2361
1650	5	2358
1632	0	3330
2145	1	2348
1105	4	2413
586	2	2371
393	0	4581
1144	2	2362
86	0	4582
665	0	4583
326	2	2350
1556	1	2463
241	1	2348
596	2	2361
1715	0	4584
265	6	4585
1062	1	2348
1877	6	2902
1113	6	4341
183	3	4425
2116	2	2368
1928	6	2612
741	2	2350
197	1	2348
1711	4	2413
1388	2	2361
648	1	2348
1257	4	2353
57	3	4586
334	2	2354
257	6	2422
1284	2	2410
1412	1	2348
842	0	4587
1723	0	4588
714	5	2417
909	2	2371
1637	2	2574
305	2	2390
1904	6	3330
944	0	4589
886	4	2353
186	1	4591
269	1	2828
1481	0	4592
72	2	2367
1697	1	2348
1567	0	4593
522	0	4594
1706	3	2420
1126	2	2350
408	0	4595
613	2	2350
17	1	3196
313	0	4207
2147	1	2348
1358	0	4596
500	0	4597
1533	4	2353
1463	1	2463
1408	6	4114
1121	1	2348
1477	5	2373
1485	1	2348
535	3	3017
1524	6	2734
898	5	2358
1774	1	2348
516	4	2353
1617	2	2367
1259	5	2358
1735	6	4599
1991	0	4600
1835	4	2353
99	1	2586
2078	1	2348
1362	2	2361
604	4	2353
312	4	2518
476	1	2348
634	2	2797
911	6	4396
1619	2	2460
1935	0	4601
656	1	2348
225	2	2367
1931	4	2353
1491	4	2353
1491	1	2966
1518	2	2465
1492	2	2465
1641	3	4602
1570	0	3320
796	4	2413
2036	5	2623
1135	3	4603
1062	2	2460
1001	2	2565
1687	2	2361
1995	5	2358
1562	5	2373
2094	6	4604
58	1	2348
1449	5	2417
2004	6	4605
2130	0	4606
1718	3	4607
277	3	4221
1032	2	2468
1812	6	4417
966	0	4608
962	6	4609
962	2	2404
979	2	2371
979	0	4186
268	5	2358
995	2	2390
894	2	2367
2038	2	2368
152	0	4610
1763	4	2773
287	0	3866
1943	2	2350
623	1	2348
379	4	2376
1181	5	2358
1078	1	2348
2095	2	2710
603	6	3203
1416	0	2603
1889	3	4611
1942	1	2348
545	5	2358
2097	2	2398
11	2	2350
1611	1	2348
1719	5	2358
1523	0	4613
92	3	4196
1088	0	4614
2041	3	4615
375	4	2353
551	2	2465
1666	6	2502
1605	6	3292
436	4	2353
104	1	2348
1664	5	2417
661	2	2375
1415	6	4616
1583	3	4017
288	6	4617
590	0	3815
1359	5	2373
1787	2	2710
930	0	4618
829	4	2353
2126	6	4620
1653	2	2468
170	2	2404
1520	6	2903
368	6	4621
1474	6	3411
1348	6	3052
1354	2	2361
872	4	2353
329	0	4622
1346	4	2477
1298	6	3290
596	0	4623
1668	3	4624
1963	2	2375
1618	0	2666
908	2	2465
1555	4	2397
2116	0	3249
885	2	2350
1563	1	2348
135	6	3552
26	4	2353
1851	6	4626
902	0	4627
124	0	4628
334	2	2361
470	3	3534
774	2	2386
677	2	2361
663	6	4321
145	1	2381
1514	0	4290
387	0	4630
979	0	4631
305	0	4632
803	3	4633
508	6	4634
508	2	2404
1147	2	2404
136	0	4635
816	0	4636
1367	2	2350
351	4	2353
1331	5	2358
2033	0	4637
494	6	3653
1889	4	2353
1994	6	4638
645	3	4531
342	2	2404
2068	6	3110
1499	2	2465
1463	6	2609
1667	3	4639
2072	6	4526
2072	0	4640
97	0	4641
1129	1	2348
1674	1	2348
818	5	2417
997	6	3543
294	4	2353
1106	4	2353
1046	4	2353
444	2	2367
1424	6	2876
45	2	2465
1056	6	4643
590	0	4644
87	6	3558
1578	6	4138
1656	3	4645
629	3	4457
1532	2	2361
734	4	2773
563	2	2404
2039	0	2761
1272	0	4335
1801	5	2373
1130	2	2404
582	3	3295
1132	3	4646
884	6	4647
1569	4	2353
0	2	2460
299	6	4648
1576	2	2361
1038	1	2348
793	1	2348
1992	6	4649
1191	2	2361
1304	6	3235
1446	5	2373
19	0	3946
52	0	4650
514	4	2353
1988	1	2348
1685	6	4211
1211	1	2463
1613	5	2358
1911	3	4651
1506	0	4652
380	5	2358
1003	0	3723
710	0	4654
987	1	2348
717	0	4655
159	0	4473
1270	2	2362
1089	6	4656
1784	1	2654
72	2	2386
22	0	4657
610	4	2353
690	4	2353
1596	0	2774
1274	4	2353
416	1	2348
94	5	2358
1788	2	2404
386	2	2460
386	0	4658
2037	0	4144
30	1	2463
1582	6	2547
408	4	2376
1746	3	4659
871	2	2465
276	5	2373
1047	1	2348
568	1	2348
2107	2	2350
474	2	2361
1070	4	2477
1965	2	2468
492	6	3456
798	0	2514
1672	3	4660
2005	1	2348
15	3	2454
1516	3	4624
1507	5	2623
487	2	2797
1615	1	2348
2083	1	4661
1120	2	2350
344	3	4662
1205	2	2350
554	0	3783
763	1	2586
1403	2	2398
107	5	2358
1427	2	2468
308	4	2353
1293	5	2358
1046	2	2468
1792	2	2361
117	5	2358
84	0	4467
2058	0	4665
2079	2	2465
498	2	2404
462	5	2358
101	3	2383
1721	6	4666
82	4	2413
112	0	4667
1720	3	2499
1880	6	3481
969	0	4668
1927	6	4669
996	6	4670
1733	3	4671
1641	2	2350
1515	4	2353
1283	2	2565
2036	6	4672
228	2	2361
1526	1	2586
192	2	2350
1563	4	2353
488	5	2417
1568	1	2469
5	5	2417
179	3	2871
1882	2	2404
774	5	2623
780	1	2348
154	5	2358
2129	6	2883
246	2	2371
1853	2	2350
1252	0	4674
1230	6	3003
1043	4	2353
1201	1	3196
1033	1	2348
43	2	2404
2067	6	4675
1855	4	2353
1993	0	3294
880	2	2350
1901	4	2353
284	2	2354
1215	0	4676
1011	2	2468
1413	2	2361
2033	5	2358
109	2	2404
1936	1	2647
1647	2	2361
613	2	2361
1047	0	4677
1533	0	4678
1856	1	2654
628	6	2380
964	0	4679
1092	4	2353
1081	2	2378
1846	4	2353
1361	2	2361
1756	2	2350
1376	1	2348
1660	3	4680
755	6	3229
541	4	2353
105	3	4681
1039	6	3512
61	2	2350
2146	6	4682
1024	4	2353
1837	0	4683
2058	0	4684
2056	1	2348
634	1	2381
517	2	2465
509	0	3808
201	2	2398
1594	4	2353
752	1	2348
1952	6	4685
665	5	2373
1354	5	2373
567	3	4687
758	1	2654
423	0	4688
681	4	2353
1102	0	3985
957	2	2390
2026	5	2373
1139	1	2348
1876	2	2361
2134	0	4689
836	1	2348
1370	0	4691
1464	4	2477
1947	2	2371
1032	5	2373
1836	2	2350
74	5	2358
1329	4	2353
1762	4	2353
2071	4	2353
1765	3	4692
44	1	2348
138	6	2697
1050	2	2460
913	1	2348
356	4	2353
507	6	4693
1984	1	2348
717	5	2373
218	2	2465
838	5	2358
679	0	3749
1335	6	2492
2007	4	2353
1522	2	2350
950	2	2350
1456	3	4695
50	0	3799
1898	2	2361
2002	6	4696
1111	0	4698
80	2	2361
80	2	2367
17	6	4392
574	5	2373
555	3	4575
1560	6	4699
125	2	2361
599	3	4700
1125	3	4701
1088	2	2398
1778	2	2375
997	3	3043
1519	3	3070
1982	1	2586
1982	5	2358
1999	0	3184
689	0	4703
1651	0	3832
525	3	4704
1179	0	4705
151	4	2353
392	5	2373
1263	0	4706
1594	2	2398
1500	2	2404
103	4	2353
1935	2	2390
1927	2	2398
655	2	2361
773	0	4707
60	0	4708
1170	2	2465
1392	4	2353
1219	0	4205
1099	1	2348
1879	0	4709
2045	1	2348
203	1	2348
270	0	4710
2003	3	2982
1172	2	2465
281	2	2404
1370	1	2348
547	2	2403
1442	2	2367
2130	2	2465
10	0	4711
1162	0	4712
93	6	4713
1329	1	2887
1311	6	4715
561	6	2530
1208	0	4717
653	2	2371
280	1	2348
990	2	2361
1055	3	3822
1389	4	2353
1624	1	2463
72	4	2353
1367	0	4718
690	2	2404
1698	3	3426
1467	0	2721
1325	2	2465
754	0	4719
854	2	2362
640	2	2460
1773	6	4720
1343	4	2353
1936	0	4721
442	5	2358
635	2	2350
727	2	2350
1399	6	2547
1533	0	4722
599	1	2381
1243	6	4723
378	5	2358
1516	0	4724
1461	0	4725
1978	4	2353
107	1	2348
115	4	2353
751	1	3196
538	2	2403
32	3	4726
89	2	2350
606	5	2358
820	2	2465
591	0	3170
855	6	2409
1199	2	2350
288	2	2378
840	1	2348
144	0	2981
971	2	2404
112	2	2404
563	1	2348
884	5	2417
712	0	3954
906	5	2358
857	4	2413
161	6	4707
1038	2	2367
963	1	2348
1915	4	3355
741	4	2413
703	0	4727
217	1	2348
2104	4	2353
236	1	2469
687	3	2979
1462	4	2353
154	0	4728
1727	5	2373
1004	6	2431
164	0	4729
1911	1	2348
1080	2	2361
171	1	2348
1740	4	2353
550	0	4730
1554	4	2413
152	1	2348
1465	5	2358
651	5	2417
337	3	4731
1763	4	2413
739	1	2348
914	2	2361
914	3	3972
272	3	4175
130	3	2593
1627	3	4732
306	5	2358
94	2	2465
372	0	4733
1788	3	2495
50	1	2348
1919	6	4734
597	2	2465
1479	0	4735
1545	1	2348
163	0	4641
644	2	2404
36	5	2417
578	6	4736
2043	5	2358
13	2	2350
1677	1	3223
1075	2	2350
516	6	4210
1754	4	2353
1768	2	2350
1405	0	4392
1361	5	2373
1166	6	4738
1091	3	2943
1813	4	2413
2064	0	4739
751	1	4740
1660	2	2361
308	3	4741
99	1	2348
678	2	2367
1123	2	2350
813	1	3576
384	2	2371
323	0	4742
392	4	2353
1551	2	2361
1704	2	2350
1640	2	2361
750	0	2922
921	5	2358
362	4	2477
1715	2	2465
299	3	4744
1888	4	2413
253	1	2348
1113	1	2348
1404	3	4745
423	1	3196
183	6	2552
795	2	2404
1296	6	4746
2116	6	3249
1118	4	2353
1437	1	2381
1292	5	2373
697	4	2353
322	2	2361
1211	4	2353
122	1	2463
1955	1	2348
561	1	2558
710	2	2367
85	0	4747
171	4	2353
406	2	2710
327	2	2404
1621	5	2358
309	0	3759
1223	0	4748
1939	6	2538
1074	1	2348
126	0	2516
664	3	4077
2067	5	2623
1398	3	4750
1803	5	2358
1275	2	2350
1154	2	2404
520	5	2358
94	0	4751
298	2	2371
1011	6	4752
1862	2	2367
756	6	2516
1914	6	3716
209	6	4266
2068	2	2350
1541	5	2358
125	4	2353
92	5	2358
1625	4	2353
1625	2	2375
535	1	2586
2074	6	4257
1864	6	4753
1524	1	2348
340	0	4754
1176	0	4755
1259	1	2348
751	2	2350
733	6	4756
512	2	2371
1664	2	2375
2133	0	4757
2078	2	2375
1802	1	2348
970	2	2403
113	2	2398
1359	2	2404
1721	3	4758
1204	2	2404
764	1	2348
642	5	2358
524	0	3211
489	3	4759
750	1	2654
1641	1	2348
712	0	2458
1232	6	4760
1607	1	2348
24	5	2623
1995	0	2445
912	4	2773
2010	6	3168
942	2	2361
26	3	3656
521	1	2348
1449	4	2353
155	0	4761
1082	4	2353
505	1	2381
892	5	2358
382	1	4170
324	4	2353
1886	1	2348
1207	4	2353
1165	0	3745
1504	2	2350
1604	2	2398
1997	2	2398
1785	4	2353
309	2	2362
995	1	2348
507	2	2350
1896	2	2350
987	0	4762
527	4	2353
1391	2	2468
152	2	2361
2096	2	2350
1881	3	4575
520	2	2465
1336	6	4763
333	2	2361
736	2	2361
394	0	4764
873	4	2353
565	4	2353
1065	0	3165
106	2	2398
718	4	2353
1358	5	2358
1843	0	3721
2068	2	2398
1965	1	2348
670	1	2348
928	4	2353
1709	4	2413
2031	0	4765
92	2	2375
528	2	2364
1309	6	3736
459	0	4766
682	6	4768
150	3	4769
150	0	4770
1198	2	2350
689	2	2361
1511	0	4771
1317	4	2353
2119	4	2356
1817	1	2348
2079	2	2468
767	0	3213
1301	5	2373
101	4	2353
859	6	4772
984	2	2390
1179	3	2553
1884	2	2361
1710	6	3543
1758	1	2348
103	6	4174
2069	0	4030
1640	3	4773
698	2	2468
698	1	2348
1353	5	2358
543	4	2353
724	2	2350
1244	2	2350
139	5	2373
1410	1	2348
1304	5	2373
1380	2	2386
466	6	2627
301	3	2495
1593	1	2348
1568	0	4774
7	2	2350
732	0	3614
1134	1	2348
1682	1	2381
1003	3	3043
962	3	4554
1853	2	2386
944	2	2398
659	2	2468
1887	5	2358
309	1	2469
186	1	2743
191	1	2348
1391	4	2413
1391	3	4775
1057	2	2367
2114	5	2358
22	1	2348
1907	2	2361
1397	3	4776
315	4	2353
950	6	4777
1900	1	2654
328	1	2348
259	2	2404
645	2	2574
1966	2	2468
2131	4	2353
599	2	2361
1052	6	2701
492	0	4778
2035	5	2358
425	2	2378
425	3	2916
1523	2	2354
1674	2	2386
1020	1	2348
1267	0	2383
1519	6	4083
747	3	3002
671	2	2361
660	0	4780
264	1	2381
311	2	2350
294	0	2445
390	1	2348
1393	5	2358
1973	6	3292
865	2	2350
2019	5	2417
970	6	4024
1105	0	3747
1787	0	4781
769	2	2465
930	4	2353
1411	2	2368
954	5	2373
82	2	2361
429	4	2353
1005	4	2353
1952	4	2413
1265	5	2417
1497	3	4782
1475	5	2417
1874	1	2348
649	5	2358
1051	0	4418
1700	0	2721
921	3	4783
917	6	2771
781	4	2413
1566	1	2381
53	6	3229
916	0	4784
1591	6	4240
161	2	2361
1476	5	2417
307	4	2413
2010	5	2358
1638	6	3258
573	2	2398
1550	6	4720
1550	0	4785
217	6	2598
1222	0	4786
23	4	2413
1041	0	4594
155	2	2350
706	6	4787
783	1	4551
1425	2	2350
861	0	3993
271	2	2574
1723	5	2417
978	2	2371
638	3	2508
638	0	2690
1386	1	2463
1853	3	4788
1116	2	2398
1050	1	2348
896	1	2654
1208	3	4789
953	0	3172
1997	3	4790
667	1	2586
958	6	3635
537	2	2404
995	4	2353
875	1	4791
274	5	2358
1951	2	2361
725	3	4792
658	4	2413
41	6	3468
302	3	3020
621	6	4375
976	5	2417
1936	0	4793
871	4	2353
1164	3	4064
1914	1	2348
1299	0	4794
407	0	4189
1312	1	2348
1069	0	4795
474	1	3478
601	6	3179
187	5	2417
1825	3	3895
1182	1	2348
2117	2	2465
1625	2	2361
1813	2	2361
1402	2	2404
1693	5	2373
1820	1	2348
1750	6	4797
473	0	4798
900	6	4799
1393	1	2348
1168	3	4017
1792	0	4800
1841	0	4801
113	4	2353
1436	1	2348
484	2	2390
746	0	4802
890	1	2348
1431	2	2371
563	2	2390
1348	0	4803
1880	2	2398
292	2	2362
1937	2	2390
172	0	2541
25	2	2350
362	6	4804
1515	2	2361
293	6	3326
781	0	3873
385	1	2463
2036	0	4805
223	0	3992
1687	3	2401
795	1	2348
413	0	3658
1915	2	2361
1380	6	4806
993	6	3760
1681	0	4807
88	4	2353
1222	0	2903
1947	1	2348
322	1	2348
1084	1	2348
258	1	2348
1859	1	2348
463	5	2358
1379	0	2598
774	0	4809
837	6	4810
638	0	3938
1762	3	3295
1192	1	2348
198	3	3524
1122	2	2404
240	2	2465
483	4	2353
1043	3	4811
373	4	2773
914	4	2477
351	0	4812
1154	0	4813
1862	2	2460
960	0	4150
1545	4	2353
1827	3	4442
555	1	2348
1672	2	2361
1890	1	2586
1798	0	4814
529	6	4815
1832	1	2348
607	0	2695
704	2	2371
1839	0	4816
1259	6	2531
1826	2	2350
1599	0	4817
1743	1	2348
806	3	4554
115	2	2465
1626	3	4818
468	4	2353
1540	6	4332
255	2	2361
1263	6	4412
1710	3	4819
1171	3	4820
629	0	2482
1486	0	4821
1173	5	2358
1447	3	4822
199	1	2348
172	2	2361
1013	0	4823
25	2	2404
1552	1	2348
1715	3	3929
1287	4	2353
1804	0	4824
1216	3	3929
2024	5	2623
91	1	2348
737	4	2353
1239	3	2433
1022	3	4825
1748	0	4826
1800	3	3020
5	2	2378
1079	1	2381
1193	3	4827
892	4	2353
212	4	2353
1211	2	2368
358	2	2465
1386	4	2353
1260	2	2371
2142	3	4828
803	5	2373
508	3	4829
269	5	2417
875	3	4830
63	1	2381
1732	2	2404
1017	5	2358
1274	5	2417
394	1	2348
1149	2	2361
976	1	2348
1200	2	2354
259	5	2358
441	2	2361
110	3	2352
1499	1	2348
1463	5	2358
670	6	4189
775	2	2350
140	2	2361
1614	4	2413
1125	5	2358
592	3	4831
660	3	4832
6	3	3515
532	5	2623
532	0	4418
1048	2	2375
1237	2	2361
1280	1	2348
2119	2	2565
1305	2	2710
2019	0	4833
1755	0	3647
1301	3	4834
1980	1	2348
338	2	2378
1500	4	2376
1704	6	4311
947	1	2348
1132	2	2468
0	3	3020
866	5	2373
1236	2	2386
1097	2	2398
1591	1	2463
544	6	4836
673	1	2348
2062	4	2353
2062	5	2417
2122	2	2468
883	2	2361
314	1	2654
1016	2	2468
957	6	4837
91	3	4838
301	0	4839
1568	3	3682
98	0	4473
706	2	2354
1988	5	2358
141	0	2643
1812	0	4840
618	0	2857
1727	2	2350
728	3	2729
1177	2	2371
1886	3	3126
693	6	4430
1255	4	2353
527	0	4841
133	0	2507
1089	2	2367
1784	1	2647
284	2	2465
1029	0	3866
980	6	2675
595	4	2413
568	3	2905
474	3	3469
1202	2	2404
798	5	2358
928	2	2350
2035	2	2350
1313	2	2350
453	0	2435
684	2	2398
1774	2	2361
776	1	2348
1519	2	2361
965	6	3342
539	1	2348
256	6	3275
32	0	4844
820	4	2413
1305	2	2361
877	2	2404
1279	3	4845
1875	1	2348
1875	5	2373
1037	0	4846
393	0	4847
1787	1	2348
1578	4	2353
961	2	2367
954	2	2398
1967	1	2348
1231	0	4848
1619	2	2378
338	4	2353
1769	2	2398
826	1	2348
346	0	4849
121	2	2350
1899	1	2825
1776	2	2361
862	0	4850
510	2	2368
1013	0	4851
1491	0	3853
1715	2	2361
1715	1	2381
296	1	2348
513	1	2348
916	1	2348
1808	2	2350
1357	3	4853
2013	2	2362
62	4	2353
2122	0	4854
1629	2	2361
2026	2	2361
1118	2	2386
1623	2	2350
1924	2	2361
1844	1	2348
355	0	3539
317	1	2484
1988	0	4855
2057	6	2774
158	0	3100
1646	2	2465
1462	1	2348
794	2	2361
1310	5	2358
1911	2	2371
1911	0	4856
979	6	3877
913	4	2397
1997	6	4857
2106	2	2710
218	5	2358
1335	2	2398
1322	2	2350
503	1	2348
1245	2	2350
822	2	2378
1215	4	2477
1181	1	2348
960	5	2358
2037	6	4403
1919	3	4858
1572	1	2348
1782	6	4859
494	0	2691
442	2	2361
1396	2	2468
313	5	2358
1472	3	4860
350	4	2353
1384	1	3196
789	4	2353
140	0	2686
589	5	2417
1595	2	2350
487	0	4861
1240	5	2358
1991	0	3294
1430	1	2348
1350	1	2348
532	2	2350
532	2	2390
2029	0	4746
1123	3	4862
581	3	4376
1279	6	2787
1179	4	2353
255	3	2508
557	3	3505
1375	0	4863
1145	2	2465
1100	2	2350
1971	2	2398
2135	6	4189
572	1	3196
60	5	2373
720	0	4864
1298	2	2361
1515	1	2348
1635	1	2654
1099	2	2386
1577	0	3645
1713	3	4865
694	0	3189
1381	3	4866
1062	0	2978
1053	4	2353
1553	2	2367
1290	6	2852
832	6	3219
1696	4	2353
657	6	4867
1493	2	2350
2104	4	2477
1082	6	2428
195	4	2353
833	2	2361
179	2	2368
1970	0	4426
1514	3	4869
584	6	3255
2129	2	2468
184	1	2348
1138	1	2348
427	4	2353
1116	2	2404
1509	0	4870
1571	3	4819
1315	2	2361
1785	6	4871
2038	4	2353
452	4	2353
2061	0	4872
159	2	2404
1663	6	4873
1281	2	2361
2008	5	2358
1466	2	2468
1094	4	2353
2137	0	4874
1014	0	3737
182	1	2348
448	3	4875
1761	2	2371
740	2	2371
425	6	4876
1523	3	4877
1825	4	2353
1418	2	2465
1125	1	2348
1890	2	2361
1625	6	4878
2041	4	2353
1227	1	2828
927	2	2386
506	1	2348
410	6	2552
1469	6	4879
300	1	2348
2143	2	2468
1393	0	4880
865	3	4881
1415	3	4882
970	4	2353
1764	6	4883
1953	6	4884
1407	1	2654
1720	1	2348
523	2	2410
743	5	2373
587	2	2468
1641	2	2361
1132	6	2767
594	5	2417
781	2	2354
2045	0	4886
558	1	2348
1848	1	4413
129	1	2348
1476	2	2386
127	6	4887
963	3	2905
1854	3	2979
1928	4	2353
1842	5	2358
686	4	2413
902	2	2404
934	2	2361
2140	1	2348
1712	2	2361
1257	5	2417
67	1	2348
1025	1	4250
2124	1	2348
1630	0	4888
1646	1	2348
620	4	2353
1762	0	4889
2071	0	4890
2082	5	2358
1894	0	4263
406	0	4891
1740	1	2348
1705	4	2353
1223	3	3566
332	5	2417
1201	6	2439
1465	2	2465
2001	1	2348
1089	2	2460
169	6	2455
745	3	3515
167	6	4892
988	0	4893
1692	6	4894
149	3	3426
1503	2	2361
1031	5	2417
1384	3	4196
27	2	2371
1308	6	2492
340	3	4895
898	0	2766
1075	1	2348
1020	2	2468
1018	2	2468
8	0	4896
506	4	2353
1091	2	2362
1605	0	3292
300	4	2413
598	2	2797
1000	3	3643
1046	6	4897
1837	2	2367
55	2	2361
549	1	2348
549	3	4898
2058	2	2367
1056	2	2361
2145	2	2361
1303	1	2348
1525	6	4899
829	2	2367
484	2	2361
1977	3	4901
509	0	4902
291	0	4903
1619	2	2398
734	6	4904
523	6	4905
1272	2	2404
2012	3	4906
636	3	4907
1109	6	4908
1708	1	2348
1597	6	3797
1053	2	2378
65	2	2371
560	1	2586
1526	1	2381
413	0	4909
2076	4	2353
488	1	2348
657	2	2404
35	2	2350
1222	6	2903
1032	1	2348
451	4	2353
833	6	4910
428	1	2348
1329	3	3640
1289	5	2358
886	2	2468
1604	1	2348
1036	5	2358
186	2	2371
274	0	4911
1015	1	2348
1253	6	3892
1103	4	2353
1467	6	4912
1547	3	4913
1547	0	4914
1276	4	2413
1948	2	2367
850	4	2353
2095	3	3284
2033	2	2371
548	0	3374
1479	5	2358
727	2	2354
222	2	2361
1503	3	2658
1031	2	2350
1052	3	4915
1178	0	3771
762	2	2371
399	4	2353
846	1	2463
1617	2	2386
1136	1	2348
2051	0	2862
263	4	2353
366	2	2460
1282	3	4917
1368	2	2350
1427	3	4633
1579	1	2887
188	3	3884
1168	0	4867
1694	0	4918
175	1	2469
2088	2	2404
926	3	2407
1755	0	4628
288	1	2348
1248	0	4920
400	1	2348
1451	2	2361
1622	6	2961
392	0	4921
1228	0	4922
95	2	2371
563	2	2371
1521	4	2353
1733	0	4923
1527	2	2362
1346	2	2465
96	4	2413
359	4	2353
1850	1	3576
293	3	4924
1796	5	2358
669	0	3677
785	3	4925
1012	2	2465
2122	6	4926
2116	1	2348
83	6	4057
322	5	2358
317	6	2714
418	0	3051
1636	2	2350
833	3	4927
141	2	2465
707	3	4442
774	3	4355
1420	0	4928
936	4	2353
909	2	2350
1504	1	2348
479	0	4930
1455	4	2353
1143	2	2362
995	6	4931
1201	0	2439
974	3	3377
43	2	2361
1866	2	2398
679	2	2361
4	2	2404
854	2	2465
1760	1	2348
1117	4	2413
134	5	2358
605	0	3884
1343	5	2358
182	4	2353
350	0	4932
740	0	4495
601	3	4933
1202	6	4934
1814	4	2353
1308	5	2417
666	1	3196
551	6	3690
1330	2	2361
146	6	2724
1725	2	2362
1	5	2417
2111	2	2367
1583	2	2350
1775	2	2574
2079	3	4935
984	2	2361
1628	0	4840
634	3	2728
782	6	4936
1758	4	2353
1822	5	2358
1390	0	4937
2046	4	2353
2046	1	2348
2054	0	4938
1704	2	2354
2028	1	2348
1927	0	4939
199	2	2361
1373	3	4940
1132	0	2767
1300	6	3709
916	3	4651
1789	0	2950
809	5	2358
1185	4	2413
290	0	4941
1113	2	2354
314	5	2417
907	2	2354
1277	1	2348
1550	2	2367
197	4	2353
2127	0	2778
1800	2	2350
677	4	2353
1682	0	4184
267	1	2348
1311	1	2654
380	2	2371
561	0	4084
1066	0	2738
1610	3	4942
958	4	2353
1885	2	2350
1471	0	4943
269	0	4944
1984	6	3277
460	0	4945
1866	3	4946
1480	6	2513
830	0	3925
1089	0	4947
915	0	4948
315	3	2503
1759	6	3552
583	6	4949
808	4	2353
1363	6	3369
603	1	2348
1288	2	2367
408	2	2361
770	3	4950
1858	3	4952
2148	2	2375
1798	3	4953
1096	2	2367
1502	6	4954
1865	2	2350
1106	0	3980
115	5	2358
1606	4	2376
1634	3	3515
1983	0	3686
2019	3	4394
443	6	4955
76	3	4956
232	2	2350
338	3	4175
764	6	3902
870	6	4957
143	6	4958
1491	2	2371
526	4	2353
1577	0	3032
1109	2	2361
533	4	2353
1555	2	2410
2128	2	2710
1404	0	4959
1247	2	2386
624	1	2654
1562	2	2371
424	5	2417
2024	2	2350
1347	1	2348
77	1	2348
229	2	2410
1425	4	2353
1767	2	2350
1329	5	2417
348	5	2417
944	6	3907
1604	3	4256
196	0	4144
995	3	4960
527	1	3196
941	2	2361
102	2	2350
1021	6	4961
1498	0	4962
721	2	2465
880	1	2348
1538	0	2992
147	3	3469
1956	2	2350
623	3	4963
372	2	2404
333	5	2358
1029	1	2348
1559	1	2586
1288	0	3299
408	1	2586
457	5	2358
568	4	2376
1560	2	2361
1007	2	2350
1503	2	2367
1035	3	3860
1533	2	2565
114	2	2361
1313	0	4964
1224	2	2367
1308	2	2350
551	4	2353
1768	3	2536
1240	0	4965
8	5	2373
1368	6	4967
751	0	4968
1350	5	2623
308	6	3709
1140	0	4969
1496	2	2361
188	4	2353
1893	1	2348
869	0	4970
1377	6	4971
2079	0	2506
531	6	4365
683	2	2361
1263	2	2350
1458	2	2350
1998	4	2518
940	5	2358
1931	2	2390
2092	3	4819
720	2	2465
906	4	2353
71	3	4972
381	2	2367
959	4	2353
692	6	4973
1053	0	4974
1364	6	3147
2112	3	4975
1876	5	2373
26	6	3732
1790	6	3597
23	2	2565
1076	3	4977
815	6	3183
553	6	2431
1428	0	4978
1727	0	4979
42	2	2468
208	3	3483
695	4	2353
830	6	3787
651	6	3507
4	2	2350
495	2	2350
1027	1	2348
1017	4	2353
822	3	4980
372	1	2348
1898	5	2373
700	0	4981
1029	0	4225
1919	4	2353
1565	0	4982
1470	3	2980
1378	5	2417
1178	4	2353
1088	6	4983
2148	1	2348
609	0	4984
2083	0	4985
2040	0	4986
497	3	2939
1519	4	2353
445	5	2417
1735	2	2350
202	3	4987
1106	5	2358
308	2	2361
766	3	4988
1511	3	4989
901	4	2413
1423	2	2354
1651	2	2386
590	2	2350
1301	0	4990
1307	3	2531
1411	1	2586
1653	2	2465
1406	4	2356
1592	2	2361
572	1	2463
1242	0	4991
518	4	2353
1013	2	2465
1346	4	2353
434	3	4221
362	0	3738
1061	2	2378
139	0	4992
1316	0	4993
421	3	2946
2013	2	2361
1381	1	2348
1053	2	2361
253	3	2553
1687	5	2358
1374	6	3856
1332	2	2410
2026	6	2455
466	0	2627
227	6	3529
1711	1	2348
2004	2	2404
973	6	4994
347	4	2353
1859	5	2373
93	1	2348
1439	1	2348
1234	4	2353
774	2	2460
815	2	2371
1420	0	4995
632	5	2417
1955	2	2367
1060	2	2378
2101	1	2348
1278	0	4996
1426	3	3115
552	3	4997
899	1	2348
1015	6	4998
285	6	2714
4	2	2378
914	5	2373
1676	3	3070
1596	1	2348
130	4	2353
546	4	2353
490	6	4349
244	0	4999
1276	2	2404
372	4	2353
298	0	5000
50	0	2672
397	1	2647
465	6	5001
1742	4	2353
2105	1	2348
980	1	2348
1889	2	2350
1124	0	3256
28	2	2361
1200	4	2353
328	5	2358
922	6	3889
726	2	2710
1470	0	5002
625	3	5003
1914	3	5004
1541	4	2413
1791	4	2353
1611	6	2575
1202	1	2348
964	3	3483
708	1	2348
818	6	4643
1781	0	5005
2051	6	4910
682	5	2358
202	2	2350
1693	1	2469
1660	1	2348
32	0	5006
1973	5	2358
1747	3	2985
1280	6	5007
175	1	2348
1920	0	4728
288	3	4077
1815	2	2375
525	0	5008
400	4	2353
634	1	2348
1794	6	5009
2046	2	2350
929	6	3843
326	0	5010
1045	1	2348
1679	6	5013
1963	2	2367
1034	2	2371
1796	2	2371
1537	3	5014
2055	4	2353
819	3	2383
1804	2	2361
1906	1	2348
1319	2	2404
573	3	5015
1786	1	2348
234	2	2404
1028	4	2353
1836	0	5016
369	0	2609
585	5	2373
1177	0	5017
1210	0	2539
962	5	2373
1260	4	2353
1504	3	2372
138	1	2348
1067	2	2350
1066	2	2378
1223	5	2358
274	2	2371
784	3	5018
847	4	2353
1581	1	2348
22	6	2716
405	3	5019
41	4	2353
2077	3	2531
331	0	4628
1302	2	2350
603	2	2468
28	3	3437
1200	5	2358
1530	2	2465
1007	1	2348
34	4	2477
1966	5	2358
2131	2	2468
9	1	2348
425	2	2361
1672	0	5020
114	6	5021
1614	6	5022
1614	2	2350
2005	5	2417
1224	6	5023
609	1	2381
1081	2	2367
997	1	2348
709	2	2371
263	0	5024
938	1	2348
311	4	2353
220	5	2358
806	1	2348
1606	2	2361
699	2	2468
985	3	5025
689	1	2348
512	0	3605
32	1	4288
661	0	5026
2115	4	2353
1280	4	2353
581	0	3333
1976	1	2348
1424	4	2353
591	1	2348
1377	6	5027
855	4	2353
1628	2	2350
2000	1	2348
2048	6	3614
144	4	2353
1101	4	2353
1101	0	5028
1594	1	2348
1431	5	2417
642	0	5029
967	5	2358
2039	6	4365
1700	6	2657
921	2	2350
1435	2	2797
1963	1	2381
1897	6	5030
1236	2	2371
1848	2	2371
129	3	5031
223	2	2465
435	1	2463
1172	3	4820
281	6	5032
759	4	2353
1974	5	2623
93	2	2403
1163	2	2404
584	1	2348
638	1	5033
1080	3	5034
1657	6	4213
1589	0	3722
1853	1	2348
953	1	2348
356	2	2404
1328	0	5035
1887	1	2348
1745	6	5036
695	6	2459
152	3	5037
1103	0	3248
858	0	4361
844	6	5038
1440	0	3504
1456	6	5039
988	2	2390
379	0	5040
1286	4	2353
1072	3	3053
2016	4	2353
1396	6	5041
1914	0	5042
1472	6	4746
1344	5	2373
11	0	3511
670	5	2358
1251	1	2348
97	5	2373
2014	3	3344
841	0	5044
997	1	2586
1917	1	5045
541	6	3020
975	3	5046
1875	2	2404
323	5	2417
954	2	2361
1231	1	2348
1619	6	5047
1940	0	2908
1971	6	2595
1880	4	2353
454	2	2386
1175	2	2565
143	2	2565
2132	2	2390
863	1	2348
1963	2	2361
296	2	2350
253	2	2361
633	0	3434
1526	0	4959
1749	2	2378
1871	4	2353
1575	1	2348
1441	2	2367
1473	0	5048
88	3	3150
2034	2	2371
19	5	2358
64	4	2353
1543	0	4435
648	4	2413
57	1	2348
783	4	2518
1025	1	2558
1379	1	4035
707	2	2386
20	0	5049
2118	3	5050
1386	1	2586
2070	4	2353
1621	2	2362
1026	0	5051
1261	4	2353
1261	0	5052
1763	1	2348
1697	3	2980
610	0	5053
18	5	2373
721	0	5054
204	0	2359
522	3	5055
416	2	2361
1933	6	3700
1127	1	5056
2011	2	2361
1456	2	2361
1741	0	4889
658	3	2846
1760	3	3126
1094	5	2417
465	1	2654
1029	1	5056
1616	4	2353
1501	0	3015
888	1	5045
310	2	2350
182	2	2350
1647	0	5057
1110	2	2386
2107	2	2361
250	3	3469
1966	2	2398
262	2	2350
1121	2	2410
1485	6	5058
1864	2	2398
529	2	2350
938	5	2358
1000	2	2350
1280	5	2373
1362	6	5059
602	2	2361
691	6	5060
1920	3	5061
177	4	2353
1478	2	2460
1962	0	2430
1351	0	2461
782	4	2773
275	2	2361
1520	5	2358
119	4	2353
1776	6	5062
1447	2	2350
839	1	2348
665	2	2361
1491	1	5045
491	2	2375
1334	4	2353
1731	4	2353
1963	4	2413
1287	2	2361
785	6	5064
1146	0	3902
226	1	2348
560	2	2350
821	0	5065
435	1	2348
127	0	3610
1296	6	2762
1995	2	2371
1429	5	2358
23	5	2358
5	2	2350
856	2	2350
212	0	3786
1059	0	4543
631	1	2348
229	0	2903
677	5	2373
1970	3	5066
1194	3	5067
198	2	2367
1157	5	2417
1195	0	2635
280	0	5068
1270	0	3641
1823	0	2552
822	5	2417
379	2	2361
318	6	2787
1029	3	3531
1793	6	3499
597	2	2797
408	5	2358
922	1	2348
726	1	2348
325	0	3514
222	4	2353
441	4	2353
485	4	2353
652	4	2353
1052	0	5070
1408	0	4114
1929	5	2417
1461	3	3860
1227	5	2417
48	6	5071
340	6	4754
1295	2	2468
1666	2	2403
1725	2	2361
1106	2	2350
1648	6	3709
751	1	5073
2139	6	5074
1548	2	2361
321	5	2373
1042	0	5075
61	2	2710
919	5	2358
992	6	5076
868	1	2348
930	3	3046
349	2	2361
961	4	2353
1564	0	2716
29	3	5077
1510	6	5022
377	1	2348
1458	4	2413
2126	2	2403
1100	5	2358
563	6	3255
346	0	5078
870	4	2773
199	6	2533
2039	0	2510
582	5	2358
1529	6	5079
715	5	2373
1912	5	2358
1963	0	5080
1232	2	2350
1167	2	2350
1296	2	2354
1216	2	2367
1118	2	2367
1139	4	2353
26	5	2358
2094	1	2348
1225	6	3418
185	0	5081
64	2	2350
1326	1	2348
966	5	2358
1194	0	5082
164	1	2348
1860	0	5083
2142	0	5084
1959	0	5085
646	2	2404
835	1	2348
540	5	2358
169	5	2358
1703	2	2361
608	2	2386
1467	2	2468
915	6	5086
2009	6	3326
1126	0	3865
51	1	2348
1918	0	5087
1647	6	5088
565	5	2358
1432	2	2465
635	1	2348
718	3	3149
480	0	5089
1507	2	2378
1461	0	5090
56	2	2468
1018	0	5065
1402	5	2373
1433	4	2353
2064	1	2654
433	1	2348
2143	4	2353
2143	0	4006
519	5	2358
1664	0	5093
1979	4	2353
1747	0	5095
1626	5	2358
1419	4	2353
1694	6	4261
882	0	2347
1161	2	2404
55	2	2465
1199	5	2417
101	0	2803
323	1	2348
1179	2	2371
961	6	3298
723	0	3726
557	4	2353
201	5	2358
190	2	2361
1100	1	2348
224	6	5096
449	6	5097
489	6	2380
940	2	2403
1643	5	2358
872	0	4794
1045	0	2690
1566	0	3207
446	2	2378
161	1	2348
253	6	2553
1341	2	2361
681	1	2348
343	4	2356
254	4	2353
1082	2	2367
856	3	3289
1767	2	2362
632	2	2398
1911	0	5100
1886	2	2386
894	2	2378
527	2	2350
990	6	3354
779	2	2404
777	6	5102
952	2	2404
49	4	2353
738	5	2373
738	0	4735
848	0	3429
134	2	2361
1746	4	2353
1936	2	2378
1200	6	5104
106	2	2371
482	4	2353
350	2	2361
652	6	2771
1152	3	5105
1916	6	3868
1434	2	2361
344	6	3803
146	5	2358
2050	2	2398
1867	6	5106
792	2	2398
499	1	2348
1190	1	2348
1395	0	5107
1293	2	2468
1293	0	5108
105	2	2350
1423	5	2358
1002	4	2413
926	5	2417
1540	1	2348
1815	6	3859
66	2	2361
1179	0	2766
1450	0	3999
563	2	2367
1521	6	5110
1447	6	4912
458	1	2540
1373	0	5111
1013	5	2358
758	6	2531
558	6	4899
908	5	2358
1167	2	2404
1848	4	2353
1954	1	2348
1877	2	2710
1191	0	5112
1915	0	5113
307	2	2404
281	4	2353
573	5	2417
1271	2	2386
1264	2	2350
530	2	2350
5	6	5115
317	2	2361
358	3	5116
1158	4	2353
1812	2	2386
1767	0	5117
376	6	3641
1514	1	2348
730	1	2348
1886	6	5118
1207	2	2468
1138	3	2532
1853	2	2361
1509	1	2348
1571	2	2350
305	6	3467
1400	6	5119
1964	3	5120
85	2	2371
646	1	2348
1785	0	4871
653	5	2358
191	3	2402
1984	4	2353
1261	0	2383
274	4	2353
221	5	2373
664	2	2398
1642	4	2353
157	0	2858
1017	2	2468
130	2	2361
880	4	2353
284	3	2973
402	5	2358
41	5	2373
1413	1	2463
1413	5	2358
1149	2	2386
1302	1	2348
448	6	5121
350	2	2350
1384	4	2413
652	2	2361
467	0	5122
34	2	2378
492	4	2353
1680	1	2463
453	3	5123
477	4	2353
1754	6	5124
1807	3	5125
1403	6	5128
206	5	2358
473	4	2353
792	0	2584
1160	0	4855
1190	2	2404
256	2	2350
519	2	2361
1123	6	3843
2019	0	5129
549	2	2361
1105	6	3747
895	1	2484
753	6	3298
834	3	5130
1510	5	2623
1375	2	2361
247	2	2404
1254	2	2390
1809	4	2353
593	5	2358
1819	0	5131
2021	6	3570
361	3	4077
361	0	5133
279	2	2350
260	1	2348
1236	2	2367
2055	2	2350
2062	3	5124
127	3	2539
1374	2	2361
1526	1	3196
831	4	2353
885	4	2353
1729	4	2353
1568	2	2361
432	0	2845
1947	2	2375
1028	1	2348
155	1	2348
10	1	3196
5	0	3383
1087	6	5134
1257	2	2367
334	3	5135
382	1	2381
936	2	2404
376	4	2353
1549	4	2376
1549	1	2463
184	6	5137
354	5	2373
1030	1	2348
395	6	3963
464	5	2358
261	3	4376
85	2	2367
327	6	2437
309	6	3759
208	5	2373
981	4	2353
1426	4	2353
974	4	2353
1465	6	5138
47	1	3576
1601	0	5139
1996	3	5140
1567	5	2358
1522	2	2361
822	4	2477
298	4	2353
298	1	2348
465	1	2463
1111	3	3701
1728	3	3020
545	2	2361
485	2	2375
1791	1	2348
497	1	2348
116	6	5141
1826	1	2586
433	4	2353
300	2	2386
206	2	2361
1395	2	2468
1548	6	3011
1938	6	2766
1893	0	3504
678	0	4225
1123	2	2361
1747	1	2348
1229	4	2353
1755	4	2353
177	2	2350
627	2	2460
484	2	2404
1085	4	2353
523	0	5142
757	4	2518
757	6	5143
572	2	2404
743	1	2348
1937	2	2386
2039	6	3154
1556	2	2378
2132	0	4469
765	3	2491
1566	1	2654
669	1	2381
866	2	2361
809	4	2353
1739	3	2441
1954	6	4685
2136	3	4370
2062	2	2361
1992	2	2350
131	2	2367
1246	3	5145
137	2	2350
124	0	5146
35	4	2397
1225	6	5147
185	2	2378
1859	0	5148
1543	1	2348
936	5	2358
714	0	5149
1506	3	5150
246	2	2350
1273	4	2353
1352	0	5151
2070	2	2404
2082	6	4098
1278	0	3331
240	6	3337
363	4	2353
995	6	2688
1645	2	2361
2001	4	2353
651	0	3873
1057	6	4156
1831	0	5153
320	5	2358
1281	2	2350
777	2	2371
1945	2	2350
1907	2	2350
1366	2	2468
306	0	5154
1258	6	5155
1314	3	5156
1094	1	2348
736	6	5068
1108	4	2353
742	0	5157
2016	1	2348
876	5	2373
770	4	2353
1746	1	2348
760	4	2353
325	4	2353
457	1	2348
920	2	2361
1484	5	2358
1299	1	2348
1358	3	5158
110	2	2468
1384	2	2398
13	0	3696
262	0	2516
1224	3	5159
399	2	2350
2014	0	5160
1654	4	2353
1864	4	2353
1832	6	5161
459	6	2996
1402	1	2654
1735	3	5162
6	5	2373
300	6	2669
1548	2	2368
32	6	5163
1226	2	2361
674	2	2361
691	2	2403
1675	0	5164
1976	2	2350
349	5	2358
484	3	3406
76	6	5166
1987	4	2477
1594	2	2350
1486	1	2469
1184	3	5167
2069	6	4030
1998	6	3184
170	5	2358
224	2	2350
1671	4	2353
1899	1	2348
225	2	2371
1931	1	2348
969	6	4668
172	3	4845
1373	1	2348
587	0	5081
1385	2	2350
1679	2	2378
1963	1	2348
71	6	4462
1960	5	2373
371	2	2361
989	3	5168
703	2	2404
1446	2	2404
2112	4	2773
1292	6	5169
5	4	2353
1193	4	2353
505	2	2367
210	0	5170
910	5	2373
815	1	2348
1438	6	3947
710	1	5173
133	0	5174
879	3	3070
612	2	2375
844	2	2350
1335	0	3944
1017	6	5176
583	2	2403
1692	5	2358
2002	1	2348
1111	5	2373
848	2	2361
134	3	5177
295	1	2469
1432	1	2348
1188	4	2353
34	3	5178
599	1	3196
740	4	2353
2072	5	2358
775	4	2518
1863	4	2353
1125	0	5081
1524	2	2398
1754	3	5124
965	4	2353
214	3	3156
1376	0	5180
1453	1	2348
1106	3	2973
2103	6	5181
1362	3	5182
1694	0	5183
1342	4	2376
1342	2	2361
590	1	2348
767	2	2404
1105	3	3972
1815	0	5184
627	2	2371
87	6	2826
476	4	2353
1787	6	5185
930	1	2348
1794	3	2980
1961	1	2348
2069	4	2353
1639	4	2353
458	0	5187
1937	3	5189
1013	6	5190
582	6	4999
576	2	2468
1045	3	2508
1635	2	2361
1187	2	2398
1679	6	5191
570	5	2358
446	6	4794
534	0	2827
989	2	2361
1989	0	5192
161	5	2358
2018	3	3664
2136	4	2353
73	2	2403
675	4	2353
521	2	2710
1022	2	2465
1022	1	2348
1449	2	2361
771	1	2348
1008	3	2572
155	4	2353
2063	2	2375
505	0	2443
1580	2	2468
451	2	2390
1738	0	5193
504	0	5194
1767	3	4741
1766	2	2361
966	6	4233
1955	1	2825
1289	1	2348
1860	3	5195
1657	0	5196
1997	2	2371
363	2	2398
309	0	4533
1255	2	2361
1703	0	5199
1676	2	2398
204	5	2373
1154	1	2348
1456	0	5039
808	2	2361
1314	2	2565
658	0	5200
1094	0	5201
1559	2	2350
1383	1	2348
2022	0	5202
1126	4	2353
1124	2	2404
1065	4	2353
1065	6	4051
1484	0	5203
652	2	2350
1382	6	5204
670	0	4189
78	0	5205
1485	0	5058
1754	1	2348
1259	2	2410
1941	2	2350
682	0	2792
1865	0	2852
1430	5	2417
1403	0	5128
1664	6	5009
321	0	2407
930	5	2417
580	3	5206
1564	2	2386
696	6	5207
291	4	2477
1417	1	2348
1390	2	2386
826	0	5208
734	2	2361
1068	1	2348
524	1	2348
862	6	4850
929	1	2348
542	5	2373
1783	3	3884
1641	2	2404
1306	6	2769
493	0	4480
2045	6	4089
533	2	2460
1553	2	2371
2110	2	2350
1446	4	2353
1906	3	4547
217	5	2417
2140	0	3265
124	3	2495
277	1	2654
856	0	3738
687	1	2348
252	2	2465
158	2	2468
714	0	3139
2118	4	2353
1765	6	5209
979	2	2398
1536	2	2350
460	2	2710
2085	2	2375
193	4	2353
193	1	2348
2065	0	3033
612	6	2543
285	2	2367
779	6	5210
47	0	3485
72	6	5211
2114	4	2356
1281	3	5212
1581	3	3426
1547	1	2348
1440	2	2367
2011	6	3650
1948	6	2837
286	5	2358
850	3	5214
1078	1	5045
328	2	2371
2091	3	5215
2131	0	4606
2073	1	2348
670	3	3437
1528	3	5216
422	1	2348
1418	4	2353
708	6	3607
1083	5	2417
1183	0	2391
1586	1	2654
202	1	2348
436	0	5217
1913	5	2358
1443	4	2353
1664	2	2371
1979	2	2361
1168	4	2353
2078	1	2463
2108	0	5218
45	2	2361
1755	1	2348
1908	0	5219
1248	2	2350
2054	3	2973
1952	1	2743
1100	0	2416
1940	1	2348
2084	5	2358
698	5	2417
162	2	2361
1077	5	2417
712	2	2398
1577	6	4138
1012	0	4823
673	6	3492
2003	0	4641
183	5	2373
1932	6	4383
1247	0	5220
912	0	3521
654	5	2417
676	0	5221
2098	5	2417
1812	1	2348
663	1	2348
1060	3	5223
1845	0	5224
1986	2	2361
962	2	2361
817	3	5225
561	0	3431
552	2	2361
1147	1	2348
483	3	2658
894	0	2727
2038	0	5226
1133	1	2348
1784	2	2465
2093	1	2348
658	0	2380
1117	2	2460
850	2	2404
1072	1	2348
2095	0	5227
1331	6	4412
215	2	2404
2149	3	5228
1843	1	2348
342	1	2348
216	1	2348
1680	6	5229
1516	0	5230
776	2	2361
1136	5	2417
335	2	2404
475	0	2609
146	0	5231
1605	2	2398
150	2	2378
1282	4	2397
206	4	2413
1196	6	3292
1608	0	2552
999	4	2413
2115	1	2654
1557	0	4794
1632	2	2368
868	2	2361
1875	0	2365
323	3	3020
525	1	2348
683	6	3746
1203	1	2348
426	2	2371
1390	1	2348
338	6	5232
1005	2	2465
1769	0	5233
1776	1	2463
996	1	2348
1346	6	2640
68	1	2348
2021	0	5234
303	1	3642
1012	3	5235
2123	5	2358
1410	0	3918
127	1	2463
423	2	2375
1777	3	5236
2024	2	2378
737	3	4386
1944	2	2371
355	2	2361
2030	1	2348
2030	3	5237
10	1	2348
706	4	2353
1580	1	2348
631	6	3748
774	0	5238
1192	5	2417
1816	1	2348
2082	0	5239
1894	6	3787
1509	5	2373
439	2	2350
356	2	2350
786	1	2348
1705	1	2348
550	2	2361
269	1	2348
1984	0	2931
1691	1	2348
705	6	3449
1736	0	5240
844	1	2348
167	3	5241
1482	0	5242
1029	0	5243
30	2	2465
1288	2	2350
28	5	2373
1200	3	5182
328	0	3253
1726	0	4979
1791	6	2443
1463	2	2361
1667	1	2348
1477	4	2353
772	1	2348
516	1	2348
410	0	3504
747	4	2353
1091	2	2465
1669	5	2358
1423	2	2361
820	2	2468
1675	2	2375
1424	2	2468
855	3	4952
1174	1	2348
1452	2	2361
984	6	5244
1578	2	2371
1631	1	2558
580	6	5245
1695	2	2565
1704	0	4311
1539	2	2350
518	0	4277
1392	2	2465
1981	2	2403
1283	6	5246
1708	5	2373
203	4	2353
534	5	2623
1739	2	2361
1954	2	2367
1553	0	3032
1294	1	2348
741	1	2348
881	0	3295
1550	4	2353
702	1	2348
1349	1	2463
1041	4	2353
258	0	5248
1158	2	2565
1766	2	2404
714	2	2350
924	4	2353
198	6	3110
1003	2	2361
810	6	5249
1637	5	2373
356	5	2358
537	5	2358
1896	4	2353
460	1	2348
1951	4	2353
612	3	4455
1089	0	5250
1581	0	5251
1367	5	2358
1587	6	3955
2008	6	3051
1215	5	2358
1829	0	5252
1616	5	2373
1250	1	2450
110	2	2386
1678	0	4585
622	1	2348
422	4	2413
1096	1	2348
1240	1	2348
506	0	4218
1913	2	2362
104	6	2883
294	2	2371
1606	2	2574
733	2	2367
256	0	3046
345	6	5253
1579	2	2367
919	2	2404
1303	4	2353
1512	6	4364
749	1	2348
954	6	5254
1961	2	2361
1218	0	5255
431	1	2348
752	0	4293
1998	5	2358
1952	1	2348
1497	2	2350
1348	2	2378
1539	3	5256
2028	2	2460
292	3	2431
543	5	2358
904	3	5257
587	4	2353
1132	2	2361
931	5	2358
385	3	5258
279	0	4193
916	2	2371
959	3	2593
1888	1	2348
1102	2	2404
1526	4	2397
1247	0	3184
885	0	5259
367	1	2463
281	0	5260
88	1	2348
35	0	3747
1349	6	5261
1800	6	3139
1800	1	2348
7	0	4378
892	1	2348
1076	5	2358
1988	0	3052
212	3	3446
998	3	4196
141	1	2463
774	2	2378
1394	6	5263
1911	1	2381
1119	4	2413
1210	2	2710
710	1	2348
1372	2	2468
274	3	4285
974	2	2350
860	2	2368
1642	3	3532
1089	6	5264
1498	1	5265
2096	6	3302
600	2	2350
713	6	4503
496	2	2362
503	4	2353
1956	2	2361
49	6	5266
2109	6	5267
1482	4	2413
1559	4	2353
134	6	4117
1946	2	2403
980	2	2398
494	2	2404
1126	3	5269
1843	4	2413
1770	1	2348
2043	2	2354
2072	2	2371
1863	0	5270
46	3	4820
1151	2	2465
1674	2	2367
1778	2	2361
375	1	2348
487	4	2353
1295	4	2353
1176	2	2361
1868	2	2367
1018	4	2353
366	2	2378
559	3	3729
1317	5	2417
61	4	2353
2060	0	4409
868	5	2417
1478	2	2386
1303	6	2546
393	6	5272
1628	6	2911
151	5	2417
840	3	3295
782	3	5273
1171	6	5274
1639	2	2361
1497	2	2361
642	0	5275
1927	3	4845
967	1	2348
866	2	2386
1591	4	2376
1216	0	5276
83	5	2417
1696	5	2417
1711	5	2358
1543	4	2353
1738	3	2383
141	6	2643
842	2	2361
728	5	2358
1260	1	2348
810	2	2468
979	3	4485
396	2	2361
1426	2	2362
941	1	2348
2001	0	2961
612	5	2358
1467	1	2348
405	2	2378
1722	0	5278
1258	1	2348
1829	2	2465
394	2	2398
1873	2	2465
1288	3	5279
568	6	4526
1035	2	2404
1499	3	2372
1535	5	2358
622	0	5280
1684	0	2787
78	1	2348
684	2	2367
1120	1	2348
1846	5	2373
776	2	2710
1756	1	2654
1813	0	5281
264	5	2358
1403	2	2465
1750	6	5282
1196	1	2348
1835	2	2404
1669	2	2350
581	1	2348
1675	0	5283
859	2	2465
1037	5	2417
1525	4	2353
829	2	2386
1101	2	2354
1510	2	2350
1486	2	2465
1348	2	2350
430	2	2468
655	4	2353
543	1	2348
1306	0	5285
1401	4	2353
878	5	2358
1038	6	3512
2116	2	2350
1786	2	2361
771	5	2373
1930	1	2348
185	1	2348
19	0	4273
1800	4	2353
1800	5	2358
1800	0	5286
783	5	2358
2098	1	2469
81	3	3646
913	5	2358
1934	4	2353
102	5	2373
1866	1	2348
1624	1	2381
2114	3	5287
169	2	2465
600	2	2361
1538	6	2531
986	1	2348
2002	3	5288
2121	1	2348
876	0	3844
1288	2	2398
109	4	2353
756	3	5289
325	0	3015
1031	1	2348
1541	2	2350
9	0	5290
78	4	2353
92	2	2465
2014	4	2353
1890	1	2348
1524	5	2358
1847	2	2361
506	2	2404
747	2	2354
1205	0	4421
1	0	5292
1620	5	2373
1196	1	2558
1368	5	2358
1983	2	2371
1048	1	5073
849	2	2386
1902	2	2403
1342	5	2358
45	6	5212
2145	5	2358
590	6	5293
66	0	5294
392	2	2350
971	3	5295
1231	2	2398
1005	3	2833
112	5	2358
1406	0	5296
1899	1	2654
1689	1	2348
972	2	2350
972	0	2775
1262	2	2367
617	6	5298
2047	4	2353
1038	4	2353
1804	0	5299
314	0	4781
1992	3	5300
1191	6	5301
1928	1	2348
471	6	3525
91	2	2362
1441	4	2353
14	1	2348
1974	2	2367
339	6	5302
339	1	2348
1009	0	5303
687	4	2353
334	4	2353
2120	3	3004
1192	2	2378
395	1	2348
108	3	5304
1214	3	2420
1536	0	2347
1964	2	2361
662	3	3289
2089	3	5305
1471	1	2348
1691	6	2961
717	4	2353
1389	0	5306
2065	1	2412
1213	2	2386
1701	6	4139
1763	0	3122
1089	0	2564
784	2	2361
608	2	2361
1881	5	2373
791	1	2348
1466	4	2353
402	0	2753
1072	0	2435
3	4	2353
891	5	2358
770	1	2348
871	0	3127
149	2	2362
1110	3	3489
515	3	5307
1188	3	2431
1770	3	4609
1503	1	2348
1499	4	2353
744	2	2361
187	4	2353
383	0	5308
344	2	2350
965	5	2373
319	1	2348
512	1	2348
32	0	5163
761	4	2353
248	0	2432
678	0	3597
674	6	4179
117	2	2354
926	0	2766
591	2	2386
1269	1	2348
400	2	2404
1101	2	2350
82	0	5309
1884	5	2358
1987	4	2353
1987	1	2348
338	5	2623
1532	5	2358
853	3	4491
170	6	3213
1690	1	2348
199	2	2404
16	5	2358
1700	2	2361
765	2	2465
669	4	2353
694	1	2348
1357	2	2398
1789	4	2353
1888	5	2417
729	1	2348
31	5	2358
2047	3	5310
624	1	2743
91	2	2367
2026	4	2353
234	3	5311
657	1	2348
273	6	2636
64	6	3419
317	3	3878
1082	2	2460
2120	2	2361
2120	0	5312
1158	1	3307
504	6	5313
632	0	2903
978	4	2353
178	1	2463
479	2	2404
85	2	2386
803	0	4126
958	1	2348
653	0	2666
2038	2	2378
1544	4	2353
1274	0	5314
1901	3	2979
402	1	2348
41	0	5315
478	0	4480
331	5	2373
1572	0	5316
3	1	2348
1124	4	2353
1852	1	2348
259	4	2353
626	4	2413
1176	6	4751
1586	1	2381
214	2	2404
1991	2	2350
311	0	3292
300	0	2669
115	2	2361
536	3	5318
1655	3	2653
877	4	2773
384	2	2367
384	5	2373
1755	2	2398
1908	2	2390
627	2	2367
749	6	2686
200	5	2373
904	1	2647
587	5	2358
207	0	2431
1051	2	2386
1552	3	3426
359	6	5319
1099	2	2350
959	5	2358
2055	0	4361
1954	4	2376
1364	3	5321
821	5	2358
2128	5	2417
1404	1	2586
1526	1	3782
424	3	5322
912	5	2358
836	5	2358
14	5	2373
35	0	5323
1457	3	5324
339	2	2350
339	0	5325
1439	3	5326
1098	1	2348
1234	2	2350
2057	1	2348
1060	0	5327
128	2	2350
1116	0	2347
1637	4	2353
439	2	2361
327	4	2353
2067	2	2378
779	1	2348
745	6	3285
1737	5	2358
520	2	2371
1323	2	2404
1011	4	2353
1482	0	5328
1810	6	2427
215	2	2710
827	0	4589
230	4	2413
626	5	2417
1611	5	2358
1858	2	2398
804	2	2465
1151	2	2361
1507	2	2367
666	2	2361
1756	5	2358
1792	2	2367
336	6	5331
2108	6	5218
113	6	3285
288	4	2353
1525	0	5332
1734	2	2710
426	6	4462
1218	3	5333
181	4	5334
1254	0	3139
481	1	2348
1952	2	2367
121	0	3832
430	6	2485
969	2	2361
1795	1	2654
2039	0	5335
1071	2	2371
596	0	5336
68	0	3767
931	2	2361
1569	2	2350
1109	5	2623
916	4	2353
1960	1	2348
1877	5	2358
290	2	2361
471	3	4811
675	3	2759
2026	1	2348
702	6	3297
1333	2	2398
1349	2	2361
1464	2	2350
64	3	4168
236	4	2353
833	1	2654
1379	2	2404
1158	2	2361
1812	2	2460
924	2	2350
1657	3	5337
1207	5	2358
1958	6	5338
427	2	2565
1400	2	2375
1278	4	2353
1328	4	2353
662	0	2552
552	1	2558
403	2	2362
1866	5	2358
705	3	3449
1480	2	2361
204	0	2401
1933	3	5340
1258	4	2353
1276	0	5341
1692	4	2353
1288	2	2371
310	3	3192
2147	5	2358
622	2	2367
1590	2	2403
846	2	2404
609	4	2353
2040	3	5342
1768	4	2353
38	0	2977
1941	2	2354
1990	0	5343
1402	3	3156
1743	1	2654
1048	1	2381
1779	2	2367
153	2	2361
1699	0	5344
1557	6	3005
643	1	2348
531	2	2361
1578	3	5345
1794	2	2375
1454	2	2371
201	3	4442
29	0	4459
338	1	2348
170	2	2350
1925	2	2350
224	2	2378
225	2	2465
2135	2	2361
1643	2	2350
510	5	2623
1909	2	2465
233	2	2361
2012	5	2358
2100	0	2727
381	0	3525
908	1	2586
129	0	2741
253	5	2358
226	5	2358
223	0	5346
2047	4	2413
681	6	3703
1928	0	5347
1926	5	2417
488	6	2728
1292	0	3833
1347	2	2468
1609	2	2350
389	2	2361
1222	3	4164
530	2	2460
411	2	2378
463	2	2354
514	5	2358
1211	5	2358
631	0	5348
74	4	2353
1098	4	2353
257	0	2383
470	6	5349
553	5	2358
132	2	2361
564	2	2565
1060	0	5351
974	5	2358
43	1	2348
221	3	3401
1465	4	2773
285	3	2699
72	2	2378
1697	2	2375
320	0	4493
1017	1	2348
1153	0	5352
1221	0	5353
1956	5	2623
623	2	2386
583	1	2348
1788	5	2358
754	1	5354
1094	6	5355
1029	4	2353
1793	1	2348
621	0	3034
597	4	2353
1302	2	2367
548	2	2350
574	2	2710
515	0	5151
1189	3	2593
1125	2	2386
2014	2	2362
477	6	3464
2041	6	5357
1044	0	3320
1183	1	2348
1309	0	3076
709	4	2353
2051	4	2353
660	2	2375
1735	2	2371
766	2	2361
512	5	2358
1973	0	3292
1792	6	4508
869	6	5071
1039	0	2693
643	2	2565
1775	2	2403
59	4	2353
1953	2	2361
829	1	2348
1631	1	2348
1622	2	2368
144	2	2361
1653	1	2348
524	5	2623
929	0	3315
304	4	2353
207	1	2348
921	2	2404
68	5	2358
1566	2	2367
421	1	2348
533	0	4418
933	0	2783
1972	4	2353
73	6	5358
2044	0	5359
21	4	2353
19	4	2376
258	0	5360
317	5	2358
195	0	5361
1340	2	2362
2098	0	5362
1970	0	5363
1509	3	2495
1455	2	2361
981	0	5364
452	5	2417
1142	0	5365
651	3	3070
2067	3	4292
1869	5	2358
1703	4	2353
205	3	5366
1367	3	5367
365	2	2361
791	0	3504
402	2	2404
738	3	4303
1149	2	2371
219	2	2367
1900	2	2404
408	3	3200
976	2	2361
438	2	2386
650	1	2828
574	2	2361
1472	4	2353
1611	0	4903
1243	1	2348
804	4	2353
1088	2	2386
846	3	2842
174	3	4455
70	0	2486
818	4	2353
684	3	4370
1120	6	4908
1846	6	5096
344	0	5369
1513	4	2353
554	1	2654
1605	2	2367
1106	1	2348
2139	3	3739
468	3	5370
581	5	2358
1424	0	2557
868	3	2401
1105	2	2398
1301	2	2361
1953	3	5371
834	5	2358
1695	5	2417
377	2	2350
1445	6	5372
1518	4	2353
434	2	2361
636	2	2361
1320	4	2773
2021	5	2417
279	2	2361
53	2	2378
688	2	2361
446	2	2350
148	0	4532
2062	1	2348
2080	1	2348
832	3	5373
1870	3	3643
353	0	3853
1681	3	3469
1008	0	5374
1008	0	3100
19	1	2463
631	5	2373
210	2	2350
184	2	2390
1816	6	3564
108	1	2348
659	4	2353
1455	5	2373
875	1	2647
1055	2	2371
285	2	2398
1945	1	2654
469	2	2398
2007	0	5376
1019	4	2353
822	0	5377
402	2	2350
640	2	2350
2137	5	2417
871	6	2591
613	1	2450
106	2	2367
1542	2	2404
804	0	4393
609	6	2380
2099	0	5378
709	0	4003
1725	5	2373
559	5	2373
711	0	5379
806	4	2353
176	4	2376
699	2	2362
1707	6	5380
1837	6	5381
1612	5	2358
591	0	4084
1303	2	2371
895	4	2353
580	1	2348
1411	2	2362
716	4	2353
1101	0	2407
237	4	2353
289	2	2350
757	2	2404
750	6	2922
501	1	2348
872	0	5382
1337	0	5383
945	0	3024
303	2	2404
1789	5	2358
129	4	2353
1838	5	2417
1876	4	2353
197	2	2404
1292	0	5021
1464	3	5384
706	2	2403
1087	2	2378
1193	5	2358
1162	6	2824
505	4	2353
1211	4	2413
1379	1	2348
257	2	2465
1249	2	2350
1673	0	5385
1220	0	5386
376	1	2348
1206	2	2350
924	2	2361
1210	1	2348
1372	2	2350
1335	2	2371
405	0	4261
955	6	5387
583	4	2353
302	0	5388
1111	6	5389
647	1	2558
408	2	2367
450	2	2362
28	6	3220
650	1	2586
486	1	2348
568	2	2465
110	1	2348
1560	1	2348
1086	0	5390
2035	3	2531
114	5	2417
762	6	5391
1092	6	4156
477	1	2463
529	2	2390
1330	6	5392
763	1	2348
1430	3	3289
1608	2	2350
1160	5	2417
391	3	5394
2103	1	2348
1893	4	2353
1802	5	2417
1675	6	5395
992	0	4199
1263	2	2371
1520	3	5396
1492	5	2358
362	1	2348
1435	4	2353
1679	2	2460
0	5	2623
785	5	2373
1789	1	2348
2123	2	2404
1285	6	5397
2003	0	5398
1341	3	5399
1932	2	2404
885	3	5400
1861	2	2367
1926	2	2350
759	2	2350
1969	0	5363
19	2	2386
1505	3	5401
856	4	2353
257	4	2353
2057	2	2371
1220	2	2350
1386	1	3196
1504	5	2358
913	6	2734
803	0	5402
2089	2	2361
1740	0	5403
1840	3	5404
653	2	2465
186	1	2412
1195	2	2404
2038	6	5405
1142	4	2353
1934	2	2375
1697	1	2381
287	6	3787
1338	1	2348
1996	4	2353
880	3	5406
405	6	5407
1722	2	2350
658	6	2380
754	6	4719
1829	6	5408
1327	0	3980
565	3	2491
1150	2	2361
622	2	2386
2073	6	2531
1121	3	3126
1178	0	3251
1709	0	5409
948	0	5410
1516	2	2350
2148	0	5411
399	6	4310
1507	0	5412
2014	6	5413
1183	4	2353
1120	0	5414
671	5	2417
1513	1	2348
1990	0	5415
1913	6	2792
1599	6	3256
806	6	5417
345	5	2358
1415	2	2403
1318	1	2348
123	5	2373
1675	1	2348
951	2	2710
769	3	5418
2048	3	3593
392	0	5419
1695	1	2348
1414	2	2465
1720	5	2417
1998	1	2348
1348	1	2348
119	0	5420
969	2	2367
1689	6	2543
1316	2	2350
1602	0	2896
1341	6	5421
793	2	2361
1777	6	3003
630	6	2690
2134	3	5422
843	1	2348
2004	0	3836
1493	4	2353
1712	1	2348
505	1	4035
1462	2	2350
585	3	5424
680	5	2358
1894	0	2445
1050	2	2367
1328	1	2348
1975	0	5425
1355	2	2361
1849	5	2373
974	2	2404
221	6	3110
1253	3	5427
1481	4	2353
242	5	2373
719	1	2348
1996	6	5081
1676	1	2348
1322	1	2348
1823	0	3977
351	6	4812
1440	1	2348
298	2	2361
736	1	2828
1728	1	2348
1501	3	3906
1416	2	2350
1288	1	2348
1396	1	2348
718	2	2361
1188	2	2350
9	0	5429
535	0	5430
1730	2	2386
1677	0	5431
1240	2	2468
38	6	5432
436	2	2371
1430	2	2350
1360	0	5102
391	2	2361
1280	2	2361
2078	0	5433
674	1	2348
2019	2	2361
1512	0	5434
66	6	5435
1010	2	2468
2048	4	2353
1656	0	4028
1532	1	2348
1521	2	2350
929	2	2350
1905	2	2350
2012	1	2348
2021	2	2371
1796	4	2353
809	3	5436
2044	1	2348
885	5	2358
83	4	2353
1388	0	5437
1800	0	5438
2063	4	2353
1079	3	5439
1457	0	5440
1859	3	5441
1974	3	5442
620	2	2403
461	4	2518
1266	2	2710
1658	2	2361
710	4	2353
1887	0	5443
662	2	2386
1785	5	2417
667	5	2358
1481	0	5444
860	2	2404
1701	1	2348
1601	2	2410
1596	3	5445
417	4	2397
1956	3	2837
244	2	2350
1746	6	5208
1488	1	2348
2032	3	2642
650	2	2361
1684	4	2353
97	6	4746
1921	6	5448
340	2	2361
1267	6	2383
1259	0	5449
1599	1	2654
519	2	2465
1979	0	5450
2029	6	2459
2119	3	5451
1902	6	5452
1424	1	2348
1650	6	4057
1023	2	2468
312	2	2361
2000	2	2371
440	1	2348
971	1	2348
1254	2	2361
940	2	2368
665	0	5453
2132	4	2353
972	5	2358
1561	3	5454
781	1	2654
1487	4	2353
821	0	5456
79	1	2348
957	2	2460
1995	6	3689
1550	2	2375
301	2	2361
521	5	2417
1748	4	2353
10	5	2358
1718	1	2348
180	3	5457
1505	0	5458
861	3	5459
861	0	3199
632	2	2371
1955	4	2413
1955	0	4331
1702	4	2518
2129	4	2413
184	5	2623
939	4	2353
464	0	5461
305	2	2350
1050	5	2417
1155	3	5462
1610	0	2615
958	2	2404
537	4	2376
1624	2	2361
1213	1	2348
1398	1	2348
690	3	3046
272	5	2417
1741	2	2468
302	5	2373
1559	0	4266
1919	1	2348
331	1	2348
40	2	2371
760	1	2348
486	0	5464
2068	0	4991
1312	3	2878
1503	6	4025
789	1	2348
1243	5	2417
1159	1	2381
114	0	5465
92	2	2371
1129	5	2623
927	6	4085
146	1	2348
1166	0	5466
1865	3	3043
115	1	2348
1634	1	3196
689	1	2469
1496	3	5468
1174	5	2358
1451	6	3320
517	5	2358
2075	3	5469
1144	6	2951
1411	5	2358
1204	3	4554
893	2	2574
890	4	2353
1431	6	3810
563	2	2378
225	5	2373
1531	2	2371
1517	2	2404
1733	2	2362
1298	3	5470
96	0	5471
1796	6	5392
1830	1	2348
768	5	2358
1744	2	2403
793	5	2358
1623	2	2390
1324	2	2362
832	1	2348
1969	1	2348
1429	6	3194
1580	0	2883
998	1	2463
1158	1	2348
714	4	2353
714	0	3954
1975	2	2367
1885	5	2358
1652	3	5472
550	5	2358
1089	0	5473
914	1	2348
1522	0	3989
1314	2	2361
1209	3	5474
700	2	2468
923	2	2350
219	6	2498
1479	3	4455
1126	5	2373
182	2	2361
2032	1	2540
511	4	2353
17	2	2404
2053	1	2348
1421	6	5476
1384	1	2463
2073	2	2371
1121	4	2353
1182	4	2353
1542	0	5477
1614	0	5309
92	4	2353
15	1	2348
1507	2	2350
1081	6	5478
684	0	5479
459	2	2361
1166	5	2358
1990	3	5424
202	4	2518
311	2	2367
598	3	5480
165	1	2348
538	6	5481
1973	3	5482
2133	1	2463
1655	0	5483
1650	0	4059
1056	5	2417
1452	4	2413
951	3	3632
2056	6	5484
151	0	3597
1203	4	2353
1203	2	2468
1683	4	2353
588	1	2463
247	5	2373
1653	4	2353
449	0	5097
1531	0	5075
1937	6	4012
1688	6	4255
1492	1	2348
1180	3	5485
1830	2	2364
1576	6	2824
1062	2	2367
290	5	2358
1872	2	2565
127	1	2654
24	3	5486
1854	4	2353
1854	6	5088
21	2	2361
413	1	2463
131	6	5487
1906	4	2413
1851	1	2348
993	4	2353
1786	5	2417
2034	4	2353
856	2	2375
783	1	2348
1766	3	5488
794	0	5489
1727	1	2348
1266	2	2361
2071	2	2361
1260	2	2375
550	1	2348
242	2	2350
860	5	2417
1133	5	2358
1057	1	2828
157	5	2373
1855	1	2348
1698	2	2362
1154	0	5490
315	0	5491
1587	2	2350
1325	1	2348
379	4	2397
397	2	2361
2077	0	5492
1286	2	2361
1946	2	2368
1773	0	4785
438	2	2468
1396	4	2353
1197	3	2599
968	5	2358
276	3	5493
1188	0	2431
1312	6	5494
1312	0	4690
1243	2	2350
422	0	5495
1672	6	5459
1477	2	2378
1806	6	4760
1183	6	2391
1573	6	5496
512	6	4192
2133	6	5497
1156	6	3992
1199	1	2348
749	2	2710
782	4	2413
1758	2	2350
1822	1	2348
524	0	5498
1880	0	5499
297	2	2361
2028	2	2378
2028	0	5500
1491	0	5501
641	0	4800
636	0	5075
1334	5	2623
1334	0	3944
1306	4	2353
1739	0	4212
1459	1	2348
883	0	4839
1992	4	2353
413	2	2468
668	1	2348
1915	6	5104
1842	2	2362
69	3	5502
360	5	2358
934	5	2358
1609	6	5503
1711	6	3598
2127	1	2348
1883	0	5504
1087	2	2386
195	1	2348
2057	2	2361
815	3	5505
267	2	2361
1910	0	2552
979	2	2378
667	6	4189
537	6	2480
1705	3	5212
309	2	2361
835	5	2358
987	4	2353
1554	1	2348
1480	5	2373
2067	0	4675
495	1	2348
1581	0	5506
1649	2	2404
469	0	5507
1823	3	5508
1522	4	2353
1221	1	2586
950	2	2361
398	2	2375
1760	0	5509
283	3	2599
2121	5	2358
1149	1	2348
923	3	5510
3	3	5511
1706	4	2353
1942	2	2350
149	0	5430
442	1	2348
2032	6	5190
718	1	2348
718	0	5048
1484	0	5512
2097	4	2353
652	1	2348
34	4	2353
789	2	2465
2117	5	2358
1129	2	2350
535	1	2348
8	3	3401
383	6	5513
1160	2	2350
2111	5	2358
661	1	2348
1747	6	5514
1495	5	2358
1199	2	2361
531	2	2378
579	6	3784
1628	2	2361
1454	0	3719
961	1	2348
1351	2	2350
76	0	2986
440	4	2353
905	2	2378
2126	4	2477
1005	0	5515
1406	2	2404
1720	4	2353
1795	0	5516
1130	5	2358
491	0	5517
1641	4	2353
758	4	2353
2036	0	4684
1001	4	2353
571	0	2766
819	5	2358
1016	4	2353
1374	2	2404
2026	2	2367
1711	0	3598
1333	0	3944
23	2	2361
1543	2	2404
1882	4	2353
470	5	2417
1903	0	5518
271	4	2353
81	2	2565
1194	0	5519
1311	3	5520
1895	0	5521
909	2	2390
1050	2	2386
327	0	5522
460	5	2358
337	6	5523
1784	6	3672
22	2	2398
713	2	2398
333	1	2558
808	2	2404
754	2	2361
50	5	2358
478	2	2390
478	1	2348
1501	5	2358
163	2	2361
482	2	2350
1250	1	2586
1189	0	2659
1031	2	2386
467	4	2353
1633	5	2358
2086	4	2353
1750	5	2358
1419	0	5524
1699	2	2361
591	6	2530
643	2	2710
2058	2	2386
2079	2	2371
1628	3	5525
2075	6	3410
840	5	2358
144	5	2417
76	0	5526
275	1	2540
1724	5	2358
297	5	2373
2092	0	2391
1552	4	2413
596	0	2464
1731	1	2348
1569	6	2431
385	1	2586
71	1	2348
381	2	2371
299	5	2358
959	1	2348
692	1	2348
2047	6	4951
963	1	2743
668	6	2918
1380	3	5527
1563	2	2565
466	2	2368
26	0	3732
2094	0	4604
1162	2	2404
564	2	2361
794	6	5489
1845	2	2375
128	5	2358
348	3	5528
680	2	2404
1030	6	2498
1165	5	2358
1273	0	2614
387	6	2953
1894	2	2398
1142	3	2979
2085	0	5530
420	2	2460
612	1	2348
169	0	5531
1737	2	2354
416	4	2353
1258	0	4254
1286	2	2350
1072	5	2358
1661	6	2431
209	1	2348
160	2	2350
1083	2	2350
46	6	4087
1677	1	2348
776	6	4410
607	1	2463
116	2	2404
660	4	2353
1282	4	2413
1368	2	2404
751	3	4968
1938	3	4090
117	0	5536
926	2	2362
84	1	2348
1179	1	3196
1407	4	2773
237	0	5538
1758	3	2837
588	2	2361
1500	4	2773
1348	3	4834
1353	3	3284
1733	0	2479
16	2	2350
1491	1	5539
1668	4	2353
1061	6	4156
1099	5	2373
0	0	3418
1597	0	5540
260	4	2353
857	2	2350
75	6	5541
2018	0	5542
1216	0	5543
1304	4	2353
135	5	2358
759	5	2417
1786	6	5291
1786	2	2710
254	6	5544
1696	6	5545
155	6	2852
2130	2	2468
358	6	2696
1220	2	2361
266	6	4144
1613	0	2633
1004	1	2348
874	2	2398
1003	5	2358
1958	2	2361
1887	2	2361
171	2	2350
2089	4	2353
1426	6	2380
1142	1	2966
1142	1	2348
858	1	2348
205	0	5546
600	0	5547
1737	6	3099
147	5	2373
812	6	2520
402	2	2368
1325	0	3980
298	3	5548
286	3	3377
1286	0	5549
1413	3	5459
1829	4	2353
1288	5	2417
222	5	2373
943	0	5550
708	2	2465
1507	2	2390
818	2	2371
1811	6	3229
1754	0	2614
316	4	2376
965	1	2348
116	4	2376
1282	1	2586
1393	2	2350
1655	6	3641
1496	0	5551
1000	4	2353
691	2	2368
2060	5	2358
2108	4	2353
498	2	2350
834	2	2361
190	1	2463
190	3	5552
1925	0	5553
86	1	2348
773	2	2361
501	6	5554
1212	3	3548
25	0	2722
2100	0	4746
945	3	4355
1789	3	2508
414	2	2710
2122	2	2465
437	2	2404
413	1	2348
1139	5	2373
1729	5	2358
902	5	2417
902	0	3772
353	6	3529
98	1	4551
236	3	4285
1025	0	5555
677	6	3843
1220	1	2348
348	2	2361
2142	5	2358
2066	1	2469
1122	3	4862
387	0	5556
396	1	2463
944	4	2353
171	3	3162
507	3	3349
452	6	2986
1230	2	2361
1691	5	2358
1624	0	5557
779	3	4017
1089	6	4468
2096	5	2358
272	1	2348
952	5	2373
932	5	2358
1466	1	2348
1741	6	2547
1049	1	2348
700	2	2362
1327	1	2348
419	2	2350
2022	4	2353
1900	1	2348
891	2	2361
51	5	2358
613	2	2375
968	3	5558
1299	5	2358
342	0	2870
1047	3	5559
11	4	2376
626	3	4206
652	5	2417
1667	1	2469
2083	2	2350
1756	4	2353
1402	2	2361
1620	6	4117
766	1	2348
1579	4	2413
1757	6	5561
581	4	2353
895	5	2358
895	3	3344
1095	2	2390
151	6	3597
1006	2	2350
1977	2	2468
1204	0	2840
1683	0	5563
814	5	2373
746	6	5564
870	4	2376
2039	6	2428
1170	5	2358
241	0	5565
1334	1	2348
1385	2	2371
1099	2	2404
303	0	3691
688	1	2348
959	2	2350
857	5	2373
1135	0	5566
692	3	4523
1364	2	2361
423	4	2413
423	6	2380
1216	5	2358
2110	6	4887
192	4	2518
1629	4	2353
1871	0	3315
686	6	2443
1473	1	2348
1028	0	3866
317	1	3222
2063	5	2417
418	5	2358
722	3	2913
210	4	2353
1903	5	2373
632	2	2386
184	2	2460
1444	0	4490
387	1	2348
811	2	2361
935	0	2752
327	2	2350
1922	5	2358
1934	6	4431
373	1	2348
102	6	2910
221	0	2727
879	2	2378
1213	0	4632
1831	3	4352
745	0	3612
130	6	3582
522	1	2348
365	0	3228
520	3	5569
364	0	5570
1670	1	2463
1363	1	2348
215	0	5391
1124	6	3256
770	2	2350
450	0	4021
1994	5	2358
1344	4	2353
1821	4	2353
2043	2	2371
1523	4	2353
1507	6	5571
1890	2	2350
1092	2	2350
410	0	2461
2051	2	2350
1620	2	2361
1620	2	2465
1190	2	2350
536	5	2358
248	5	2417
1655	5	2358
2146	4	2353
2146	2	2367
813	3	5572
1755	0	3704
1359	0	5573
984	2	2565
716	6	3592
1351	6	4057
1508	6	2824
1100	0	2407
826	5	2358
454	5	2358
637	2	2350
172	1	2463
594	6	5575
576	6	3544
1337	1	2348
534	2	2367
1135	6	3536
148	0	5576
805	3	5577
1016	3	5578
424	4	2353
1780	1	4088
137	0	5579
1483	4	2353
530	0	4477
1087	6	5191
722	0	2416
1379	5	2358
179	1	3254
132	3	5580
271	0	3686
1646	3	3344
1329	2	2371
1686	3	2508
128	3	2982
1122	1	2348
387	5	2358
1904	2	2361
662	1	2348
1372	0	3546
2038	0	5581
1089	0	5582
287	0	5583
469	1	2348
18	2	2361
1627	6	2979
2015	6	3891
1759	5	2373
386	2	2367
1862	3	3649
1072	0	5584
1111	2	2404
394	2	2386
605	3	3884
1302	0	2920
1647	3	2833
726	2	2361
824	4	2353
1399	2	2468
222	3	3437
1770	1	2463
1468	2	2468
1957	6	2837
1418	2	2468
1083	4	2353
1120	2	2390
475	0	3076
1990	2	2350
1865	1	2348
1867	0	5106
1983	4	2353
1999	0	5586
766	0	5587
999	6	2907
1168	6	4867
1362	2	2404
674	4	2353
2108	2	2404
1764	2	2465
975	2	2361
239	2	2361
1417	6	5213
190	2	2404
611	5	2358
346	0	5588
572	1	3222
292	4	2353
172	5	2358
16	2	2354
491	2	2465
1552	6	2554
241	2	2710
1244	1	2348
1850	2	2361
688	6	3434
959	2	2361
768	1	2348
809	2	2565
1185	2	2361
821	6	5456
2044	3	5589
795	2	2350
413	2	2386
1563	2	2361
1563	5	2623
1473	3	4860
367	2	2361
836	0	4735
353	4	2353
432	3	5590
273	2	2350
258	0	4979
1718	2	2350
180	2	2350
1543	6	4435
828	5	2417
732	4	2353
2066	2	2350
1589	1	2469
1050	6	5137
189	6	3201
875	2	2574
2038	0	5592
679	2	2565
1103	2	2371
1498	0	5593
1601	3	5594
522	5	2623
1659	5	2358
244	1	2348
286	4	2353
2037	2	2350
1946	4	2353
1900	3	5595
635	2	2468
1047	6	2762
1858	4	2353
160	4	2353
378	2	2350
1224	0	5597
1120	2	2361
1847	2	2350
1617	2	2350
459	3	5598
116	1	2463
1433	1	2348
845	6	5599
1716	2	2350
900	4	2353
541	2	2350
661	6	2812
1694	4	2353
1558	2	2361
602	6	2473
177	1	2348
2075	0	5600
723	1	2348
723	0	5601
1351	5	2373
1204	4	2353
1987	3	4401
370	2	2350
1005	5	2358
1068	2	2350
1724	2	2465
543	2	2404
641	1	2348
946	4	2353
1051	3	5602
567	4	2353
1320	2	2362
1320	5	2358
925	2	2371
1135	2	2361
1404	6	3442
556	2	2378
1191	0	5301
1629	3	3532
675	1	2348
1876	6	4342
1969	0	2872
137	2	2390
98	3	3278
1271	4	2353
1084	0	3506
317	1	2348
1974	0	3424
1163	0	3249
1812	2	2367
861	2	2361
387	0	5603
979	2	2350
44	2	2565
138	2	2386
108	0	3411
1026	4	2353
1043	1	2348
420	4	2413
889	3	5604
1241	3	2723
1722	1	2348
416	2	2465
1898	2	2350
397	1	2348
1111	1	2348
2037	5	2358
1616	0	3261
603	5	2358
888	5	2373
2032	2	2367
1470	6	4763
36	2	2386
968	0	4350
1421	2	2404
216	2	2361
652	0	5605
1633	0	5606
2005	6	2712
1434	3	2890
2074	0	5607
48	3	5608
1990	6	5609
1982	3	2531
1402	1	2348
1433	5	2417
2090	2	2361
763	6	4380
1606	5	2358
1626	0	2857
153	3	5610
1650	1	2348
549	4	2353
2058	2	2371
349	0	5611
1411	0	4027
1508	2	2403
905	5	2417
29	4	2477
1231	3	5612
614	3	2804
611	2	2350
103	1	2348
1998	3	3531
1899	3	2655
1130	0	5613
567	1	2348
412	6	5614
1960	4	2353
534	6	5615
1062	6	4265
768	2	2361
2044	2	2361
69	4	2353
1924	4	2353
1780	0	5616
1681	4	2353
2127	3	5617
10	2	2361
180	1	2463
1493	3	4185
52	5	2373
783	6	2636
1673	6	5385
1845	2	2350
1702	1	2348
1210	4	2353
1860	6	5083
2052	0	5618
1894	2	2371
886	0	3473
1745	4	2376
653	4	2397
1261	0	5619
401	6	5620
285	0	4533
779	5	2358
2096	2	2404
1538	2	2410
1659	1	2348
333	3	3402
386	2	2378
2037	6	5622
650	0	3277
1250	0	5623
740	2	2361
2	6	3843
2148	4	2353
1434	0	5624
33	2	2710
70	0	5625
1615	2	2361
516	3	5626
1807	0	3737
1865	4	2353
206	0	4888
1606	6	3757
499	2	2350
390	1	3673
519	6	4333
512	4	2353
2111	0	5627
1123	4	2353
1318	5	2358
949	2	2361
2145	0	2976
1478	5	2623
462	1	2586
476	2	2404
634	2	2362
1356	6	5628
1962	2	2403
144	3	5629
76	5	2373
696	0	5176
1510	4	2413
685	6	4235
1291	1	2348
870	2	2361
119	6	5630
1531	0	3258
458	3	5631
2039	0	4046
1556	2	2350
2141	6	2860
1783	5	2417
872	2	2350
1909	3	3043
25	3	5632
921	1	2348
1107	4	2353
1034	0	5633
1232	4	2353
1012	2	2362
1717	1	2348
1600	5	2358
1364	4	2353
1038	5	2417
1777	2	2468
1294	6	4397
307	2	2361
2076	6	2626
1729	2	2465
843	4	2353
1333	0	5634
1947	2	2361
783	2	2375
352	6	5635
352	1	2348
1131	2	2361
1192	2	2460
305	3	5636
894	3	3401
990	0	5637
1055	6	5638
1015	5	2358
1253	1	2348
337	0	5523
1663	6	2627
320	0	2627
1996	2	2350
777	0	5639
623	2	2367
799	3	5640
1793	0	5641
597	0	5642
603	4	2353
2102	1	2463
163	6	4333
1678	6	4585
125	0	5644
9	0	5645
2035	4	2353
1523	0	5646
1507	2	2460
1864	6	5647
898	1	2348
1677	2	2367
1267	4	2353
1136	3	5649
2051	2	2361
214	2	2350
938	0	5650
1991	3	5651
1196	4	2353
1648	0	2787
1427	5	2358
1999	2	2398
256	1	2348
345	0	5253
2029	0	2762
248	1	2348
1655	2	2350
1024	3	5652
462	3	4534
1815	2	2371
476	2	2361
930	2	2350
749	2	2361
1656	1	2654
156	5	2358
1758	6	2837
1265	4	2353
1265	6	5653
489	5	2623
2028	0	4496
1688	0	5654
1909	0	3039
329	1	2348
1492	0	3216
1045	0	3938
2100	0	2762
1566	2	2361
1232	2	2361
1062	6	3602
1053	1	2348
933	1	2348
1296	6	2435
1102	0	5028
569	2	2390
488	2	2361
934	4	2376
1442	2	2386
2004	0	2538
90	6	2976
1079	1	2348
93	2	2565
67	6	3198
1439	2	2361
252	2	2404
1054	2	2398
461	6	4165
1206	1	2348
395	2	2361
1840	6	2422
527	1	2348
332	6	2737
838	3	5656
1544	0	4435
2096	1	2348
1241	0	4305
1538	4	2353
1901	0	3521
379	6	5657
1314	5	2358
51	0	2816
1124	3	4820
182	2	2378
515	2	2361
1093	0	5658
1240	2	2371
6	4	2353
699	0	5660
751	6	5661
321	6	3369
1048	1	2463
1156	5	2358
1023	3	5662
166	5	2358
1307	1	2348
859	3	4845
954	0	4342
1228	1	2348
1656	1	2348
429	1	2348
233	4	2353
434	1	2586
434	1	2654
1668	2	2350
1109	3	5663
71	1	2825
62	6	2531
560	1	3196
2003	1	2348
1553	2	2465
1915	1	2348
2112	2	2468
367	0	2857
1790	2	2361
1851	0	5664
1489	1	2348
1442	0	2651
35	0	5665
1449	1	2348
1041	5	2623
1084	2	2386
347	6	3631
2104	2	2367
828	1	2348
1163	6	3249
257	3	2383
1462	6	5666
1310	1	2348
730	0	5667
1895	3	3297
1886	2	2404
1260	6	3690
958	0	5668
719	3	5669
278	4	2413
1544	1	2348
952	4	2353
1169	1	2348
372	2	2378
1482	2	2404
864	6	3558
1936	2	2460
438	1	2348
251	3	5670
644	0	4011
36	4	2353
1358	2	2362
1371	2	2398
1086	0	5671
13	0	4771
762	3	3929
684	0	5672
1781	1	2348
1756	0	5673
146	1	2463
660	2	2361
1826	6	2976
1693	0	5674
1376	2	2361
1430	2	2386
806	0	5675
1620	1	2463
256	0	2461
99	1	2469
532	1	2348
2029	5	2358
1280	3	4428
1318	2	2350
800	1	2463
384	3	2913
951	4	2413
1303	4	2518
82	6	4380
1967	2	2468
629	4	2353
1145	0	5676
1406	5	2358
1809	4	2413
224	1	2348
454	2	2465
1643	2	2361
2039	0	5677
904	2	2371
162	1	2348
1529	4	2353
1527	6	2774
434	1	2463
884	3	5678
2100	6	2435
1180	1	2348
2049	1	2348
228	6	5679
75	2	2403
65	1	2825
414	0	5680
2122	4	2353
795	3	5681
963	5	2358
1118	3	5682
135	2	2350
360	6	4555
934	3	5683
676	2	2403
1271	2	2362
1264	1	2348
322	6	4309
1727	6	5684
1311	1	2586
246	3	2729
2066	0	4074
817	5	2358
1816	4	2353
171	2	2404
508	1	2348
1624	4	2353
672	5	2623
816	6	3413
204	4	2353
1522	5	2358
2011	0	5685
49	1	2348
1383	3	4866
605	6	3884
605	2	2350
888	0	4561
438	6	2643
1189	2	2386
575	6	5686
1864	0	5687
1226	1	2647
105	5	2358
820	2	2398
117	6	5688
2019	1	2348
113	1	2348
84	3	5689
1010	5	2358
840	4	2353
430	6	4499
637	4	2353
1242	4	2353
1175	3	5595
1733	2	2468
1212	4	2353
329	6	5690
329	2	2367
491	1	2348
1346	5	2358
1334	2	2371
884	1	2348
1337	2	2367
1235	1	2348
1708	4	2353
414	1	2348
1216	6	5691
1216	2	2361
197	5	2373
1489	6	4138
353	0	3529
14	0	5692
702	2	2361
35	5	2417
1429	3	4386
19	2	2398
1883	5	2358
1833	2	2361
277	5	2358
1082	6	4365
1082	2	2361
1163	2	2350
382	2	2362
1284	6	2790
428	3	5689
939	1	2348
817	2	2404
1122	0	2347
1066	1	2348
797	1	2348
403	2	2361
403	3	3469
899	3	4438
1465	4	2353
664	5	2417
285	5	2373
914	6	3035
272	0	4111
1901	1	2348
623	2	2378
854	0	5430
1670	4	2353
30	3	2402
30	0	5693
1327	0	5694
1383	0	5695
1753	2	2398
3	5	2358
1470	1	2348
1250	2	2361
1378	3	5590
1667	0	5696
422	3	5697
1542	5	2417
628	2	2361
97	2	2404
1093	6	5698
27	0	5699
1313	3	4964
453	0	5700
2083	0	5633
818	1	2654
818	3	4185
1774	3	2897
1020	0	4612
1839	6	2600
1666	1	2348
1403	0	5701
733	6	5702
1893	2	2350
1237	0	3504
1841	4	2353
1436	4	2353
1248	5	2373
2056	0	5703
1095	2	2350
409	1	2348
426	5	2358
1390	3	4866
1184	1	2743
2054	2	2371
489	4	2353
1272	6	5704
720	3	3688
765	2	2361
1287	5	2358
1555	5	2358
1487	4	2477
1341	1	2463
1804	4	2413
556	4	2353
1638	0	3258
993	1	2348
993	0	4262
301	4	2353
35	6	3747
1930	6	4051
1930	0	4594
355	2	2465
1321	3	3017
783	1	2469
553	2	2350
1630	2	2465
1630	0	3672
1311	4	2356
1116	6	2347
1588	2	2361
1816	3	3636
693	2	2361
403	0	2809
527	0	5705
1849	3	5706
218	2	2362
1624	2	2375
278	0	3097
1784	5	2358
784	0	5707
847	5	2373
608	0	3751
147	4	2353
1215	6	5708
50	2	2350
1327	2	2468
640	1	2348
1545	2	2404
149	6	5709
276	2	2350
1384	0	3938
1535	1	2348
1159	1	2654
1202	4	2353
1523	5	2373
2031	2	2465
92	6	2810
1625	0	2896
1308	0	5711
1309	1	2348
506	0	5712
1433	3	3636
2064	3	5713
1599	4	2376
153	6	5714
1802	3	5715
55	4	2353
1105	2	2361
1815	4	2353
255	1	2654
746	3	4802
1406	6	5716
2054	0	5717
1925	4	2353
563	2	2710
304	2	2404
967	6	3943
1909	6	3543
1385	6	5022
62	1	2348
883	3	4017
2110	3	3701
54	0	5718
1563	4	2376
686	0	2443
697	5	2358
973	5	2358
322	2	2362
195	2	2367
382	1	2348
154	6	2866
154	2	2375
461	3	5719
1206	0	3053
1438	2	2361
1860	4	2353
1860	1	2348
198	5	2373
1964	2	2362
479	1	2381
1652	6	5720
894	4	2353
2038	0	5721
2038	0	5335
1831	1	2348
147	0	3771
932	4	2353
1276	3	4216
402	4	2518
960	2	2350
1363	2	2361
1946	6	5722
457	6	3337
1994	2	2398
574	2	2371
731	6	2759
731	2	2361
2097	3	4121
1914	0	3342
1031	4	2353
599	1	3222
1719	2	2361
187	0	4847
1093	0	5723
27	4	2353
1125	6	5724
375	3	3844
174	1	2348
709	1	2654
335	0	2541
1865	5	2417
1913	3	4327
1867	2	2350
2025	2	2378
788	2	2361
849	2	2361
2119	2	2375
175	0	5727
2088	6	2895
1478	3	5728
166	6	2625
1301	0	5729
118	6	4894
392	2	2398
1218	6	2918
1005	1	2348
656	2	2468
1940	4	2353
642	1	2348
1714	4	2353
68	2	2361
381	6	3891
1459	4	2353
1364	2	2350
270	0	5730
1992	0	5731
1216	0	5732
131	2	2465
569	6	2625
1277	2	2361
58	6	5733
389	6	2471
1264	0	5734
2034	0	2642
273	3	5719
185	3	5735
1032	2	2386
1836	3	5736
2057	4	2353
158	2	2398
1080	1	2348
1895	2	2361
246	5	2373
979	1	2348
396	0	2473
786	0	5737
1604	4	2353
995	2	2404
186	3	3402
136	5	2358
717	6	5738
2085	5	2358
1256	4	2353
1256	2	2361
1866	4	2356
1103	3	3483
1338	4	2353
417	4	2376
1241	4	2353
147	1	2463
94	3	4442
988	1	2348
1857	2	2361
465	0	5001
2042	5	2358
2042	3	3205
1810	0	2923
548	6	3374
438	2	2350
36	1	2348
1827	5	2358
1468	6	4912
1667	2	2375
1667	0	5740
589	3	2512
1083	2	2378
1814	2	2361
1595	5	2358
2083	3	3531
898	2	2361
528	2	2350
776	2	2350
1839	3	3864
1494	0	5741
2050	3	5427
1913	2	2354
1716	0	5742
1606	4	2477
1350	2	2378
1141	2	2465
2111	2	2398
1973	2	2350
882	4	2353
1764	5	2358
604	5	2373
1359	4	2353
400	0	3082
255	6	3891
377	4	2376
1348	0	3052
346	1	2586
518	1	2348
1733	6	2479
1298	2	2574
434	1	2348
748	1	2348
1320	0	5744
1715	6	5745
1808	0	5746
1591	3	5747
1562	2	2465
1949	2	2361
630	1	2540
357	0	5748
347	2	2350
1439	4	2376
1636	2	2386
2098	3	5749
1284	3	3811
1658	2	2404
184	2	2350
1765	0	5209
1589	4	2353
909	0	2459
268	1	2348
552	2	2404
1896	0	4227
1033	1	2586
221	1	2348
1027	2	2468
1275	0	5750
1547	1	2654
791	4	2353
30	1	2348
1706	2	2361
922	5	2358
325	6	3005
650	4	2353
2149	5	2358
474	6	5751
1382	3	5752
160	0	4415
1086	0	3825
1856	1	4049
1684	3	5753
97	3	3426
948	5	2417
1615	4	2353
1295	6	3904
1091	1	2348
445	2	2386
554	2	2361
319	3	4834
202	2	2404
107	2	2404
473	2	2468
900	5	2417
321	2	2350
2103	3	4946
153	1	2348
87	1	2348
859	2	2361
893	1	2348
1414	5	2358
1809	5	2623
368	3	5754
1819	6	5755
947	0	5756
1700	3	2846
1392	0	5757
1219	2	2404
1219	5	2358
1109	2	2460
1146	2	2361
1808	2	2390
260	6	3413
1476	1	2348
1877	1	2348
270	4	2353
1607	3	5758
793	6	2372
1553	1	3196
1915	5	2358
1319	5	2358
1870	2	2361
1609	4	2353
1748	2	2367
1944	0	5759
1882	5	2417
1394	2	2403
455	3	5760
979	0	3155
896	3	5761
1534	0	5762
662	5	2417
1223	1	2348
1201	3	3688
1784	1	2558
341	1	2654
915	0	5763
932	6	2627
1788	1	2348
379	1	2463
1286	6	5549
215	4	2353
756	0	5764
1582	0	5765
760	3	5766
17	2	2361
1110	1	2348
578	4	2353
2149	1	2348
991	3	4457
2117	0	5767
762	1	2348
1654	0	5768
927	3	3002
1774	0	3477
410	1	2348
146	4	2353
1813	1	2348
1605	5	2417
615	0	3564
1835	3	3636
1707	2	2460
499	0	5769
1393	6	4880
661	1	3196
2029	4	2353
1902	1	2348
1650	2	2465
498	3	2658
859	5	2373
239	1	2348
701	0	5771
834	6	5772
1884	3	4122
201	1	2348
1231	2	2371
338	6	3885
1500	1	3782
112	2	2361
1406	2	2361
593	0	2924
1733	4	2353
1733	1	2348
1170	3	4820
1212	6	5773
491	1	5774
1051	2	2378
567	6	2902
1306	3	3688
781	4	2353
296	0	3325
1618	2	2565
1888	2	2361
633	1	2463
1718	6	3358
1162	4	2353
687	2	2410
1163	2	2361
229	6	2903
707	0	5637
1882	2	2350
1882	1	2586
1767	1	2348
1420	2	2361
780	0	3930
1986	4	2353
2129	3	5775
380	3	4442
464	1	2348
646	4	2353
2106	1	2348
695	2	2468
577	2	2403
1784	0	3672
610	2	2361
546	0	3039
1325	4	2353
738	1	2348
1072	2	2350
603	3	5776
873	2	2468
2022	0	5777
310	6	2961
1918	1	2348
149	0	5778
565	0	2541
1164	2	2361
350	6	4932
652	3	3043
1378	2	2386
1070	1	2348
599	6	3244
1957	3	5779
943	1	3223
1921	2	2404
56	0	5780
965	0	4129
214	0	5781
436	1	2348
763	2	2565
311	3	4963
1	6	3885
1403	2	2362
1427	2	2371
1574	1	4288
975	5	2358
1377	2	2361
1875	2	2350
323	6	2614
1454	2	2367
954	0	4648
440	3	4845
377	2	2361
1254	6	4417
1145	5	2417
1720	6	5782
289	0	2920
297	0	5784
639	4	2413
200	1	2348
1013	0	5785
359	2	2368
1316	2	2398
1679	3	5786
694	2	2350
758	2	2361
989	2	2797
1591	2	2361
1167	0	5787
544	5	2358
1341	0	5421
1404	0	5788
1854	0	5057
1553	3	3426
1932	4	2353
1926	4	2353
942	0	3485
2080	0	2506
1623	2	2404
1473	2	2398
903	2	2468
1550	0	5789
83	2	2367
2094	4	2413
1944	4	2353
1222	5	2358
530	3	5790
1028	5	2358
1211	3	5590
179	5	2358
732	1	2348
1812	2	2378
1686	1	2348
376	5	2417
1177	3	5791
242	6	3542
4	6	3815
142	5	2417
22	4	2353
1127	1	2348
754	1	3196
650	3	5560
2053	4	2353
486	2	2350
34	1	2348
628	0	2380
1654	5	2623
609	0	5605
1096	2	2410
551	0	5792
607	6	3946
1240	2	2398
1330	1	2348
1259	0	5793
150	2	2350
1820	6	3005
1648	2	2361
1042	3	5794
1226	0	5795
1000	1	2348
1558	1	2348
1772	2	2350
384	1	2348
868	0	3429
951	1	2348
586	0	3337
1451	4	2353
1454	2	2398
429	2	2350
1935	4	2353
1592	3	2833
121	2	2361
121	5	2417
1776	1	2381
637	0	2459
572	0	2513
1643	1	2348
200	4	2353
567	0	5796
1618	4	2376
1897	0	5797
2017	0	3824
1638	1	2469
2134	2	2398
2094	2	2404
1681	2	2350
702	4	2353
1087	2	2361
1836	5	2417
1326	6	5799
1326	0	5800
1970	0	5801
1134	2	2367
1438	1	2348
128	6	3361
962	1	2348
2082	0	5802
1904	1	2348
1278	1	2348
659	6	3097
159	4	2353
218	2	2468
1057	2	2386
1649	5	2358
816	2	2386
608	1	2463
915	4	2353
1397	1	2348
1215	2	2361
864	1	2825
1363	0	5659
51	0	5448
1746	2	2350
2102	2	2350
1343	6	5803
442	0	2766
259	3	3017
920	0	3695
209	2	2361
1472	6	2762
407	2	2361
1007	6	2347
1856	2	2361
943	1	2348
1182	6	2525
378	4	2353
1152	0	5805
529	6	5806
516	5	2358
2081	0	2506
1282	0	5807
519	4	2353
1908	1	2348
531	6	5808
1787	4	2353
349	4	2376
1411	2	2361
472	3	2982
1564	2	2398
890	6	3532
1445	1	2348
1931	5	2417
887	4	2477
1298	5	2417
1034	6	2892
296	3	3325
558	4	2353
1591	5	2358
560	0	2717
1872	1	5809
633	0	5810
435	6	5595
1038	2	2398
556	6	4468
343	3	5811
885	6	3266
135	4	2353
1546	0	5812
197	2	2361
1681	2	2361
124	1	2348
2004	1	2348
357	2	2361
2130	4	2413
514	0	3153
1988	2	2350
687	6	5813
1738	6	2429
382	2	2350
266	4	2353
266	3	5814
1845	1	2348
184	3	5815
1122	4	2353
387	0	5816
1816	5	2358
693	1	2348
896	6	5817
1534	1	2348
935	4	2353
1315	1	2348
2038	0	5818
1939	4	2353
1701	5	2358
739	2	2403
1676	2	2361
1274	2	2404
1275	3	3020
306	3	3715
548	5	2358
1889	1	2348
1565	2	2361
613	0	5819
2107	6	5820
1408	1	2348
798	2	2361
928	3	5821
1709	2	2361
1183	2	2350
1309	1	2463
551	0	5822
1240	4	2413
1781	4	2353
1586	2	2565
1136	6	5823
1494	0	5824
1865	2	2378
733	5	2373
689	1	2463
877	4	2376
1452	3	2420
1875	0	5057
1695	2	2403
1619	6	5825
1828	2	2404
2046	0	5826
1254	4	2353
890	2	2361
346	0	5029
1690	3	5827
1475	2	2361
1724	4	2353
326	0	5828
1354	3	5829
887	2	2361
748	2	2361
712	3	2458
908	3	5830
1591	0	4339
1789	2	2361
1285	5	2358
73	1	2348
423	5	2417
957	1	2348
307	1	2381
2076	2	2398
1926	1	2348
741	6	4309
466	1	2348
1906	6	2790
1906	2	2361
137	0	5831
1836	4	2353
1134	3	5832
267	2	2350
1986	0	5833
1273	1	2348
909	5	2373
2070	6	5834
1610	5	2358
1455	3	3017
208	1	2348
403	6	4892
1230	0	3003
1026	3	5835
717	2	2390
577	5	2623
126	1	2463
1133	0	3672
725	4	2353
18	0	4145
1017	0	5176
405	2	2367
754	0	5836
318	2	2565
1862	6	5837
2105	2	2403
1363	3	5838
80	4	2353
1582	4	2353
1343	0	5803
1936	6	3154
1994	1	2348
1093	0	5839
37	2	2361
2041	1	2348
1227	1	2348
529	4	2353
551	3	5493
1868	4	2353
704	2	2367
1018	1	2348
1586	2	2403
1166	1	2348
1725	6	2911
6	1	2348
282	1	2348
1368	1	2348
1573	4	2413
499	2	2361
1893	3	2407
336	4	2353
1612	3	5840
918	2	2361
930	0	3046
723	0	5841
1961	5	2358
905	6	5842
1265	1	2348
2084	1	2348
326	5	2373
639	2	2375
1688	3	5406
2027	0	3771
567	5	2373
1561	5	2358
1337	6	2624
361	4	2353
421	6	5843
330	5	2358
1012	6	3235
1602	2	2361
809	0	3121
1555	0	5844
2122	0	5845
1562	2	2367
424	4	2413
912	1	2348
737	5	2417
360	0	2883
934	0	2857
547	2	2361
124	6	5847
1429	4	2353
2030	0	2809
1457	5	2358
1193	1	2348
1580	6	5848
1009	4	2353
451	1	2348
861	1	2348
728	6	3330
1177	5	2373
1119	6	2427
730	6	5850
1260	1	2540
305	2	2362
1208	4	2353
1785	2	2350
1253	0	5851
1601	0	5852
1771	2	2404
1345	4	2353
272	6	3843
1559	1	2348
478	2	2404
1331	2	2468
219	5	2417
211	2	2361
891	1	2348
109	5	2373
100	2	2398
457	2	2398
276	0	2762
1821	2	2361
1791	3	2853
1806	5	2373
1516	2	2390
1730	0	3525
174	2	2361
1839	4	2353
1	2	2371
1453	3	4485
104	4	2353
1669	1	2348
176	2	2361
733	2	2460
1707	4	2353
1233	2	2361
2115	1	2348
188	6	3100
153	0	5854
1423	6	5855
1305	5	2358
1841	3	4285
45	4	2353
1612	4	2413
813	4	2376
549	0	5856
1297	2	2465
1875	3	5472
66	1	5857
1231	1	2469
642	0	5588
773	6	4707
773	1	2654
139	4	2353
293	6	3732
1287	1	2348
1618	2	2375
544	1	2348
982	4	2353
1102	5	2358
630	5	2358
1593	4	2353
1264	6	3512
973	2	2361
322	2	2350
5	2	2367
1257	1	2348
1234	3	3086
1738	0	5860
714	0	5861
456	5	2373
305	1	2348
1050	0	5862
2101	2	2350
953	3	4987
1315	2	2350
452	2	2350
1064	6	4051
1907	1	2348
1467	2	2361
546	2	2361
1456	5	2358
1209	2	2361
1661	2	2368
873	5	2358
1124	2	2361
595	2	2364
313	3	4898
645	2	2367
1914	2	2378
1299	0	4115
555	2	2404
1069	3	5863
1189	2	2361
125	3	4845
1662	0	5864
1468	4	2353
39	2	2350
1825	6	2976
666	2	2565
1754	2	2350
965	2	2404
671	3	3682
554	2	2404
761	4	2376
851	3	5865
1893	0	2461
919	0	3218
949	2	2378
1540	0	5867
1478	6	5868
767	1	2348
2056	2	2350
323	0	5166
683	0	3746
1794	2	2371
2000	2	2398
409	3	5869
1263	1	2743
1980	2	2368
524	4	2353
1521	1	2348
143	3	4547
655	1	2348
518	3	5870
1013	3	5871
491	6	2951
712	2	2371
712	5	2417
1146	5	2358
71	2	2361
1285	2	2361
2136	0	2624
2047	1	2348
883	1	2348
2116	2	2361
1861	6	2498
912	4	2353
907	1	2348
227	1	2463
702	2	2404
64	5	2623
317	4	2353
1087	2	2367
2063	6	2431
828	2	2378
252	2	2361
1428	6	5872
1970	2	2468
1060	2	2367
455	2	2361
164	3	5873
810	0	5249
2052	6	5874
1588	6	3599
42	1	2654
803	0	5875
981	6	5551
1471	6	4857
1745	0	5876
527	3	3150
2038	0	5877
2038	0	4013
1939	2	2350
1939	3	4790
1866	6	5878
1015	2	2468
1869	3	5879
1855	6	3274
1345	6	5880
816	2	2378
986	6	4508
1788	0	4152
364	0	3293
465	3	5881
1742	0	4150
1331	0	5081
852	2	2361
888	2	2371
1086	6	5390
13	6	4771
798	1	2348
1418	6	5884
1088	5	2623
340	1	2348
1615	0	5466
666	1	2743
607	0	3946
1018	5	2358
1136	4	2353
1448	1	2348
1813	6	4484
6	2	2371
6	2	2367
615	2	2361
1282	6	5885
2133	3	2725
1583	2	2386
2146	2	2371
177	1	2463
1297	0	4342
767	0	5886
1263	3	2905
190	5	2358
190	0	5887
1665	4	2353
1809	0	5888
224	5	2417
1445	5	2358
1899	0	2947
1724	6	3012
1272	2	2361
748	0	5889
2123	6	5001
544	2	2404
1364	1	2348
1364	5	2358
1872	1	2463
2128	0	5890
24	4	2353
1992	5	2358
957	0	5891
2110	2	2404
1247	0	5892
1115	6	2771
1118	6	4908
131	3	2454
1870	5	2373
1292	2	2354
35	2	2404
697	2	2468
185	6	5081
1321	6	3168
195	6	5893
892	3	5894
1636	6	2498
998	4	2353
257	5	2358
141	1	2348
1054	4	2353
1420	1	2586
1220	6	5386
978	6	2498
1506	4	2353
1311	5	2358
1214	2	2361
710	6	2688
178	2	2362
373	1	2562
320	4	2353
1027	6	5555
469	0	5896
1322	5	2358
204	0	5897
1881	6	2393
1659	2	2361
333	2	2404
419	0	5898
211	2	2565
51	4	2353
756	1	2348
1852	0	3255
1936	0	5899
1200	1	2348
100	6	5900
644	6	2431
1472	2	2350
1070	0	3596
740	2	2465
9	2	2367
535	4	2353
1461	6	5901
174	5	2373
666	4	2353
1923	6	5902
1405	1	2348
1361	2	2350
1494	5	2358
319	4	2353
473	6	5903
531	4	2353
1797	0	5905
1631	2	2403
118	4	2376
370	6	2511
911	2	2565
2028	0	5906
1354	0	5907
641	2	2350
1874	6	3046
1584	2	2404
945	1	2348
1185	5	2358
1296	4	2353
1102	0	2407
624	5	2417
471	4	2353
686	2	2367
1883	1	2348
317	1	2381
505	2	2361
210	5	2373
910	2	2350
1812	5	2623
271	5	2373
936	3	5908
1462	2	2368
2129	5	2358
1658	5	2358
1885	0	5909
189	3	5910
1490	0	5911
1142	6	2951
1939	5	2373
974	1	2348
401	4	2353
899	2	2404
838	2	2361
1601	4	2353
1345	1	2348
825	2	2361
1943	5	2358
244	3	4185
50	4	2353
2002	0	3980
302	4	2353
2037	4	2353
211	1	2348
1900	2	2361
770	2	2361
871	5	2358
2091	6	5912
1463	4	2376
1070	2	2367
2073	5	2373
160	3	5502
262	1	2348
1542	6	5477
1093	1	2348
15	2	2371
846	4	2353
609	2	2361
1615	6	5466
1361	3	2568
1330	0	4249
900	0	4799
99	5	2373
1415	1	2348
1747	4	2353
581	2	2361
1694	2	2361
1557	2	2404
1424	3	5913
919	2	2361
919	3	3589
447	6	5914
349	1	2348
1508	4	2353
1204	0	5915
247	6	2589
1431	1	2348
1639	3	3635
523	3	3495
235	3	5916
1795	3	4457
862	5	2358
2020	2	2367
143	2	2361
233	6	5918
1731	0	3232
959	0	5919
62	2	2361
1062	6	5920
1607	6	3760
2017	0	5921
1038	2	2350
1804	1	2348
1932	0	5922
912	3	4376
937	2	2361
1022	2	2468
1969	6	3904
137	2	2404
418	2	2468
1082	1	2348
892	2	2361
1439	1	2463
1636	0	5923
1425	2	2361
815	4	2353
842	6	5924
1903	6	5925
1673	0	5926
2118	6	5927
1289	4	2477
1506	2	2361
1504	0	5928
1853	2	2404
1894	1	2348
811	1	2586
42	6	3099
1400	1	2348
1840	2	2371
653	1	2586
540	0	4184
1355	1	2463
401	1	2348
495	4	2353
320	2	2350
1336	0	3944
986	1	5929
364	3	3208
700	2	2465
799	1	2654
1149	3	3965
980	1	2484
1479	2	2361
827	3	3895
408	0	5930
770	6	4573
1936	0	5226
325	1	2887
259	2	2362
251	2	2398
1484	2	2371
11	4	2773
1189	5	2373
1382	2	2468
622	5	2417
1633	1	2348
13	6	2541
1523	2	2350
1121	5	2623
818	2	2378
1120	0	3668
1807	1	2348
107	2	2350
1360	6	5102
1707	5	2417
1160	4	2353
1938	2	2354
849	6	5931
1140	4	2353
926	4	2353
1612	6	2575
177	1	2586
1452	0	4231
1797	6	5905
1450	3	2683
1665	2	2362
1431	0	5932
563	2	2350
1899	4	2353
1531	2	2361
1724	3	5933
1175	0	4294
839	2	2361
1801	4	2353
200	6	3746
1491	5	2358
649	1	2348
1912	3	4485
1897	1	2469
446	3	3289
71	1	2469
381	1	5073
959	6	2716
2123	1	2348
2123	3	5934
617	1	2654
2018	4	2353
2136	2	2398
795	4	2353
413	4	2353
307	0	3771
2076	2	2468
1842	3	3560
1729	6	3599
937	1	2348
281	2	2350
1225	2	2350
2104	2	2465
463	6	2942
463	2	2371
856	1	3196
892	6	2541
1234	5	2417
707	2	2361
553	0	2431
1428	1	2348
632	0	3597
266	1	2348
1134	2	2378
1955	5	2417
1194	0	5067
714	1	3307
1030	4	2353
1894	5	2358
811	4	2376
693	5	2358
1904	3	2723
178	0	3751
667	3	5936
981	0	5551
875	4	2353
990	3	5937
43	6	2456
1701	3	2846
205	6	3609
1581	2	2371
22	3	3017
721	5	2417
1274	6	3552
2011	2	2460
1314	4	2773
1111	4	2353
888	6	2429
1773	2	2361
1746	0	5208
182	6	5938
250	2	2361
1966	0	3819
775	3	5939
1485	5	2358
2083	2	2371
1768	2	2404
1820	2	2367
1743	2	2354
1620	3	4567
1368	0	5940
176	1	2586
867	1	2348
499	3	3126
581	0	4635
2079	1	2348
1359	3	3701
1301	6	2690
1301	2	2404
701	1	2348
1622	0	2750
1411	1	2463
840	0	2741
1710	2	2465
429	2	2361
275	2	2565
1173	0	4378
1520	1	2348
642	2	2361
1690	0	5827
200	2	2361
1527	2	2468
1679	6	5942
1879	0	3759
203	3	5943
1137	2	2468
1459	6	4260
883	6	2531
624	6	2714
1629	2	2410
675	0	3298
1277	4	2353
281	1	2348
1347	3	5944
934	0	5945
1349	3	5946
1009	5	2358
722	4	2353
1025	1	2381
1738	5	2373
358	1	2348
1428	2	2404
184	2	2378
1910	0	5948
363	6	5606
1255	5	2358
1213	5	2373
278	6	3277
1943	0	5949
2011	1	3196
1094	2	2378
2037	3	5951
873	6	3946
640	6	3073
149	2	2361
824	2	2378
1299	4	2376
1384	6	5022
1159	6	5952
964	2	2350
2	0	3063
802	2	2378
1595	0	5953
477	3	2658
1309	1	3196
776	0	5954
1847	6	5955
539	4	2413
206	1	2463
994	2	2361
1669	0	5956
176	3	5957
1427	2	2350
165	6	2844
502	4	2353
2103	0	4001
117	1	2348
55	3	3636
813	6	3872
868	4	2353
1794	4	2353
1203	6	5958
1263	2	2404
1145	1	2348
1406	3	5959
1809	0	3506
1551	5	2358
121	6	5124
1714	6	3648
326	6	4364
1517	5	2373
1346	0	2640
1298	4	2353
576	2	2465
748	6	4289
1187	0	5960
1385	5	2417
279	6	4193
1090	3	3403
1555	0	5961
1185	3	3975
556	3	5962
1553	1	2450
831	1	2348
2024	6	5963
1924	3	2846
197	3	3209
217	4	2413
657	5	2417
64	2	2378
411	1	2348
7	6	2759
1079	0	5964
1493	1	2348
418	0	5965
1257	4	2413
1340	2	2354
998	2	2371
1462	3	3059
1208	5	2358
1840	1	2348
987	2	2404
332	2	2460
373	1	2654
830	1	2348
860	1	2348
1763	2	2361
278	0	3277
2114	1	2654
1281	0	5967
1933	2	2350
490	2	2361
850	2	2361
1049	3	5968
1072	2	2710
1302	5	2373
1706	6	4309
40	1	2348
891	6	5969
574	4	2353
1726	6	2925
1299	0	4888
1878	2	2350
1846	2	2361
2090	6	3107
1835	2	2361
1350	2	2350
689	0	3434
562	6	5970
1046	2	2398
111	2	2361
1675	4	2353
1632	2	2404
166	0	4294
2048	0	5971
753	2	2350
716	3	2973
392	0	3875
1414	2	2354
911	4	2353
1925	6	5972
996	5	2623
2141	4	2353
1963	1	4250
1283	0	5973
1830	2	2378
1954	0	5974
1476	2	2404
1932	3	3125
1629	0	5975
1749	2	2460
91	0	4840
1139	2	2371
1473	2	2350
907	3	5976
903	6	3544
2130	4	2353
1025	3	4078
1158	6	2721
1249	5	2358
1514	2	2367
584	4	2413
2125	2	2350
1067	2	2367
240	0	5977
208	2	2361
1015	4	2353
1701	0	5978
287	5	2373
977	1	2348
1855	3	2979
1945	5	2373
1907	0	5922
1892	2	2465
1456	2	2350
1759	1	2348
2042	2	2367
1753	3	4523
565	1	2348
1299	2	2362
1007	5	2358
1031	2	2468
1541	1	2586
1662	5	2417
622	6	3880
1408	4	2353
1680	1	2348
39	0	5979
1418	1	2348
1151	6	2951
37	3	2729
529	1	2348
1081	5	2417
2040	4	2353
1120	3	5663
1513	0	3315
1978	2	2403
1606	2	2367
176	2	2565
562	1	2348
2119	5	2358
602	1	2463
1002	0	5980
1495	3	5981
549	5	2358
1478	0	5800
525	0	5982
580	4	2353
429	0	4249
1184	5	2358
1291	0	4696
1640	0	5789
1724	1	2348
1801	2	2350
1491	2	2367
872	6	5983
2132	3	5984
594	4	2353
1635	4	2356
1912	0	2447
1034	1	2348
1180	2	2468
1808	4	2353
1357	1	2348
1167	5	2358
1001	5	2417
805	0	3598
1063	1	2348
1629	6	2984
1277	0	5692
771	0	5986
530	4	2353
258	6	5987
1032	4	2353
1162	2	2354
1076	1	2381
815	5	2417
1412	5	2358
1412	3	2982
1673	4	2353
632	1	2348
1589	2	2565
561	0	2717
1255	0	3395
1147	4	2413
1691	0	4735
152	5	2358
1270	5	2417
1217	6	2849
1697	0	5988
1345	5	2358
1943	4	2353
1274	2	2350
520	1	2348
2008	0	4190
386	0	5989
700	0	3458
1327	4	2353
419	0	5990
106	5	2417
625	2	2361
920	3	4788
2149	2	2361
1069	4	2353
628	1	2348
589	2	2361
1129	0	5377
846	0	5992
609	1	2348
1811	5	2623
1176	1	2348
1781	3	5993
1091	4	2353
150	1	2348
311	6	3292
321	3	2407
849	1	2348
1123	1	2348
1419	2	2371
1557	3	4164
975	6	5994
1199	4	2353
177	3	5995
1908	6	4349
1451	3	4077
484	2	2378
1564	0	3431
1683	6	2771
1690	5	2358
235	2	2460
1170	2	2361
1071	5	2358
241	6	5996
1300	1	2348
362	2	2367
1316	5	2417
694	3	2814
558	2	2362
127	0	2539
1804	6	5997
120	3	5569
1473	6	5048
360	1	2348
1546	3	5998
1844	6	5999
1844	0	6000
1008	5	2358
10	2	2565
1457	0	6001
663	4	2477
1955	6	2554
1438	1	2463
1549	2	2404
305	5	2417
1534	6	3564
1074	2	2403
844	4	2353
847	0	2749
469	2	2362
546	3	2905
372	2	2386
808	3	6002
1286	1	2381
848	2	2398
419	4	2353
1545	3	6003
1014	1	2348
325	2	2398
2032	2	2371
1432	2	2371
1299	4	2397
2035	6	2812
991	2	2404
480	1	2348
1921	3	4521
477	2	2350
1798	0	6004
559	2	2361
1198	6	2627
615	1	2348
1606	3	6005
1233	1	2348
308	1	2348
1664	4	2413
761	2	2465
391	0	2471
1419	0	6006
992	2	2375
498	2	2361
859	0	6007
2000	4	2518
716	0	6008
642	0	6009
1373	2	2367
1644	3	6010
582	0	4999
1071	0	6011
1700	1	2348
1107	1	2348
415	3	4970
669	5	2417
925	2	2367
2036	2	2371
223	5	2358
270	1	2348
21	1	2348
413	2	2361
343	2	2350
1446	2	2398
1838	2	2350
234	5	2358
353	3	2446
1264	2	2371
19	1	2825
258	0	4320
783	0	2636
1636	3	3289
334	5	2358
1630	2	2468
1134	5	2417
1060	1	2348
638	1	2586
1986	3	2846
44	6	4054
1315	6	2986
941	0	4174
1481	2	2350
285	1	2348
784	5	2358
495	6	2542
1649	2	2361
1676	4	2353
721	3	3688
956	6	3388
130	2	2350
244	5	2373
49	5	2417
1752	2	2797
799	2	2367
1661	0	2431
888	4	2353
457	0	6013
511	6	4771
1533	3	6014
1667	6	2836
9	6	4417
2014	5	2358
1654	6	6015
1058	6	6016
1774	2	2797
445	4	2353
1750	0	6017
1835	5	2358
901	2	2371
1317	6	3885
1039	2	2410
1359	2	2361
1269	2	2710
1307	2	2371
151	2	2371
291	1	2348
431	2	2350
746	2	2350
1639	0	2627
563	3	6018
637	3	5508
2028	2	2386
1927	2	2371
1937	2	2378
639	1	2540
543	0	3771
1968	0	6019
1597	3	3071
571	1	2348
616	2	2361
2018	2	2410
1113	5	2358
1102	3	2407
21	5	2358
1332	3	6021
2010	3	3415
135	1	2348
1239	2	2371
657	0	4867
2140	4	2353
98	0	4710
317	2	2565
1387	3	6022
1988	4	2353
687	0	3039
77	2	2565
1238	5	2417
618	1	2654
837	0	4810
1131	0	4224
638	1	2348
2082	3	6023
1050	2	2371
935	2	2361
1471	4	2413
1252	1	2348
1195	2	2386
133	1	2463
990	4	2353
705	0	3449
860	3	2669
205	1	2348
1945	1	2348
1803	2	2371
1169	4	2353
416	5	2358
1901	2	2354
372	3	5493
1078	6	2429
1482	6	2953
1889	6	6024
1900	6	4789
1565	3	6025
2102	1	2348
100	5	2358
259	6	4985
1484	6	6026
1299	2	2361
11	2	2371
1409	3	6027
1611	2	2362
1463	0	6028
575	2	2361
37	6	3077
1227	4	2413
1524	3	2352
2040	1	2348
1868	0	6030
38	0	4068
660	1	2381
263	6	2430
2081	4	2353
1735	4	2353
559	2	2404
1430	2	2398
994	2	2404
733	0	2377
2029	1	2348
1000	6	4193
1802	4	2353
118	2	2404
961	2	2410
1734	1	2348
629	6	2414
1809	2	2378
1952	0	5974
1592	1	2348
1551	3	5167
297	6	3579
510	2	2565
1130	4	2353
434	1	2381
2012	4	2353
412	2	2403
1045	1	2381
785	2	2350
1109	2	2386
758	1	2348
2013	0	2690
1848	0	6031
533	2	2378
2017	1	2654
1247	2	2378
1629	0	3686
1172	1	2348
2024	0	3421
1429	2	2350
2034	5	2358
1079	6	5964
1082	2	2404
842	2	2350
663	4	2353
1686	6	2625
1352	5	2358
1637	6	5081
1637	3	6032
240	2	2468
537	2	2361
1840	0	6033
249	0	2803
1490	2	2362
1055	2	2367
43	5	2358
2065	2	2350
664	2	2350
1736	6	2735
285	1	2654
1567	6	6034
405	5	2623
147	4	2376
1901	2	2361
284	2	2371
1793	2	2371
621	4	2353
1891	2	2403
595	0	6035
515	1	2348
1035	4	2353
1070	2	2378
213	3	3020
187	2	2378
1178	3	6036
628	5	2358
1654	6	6037
453	0	2727
1096	2	2386
316	2	2361
366	3	6038
845	2	2403
1648	3	2553
499	6	4693
755	2	2404
1160	6	6039
1985	6	3122
1511	1	2348
761	3	2835
89	2	2386
1140	0	5965
604	1	2348
2058	3	6040
1010	2	2465
769	6	6041
634	6	4670
1622	1	2348
2000	5	2373
1818	2	2565
723	4	2353
557	6	5554
1171	1	2348
481	3	6042
750	2	2361
304	5	2358
1272	3	6043
16	1	2348
491	4	2353
513	6	2724
866	4	2353
758	2	2465
371	5	2358
1097	2	2367
253	1	2586
616	6	5081
2017	3	2508
1872	2	2354
831	3	6044
2144	4	2353
1339	0	2552
131	0	6045
135	0	6046
1073	1	2348
903	1	2348
1851	2	2398
227	3	2446
1222	1	2348
357	0	6047
339	3	6048
382	1	2469
584	0	6049
1911	4	2376
1444	4	2353
1214	5	2417
953	0	6050
2089	6	4619
196	1	2348
1255	1	2654
1426	0	2380
1147	2	2350
1849	2	2361
2001	2	2465
242	3	3489
1697	1	3196
365	1	2348
950	1	3196
1094	2	2367
215	1	2348
1572	2	2350
923	5	2417
976	4	2518
1530	5	2358
1399	4	2353
2147	2	2361
222	2	2350
1843	5	2358
1421	4	2376
1965	0	6051
601	4	2376
775	0	6052
425	5	2417
1121	0	6053
1422	1	2463
1867	4	2353
1867	1	2348
1669	3	6054
766	5	2358
1511	6	4771
248	6	2925
1046	2	2465
1792	1	3590
111	3	6055
462	6	2690
1797	4	2353
509	1	2348
275	1	2348
1450	1	2348
1005	0	6057
656	0	2643
542	1	2348
510	4	2353
972	6	2775
1045	2	2361
1306	1	2348
385	2	2361
1012	5	2358
62	2	2404
533	1	2348
31	0	2431
1555	6	3748
127	2	2350
1777	2	2398
1995	2	2468
2110	2	2361
937	2	2350
1022	5	2358
702	0	3832
1225	1	2348
2030	1	2743
155	5	2373
90	1	2348
1425	3	4155
707	2	2404
1882	6	4125
194	5	2358
132	2	2362
132	1	2348
369	3	4482
1210	6	6058
354	2	2410
44	2	2403
710	5	2623
1610	2	2350
208	0	3925
1372	3	6059
1256	5	2358
1649	3	2913
1017	2	2398
1275	2	2361
1956	0	2837
490	3	3288
286	4	2376
1559	5	2358
980	0	3537
923	6	6061
2022	5	2358
1873	2	2361
211	2	2710
51	6	5448
1488	0	2665
222	6	5595
2068	0	3634
1966	2	2465
1052	2	2378
1159	3	6062
92	1	2348
1093	2	2460
378	3	6063
1313	6	4964
1308	0	6064
375	2	2361
174	4	2353
1120	5	2623
1075	0	2431
997	2	2361
1917	5	2358
1813	5	2417
1402	4	2413
1693	1	2348
1469	0	3170
1443	1	2348
1548	0	6066
32	4	2397
89	0	4993
468	0	4086
1699	1	2348
111	4	2376
55	6	2790
55	0	4107
1174	2	2361
1452	6	4309
525	2	2367
1407	5	2623
1508	2	2368
370	0	2511
814	1	2348
1145	1	2463
1704	0	6067
1880	2	2361
572	3	2420
1937	5	2623
172	6	2541
1556	0	2347
2132	2	2350
596	2	2404
2045	0	5990
385	5	2373
1566	1	2586
669	6	3292
203	2	2350
404	3	6070
168	3	6071
1292	2	2350
1292	0	6072
98	2	2378
676	4	2353
1387	4	2353
195	3	5427
722	0	4001
687	2	2565
553	2	2390
132	4	2353
728	4	2353
909	4	2353
464	3	6074
138	5	2417
811	1	2381
1997	1	2348
2106	2	2350
2061	3	6075
838	0	4207
1642	6	3330
844	5	2358
816	3	6076
1367	2	2468
2042	6	5392
80	6	2704
419	6	5898
442	6	3894
1470	5	2358
824	2	2361
1523	6	5646
1542	2	2361
589	1	2463
1921	2	2361
1092	0	3211
1811	4	2353
1020	3	6077
1941	1	2348
150	5	2417
1835	6	3256
502	6	6078
1112	1	2348
61	3	2539
970	1	2348
1377	3	6079
604	2	2403
1755	6	4628
1269	4	2353
349	4	2413
1411	2	2404
82	1	2348
429	6	6081
1931	6	4213
458	6	5187
743	2	2350
199	2	2350
904	0	6082
1783	2	2398
329	5	2417
207	2	2354
720	2	2361
1045	1	2586
1796	2	2361
299	2	2361
1553	4	2413
1374	1	2348
881	0	2618
1575	4	2353
1838	6	3362
1319	6	6083
234	2	2361
1748	5	2417
843	2	2465
23	6	4107
856	1	2348
707	1	2348
154	4	2353
154	1	2348
455	4	2397
1003	1	2586
2101	4	2353
1621	6	4409
208	2	2465
653	1	2463
186	2	2398
373	2	2361
278	2	2361
791	2	2350
306	0	3832
2008	4	2353
1127	1	6085
658	1	2348
854	1	2348
394	6	4499
295	2	2404
1728	0	2461
1728	0	3504
827	4	2353
2102	5	2358
1852	2	2350
1299	6	3757
441	2	2404
500	3	6086
1468	2	2465
1178	6	3251
802	2	2361
802	1	2348
399	1	2348
1044	4	2353
1811	1	2348
1677	2	2350
1868	2	2361
1422	2	2361
1402	0	5781
319	6	2391
150	2	2367
1913	0	2792
1648	1	2348
1160	1	2348
502	2	2362
901	2	2354
2146	2	2460
117	2	2465
1651	1	2348
954	2	2371
1884	0	6089
1414	1	2469
377	0	6090
1809	1	2348
1431	0	4708
235	1	2348
454	4	2353
743	4	2353
2020	1	2825
1635	5	2358
1034	0	4186
303	5	2358
686	4	2353
630	4	2353
1851	3	6092
197	6	5246
1370	5	2373
1930	2	2378
155	0	6093
1883	6	3128
1128	1	5056
1457	2	2361
277	6	6041
252	4	2353
1340	3	5976
2098	2	2398
352	0	6094
564	0	5720
1460	1	2348
1460	3	2407
1765	4	2353
1260	5	2358
1910	0	6095
1509	2	2404
1840	5	2358
2085	6	6096
990	2	2375
401	4	2773
1624	6	6097
1481	5	2417
1736	0	2735
1213	2	2361
1663	2	2403
713	5	2417
1153	3	6098
1327	6	6099
2102	6	6100
613	1	2586
1432	3	5436
1791	1	2381
467	3	2599
1957	1	2348
1590	4	2353
9	4	2353
2005	0	6101
1125	2	2361
1654	2	2386
1890	3	2929
1768	5	2373
1141	0	3779
1999	2	2367
2139	2	2350
766	0	6102
165	3	6103
1558	0	6104
1976	2	2390
101	6	5773
1962	2	2710
1564	2	2367
1665	3	2846
103	2	2361
1291	2	2398
593	4	2353
1971	5	2358
292	2	2350
1689	2	2361
1689	2	2465
518	2	2350
362	0	3565
2021	6	6106
1577	2	2367
279	3	3469
1537	2	2404
916	2	2574
371	2	2362
823	6	3318
959	0	2800
1576	2	2350
768	2	2404
290	6	2640
1016	5	2358
1102	6	3985
1332	2	2398
737	0	6107
83	1	2348
88	2	2350
1944	0	2721
1483	2	2465
619	5	2358
722	2	2468
833	1	2348
358	4	2353
1613	2	2404
20	2	2361
1727	0	5248
1194	1	2348
1004	2	2350
2118	0	6108
1050	6	2827
537	1	2348
208	2	2371
1922	6	3173
879	6	5782
1398	2	2398
610	5	2358
522	4	2353
372	2	2460
397	0	4434
2002	2	2468
386	2	2386
51	2	2361
1936	4	2353
650	5	2358
1399	1	2348
342	2	2350
230	6	6109
110	0	4059
622	0	2903
492	1	2463
2059	0	3261
15	5	2358
480	2	2404
772	5	2417
516	2	2350
1754	5	2373
497	4	2353
1422	4	2376
445	1	2348
1376	6	6111
867	4	2353
1160	3	6112
1495	0	3161
1651	3	3344
1297	4	2353
1303	2	2367
1967	6	6113
611	6	3721
1653	1	2558
1521	2	2390
1104	4	2353
359	2	2403
1796	0	6114
385	6	6115
2049	2	2404
2003	6	6116
2136	0	5517
1687	2	2350
24	6	6117
1854	0	2365
1172	6	3168
1319	2	2361
83	3	3020
7	2	2404
706	1	2348
317	0	2787
1193	2	2350
67	2	2375
194	4	2353
1438	4	2376
1177	0	5791
1506	1	2348
2052	2	2362
356	3	2993
1315	4	2353
537	3	4659
186	4	2353
1490	1	2348
679	1	2348
1270	2	2350
1697	6	2551
287	2	2371
1064	5	2623
1945	6	6118
690	1	2348
1596	2	2468
417	2	2350
1245	3	5145
3	0	5613
1582	5	2417
1994	0	4638
511	0	4771
1662	2	2361
1243	4	2353
1121	2	2460
1088	4	2353
1088	3	3288
335	4	2353
751	5	2373
541	5	2417
2133	2	2398
800	4	2376
877	3	6120
55	2	2468
918	1	2348
393	2	2460
1578	0	3032
59	2	2361
1592	0	6121
1474	0	6122
1689	3	2618
143	0	4958
839	0	6123
326	1	2348
510	6	6124
1688	1	2348
1801	3	3150
1132	1	2348
96	1	2348
2021	2	2398
493	6	2542
1713	0	6125
758	5	2358
330	4	2353
1739	5	2417
1487	0	2665
2003	2	2361
435	0	6126
1804	3	5212
437	6	3470
437	3	6127
1842	0	3337
1575	5	2623
1324	3	3934
26	0	6129
1550	1	2381
227	1	2743
1786	4	2353
301	6	2531
353	5	2358
1370	6	4319
137	0	3651
2127	2	2710
1264	1	2654
5	3	5505
74	6	6130
1054	3	6131
1845	3	3070
2125	5	2373
1504	2	2361
439	2	2378
935	2	2354
406	3	3135
537	0	2480
1490	1	2463
1691	0	2961
278	3	3884
1103	2	2367
1855	2	2361
1366	2	2398
173	0	6123
754	0	6132
738	1	2586
318	1	2348
647	2	2361
1728	4	2353
310	4	2353
635	6	3097
251	2	2468
824	1	2348
2107	0	5820
1684	1	2348
140	0	6134
2	5	2373
1516	4	2353
46	2	2465
1224	5	2623
1151	0	4398
684	2	2371
8	6	3292
459	0	6136
1448	5	2417
1091	5	2417
1205	4	2353
220	2	2565
1233	4	2413
1168	2	2350
855	0	2409
868	2	2350
895	1	2381
1095	2	2364
118	5	2358
961	0	6138
370	0	6139
1040	0	3211
1714	2	2404
458	2	2361
1517	1	2348
1518	5	2358
1170	0	6140
329	3	4567
491	0	4147
1570	1	2348
279	1	2348
446	0	6141
1989	4	2477
1038	0	3512
1063	6	2956
1915	1	2647
2024	2	2460
1550	3	4639
521	6	6142
35	0	6143
1349	4	2376
1883	3	6144
1087	5	2623
2063	3	2431
856	0	2552
1882	1	2348
618	2	2350
966	4	2353
1122	5	2417
309	0	6145
508	2	2361
894	6	2942
875	0	6146
2038	2	2460
1201	2	2398
1261	3	2383
899	2	2361
1089	4	2353
287	1	2348
1345	0	3236
672	6	2837
398	2	2367
1314	2	2368
397	1	6148
1810	2	2367
2121	2	2350
852	0	4114
331	2	2371
980	0	2675
1661	3	5212
1891	1	2348
100	3	3284
644	2	2350
1484	3	4285
1189	1	2348
652	0	6149
1662	4	2353
1044	1	2348
927	2	2361
1811	0	5414
1774	4	2353
1982	0	3748
539	5	2358
1198	2	2361
867	5	2373
391	6	2471
1226	4	3355
901	4	2353
1779	1	2348
1837	1	2348
591	0	3431
1023	0	6151
288	2	2350
868	6	3507
778	2	2361
1875	6	5088
1578	4	2413
557	2	2390
905	4	2413
814	3	3640
377	5	2417
1254	2	2460
1769	5	2358
1291	0	3100
826	2	2361
743	0	6152
750	3	6153
639	0	2380
1905	3	3503
329	2	2386
567	2	2350
1316	6	5096
781	3	2599
279	4	2353
616	5	2358
1063	3	2388
1526	5	2417
1191	3	6154
2024	1	2348
1304	2	2350
881	4	2353
1563	4	2413
10	6	2625
1859	2	2361
2104	6	6155
648	3	2590
1988	0	6156
1685	0	6157
833	0	4910
2120	6	5312
861	4	2353
1131	4	2356
1177	2	2398
1165	0	6158
108	6	3411
886	2	2362
406	0	2385
2089	1	2348
1624	6	6159
2001	5	2358
1831	2	2371
977	4	2353
816	4	2353
417	5	2358
1587	2	2361
1276	1	2348
1788	2	2710
41	3	2508
760	2	2404
1358	1	2348
1770	2	2354
626	2	2375
1409	1	2348
1031	6	3877
480	1	2647
1224	0	6160
1461	5	2373
1120	2	2367
1240	6	4397
660	1	2348
263	1	2348
445	6	2600
2064	6	4739
1634	0	4561
1999	0	4466
1979	1	2348
2115	5	2358
678	5	2373
1764	3	6161
498	1	2463
778	3	6162
447	2	2350
893	2	2565
1173	2	2361
1769	3	3375
642	2	2354
2135	1	2887
1689	5	2358
655	2	2367
542	6	5381
967	2	2404
162	3	3311
233	1	2348
636	0	3258
931	1	2348
53	1	2348
446	1	2348
866	1	2348
1597	4	2353
1262	6	5211
1576	5	2358
1381	4	2353
129	2	2350
1972	1	2348
414	0	4152
1404	1	2348
1332	6	4533
1332	1	2348
1294	2	2350
1638	0	2592
54	4	2353
432	4	2413
1442	3	2653
2030	0	6164
1883	2	2375
277	4	2773
514	1	2348
1636	4	2353
141	2	2565
732	3	4327
1682	1	2348
1911	2	2375
348	2	2378
1571	0	6166
191	2	2350
1490	5	2358
231	2	2350
2006	2	2361
1089	5	2623
1601	6	6167
341	1	2348
167	5	2358
469	2	2465
956	0	6168
1547	1	2463
955	0	5387
1670	1	2348
799	1	2348
310	2	2361
2053	6	2555
731	3	4292
448	2	2367
1093	2	2378
846	6	4894
1308	3	2642
214	6	4380
559	4	2477
294	0	4263
1430	4	2353
165	5	2358
105	2	2404
1699	2	2404
820	1	2558
1976	0	6169
177	0	2627
1797	2	2361
1351	4	2353
237	5	2358
1431	2	2378
289	3	2920
2027	2	2404
415	5	2417
2021	6	4908
1401	3	6042
558	2	2465
371	3	2993
729	5	2358
1872	4	2413
423	0	2380
24	2	2367
1995	2	2465
907	0	6171
124	2	2398
1833	3	4352
1859	4	2353
1387	6	3272
1321	4	2353
2098	6	6173
1425	4	2413
470	4	2353
1805	0	6174
1329	0	6175
145	2	2350
305	4	2353
958	5	2358
981	5	2358
550	4	2353
1391	6	5181
2038	0	6176
612	1	2586
1021	2	2468
1701	0	4139
1057	4	2353
1089	2	2386
522	2	2378
398	2	2378
1862	5	2417
597	1	2348
3	6	4609
545	2	2362
1936	6	5698
1994	2	2468
1371	1	2348
1378	2	2398
1633	1	2558
1086	5	2623
1680	4	2353
1093	6	6178
15	6	6179
1677	2	2378
897	2	2403
8	4	2353
1166	2	2404
1453	5	2373
1820	0	4667
1606	0	4888
1669	0	6054
900	2	2378
689	1	2586
538	1	2348
1423	2	2465
84	2	2468
1478	2	2367
627	0	6180
787	5	2373
1622	5	2358
392	1	2348
1935	6	6181
224	4	2353
304	2	2361
887	6	4117
1077	1	2348
1618	2	2361
959	0	2716
1487	0	3530
633	6	3434
423	2	2350
2110	0	6182
1546	2	2361
1483	6	3473
2030	6	3269
322	4	2353
648	2	2361
1636	5	2373
1206	4	2353
2070	5	2373
1157	0	3063
1143	2	2361
159	5	2373
899	0	6183
1253	4	2353
278	4	2353
1274	3	3020
2007	4	2477
988	2	2368
888	1	2825
109	6	3579
457	2	2371
1432	5	2358
1396	3	6184
727	3	3002
482	6	3659
644	0	2431
407	6	4189
1878	5	2623
1070	6	6185
1202	5	2358
2023	2	2404
140	2	2710
804	6	6186
1516	1	2348
48	0	5071
1913	2	2465
1750	1	2348
1707	0	6187
519	1	2348
1419	0	6189
153	5	2358
444	2	2371
1423	1	2348
1423	3	3344
1557	2	2465
1837	3	6190
590	4	2353
1297	2	2398
918	0	6191
237	6	5538
1228	5	2358
1375	2	2386
1040	1	2348
489	2	2398
510	2	2403
1783	2	2367
1071	2	2361
25	4	2353
1107	2	2468
781	1	2348
534	6	5137
1848	0	5673
533	2	2386
673	3	3437
624	3	3483
741	3	2717
1339	4	2353
26	2	2375
83	2	2361
1696	1	2381
355	5	2358
1493	5	2417
1685	4	2413
257	0	6195
2124	2	2390
1630	1	2348
1686	0	2625
122	2	2403
939	0	5787
1067	0	3873
1705	6	2722
191	0	3969
269	3	6196
540	1	2348
280	3	2804
1355	0	6197
4	0	2645
142	4	2353
1335	1	2348
2007	2	2350
1742	2	2465
1661	2	2361
1197	4	2353
313	2	2404
968	1	2348
1371	5	2373
1528	4	2353
775	6	6198
1863	3	6199
1224	2	2361
1129	2	2378
1625	6	6200
535	5	2358
2041	0	5357
1227	4	2376
1798	6	6201
1422	2	2404
1666	2	2368
366	5	2623
1990	5	2358
300	1	2463
294	2	2367
1985	4	2353
2111	0	2517
89	1	2348
1112	2	2361
2113	1	2348
444	3	3895
2146	6	6202
117	3	4701
767	3	6203
462	1	2558
778	5	2358
683	0	6204
429	3	6205
1619	2	2367
1184	1	2348
1925	3	2383
224	3	4175
292	1	2348
415	0	6206
1569	5	2373
1830	2	2460
53	5	2417
1576	4	2353
1576	3	6208
2017	6	3614
556	1	2348
1073	6	6209
1239	2	2367
217	3	3284
98	4	2353
648	0	4464
828	4	2353
158	4	2353
1646	5	2358
1911	6	4856
1311	2	2371
1386	5	2417
246	6	5487
817	2	2361
1637	1	2348
1894	1	2654
552	1	2348
1691	4	2353
274	1	2348
2065	5	2373
1544	2	2361
977	0	6211
825	4	2413
1993	6	4649
1659	4	2518
1760	2	2410
980	4	2353
1873	3	4790
211	4	2353
1936	0	3627
871	3	2993
325	1	2469
1470	2	2468
727	6	3277
1950	2	2367
1299	0	4943
1358	2	2465
2091	5	2358
1524	0	2734
1075	2	2404
1754	0	5750
1136	0	5823
2086	3	2729
150	2	2386
1669	4	2353
99	2	2361
1024	1	2348
1495	2	2375
151	2	2367
1144	1	2348
29	5	2358
1085	6	6213
1291	4	2353
368	5	2417
1899	0	6214
750	0	6215
698	2	2465
1013	2	2468
641	6	4508
526	2	2378
921	0	3360
362	2	2398
571	5	2358
435	2	2350
79	6	3360
1290	2	2361
703	2	2361
686	5	2417
1022	6	6216
547	4	2353
1225	2	2378
1028	3	3531
1128	0	2664
1238	6	4310
1812	4	2353
1412	6	6217
184	2	2404
1637	2	2361
261	1	2348
178	2	2361
527	1	2381
332	0	2659
540	6	4184
1043	2	2398
43	3	6218
2067	2	2386
1763	5	2358
1057	2	2378
157	1	2348
2114	0	6219
784	6	6220
341	6	4163
1064	4	2353
608	2	2404
1366	4	2413
955	3	6221
988	3	3644
2033	0	6222
515	2	2371
230	2	2350
1069	6	4156
1595	6	6223
1595	0	2711
2099	0	6224
1309	2	2350
1868	1	2348
1781	2	2468
747	1	2654
747	0	3521
1422	6	6028
366	4	2353
1913	4	2353
1469	1	2348
1983	3	2531
1427	0	3989
1443	5	2373
678	1	4250
901	1	2348
1237	6	4057
1229	5	2791
691	1	2348
1557	4	2353
1377	5	2623
1632	5	2358
66	0	6226
239	0	3894
1797	1	2348
151	1	2348
472	2	2378
1414	3	4975
1619	1	2469
1769	2	2350
1551	6	3931
2039	6	5698
765	1	2348
925	6	3689
796	0	3358
228	4	2353
1097	4	2353
673	2	2350
413	5	2358
192	5	2358
69	0	4535
1446	2	2390
1969	2	2468
1711	2	2361
1076	6	3572
714	2	2367
1310	6	4087
1845	2	2361
1119	2	2367
1910	2	2350
1904	0	3330
1223	4	2353
527	6	3352
2061	0	4492
373	4	2413
159	6	4310
2006	3	2982
1642	2	2361
1945	0	6227
1078	1	2463
1482	5	2373
1327	0	6228
215	2	2361
1661	4	2353
3	2	2350
1479	1	2463
1014	2	2468
2032	4	2353
731	0	3871
1541	2	2361
740	0	6229
46	5	2358
776	4	2353
704	2	2398
1018	3	3399
1917	0	2453
1620	4	2413
985	0	3138
1511	0	2822
1598	0	6230
869	2	2404
1002	0	2598
2145	2	2368
1263	5	2417
1417	5	2358
746	4	2353
1005	6	2513
2046	3	6231
750	0	4009
2039	0	4496
60	4	2353
1570	6	2839
765	6	4484
2045	2	2350
1569	0	2431
1796	2	2375
0	6	6037
0	0	3060
925	1	2348
1597	1	2348
1232	0	6232
2136	2	2371
2122	3	6233
1102	1	2348
120	0	6234
1216	2	2371
668	2	2361
675	0	6235
942	3	6236
1339	5	2358
466	3	2842
135	0	6237
353	1	2348
1388	3	6238
180	6	3751
892	0	2541
67	2	2565
774	0	6239
352	0	5248
618	6	2857
154	2	2410
1066	6	5738
403	1	2348
987	0	6240
1391	0	6241
401	2	2350
566	1	2348
1855	0	6242
889	1	2348
147	2	2361
1933	0	6243
490	0	4349
986	2	2378
295	3	6244
2137	3	6245
891	0	6246
545	1	2348
595	3	4569
635	5	2358
1399	5	2417
1399	3	6247
578	5	2358
350	5	2417
1528	0	2774
1093	2	2390
378	0	6249
529	2	2378
965	2	2350
1725	3	2833
2081	2	2398
1433	6	3552
264	3	6070
1196	5	2358
867	0	6250
751	2	2361
1317	3	6251
1920	4	2353
1359	6	4094
586	6	3337
447	1	2348
1977	1	2348
853	0	2971
207	3	4017
434	2	2404
576	5	2358
1715	5	2417
493	4	2353
1879	2	2410
1555	1	2586
1954	3	2433
226	2	2398
2017	2	2361
2128	2	2565
805	1	2348
1290	2	2386
21	0	2635
624	1	2381
424	6	4484
1437	1	2348
1429	2	2361
252	3	6252
252	0	3774
1234	6	3413
1630	6	3672
837	5	2358
164	0	2783
1904	2	2350
1208	6	6253
1610	6	2615
995	2	2361
186	1	2348
249	2	2350
452	3	4394
1256	6	6254
1389	2	2468
2006	4	2353
1831	6	5161
858	3	6071
284	6	3689
1466	3	2725
283	0	3330
1413	2	2404
1728	5	2417
605	4	2413
1889	0	6024
1288	6	3248
109	1	2348
1545	2	2350
1472	0	4746
441	2	2350
441	5	2358
1378	1	2348
1086	1	2348
1251	4	2413
187	2	2386
964	2	2367
2117	6	6255
1313	1	2348
772	3	6256
1774	1	2586
1166	4	2353
1941	6	2431
1205	1	2348
366	6	2779
1605	4	2353
1469	0	2717
1196	2	2350
1999	6	3184
1999	2	2371
1579	1	2348
865	6	6258
175	2	2404
800	3	6259
45	0	5212
1303	0	6260
101	1	2348
1268	4	2353
1268	2	2710
349	2	2362
291	2	2465
893	3	6261
181	6	6262
1040	4	2353
2046	2	2361
1769	4	2353
563	0	6263
1365	5	2358
1819	4	2353
1899	2	2361
1704	5	2373
870	3	5326
1242	3	2723
304	3	6264
639	5	2358
887	0	4117
1051	4	2353
917	0	5205
1316	4	2353
1679	4	2353
1879	1	2348
534	4	2353
560	4	2353
2047	0	4959
1777	0	6266
1216	4	2353
1915	1	2654
2010	2	2362
741	4	2353
942	1	3576
2080	4	2353
1563	0	6267
1790	4	2353
657	4	2353
657	3	4017
1041	1	2348
334	6	5199
229	2	2565
2057	5	2358
1158	0	6268
1054	5	2623
1766	5	2358
81	5	2358
128	0	4150
561	0	2716
1328	2	2371
1255	1	2348
987	6	3354
1201	2	2367
695	1	2348
159	1	2348
879	4	2353
612	4	2353
398	3	2503
1948	2	2361
658	4	2353
754	1	2747
1286	3	6269
1108	2	2468
1383	4	2353
597	1	2654
1616	2	2350
1661	2	2350
438	0	3066
613	5	2358
1197	2	2354
1950	3	6270
222	1	2348
474	4	2353
1533	2	2404
1680	2	2361
1825	2	2350
1081	4	2353
684	1	2348
1677	6	6271
1677	5	2417
319	0	2391
711	2	2367
300	2	2361
1743	6	3019
99	4	2353
788	4	2353
2119	6	3740
1815	4	2413
834	4	2353
1962	1	2348
1006	2	2398
201	6	2919
637	2	2368
1353	4	2353
2039	4	2353
2141	3	6274
1783	0	6275
1346	0	6276
724	0	6277
1584	3	6278
1515	2	2362
1879	6	2531
1180	5	2358
1618	2	2367
381	1	2348
148	2	2350
1053	2	2350
933	6	2783
414	5	2358
437	1	2348
192	6	6279
281	5	2358
1546	6	5812
1246	6	6280
88	0	2637
322	0	6281
195	0	2608
1163	5	2373
1428	4	2353
352	0	4979
1673	1	2348
780	3	3377
1060	2	2398
1119	6	6282
1386	2	2367
1003	4	2353
1003	1	2348
1959	0	6283
245	0	6284
138	2	2361
1894	3	2446
178	2	2404
1964	0	3685
1278	2	2361
1278	5	2373
896	2	2361
479	2	2390
886	3	3818
327	1	3196
1372	6	3546
577	0	3069
193	2	2350
879	2	2350
1784	2	2362
1869	2	2350
777	1	2348
496	2	2361
147	2	2404
1522	1	2348
1956	6	2837
398	5	2417
2011	1	3478
2015	2	2468
1049	6	3754
1829	2	2371
1742	3	4633
621	0	6285
1545	0	4435
259	0	6286
2138	3	6287
718	2	2390
500	0	2476
1047	0	2762
1382	4	2353
1378	4	2353
740	2	2362
2117	3	3373
15	0	4219
399	3	3643
535	2	2465
56	6	2547
1677	2	2386
938	0	4286
1693	6	5674
763	2	2354
615	3	3595
790	2	2367
849	5	2417
2115	3	3047
1893	5	2373
1557	5	2358
975	0	6288
1775	1	2348
951	0	6289
66	0	5435
829	2	2371
1356	4	2413
1263	1	2348
1564	6	2716
156	1	2348
338	0	6053
2039	2	2368
1688	0	6290
1874	0	2461
96	2	2362
1320	6	3256
1392	6	5496
1618	1	2348
203	2	2378
260	2	2350
421	2	2354
1459	1	2654
1995	2	2398
1926	6	6291
1949	1	2348
360	4	2353
702	5	2373
1930	2	2410
1264	1	2463
357	1	2463
77	0	6292
1805	6	6293
1723	1	2348
231	3	5366
1984	2	2361
1253	2	2398
420	0	6035
610	2	2354
777	5	2358
1945	3	5256
608	1	2586
1322	0	6294
1275	6	2614
1901	0	6295
1741	1	2348
1898	0	2786
30	4	2353
871	1	2348
635	0	3097
1188	1	3576
1299	1	2558
441	6	2369
407	3	2593
1384	1	2348
422	6	2459
1485	2	2350
506	3	3387
206	0	3672
1620	1	2828
1140	3	4292
1496	1	2348
869	2	2361
975	1	2348
949	6	3719
1301	2	2350
409	5	2358
611	0	6296
86	3	3273
1365	2	2404
1640	1	2348
119	2	2350
572	2	2361
1795	0	6297
862	4	2353
1688	2	2367
25	1	2654
139	0	6298
917	3	4845
293	4	2353
1109	2	2350
53	4	2353
1135	4	2353
1739	4	2353
270	2	2361
1113	3	4368
414	3	4491
2128	3	4442
1932	2	2390
120	0	3293
1437	6	2380
2134	2	2350
903	4	2353
1696	2	2378
1748	2	2350
702	0	6300
35	6	3773
1225	4	2353
1685	1	2348
910	6	6058
910	0	3610
2120	4	2353
1613	3	6301
1686	2	2710
1186	6	6302
455	6	6303
455	2	2468
1657	4	2353
979	4	2353
803	1	2348
646	6	2657
186	6	2788
249	2	2371
527	5	2417
136	2	2361
1355	5	2358
1213	0	2634
1217	2	2361
169	1	2841
739	2	2574
1945	4	2353
1659	0	3691
812	5	2358
94	2	2361
1466	0	6304
2109	2	2565
465	1	2586
1181	6	6305
1810	4	2353
2095	5	2373
40	6	6306
1065	1	2463
1396	2	2398
313	1	2348
1150	5	2358
1409	2	2404
1159	0	5952
9	2	2378
1730	1	2348
487	1	2348
1502	2	2378
2064	2	2361
444	2	2354
1583	5	2358
1056	3	2973
384	6	4390
1010	3	2493
349	6	5611
1603	3	3401
1695	2	2710
1710	5	2358
2135	0	4189
969	5	2373
655	1	2654
2039	0	6307
172	1	2654
2027	2	2361
1552	1	4413
359	0	5319
1968	2	2465
139	0	2392
1808	6	6308
1232	3	6309
1381	2	2468
1053	2	2367
65	1	2348
1954	2	2398
624	2	2371
131	0	6310
1851	5	2373
993	2	2361
1780	5	2417
1969	0	5801
14	6	5692
1711	2	2362
132	5	2358
564	4	2353
1767	5	2373
1702	2	2465
680	6	3759
1657	2	2361
1589	0	3423
1958	4	2353
1997	0	6312
667	2	2361
981	2	2404
507	4	2353
1480	2	2465
1089	0	6313
1103	6	2714
1697	0	2551
1649	1	2469
469	0	3153
812	2	2354
402	2	2361
1741	2	2362
1898	4	2353
848	5	2373
1793	5	2417
1383	2	2468
80	1	2348
219	3	3531
408	6	5930
163	3	4050
635	0	6314
1047	2	2354
568	2	2361
1878	6	3497
1070	3	6315
160	1	2348
2072	2	2465
39	1	2348
948	2	2367
1152	6	2951
762	4	2353
1507	0	6316
1890	1	2469
1847	3	6317
1196	1	2463
2143	5	2358
2025	0	2452
1048	2	2361
674	2	2404
975	2	2350
1632	2	2361
166	0	2625
683	3	6318
1101	6	3985
237	1	2348
696	4	2353
1414	1	2348
1458	6	6319
1184	2	2367
481	2	2350
853	4	2353
1809	6	6282
170	1	2348
368	2	2350
1931	3	3000
1517	6	5983
639	0	6320
1013	4	2353
2027	3	6070
785	2	2404
1830	6	3073
71	5	2373
823	4	2477
768	0	2622
560	4	2413
1016	2	2465
2116	3	3811
1247	2	2350
831	5	2358
569	2	2565
1239	0	3032
1786	1	2586
1370	3	6321
1748	3	3086
1225	6	6037
1947	0	6322
19	4	2773
1084	3	3159
258	5	2417
706	2	2362
229	1	2348
998	1	2348
324	6	3599
1911	4	2353
1910	6	2552
427	6	2823
42	3	2491
1255	1	2558
403	5	2358
1195	2	2361
274	6	2520
1771	2	2361
690	5	2358
478	6	4383
478	6	3125
1327	5	2358
2137	2	2378
1126	1	2348
976	1	2463
922	3	6323
486	3	4206
1472	5	2417
110	2	2362
1409	0	4388
1719	2	2350
1864	3	4753
214	1	2348
1991	2	2468
766	6	4887
1985	5	2358
512	2	2354
502	1	2348
1048	0	3106
901	0	6275
1622	0	6324
1407	2	2403
118	2	2565
1603	2	2468
971	2	2361
1822	6	2911
1458	0	6319
1828	3	2454
642	6	3748
449	3	6325
1521	2	2378
1353	0	6326
1130	2	2350
587	0	6327
1071	4	2353
945	2	2710
1306	5	2358
1679	6	5232
819	0	4261
2047	2	2362
1804	2	2367
1854	2	2361
1932	1	2348
1290	5	2417
1239	5	2417
654	0	5080
1969	4	2353
1387	0	6329
514	6	3153
1988	4	2477
194	3	6330
81	0	6331
1970	4	2353
794	3	6332
1310	0	2848
456	6	6333
456	0	6333
1765	2	2361
561	1	2348
138	0	6334
479	1	2348
1604	2	2371
483	2	2362
1043	6	2479
420	2	2350
1367	0	6335
1596	4	2353
807	2	2371
1366	0	2640
1659	2	2350
1547	6	6336
1722	2	2354
1782	2	2350
1647	4	2353
574	1	2463
718	2	2404
222	2	2404
11	4	2397
11	4	2353
555	6	3075
474	0	6337
1667	5	2623
1799	2	2797
1152	1	2381
480	2	2350
1092	1	2348
1674	0	6338
116	3	4482
6	1	3196
1	4	2353
107	2	2361
206	4	2353
699	6	2951
1046	5	2358
123	1	2348
443	1	2381
1411	3	6339
753	1	2348
431	3	2672
814	2	2350
377	3	5003
1450	6	6188
1068	0	3911
121	3	3953
2084	0	6340
1531	6	3258
720	6	2714
1715	0	6341
303	6	3691
916	2	2361
758	3	2531
1012	1	2348
1001	6	2984
1739	6	2600
1459	5	2358
253	4	2353
821	4	2353
878	3	2431
1744	1	2348
1995	4	2353
1247	5	2623
54	1	2348
703	5	2358
1593	2	2350
258	4	2353
347	2	2361
463	0	6342
783	1	3223
1379	3	6343
1238	0	6344
1805	1	6345
924	0	3580
1192	4	2353
1192	6	6346
1386	1	2348
1138	2	2350
1509	6	3097
1885	6	5909
189	2	2465
1939	1	2348
1355	0	6347
373	6	4919
285	4	2353
1701	4	2353
1803	0	6348
546	5	2358
988	2	2350
379	4	2773
1760	0	6349
850	6	5630
478	0	5922
1327	2	2465
1728	6	3709
1936	6	4365
438	5	2358
1200	2	2371
1878	3	3640
740	5	2358
1929	2	2390
78	0	6350
1418	0	5688
453	2	2354
535	1	2381
174	6	3532
1811	2	2378
388	5	2358
607	4	2376
459	1	2654
335	1	2586
1	3	3070
1983	5	2358
1985	2	2404
788	5	2358
2060	3	3209
1650	4	2353
949	1	2348
312	6	6351
101	2	2398
66	4	2413
400	2	2361
716	1	2348
1351	1	2348
782	2	2361
1520	4	2353
224	0	4111
1539	0	6352
2028	0	2761
2020	4	2353
1643	3	3635
639	0	6353
1373	2	2398
1529	5	2358
1492	3	6354
434	0	6355
1392	5	2358
361	5	2623
534	3	6357
533	3	6358
1476	0	6359
633	3	4745
435	2	2361
982	6	3003
1629	1	2348
471	1	2348
2076	3	6360
91	2	2398
1437	5	2417
168	6	6361
1292	0	2552
771	2	2350
1264	2	2367
1425	2	2565
1067	3	2617
356	0	6362
401	0	6363
4	0	3206
1335	5	2417
1771	1	2348
1823	0	6095
1659	3	5838
812	2	2371
988	4	2353
640	0	3073
1416	5	2373
1126	2	2468
1918	6	6364
1994	2	2350
1827	0	2976
1250	2	2404
34	0	6365
789	2	2371
2072	3	2372
213	6	3512
928	0	2589
480	2	2361
1814	0	6367
1654	6	6368
1654	1	2348
487	0	2691
709	0	2803
1847	0	6369
38	0	4048
1826	4	2353
107	3	6370
598	0	6371
1233	3	6372
1979	3	4222
1626	4	2356
1318	3	6373
111	0	2749
1817	0	3674
1436	2	2361
767	2	2361
778	4	2353
243	2	2350
1734	0	4152
1101	1	2348
1510	2	2390
1171	2	2386
1375	6	4863
1500	6	3667
1653	3	2446
170	3	6374
1431	1	2463
86	2	2371
1077	2	2361
2132	6	6024
724	6	3700
1320	2	2465
385	4	2397
1713	2	2361
1001	2	2361
633	0	6376
2044	6	6377
1992	1	2348
120	2	2371
1928	2	2404
832	4	2353
1780	0	3012
1696	1	2348
843	6	6378
432	6	4525
1944	5	2373
35	2	2361
258	2	2350
1284	5	2358
1646	6	3028
1613	4	2353
1119	1	2348
246	4	2353
811	3	6379
944	5	2358
1143	1	2348
1896	2	2404
1624	0	6380
1480	4	2353
1021	4	2353
1089	0	6381
1544	3	2940
1019	1	2348
1587	2	2375
2077	2	2410
2109	0	6382
283	4	2353
1559	6	2759
2022	2	2361
3	0	2635
1432	0	6383
250	4	2353
1052	5	2417
740	6	3660
2023	6	6384
1825	1	2348
140	5	2373
1151	3	4457
1485	3	6385
1308	1	2348
1461	2	2361
48	2	2350
497	6	6386
344	2	2361
300	2	2404
755	4	2353
689	1	2381
532	4	2353
869	5	2373
1699	3	4913
735	4	2353
1002	1	3196
166	3	4376
87	6	6388
1114	6	3321
1203	0	3195
782	0	6389
665	3	5580
16	0	4903
1491	2	2574
207	5	2358
2027	5	2358
596	6	5336
945	5	2373
931	4	2353
1537	2	2361
265	2	2404
226	6	2439
1872	2	2361
624	4	2353
1871	2	2361
1729	0	2620
903	5	2358
521	2	2350
1696	2	2361
185	2	2386
1457	6	6001
1387	1	2348
514	3	5574
1009	1	2348
833	4	2353
1025	4	2353
504	1	2348
966	2	2404
427	2	2403
85	0	2840
1691	3	3415
838	1	2348
1389	1	2348
1736	6	3364
337	2	2361
1345	3	6390
546	2	2465
1221	3	6391
1627	5	2417
1752	2	2361
134	0	4117
876	2	2361
1994	3	6392
1110	6	3542
1007	2	2361
1035	2	2361
213	0	3722
928	1	2348
1680	3	4455
366	2	2367
2090	1	2381
1865	6	2714
1282	1	2348
994	3	6393
790	6	5958
2060	4	2353
1612	0	6394
1174	3	3532
1269	5	2373
59	6	3702
484	0	4930
1474	0	6395
572	1	2348
1242	6	4723
904	6	5104
329	0	6396
2021	0	6397
1850	6	3991
493	0	5922
1099	0	2407
1283	5	2358
1236	5	2373
793	4	2353
1296	3	5766
1296	0	6398
1016	1	2348
1290	0	2852
307	1	2348
1118	2	2378
168	1	2348
654	4	2353
137	1	2348
771	2	2386
389	0	2471
1225	5	2623
1225	0	6399
1098	3	6400
1738	0	6401
910	4	2353
1812	6	3460
1646	4	2353
632	2	2367
266	0	4144
376	2	2350
1514	6	2836
1637	0	5081
439	0	6402
1157	4	2353
1391	2	2465
1261	2	2367
941	2	2404
941	3	3561
1074	4	2353
1033	5	2417
193	0	5421
664	0	2693
417	1	2586
1241	0	2986
365	3	6403
1440	0	2461
1336	3	4183
2015	1	2348
1862	2	2378
478	2	2350
2121	2	2398
1149	2	2367
876	1	2348
1565	4	2376
450	2	2361
1014	6	3737
17	0	4392
574	3	3115
1843	3	6404
1843	0	6405
485	2	2361
474	5	2358
1957	2	2361
13	5	2358
1477	3	6406
92	0	6407
666	1	2381
1405	3	6252
459	4	2353
1330	5	2417
1599	2	2361
985	6	4693
1190	5	2373
1362	2	2350
2060	1	2348
643	0	3320
1651	6	2716
1436	2	2797
1772	4	2353
288	0	6408
393	4	2353
2056	4	2353
118	4	2413
201	0	2517
1500	3	6409
1690	6	6410
1175	5	2358
1801	1	2348
649	6	3529
1346	2	2361
1045	5	2358
1392	0	6411
1597	0	3797
1262	1	2348
1960	0	6412
1848	1	2348
65	0	6342
616	0	5081
79	2	2404
91	6	5884
937	4	2353
1924	5	2358
1851	6	3030
1493	2	2378
1738	1	2348
257	4	2397
1824	3	6413
564	0	3476
1911	0	6415
1444	2	2361
1352	6	3075
2082	2	2468
958	2	2350
1147	3	5003
1645	0	6416
460	0	4152
159	2	2350
2006	1	2348
1089	0	6417
566	0	2625
784	1	2348
739	0	3555
847	1	2348
204	3	2401
1627	4	2353
1325	6	5799
1209	6	4555
318	0	2787
1413	2	2368
211	3	6144
1582	2	2361
149	1	2348
650	6	3277
1197	6	3641
555	4	2353
250	2	2710
744	0	4943
1680	0	6419
48	1	3223
684	0	6420
776	5	2373
607	2	2350
704	0	5361
202	5	2358
763	5	2358
115	0	3529
1608	6	3731
1511	5	2358
1938	0	2766
1423	4	2353
1817	5	2358
312	0	6351
531	0	6421
767	5	2358
525	2	2361
239	5	2358
749	4	2353
1619	2	2371
1653	0	4640
481	6	4693
1406	2	2386
2069	2	2361
1431	1	2654
826	3	5212
1940	6	6423
1531	1	2469
1475	6	5813
1447	1	2348
297	1	2348
1077	4	2353
1300	0	3568
2021	4	2353
1385	1	2586
2045	5	2358
1566	5	2417
1618	0	4943
421	0	6424
161	0	4707
616	1	2348
2047	0	4951
2122	1	2348
1115	0	3779
569	3	3965
1870	6	3543
759	6	6425
1388	2	2468
2030	1	2654
347	3	6426
505	5	2417
1505	4	2413
77	6	6292
382	6	3574
1326	5	2358
1329	2	2465
145	6	4309
145	2	2404
267	6	6428
730	2	2361
1080	6	2479
2125	4	2353
2082	4	2353
1964	1	2654
550	6	2976
1015	3	6429
1217	5	2417
844	2	2361
417	3	6430
496	1	2348
1153	0	6431
1892	3	3515
1117	5	2417
283	5	2358
647	1	2966
1559	3	3017
1479	4	2353
106	0	6432
1110	4	2353
1110	0	2659
36	0	2588
515	5	2358
578	1	2348
1035	2	2350
1678	0	6433
1667	4	2353
1590	5	2358
492	1	2348
1524	4	2353
927	4	2353
997	4	2353
335	5	2358
264	0	3528
1469	0	2530
473	2	2465
733	6	6434
1707	0	6435
985	2	2404
519	2	2362
1612	0	6436
591	2	2350
1772	6	6437
895	6	3277
984	4	2353
1114	2	2403
1356	0	6438
1818	2	2404
1977	6	2479
1417	3	6119
1653	2	2371
890	3	3532
1354	1	2348
773	4	2353
1272	1	2348
1905	1	2348
765	4	2353
617	2	2350
933	5	2358
1526	2	2368
471	0	3525
1944	3	3115
1271	2	2367
1084	5	2623
277	2	2404
1580	5	2358
856	6	3731
1025	5	2358
842	5	2358
266	2	2350
1727	4	2353
1266	0	2383
198	2	2350
396	2	2362
1157	6	3063
1157	2	2350
1066	2	2350
1964	1	2348
85	1	2348
1195	6	6440
280	5	2358
193	3	6441
221	0	5700
157	2	2350
1737	3	6442
365	1	2381
597	6	6443
873	1	2348
209	2	2350
1827	2	2361
1560	0	4699
1761	4	2353
1378	0	3597
622	4	2353
1799	4	2353
1680	2	2404
1709	1	2348
27	6	4276
1129	4	2353
1120	2	2378
1846	2	2350
776	0	6446
965	6	4129
1402	6	6447
682	2	2375
1360	2	2350
532	2	2378
1293	1	2348
1496	5	2358
1161	3	4474
525	2	2378
1628	4	2353
1603	4	2353
1006	2	2354
156	2	2361
346	6	5952
1104	0	6449
543	3	3192
526	2	2350
636	1	2469
1045	1	2558
1316	0	3959
570	6	2724
203	5	2417
381	1	2463
1410	2	2371
404	1	2348
633	1	2654
79	5	2358
2044	4	2413
1115	2	2361
1861	3	3812
630	3	6154
1844	2	2361
2094	5	2358
1008	0	4353
273	5	2358
1028	2	2371
2130	1	2348
505	3	2897
463	1	2825
1988	3	4401
210	2	2361
2124	5	2358
1824	1	2348
1462	5	2358
354	0	6450
1652	4	2353
1896	2	2361
1490	2	2465
527	2	2710
1624	1	2348
18	4	2353
807	0	2840
1019	2	2465
1722	6	6452
623	2	2404
1759	3	2649
333	2	2410
1742	5	2358
80	2	2378
1302	4	2518
1773	3	6453
968	2	2404
2097	5	2358
1856	6	2714
1202	2	2361
33	2	2378
2099	1	2348
1923	2	2378
1405	4	2353
1807	2	2350
1205	5	2358
711	6	3139
994	1	2348
1573	5	2417
900	1	2348
1707	2	2371
1237	0	2461
1112	4	2353
1342	1	2463
1651	5	2358
1174	0	3153
1755	3	2687
767	2	2574
1303	5	2417
1218	5	2358
752	2	2350
377	6	6090
1822	4	2353
1231	6	6454
1619	5	2623
614	1	2348
1085	0	6455
1809	2	2362
1520	2	2361
734	2	2354
1474	1	2348
1671	2	2361
489	1	3196
940	6	5733
2084	6	6340
304	6	5391
2039	0	2534
1909	4	2353
1584	0	6456
446	0	6457
692	5	2358
1332	2	2465
1842	1	2348
367	3	6458
137	5	2623
23	0	4107
339	4	2477
229	2	2367
179	2	2362
1420	4	2353
728	1	2348
585	2	2386
1658	4	2353
797	2	2361
659	0	6459
1328	5	2417
935	2	2362
875	5	2358
1624	5	2623
287	2	2367
287	3	2446
142	2	2350
1064	2	2378
1649	6	2961
690	6	2759
402	6	6460
2077	6	2531
215	6	5391
2137	4	2353
106	1	2348
1344	0	6462
1468	1	2348
187	2	2350
1674	4	2353
2099	0	6463
704	3	5427
1756	1	2348
256	3	3046
536	4	2413
606	4	2397
2115	0	5693
1419	2	2398
1419	1	2348
1305	0	3119
61	0	2539
1377	1	2348
1775	4	2353
312	3	3729
1297	6	2547
767	1	2586
1303	0	2920
1179	1	2348
753	4	2353
1203	5	2358
611	2	2361
1720	0	6464
454	0	6465
698	0	6466
1353	2	2398
2100	2	2350
1410	1	2381
617	0	5298
1872	5	2358
633	5	2373
737	2	2404
2080	5	2358
654	2	2367
353	2	2398
137	2	2460
1225	0	6468
277	0	6041
1836	1	2348
1257	2	2386
1076	1	2966
1340	1	2825
257	4	2376
2120	5	2358
1428	0	5872
618	3	6469
2070	1	2348
896	0	6470
479	3	3125
85	0	6471
990	1	2348
1465	0	6472
1996	2	2398
1996	0	5081
816	1	2348
1019	2	2468
1169	2	2350
1587	1	2381
623	4	2353
623	5	2417
1788	6	4152
1898	1	2348
738	4	2413
799	0	3525
1343	2	2350
328	4	2353
789	0	6473
775	0	6198
983	4	2353
1121	0	6474
1595	1	2348
684	4	2353
1807	2	2386
1990	1	2348
2090	2	2375
539	3	4567
763	0	4500
206	4	2376
661	1	2463
820	4	2353
1837	2	2350
55	1	2348
2145	4	2353
177	1	3196
531	1	2348
392	0	6476
472	2	2386
557	0	6477
893	4	2353
1710	0	4409
2046	6	6478
685	2	2361
430	1	2586
2020	0	6479
1130	0	2635
207	2	2350
1527	5	2358
724	1	2463
2012	0	3203
139	1	2348
1879	4	2353
2045	3	6480
1602	0	3258
2123	1	2647
1410	5	2373
982	2	2468
1016	0	2927
1102	4	2353
471	5	2358
1924	6	4139
2030	4	2353
357	6	4566
1084	4	2353
411	6	3073
1493	2	2404
195	2	2398
1059	0	2957
677	3	3377
553	1	2348
158	6	2575
1970	1	2348
1266	1	2586
1060	6	5738
1762	6	2769
1860	5	2373
1588	0	4141
662	1	2463
1645	3	2905
159	3	4819
830	2	2371
2067	4	2353
1322	6	6294
952	0	4552
1538	3	2531
1722	3	2982
2109	4	2353
1383	6	5806
1753	1	2348
1124	0	6483
922	0	6484
1530	0	2921
2097	6	6485
2147	0	6486
1409	0	6487
1929	2	2350
422	4	2353
1083	3	2973
1461	1	3683
1615	3	6488
927	0	4870
388	2	2371
1617	1	2348
335	2	2361
1513	3	3532
2086	5	2358
1826	2	2361
294	5	2358
1141	1	2348
519	3	3156
1694	0	4261
1802	0	6489
111	5	2791
1557	1	2348
877	1	2463
1540	2	2403
778	6	4323
447	5	2373
426	0	4462
1656	4	2353
1594	0	6490
95	5	2358
200	3	2593
946	1	2586
241	4	2353
434	5	2358
1731	2	2361
139	3	6493
361	2	2350
781	6	3873
866	6	3921
1097	0	3629
1600	6	4397
819	4	2353
2018	1	2348
1607	2	2361
878	1	2348
1872	3	6494
1744	4	2353
1687	6	4375
1623	0	6495
836	2	2361
254	1	2348
1370	1	2540
1969	2	2386
1008	6	4353
23	2	2404
185	2	2361
93	5	2358
1505	6	4383
1505	1	2348
1009	6	2422
1177	6	5017
1460	2	2350
1207	1	2348
561	0	2530
261	2	2371
2089	5	2358
363	5	2358
1652	1	2348
1147	6	6496
1195	1	2348
332	2	2386
1230	1	2348
1389	0	6497
1021	1	2348
1544	6	4435
1498	1	2647
1027	0	5555
1771	4	2518
22	5	2358
610	3	3489
672	4	2353
1467	4	2413
496	4	2353
1154	3	6498
147	2	2565
173	1	2348
1397	2	2468
623	0	3039
2011	4	2353
1948	4	2353
754	1	2450
318	5	2417
2042	2	2371
888	2	2367
726	3	3115
645	1	3196
500	4	2353
1843	6	3721
1770	6	4189
1086	3	6500
1856	4	2353
1614	1	2348
97	4	2353
399	0	6501
1778	5	2358
897	6	2467
1361	1	2348
1198	5	2358
1282	2	2350
115	2	2371
788	6	6502
175	6	3983
586	1	2348
237	2	2350
237	3	4620
232	3	4089
1594	2	2465
181	3	6503
247	2	2350
1184	6	2598
642	1	2586
1690	2	2350
757	2	2350
2039	0	6504
510	1	2348
1373	6	5111
596	1	2463
1635	0	2857
1392	1	2348
1679	1	2348
1577	1	4250
1137	6	6505
737	2	2565
934	0	3329
1087	0	6506
52	1	2348
418	4	2353
1257	0	4296
722	5	2417
194	6	4752
1630	3	4482
1682	6	4184
128	2	2361
1165	3	3923
1273	2	2361
1273	5	2358
1958	3	2515
817	2	2350
1157	2	2361
710	3	2458
189	4	2353
1026	5	2358
460	2	2404
1033	2	2350
420	6	3073
1089	1	2348
1544	2	2404
977	6	6507
1064	0	5498
351	0	6508
1275	4	2353
1153	1	2348
1933	1	2348
372	6	6510
854	6	5430
364	5	2373
1413	0	2873
1383	2	2465
2137	0	6511
1358	4	2413
222	0	6512
250	5	2373
1799	3	6513
948	1	2348
1516	6	4383
1864	2	2468
529	1	2647
1136	2	2350
383	2	2465
1865	0	6514
985	1	2348
755	0	6515
99	1	3196
869	3	5322
1377	2	2710
1297	5	2358
525	6	4156
2000	0	4466
1356	1	2348
1006	6	2800
1458	1	2348
1665	1	2348
1935	0	6516
734	4	2376
289	1	2348
119	1	2463
304	0	5391
1104	5	2417
16	4	2353
641	2	2404
1212	5	2358
1570	4	2353
0	2	2367
1960	2	2371
908	2	2361
1232	1	2348
1888	2	2371
1989	2	2350
2017	1	2586
878	6	2431
1404	1	4250
192	2	2361
343	1	2654
1915	2	2350
1915	3	6517
2010	4	2353
1563	0	6518
466	2	2361
1473	4	2353
1790	2	2350
1870	1	2348
432	2	2361
1944	2	2465
273	1	2348
1087	2	2460
2063	0	2431
194	2	2350
324	2	2465
1657	2	2410
1886	1	2463
464	2	2350
1116	1	2348
1157	2	2378
1147	2	2361
1984	0	3277
1691	2	2361
460	6	4152
63	3	4422
1133	2	2468
495	0	4218
1703	6	2963
18	6	6520
1698	4	2353
956	2	2361
1258	3	6521
398	2	2350
1127	2	2350
1759	2	2404
1501	1	2348
1416	4	2376
1197	0	6398
1421	0	5476
422	5	2417
1781	6	5005
1839	2	2371
383	2	2362
660	1	3196
1585	6	3281
150	6	6522
1867	5	2358
1634	1	2348
1350	0	6523
1999	5	2358
1664	1	2348
1757	2	2403
882	6	4094
949	4	2353
949	2	2350
1632	1	2348
1056	2	2378
627	1	2348
393	2	2710
1411	0	6524
409	2	2371
1734	3	2454
1228	3	6525
1414	6	4424
1005	2	2362
1500	5	2358
523	2	2367
304	1	2348
1170	4	2353
2012	2	2468
1561	1	2348
715	0	3769
576	1	2348
1981	5	2358
1879	5	2417
796	2	2350
1989	1	2348
1872	1	2348
1687	2	2565
1906	5	2358
569	0	6527
168	2	2465
217	0	6528
98	2	2361
1449	0	3052
998	5	2358
707	4	2353
1812	6	6423
81	2	2710
1177	1	2348
198	0	5248
1067	2	2378
439	4	2353
803	2	2386
786	2	2350
1740	1	2654
537	0	6529
894	1	2348
1270	1	2348
664	1	2348
612	2	2361
2067	2	2367
1701	2	2361
977	2	2361
1064	2	2367
1064	1	2348
1659	0	6531
1522	0	6532
1153	6	2951
1857	1	2463
658	2	2468
394	0	3116
1752	1	2348
770	5	2358
1488	3	2628
1834	3	4352
1472	0	2762
1358	6	4596
599	0	3244
1965	4	2413
1418	1	2654
1868	2	2404
2090	2	2404
1376	2	2404
311	0	4091
711	1	2348
806	2	2354
115	2	2354
1141	6	2951
865	1	2348
1168	1	2348
1039	2	2398
1161	4	2353
643	5	2358
604	6	6533
1920	2	2361
1908	3	4534
462	0	2690
392	0	6534
834	2	2350
1351	0	3504
95	3	6535
1431	2	2367
368	0	5349
289	4	2518
241	2	2361
96	2	2404
1515	2	2404
1717	0	6536
533	0	3211
31	1	2348
560	6	6537
435	4	2353
314	3	2499
1995	3	2503
307	6	3251
1437	2	2375
903	0	6538
432	1	2348
277	2	2361
212	6	3716
212	2	2350
732	2	2361
132	2	2465
1767	4	2353
1673	2	2361
780	5	2358
966	0	4841
714	6	4503
714	1	2348
1289	0	6539
1604	6	6540
1621	0	6541
280	0	2999
651	1	2348
600	5	2358
1945	2	2410
496	3	6542
1221	6	2485
1948	1	2348
283	2	2361
1072	0	5700
1919	5	2358
149	2	2371
106	2	2378
650	0	2931
2138	0	6543
1726	0	3918
1950	6	6544
1791	2	2797
125	6	5644
599	5	2358
425	0	6545
1542	1	2348
846	1	2348
818	2	2404
841	6	6546
2051	3	2862
1430	0	4320
598	1	2348
536	0	6547
1802	2	2386
61	6	3264
877	0	6548
1002	2	2574
1920	0	6389
918	5	2358
1787	2	2361
787	2	2350
893	6	2839
746	5	2358
1639	5	2358
656	2	2398
346	5	2358
1643	0	3635
362	5	2358
1715	4	2413
1306	2	2465
534	2	2361
1717	6	6549
819	2	2361
1972	0	6550
79	2	2350
24	1	3196
24	0	6551
963	4	2353
69	2	2350
131	2	2371
569	4	2353
488	0	6552
521	3	2973
1225	2	2367
530	5	2623
1128	3	4306
7	5	2373
277	1	2348
2104	1	2348
631	3	4773
783	2	2361
707	5	2417
158	2	2361
1613	2	2350
837	2	2350
1682	5	2358
1657	1	2348
810	1	2469
1207	0	5965
1444	1	2348
464	6	5461
1155	2	2465
208	4	2353
102	1	2348
830	3	3426
1274	1	2348
736	0	2999
1072	0	6553
1108	0	6554
419	0	2394
756	4	2353
100	4	2477
511	2	2361
2138	6	6555
2068	0	6556
1533	6	4678
2073	2	2367
1863	5	2373
114	4	2353
1595	2	2361
1461	2	2362
1798	2	2367
2099	2	2403
1309	2	2361
1494	6	3848
1660	6	6557
1707	3	6558
985	2	2350
2113	0	6559
1056	2	2710
177	2	2361
243	4	2353
1631	2	2565
144	6	2981
144	2	2378
1961	1	2966
509	5	2358
1884	1	2348
95	1	2348
685	4	2353
1952	5	2417
170	2	2361
1551	0	3931
1365	3	4017
1783	1	2348
1107	2	2465
715	1	2348
303	3	6560
906	2	2371
925	0	2840
1053	5	2623
161	0	6561
1877	0	6562
2017	2	2565
805	1	2463
1992	0	3294
1216	1	2348
1172	5	2358
1446	2	2350
686	0	6563
1780	4	2353
1681	4	2413
1449	0	3989
1084	2	2390
155	3	3135
411	2	2460
1321	1	2348
212	0	2803
257	1	2348
179	1	3222
553	2	2404
158	5	2358
1326	4	2353
584	3	6564
1682	2	2350
1194	4	2353
1986	1	2348
2101	2	2410
1534	5	2358
1887	4	2353
1261	6	2902
1253	5	2417
719	2	2361
1133	4	2353
847	6	6565
1771	0	3388
1064	0	4594
167	2	2361
272	2	2378
880	6	2421
850	0	6566
1482	4	2353
1726	3	3918
824	6	6568
1499	2	2468
1052	0	5193
1408	5	2358
601	1	2463
1159	4	2397
39	4	2353
708	3	6569
1308	2	2371
927	1	2348
1361	4	2353
475	4	2376
1502	1	2469
1693	4	2353
6	4	2413
311	5	2373
1820	3	3910
1634	6	4333
867	2	2386
1598	1	2348
1305	6	2839
1902	5	2358
2088	1	2348
1161	6	4193
1764	4	2353
312	1	2348
895	2	2350
166	1	2348
834	1	2348
834	0	5772
1101	0	3985
431	6	3799
370	2	2361
814	2	2404
1231	2	2386
890	0	3832
1998	2	2367
1925	6	5553
489	2	2367
947	3	3922
297	0	3999
773	2	2368
1130	2	2361
946	6	3742
1552	0	3032
359	1	2348
748	4	2353
1577	1	2586
906	1	2348
1283	1	2348
1597	1	2381
421	2	2361
823	0	3318
857	0	5781
1001	3	2420
1600	2	2468
404	2	2404
1290	1	2348
1861	4	2353
1349	0	5261
1222	4	2353
1087	1	2348
1974	6	3424
1234	2	2362
936	2	2350
620	1	2348
620	5	2358
2118	1	2348
909	0	4320
1122	6	2347
1785	3	4871
1624	0	6571
830	0	3605
205	0	3609
1027	4	2353
1027	5	2358
1281	6	6572
2037	0	6574
1416	3	5350
891	0	5969
163	0	6575
726	2	2404
1843	2	2361
1047	2	2350
1821	3	6358
1312	4	2353
1384	0	4296
1633	0	5744
1858	2	2465
670	4	2353
1916	3	6576
1136	0	6577
2050	2	2371
294	3	3402
1707	0	6578
1598	0	3528
674	5	2417
1002	3	6579
531	3	6580
476	6	6581
701	2	2361
1171	4	2353
1998	0	3184
1354	2	2350
543	2	2361
2092	5	2358
1968	5	2358
1850	5	2417
1109	0	5597
31	4	2353
617	4	2518
414	6	6582
805	0	6583
1115	1	2654
1332	5	2417
1629	2	2367
1593	6	2680
64	2	2390
1718	0	4607
1974	4	2353
1082	2	2378
1158	2	2710
271	3	4279
376	3	2407
1186	5	2417
1186	0	6584
1886	4	2353
1207	0	2774
1278	6	3579
540	3	6586
2087	2	2350
157	2	2565
1601	1	2348
1649	1	2348
825	6	4184
791	5	2373
1245	5	2417
1127	6	2664
2009	4	2353
1108	0	6587
2022	3	3811
163	4	2353
1344	3	3149
1821	6	6588
744	6	4943
34	2	2350
575	1	2348
1633	2	2362
2059	5	2417
140	2	2403
964	2	2404
1654	0	6589
1778	4	2353
1183	5	2358
1422	3	6590
2081	2	2468
107	6	5185
1282	2	2361
188	0	3100
901	6	6591
581	2	2565
1841	2	2565
1161	5	2358
975	2	2354
2079	4	2353
769	1	2348
1578	5	2373
517	6	3874
2048	1	2348
1204	6	6592
1683	2	2361
1085	3	2655
1532	6	2984
225	0	6593
929	3	3640
1077	6	2636
434	4	2413
594	2	2403
1334	2	2398
293	2	2361
1187	6	6594
1708	6	5487
1062	2	2362
1476	4	2353
1562	6	6595
1332	2	2371
937	3	6596
1388	0	6597
1833	2	2371
418	1	2348
2124	3	6598
1158	1	2381
680	2	2361
1658	1	2348
1895	6	3297
810	2	2398
1444	5	2373
1400	2	2371
1490	4	2353
1089	0	6599
205	0	2395
1338	6	5970
1281	5	2358
721	4	2353
1901	5	2373
955	2	2361
2015	5	2358
1209	5	2358
2109	1	2348
1793	1	2381
1572	2	2404
923	1	2348
1889	2	2390
1565	2	2404
2053	0	6600
2138	2	2398
474	2	2375
2043	4	2353
589	4	2397
948	0	3869
1814	4	2413
2014	2	2465
37	0	2949
1798	1	2348
2099	2	2350
841	5	2358
8	2	2468
1813	2	2404
1820	4	2353
502	2	2350
851	2	2350
2115	6	5693
188	1	2348
1279	0	2787
1908	4	2353
1095	1	2348
701	3	2649
840	2	2404
1101	2	2362
1218	2	2371
1828	1	2348
1145	0	6601
112	2	2350
1406	1	2348
1551	1	2348
346	0	5952
518	2	2404
1300	5	2358
446	5	2417
299	0	4648
1808	5	2623
1290	3	6602
424	1	2348
1380	0	6603
881	6	3528
488	2	2362
227	5	2358
197	4	2413
2034	3	2642
1387	2	2468
1162	2	2350
463	3	5256
631	0	3748
2098	2	2361
2120	0	6604
1054	6	2956
585	0	6605
585	0	6606
1131	1	2348
1986	2	2404
240	2	2362
835	2	2468
189	2	2361
1372	1	2348
2106	0	6607
1033	2	2378
1133	6	3672
285	0	3525
4	0	3568
47	2	2378
278	2	2350
566	6	2625
847	2	2361
1221	4	2397
808	5	2373
364	6	3293
1286	5	2358
1331	3	3600
923	4	2353
494	1	3196
2032	5	2358
209	3	6609
407	1	6610
626	2	2565
1678	5	2358
2131	5	2358
2023	3	4482
762	2	2361
609	3	3664
1730	6	3512
1864	1	2348
1227	6	4004
1798	0	6611
660	1	2463
300	4	2397
761	1	2348
1979	0	3363
1140	1	2348
1112	5	2358
840	6	2741
905	2	2368
1450	5	2358
338	2	2460
368	2	2378
1940	2	2378
967	4	2353
1353	6	6326
1353	2	2371
526	5	2623
1909	5	2358
1515	3	2491
884	0	5666
71	2	2404
916	2	2410
823	4	2353
989	1	2348
1600	1	2348
1972	0	6612
681	0	2727
737	1	2348
1623	3	3644
1347	2	2398
2094	4	2353
1681	1	2348
1087	2	2362
1859	6	4321
631	1	2586
677	2	2404
1249	6	3246
352	2	2350
428	2	2565
584	0	3255
1060	4	2353
1571	6	3706
1050	0	6613
186	0	6614
1426	0	6615
1896	3	6616
987	2	2375
136	2	2350
1554	6	2755
1645	4	2353
1355	6	2667
577	0	4432
126	3	3305
1148	1	2463
1270	3	6617
169	4	2353
1771	5	2373
1855	2	2710
672	1	2780
777	0	2793
1322	2	2404
1919	0	4734
2105	6	6618
980	2	2465
494	2	2350
1369	2	2361
1662	6	5864
1378	6	3597
1929	3	3000
1182	0	6619
589	6	3161
1625	0	5075
898	2	2350
2040	6	4299
559	0	3978
282	2	2403
1	2	2386
300	4	2376
2103	5	2623
1140	5	2417
1046	1	2348
1802	2	2378
123	2	2404
1512	3	6620
1010	0	6621
426	2	2361
557	1	2348
1204	5	2373
275	2	2375
588	5	2417
338	2	2367
1665	2	2361
1671	0	6622
1104	0	6623
1051	6	4156
2100	3	3401
228	0	4425
1972	6	6078
630	2	2375
1437	4	2413
832	2	2350
934	6	2857
353	2	2371
1246	2	2350
2094	2	2361
1718	0	6624
195	5	2417
1723	0	6625
1131	2	2404
395	0	3449
561	5	2358
2101	6	6627
1208	1	2348
1745	5	2358
136	3	2593
1230	4	2353
47	2	2361
1993	2	2468
1275	5	2417
1522	6	2719
1933	0	5340
2011	3	6629
1276	2	2361
372	5	2623
754	2	2375
1011	1	2348
852	4	2353
1706	5	2373
888	4	2413
1936	0	5581
328	3	3017
482	2	2404
731	4	2353
342	0	3024
1421	5	2358
485	1	2348
1878	0	3315
1382	1	2348
2072	1	2348
1251	3	6630
1178	1	2463
2117	1	2348
1044	3	3209
487	0	2551
475	0	6631
1502	0	4954
682	4	2413
2090	0	4610
1599	3	2905
806	1	2647
1360	0	6632
2143	1	2348
390	2	2361
1579	5	2417
1574	6	2665
761	6	2479
882	5	2417
855	2	2371
101	5	2358
59	0	3320
1454	1	2348
749	3	5485
377	2	2404
1458	0	6633
1085	1	2348
1474	1	2463
524	2	2378
773	1	2348
1287	2	2350
0	2	2350
2036	2	2367
1989	5	2358
1872	1	2450
1744	6	6634
2026	3	6635
2026	0	2806
1575	6	2430
1441	3	3483
1969	3	5066
2094	2	2350
1974	1	2348
1321	2	2350
179	2	2361
1673	5	2358
1311	0	4715
939	6	6637
387	0	6638
138	2	2378
1278	3	3636
646	3	6639
1372	5	2358
1261	5	2358
126	2	2404
1951	3	2590
1089	0	6641
1703	2	2465
205	4	2773
1154	2	2350
1901	0	6643
932	2	2465
1898	6	5635
318	4	2353
647	0	3572
848	2	2465
331	3	5493
1501	2	2362
494	0	6644
1014	4	2353
511	2	2350
407	5	2358
555	5	2358
350	2	2362
1791	0	2443
2073	4	2353
13	4	2353
1916	2	2350
1654	3	3020
344	1	6645
1166	3	3919
264	4	2353
1198	0	6646
256	2	2410
562	6	6647
321	1	2348
1042	2	2361
123	6	5714
1976	0	6648
1436	2	2354
1436	0	2380
1307	4	2353
918	6	6649
1095	6	6650
1734	2	2361
509	3	4906
1510	1	2463
685	1	2348
2054	0	3432
289	2	2410
1242	0	6556
862	2	2361
1517	2	2362
526	1	2348
1874	5	2358
1717	4	2413
65	3	5256
435	3	2401
681	0	4305
2024	6	3073
1638	2	2375
759	1	2348
1292	4	2353
1022	4	2353
1246	1	2348
1748	2	2378
2140	0	2860
1483	1	2348
1333	3	6651
619	6	6428
1082	6	5698
1009	2	2465
1882	3	6652
1766	1	5045
638	1	2558
909	3	4320
1400	3	4457
981	1	2348
1652	0	5720
995	1	2654
779	0	6653
1869	2	2361
858	2	2350
469	3	6654
351	2	2403
147	1	2348
812	1	2348
1692	1	2348
2077	2	2404
1209	2	2565
386	1	2348
2042	2	2354
1111	0	5389
923	0	6655
2022	6	6656
1950	4	2413
1914	0	6657
1189	2	2404
1463	1	2654
740	3	2454
2	2	2350
1227	1	2558
1774	2	2465
516	1	2540
1768	1	2463
1422	0	6028
1376	3	6658
1599	5	2358
792	5	2373
541	0	3020
1190	3	6659
1393	0	6660
901	2	2361
1000	5	2417
735	0	3836
877	0	6662
1675	2	2361
113	3	4201
1495	2	2361
855	2	2361
1452	1	2348
156	4	2353
893	5	2373
1486	2	2362
1254	5	2417
1769	0	3726
655	0	2443
1909	1	2348
2132	1	2348
917	5	2358
796	1	2348
1960	2	2350
228	0	2635
371	0	4234
330	2	2367
1410	2	2350
1053	6	2956
1285	2	2565
2017	4	2353
795	5	2358
1247	1	2348
2144	2	2468
741	0	6664
1609	1	2348
355	4	2353
2130	5	2358
1379	0	4126
732	5	2358
1845	4	2353
680	0	3759
1386	0	4706
387	2	2350
1816	2	2361
2070	3	2993
1067	4	2353
1471	4	2353
1849	4	2353
1771	3	6665
1581	5	2417
816	2	2350
1907	0	4480
1169	3	3231
1547	2	2361
402	3	6666
1670	3	3020
295	0	3693
494	4	2353
100	0	6667
1726	0	5248
1530	6	2604
1827	2	2404
230	3	5072
407	2	2410
1966	3	6208
1086	2	2386
943	6	5550
2059	2	2350
2059	0	3873
2005	3	6043
453	5	2373
146	3	2874
682	1	2348
1669	6	6670
176	6	4884
792	3	3017
499	4	2353
1395	2	2398
999	1	2348
532	6	4156
2113	2	2361
1423	0	4889
674	3	2751
800	2	2361
1279	5	2373
1002	2	2361
1650	2	2361
1755	5	2358
2048	0	6671
1006	5	2358
1639	2	2410
86	2	2361
1640	4	2353
870	2	2404
1320	4	2353
1912	2	2404
1981	4	2353
1879	1	2654
228	5	2358
1137	2	2350
1459	2	2465
1476	6	3709
560	3	2717
127	1	2348
2112	5	2358
903	0	3544
1786	0	4298
98	2	2367
90	5	2358
966	3	4064
1682	2	2565
1549	6	6672
680	1	2348
456	4	2353
2125	0	3163
561	4	2413
1588	5	2358
1509	2	2361
396	2	2398
1036	3	6673
196	5	2358
987	1	2381
894	5	2417
231	6	3970
879	2	2398
779	0	6674
1544	2	2350
94	6	4751
986	0	3556
1094	3	2865
1862	2	2404
1479	2	2404
976	6	3507
149	4	2353
574	1	2348
251	0	3797
1110	2	2350
2068	0	3169
350	1	2348
1761	0	6675
1499	6	3525
1499	0	3525
2023	1	2463
1516	6	5230
1152	2	2375
2148	2	2361
1507	0	6676
1092	2	2378
1756	1	2463
1725	0	6677
554	3	6678
1048	6	2714
2133	0	5497
1837	2	2398
1297	2	2468
895	0	3277
1721	1	2654
151	3	2370
1411	1	2348
1967	2	2465
232	2	2371
1594	6	4460
112	6	3746
649	0	3529
53	3	5681
558	3	6680
823	3	6681
1135	1	2348
1381	2	2465
1090	4	2353
982	3	6682
1380	2	2367
1139	6	2727
2112	1	2381
1442	4	2353
19	6	2695
90	0	2976
1257	0	3476
687	5	2417
1340	6	3468
334	0	5199
1420	6	2976
1220	5	2358
1186	4	2353
1210	2	2350
1860	2	2361
354	2	2361
810	5	2358
1571	2	2361
896	4	3044
1328	2	2361
935	2	2350
196	4	2353
653	4	2376
2038	0	6683
1480	2	2362
2114	6	6219
1703	3	4457
914	4	2413
1993	6	3294
1943	6	5949
1803	1	2348
522	2	2350
306	4	2353
1258	5	2623
1336	1	2348
754	3	6684
736	0	5068
864	3	6685
1793	2	2367
1560	3	6686
626	2	2361
1533	2	2361
262	4	2353
187	1	2348
928	2	2361
1677	3	4077
516	2	2465
1018	2	2465
671	0	6688
366	2	2350
1990	4	2353
682	3	6689
711	0	4706
104	5	2358
1048	5	2358
606	0	6690
248	0	4706
678	2	2371
1841	5	2358
1817	4	2518
2060	2	2465
1675	1	2469
1174	6	3011
166	1	2469
984	1	2348
59	3	2508
1961	1	2381
190	1	2348
1500	2	2350
1520	0	2903
1365	0	6691
449	2	2361
757	1	2348
839	4	2353
1373	2	2350
1013	0	6692
16	6	3542
972	4	2353
636	4	2376
715	6	3700
362	2	2386
1515	5	2373
68	0	6693
361	2	2378
1034	2	2350
1146	1	2348
421	0	5843
148	0	4999
1053	3	4050
1185	6	6694
1877	2	2361
633	1	2469
24	2	2378
314	6	5185
2144	0	6695
1380	1	3222
1324	0	5280
1729	3	3483
1681	5	2358
432	5	2358
676	0	4166
389	1	3673
1193	0	3591
1751	0	6696
1059	6	6591
1738	4	2353
1824	0	2976
154	3	2874
663	3	3311
198	0	4979
817	6	4446
979	0	5666
2052	2	2465
1904	5	2358
483	0	3779
373	4	2397
664	2	2367
651	4	2353
2067	4	2413
1907	6	6697
173	0	2507
546	1	4049
1221	0	6698
41	1	2348
2002	5	2358
1181	4	2353
1829	1	2348
1302	6	6699
873	3	4680
1396	0	5960
2138	1	2348
644	1	2381
2097	2	2465
2097	0	6700
1150	3	2495
1047	0	6701
1312	2	2404
1007	3	2973
1382	0	6702
34	0	3735
1052	4	2353
1965	2	2398
798	3	2771
1614	2	2375
453	1	2348
48	2	2361
70	6	2486
528	1	2348
1839	2	2361
2051	1	2348
660	0	6703
867	3	6704
541	2	2361
1190	6	3802
1664	3	4457
1362	1	2348
2146	5	2417
166	2	2354
1794	0	6705
1411	4	2397
1454	4	2353
905	3	6706
1665	5	2358
1068	6	6708
1447	0	3090
385	1	2348
785	1	2463
421	2	2797
1135	4	2773
1872	4	2353
556	2	2367
1063	4	2353
957	2	2367
1319	1	2348
1844	3	6709
35	3	3773
1449	6	3052
1008	4	2353
74	0	6710
2124	0	2453
618	2	2361
369	2	2361
663	5	2358
1727	0	3918
1860	2	2565
1192	2	2367
348	4	2353
1311	2	2468
1260	3	2383
810	3	6711
1138	0	6712
1588	1	2348
85	4	2353
309	1	2348
981	3	5865
1255	2	2350
552	5	2358
987	2	2361
133	0	6123
102	4	2353
1649	0	2961
1567	0	6034
1522	3	3729
1901	6	6714
379	0	5657
2095	2	2350
1946	1	2348
1753	0	3038
873	0	3060
545	4	2353
328	0	5483
760	2	2350
1647	5	2373
922	2	2404
726	0	3249
727	5	2373
645	2	2361
1344	6	6715
9	2	2460
70	1	2348
2099	4	2353
1075	5	2417
1020	6	6716
776	3	4068
1519	2	2375
1839	5	2358
1586	1	2348
1982	2	2410
12	1	2463
1360	5	2373
1573	0	5496
865	4	2353
849	2	2378
336	1	2348
2146	0	6717
591	4	2413
1297	1	2348
1815	1	2348
1407	6	3434
1411	1	2381
472	1	2348
840	2	2350
1228	1	5045
1218	1	2348
1450	4	2353
1040	6	4156
1184	2	2361
1671	3	6718
1899	6	2947
2039	2	2460
2027	4	2353
1071	6	3074
748	2	2404
2100	5	2373
694	4	2353
381	0	2721
1357	6	4134
809	6	3121
571	4	2353
75	1	2348
1487	5	2373
982	0	3003
314	4	2353
120	5	2358
547	1	2348
676	0	6720
1340	2	2361
2124	2	2361
1329	0	6721
585	4	2413
122	1	2348
1352	0	3075
717	3	4845
152	6	4919
860	0	2669
610	1	2348
469	2	2468
1698	2	2371
416	0	4903
1397	6	4912
1456	4	2353
286	0	3365
397	2	2403
1111	2	2350
799	4	2353
1793	3	5835
548	1	2348
1936	2	2386
578	2	2354
1827	4	2353
1384	2	2371
991	4	2353
1088	1	2348
1890	6	4189
1921	5	2373
475	1	2463
660	6	6722
1991	5	2358
374	3	6723
1716	0	6724
1608	4	2477
1443	3	6725
541	2	2368
1393	4	2353
1042	2	2367
901	5	2358
1317	2	2361
2113	5	2358
2145	2	2350
1908	2	2350
918	2	2404
1010	6	3689
683	0	6726
1356	5	2358
255	5	2358
1532	2	2362
112	4	2353
1925	1	2348
430	2	2362
1643	4	2353
241	0	5996
567	2	2367
1392	3	4946
293	5	2358
1577	3	2433
1236	0	6727
633	2	2404
79	2	2361
831	2	2361
1749	1	2348
131	0	6728
2112	0	4137
1780	2	2361
