0	0	3393
0	0	3394
0	0	3395
0	0	3396
0	0	3397
0	1	3398
1	0	3393
1	0	3399
1	0	3400
1	1	3401
3	0	3393
3	0	3399
3	0	3400
3	0	3402
3	1	3403
2	0	3393
2	0	3399
2	0	3400
2	1	3403
4	0	3393
4	0	3399
4	0	3400
4	0	3402
4	0	3404
4	0	3405
4	1	3406
5	0	3393
5	0	3399
5	0	3400
5	0	3402
5	0	3404
5	0	3405
5	1	3407
7	0	3393
7	0	3399
7	0	3400
7	0	3408
7	1	3409
6	0	3393
6	0	3399
6	0	3400
6	0	3408
6	0	3404
6	1	3409
8	0	3393
8	0	3410
8	0	3411
8	0	3412
8	1	3413
9	0	3393
9	0	3399
9	0	3400
9	0	3402
9	0	3404
9	0	3405
9	1	3414
10	0	3393
10	0	3399
10	0	3400
10	1	3415
12	0	3393
12	0	3399
12	0	3416
12	0	3395
12	0	3417
12	0	3418
12	0	3419
11	0	3393
11	0	3420
11	0	3421
11	0	3422
11	1	3423
13	0	3393
13	0	3399
13	0	3400
13	0	3402
13	0	3404
13	0	3405
13	1	3414
14	0	3393
14	0	3420
14	0	3424
14	0	3425
15	0	3393
15	0	3410
15	0	3395
15	0	3396
15	0	3426
16	0	3393
16	0	3399
16	0	3400
16	0	3402
16	0	3404
16	0	3405
16	1	3403
17	0	3393
17	0	3399
17	0	3416
17	0	3395
17	0	3410
17	0	3427
17	0	3428
18	0	3393
18	0	3399
18	0	3429
18	0	3395
18	0	3430
19	0	3393
19	0	3399
19	0	3431
19	0	3432
19	1	3433
20	0	3393
20	0	3399
20	0	3434
20	0	3435
21	0	3393
21	0	3399
21	0	3431
21	0	3436
21	1	3437
22	0	3393
22	0	3399
22	0	3400
22	1	3403
23	0	3393
23	0	3420
23	0	3424
23	1	3438
24	0	3393
24	0	3417
24	0	3439
24	0	3396
24	0	3440
25	0	3393
25	0	3420
25	0	3424
25	0	3425
25	1	3441
27	0	3393
27	0	3417
27	0	3395
27	0	3442
27	0	3443
27	0	3444
26	0	3393
26	0	3399
26	0	3431
26	1	3445
28	0	3393
28	0	3417
28	0	3439
28	0	3396
28	0	3446
30	0	3393
30	0	3399
30	0	3434
30	0	3447
30	0	3448
30	1	3449
29	0	3393
29	0	3399
29	0	3434
29	0	3447
29	0	3448
29	1	3449
31	0	3393
31	0	3410
31	0	3411
31	0	3412
31	1	3450
32	0	3393
32	0	3399
32	0	3431
32	0	3451
33	0	3393
33	0	3399
33	0	3431
33	0	3452
34	0	3393
34	0	3399
34	0	3431
34	0	3452
35	0	3393
35	0	3399
35	0	3434
35	0	3435
35	1	3453
36	0	3393
36	0	3399
36	0	3434
36	0	3447
36	0	3448
36	1	3449
37	0	3393
37	0	3399
37	0	3434
37	0	3447
37	0	3448
37	1	3449
38	0	3393
38	0	3410
38	0	3395
38	0	3396
38	0	3454
39	0	3393
39	0	3417
39	0	3455
39	0	3456
39	1	3457
40	0	3393
40	0	3420
40	0	3458
40	1	3459
41	0	3393
41	0	3399
41	0	3434
41	0	3435
41	1	3460
42	0	3393
42	0	3410
42	0	3395
42	0	3461
42	0	3462
42	0	3463
43	0	3393
43	0	3399
43	0	3429
43	0	3395
43	0	3430
44	0	3393
44	0	3410
44	0	3427
44	0	3408
44	0	3464
44	1	3465
45	0	3393
45	0	3410
45	0	3427
45	0	3408
45	0	3464
45	1	3465
46	0	3393
46	0	3410
46	0	3411
46	0	3412
46	1	3466
47	0	3393
47	0	3410
47	0	3395
47	0	3467
47	1	3468
48	0	3393
48	0	3417
48	0	3395
48	0	3469
48	0	3470
50	0	3393
50	0	3410
50	0	3395
49	0	3393
49	0	3410
49	0	3395
49	0	3396
49	0	3471
51	0	3393
51	0	3417
51	0	3411
51	0	3412
51	1	3450
52	0	3393
52	0	3399
52	0	3429
52	0	3395
52	0	3430
53	0	3393
53	0	3410
53	0	3395
53	0	3472
53	0	3473
53	1	3474
54	0	3393
54	0	3410
54	0	3395
54	0	3396
55	0	3393
55	0	3417
55	0	3439
55	0	3396
55	0	3446
56	0	3393
56	0	3410
56	0	3395
56	0	3396
56	0	3475
57	0	3393
57	0	3399
57	0	3429
57	0	3395
57	0	3430
57	0	3410
57	0	3476
58	0	3393
58	0	3417
58	0	3395
58	0	3477
58	0	3478
59	0	3393
59	0	3410
60	0	3393
60	0	3399
60	0	3431
60	0	3452
61	0	3393
61	0	3399
61	0	3431
61	0	3452
62	0	3393
62	0	3410
62	0	3479
62	0	3395
62	0	3480
62	0	3481
63	0	3393
63	0	3410
63	0	3395
63	0	3396
63	0	3440
64	0	3393
64	0	3410
64	0	3395
64	0	3480
64	0	3482
64	1	3483
65	0	3393
65	0	3410
65	0	3427
65	0	3408
65	0	3484
66	0	3393
66	0	3410
66	0	3427
66	0	3428
67	0	3393
67	0	3399
67	0	3429
67	0	3395
67	0	3430
67	0	3410
67	0	3476
68	0	3393
68	0	3405
68	0	3395
68	0	3396
68	0	3454
69	0	3393
69	0	3417
69	0	3427
69	0	3485
69	0	3486
70	0	3393
70	0	3399
70	0	3431
70	0	3436
70	1	3445
71	0	3393
71	0	3399
71	0	3434
71	0	3447
71	0	3487
71	1	3488
72	0	3393
72	0	3417
72	0	3439
72	0	3489
72	0	3443
72	0	3490
73	0	3393
73	0	3417
73	0	3395
73	0	3477
73	0	3491
73	1	3492
74	0	3393
74	0	3417
74	0	3439
74	0	3396
74	0	3493
74	0	3490
75	0	3393
75	0	3417
75	0	3395
75	0	3396
75	0	3493
76	0	3393
76	0	3410
76	0	3494
76	0	3396
76	0	3493
76	0	3444
77	0	3393
77	0	3399
77	0	3400
77	0	3495
77	1	3403
78	0	3393
78	0	3410
78	0	3494
79	0	3393
79	0	3417
79	0	3439
79	0	3396
79	0	3493
79	0	3444
81	0	3393
81	0	3399
81	0	3429
81	0	3395
81	0	3430
81	1	3496
80	0	3393
80	0	3399
80	0	3400
80	0	3402
80	1	3496
82	0	3393
82	0	3399
82	0	3400
82	0	3495
82	1	3497
83	0	3393
83	0	3399
83	0	3400
83	0	3495
83	1	3409
84	0	3393
84	0	3410
84	0	3411
84	0	3412
84	1	3498
85	0	3393
85	0	3399
85	0	3434
85	0	3447
85	0	3499
86	0	3393
86	0	3500
86	0	3501
86	1	3502
87	0	3393
87	0	3410
87	1	3503
88	0	3393
88	0	3410
88	0	3479
88	0	3504
88	0	3505
88	0	3506
89	0	3393
89	0	3410
89	0	3395
89	0	3396
89	0	3454
90	0	3393
90	0	3399
90	0	3416
90	0	3507
90	1	3508
91	0	3393
91	0	3399
91	0	3400
91	0	3402
91	1	3403
92	0	3393
92	0	3399
92	0	3429
92	0	3395
92	0	3430
93	0	3393
93	0	3399
93	0	3434
93	0	3435
93	1	3453
94	0	3393
94	0	3399
94	0	3400
94	0	3495
94	0	3404
94	1	3509
95	0	3393
95	0	3420
95	0	3421
95	0	3422
95	1	3510
96	0	3393
96	0	3417
96	0	3439
96	0	3396
96	0	3511
97	0	3393
97	0	3410
97	0	3395
97	0	3396
97	0	3475
98	0	3393
98	0	3399
98	0	3400
98	0	3402
98	0	3404
98	0	3405
98	1	3403
99	0	3393
99	0	3399
99	0	3416
99	0	3395
99	0	3410
99	0	3427
99	0	3512
100	0	3393
100	0	3417
100	0	3439
100	0	3477
100	0	3478
101	0	3393
101	0	3399
101	0	3400
101	0	3402
101	1	3406
102	0	3393
102	0	3399
102	0	3400
102	0	3402
102	0	3404
102	0	3394
102	1	3403
103	0	3393
103	0	3410
103	0	3395
103	0	3396
103	0	3475
104	0	3393
104	0	3399
104	0	3400
104	0	3402
104	0	3404
104	0	3405
104	1	3403
105	0	3393
105	0	3410
105	0	3395
106	0	3393
106	0	3417
106	0	3395
106	0	3442
106	0	3489
106	0	3513
107	0	3393
107	0	3399
107	0	3431
107	0	3514
107	1	3515
108	0	3393
108	0	3420
108	0	3516
108	1	3517
109	0	3393
109	0	3399
109	0	3400
109	0	3495
109	0	3410
109	1	3403
110	0	3393
110	0	3410
110	0	3504
110	0	3505
110	0	3518
111	0	3393
111	0	3410
111	0	3395
111	0	3396
111	0	3475
112	0	3393
112	0	3417
112	0	3504
112	0	3505
112	0	3518
113	0	3393
113	0	3410
113	0	3395
113	0	3396
113	0	3475
114	0	3393
114	0	3399
114	0	3400
114	0	3402
114	1	3403
115	0	3393
115	0	3420
115	0	3519
115	0	3520
116	0	3393
116	0	3399
116	0	3400
116	0	3402
116	0	3404
116	1	3403
117	0	3393
117	0	3410
117	0	3395
117	0	3396
119	0	3393
119	0	3417
119	0	3439
119	0	3489
119	0	3443
119	0	3490
118	0	3393
118	0	3417
118	0	3439
118	0	3477
118	0	3491
120	0	3393
120	0	3399
120	0	3431
120	0	3451
121	0	3393
121	0	3420
121	0	3424
121	0	3425
122	0	3393
122	0	3399
122	0	3400
122	0	3402
122	0	3404
122	0	3405
122	1	3403
123	0	3393
123	0	3417
123	0	3411
123	0	3412
123	1	3450
124	0	3393
124	0	3410
124	0	3504
124	0	3505
124	0	3518
125	0	3393
125	0	3399
125	0	3416
125	0	3507
125	0	3521
125	1	3522
126	0	3393
126	0	3410
126	0	3427
126	0	3408
126	0	3484
127	0	3393
127	0	3410
127	0	3393
127	0	3399
127	0	3416
127	0	3395
127	0	3393
127	0	3417
128	0	3393
128	0	3410
128	0	3427
128	0	3408
128	0	3484
128	1	3523
129	0	3393
129	0	3399
129	0	3400
129	0	3402
129	0	3404
129	0	3405
129	1	3403
130	0	3393
130	0	3399
130	0	3400
130	1	3403
131	0	3393
131	0	3399
131	0	3434
131	0	3435
131	1	3453
132	0	3393
132	0	3399
132	0	3434
132	0	3447
132	0	3499
133	0	3393
133	0	3410
133	0	3395
133	0	3480
133	0	3524
134	0	3393
134	0	3399
134	0	3429
134	0	3395
134	0	3525
134	0	3417
135	0	3393
135	0	3399
135	0	3431
135	0	3436
135	1	3445
137	0	3393
137	0	3399
137	0	3400
137	0	3495
136	0	3393
136	0	3399
136	0	3400
136	0	3495
138	0	3393
138	0	3417
138	0	3504
138	0	3505
138	0	3506
139	0	3393
139	0	3420
139	0	3421
139	0	3422
139	1	3526
140	0	3393
140	0	3417
140	0	3395
140	0	3442
140	0	3456
140	0	3427
140	0	3527
142	0	3393
142	0	3417
142	0	3395
142	0	3442
142	0	3456
142	0	3427
142	0	3527
141	0	3393
141	0	3417
141	0	3395
141	0	3442
141	0	3456
141	0	3427
141	0	3527
143	0	3393
143	0	3410
143	0	3395
143	0	3396
143	0	3493
144	0	3393
144	0	3410
144	0	3395
144	0	3396
144	0	3493
145	0	3393
145	0	3399
145	0	3434
145	0	3447
145	0	3499
145	1	3528
146	0	3393
146	0	3410
146	0	3395
146	0	3396
147	0	3393
147	0	3417
147	0	3427
147	0	3529
147	0	3530
147	1	3531
148	0	3393
148	0	3417
148	0	3439
148	0	3396
148	0	3493
148	0	3444
149	0	3393
149	0	3399
149	0	3400
149	0	3495
149	1	3532
150	0	3393
150	0	3399
150	0	3400
150	0	3495
150	1	3532
151	0	3393
151	0	3533
151	0	3534
151	1	3535
152	0	3393
152	0	3420
152	0	3519
152	0	3520
153	0	3393
153	0	3399
153	0	3431
153	1	3536
155	0	3393
155	0	3399
155	0	3434
155	0	3447
155	0	3499
155	1	3537
154	0	3393
154	0	3399
154	0	3431
154	0	3514
154	1	3538
156	0	3393
156	0	3410
156	0	3395
156	0	3396
156	0	3446
157	0	3393
157	0	3399
157	0	3400
157	0	3402
157	1	3539
158	0	3393
158	0	3417
158	0	3395
158	0	3396
158	0	3446
159	0	3393
159	0	3420
159	0	3540
160	0	3393
160	0	3399
160	0	3429
160	0	3395
160	0	3430
160	0	3410
160	0	3427
160	1	3541
161	0	3393
161	0	3399
161	0	3429
161	0	3395
161	0	3430
161	0	3410
161	0	3427
162	0	3393
162	0	3399
162	0	3429
162	0	3395
162	0	3430
162	1	3542
164	0	3393
164	0	3399
164	0	3416
164	0	3507
164	0	3543
164	1	3544
163	0	3393
163	0	3399
163	0	3416
163	0	3507
163	0	3543
163	1	3544
165	0	3393
165	0	3399
165	0	3429
165	0	3395
165	0	3430
165	0	3410
165	0	3490
166	0	3393
166	0	3420
166	0	3424
166	0	3425
167	0	3393
167	0	3399
167	0	3416
167	0	3507
167	0	3545
167	1	3546
168	0	3393
168	0	3399
168	0	3431
168	1	3536
169	0	3393
169	0	3417
169	0	3427
169	0	3529
169	0	3547
169	1	3548
170	0	3393
170	0	3399
170	0	3431
170	0	3514
170	1	3515
171	0	3393
171	0	3410
171	0	3427
171	0	3529
171	0	3547
171	1	3548
172	0	3393
172	0	3410
172	0	3427
172	0	3529
172	0	3547
172	1	3548
173	0	3393
173	0	3399
173	0	3434
173	0	3435
173	1	3549
174	0	3393
174	0	3417
174	0	3427
174	0	3408
174	0	3550
175	0	3393
175	0	3410
175	0	3427
175	0	3529
175	0	3547
175	1	3548
176	0	3393
176	0	3399
176	0	3400
176	0	3408
176	0	3404
176	1	3551
177	0	3393
177	0	3417
177	0	3439
177	0	3552
177	0	3553
178	0	3393
178	0	3399
178	0	3400
178	0	3402
178	0	3404
178	0	3405
178	1	3554
179	0	3393
179	0	3399
179	0	3400
179	0	3402
179	0	3404
179	0	3405
179	1	3403
181	0	3393
181	0	3399
181	0	3400
181	0	3402
181	0	3404
181	0	3405
181	1	3403
180	0	3393
180	0	3399
180	0	3400
180	0	3402
180	0	3404
180	0	3555
180	1	3403
182	0	3393
182	0	3399
182	0	3400
182	0	3402
182	0	3404
182	0	3555
182	0	3534
182	1	3403
183	0	3393
183	0	3399
183	0	3400
183	0	3402
183	0	3404
183	0	3394
183	1	3403
184	0	3393
184	0	3399
184	0	3400
184	0	3402
184	0	3404
184	0	3555
184	0	3556
184	1	3403
186	0	3393
186	0	3399
186	0	3434
186	0	3447
186	0	3499
186	1	3528
185	0	3393
185	0	3399
185	0	3400
185	0	3402
185	0	3404
185	0	3405
185	1	3554
187	0	3393
187	0	3399
187	0	3400
187	0	3408
187	0	3404
187	1	3557
188	0	3393
188	0	3410
188	0	3427
188	0	3529
188	0	3547
188	1	3558
189	0	3393
189	0	3399
189	0	3400
189	0	3402
189	0	3404
189	0	3405
189	1	3403
190	0	3393
190	0	3399
190	0	3400
190	0	3408
190	1	3559
191	0	3393
191	0	3399
191	0	3434
191	0	3435
191	1	3560
192	0	3393
192	0	3399
192	0	3400
192	0	3495
192	0	3404
192	1	3561
193	0	3393
193	0	3399
193	0	3400
193	1	3562
194	0	3393
194	0	3420
194	0	3519
194	0	3520
195	0	3393
195	0	3399
195	0	3416
195	0	3507
195	0	3521
196	0	3393
196	0	3410
196	0	3427
196	0	3408
196	0	3563
196	1	3564
197	0	3393
197	0	3410
197	0	3395
198	0	3393
198	0	3417
198	0	3439
198	0	3565
198	0	3566
200	0	3393
200	0	3410
200	0	3395
200	0	3396
200	0	3493
199	0	3393
199	0	3410
199	0	3395
199	0	3396
199	0	3493
201	0	3393
201	0	3410
201	0	3395
201	0	3396
201	0	3493
202	0	3393
202	0	3417
202	0	3439
202	0	3396
202	0	3493
202	0	3444
203	0	3393
203	0	3417
203	0	3395
203	0	3567
203	0	3553
204	0	3393
204	0	3410
204	0	3411
204	0	3412
204	1	3498
205	0	3393
205	0	3410
205	0	3395
205	0	3418
205	0	3568
206	0	3393
206	0	3399
206	0	3431
206	1	3569
207	0	3393
207	0	3420
207	0	3421
207	0	3422
208	0	3393
208	0	3410
208	0	3427
208	1	3570
209	0	3393
209	0	3399
209	0	3400
209	0	3402
209	0	3404
209	0	3394
209	1	3403
210	0	3393
210	0	3399
210	0	3400
210	0	3402
210	0	3404
210	0	3405
210	1	3403
211	0	3393
211	0	3399
211	0	3400
211	0	3402
211	0	3404
211	0	3405
211	1	3403
212	0	3393
212	0	3399
212	0	3400
212	0	3408
212	1	3571
213	0	3393
213	0	3399
213	0	3429
213	0	3395
213	0	3430
213	0	3410
213	0	3476
214	0	3393
214	0	3410
214	0	3411
214	0	3412
215	0	3393
215	0	3399
215	0	3429
215	0	3395
215	0	3572
215	1	3573
216	0	3393
216	0	3410
216	0	3427
216	0	3529
216	0	3547
216	1	3574
217	0	3393
217	0	3399
217	0	3400
217	0	3402
217	0	3404
217	0	3405
217	1	3403
218	0	3393
218	0	3399
218	0	3400
218	0	3402
218	0	3404
218	0	3394
218	1	3403
219	0	3393
219	0	3417
219	0	3504
219	0	3575
219	1	3576
220	0	3393
220	0	3410
220	0	3427
220	0	3408
220	0	3577
220	1	3576
221	0	3393
221	0	3410
221	0	3395
221	0	3480
221	0	3482
223	0	3393
223	0	3399
223	0	3400
223	0	3402
223	0	3404
223	0	3394
223	1	3403
225	0	3393
225	0	3399
225	0	3400
225	0	3402
225	0	3404
225	0	3555
225	0	3578
225	1	3403
224	0	3393
224	0	3399
224	0	3400
224	0	3402
224	0	3404
224	0	3405
224	1	3403
222	0	3393
222	0	3399
222	0	3400
222	0	3402
222	0	3404
222	0	3394
222	1	3403
226	0	3393
226	0	3399
226	0	3400
226	0	3402
226	0	3404
226	0	3555
226	0	3534
226	1	3403
227	0	3393
227	0	3410
227	0	3427
227	1	3579
228	0	3393
228	0	3399
228	0	3400
228	0	3495
228	1	3403
229	0	3393
229	0	3410
229	0	3411
229	0	3412
229	1	3450
231	0	3393
231	0	3399
231	0	3434
231	0	3447
231	0	3499
231	1	3509
230	0	3393
230	0	3399
230	0	3434
230	0	3447
230	0	3499
232	0	3393
232	0	3399
232	0	3434
232	0	3447
232	0	3499
233	0	3393
233	0	3420
233	0	3421
233	0	3422
233	1	3423
234	0	3393
234	0	3420
234	0	3540
235	0	3393
235	0	3420
235	0	3421
235	0	3422
235	1	3423
238	0	3393
238	0	3420
238	0	3424
238	0	3425
238	1	3423
236	0	3393
236	0	3420
236	0	3421
236	0	3422
237	0	3393
237	0	3420
237	0	3421
237	0	3422
237	1	3423
239	0	3393
239	0	3420
239	0	3580
239	1	3581
240	0	3393
240	0	3399
240	0	3400
240	0	3495
240	0	3417
240	1	3403
241	0	3393
241	0	3399
241	0	3400
241	0	3402
241	0	3404
241	0	3405
241	1	3403
242	0	3393
242	0	3399
242	0	3400
242	0	3402
242	0	3404
242	0	3394
243	0	3393
243	0	3399
243	0	3400
243	0	3495
243	1	3403
244	0	3393
244	0	3399
244	0	3400
244	0	3495
244	0	3404
244	1	3403
245	0	3393
245	0	3399
245	0	3400
245	0	3495
245	0	3404
245	1	3403
246	0	3393
246	0	3399
246	0	3400
246	0	3402
246	0	3404
246	0	3394
246	1	3403
247	0	3393
247	0	3420
247	0	3421
247	0	3422
248	0	3393
248	0	3399
248	0	3400
248	0	3495
248	0	3404
249	0	3393
249	0	3399
249	0	3400
249	0	3402
249	0	3404
249	0	3405
249	1	3582
250	0	3393
250	0	3399
250	0	3400
250	0	3402
250	0	3404
250	0	3394
250	1	3403
251	0	3393
251	0	3399
251	0	3400
251	0	3495
251	0	3404
251	1	3583
252	0	3393
252	0	3399
252	0	3400
252	0	3402
252	0	3404
252	0	3555
252	0	3556
252	1	3406
253	0	3393
253	0	3399
253	0	3400
253	0	3504
253	0	3410
253	1	3576
254	0	3393
254	0	3399
254	0	3431
254	0	3436
254	1	3584
255	0	3393
255	0	3399
255	0	3431
255	0	3514
255	1	3585
256	0	3393
256	0	3410
256	0	3395
256	0	3472
256	0	3566
256	1	3474
257	0	3393
257	0	3410
257	0	3427
257	0	3428
257	1	3586
258	0	3393
258	0	3399
258	0	3400
258	0	3402
258	0	3404
258	0	3555
258	0	3556
258	1	3587
259	0	3393
259	0	3399
259	0	3400
259	0	3402
259	0	3404
259	0	3405
259	1	3587
260	0	3393
260	0	3399
260	0	3400
260	0	3495
260	0	3410
260	1	3588
261	0	3393
261	0	3399
261	0	3400
261	0	3402
261	0	3404
261	0	3405
261	1	3403
263	0	3393
263	0	3399
263	0	3429
263	0	3395
263	0	3589
263	0	3590
263	1	3591
262	0	3393
262	0	3399
262	0	3400
262	1	3559
264	0	3393
264	0	3399
264	0	3400
264	0	3402
264	0	3404
264	0	3394
265	0	3393
265	0	3399
265	0	3400
265	0	3402
265	0	3404
265	0	3405
266	0	3393
266	0	3417
266	0	3504
266	0	3505
266	0	3592
267	0	3393
267	0	3399
267	0	3434
267	0	3447
267	0	3499
268	0	3393
268	0	3399
268	0	3400
268	0	3495
268	0	3404
268	1	3593
269	0	3393
269	0	3417
269	0	3455
269	0	3456
269	0	3594
269	1	3595
270	0	3393
270	0	3399
270	0	3434
270	1	3596
271	0	3393
271	0	3399
271	0	3434
271	0	3447
271	0	3448
271	1	3449
272	0	3393
272	0	3399
272	0	3434
272	0	3447
272	0	3597
272	1	3598
273	0	3393
273	0	3399
273	0	3434
273	0	3447
273	0	3448
273	1	3598
274	0	3393
274	0	3399
274	0	3434
274	0	3447
274	1	3598
275	0	3393
275	0	3399
275	0	3434
275	0	3435
275	1	3599
276	0	3393
276	0	3399
276	0	3400
276	0	3495
276	1	3406
277	0	3393
277	0	3399
277	0	3431
277	0	3600
278	0	3393
278	0	3399
278	0	3434
278	0	3447
278	0	3499
278	1	3509
279	0	3393
279	0	3399
279	0	3400
279	1	3403
280	0	3393
280	0	3399
280	0	3400
280	0	3402
280	0	3404
280	0	3405
280	1	3601
281	0	3393
281	0	3420
281	0	3421
281	0	3422
282	0	3393
282	0	3410
282	0	3427
282	0	3408
283	0	3393
283	0	3410
283	0	3395
283	0	3461
283	0	3602
284	0	3393
284	0	3417
284	0	3439
284	0	3396
284	0	3493
284	0	3444
285	0	3393
285	0	3410
285	0	3395
285	0	3396
285	0	3493
287	0	3393
287	0	3417
287	0	3427
287	0	3485
287	0	3486
286	0	3393
286	0	3399
286	0	3416
286	0	3395
286	0	3410
286	0	3427
286	0	3485
286	0	3603
288	0	3393
288	0	3410
288	0	3427
288	0	3485
289	0	3393
289	0	3399
289	0	3400
289	0	3402
289	0	3404
289	0	3405
290	0	3393
290	0	3399
290	0	3434
290	0	3435
290	1	3599
291	0	3393
291	0	3417
291	0	3439
291	0	3396
291	0	3493
291	0	3444
292	0	3393
292	0	3533
292	0	3556
292	0	3427
292	0	3408
293	0	3393
293	0	3399
293	0	3431
293	0	3600
294	0	3393
294	0	3399
294	0	3400
295	0	3393
295	0	3417
295	0	3427
295	0	3408
295	0	3550
296	0	3393
296	0	3399
296	0	3400
296	0	3408
296	1	3604
297	0	3393
297	0	3399
297	0	3400
297	0	3402
297	0	3404
297	0	3405
297	1	3582
298	0	3393
298	0	3399
298	0	3400
298	0	3495
298	0	3404
298	1	3605
299	0	3393
299	0	3399
299	0	3400
299	0	3495
299	1	3606
300	0	3393
300	0	3399
300	0	3400
300	0	3402
300	0	3404
300	0	3394
300	1	3607
301	0	3393
301	0	3399
301	0	3429
301	0	3395
301	0	3430
301	0	3410
301	0	3608
301	1	3609
302	0	3393
302	0	3410
302	0	3427
302	0	3529
302	0	3530
302	1	3610
303	0	3393
303	0	3399
303	0	3431
303	0	3514
305	0	3393
305	0	3399
305	0	3400
305	0	3408
305	0	3404
305	1	3551
304	0	3393
304	0	3417
304	0	3439
304	0	3396
304	0	3446
306	0	3393
306	0	3399
306	0	3429
306	0	3395
306	0	3430
306	1	3611
307	0	3393
307	0	3399
307	0	3429
307	0	3395
307	0	3430
307	0	3410
307	0	3608
307	1	3609
309	0	3393
309	0	3399
309	0	3400
309	0	3402
309	0	3404
309	0	3394
309	1	3612
308	0	3393
308	0	3399
308	0	3400
308	0	3402
308	0	3404
308	1	3403
310	0	3393
310	0	3417
310	0	3427
310	0	3529
310	0	3530
310	1	3610
311	0	3393
311	0	3399
311	0	3400
311	0	3402
311	0	3404
311	0	3555
311	0	3534
311	1	3403
312	0	3393
312	0	3399
312	0	3429
312	0	3395
312	0	3430
312	0	3410
312	0	3608
314	0	3613
314	0	3614
314	0	3615
314	0	3616
314	0	3484
314	0	3393
314	0	3410
314	0	3427
314	0	3408
314	0	3484
314	0	3617
314	0	3618
313	0	3613
313	0	3614
313	0	3615
313	0	3616
313	0	3619
313	0	3393
313	0	3417
313	0	3427
315	0	3393
315	0	3410
315	0	3395
315	0	3396
315	0	3440
317	0	3393
317	0	3410
317	0	3395
317	0	3396
317	0	3440
316	0	3393
316	0	3410
316	0	3395
316	0	3396
316	0	3440
318	0	3393
318	0	3399
318	0	3429
318	0	3395
318	0	3430
318	0	3410
318	0	3476
319	0	3393
319	0	3399
319	0	3429
319	0	3395
319	0	3430
320	0	3393
320	0	3410
320	0	3427
321	0	3393
321	0	3399
321	0	3434
321	0	3447
321	0	3597
321	1	3620
322	0	3393
322	0	3399
322	0	3434
322	0	3447
322	0	3597
322	1	3621
323	0	3393
323	0	3399
323	0	3434
323	0	3447
323	1	3622
325	0	3393
325	0	3410
325	0	3427
325	0	3408
325	0	3484
325	1	3523
324	0	3393
324	0	3399
324	0	3429
324	0	3395
324	0	3430
324	0	3410
324	0	3476
326	0	3393
326	0	3420
326	0	3421
326	0	3422
327	0	3393
327	0	3399
327	0	3434
327	0	3447
327	1	3598
328	0	3393
328	0	3399
328	0	3434
328	0	3447
328	0	3597
328	1	3623
329	0	3393
329	0	3410
329	0	3411
329	0	3412
329	1	3503
330	0	3393
330	0	3410
330	0	3395
330	0	3396
330	0	3624
330	1	3625
331	0	3393
331	0	3399
331	0	3434
331	1	3596
332	0	3393
332	0	3417
332	1	3626
333	0	3393
333	0	3420
333	0	3421
333	0	3422
334	0	3393
334	0	3420
334	0	3421
334	0	3422
335	0	3613
335	0	3614
335	0	3615
335	0	3627
335	0	3393
335	0	3410
335	0	3395
335	0	3461
335	0	3628
336	0	3613
336	0	3614
336	0	3615
336	0	3627
336	0	3393
336	0	3410
336	0	3494
336	0	3393
336	0	3410
336	0	3395
336	0	3461
336	0	3628
337	0	3393
337	0	3417
337	0	3629
337	0	3630
338	0	3393
338	0	3399
338	0	3400
338	0	3495
338	1	3571
339	0	3393
339	0	3410
339	0	3427
339	0	3529
339	0	3547
339	1	3631
340	0	3393
340	0	3410
340	0	3395
340	0	3396
340	0	3440
341	0	3393
341	0	3410
341	0	3427
341	0	3529
341	0	3547
342	0	3393
342	0	3399
342	0	3434
343	0	3393
343	0	3399
343	0	3416
343	0	3507
344	0	3393
344	0	3399
344	0	3400
344	1	3632
345	0	3393
345	0	3399
345	0	3416
345	0	3507
345	0	3633
345	1	3634
346	0	3393
346	0	3399
346	0	3416
346	0	3507
346	0	3633
346	1	3634
348	0	3393
348	0	3417
348	0	3427
348	0	3635
348	0	3636
347	0	3393
347	0	3410
347	0	3427
347	0	3485
349	0	3393
349	0	3420
349	1	3637
350	0	3393
350	0	3399
350	0	3400
350	0	3402
350	0	3404
350	0	3405
350	1	3403
351	0	3393
351	0	3399
351	0	3400
351	0	3408
351	1	3561
352	0	3393
352	0	3420
352	0	3458
353	0	3393
353	0	3399
353	0	3400
353	0	3495
353	1	3403
354	0	3393
354	0	3399
354	0	3400
354	0	3495
354	0	3404
355	0	3393
355	0	3399
355	0	3434
355	0	3447
355	0	3597
355	1	3638
357	0	3393
357	0	3399
357	0	3434
357	0	3447
357	0	3499
357	1	3638
356	0	3393
356	0	3399
356	0	3434
356	0	3447
356	0	3597
356	1	3638
358	0	3393
358	0	3399
358	0	3434
358	0	3447
358	0	3448
359	0	3393
359	0	3399
359	0	3434
359	0	3447
359	0	3499
359	1	3638
361	0	3393
361	0	3399
361	0	3434
361	0	3447
361	0	3499
361	1	3638
360	0	3393
360	0	3399
360	0	3434
360	0	3447
360	0	3639
360	1	3638
362	0	3393
362	0	3399
362	0	3434
362	0	3447
362	0	3448
362	1	3638
363	0	3393
363	0	3399
363	0	3416
363	0	3507
363	0	3633
363	1	3638
364	0	3393
364	0	3399
364	0	3434
364	0	3447
364	0	3448
364	1	3638
365	0	3393
365	0	3533
365	0	3556
365	0	3427
365	1	3640
366	0	3393
366	0	3410
367	0	3393
367	0	3420
367	0	3424
367	0	3425
368	0	3393
368	0	3399
368	0	3641
368	1	3409
369	0	3393
369	0	3410
369	0	3395
369	0	3396
369	0	3440
370	0	3393
370	0	3399
370	0	3400
370	0	3402
370	0	3404
370	0	3405
370	1	3403
371	0	3393
371	0	3399
371	0	3400
371	0	3402
371	0	3404
371	0	3394
371	1	3403
372	0	3393
372	0	3420
372	0	3421
372	0	3422
373	0	3393
373	0	3399
373	0	3400
373	0	3408
373	1	3642
374	0	3393
374	0	3399
374	0	3400
374	1	3643
375	0	3393
375	0	3399
375	0	3431
375	0	3436
375	1	3644
377	0	3393
377	0	3399
377	0	3400
377	0	3402
377	0	3404
377	0	3394
377	1	3403
378	0	3393
378	0	3399
378	0	3400
378	0	3402
378	0	3404
378	1	3403
376	0	3393
376	0	3399
376	0	3400
376	0	3402
376	0	3404
376	0	3394
376	1	3403
379	0	3393
379	0	3399
379	0	3400
379	0	3645
379	1	3646
380	0	3393
380	0	3410
380	0	3395
380	0	3461
380	0	3647
380	1	3648
381	0	3393
381	0	3420
381	1	3626
382	0	3393
382	0	3410
382	0	3504
382	0	3649
382	1	3650
383	0	3393
383	0	3417
383	0	3504
383	0	3505
383	0	3592
384	0	3393
384	0	3399
384	0	3400
384	0	3402
384	0	3404
384	0	3555
384	0	3534
384	1	3607
385	0	3393
385	0	3399
385	0	3434
385	0	3435
385	1	3651
386	0	3393
386	0	3417
386	0	3427
386	0	3529
386	0	3547
386	1	3548
387	0	3393
387	0	3420
387	0	3580
388	0	3393
388	0	3417
388	0	3427
388	0	3529
388	0	3547
388	1	3652
389	0	3393
389	0	3399
389	0	3416
389	0	3507
389	0	3521
389	1	3653
390	0	3393
390	0	3399
390	0	3400
390	0	3495
390	1	3654
391	0	3393
391	0	3399
391	0	3400
391	0	3408
391	1	3653
392	0	3393
392	0	3410
392	0	3395
392	0	3480
392	0	3524
393	0	3393
393	0	3410
393	0	3395
393	0	3480
394	0	3393
394	0	3410
394	0	3395
394	0	3396
395	0	3393
395	0	3410
395	0	3395
397	0	3393
397	0	3410
397	0	3427
397	0	3408
397	0	3484
397	1	3655
396	0	3393
396	0	3410
396	0	3395
396	0	3396
396	0	3493
398	0	3393
398	0	3399
398	0	3400
398	1	3607
399	0	3393
399	0	3399
399	0	3400
399	0	3495
399	0	3404
399	1	3582
400	0	3393
400	0	3399
400	0	3434
400	0	3447
400	0	3597
400	1	3638
401	0	3393
401	0	3399
401	0	3434
401	0	3447
401	0	3448
401	1	3638
404	0	3393
404	0	3399
404	0	3434
404	0	3435
402	0	3393
402	0	3399
402	0	3434
402	0	3447
403	0	3393
403	0	3399
403	0	3434
403	0	3447
403	0	3499
403	1	3638
405	0	3393
405	0	3399
405	0	3434
405	0	3447
405	0	3448
405	1	3656
406	0	3393
406	0	3420
406	0	3424
406	0	3425
406	1	3657
407	0	3393
407	0	3658
407	0	3410
407	0	3659
407	0	3660
408	0	3393
408	0	3417
408	0	3504
408	1	3661
409	0	3393
409	0	3417
409	0	3439
409	0	3396
409	0	3471
410	0	3393
410	0	3399
410	0	3416
410	1	3662
411	0	3393
411	0	3410
411	0	3395
411	0	3476
411	0	3663
412	0	3393
412	0	3399
412	0	3416
412	0	3507
412	0	3521
412	1	3664
413	0	3393
413	0	3399
413	0	3434
413	0	3447
413	0	3448
414	0	3393
414	0	3399
414	0	3434
414	0	3447
414	0	3499
414	1	3665
415	0	3393
415	0	3399
415	0	3416
415	0	3507
415	0	3633
415	1	3666
419	0	3393
419	0	3399
419	0	3416
419	0	3507
419	0	3633
419	1	3666
416	0	3393
416	0	3399
416	0	3416
416	0	3507
416	0	3633
416	1	3666
417	0	3393
417	0	3399
417	0	3416
417	0	3507
417	1	3662
418	0	3393
418	0	3399
418	0	3416
418	0	3507
418	0	3633
418	1	3666
420	0	3393
420	0	3399
420	0	3400
420	0	3402
420	1	3554
422	0	3393
422	0	3399
422	0	3416
422	0	3507
422	0	3633
422	1	3666
421	0	3393
421	0	3399
421	0	3416
421	0	3507
421	0	3633
421	1	3666
423	0	3393
423	0	3399
423	0	3429
423	0	3395
423	0	3430
423	0	3410
423	0	3490
424	0	3393
424	0	3399
424	0	3400
424	0	3495
424	1	3532
425	0	3393
425	0	3399
425	0	3416
425	0	3507
425	0	3521
425	1	3666
426	0	3393
426	0	3399
426	0	3416
426	0	3507
426	0	3521
426	1	3666
427	0	3393
427	0	3420
428	0	3393
428	0	3399
428	0	3429
428	0	3395
428	0	3430
428	1	3445
429	0	3393
429	0	3399
429	0	3416
429	1	3667
430	0	3393
430	0	3410
430	0	3411
430	0	3412
430	1	3413
431	0	3393
431	0	3399
431	0	3400
431	0	3495
431	1	3532
433	0	3393
433	0	3417
433	0	3439
433	0	3396
433	0	3471
432	0	3393
432	0	3410
432	0	3427
432	0	3668
434	0	3393
434	0	3399
434	0	3400
434	0	3402
434	0	3404
434	0	3405
434	1	3403
436	0	3393
436	0	3417
436	1	3669
435	0	3393
435	0	3399
435	0	3400
435	0	3402
435	0	3404
435	0	3394
435	1	3403
437	0	3393
437	0	3410
437	0	3395
437	0	3396
437	0	3440
438	0	3393
438	0	3399
438	0	3416
438	0	3395
438	0	3410
438	0	3427
438	0	3670
438	1	3671
439	0	3393
439	0	3399
439	0	3400
439	0	3402
439	0	3404
439	0	3405
439	1	3403
440	0	3393
440	0	3420
440	0	3424
440	0	3425
440	1	3637
441	0	3393
441	0	3399
441	0	3400
441	0	3402
441	0	3404
441	0	3555
441	0	3578
441	1	3403
442	0	3393
442	0	3399
442	0	3400
442	0	3495
442	1	3582
443	0	3393
443	0	3399
443	0	3400
443	0	3402
443	0	3404
443	0	3405
443	1	3403
444	0	3393
444	0	3410
444	0	3395
444	0	3396
444	0	3440
445	0	3393
445	0	3410
445	0	3395
445	0	3396
445	0	3440
446	0	3393
446	0	3399
446	0	3400
446	0	3402
446	0	3404
446	1	3587
447	0	3393
447	0	3410
447	0	3395
447	0	3472
447	0	3566
450	0	3393
450	0	3417
450	0	3395
450	0	3442
450	0	3456
450	0	3672
448	0	3393
448	0	3410
448	0	3395
448	0	3396
448	0	3440
449	0	3393
449	0	3417
449	0	3395
449	0	3565
451	0	3393
451	0	3410
451	0	3427
451	0	3408
451	0	3577
452	0	3393
452	0	3399
452	0	3400
452	0	3402
452	1	3673
453	0	3393
453	0	3399
453	0	3416
453	0	3507
453	0	3543
453	1	3674
454	0	3393
454	0	3420
454	0	3421
454	0	3422
454	1	3675
455	0	3393
455	0	3399
455	0	3434
455	0	3447
455	0	3499
455	1	3638
456	0	3393
456	0	3399
456	0	3400
456	0	3402
456	0	3404
456	0	3555
456	1	3403
457	0	3393
457	0	3399
457	0	3434
457	0	3447
457	0	3448
457	1	3449
458	0	3393
458	0	3417
458	0	3395
458	0	3442
458	0	3456
458	0	3427
458	0	3676
458	1	3677
459	0	3393
459	0	3399
459	0	3400
459	0	3402
459	0	3404
459	0	3405
459	1	3646
460	0	3393
460	0	3399
460	0	3400
460	0	3402
460	1	3646
461	0	3393
461	0	3399
461	0	3400
461	0	3408
461	1	3604
462	0	3393
462	0	3399
462	0	3416
462	1	3678
463	0	3393
463	0	3410
463	0	3504
463	0	3505
463	0	3592
464	0	3393
464	0	3410
464	0	3504
464	0	3505
464	0	3679
465	0	3393
465	0	3410
465	0	3504
465	0	3505
465	0	3680
466	0	3393
466	0	3399
466	0	3400
466	0	3408
466	0	3404
466	1	3654
467	0	3393
467	0	3399
467	0	3429
467	0	3395
467	0	3430
467	0	3410
467	0	3427
468	0	3393
468	0	3417
468	0	3427
468	0	3529
468	0	3530
468	1	3531
469	0	3393
469	0	3410
469	0	3427
469	0	3529
469	0	3530
469	1	3531
470	0	3393
470	0	3399
470	0	3400
470	0	3402
470	0	3404
470	0	3405
470	1	3403
471	0	3393
471	0	3399
471	0	3400
471	0	3402
471	0	3404
471	0	3394
471	1	3607
472	0	3393
472	0	3399
472	0	3400
472	0	3645
472	0	3404
472	1	3403
473	0	3393
473	0	3399
473	0	3400
473	0	3495
473	1	3403
474	0	3393
474	0	3399
474	0	3400
474	0	3402
474	1	3403
475	0	3393
475	0	3399
475	0	3400
475	0	3402
475	0	3404
475	0	3405
475	1	3681
476	0	3393
476	0	3399
476	0	3429
476	0	3395
476	0	3430
477	0	3393
477	0	3399
477	0	3400
477	0	3402
477	0	3404
477	0	3405
477	1	3403
480	0	3393
480	0	3399
480	0	3400
480	0	3402
480	0	3404
480	1	3403
479	0	3393
479	0	3399
479	0	3400
479	0	3402
479	0	3404
479	0	3405
479	1	3403
478	0	3393
478	0	3399
478	0	3400
478	0	3402
478	0	3404
478	0	3405
478	1	3582
481	0	3393
481	0	3410
481	0	3427
481	0	3682
482	0	3393
482	0	3399
482	0	3400
482	0	3402
482	0	3404
482	0	3394
482	1	3646
483	0	3393
483	0	3399
483	0	3400
483	0	3402
483	0	3404
483	0	3405
483	1	3646
484	0	3393
484	0	3399
484	0	3400
484	0	3402
484	0	3404
484	0	3405
484	1	3406
485	0	3393
485	0	3417
485	0	3504
485	0	3683
485	1	3684
487	0	3393
487	0	3399
487	0	3400
487	0	3408
487	0	3417
486	0	3393
486	0	3399
486	0	3400
486	0	3408
488	0	3393
488	0	3399
488	0	3400
488	0	3408
488	0	3417
489	0	3393
489	0	3399
489	0	3400
489	0	3408
489	1	3685
490	0	3393
490	0	3399
490	0	3400
490	0	3402
490	0	3404
490	0	3394
490	1	3403
491	0	3393
491	0	3399
491	0	3429
491	0	3395
491	0	3430
491	0	3410
491	0	3427
492	0	3393
492	0	3417
492	0	3439
492	0	3477
492	0	3491
493	0	3393
493	0	3410
493	0	3395
493	0	3396
493	0	3426
494	0	3393
494	0	3399
494	0	3429
494	0	3504
494	0	3410
494	0	3686
495	0	3393
495	0	3417
495	0	3427
495	0	3687
495	0	3688
496	0	3393
496	0	3410
496	0	3395
496	0	3396
496	0	3440
497	0	3393
497	0	3410
497	0	3395
497	0	3396
497	0	3440
498	0	3393
498	0	3410
498	0	3395
498	0	3396
498	0	3440
499	0	3393
499	0	3417
499	1	3689
500	0	3393
500	0	3417
500	0	3504
500	0	3505
500	0	3680
501	0	3393
501	0	3399
501	0	3416
501	1	3690
502	0	3393
502	0	3410
502	0	3494
503	0	3393
503	0	3410
503	0	3504
503	0	3505
503	0	3506
504	0	3393
504	0	3417
504	0	3395
504	0	3442
504	0	3456
504	0	3427
504	0	3527
504	1	3691
505	0	3393
505	0	3399
505	0	3400
505	0	3408
506	0	3393
506	0	3399
506	0	3400
506	0	3495
506	1	3692
507	0	3393
507	0	3399
507	0	3429
507	0	3395
507	0	3430
507	0	3410
507	0	3476
508	0	3393
508	0	3417
508	0	3395
508	0	3442
508	0	3456
508	0	3427
508	0	3527
508	1	3691
509	0	3393
509	0	3417
509	0	3395
509	0	3442
509	0	3456
509	0	3427
509	0	3527
509	1	3691
510	0	3393
510	0	3399
510	0	3400
510	1	3693
511	0	3393
511	0	3417
511	0	3395
511	0	3442
511	0	3456
511	0	3427
511	0	3527
511	1	3691
512	0	3393
512	0	3399
512	0	3400
512	0	3408
512	1	3561
513	0	3393
513	0	3399
513	0	3416
513	0	3395
513	1	3694
514	0	3393
514	0	3399
514	0	3400
514	0	3408
514	0	3404
514	1	3695
515	0	3393
515	0	3417
515	0	3395
515	0	3442
515	0	3489
515	0	3513
515	1	3696
516	0	3393
516	0	3417
516	0	3395
516	0	3442
516	0	3489
516	0	3513
516	1	3696
517	0	3393
517	0	3410
517	0	3427
517	0	3408
518	0	3393
518	0	3399
518	0	3400
518	0	3402
518	0	3404
518	0	3405
518	1	3406
519	0	3393
519	0	3410
519	0	3494
520	0	3393
520	0	3399
520	0	3431
520	0	3452
521	0	3393
521	0	3399
521	0	3400
521	1	3403
522	0	3393
522	0	3399
522	0	3431
522	0	3436
522	1	3445
523	0	3393
523	0	3399
523	0	3431
523	0	3436
523	1	3445
524	0	3393
524	0	3399
524	0	3431
524	0	3436
524	1	3445
525	0	3393
525	0	3399
525	0	3431
525	1	3445
526	0	3393
526	0	3399
526	0	3431
526	0	3432
526	1	3445
527	0	3393
527	0	3399
527	0	3641
527	0	3417
527	0	3402
527	1	3697
528	0	3393
528	0	3399
528	0	3400
528	0	3495
528	0	3404
528	1	3654
529	0	3393
529	0	3417
529	0	3504
529	0	3505
529	0	3592
530	0	3393
530	0	3417
530	0	3395
530	0	3442
530	0	3456
530	0	3427
530	0	3527
530	1	3691
531	0	3393
531	0	3410
531	0	3395
531	0	3396
531	0	3440
533	0	3393
533	0	3399
533	0	3434
533	1	3638
532	0	3393
532	0	3399
532	0	3434
532	0	3447
532	0	3448
532	1	3698
535	0	3393
535	0	3399
535	0	3434
535	0	3447
535	0	3448
535	1	3638
537	0	3393
537	0	3399
537	0	3434
537	0	3447
537	0	3597
536	0	3393
536	0	3399
536	0	3434
536	0	3447
536	0	3448
536	1	3638
534	0	3393
534	0	3399
534	0	3434
534	0	3447
534	0	3448
534	1	3638
538	0	3393
538	0	3417
538	0	3427
538	0	3529
538	0	3547
538	1	3531
539	0	3393
539	0	3410
539	0	3395
540	0	3393
540	0	3410
540	0	3395
540	0	3396
540	0	3440
541	0	3393
541	0	3399
541	0	3434
541	0	3447
541	0	3597
541	1	3638
542	0	3393
542	0	3410
542	0	3427
542	0	3529
542	0	3530
543	0	3393
543	0	3410
543	0	3427
543	0	3529
543	0	3699
543	1	3548
544	0	3393
544	0	3399
544	0	3434
544	0	3447
544	0	3448
544	1	3638
546	0	3393
546	0	3417
546	0	3504
546	0	3505
546	0	3592
545	0	3393
545	0	3417
545	0	3439
545	0	3700
545	1	3648
547	0	3393
547	0	3399
547	0	3429
547	0	3395
547	0	3430
547	0	3410
547	0	3490
548	0	3393
548	0	3410
548	0	3427
548	0	3408
548	0	3484
548	1	3701
549	0	3393
549	0	3410
549	0	3427
549	0	3408
549	0	3484
549	1	3523
550	0	3393
550	0	3410
550	0	3479
550	0	3504
550	0	3702
551	0	3393
551	0	3417
551	0	3504
551	0	3505
551	0	3592
552	0	3393
552	0	3410
552	0	3395
552	0	3461
552	0	3470
553	0	3393
553	0	3410
553	0	3395
554	0	3393
554	0	3399
554	0	3641
554	1	3654
555	0	3393
555	0	3399
555	0	3400
555	0	3402
555	1	3403
556	0	3393
556	0	3399
556	0	3429
556	0	3395
556	0	3430
556	0	3410
556	0	3427
557	0	3393
557	0	3399
557	0	3400
557	0	3495
558	0	3393
558	0	3399
558	0	3400
558	0	3402
558	0	3404
558	0	3405
558	1	3703
559	0	3393
559	0	3410
559	0	3504
559	0	3505
559	0	3506
560	0	3393
560	0	3399
560	0	3416
560	0	3507
560	0	3545
560	1	3704
561	0	3393
561	0	3399
561	0	3416
561	0	3507
561	0	3545
561	1	3704
562	0	3393
562	0	3399
562	0	3416
562	0	3507
562	0	3545
562	1	3704
563	0	3393
563	0	3399
563	0	3416
563	0	3507
563	0	3545
564	0	3393
564	0	3399
564	0	3416
564	0	3507
564	0	3545
564	1	3704
565	0	3393
565	0	3399
565	0	3416
565	0	3507
565	0	3545
565	1	3704
566	0	3393
566	0	3420
566	0	3421
566	0	3422
566	1	3423
567	0	3393
567	0	3420
567	0	3424
567	0	3705
568	0	3393
568	0	3410
568	0	3395
568	0	3476
568	0	3663
569	0	3393
569	0	3410
569	0	3395
569	0	3480
569	0	3524
570	0	3393
570	0	3399
570	0	3429
570	0	3395
571	0	3393
571	0	3410
571	0	3395
571	0	3480
571	0	3481
572	0	3393
572	0	3399
572	0	3429
572	0	3395
572	0	3430
572	0	3410
572	0	3476
573	0	3393
573	0	3410
573	0	3395
573	0	3396
573	0	3454
574	0	3393
574	0	3410
574	0	3395
574	0	3396
574	0	3475
575	0	3393
575	0	3533
575	0	3556
575	1	3706
576	0	3393
576	0	3417
576	1	3526
577	0	3393
577	0	3420
577	0	3421
577	0	3422
577	1	3526
578	0	3393
578	0	3399
578	0	3416
578	0	3395
578	0	3417
578	0	3418
578	0	3419
579	0	3393
579	0	3420
579	0	3421
579	0	3422
579	1	3707
580	0	3393
580	0	3399
580	0	3400
580	0	3402
580	1	3554
581	0	3393
581	0	3399
581	0	3708
581	0	3482
582	0	3393
582	0	3410
582	0	3395
582	0	3396
582	0	3475
583	0	3393
583	0	3399
583	0	3400
583	0	3495
584	0	3393
584	0	3399
584	0	3400
584	0	3495
585	0	3393
585	0	3399
585	0	3400
585	0	3495
586	0	3393
586	0	3399
586	0	3429
586	0	3395
586	0	3430
586	1	3709
587	0	3393
587	0	3417
587	0	3395
587	0	3442
587	0	3456
587	0	3710
587	0	3490
588	0	3393
588	0	3399
588	0	3400
588	0	3495
588	0	3404
588	1	3711
589	0	3393
589	0	3399
589	0	3400
589	0	3402
589	0	3404
589	0	3405
589	1	3403
590	0	3393
590	0	3399
590	0	3400
590	0	3402
590	0	3404
590	0	3405
590	1	3403
591	0	3393
591	0	3417
591	0	3629
591	0	3712
591	1	3713
592	0	3393
592	0	3410
592	0	3427
592	0	3408
592	0	3484
592	1	3714
593	0	3393
593	0	3417
593	0	3395
593	0	3442
593	0	3456
593	0	3715
593	0	3716
593	1	3717
594	0	3393
594	0	3399
594	0	3400
594	0	3408
594	0	3404
594	1	3654
595	0	3393
595	0	3399
595	0	3400
595	0	3408
595	1	3551
596	0	3393
596	0	3399
596	0	3400
596	0	3402
596	0	3404
596	0	3555
596	0	3556
596	1	3681
597	0	3393
597	0	3399
597	0	3400
597	0	3495
597	1	3646
598	0	3393
598	0	3399
598	0	3400
598	0	3402
598	0	3404
598	0	3405
598	1	3646
599	0	3393
599	0	3410
599	0	3504
599	0	3505
599	0	3592
600	0	3393
600	0	3417
600	0	3427
600	0	3408
600	0	3718
600	1	3719
601	0	3393
601	0	3417
601	0	3504
601	0	3505
601	0	3506
602	0	3393
602	0	3417
602	0	3504
602	0	3505
602	0	3506
603	0	3393
603	0	3399
603	0	3400
603	0	3504
603	0	3404
604	0	3393
604	0	3399
604	0	3400
604	0	3402
604	0	3404
604	0	3394
604	1	3403
605	0	3393
605	0	3410
605	0	3395
605	0	3396
607	0	3393
607	0	3410
607	0	3395
607	0	3396
607	0	3426
606	0	3393
606	0	3410
606	0	3395
606	0	3396
608	0	3393
608	0	3410
608	0	3395
608	0	3396
609	0	3393
609	0	3405
610	0	3393
610	0	3399
610	0	3400
610	1	3406
611	0	3393
611	0	3399
611	0	3400
612	0	3393
612	0	3399
612	0	3400
613	0	3393
613	0	3399
613	0	3708
613	0	3482
615	0	3393
615	0	3410
615	0	3427
615	0	3720
615	0	3721
614	0	3393
614	0	3410
614	0	3427
614	0	3720
614	0	3636
616	0	3393
616	0	3410
616	0	3427
616	0	3408
616	0	3484
616	1	3722
618	0	3393
618	0	3410
618	0	3427
620	0	3393
620	0	3410
620	0	3427
620	0	3408
620	0	3484
617	0	3393
617	0	3410
617	0	3427
617	0	3408
617	0	3484
619	0	3393
619	0	3410
619	0	3427
621	0	3393
621	0	3410
622	0	3393
622	0	3420
622	0	3424
622	0	3705
622	1	3723
623	0	3393
623	0	3420
623	0	3421
623	0	3422
624	0	3393
624	0	3420
624	0	3421
624	0	3422
625	0	3393
625	0	3399
625	0	3416
625	0	3395
625	0	3410
625	0	3427
625	0	3408
625	0	3577
625	1	3724
626	0	3393
626	0	3399
626	0	3434
626	0	3447
626	0	3499
627	0	3393
627	0	3410
627	0	3395
627	0	3396
627	0	3440
628	0	3393
628	0	3410
628	0	3427
628	1	3725
629	0	3393
629	0	3410
629	0	3427
629	0	3485
629	0	3486
630	0	3393
630	0	3399
630	0	3434
630	0	3447
630	0	3487
630	1	3726
631	0	3393
631	0	3399
631	0	3434
631	0	3447
631	0	3487
631	1	3726
632	0	3393
632	0	3410
632	0	3427
632	0	3529
632	0	3530
632	1	3531
633	0	3393
633	0	3399
633	0	3400
633	0	3402
633	0	3404
633	0	3405
633	1	3403
634	0	3393
634	0	3410
634	0	3395
634	0	3418
634	0	3727
635	0	3393
635	0	3410
635	0	3395
635	0	3480
635	0	3481
636	0	3393
636	0	3410
636	0	3395
636	0	3461
636	0	3602
637	0	3393
637	0	3399
637	0	3400
637	0	3402
637	0	3404
637	0	3405
637	1	3403
638	0	3393
638	0	3399
638	0	3429
638	0	3504
638	0	3417
638	0	3728
639	0	3393
639	0	3417
639	0	3504
639	0	3505
639	0	3592
640	0	3393
640	0	3410
640	1	3729
641	0	3393
641	0	3410
641	0	3395
641	0	3396
642	0	3393
642	0	3399
642	0	3431
642	0	3514
642	1	3730
643	0	3393
643	0	3417
643	0	3629
644	0	3393
644	0	3417
644	0	3395
644	0	3469
644	0	3470
644	1	3731
645	0	3393
645	0	3399
645	0	3431
645	0	3514
645	1	3732
646	0	3393
646	0	3399
646	0	3641
646	0	3417
646	0	3402
646	1	3733
647	0	3393
647	0	3399
647	0	3429
647	0	3395
647	0	3430
647	1	3611
648	0	3393
648	0	3410
648	0	3395
648	0	3396
648	0	3475
649	0	3393
649	0	3410
649	0	3427
649	0	3408
649	0	3484
650	0	3393
650	0	3410
650	0	3427
650	0	3428
652	0	3393
652	0	3399
652	0	3400
652	0	3495
652	0	3404
652	1	3571
653	0	3393
653	0	3399
653	0	3400
653	0	3402
653	0	3404
653	0	3394
653	1	3734
651	0	3393
651	0	3410
651	0	3427
651	0	3428
654	0	3393
654	0	3420
654	0	3516
655	0	3393
655	0	3410
655	0	3411
655	0	3735
655	1	3736
656	0	3393
656	0	3410
656	0	3504
656	0	3737
656	0	3660
656	0	3738
657	0	3393
657	0	3399
657	0	3416
657	0	3507
657	0	3521
659	0	3393
659	0	3399
659	0	3400
659	0	3402
659	0	3404
659	0	3405
659	1	3414
658	0	3393
658	0	3399
658	0	3400
658	0	3495
658	0	3404
658	1	3646
660	0	3393
660	0	3410
660	0	3427
660	0	3529
660	0	3547
660	1	3739
661	0	3393
661	0	3417
661	1	3740
662	0	3393
662	0	3399
662	0	3400
662	0	3402
662	0	3404
662	0	3394
662	1	3403
663	0	3393
663	0	3399
663	0	3400
663	0	3402
663	0	3404
663	0	3394
663	1	3403
664	0	3393
664	0	3399
664	0	3400
664	0	3402
664	0	3404
664	0	3405
664	1	3403
665	0	3393
665	0	3399
665	0	3400
665	0	3402
665	0	3404
665	0	3405
665	1	3403
666	0	3393
666	0	3399
666	0	3416
666	1	3741
667	0	3393
667	0	3410
667	0	3395
667	0	3472
667	0	3566
668	0	3393
668	0	3417
668	0	3439
668	0	3552
668	0	3553
670	0	3393
670	0	3410
670	0	3504
670	0	3505
670	0	3518
669	0	3393
669	0	3410
669	0	3504
669	0	3505
669	0	3518
671	0	3393
671	0	3399
671	0	3434
671	0	3447
671	0	3499
671	1	3598
672	0	3393
672	0	3399
672	0	3400
672	0	3742
672	0	3404
672	1	3403
673	0	3393
673	0	3399
673	0	3400
673	0	3402
673	0	3404
673	0	3394
673	1	3403
674	0	3393
674	0	3410
674	0	3395
674	0	3461
675	0	3393
675	0	3410
675	0	3395
675	0	3461
675	1	3743
676	0	3393
676	0	3399
676	0	3429
676	0	3395
676	0	3430
676	0	3410
676	0	3608
676	1	3743
677	0	3393
677	0	3399
677	0	3400
677	0	3408
677	1	3654
678	0	3393
678	0	3399
678	0	3434
678	0	3447
678	0	3499
679	0	3393
679	0	3399
679	0	3416
679	0	3507
679	0	3744
680	0	3393
680	0	3399
680	0	3416
680	0	3507
680	0	3521
680	1	3673
681	0	3393
681	0	3420
681	0	3421
681	0	3422
681	1	3745
682	0	3393
682	0	3399
682	0	3431
682	0	3746
682	1	3747
683	0	3393
683	0	3399
683	0	3400
684	0	3393
684	0	3399
684	0	3400
684	0	3402
684	1	3748
685	0	3393
685	0	3410
685	0	3427
685	1	3749
686	0	3393
686	0	3399
686	0	3400
686	0	3402
686	0	3404
686	0	3405
686	1	3403
687	0	3613
687	0	3614
687	0	3615
687	0	3616
687	0	3484
687	0	3393
687	0	3410
687	0	3427
687	0	3408
687	0	3484
688	0	3393
688	0	3399
688	0	3431
688	0	3514
688	1	3750
689	0	3393
689	0	3417
689	0	3439
689	0	3396
689	0	3475
690	0	3393
690	0	3417
690	0	3395
690	0	3442
690	0	3456
690	0	3715
690	0	3716
690	1	3717
691	0	3393
691	0	3399
691	0	3400
691	0	3402
691	0	3404
691	0	3394
692	0	3393
692	0	3399
692	0	3400
692	0	3402
692	0	3404
692	0	3405
692	1	3751
693	0	3393
693	0	3399
693	0	3400
693	0	3495
693	1	3403
694	0	3393
694	0	3410
694	0	3395
694	0	3396
694	0	3475
695	0	3393
695	0	3399
695	0	3400
695	0	3402
695	0	3404
695	0	3394
695	1	3403
696	0	3393
696	0	3399
696	0	3400
696	0	3402
696	0	3404
696	0	3405
696	1	3403
697	0	3393
697	0	3399
697	0	3400
697	0	3402
697	0	3404
697	0	3405
697	1	3403
698	0	3393
698	0	3399
698	0	3416
698	0	3395
698	0	3417
698	0	3477
698	0	3482
699	0	3393
699	0	3399
699	0	3400
699	0	3408
699	0	3404
699	1	3611
700	0	3393
700	0	3410
700	0	3395
700	0	3396
700	0	3446
701	0	3393
701	0	3399
701	0	3400
701	0	3408
701	1	3654
702	0	3393
702	0	3417
702	0	3395
702	0	3396
702	0	3475
704	0	3393
704	0	3399
704	0	3400
704	0	3495
704	0	3404
704	1	3752
703	0	3393
703	0	3399
703	0	3400
703	0	3495
705	0	3393
705	0	3420
705	0	3580
705	1	3551
706	0	3393
706	0	3410
706	0	3395
706	0	3396
706	0	3475
707	0	3393
707	0	3399
707	0	3400
707	1	3406
708	0	3393
708	0	3410
708	0	3395
708	0	3396
709	0	3393
709	0	3417
709	0	3395
709	0	3442
709	0	3489
709	0	3444
710	0	3393
710	0	3420
710	0	3516
710	1	3517
711	0	3393
711	0	3533
711	0	3556
711	0	3427
711	0	3472
711	1	3753
712	0	3393
712	0	3399
712	0	3434
712	0	3435
712	1	3508
713	0	3393
713	0	3399
713	0	3400
713	0	3402
713	1	3403
714	0	3393
714	0	3420
714	0	3421
714	0	3422
715	0	3393
715	0	3417
715	0	3395
715	0	3442
715	0	3456
715	0	3419
715	0	3754
716	0	3393
716	0	3399
716	0	3400
716	0	3402
716	0	3404
716	0	3394
716	1	3755
717	0	3393
717	0	3410
717	0	3411
717	0	3412
717	1	3450
719	0	3393
719	0	3399
719	0	3400
719	0	3402
719	0	3404
719	0	3394
718	0	3393
718	0	3410
718	0	3395
718	0	3396
718	0	3493
720	0	3393
720	0	3420
720	0	3424
720	0	3705
721	0	3393
721	0	3410
721	0	3411
721	0	3412
721	1	3450
722	0	3393
722	0	3399
722	0	3431
722	0	3432
722	1	3756
723	0	3393
723	0	3399
723	0	3400
723	1	3403
724	0	3393
724	0	3399
724	0	3400
724	0	3495
724	1	3403
725	0	3393
725	0	3399
725	0	3434
725	0	3447
726	0	3393
726	0	3399
726	0	3400
726	0	3402
726	0	3404
726	0	3405
726	1	3406
727	0	3393
727	0	3399
727	0	3429
727	0	3395
727	0	3430
727	0	3410
727	0	3608
729	0	3393
729	0	3399
729	0	3400
729	0	3408
729	1	3604
728	0	3393
728	0	3399
728	0	3400
728	0	3408
728	1	3604
730	0	3393
730	0	3399
730	0	3416
730	0	3395
730	0	3410
730	0	3480
730	0	3482
731	0	3393
731	0	3399
731	0	3416
731	0	3507
731	0	3757
732	0	3393
732	0	3405
732	0	3504
732	0	3505
732	0	3518
733	0	3393
733	0	3410
733	0	3395
733	0	3396
733	0	3475
734	0	3393
734	0	3399
734	0	3400
734	1	3571
735	0	3393
735	0	3399
735	0	3416
735	0	3395
735	0	3410
735	0	3427
735	0	3408
735	0	3577
735	1	3758
736	0	3393
736	0	3410
736	0	3395
736	0	3472
742	0	3393
742	0	3410
742	0	3395
742	0	3396
742	0	3475
738	0	3393
738	0	3417
738	0	3439
738	0	3396
738	0	3493
738	0	3490
745	0	3393
745	0	3410
745	0	3395
745	0	3396
745	0	3493
744	0	3393
744	0	3410
744	0	3395
740	0	3393
740	0	3417
740	0	3439
740	0	3396
740	0	3493
740	0	3490
743	0	3393
743	0	3410
743	0	3395
743	0	3396
743	0	3471
741	0	3393
741	0	3417
741	0	3439
741	0	3396
741	0	3475
737	0	3393
737	0	3417
737	0	3395
737	0	3396
737	0	3493
739	0	3393
739	0	3417
739	0	3439
739	0	3396
739	0	3511
746	0	3393
746	0	3410
746	0	3395
746	0	3396
746	0	3475
747	0	3393
747	0	3410
747	0	3395
747	0	3396
748	0	3393
748	0	3399
748	0	3434
748	0	3447
748	0	3499
748	1	3665
749	0	3393
749	0	3399
749	0	3400
749	0	3495
749	1	3604
750	0	3393
750	0	3399
750	0	3416
750	0	3395
750	0	3410
750	0	3427
751	0	3393
751	0	3500
751	0	3501
751	1	3502
752	0	3393
752	0	3399
752	0	3416
752	0	3507
752	0	3543
752	1	3759
753	0	3393
753	0	3399
753	0	3434
753	0	3447
753	0	3499
753	1	3760
754	0	3393
754	0	3399
754	0	3434
754	0	3447
754	0	3499
754	1	3761
755	0	3393
755	0	3399
755	0	3434
755	0	3435
755	1	3762
756	0	3393
756	0	3399
756	0	3416
756	0	3507
756	0	3521
756	1	3763
757	0	3393
757	0	3417
757	0	3629
757	0	3712
757	1	3764
758	0	3393
758	0	3420
758	0	3519
758	0	3520
759	0	3393
759	0	3399
759	0	3400
759	0	3402
759	0	3404
759	0	3394
759	1	3765
760	0	3393
760	0	3399
760	0	3434
760	0	3447
760	0	3499
760	1	3623
761	0	3393
761	0	3399
761	0	3434
761	0	3447
761	0	3499
761	1	3766
762	0	3393
762	0	3417
762	0	3395
762	0	3565
762	0	3767
762	1	3768
763	0	3393
763	0	3399
763	0	3400
763	0	3495
763	0	3404
763	1	3769
764	0	3393
764	0	3410
764	0	3395
764	0	3396
764	0	3454
764	1	3770
765	0	3393
765	0	3399
765	0	3400
765	0	3495
765	1	3769
766	0	3393
766	0	3399
766	0	3434
766	0	3447
766	0	3499
766	1	3771
767	0	3393
767	0	3399
767	0	3434
767	0	3447
767	0	3499
767	1	3771
768	0	3393
768	0	3399
768	0	3400
768	0	3645
768	1	3654
769	0	3393
769	0	3417
769	0	3504
769	0	3702
770	0	3393
770	0	3420
770	0	3458
770	0	3772
771	0	3393
771	0	3399
771	0	3773
771	0	3774
772	0	3393
772	0	3399
772	0	3434
772	0	3447
772	0	3448
772	1	3449
773	0	3393
773	0	3417
773	0	3439
773	0	3396
773	0	3440
773	1	3775
774	0	3393
774	0	3399
774	0	3400
774	0	3408
774	1	3654
775	0	3393
775	0	3417
775	0	3504
775	0	3737
775	0	3776
776	0	3393
776	0	3417
776	0	3504
776	0	3737
776	0	3776
776	1	3576
777	0	3393
777	0	3417
777	0	3427
777	0	3408
777	0	3464
777	1	3777
778	0	3393
778	0	3399
778	0	3434
778	0	3447
778	0	3499
778	1	3528
779	0	3393
779	0	3417
779	0	3395
779	0	3442
779	0	3456
779	0	3427
779	0	3527
779	1	3691
780	0	3393
780	0	3410
780	1	3778
781	0	3393
781	0	3417
781	0	3504
781	0	3505
781	0	3592
782	0	3393
782	0	3399
782	0	3431
782	0	3451
782	1	3779
783	0	3393
783	0	3420
783	0	3458
783	0	3780
783	1	3745
784	0	3393
784	0	3410
784	0	3427
784	0	3485
784	0	3486
785	0	3393
785	0	3399
785	0	3400
785	0	3495
785	1	3781
787	0	3393
787	0	3399
787	0	3400
787	0	3402
787	1	3403
786	0	3393
786	0	3399
786	0	3400
786	0	3408
786	0	3410
786	1	3653
788	0	3393
788	0	3410
788	0	3395
788	0	3396
788	0	3440
788	1	3770
789	0	3393
789	0	3399
789	0	3400
789	0	3402
789	0	3404
789	0	3394
789	1	3782
790	0	3393
790	0	3410
790	1	3783
791	0	3393
791	0	3399
791	0	3434
791	0	3447
791	0	3597
791	1	3784
792	0	3393
792	0	3417
792	0	3395
792	0	3469
793	0	3393
793	0	3417
793	0	3427
793	0	3408
793	0	3550
793	1	3785
794	0	3393
794	0	3399
794	0	3434
794	0	3447
794	0	3448
794	1	3449
795	0	3393
795	0	3399
795	0	3434
795	0	3435
795	1	3453
796	0	3393
796	0	3399
796	0	3434
796	0	3447
796	0	3499
796	1	3771
797	0	3393
797	0	3399
797	0	3434
797	0	3447
797	0	3499
797	1	3771
798	0	3393
798	0	3399
798	0	3434
798	0	3447
798	0	3499
798	1	3771
799	0	3393
799	0	3417
799	1	3786
800	0	3393
800	0	3410
800	0	3395
800	0	3396
800	0	3787
801	0	3393
801	0	3410
801	0	3479
801	0	3395
801	0	3480
801	0	3481
802	0	3393
802	0	3417
802	0	3395
802	0	3477
802	0	3788
803	0	3393
803	0	3399
803	0	3416
803	0	3507
803	0	3543
804	0	3393
804	0	3399
804	0	3431
804	0	3451
804	1	3546
805	0	3393
805	0	3399
805	0	3400
805	0	3408
805	0	3404
805	1	3789
806	0	3393
806	0	3399
806	0	3400
806	0	3645
806	1	3790
807	0	3393
807	0	3410
807	0	3427
807	0	3529
807	0	3547
807	1	3791
808	0	3393
808	0	3417
808	0	3439
808	0	3396
808	0	3446
809	0	3393
809	0	3399
809	0	3400
809	1	3646
810	0	3393
810	0	3417
810	0	3395
810	0	3792
811	0	3393
811	0	3417
811	0	3395
811	0	3396
811	0	3793
812	0	3393
812	0	3410
812	0	3395
812	0	3480
812	0	3481
813	0	3393
813	0	3399
813	0	3400
813	0	3402
813	0	3404
813	0	3405
813	1	3582
814	0	3393
814	0	3417
814	0	3439
814	0	3456
814	0	3427
814	0	3676
814	1	3794
815	0	3393
815	0	3399
815	0	3400
815	0	3402
816	0	3393
816	0	3410
816	0	3395
816	0	3480
816	0	3524
818	0	3393
818	0	3399
818	0	3416
818	0	3507
818	0	3744
818	1	3795
817	0	3393
817	0	3399
817	0	3416
817	0	3507
817	0	3744
817	1	3796
819	0	3393
819	0	3410
819	0	3395
819	0	3396
819	0	3440
820	0	3393
820	0	3410
820	0	3395
820	0	3396
820	0	3440
821	0	3393
821	0	3417
821	0	3395
822	0	3393
822	0	3410
822	0	3395
822	0	3396
822	0	3440
824	0	3393
824	0	3417
824	0	3439
824	0	3396
824	0	3446
823	0	3393
823	0	3417
823	0	3395
823	0	3396
823	0	3475
825	0	3393
825	0	3417
825	0	3395
825	0	3396
825	0	3446
826	0	3393
826	0	3399
826	0	3431
826	0	3451
826	1	3797
827	0	3393
827	0	3417
827	0	3439
827	0	3456
827	0	3427
827	0	3798
827	1	3799
828	0	3393
828	0	3399
828	0	3431
828	0	3600
829	0	3393
829	0	3410
829	0	3395
829	0	3396
829	0	3440
830	0	3393
830	0	3417
830	0	3395
830	0	3396
830	0	3440
831	0	3393
831	0	3399
831	0	3416
831	0	3507
831	0	3744
832	0	3393
832	0	3399
832	0	3416
832	0	3507
832	0	3744
833	0	3393
833	0	3399
833	0	3416
833	0	3395
833	0	3410
833	0	3427
834	0	3393
834	0	3410
834	0	3427
834	0	3485
834	0	3486
835	0	3393
835	0	3399
835	0	3434
835	0	3447
835	0	3499
836	0	3393
836	0	3420
836	0	3516
836	1	3517
837	0	3393
837	0	3410
837	0	3395
837	0	3396
837	0	3440
838	0	3393
838	0	3410
838	0	3395
838	0	3396
838	0	3440
839	0	3393
839	0	3410
839	0	3395
839	0	3396
839	0	3475
840	0	3393
840	0	3399
840	0	3400
840	1	3409
841	0	3393
841	0	3417
841	0	3395
841	0	3396
841	0	3624
842	0	3393
842	0	3399
842	0	3434
842	0	3447
842	0	3499
842	1	3528
843	0	3393
843	0	3417
843	0	3427
843	0	3408
843	0	3550
844	0	3393
844	0	3533
844	0	3534
844	0	3395
844	0	3552
844	0	3800
845	0	3393
845	0	3399
845	0	3400
845	0	3402
845	0	3404
845	1	3403
846	0	3393
846	0	3410
846	1	3508
847	0	3393
847	0	3399
847	0	3434
847	0	3447
847	0	3499
847	1	3537
848	0	3393
848	0	3417
848	0	3439
848	0	3396
848	0	3440
849	0	3393
849	0	3410
849	0	3411
849	0	3412
849	1	3450
850	0	3393
850	0	3399
850	0	3434
850	0	3447
850	0	3499
850	1	3528
851	0	3393
851	0	3417
851	0	3439
851	0	3396
851	0	3475
852	0	3393
852	0	3410
852	0	3411
852	0	3412
852	1	3450
853	0	3393
853	0	3399
853	0	3400
853	0	3408
853	0	3404
853	1	3801
854	0	3393
854	0	3399
854	0	3400
854	0	3408
854	0	3404
855	0	3393
855	0	3399
855	0	3416
856	0	3393
856	0	3420
856	0	3458
856	0	3802
857	0	3393
857	0	3399
857	0	3431
857	0	3436
857	1	3445
858	0	3393
858	0	3410
858	0	3427
858	0	3428
859	0	3393
859	0	3420
859	0	3421
859	0	3422
860	0	3393
860	0	3417
860	0	3439
860	0	3456
860	0	3672
861	0	3393
861	0	3417
861	0	3427
861	0	3687
861	0	3688
862	0	3393
862	0	3410
862	0	3395
862	0	3472
863	0	3393
863	0	3410
863	0	3395
863	0	3396
863	0	3440
865	0	3393
865	0	3399
865	0	3416
865	1	3654
864	0	3393
864	0	3410
864	0	3395
864	0	3396
864	0	3440
866	0	3393
866	0	3417
866	0	3395
866	0	3442
866	0	3456
866	0	3419
867	0	3393
867	0	3399
867	0	3434
867	0	3435
868	0	3393
868	0	3399
868	0	3400
868	0	3495
868	0	3404
868	1	3406
869	0	3393
869	0	3417
869	0	3395
869	0	3469
869	0	3602
870	0	3393
870	0	3399
870	0	3400
870	0	3402
870	0	3404
870	0	3394
871	0	3393
871	0	3417
871	0	3439
871	0	3489
871	0	3513
871	1	3696
872	0	3393
872	0	3417
872	0	3439
872	0	3489
872	0	3513
873	0	3393
873	0	3399
873	0	3434
873	0	3447
873	0	3448
873	1	3803
874	0	3393
874	0	3410
874	0	3395
875	0	3393
875	0	3410
875	0	3427
875	0	3529
875	0	3547
875	1	3804
876	0	3393
876	0	3399
876	0	3400
876	0	3495
876	0	3410
876	1	3646
877	0	3393
877	0	3417
877	0	3411
877	0	3412
877	1	3805
879	0	3393
879	0	3410
879	0	3395
879	0	3396
879	0	3475
878	0	3393
878	0	3417
878	0	3439
878	0	3477
878	0	3491
880	0	3393
880	0	3420
880	0	3458
880	0	3806
880	1	3807
881	0	3393
881	0	3399
881	0	3429
881	0	3395
881	0	3430
881	0	3417
882	0	3393
882	0	3399
882	0	3400
882	0	3408
882	0	3417
882	1	3653
883	0	3393
883	0	3399
883	0	3431
883	0	3514
883	1	3808
884	0	3393
884	0	3399
884	0	3434
884	0	3447
884	0	3639
884	1	3809
885	0	3393
885	0	3399
885	0	3400
885	0	3408
885	1	3697
886	0	3393
886	0	3399
886	0	3400
886	0	3495
886	1	3654
887	0	3393
887	0	3399
887	0	3400
887	0	3402
887	0	3404
887	0	3394
887	1	3646
888	0	3393
888	0	3399
888	0	3429
888	0	3395
888	0	3430
888	0	3410
888	0	3476
889	0	3393
889	0	3399
889	0	3708
889	0	3482
889	1	3626
890	0	3393
890	0	3399
890	0	3434
890	0	3447
890	0	3499
890	1	3810
891	0	3393
891	0	3410
891	0	3504
891	0	3505
891	0	3679
892	0	3393
892	0	3399
892	0	3416
892	0	3507
892	0	3521
892	1	3811
893	0	3393
893	0	3399
893	0	3434
893	0	3447
893	0	3499
893	1	3621
894	0	3393
894	0	3417
894	0	3427
894	0	3408
894	0	3550
896	0	3393
896	0	3410
896	0	3427
896	0	3408
896	0	3577
896	1	3812
895	0	3393
895	0	3399
895	0	3400
895	0	3495
895	0	3410
895	1	3403
897	0	3393
897	0	3399
897	0	3416
897	0	3507
897	0	3521
899	0	3393
899	0	3399
899	0	3400
899	0	3402
899	0	3404
899	0	3555
899	0	3534
899	1	3813
901	0	3393
901	0	3399
901	0	3400
901	0	3402
901	0	3404
901	0	3394
901	1	3407
900	0	3393
900	0	3399
900	0	3400
900	0	3402
900	0	3404
900	0	3555
900	0	3534
900	1	3407
898	0	3393
898	0	3399
898	0	3400
898	0	3402
898	0	3404
898	0	3394
898	1	3814
902	0	3393
902	0	3399
902	0	3400
902	0	3402
902	0	3404
902	0	3405
902	1	3815
903	0	3393
903	0	3417
903	0	3395
903	0	3396
903	0	3446
904	0	3393
904	0	3399
904	0	3400
904	0	3495
904	1	3816
905	0	3393
905	0	3399
905	0	3400
905	0	3495
906	0	3393
906	0	3399
906	0	3400
906	0	3408
906	1	3817
907	0	3393
907	0	3399
907	0	3400
907	0	3402
907	0	3404
907	0	3405
907	1	3403
908	0	3393
908	0	3417
908	0	3504
908	0	3737
908	0	3660
908	0	3818
909	0	3393
909	0	3410
909	0	3427
909	0	3529
909	0	3547
910	0	3393
910	0	3410
910	0	3427
910	0	3408
910	1	3819
911	0	3393
911	0	3417
911	0	3427
911	0	3408
911	0	3550
911	1	3576
912	0	3393
912	0	3410
912	0	3427
912	0	3529
912	0	3547
912	1	3820
913	0	3393
913	0	3410
913	0	3479
913	0	3395
913	0	3480
913	0	3481
914	0	3393
914	0	3417
914	0	3439
914	0	3396
914	0	3454
916	0	3393
916	0	3410
916	0	3427
916	0	3529
916	0	3547
916	1	3821
915	0	3393
915	0	3399
915	0	3400
915	0	3402
915	0	3404
915	0	3405
915	1	3403
917	0	3393
917	0	3399
917	0	3400
917	0	3408
917	1	3571
918	0	3393
918	0	3410
918	0	3395
918	0	3396
919	0	3393
919	0	3399
919	0	3400
919	0	3645
919	1	3822
920	0	3393
920	0	3399
920	0	3416
920	0	3507
920	0	3521
920	1	3823
921	0	3393
921	0	3410
921	0	3479
921	0	3395
922	0	3393
922	0	3420
922	0	3421
922	0	3824
923	0	3393
923	0	3399
923	0	3400
923	0	3495
923	1	3646
924	0	3393
924	0	3399
924	0	3400
924	0	3402
924	0	3404
924	0	3405
924	1	3601
925	0	3393
925	0	3399
925	0	3400
925	0	3495
925	0	3404
925	1	3601
926	0	3393
926	0	3399
926	0	3400
926	0	3402
926	0	3404
926	0	3405
926	1	3601
927	0	3393
927	0	3399
927	0	3400
927	0	3402
927	0	3404
927	0	3394
927	1	3822
928	0	3393
928	0	3399
928	0	3416
928	0	3507
928	0	3521
928	1	3666
929	0	3393
929	0	3410
929	0	3427
929	0	3529
929	0	3530
929	1	3825
930	0	3393
930	0	3399
930	0	3434
930	0	3447
930	0	3499
930	1	3508
931	0	3393
931	0	3410
931	0	3427
931	0	3408
932	0	3393
932	0	3399
932	0	3400
932	0	3495
932	1	3826
933	0	3393
933	0	3410
933	0	3427
933	0	3408
933	0	3484
933	1	3827
934	0	3393
934	0	3410
934	0	3395
934	0	3396
934	0	3493
935	0	3393
935	0	3417
935	1	3827
936	0	3393
936	0	3399
936	0	3434
936	0	3447
936	0	3499
936	1	3828
937	0	3393
937	0	3399
937	0	3400
937	0	3408
937	1	3697
938	0	3393
938	0	3399
938	0	3434
938	0	3447
938	0	3597
938	1	3620
939	0	3393
939	0	3399
939	0	3416
939	1	3662
940	0	3393
940	0	3410
940	0	3427
940	0	3529
940	0	3547
940	1	3631
941	0	3393
941	0	3417
941	0	3427
941	0	3529
941	0	3547
942	0	3393
942	0	3410
942	0	3395
943	0	3393
943	0	3399
943	0	3416
943	0	3507
943	1	3829
944	0	3393
944	0	3399
944	0	3400
944	0	3402
944	0	3404
944	0	3555
944	0	3534
944	1	3830
945	0	3393
945	0	3417
945	0	3439
945	0	3396
945	0	3475
946	0	3393
946	0	3399
946	0	3416
946	0	3507
946	0	3744
946	1	3796
947	0	3393
947	0	3399
947	0	3429
947	0	3395
947	0	3589
947	1	3831
948	0	3393
948	0	3399
948	0	3400
948	0	3402
948	0	3404
948	0	3405
948	1	3403
949	0	3393
949	0	3399
949	0	3400
949	0	3402
949	0	3404
949	0	3394
949	1	3403
950	0	3393
950	0	3399
950	0	3400
950	0	3742
950	0	3404
950	1	3403
951	0	3393
951	0	3410
951	0	3427
951	0	3832
951	0	3833
951	1	3834
952	0	3393
952	0	3399
952	0	3434
952	0	3447
952	0	3597
952	1	3621
953	0	3393
953	0	3399
953	0	3400
953	1	3571
954	0	3393
954	0	3399
954	0	3400
954	0	3742
954	0	3404
954	1	3403
955	0	3393
955	0	3399
955	0	3400
955	0	3402
955	0	3404
955	0	3405
955	1	3403
956	0	3393
956	0	3399
956	0	3400
956	0	3495
956	1	3654
957	0	3393
957	0	3399
957	0	3400
957	0	3402
957	0	3404
957	0	3405
957	1	3414
958	0	3393
958	0	3399
958	0	3416
958	0	3507
958	0	3545
958	1	3822
959	0	3393
959	0	3399
959	0	3400
959	0	3408
959	0	3410
959	1	3835
960	0	3393
960	0	3399
960	0	3400
960	0	3402
960	0	3404
960	0	3555
960	1	3582
961	0	3393
961	0	3399
961	0	3400
961	0	3495
961	0	3404
961	1	3406
962	0	3393
962	0	3399
962	0	3400
962	0	3402
962	0	3404
962	0	3394
962	1	3836
963	0	3393
963	0	3420
963	0	3421
963	0	3422
964	0	3393
964	0	3420
964	0	3519
964	0	3520
964	1	3837
965	0	3393
965	0	3399
965	0	3400
965	0	3402
965	1	3838
966	0	3393
966	0	3410
966	1	3839
967	0	3393
967	0	3410
967	0	3427
967	0	3720
967	0	3636
967	1	3840
969	0	3393
969	0	3399
969	0	3416
969	0	3507
969	0	3633
969	1	3666
968	0	3393
968	0	3399
968	0	3416
968	0	3507
968	0	3633
968	1	3666
970	0	3393
970	0	3399
970	0	3416
970	0	3507
970	0	3633
970	1	3666
971	0	3393
971	0	3399
971	0	3400
971	0	3408
971	1	3604
972	0	3393
972	0	3417
972	0	3629
972	0	3712
973	0	3393
973	0	3399
973	0	3400
973	0	3408
973	0	3410
973	1	3561
974	0	3393
974	0	3399
974	0	3434
974	0	3447
974	0	3448
975	0	3393
975	0	3399
975	0	3434
975	0	3447
975	0	3448
975	1	3841
976	0	3393
976	0	3399
976	0	3434
976	0	3447
976	0	3448
976	1	3841
977	0	3393
977	0	3399
977	0	3434
977	0	3447
977	0	3448
977	1	3841
978	0	3393
978	0	3399
978	0	3434
978	0	3447
978	0	3448
978	1	3841
979	0	3393
979	0	3399
979	0	3431
979	0	3452
980	0	3393
980	0	3399
980	0	3431
980	0	3452
981	0	3393
981	0	3399
981	0	3400
981	0	3402
981	0	3404
981	0	3394
981	1	3407
984	0	3393
984	0	3399
984	0	3400
984	0	3402
984	0	3404
984	0	3405
984	1	3842
982	0	3393
982	0	3399
982	0	3400
982	0	3402
982	0	3404
982	0	3555
982	0	3534
982	1	3814
983	0	3393
983	0	3399
983	0	3400
983	0	3402
983	0	3404
983	0	3394
983	1	3407
985	0	3393
985	0	3417
985	0	3504
985	0	3575
986	0	3393
986	0	3399
986	0	3400
986	0	3402
986	0	3404
986	0	3555
986	0	3556
986	1	3403
987	0	3393
987	0	3843
987	0	3844
988	0	3393
988	0	3399
988	0	3429
988	0	3504
988	0	3410
988	0	3728
989	0	3393
989	0	3420
989	0	3424
989	0	3425
989	1	3526
990	0	3393
990	0	3399
990	0	3400
990	0	3495
990	0	3404
990	1	3654
991	0	3393
991	0	3399
991	0	3400
991	0	3495
991	1	3646
992	0	3393
992	0	3399
992	0	3400
992	0	3495
992	0	3417
993	0	3393
993	0	3399
993	0	3416
993	0	3395
993	0	3410
993	0	3480
993	0	3482
993	1	3845
994	0	3393
994	0	3399
994	0	3429
994	0	3395
994	0	3430
994	1	3611
995	0	3393
995	0	3399
995	0	3416
995	0	3507
995	0	3545
995	1	3638
996	0	3393
996	0	3399
996	0	3400
996	0	3408
996	0	3410
996	1	3654
997	0	3393
997	0	3417
997	0	3427
997	0	3408
997	0	3718
998	0	3393
998	0	3420
998	0	3421
998	0	3422
998	1	3846
999	0	3393
999	0	3410
999	0	3395
999	0	3396
1000	0	3393
1000	0	3399
1000	0	3400
1000	0	3495
1000	1	3646
1001	0	3393
1001	0	3399
1001	0	3400
1001	0	3645
1001	1	3695
1002	0	3393
1002	0	3399
1002	0	3400
1002	0	3495
1002	1	3601
1003	0	3393
1003	0	3399
1003	0	3429
1003	0	3395
1003	0	3430
1003	0	3410
1003	0	3476
1004	0	3393
1004	0	3410
1004	0	3395
1004	0	3476
1004	0	3663
1005	0	3393
1005	0	3399
1005	0	3429
1005	0	3395
1005	0	3430
1005	0	3410
1005	0	3490
1006	0	3393
1006	0	3417
1006	0	3439
1006	0	3477
1006	0	3491
1007	0	3393
1007	0	3410
1007	0	3427
1007	0	3529
1007	0	3530
1007	1	3531
1008	0	3393
1008	0	3410
1008	0	3395
1008	0	3480
1008	0	3482
1009	0	3393
1009	0	3410
1009	0	3395
1009	0	3396
1009	0	3475
1010	0	3393
1010	0	3417
1010	0	3427
1010	0	3529
1010	0	3547
1011	0	3393
1011	0	3417
1011	0	3395
1011	0	3469
1011	0	3462
1011	0	3463
1012	0	3393
1012	0	3410
1012	0	3395
1012	0	3461
1012	0	3462
1012	0	3847
1013	0	3393
1013	0	3399
1013	0	3400
1013	0	3495
1013	0	3404
1013	1	3406
1014	0	3393
1014	0	3399
1014	0	3416
1014	0	3395
1014	0	3410
1014	0	3480
1014	0	3482
1018	0	3393
1018	0	3410
1018	0	3395
1018	0	3396
1018	0	3440
1018	1	3661
1015	0	3393
1015	0	3410
1015	0	3395
1015	0	3472
1016	0	3393
1016	0	3410
1016	0	3395
1016	0	3396
1016	0	3440
1017	0	3393
1017	0	3410
1017	0	3395
1017	0	3396
1017	0	3440
1021	0	3393
1021	0	3410
1021	0	3395
1021	0	3396
1021	0	3440
1021	1	3661
1020	0	3393
1020	0	3410
1020	0	3395
1020	0	3396
1020	0	3440
1020	1	3661
1019	0	3393
1019	0	3410
1019	0	3395
1019	0	3396
1019	0	3440
1019	1	3661
1022	0	3393
1022	0	3410
1022	0	3395
1022	0	3396
1022	0	3440
1023	0	3393
1023	0	3399
1023	0	3431
1023	0	3432
1023	1	3848
1025	0	3393
1025	0	3417
1025	0	3395
1025	0	3396
1025	0	3440
1024	0	3393
1024	0	3399
1024	0	3400
1024	0	3402
1024	0	3404
1024	1	3403
1026	0	3393
1026	0	3417
1026	0	3395
1026	0	3396
1026	0	3440
1027	0	3393
1027	0	3410
1027	0	3395
1027	0	3396
1027	0	3454
1028	0	3393
1028	0	3410
1028	0	3427
1028	0	3529
1028	0	3547
1029	0	3393
1029	0	3399
1029	0	3431
1029	0	3849
1029	1	3850
1030	0	3393
1030	0	3399
1030	0	3431
1030	0	3849
1030	1	3850
1031	0	3393
1031	0	3420
1031	0	3580
1033	0	3393
1033	0	3399
1033	0	3434
1033	0	3447
1033	0	3448
1033	1	3638
1036	0	3393
1036	0	3399
1036	0	3434
1036	0	3447
1036	0	3448
1036	1	3638
1034	0	3393
1034	0	3399
1034	0	3434
1034	0	3447
1034	0	3448
1034	1	3638
1032	0	3393
1032	0	3399
1032	0	3434
1032	0	3447
1032	0	3448
1032	1	3638
1037	0	3393
1037	0	3399
1037	0	3434
1037	0	3447
1037	0	3448
1037	1	3638
1035	0	3393
1035	0	3399
1035	0	3434
1035	0	3447
1035	0	3448
1035	1	3638
1038	0	3393
1038	0	3399
1038	0	3434
1038	0	3447
1038	0	3448
1038	1	3638
1039	0	3393
1039	0	3399
1039	0	3434
1039	0	3447
1039	0	3448
1039	1	3638
1040	0	3393
1040	0	3399
1040	0	3434
1040	0	3447
1040	0	3448
1040	1	3638
1041	0	3393
1041	0	3399
1041	0	3434
1041	0	3447
1041	0	3448
1041	1	3638
1043	0	3393
1043	0	3399
1043	0	3434
1043	0	3447
1043	0	3448
1043	1	3638
1042	0	3393
1042	0	3399
1042	0	3434
1042	0	3447
1042	0	3448
1042	1	3638
1044	0	3393
1044	0	3399
1044	0	3434
1044	0	3447
1044	0	3448
1048	0	3393
1048	0	3399
1048	0	3434
1048	0	3447
1048	0	3448
1048	1	3638
1049	0	3393
1049	0	3399
1049	0	3434
1049	0	3447
1049	0	3448
1049	1	3638
1047	0	3393
1047	0	3399
1047	0	3434
1047	0	3447
1047	0	3448
1047	1	3638
1046	0	3393
1046	0	3399
1046	0	3434
1046	0	3447
1046	0	3448
1046	1	3851
1050	0	3393
1050	0	3399
1050	0	3434
1050	0	3447
1050	0	3448
1050	1	3851
1045	0	3393
1045	0	3399
1045	0	3434
1045	1	3638
1051	0	3393
1051	0	3399
1051	0	3416
1051	0	3507
1051	0	3521
1051	1	3508
1052	0	3393
1052	0	3410
1052	0	3504
1052	0	3505
1052	0	3680
1053	0	3393
1053	0	3417
1053	0	3629
1053	0	3712
1054	0	3393
1054	0	3410
1054	0	3504
1054	0	3505
1054	0	3592
1055	0	3393
1055	0	3399
1055	0	3429
1055	0	3395
1055	0	3430
1055	1	3571
1056	0	3393
1056	0	3399
1056	0	3400
1056	0	3402
1056	0	3404
1056	1	3403
1057	0	3393
1057	0	3399
1057	0	3400
1057	0	3408
1057	1	3654
1058	0	3393
1058	0	3399
1058	0	3400
1058	0	3408
1058	1	3654
1059	0	3393
1059	0	3399
1059	0	3416
1059	1	3852
1060	0	3393
1060	0	3417
1060	0	3504
1060	0	3505
1060	0	3506
1061	0	3393
1061	0	3417
1061	0	3504
1061	0	3505
1061	0	3506
1062	0	3393
1062	0	3399
1062	0	3400
1062	0	3495
1062	0	3404
1062	1	3551
1063	0	3393
1063	0	3417
1063	0	3395
1063	0	3469
1063	0	3853
1064	0	3393
1064	0	3420
1064	0	3854
1064	1	3855
1066	0	3393
1066	0	3399
1066	0	3400
1066	0	3402
1066	0	3404
1066	0	3555
1066	0	3556
1065	0	3393
1065	0	3399
1065	0	3400
1065	0	3402
1065	0	3404
1065	0	3394
1065	1	3582
1068	0	3393
1068	0	3399
1068	0	3400
1068	0	3402
1068	1	3856
1067	0	3393
1067	0	3399
1067	0	3400
1067	0	3402
1067	0	3404
1067	0	3405
1067	1	3403
1069	0	3393
1069	0	3399
1069	0	3400
1069	0	3495
1069	0	3404
1069	1	3406
1070	0	3393
1070	0	3417
1070	0	3395
1070	0	3396
1070	0	3857
1071	0	3393
1071	0	3399
1071	0	3400
1071	1	3406
1072	0	3393
1072	0	3399
1072	0	3431
1072	0	3452
1074	0	3393
1074	0	3399
1074	0	3416
1074	1	3852
1073	0	3393
1073	0	3399
1073	0	3416
1073	0	3507
1073	0	3543
1073	1	3759
1075	0	3393
1075	0	3417
1075	0	3427
1075	0	3485
1075	0	3486
1075	1	3858
1076	0	3393
1076	0	3399
1076	0	3429
1076	0	3395
1076	0	3589
1076	1	3859
1077	0	3393
1077	0	3399
1077	0	3416
1077	0	3395
1077	0	3410
1077	0	3427
1077	0	3833
1078	0	3393
1078	0	3420
1078	0	3580
1079	0	3393
1079	0	3399
1079	0	3434
1079	0	3447
1079	0	3499
1080	0	3393
1080	0	3417
1080	0	3411
1080	0	3412
1080	1	3805
1081	0	3393
1081	0	3410
1081	0	3395
1081	0	3472
1082	0	3393
1082	0	3420
1082	0	3424
1082	0	3705
1083	0	3393
1083	0	3399
1083	0	3434
1083	0	3447
1083	0	3597
1083	1	3620
1084	0	3393
1084	0	3399
1084	0	3431
1084	0	3849
1084	1	3860
1085	0	3393
1085	0	3399
1085	0	3429
1085	0	3395
1085	0	3430
1085	0	3410
1085	0	3427
1086	0	3393
1086	0	3399
1086	0	3400
1086	0	3402
1086	0	3404
1086	0	3394
1086	1	3403
1087	0	3393
1087	0	3417
1087	0	3395
1087	0	3396
1087	0	3440
1088	0	3393
1088	0	3417
1089	0	3393
1089	0	3399
1089	0	3400
1089	0	3402
1089	0	3404
1089	0	3405
1089	1	3403
1090	0	3393
1090	0	3399
1090	0	3400
1090	0	3495
1090	0	3404
1090	1	3406
1091	0	3393
1091	0	3399
1091	0	3434
1091	0	3447
1091	0	3499
1091	1	3601
1092	0	3393
1092	0	3399
1092	0	3434
1092	0	3447
1092	0	3499
1092	1	3665
1093	0	3393
1093	0	3399
1093	0	3400
1093	0	3402
1093	0	3404
1093	0	3394
1093	1	3646
1094	0	3393
1094	0	3399
1094	0	3400
1094	0	3495
1094	1	3646
1095	0	3393
1095	0	3399
1095	0	3400
1095	0	3495
1095	1	3646
1096	0	3393
1096	0	3399
1096	0	3400
1096	0	3495
1096	1	3646
1097	0	3393
1097	0	3420
1097	0	3421
1097	0	3422
1097	1	3861
1098	0	3393
1098	0	3399
1098	0	3400
1098	0	3495
1098	1	3406
1100	0	3393
1100	0	3399
1100	0	3400
1100	0	3402
1100	0	3404
1100	0	3405
1100	1	3601
1099	0	3393
1099	0	3399
1099	0	3400
1099	0	3402
1099	0	3404
1099	0	3405
1099	1	3601
1101	0	3393
1101	0	3399
1101	0	3400
1101	0	3402
1101	0	3404
1101	0	3394
1101	1	3607
1102	0	3393
1102	0	3399
1102	0	3400
1102	0	3495
1102	1	3561
1103	0	3393
1103	0	3410
1103	0	3427
1103	0	3408
1103	0	3484
1103	1	3862
1104	0	3393
1104	0	3399
1104	0	3400
1104	0	3495
1104	0	3404
1104	1	3406
1105	0	3393
1105	0	3399
1105	0	3429
1105	0	3395
1105	0	3430
1105	0	3410
1105	0	3476
1106	0	3393
1106	0	3410
1106	0	3395
1106	0	3461
1106	0	3462
1106	0	3847
1107	0	3393
1107	0	3399
1107	0	3400
1107	0	3402
1107	0	3404
1107	0	3405
1107	1	3863
1108	0	3393
1108	0	3417
1108	0	3395
1108	0	3396
1108	0	3446
1109	0	3393
1109	0	3399
1109	0	3416
1109	0	3395
1109	0	3410
1109	0	3480
1110	0	3393
1110	0	3410
1110	0	3395
1110	0	3461
1110	0	3462
1110	0	3463
1111	0	3393
1111	0	3417
1111	0	3395
1112	0	3393
1112	0	3410
1112	1	3864
1113	0	3393
1113	0	3399
1113	0	3400
1113	0	3495
1113	0	3404
1114	0	3393
1114	0	3399
1114	0	3400
1114	0	3495
1114	0	3417
1114	1	3646
1115	0	3393
1115	0	3399
1115	0	3400
1115	0	3742
1115	1	3403
1116	0	3393
1116	0	3399
1116	0	3400
1116	0	3402
1116	1	3865
1117	0	3393
1117	0	3417
1117	0	3439
1117	0	3396
1117	0	3446
1118	0	3393
1118	0	3417
1118	0	3395
1118	0	3396
1120	0	3393
1120	0	3410
1120	0	3395
1120	0	3396
1120	0	3454
1119	0	3393
1119	0	3417
1119	0	3395
1119	0	3396
1119	0	3475
1121	0	3393
1121	0	3410
1121	0	3427
1121	0	3529
1121	0	3547
1121	1	3866
1122	0	3393
1122	0	3399
1122	0	3400
1122	0	3645
1122	1	3867
1123	0	3393
1123	0	3399
1123	0	3400
1123	0	3495
1123	0	3404
1123	1	3406
1124	0	3393
1124	0	3410
1124	0	3427
1124	0	3529
1124	0	3547
1124	1	3548
1125	0	3393
1125	0	3399
1125	0	3400
1125	0	3495
1125	0	3410
1125	1	3868
1126	0	3393
1126	0	3399
1126	0	3434
1126	0	3447
1126	0	3597
1126	1	3869
1127	0	3393
1127	0	3420
1127	0	3519
1127	0	3520
1128	0	3393
1128	0	3399
1128	0	3400
1128	0	3408
1128	0	3404
1128	1	3789
1129	0	3393
1129	0	3399
1129	0	3400
1129	0	3402
1129	0	3404
1129	0	3394
1129	1	3870
1131	0	3393
1131	0	3417
1131	0	3427
1131	0	3529
1131	0	3547
1131	1	3871
1130	0	3393
1130	0	3420
1130	0	3516
1132	0	3393
1132	0	3417
1132	0	3427
1132	0	3529
1132	0	3530
1133	0	3393
1133	0	3410
1133	0	3504
1133	0	3505
1133	0	3618
1134	0	3393
1134	0	3410
1134	0	3395
1134	0	3461
1135	0	3393
1135	0	3417
1135	0	3504
1135	0	3737
1135	0	3776
1135	1	3576
1136	0	3393
1136	0	3399
1136	0	3400
1136	1	3403
1138	0	3393
1138	0	3420
1138	0	3519
1138	0	3520
1138	1	3661
1137	0	3393
1137	0	3420
1137	0	3424
1139	0	3393
1139	0	3410
1139	0	3395
1139	0	3396
1139	0	3454
1140	0	3393
1140	0	3420
1140	0	3458
1140	0	3772
1140	1	3872
1141	0	3393
1141	0	3410
1141	0	3395
1141	0	3418
1141	0	3873
1143	0	3393
1143	0	3410
1143	0	3395
1143	0	3418
1143	0	3443
1143	0	3444
1142	0	3393
1142	0	3399
1142	0	3429
1142	0	3395
1142	0	3430
1142	0	3410
1142	0	3490
1144	0	3393
1144	0	3399
1144	0	3400
1144	0	3495
1144	0	3404
1144	1	3822
1145	0	3393
1145	0	3410
1145	0	3395
1145	0	3396
1145	0	3440
1146	0	3393
1146	0	3410
1146	0	3395
1146	0	3396
1146	0	3440
1147	0	3393
1147	0	3417
1147	0	3395
1147	0	3469
1147	0	3470
1148	0	3393
1148	0	3417
1148	0	3439
1148	0	3396
1148	0	3446
1149	0	3393
1149	0	3410
1149	0	3395
1149	0	3396
1149	0	3857
1150	0	3393
1150	0	3399
1150	0	3400
1150	0	3495
1150	1	3403
1151	0	3393
1151	0	3399
1151	0	3400
1151	1	3403
1152	0	3393
1152	0	3874
1152	0	3875
1153	0	3393
1153	0	3399
1153	0	3416
1153	0	3507
1153	0	3543
1153	1	3876
1157	0	3393
1157	0	3399
1157	0	3400
1157	0	3495
1159	0	3393
1159	0	3399
1159	0	3400
1154	0	3393
1154	0	3399
1154	0	3416
1154	0	3507
1154	0	3521
1154	1	3763
1156	0	3393
1156	0	3399
1156	0	3416
1156	0	3507
1156	0	3757
1155	0	3393
1155	0	3399
1155	0	3400
1155	1	3763
1158	0	3393
1158	0	3399
1158	0	3416
1158	0	3507
1158	0	3633
1160	0	3393
1160	0	3399
1160	0	3400
1160	1	3763
1161	0	3393
1161	0	3399
1161	0	3416
1161	0	3395
1161	1	3877
1162	0	3393
1162	0	3420
1162	0	3519
1162	0	3520
1164	0	3393
1164	0	3417
1164	0	3395
1164	0	3396
1164	0	3440
1163	0	3393
1163	0	3417
1163	0	3439
1163	0	3396
1163	0	3440
1165	0	3393
1165	0	3399
1165	0	3400
1165	0	3408
1165	1	3654
1167	0	3393
1167	0	3417
1167	0	3629
1167	0	3712
1166	0	3393
1166	0	3417
1166	0	3629
1166	0	3878
1166	1	3879
1168	0	3393
1168	0	3399
1168	0	3400
1168	0	3402
1168	0	3404
1168	1	3403
1169	0	3393
1169	0	3399
1169	0	3400
1169	0	3495
1169	1	3654
1170	0	3393
1170	0	3399
1170	0	3416
1170	0	3507
1170	0	3543
1170	1	3880
1171	0	3393
1171	0	3399
1171	0	3431
1171	0	3436
1171	1	3445
1172	0	3393
1172	0	3399
1172	0	3431
1172	0	3436
1172	1	3445
1173	0	3393
1173	0	3399
1173	0	3400
1173	0	3495
1173	0	3404
1173	1	3822
1174	0	3393
1174	0	3410
1174	0	3395
1174	0	3396
1174	0	3475
1175	0	3393
1175	0	3399
1175	0	3400
1175	0	3408
1175	0	3404
1175	1	3654
1176	0	3393
1176	0	3399
1176	0	3400
1176	0	3402
1176	0	3410
1177	0	3393
1177	0	3399
1177	0	3416
1177	0	3507
1177	0	3633
1177	1	3881
1178	0	3393
1178	0	3420
1178	0	3458
1178	0	3882
1179	0	3393
1179	0	3399
1179	0	3434
1179	0	3435
1179	1	3883
1180	0	3393
1180	0	3399
1180	0	3416
1180	0	3507
1180	0	3543
1181	0	3393
1181	0	3399
1181	0	3400
1181	0	3645
1181	1	3695
1182	0	3393
1182	0	3420
1182	0	3424
1182	0	3884
1183	0	3393
1183	0	3399
1183	0	3431
1183	1	3885
1184	0	3393
1184	0	3410
1185	0	3393
1185	0	3399
1185	0	3400
1185	0	3495
1185	0	3404
1185	1	3571
1186	0	3393
1186	0	3399
1186	0	3400
1186	0	3495
1186	0	3404
1186	1	3886
1188	0	3393
1188	0	3410
1188	0	3395
1188	0	3396
1187	0	3393
1187	0	3410
1187	0	3395
1187	0	3418
1187	0	3443
1187	0	3490
1189	0	3393
1189	0	3417
1189	0	3439
1189	0	3489
1189	0	3443
1189	0	3444
1191	0	3393
1191	0	3417
1191	0	3395
1191	0	3442
1191	0	3443
1191	0	3490
1190	0	3393
1190	0	3410
1190	0	3427
1190	0	3408
1192	0	3393
1192	0	3417
1192	0	3439
1192	0	3396
1192	0	3511
1193	0	3393
1193	0	3399
1193	0	3429
1193	0	3395
1193	0	3430
1193	0	3417
1194	0	3393
1194	0	3410
1194	0	3427
1194	0	3529
1194	0	3547
1194	1	3822
1195	0	3393
1195	0	3399
1195	0	3400
1195	0	3402
1195	0	3404
1195	0	3555
1195	0	3578
1195	1	3403
1196	0	3393
1196	0	3399
1196	0	3416
1196	0	3507
1196	0	3543
1198	0	3393
1198	0	3410
1198	0	3494
1198	0	3396
1198	0	3493
1197	0	3393
1197	0	3410
1197	0	3494
1197	0	3396
1197	0	3493
1199	0	3393
1199	0	3410
1199	0	3494
1199	0	3396
1199	0	3493
1200	0	3393
1200	0	3410
1200	0	3494
1201	0	3393
1201	0	3399
1201	0	3416
1201	0	3507
1201	0	3744
1201	1	3796
1202	0	3393
1202	0	3410
1202	0	3395
1202	0	3396
1202	0	3440
1203	0	3393
1203	0	3399
1203	0	3416
1203	0	3395
1203	1	3887
1204	0	3393
1204	0	3399
1204	0	3431
1204	0	3888
1205	0	3393
1205	0	3399
1205	0	3429
1205	0	3395
1205	0	3430
1205	0	3410
1205	0	3490
1206	0	3393
1206	0	3420
1206	0	3424
1206	0	3889
1209	0	3393
1209	0	3420
1207	0	3393
1207	0	3420
1207	0	3424
1207	0	3889
1207	1	3890
1208	0	3393
1208	0	3420
1208	0	3424
1208	0	3889
1210	0	3393
1210	0	3420
1210	0	3424
1210	0	3889
1211	0	3393
1211	0	3420
1211	0	3540
1212	0	3393
1212	0	3399
1212	0	3400
1212	0	3645
1212	1	3403
1213	0	3393
1213	0	3399
1213	0	3416
1213	0	3507
1213	0	3543
1213	1	3891
1214	0	3393
1214	0	3410
1214	0	3427
1214	0	3408
1214	0	3484
1214	1	3892
1215	0	3393
1215	0	3417
1215	0	3395
1215	0	3442
1215	0	3456
1215	0	3710
1215	0	3893
1216	0	3393
1216	0	3417
1216	0	3439
1216	0	3396
1216	0	3446
1217	0	3393
1217	0	3399
1217	0	3431
1217	0	3888
1218	0	3393
1218	0	3399
1218	0	3431
1218	0	3888
1219	0	3393
1219	0	3410
1219	0	3395
1219	0	3396
1219	0	3454
1220	0	3393
1220	0	3399
1220	0	3434
1220	0	3447
1220	0	3499
1220	1	3894
1221	0	3393
1221	0	3399
1221	0	3434
1221	0	3447
1221	0	3499
1221	1	3894
1223	0	3393
1223	0	3399
1223	0	3434
1223	0	3447
1223	0	3499
1223	1	3894
1224	0	3393
1224	0	3410
1224	0	3395
1224	0	3552
1224	0	3553
1225	0	3393
1225	0	3410
1225	0	3395
1225	0	3552
1225	0	3553
1222	0	3393
1222	0	3399
1222	0	3434
1222	0	3447
1222	0	3499
1222	1	3894
1226	0	3393
1226	0	3410
1226	0	3395
1226	0	3396
1226	0	3440
1227	0	3393
1227	0	3399
1227	0	3400
1227	0	3495
1227	1	3895
1228	0	3393
1228	0	3399
1228	0	3400
1228	0	3408
1228	1	3896
1229	0	3393
1229	0	3399
1229	0	3416
1229	1	3897
1230	0	3393
1230	0	3399
1230	0	3434
1230	0	3435
1230	1	3898
1231	0	3393
1231	0	3399
1231	0	3400
1231	0	3402
1231	0	3404
1231	0	3394
1231	1	3403
1232	0	3393
1232	0	3420
1232	0	3424
1232	0	3889
1233	0	3393
1233	0	3420
1233	0	3458
1233	0	3780
1233	1	3899
1234	0	3393
1234	0	3399
1234	0	3416
1234	0	3507
1234	0	3633
1234	1	3900
1235	0	3393
1235	0	3410
1235	0	3395
1235	0	3396
1235	0	3440
1237	0	3393
1237	0	3533
1237	0	3556
1237	0	3395
1237	0	3552
1237	0	3800
1236	0	3393
1236	0	3533
1236	0	3534
1236	0	3395
1236	0	3552
1236	0	3800
1239	0	3393
1239	0	3417
1239	0	3427
1239	0	3832
1239	0	3901
1238	0	3393
1238	0	3417
1238	0	3427
1238	0	3832
1238	0	3901
1241	0	3393
1241	0	3399
1241	0	3431
1241	0	3432
1241	1	3445
1240	0	3393
1240	0	3399
1240	0	3429
1240	0	3395
1240	0	3430
1240	1	3445
1242	0	3393
1242	0	3399
1242	0	3400
1242	0	3408
1242	0	3410
1242	1	3582
1243	0	3393
1243	0	3399
1243	0	3400
1243	0	3495
1243	0	3404
1243	1	3571
1244	0	3393
1244	0	3410
1244	0	3395
1244	0	3472
1244	1	3902
1247	0	3393
1247	0	3410
1247	0	3427
1247	0	3408
1247	0	3484
1245	0	3393
1245	0	3410
1245	0	3427
1245	0	3408
1245	1	3903
1246	0	3393
1246	0	3410
1246	0	3427
1246	0	3408
1246	0	3484
1248	0	3393
1248	0	3410
1248	0	3427
1248	0	3408
1248	0	3484
1249	0	3393
1249	0	3420
1249	0	3424
1249	0	3425
1250	0	3393
1250	0	3399
1250	0	3416
1250	0	3507
1250	0	3521
1250	1	3634
1251	0	3393
1251	0	3399
1251	0	3429
1251	0	3395
1251	0	3430
1251	0	3410
1251	0	3427
1251	1	3904
1252	0	3393
1252	0	3417
1252	0	3411
1252	0	3412
1252	1	3407
1253	0	3393
1253	0	3399
1253	0	3431
1253	0	3451
1253	1	3905
1254	0	3393
1254	0	3399
1254	0	3434
1254	0	3447
1254	0	3499
1255	0	3393
1255	0	3399
1255	0	3400
1255	0	3402
1256	0	3393
1256	0	3399
1256	0	3429
1256	0	3395
1256	0	3525
1256	0	3410
1256	0	3476
1256	1	3906
1257	0	3393
1257	0	3399
1257	0	3416
1257	0	3395
1257	0	3410
1257	0	3427
1257	0	3833
1257	1	3526
1258	0	3393
1258	0	3399
1258	0	3400
1258	0	3495
1258	1	3695
1260	0	3393
1260	0	3410
1260	0	3427
1260	0	3529
1260	0	3547
1260	1	3907
1259	0	3393
1259	0	3410
1259	0	3504
1259	0	3505
1259	0	3592
1261	0	3393
1261	0	3410
1261	0	3395
1261	0	3396
1261	0	3454
1262	0	3393
1262	0	3417
1262	1	3908
1263	0	3393
1263	0	3399
1263	0	3400
1263	0	3402
1263	0	3404
1263	0	3394
1264	0	3393
1264	0	3399
1264	0	3416
1264	0	3507
1264	0	3744
1264	1	3909
1265	0	3393
1265	0	3410
1265	0	3395
1265	0	3396
1265	0	3475
1266	0	3393
1266	0	3399
1266	0	3434
1266	0	3447
1266	0	3499
1266	1	3763
1267	0	3393
1267	0	3399
1267	0	3434
1267	0	3447
1267	0	3448
1267	1	3910
1268	0	3393
1268	0	3399
1268	0	3400
1268	0	3495
1269	0	3393
1269	0	3399
1269	0	3434
1269	0	3447
1269	0	3597
1269	1	3911
1270	0	3393
1270	0	3399
1270	0	3416
1270	0	3507
1270	0	3521
1270	1	3669
1271	0	3393
1271	0	3399
1271	0	3416
1271	0	3395
1271	0	3410
1271	0	3427
1271	0	3670
1272	0	3393
1272	0	3399
1272	0	3400
1272	0	3495
1272	1	3734
1273	0	3393
1273	0	3410
1273	0	3395
1273	0	3396
1273	0	3471
1274	0	3393
1274	0	3410
1274	0	3427
1274	0	3485
1274	0	3486
1275	0	3393
1275	0	3410
1275	0	3395
1275	0	3396
1275	0	3624
1276	0	3393
1276	0	3399
1276	0	3400
1276	0	3495
1276	0	3404
1276	1	3607
1277	0	3393
1277	0	3417
1277	0	3427
1277	0	3529
1277	0	3547
1277	1	3571
1278	0	3393
1278	0	3417
1278	0	3411
1278	0	3412
1279	0	3393
1279	0	3399
1279	0	3434
1279	0	3447
1279	0	3499
1280	0	3393
1280	0	3399
1280	0	3400
1280	0	3402
1280	0	3404
1280	0	3394
1280	1	3561
1281	0	3393
1281	0	3399
1281	0	3400
1281	0	3495
1281	1	3561
1282	0	3393
1282	0	3399
1282	0	3400
1282	0	3408
1282	1	3561
1283	0	3393
1283	0	3399
1283	0	3400
1283	0	3408
1283	0	3410
1283	1	3561
1284	0	3393
1284	0	3399
1284	0	3400
1284	0	3408
1284	1	3561
1285	0	3393
1285	0	3399
1285	0	3400
1285	0	3408
1285	1	3912
1286	0	3393
1286	0	3399
1286	0	3400
1286	0	3495
1286	1	3654
1287	0	3393
1287	0	3399
1287	0	3400
1287	0	3495
1287	1	3561
1288	0	3393
1288	0	3410
1288	0	3395
1288	0	3461
1288	0	3470
1289	0	3393
1289	0	3410
1289	0	3395
1289	0	3461
1289	0	3470
1290	0	3393
1290	0	3399
1290	0	3416
1290	0	3395
1290	0	3410
1290	0	3427
1290	0	3913
1291	0	3393
1291	0	3410
1291	0	3411
1291	0	3412
1291	1	3914
1292	0	3393
1292	0	3399
1292	0	3400
1292	0	3495
1292	1	3822
1293	0	3393
1293	0	3410
1293	0	3395
1293	0	3480
1293	0	3481
1295	0	3393
1295	0	3410
1295	0	3395
1295	0	3396
1295	0	3475
1294	0	3393
1294	0	3410
1294	0	3395
1294	0	3396
1294	0	3475
1296	0	3393
1296	0	3410
1296	0	3427
1296	0	3529
1296	0	3547
1296	0	3393
1296	0	3417
1296	0	3427
1296	0	3529
1296	0	3547
1296	0	3617
1296	0	3395
1296	0	3410
1296	0	3427
1296	0	3547
1297	0	3393
1297	0	3399
1297	0	3416
1297	0	3507
1297	0	3744
1297	1	3915
1298	0	3393
1298	0	3399
1298	0	3429
1298	0	3395
1298	0	3525
1298	0	3410
1298	0	3792
1298	1	3468
1299	0	3393
1299	0	3399
1299	0	3416
1299	0	3507
1299	0	3744
1299	1	3909
1300	0	3393
1300	0	3417
1301	0	3393
1301	0	3399
1301	0	3641
1301	0	3417
1301	0	3427
1301	1	3829
1302	0	3393
1302	0	3417
1302	0	3395
1302	0	3442
1302	0	3456
1302	0	3916
1302	0	3917
1303	0	3393
1303	0	3417
1303	0	3395
1303	0	3396
1303	0	3471
1304	0	3393
1304	0	3417
1304	0	3395
1304	0	3396
1304	0	3471
1305	0	3393
1305	0	3399
1305	0	3434
1305	0	3447
1305	0	3499
1305	1	3537
1306	0	3393
1306	0	3533
1306	0	3556
1306	1	3706
1307	0	3393
1307	0	3399
1307	0	3416
1307	0	3507
1307	0	3543
1307	1	3759
1308	0	3393
1308	0	3417
1308	0	3395
1308	0	3477
1308	0	3788
1309	0	3393
1309	0	3417
1309	0	3395
1309	0	3442
1309	0	3456
1309	0	3427
1309	0	3676
1309	1	3918
1310	0	3393
1310	0	3410
1310	0	3427
1310	0	3832
1310	0	3833
1311	0	3393
1311	0	3417
1311	0	3439
1311	0	3396
1311	0	3471
1312	0	3393
1312	0	3399
1312	0	3400
1312	1	3822
1313	0	3393
1313	0	3417
1313	0	3629
1313	0	3712
1313	1	3919
1314	0	3393
1314	0	3417
1314	0	3629
1314	0	3712
1314	1	3919
1315	0	3393
1315	0	3399
1315	0	3400
1315	0	3402
1315	1	3822
1316	0	3393
1316	0	3420
1316	0	3421
1317	0	3393
1317	0	3417
1317	0	3439
1317	0	3920
1318	0	3393
1318	0	3420
1318	0	3421
1318	0	3422
1318	1	3745
1319	0	3393
1319	0	3399
1319	0	3434
1319	0	3447
1319	0	3597
1319	1	3921
1320	0	3393
1320	0	3399
1320	0	3416
1320	0	3507
1320	0	3633
1321	0	3393
1321	0	3399
1321	0	3416
1321	0	3395
1321	1	3611
1322	0	3393
1322	0	3417
1322	0	3395
1322	0	3477
1322	0	3491
1323	0	3393
1323	0	3399
1323	0	3431
1323	0	3514
1324	0	3393
1324	0	3399
1324	0	3400
1324	0	3645
1324	1	3571
1325	0	3393
1325	0	3399
1325	0	3416
1325	0	3395
1325	1	3922
1326	0	3393
1326	0	3399
1326	0	3416
1326	0	3395
1326	1	3923
1327	0	3393
1327	0	3399
1327	0	3416
1327	0	3395
1327	0	3410
1327	0	3427
1327	0	3913
1327	1	3922
1328	0	3393
1328	0	3399
1328	0	3400
1328	0	3402
1328	0	3404
1328	0	3394
1328	1	3822
1329	0	3393
1329	0	3399
1329	0	3434
1329	0	3447
1329	0	3597
1329	1	3717
1330	0	3393
1330	0	3399
1330	0	3708
1330	0	3482
1331	0	3393
1331	0	3399
1331	0	3434
1331	0	3447
1331	0	3499
1331	1	3924
1332	0	3393
1332	0	3394
1332	1	3601
1333	0	3393
1333	0	3399
1333	0	3400
1333	0	3495
1334	0	3393
1334	0	3399
1334	0	3400
1334	0	3402
1334	0	3404
1334	0	3394
1334	1	3398
1335	0	3393
1335	0	3399
1335	0	3400
1335	0	3402
1335	0	3404
1335	0	3394
1335	1	3398
1336	0	3393
1336	0	3399
1336	0	3400
1336	0	3402
1336	0	3404
1336	0	3394
1336	1	3886
1339	0	3393
1339	0	3420
1339	0	3424
1339	0	3705
1338	0	3393
1338	0	3420
1338	0	3424
1338	0	3705
1337	0	3393
1337	0	3420
1337	0	3424
1337	0	3705
1337	1	3925
1340	0	3393
1340	0	3420
1340	1	3925
1341	0	3393
1341	0	3420
1341	0	3458
1341	0	3882
1341	1	3926
1343	0	3393
1343	0	3410
1343	0	3504
1343	0	3505
1343	0	3618
1342	0	3393
1342	0	3410
1342	0	3395
1342	0	3396
1342	0	3624
1345	0	3393
1345	0	3420
1345	0	3421
1345	0	3422
1345	1	3423
1344	0	3393
1344	0	3420
1344	0	3421
1344	0	3422
1346	0	3393
1346	0	3399
1346	0	3434
1346	0	3447
1346	0	3499
1346	1	3528
1348	0	3393
1348	0	3410
1348	0	3395
1348	0	3396
1348	0	3440
1347	0	3393
1347	0	3410
1347	0	3395
1347	0	3396
1347	0	3440
1349	0	3393
1349	0	3410
1349	0	3395
1349	0	3396
1349	0	3440
1350	0	3393
1350	0	3399
1350	0	3434
1350	0	3447
1350	0	3597
1350	1	3717
1351	0	3393
1351	0	3399
1351	0	3400
1351	0	3408
1351	0	3404
1351	1	3654
1352	0	3393
1352	0	3410
1352	0	3494
1352	0	3393
1352	0	3410
1352	0	3395
1352	0	3461
1352	0	3628
1353	0	3393
1353	0	3399
1353	0	3400
1353	0	3402
1353	0	3404
1353	0	3394
1353	1	3582
1354	0	3393
1354	0	3399
1354	0	3431
1357	0	3393
1357	0	3399
1357	0	3434
1357	0	3447
1357	0	3597
1355	0	3393
1355	0	3399
1355	0	3434
1355	0	3447
1355	0	3597
1355	1	3927
1358	0	3393
1358	0	3399
1358	0	3434
1358	0	3447
1358	0	3597
1358	1	3928
1362	0	3393
1362	0	3399
1362	0	3434
1362	0	3447
1362	0	3597
1362	1	3928
1366	0	3393
1366	0	3399
1366	0	3434
1366	0	3447
1366	0	3499
1366	1	3929
1360	0	3393
1360	0	3399
1360	0	3434
1360	0	3447
1360	0	3597
1360	1	3930
1368	0	3393
1368	0	3399
1368	0	3434
1368	0	3447
1368	0	3597
1368	1	3698
1369	0	3393
1369	0	3399
1369	0	3434
1369	0	3447
1369	0	3499
1369	1	3931
1364	0	3393
1364	0	3399
1364	0	3434
1364	0	3447
1364	0	3499
1364	1	3883
1356	0	3393
1356	0	3399
1356	0	3434
1356	0	3447
1356	0	3597
1356	1	3930
1365	0	3393
1365	0	3399
1365	0	3434
1365	0	3447
1365	0	3597
1365	1	3851
1359	0	3393
1359	0	3399
1359	0	3434
1359	0	3447
1359	1	3932
1363	0	3393
1363	0	3399
1363	0	3434
1363	0	3447
1363	1	3928
1361	0	3393
1361	0	3399
1361	0	3434
1361	0	3447
1361	0	3597
1361	1	3933
1367	0	3393
1367	0	3399
1367	0	3434
1367	0	3447
1367	0	3597
1367	1	3934
1370	0	3393
1370	0	3410
1370	0	3395
1371	0	3393
1371	0	3399
1371	0	3434
1371	0	3447
1371	0	3499
1371	1	3763
1372	0	3393
1372	0	3399
1372	0	3434
1372	1	3924
1373	0	3393
1373	0	3399
1373	0	3400
1373	0	3402
1373	0	3404
1373	0	3394
1374	0	3393
1374	0	3410
1374	0	3427
1374	0	3668
1374	1	3736
1375	0	3393
1375	0	3420
1375	0	3421
1375	0	3422
1376	0	3393
1376	0	3399
1376	0	3400
1376	0	3402
1376	0	3404
1376	0	3405
1376	1	3601
1377	0	3393
1377	0	3417
1377	1	3935
1378	0	3393
1378	0	3399
1378	0	3400
1378	0	3495
1378	1	3822
1379	0	3393
1379	0	3420
1379	0	3421
1379	0	3422
1380	0	3393
1380	0	3420
1380	0	3540
1380	1	3936
1381	0	3393
1381	0	3417
1381	0	3439
1381	0	3552
1381	0	3553
1382	0	3393
1382	0	3410
1382	0	3427
1382	0	3832
1382	0	3937
1383	0	3393
1383	0	3399
1383	0	3416
1383	0	3395
1383	0	3417
1383	0	3938
1384	0	3393
1384	0	3417
1384	0	3427
1384	0	3529
1384	0	3530
1385	0	3393
1385	0	3410
1385	0	3395
1385	0	3396
1385	0	3939
1386	0	3393
1386	0	3399
1386	0	3400
1386	0	3495
1386	1	3646
1387	0	3393
1387	0	3410
1387	0	3395
1387	0	3552
1387	0	3553
1388	0	3393
1388	0	3399
1388	0	3429
1388	0	3504
1388	0	3410
1388	0	3686
1389	0	3393
1389	0	3410
1389	0	3395
1389	0	3480
1389	0	3482
1390	0	3393
1390	0	3420
1390	0	3540
1391	0	3393
1391	0	3399
1391	0	3416
1391	1	3571
1392	0	3393
1392	0	3420
1392	0	3540
1392	1	3940
1393	0	3393
1393	0	3420
1393	0	3540
1394	0	3393
1394	0	3399
1394	0	3429
1394	0	3395
1394	0	3430
1395	0	3393
1395	0	3420
1395	0	3421
1395	0	3422
1396	0	3393
1396	0	3410
1396	0	3427
1396	0	3529
1396	0	3547
1396	1	3631
1397	0	3393
1397	0	3399
1397	0	3400
1397	1	3941
1398	0	3393
1398	0	3399
1398	0	3416
1398	0	3507
1398	0	3543
1399	0	3393
1399	0	3399
1399	0	3416
1399	0	3395
1399	0	3417
1399	0	3427
1399	0	3720
1399	1	3653
1400	0	3393
1400	0	3399
1400	0	3434
1400	0	3447
1400	0	3499
1400	1	3942
1401	0	3393
1401	0	3399
1401	0	3416
1401	0	3507
1401	0	3744
1402	0	3393
1402	0	3399
1402	0	3400
1402	0	3402
1402	0	3404
1402	0	3405
1402	1	3406
1403	0	3393
1403	0	3399
1403	0	3434
1403	0	3447
1403	0	3499
1404	0	3393
1404	0	3399
1404	0	3400
1404	0	3402
1404	0	3404
1404	0	3394
1404	1	3403
1405	0	3393
1405	0	3399
1405	0	3400
1405	0	3495
1405	0	3404
1405	1	3653
1406	0	3393
1406	0	3420
1406	1	3943
1407	0	3393
1407	0	3399
1407	0	3434
1407	0	3447
1407	0	3597
1407	1	3717
1408	0	3393
1408	0	3399
1408	0	3416
1408	0	3507
1408	0	3543
1408	1	3944
1409	0	3393
1409	0	3410
1409	0	3395
1409	0	3480
1409	0	3524
1410	0	3393
1410	0	3399
1410	0	3400
1410	0	3402
1410	0	3404
1410	0	3394
1410	1	3582
1412	0	3393
1412	0	3399
1412	0	3400
1412	0	3402
1412	0	3404
1412	0	3394
1412	1	3582
1411	0	3393
1411	0	3399
1411	0	3400
1411	0	3495
1411	1	3409
1414	0	3393
1414	0	3399
1414	0	3434
1414	0	3447
1414	0	3448
1413	0	3393
1413	0	3399
1413	0	3400
1413	0	3495
1413	0	3404
1413	1	3734
1415	0	3393
1415	0	3410
1416	0	3393
1416	0	3399
1416	0	3416
1416	0	3507
1416	0	3543
1416	1	3945
1418	0	3393
1418	0	3399
1418	0	3431
1418	0	3600
1419	0	3393
1419	0	3399
1419	0	3431
1419	0	3600
1417	0	3393
1417	0	3399
1417	0	3431
1417	0	3600
1420	0	3393
1420	0	3399
1420	0	3431
1420	0	3432
1420	1	3946
1421	0	3393
1421	0	3399
1421	0	3400
1421	0	3402
1421	0	3404
1421	0	3405
1421	1	3681
1422	0	3393
1422	0	3417
1422	0	3439
1422	0	3396
1422	0	3446
1423	0	3393
1423	0	3410
1423	0	3427
1423	0	3529
1423	0	3547
1424	0	3393
1424	0	3420
1424	0	3421
1424	0	3422
1425	0	3393
1425	0	3399
1425	0	3400
1425	0	3408
1425	1	3646
1426	0	3393
1426	0	3399
1426	0	3416
1426	0	3395
1426	1	3947
1427	0	3393
1427	0	3399
1427	0	3400
1427	0	3408
1427	0	3410
1427	1	3948
1428	0	3393
1428	0	3399
1428	0	3400
1428	0	3495
1428	0	3404
1428	1	3949
1429	0	3393
1429	0	3399
1429	0	3400
1429	1	3646
1430	0	3393
1430	0	3399
1430	0	3400
1430	0	3402
1430	0	3404
1430	0	3394
1430	1	3646
1431	0	3393
1431	0	3399
1431	0	3400
1431	0	3402
1431	0	3404
1431	0	3394
1431	1	3587
1432	0	3393
1432	0	3399
1432	0	3434
1432	0	3447
1432	0	3499
1432	1	3950
1433	0	3393
1433	0	3399
1433	0	3641
1433	0	3417
1433	0	3402
1433	1	3646
1434	0	3393
1434	0	3410
1434	0	3507
1434	0	3951
1434	0	3543
1434	1	3952
1435	0	3393
1435	0	3399
1435	0	3416
1435	1	3952
1436	0	3393
1436	0	3417
1436	0	3395
1436	0	3469
1437	0	3393
1437	0	3399
1437	0	3400
1437	0	3408
1437	0	3404
1437	1	3953
1438	0	3393
1438	0	3420
1438	0	3424
1438	0	3889
1438	1	3954
1439	0	3393
1439	0	3420
1439	0	3424
1439	0	3889
1440	0	3393
1440	0	3410
1440	0	3411
1440	0	3412
1440	1	3498
1441	0	3393
1441	0	3417
1441	0	3507
1441	0	3951
1441	0	3521
1441	0	3955
1441	1	3952
1442	0	3393
1442	0	3399
1442	0	3431
1442	0	3452
1442	1	3848
1443	0	3393
1443	0	3399
1443	0	3416
1443	0	3507
1443	0	3521
1444	0	3393
1444	0	3399
1444	0	3400
1444	0	3495
1444	0	3404
1445	0	3393
1445	0	3410
1445	0	3427
1445	0	3529
1445	0	3547
1445	1	3956
1446	0	3393
1446	0	3399
1446	0	3416
1447	0	3393
1447	0	3399
1447	0	3400
1447	0	3495
1447	1	3752
1448	0	3393
1448	0	3399
1448	0	3400
1448	0	3495
1448	0	3404
1448	1	3752
1449	0	3393
1449	0	3410
1449	0	3395
1449	0	3472
1450	0	3393
1450	0	3399
1450	0	3400
1450	0	3408
1450	1	3868
1451	0	3393
1451	0	3417
1451	0	3427
1451	0	3832
1451	0	3833
1451	1	3957
1452	0	3393
1452	0	3417
1452	0	3439
1452	0	3552
1452	0	3553
1453	0	3393
1453	0	3410
1453	0	3395
1453	0	3396
1453	0	3475
1454	0	3393
1454	0	3417
1454	0	3427
1454	0	3408
1454	0	3484
1455	0	3393
1455	0	3399
1455	0	3416
1455	1	3958
1456	0	3393
1456	0	3399
1456	0	3416
1456	0	3395
1457	0	3393
1457	0	3410
1457	0	3395
1457	0	3792
1457	0	3959
1458	0	3393
1458	0	3399
1458	0	3400
1458	0	3495
1458	0	3410
1458	1	3409
1459	0	3393
1459	0	3405
1459	1	3637
1460	0	3393
1460	0	3399
1460	1	3960
1461	0	3393
1461	0	3410
1461	0	3395
1461	0	3396
1461	0	3475
1462	0	3393
1462	0	3399
1462	0	3416
1462	0	3507
1462	0	3757
1462	1	3961
1463	0	3393
1463	0	3410
1463	0	3395
1463	0	3396
1463	0	3446
1464	0	3393
1464	0	3410
1464	0	3395
1464	0	3396
1464	0	3440
1465	0	3393
1465	0	3410
1465	0	3395
1465	0	3396
1465	0	3440
1466	0	3393
1466	0	3399
1466	0	3400
1466	0	3495
1466	0	3404
1466	1	3508
1467	0	3393
1467	0	3410
1467	0	3395
1467	0	3461
1467	0	3462
1467	0	3847
1468	0	3393
1468	0	3410
1468	0	3395
1468	0	3396
1468	0	3446
1469	0	3393
1469	0	3399
1469	0	3429
1469	0	3395
1469	0	3430
1469	0	3417
1470	0	3393
1470	0	3399
1470	0	3429
1470	0	3395
1470	0	3430
1470	0	3410
1470	0	3427
1470	1	3611
1471	0	3393
1471	0	3420
1471	0	3424
1471	0	3889
1472	0	3393
1472	0	3399
1472	0	3400
1472	0	3408
1472	0	3404
1472	1	3654
1473	0	3393
1473	0	3417
1473	0	3395
1473	0	3442
1473	0	3456
1473	0	3715
1473	0	3716
1473	1	3717
1474	0	3393
1474	0	3417
1474	0	3395
1474	0	3442
1474	0	3456
1474	0	3715
1474	0	3716
1474	1	3717
1475	0	3393
1475	0	3399
1475	0	3416
1475	0	3395
1475	0	3410
1475	0	3480
1475	0	3524
1476	0	3393
1476	0	3410
1476	0	3395
1476	0	3461
1476	0	3962
1476	0	3963
1477	0	3393
1477	0	3410
1477	0	3504
1477	0	3505
1477	0	3518
1478	0	3393
1478	0	3417
1478	0	3504
1478	0	3505
1478	0	3518
1479	0	3393
1479	0	3410
1479	0	3504
1479	0	3649
1480	0	3393
1480	0	3420
1480	0	3458
1480	0	3964
1481	0	3393
1481	0	3410
1481	0	3395
1481	0	3396
1481	0	3475
1482	0	3393
1482	0	3410
1482	0	3395
1482	0	3396
1482	0	3475
1483	0	3393
1483	0	3417
1483	0	3395
1483	0	3567
1483	0	3553
1484	0	3393
1484	0	3410
1484	0	3395
1484	0	3396
1484	0	3446
1484	1	3965
1485	0	3393
1485	0	3399
1485	0	3434
1485	0	3447
1485	0	3597
1485	1	3966
1486	0	3393
1486	0	3420
1486	0	3424
1486	0	3425
1486	1	3967
1487	0	3393
1487	0	3399
1487	0	3416
1487	0	3507
1488	0	3393
1488	0	3399
1488	0	3968
1488	1	3969
1489	0	3393
1489	0	3410
1489	0	3395
1489	0	3396
1490	0	3393
1490	0	3420
1490	0	3421
1490	0	3422
1490	1	3970
1491	0	3393
1491	0	3417
1491	0	3395
1491	0	3469
1492	0	3393
1492	0	3417
1492	0	3629
1492	0	3712
1492	1	3971
1493	0	3393
1493	0	3399
1493	0	3434
1493	0	3447
1493	0	3597
1493	1	3972
1494	0	3393
1494	0	3410
1494	0	3395
1494	0	3792
1494	0	3959
1495	0	3393
1495	0	3399
1495	0	3641
1495	0	3417
1495	0	3402
1495	1	3973
1496	0	3393
1496	0	3410
1496	0	3411
1496	0	3735
1497	0	3393
1497	0	3399
1497	0	3431
1497	0	3452
1498	0	3393
1498	0	3420
1498	0	3519
1498	0	3520
1499	0	3393
1499	0	3399
1499	0	3400
1499	0	3645
1499	0	3410
1499	1	3571
1500	0	3393
1500	0	3410
1500	0	3395
1500	0	3974
1500	0	3975
1501	0	3393
1501	0	3410
1501	0	3395
1501	0	3396
1501	0	3440
1501	1	3965
1502	0	3393
1502	0	3410
1502	0	3395
1502	0	3461
1502	0	3462
1503	0	3393
1503	0	3399
1503	0	3434
1503	0	3447
1503	0	3448
1503	1	3449
1504	0	3393
1504	0	3410
1504	0	3395
1504	0	3461
1504	0	3853
1505	0	3393
1505	0	3399
1505	0	3434
1505	0	3447
1505	0	3499
1505	1	3976
1506	0	3393
1506	0	3417
1506	0	3439
1506	0	3396
1506	0	3511
1507	0	3393
1507	0	3417
1507	0	3439
1507	0	3396
1507	0	3475
1508	0	3393
1508	0	3417
1508	0	3439
1508	0	3396
1508	0	3471
1509	0	3393
1509	0	3417
1509	0	3395
1509	0	3396
1509	0	3475
1510	0	3393
1510	0	3399
1510	0	3400
1510	0	3495
1510	1	3654
1511	0	3393
1511	0	3399
1511	0	3434
1511	0	3447
1511	0	3597
1511	1	3977
1512	0	3393
1512	0	3399
1512	0	3400
1512	0	3495
1512	1	3406
1513	0	3393
1513	0	3399
1513	0	3434
1513	0	3447
1513	0	3499
1513	1	3717
1514	0	3393
1514	0	3410
1514	0	3395
1514	0	3396
1514	0	3475
1515	0	3393
1515	0	3417
1515	0	3439
1515	0	3396
1516	0	3393
1516	0	3417
1516	0	3439
1516	0	3477
1516	0	3491
1517	0	3393
1517	0	3399
1517	0	3416
1517	0	3395
1517	1	3978
1518	0	3393
1518	0	3410
1518	0	3395
1519	0	3393
1519	0	3410
1519	0	3427
1519	0	3832
1519	0	3833
1519	1	3979
1520	0	3393
1520	0	3399
1520	0	3968
1521	0	3393
1521	0	3399
1521	0	3429
1521	0	3395
1521	0	3589
1522	0	3393
1522	0	3399
1522	0	3400
1522	0	3495
1522	0	3404
1523	0	3393
1523	0	3399
1523	0	3400
1523	0	3495
1523	0	3404
1523	1	3407
1524	0	3393
1524	0	3399
1524	0	3400
1524	0	3495
1525	0	3393
1525	0	3410
1525	0	3395
1525	0	3396
1525	0	3857
1526	0	3393
1526	0	3399
1526	0	3431
1526	0	3514
1527	0	3393
1527	0	3410
1527	0	3395
1527	0	3396
1527	0	3440
1528	0	3393
1528	0	3399
1528	0	3400
1528	0	3495
1528	1	3980
1529	0	3393
1529	0	3410
1529	0	3395
1529	0	3396
1529	0	3454
1530	0	3393
1530	0	3417
1530	0	3395
1530	0	3442
1530	0	3456
1530	0	3427
1530	0	3676
1530	1	3981
1531	0	3393
1531	0	3410
1531	0	3427
1531	0	3408
1532	0	3393
1532	0	3417
1532	0	3427
1532	0	3635
1532	0	3982
1533	0	3393
1533	0	3417
1533	0	3395
1533	0	3469
1533	0	3462
1533	0	3463
1534	0	3393
1534	0	3399
1534	0	3400
1534	0	3402
1534	0	3417
1534	1	3692
1535	0	3393
1535	0	3410
1535	0	3427
1535	0	3983
1535	0	3984
1535	1	3985
1536	0	3393
1536	0	3399
1536	0	3400
1536	0	3408
1536	1	3653
1537	0	3393
1537	0	3399
1537	0	3434
1537	0	3447
1537	0	3597
1537	1	3972
1538	0	3393
1538	0	3399
1538	0	3400
1538	0	3402
1538	0	3404
1538	0	3405
1538	1	3986
1539	0	3393
1539	0	3410
1539	0	3427
1539	0	3832
1539	0	3833
1540	0	3393
1540	0	3399
1540	0	3400
1540	0	3402
1540	1	3403
1541	0	3393
1541	0	3399
1541	0	3416
1541	0	3395
1541	0	3410
1541	0	3427
1541	0	3987
1541	1	3988
1542	0	3393
1542	0	3399
1542	0	3400
1542	0	3408
1542	1	3822
1543	0	3393
1543	0	3410
1543	0	3395
1543	0	3396
1543	0	3446
1544	0	3393
1544	0	3410
1544	0	3395
1544	0	3396
1544	0	3446
1545	0	3393
1545	0	3399
1545	0	3434
1545	0	3435
1546	0	3393
1546	0	3399
1546	0	3400
1546	0	3408
1546	1	3571
1547	0	3393
1547	0	3410
1547	0	3427
1547	0	3529
1547	0	3699
1548	0	3393
1548	0	3410
1548	0	3395
1548	0	3396
1548	0	3440
1549	0	3393
1549	0	3399
1549	0	3416
1549	0	3395
1549	0	3410
1549	0	3480
1549	0	3482
1550	0	3393
1550	0	3399
1550	0	3416
1550	0	3395
1550	0	3417
1550	0	3565
1550	0	3472
1551	0	3393
1551	0	3410
1551	0	3427
1551	0	3408
1551	0	3484
1553	0	3393
1553	0	3410
1553	0	3395
1553	0	3461
1553	0	3470
1552	0	3393
1552	0	3399
1552	0	3431
1552	0	3600
1552	1	3989
1554	0	3393
1554	0	3399
1554	0	3416
1554	0	3507
1554	0	3543
1554	1	3571
1555	0	3393
1555	0	3410
1555	0	3395
1555	0	3396
1555	0	3446
1556	0	3393
1556	0	3399
1556	0	3429
1556	0	3395
1556	0	3430
1556	1	3445
1557	0	3393
1557	0	3410
1557	0	3427
1557	0	3832
1557	0	3833
1557	1	3812
1558	0	3393
1558	0	3420
1559	0	3393
1559	0	3420
1559	0	3421
1559	0	3422
1559	1	3423
1560	0	3393
1560	0	3417
1560	0	3395
1560	0	3469
1561	0	3393
1561	0	3417
1561	0	3427
1561	0	3529
1561	0	3547
1561	1	3548
1562	0	3393
1562	0	3399
1562	0	3416
1562	0	3507
1562	0	3543
1562	1	3945
1563	0	3393
1563	0	3399
1563	0	3416
1563	0	3507
1563	0	3633
1563	1	3990
1564	0	3393
1564	0	3417
1564	0	3439
1565	0	3393
1565	0	3399
1565	0	3429
1565	0	3395
1565	0	3430
1565	0	3410
1565	0	3427
1565	1	3991
1566	0	3393
1566	0	3399
1566	0	3429
1566	0	3395
1566	0	3430
1566	0	3410
1566	0	3427
1566	1	3991
1567	0	3393
1567	0	3399
1567	0	3400
1567	0	3495
1567	0	3404
1567	1	3695
1568	0	3393
1568	0	3410
1568	0	3395
1568	0	3396
1569	0	3393
1569	0	3410
1569	0	3395
1569	0	3396
1569	0	3440
1569	1	3965
1570	0	3393
1570	0	3394
1570	0	3395
1570	0	3396
1570	0	3440
1571	0	3393
1571	0	3399
1571	0	3400
1571	0	3402
1572	0	3393
1572	0	3399
1572	0	3400
1572	0	3495
1572	0	3404
1573	0	3393
1573	0	3399
1573	0	3400
1573	0	3408
1573	1	3571
1574	0	3393
1574	0	3410
1574	0	3427
1574	0	3529
1574	0	3547
1574	1	3548
1575	0	3393
1575	0	3417
1575	0	3427
1575	0	3529
1575	0	3547
1575	1	3548
1576	0	3393
1576	0	3410
1576	0	3427
1576	0	3529
1576	0	3699
1576	1	3548
1577	0	3393
1577	0	3410
1577	0	3427
1577	0	3529
1577	0	3547
1577	1	3548
1578	0	3393
1578	0	3399
1578	0	3400
1578	0	3495
1578	0	3404
1578	1	3407
1579	0	3393
1579	0	3420
1579	0	3421
1579	0	3422
1580	0	3393
1580	0	3410
1580	0	3395
1580	0	3396
1580	0	3624
1581	0	3393
1581	0	3410
1581	0	3427
1581	0	3720
1581	0	3636
1582	0	3393
1582	0	3420
1582	0	3424
1582	0	3889
1582	1	3992
1583	0	3393
1583	0	3417
1583	0	3439
1583	0	3396
1583	0	3475
1584	0	3393
1584	0	3410
1584	0	3395
1584	0	3396
1584	0	3475
1585	0	3393
1585	0	3417
1585	0	3395
1585	0	3442
1585	1	3993
1586	0	3393
1586	0	3410
1586	0	3427
1586	0	3529
1586	0	3547
1586	1	3820
1587	0	3393
1587	0	3399
1587	0	3400
1587	0	3645
1587	1	3822
1588	0	3393
1588	0	3410
1588	0	3395
1588	0	3396
1588	0	3475
1589	0	3393
1589	0	3417
1589	0	3439
1589	0	3565
1589	0	3994
1589	1	3995
1591	0	3393
1591	0	3410
1591	0	3395
1591	0	3552
1591	0	3553
1590	0	3393
1590	0	3410
1590	0	3395
1590	0	3552
1590	0	3553
1592	0	3393
1592	0	3399
1592	0	3416
1592	0	3395
1592	0	3410
1592	0	3427
1592	0	3984
1592	1	3996
1593	0	3393
1593	0	3399
1593	0	3434
1593	0	3447
1593	0	3499
1593	1	3865
1594	0	3393
1594	0	3399
1594	0	3431
1594	0	3514
1594	1	3997
1595	0	3393
1595	0	3420
1595	1	3998
1596	0	3393
1596	0	3410
1596	0	3427
1596	0	3485
1596	0	3486
1597	0	3393
1597	0	3420
1597	0	3580
1597	1	3999
1600	0	3393
1600	0	3410
1600	0	3395
1600	0	3396
1600	0	3475
1598	0	3393
1598	0	3410
1598	0	3395
1598	0	3396
1598	0	3446
1599	0	3393
1599	0	3410
1599	0	3395
1599	0	3396
1599	0	3454
1603	0	3393
1603	0	3417
1603	0	3395
1603	0	3396
1603	0	3857
1604	0	3393
1604	0	3417
1604	0	3439
1604	0	3396
1604	0	3475
1607	0	3393
1607	0	3417
1607	0	3395
1607	0	3396
1607	0	3475
1601	0	3393
1601	0	3417
1601	0	3395
1601	0	3396
1601	0	3475
1605	0	3393
1605	0	3410
1605	0	3395
1605	0	3396
1605	0	3471
1606	0	3393
1606	0	3417
1606	0	3395
1606	0	3396
1606	0	3475
1609	0	3393
1609	0	3417
1609	0	3395
1609	0	3442
1608	0	3393
1608	0	3417
1608	0	3395
1608	0	3396
1608	0	3471
1611	0	3393
1611	0	3417
1611	0	3395
1611	0	3442
1611	0	3456
1611	0	3916
1612	0	3393
1612	0	3417
1612	0	3395
1612	0	3442
1612	0	3456
1612	0	3916
1612	0	4000
1602	0	3393
1602	0	3417
1602	0	3439
1602	0	3396
1602	0	3475
1610	0	3393
1610	0	3417
1610	0	3395
1610	0	3396
1610	0	3475
1613	0	3393
1613	0	3399
1613	0	3416
1613	0	3507
1613	0	3543
1614	0	3393
1614	0	3399
1614	0	3434
1614	0	3435
1614	1	3453
1615	0	3393
1615	0	3399
1615	0	3400
1615	0	3645
1615	0	3417
1616	0	3393
1616	0	3399
1616	0	3434
1616	0	3447
1616	0	3499
1617	0	3393
1617	0	3399
1617	0	3416
1617	0	3395
1617	0	3410
1617	0	3480
1617	0	3482
1618	0	3393
1618	0	3399
1618	0	3416
1618	0	3507
1618	0	3543
1618	1	3958
1619	0	3393
1619	0	3399
1619	0	3416
1619	0	3507
1619	0	3543
1620	0	3393
1620	0	3399
1620	0	3434
1620	1	3453
1621	0	3393
1621	0	3399
1621	0	3434
1621	0	3435
1621	1	3453
1622	0	3393
1622	0	3399
1622	0	3400
1622	0	3408
1622	1	4001
1623	0	3393
1623	0	3410
1623	0	3395
1623	0	3396
1623	0	3446
1624	0	3393
1624	0	3410
1624	0	3395
1624	0	3396
1624	0	3440
1624	1	4002
1625	0	3393
1625	0	3410
1625	0	3395
1625	0	3396
1625	0	3440
1625	1	4002
1626	0	3393
1626	0	3410
1626	0	3395
1626	0	3396
1626	0	3475
1627	0	3393
1627	0	3399
1627	0	3400
1627	0	3645
1627	0	3404
1627	1	3607
1628	0	3393
1628	0	3399
1628	0	3400
1628	1	3654
1629	0	3393
1629	0	3399
1629	0	3416
1629	0	3507
1629	0	3543
1629	1	3945
1630	0	3393
1630	0	3410
1630	0	3427
1630	0	3408
1630	0	3484
1630	1	3655
1632	0	3393
1632	0	3399
1632	0	3429
1632	0	3395
1632	0	3430
1631	0	3393
1631	0	3399
1631	0	3429
1631	0	3395
1631	0	3430
1631	0	3410
1631	0	3490
1633	0	3393
1633	0	3399
1633	0	3429
1633	0	3395
1633	0	3430
1633	0	3417
1634	0	3393
1634	0	3420
1634	0	3421
1634	0	3422
1635	0	3393
1635	0	3399
1635	0	3416
1635	0	3395
1635	1	3571
1636	0	3393
1636	0	3399
1636	0	3416
1636	0	3507
1636	0	3543
1636	1	3881
1640	0	3393
1640	0	3399
1640	0	3416
1640	0	3507
1640	0	3543
1638	0	3393
1638	0	3399
1638	0	3416
1638	0	3507
1638	0	3543
1639	0	3393
1639	0	3399
1639	0	3416
1639	0	3507
1639	0	3543
1637	0	3393
1637	0	3399
1637	0	3416
1637	0	3507
1637	0	3543
1637	1	3881
1641	0	3393
1641	0	3410
1641	0	3395
1641	0	3396
1641	0	3624
1642	0	3393
1642	0	3399
1642	0	3400
1642	0	3645
1642	1	4003
1643	0	3393
1643	0	3410
1643	0	3427
1643	0	3408
1643	0	3577
1643	1	4004
1644	0	3393
1644	0	3399
1644	0	3400
1644	0	3504
1644	0	3404
1644	1	4005
1645	0	3393
1645	0	3399
1645	0	3400
1645	0	3495
1645	0	3404
1645	1	3561
1647	0	3393
1647	0	3410
1647	0	3395
1647	0	3480
1647	0	3481
1646	0	3393
1646	0	3410
1646	0	3395
1646	0	3480
1646	0	3481
1649	0	3393
1649	0	3399
1649	0	3429
1649	0	3395
1649	0	3430
1649	0	3410
1649	0	3490
1648	0	3393
1648	0	3399
1648	0	3429
1648	0	3395
1648	0	3430
1648	0	3410
1648	0	3476
1650	0	3393
1650	0	3410
1650	0	3427
1650	0	3720
1650	0	3636
1651	0	3393
1651	0	3420
1651	0	3424
1651	0	3705
1651	1	3925
1652	0	3393
1652	0	3417
1652	0	3395
1652	0	3469
1652	0	3962
1652	0	4006
1653	0	3393
1653	0	3410
1653	0	3427
1653	0	3408
1653	0	3484
1653	1	4007
1654	0	3393
1654	0	3399
1654	0	3416
1654	0	3395
1654	0	3417
1654	0	3427
1654	0	3833
1654	1	4008
1655	0	3393
1655	0	4009
1655	1	4010
1656	0	3393
1656	0	3410
1656	0	3427
1656	0	3529
1656	0	3530
1656	1	3531
1657	0	3393
1657	0	3410
1657	0	3427
1657	0	3529
1657	0	3530
1658	0	3393
1658	0	3410
1658	0	3427
1658	0	3529
1658	0	3530
1659	0	3393
1659	0	3417
1659	0	3629
1659	0	3878
1659	1	4011
1660	0	3393
1660	0	3399
1660	0	3400
1660	0	3645
1660	0	3410
1660	1	4012
1661	0	3393
1661	0	3417
1661	0	3395
1661	0	3396
1661	0	3440
1662	0	3393
1662	0	3420
1662	0	3519
1662	0	4013
1663	0	3393
1663	0	3399
1663	0	3400
1663	0	3408
1663	0	3404
1663	1	3646
1664	0	3393
1664	0	3399
1664	0	3400
1664	0	3408
1664	1	3646
1665	0	3393
1665	0	3420
1665	0	3540
1666	0	3393
1666	0	3399
1666	0	3431
1666	1	4014
1667	0	3393
1667	0	3410
1667	0	3395
1667	0	3396
1667	0	3426
1670	0	3613
1670	0	3614
1670	0	3615
1670	0	3627
1670	0	3393
1670	0	3410
1670	0	3395
1670	0	3461
1670	0	3647
1669	0	3613
1669	0	3614
1669	0	3615
1669	0	4015
1669	0	3393
1669	0	3410
1669	0	3427
1669	0	3485
1669	0	3486
1668	0	3613
1668	0	3614
1668	0	3615
1668	0	4015
1668	0	3393
1668	0	3410
1668	0	3427
1668	0	3485
1668	0	3486
1671	0	3613
1671	0	3614
1671	0	3615
1671	0	4015
1671	0	3393
1671	0	3410
1671	0	3427
1671	0	3485
1671	0	3486
1671	0	3617
1671	0	4016
1671	0	4017
1671	0	3395
1671	0	3417
1671	0	4015
1672	0	3393
1672	0	3410
1672	0	3427
1672	0	3832
1672	0	3833
1673	0	3393
1673	0	3410
1673	0	3479
1673	0	3395
1673	0	3552
1673	0	3553
1674	0	3393
1674	0	3399
1674	0	3416
1674	0	3507
1674	0	3521
1674	1	4018
1675	0	3393
1675	0	3399
1675	0	3400
1675	0	3495
1675	1	3532
1676	0	3393
1676	0	3399
1676	0	3400
1676	0	3495
1676	1	3532
1678	0	3393
1678	0	3420
1678	0	3519
1678	0	3520
1677	0	3393
1677	0	3420
1677	0	3519
1677	0	3520
1677	1	4019
1679	0	3393
1679	0	3420
1679	0	3424
1679	0	3425
1680	0	3393
1680	0	3399
1680	0	3416
1680	0	3507
1680	0	3633
1680	1	3634
1681	0	3393
1681	0	3399
1681	0	3434
1681	0	3447
1681	0	3499
1682	0	3393
1682	0	3399
1682	0	3434
1682	0	3447
1682	0	3499
1682	1	4020
1683	0	3393
1683	0	3410
1683	0	3395
1683	0	3396
1683	0	3475
1684	0	3393
1684	0	3399
1684	0	3434
1684	0	3447
1685	0	3393
1685	0	3410
1686	0	3393
1686	0	3410
1686	0	3395
1686	0	3396
1686	0	3440
1687	0	3393
1687	0	3399
1687	0	3400
1687	0	3495
1687	1	3571
1688	0	3393
1688	0	3410
1688	0	3395
1688	0	3396
1688	0	3454
1690	0	3393
1690	0	3410
1690	0	3395
1690	0	3396
1690	0	3475
1689	0	3393
1689	0	3410
1689	0	3395
1689	0	3396
1689	0	3440
1691	0	3393
1691	0	3410
1691	0	3395
1691	0	3396
1691	0	3454
1692	0	3393
1692	0	3399
1692	0	3416
1692	0	3395
1692	1	4021
1693	0	3393
1693	0	3399
1693	0	3400
1693	0	3402
1693	0	3404
1693	0	3394
1693	1	3646
1694	0	3393
1694	0	3417
1694	0	3395
1694	0	3396
1694	0	3857
1695	0	3393
1695	0	3399
1695	0	3434
1695	0	3447
1695	0	3499
1696	0	3393
1696	0	3399
1696	0	3400
1696	1	4022
1697	0	3393
1697	0	3417
1697	0	3629
1697	0	3712
1699	0	3393
1699	0	3410
1699	0	3395
1699	0	3480
1699	0	3482
1701	0	3393
1701	0	3410
1701	0	3395
1701	0	3396
1701	0	3446
1700	0	3393
1700	0	3410
1700	0	3395
1700	0	3396
1700	0	3454
1704	0	3393
1704	0	3417
1704	0	3439
1704	0	3396
1704	0	3475
1702	0	3393
1702	0	3410
1702	0	3395
1702	0	3396
1698	0	3393
1698	0	3410
1698	0	3395
1698	0	3461
1698	0	3470
1703	0	3393
1703	0	3417
1703	0	3439
1703	0	3396
1703	0	3475
1705	0	3393
1705	0	3417
1705	0	3439
1705	0	3920
1705	0	4023
1706	0	3393
1706	0	3410
1706	0	3395
1706	0	3461
1706	0	3470
1706	1	4024
1707	0	3393
1707	0	3417
1707	0	3395
1707	0	3920
1707	0	3663
1708	0	3393
1708	0	3394
1708	0	3504
1708	0	3737
1708	0	4025
1709	0	3393
1709	0	3417
1709	0	3411
1709	0	3412
1709	1	3450
1710	0	3393
1710	0	3410
1710	0	3479
1710	0	3395
1710	0	3396
1710	0	3475
1711	0	3393
1711	0	3417
1711	0	3395
1711	0	3477
1711	0	3788
1712	0	3393
1712	0	3417
1712	0	3395
1712	0	3396
1712	0	3793
1713	0	3393
1713	0	3417
1713	0	3395
1713	0	3477
1713	0	3788
1714	0	3393
1714	0	3417
1714	0	3395
1714	0	3477
1714	0	3788
1716	0	3393
1716	0	3417
1716	0	3395
1716	0	3442
1716	0	3456
1716	0	3427
1716	0	3676
1716	1	4026
1715	0	3393
1715	0	3417
1715	0	3395
1715	0	3442
1715	0	3456
1715	0	3427
1715	0	3676
1715	1	4027
1717	0	3393
1717	0	3417
1717	0	3439
1717	0	3396
1717	0	3446
1718	0	3393
1718	0	3417
1718	0	3395
1718	0	3396
1718	0	3454
1719	0	3393
1719	0	3399
1719	0	3400
1719	0	3645
1719	0	3404
1720	0	3393
1720	0	3410
1721	0	3393
1721	0	3410
1721	0	3427
1721	0	3832
1721	0	3833
1722	0	3393
1722	0	3399
1722	0	3416
1722	0	3507
1722	0	3543
1723	0	3393
1723	0	3420
1723	0	3421
1724	0	3393
1724	0	3417
1724	0	3439
1724	0	3396
1724	0	3471
1725	0	3393
1725	0	3410
1725	0	3395
1725	0	3476
1725	0	3663
1726	0	3393
1726	0	3410
1726	0	3395
1726	0	3396
1726	0	3446
1727	0	3393
1727	0	3399
1727	0	3431
1727	0	3452
1728	0	3393
1728	0	3399
1728	0	3434
1728	0	3447
1728	0	3499
1729	0	3393
1729	0	3417
1729	0	3395
1729	0	3396
1729	0	3475
1730	0	3393
1730	0	3399
1730	0	3400
1730	0	3408
1730	1	3571
1731	0	3393
1731	0	3417
1731	0	3395
1731	0	3567
1731	0	3553
1732	0	3393
1732	0	3399
1732	0	3416
1732	0	3507
1732	0	3521
1733	0	3393
1733	0	3410
1733	0	3395
1733	0	3396
1733	0	3475
1734	0	3393
1734	0	3417
1734	0	3439
1734	0	3396
1734	0	3475
1735	0	3393
1735	0	3420
1735	0	3540
1736	0	3393
1736	0	3399
1736	0	3434
1736	0	3447
1736	0	3499
1737	0	3393
1737	0	3420
1737	0	3424
1737	0	3705
1738	0	3393
1738	0	3420
1739	0	3393
1739	0	3417
1739	0	3395
1739	0	3469
1739	0	3470
1740	0	3393
1740	0	3417
1740	0	3504
1740	0	3505
1740	0	3518
1741	0	3393
1741	0	3410
1741	0	3395
1741	0	3461
1743	0	3393
1743	0	3410
1743	0	3395
1743	0	3396
1743	0	3475
1742	0	3393
1742	0	3410
1742	0	3395
1742	0	3396
1742	0	3475
1744	0	3393
1744	0	3410
1744	0	3395
1744	0	3396
1744	0	3475
1745	0	3393
1745	0	3417
1745	0	3395
1745	0	3442
1745	0	3456
1745	0	3419
1745	0	3754
1746	0	3393
1746	0	3399
1746	0	3416
1746	0	3507
1746	0	3744
1746	1	4028
1747	0	3393
1747	0	3410
1747	0	3427
1747	0	3529
1747	0	3547
1747	1	3770
1748	0	3393
1748	0	3417
1748	0	3395
1748	0	3442
1748	0	3456
1748	0	3419
1748	0	3754
1749	0	3393
1749	0	3417
1749	0	3395
1749	0	3396
1749	0	3446
1750	0	3393
1750	0	3399
1750	0	3400
1750	0	3408
1751	0	3393
1751	0	3399
1751	0	3773
1751	0	4029
1751	1	4030
1752	0	3393
1752	0	3417
1752	0	3395
1752	0	3442
1753	0	3393
1753	0	3410
1753	0	3395
1753	0	3396
1754	0	3393
1754	0	3410
1754	0	3395
1754	0	3396
1754	0	3475
1755	0	3393
1755	0	3394
1755	0	3427
1755	0	4031
1755	0	3408
1757	0	3393
1757	0	3399
1757	0	3434
1757	0	3447
1757	0	3597
1757	1	4032
1756	0	3393
1756	0	3410
1756	0	3395
1756	0	3396
1756	0	3493
1758	0	3393
1758	0	3410
1758	0	3395
1758	0	3396
1758	0	3493
1759	0	3393
1759	0	3410
1759	0	3494
1759	0	3396
1759	0	3493
1760	0	3393
1760	0	3410
1760	0	3395
1760	0	3461
1761	0	3393
1761	0	3410
1761	0	3395
1761	0	3467
1762	0	3393
1762	0	3420
1762	0	3519
1762	0	3520
1763	0	3393
1763	0	3410
1763	0	3479
1763	0	3395
1763	0	3396
1763	0	3475
1764	0	3393
1764	0	3410
1764	0	3395
1764	0	3396
1764	0	3475
1765	0	3393
1765	0	3399
1765	0	3400
1765	0	3402
1765	0	3404
1765	1	3607
1766	0	3393
1766	0	3399
1766	0	3400
1766	0	3402
1766	0	3404
1766	0	3394
1766	1	3607
1767	0	3393
1767	0	3420
1767	0	3580
1767	1	3997
1768	0	3393
1768	0	3420
1768	0	3580
1768	1	3997
1769	0	3393
1769	0	3410
1769	0	3395
1769	0	3396
1769	0	3454
1770	0	3393
1770	0	3417
1770	0	3439
1770	0	3456
1770	0	3710
1770	0	4033
1770	0	4034
1770	1	4035
1771	0	3393
1771	0	3410
1771	0	3395
1771	0	3396
1771	0	3475
1772	0	3393
1772	0	3410
1772	0	3395
1772	0	3396
1772	0	3440
1773	0	3393
1773	0	3417
1773	0	3395
1773	0	3396
1773	0	3475
1774	0	3393
1774	0	3410
1774	0	3427
1774	0	3529
1774	0	3547
1774	1	4036
1775	0	3393
1775	0	3410
1775	0	3395
1775	0	3396
1775	0	3475
1776	0	3393
1776	0	3410
1776	0	3427
1776	0	3408
1776	0	3484
1776	1	3965
1777	0	3393
1777	0	3410
1777	0	3427
1777	0	3408
1777	0	3484
1778	0	3393
1778	0	3410
1778	0	3427
1778	0	3408
1778	0	3484
1779	0	3393
1779	0	3417
1779	0	3439
1779	0	4037
1780	0	3393
1780	0	3420
1780	0	3421
1780	0	3824
1780	1	4038
1781	0	3393
1781	0	3420
1781	0	3421
1781	0	3824
1781	1	4038
1782	0	3393
1782	0	3410
1782	0	3395
1782	0	3396
1782	0	3493
1783	0	3393
1783	0	3410
1783	0	3504
1783	0	3505
1783	0	3618
1784	0	3393
1784	0	3410
1784	1	3827
1785	0	3393
1785	0	3410
1785	0	3395
1785	0	3396
1785	0	3440
1786	0	3393
1786	0	3420
1786	0	3540
1786	1	3637
1788	0	3393
1788	0	3410
1788	0	3395
1788	0	3480
1788	0	3482
1787	0	3393
1787	0	3417
1787	0	3439
1787	0	3396
1787	0	3397
1789	0	3393
1789	0	3405
1789	0	3411
1789	0	4039
1789	1	3988
1790	0	3393
1790	0	3410
1790	0	3395
1790	0	3396
1790	0	3475
1791	0	3393
1791	0	3410
1791	0	3427
1791	0	3529
1791	0	3699
1792	0	3393
1792	0	3410
1792	0	3395
1792	0	3396
1792	0	3440
1792	1	3770
1793	0	3393
1793	0	3410
1793	0	3427
1793	0	3485
1793	0	3486
1795	0	3393
1795	0	3399
1795	0	3400
1795	0	3408
1795	0	3404
1795	1	3571
1794	0	3393
1794	0	3399
1794	0	3400
1794	0	3402
1794	0	3404
1794	0	3555
1794	0	3556
1794	1	3571
1796	0	3393
1796	0	3410
1796	0	3479
1796	0	3395
1796	0	3396
1796	0	3475
1797	0	3393
1797	0	3410
1797	0	3395
1797	0	3396
1797	0	3475
1798	0	3393
1798	0	3399
1798	0	3416
1798	0	3395
1798	0	3410
1798	0	3480
1798	0	3482
1799	0	3393
1799	0	3399
1799	0	3416
1799	0	3395
1799	0	3410
1799	0	3472
1799	1	4040
1800	0	3393
1800	0	3417
1800	0	3629
1801	0	3393
1801	0	3399
1801	0	3431
1801	0	3888
1802	0	3393
1802	0	3399
1802	0	3400
1802	0	3645
1802	0	3404
1802	1	3606
1803	0	3393
1803	0	3399
1803	0	3431
1803	0	3888
1803	1	4041
1804	0	3393
1804	0	3399
1804	0	3434
1804	0	3447
1804	0	3448
1804	1	3717
1805	0	3393
1805	0	3399
1805	0	3400
1805	0	3495
1805	1	3571
1806	0	3393
1806	0	3399
1806	0	3416
1806	0	3507
1806	0	3521
1809	0	3393
1809	0	3399
1809	0	3708
1809	0	4042
1807	0	3393
1807	0	3417
1807	0	3395
1807	0	3396
1807	0	3475
1810	0	3393
1810	0	3399
1810	0	3400
1810	0	3495
1810	1	3646
1808	0	3393
1808	0	3417
1808	0	3395
1808	0	3469
1808	0	3462
1808	0	3463
1811	0	3393
1811	0	3417
1811	0	3395
1811	0	3396
1811	0	3446
1812	0	3393
1812	0	3399
1812	0	3400
1812	0	3495
1812	1	3646
1813	0	3393
1813	0	3417
1813	0	3395
1813	0	3477
1813	0	3491
1813	1	4043
1814	0	3393
1814	0	3417
1814	0	3395
1814	0	3442
1814	0	3443
1814	0	3490
1815	0	3393
1815	0	3399
1815	0	3434
1815	0	3447
1815	0	3597
1815	1	4044
1817	0	3393
1817	0	3410
1817	0	3395
1817	0	3396
1817	0	3471
1816	0	3393
1816	0	3410
1816	0	3395
1816	0	3396
1816	0	3471
1818	0	3393
1818	0	3399
1818	0	3416
1818	0	3507
1818	0	3521
1818	1	4045
1819	0	3393
1819	0	3399
1819	0	3416
1819	0	3507
1819	0	3521
1819	1	4045
1820	0	3393
1820	0	3420
1820	0	3540
1821	0	3393
1821	0	3399
1821	0	3400
1821	0	3495
1821	1	3406
1822	0	3393
1822	0	3399
1822	0	3434
1822	0	3447
1822	0	3499
1823	0	3393
1823	0	3420
1823	0	3421
1823	0	3422
1824	0	3393
1824	0	3420
1824	0	3421
1824	0	3422
1825	0	3393
1825	0	3417
1825	0	3439
1825	0	3396
1825	0	3793
1826	0	3393
1826	0	3399
1826	0	3434
1826	0	3447
1826	0	3487
1826	1	3488
1827	0	3393
1827	0	3399
1827	0	3429
1827	0	3395
1827	0	3430
1827	0	3410
1827	0	3490
1828	0	3393
1828	0	3399
1828	0	3416
1828	0	3395
1828	0	3417
1828	0	3427
1828	1	4021
1829	0	3393
1829	0	3410
1829	0	3395
1829	0	3476
1829	0	3663
1830	0	3393
1830	0	3420
1830	0	3424
1830	0	3425
1831	0	3393
1831	0	3420
1831	0	3424
1831	0	3425
1832	0	3393
1832	0	3417
1832	0	3439
1832	0	3565
1832	0	3566
1832	1	3805
1833	0	3393
1833	0	3410
1833	0	3395
1833	0	3396
1833	0	3446
1834	0	3393
1834	0	3420
1834	1	3654
1835	0	3393
1835	0	3399
1835	0	3416
1835	1	4046
1836	0	3393
1836	0	3399
1836	0	3429
1836	0	3395
1836	0	3430
1836	0	3410
1836	0	3476
1837	0	3393
1837	0	3399
1837	0	3429
1837	0	3395
1837	0	3430
1837	0	3410
1837	0	3476
1838	0	3393
1838	0	3399
1838	0	3429
1838	0	3504
1838	0	3410
1838	0	3686
1841	0	3393
1841	0	3399
1841	0	3400
1841	1	3403
1839	0	3393
1839	0	3399
1839	0	3400
1839	1	3406
1840	0	3393
1840	0	3399
1840	0	3400
1840	0	3495
1840	0	3404
1840	1	3406
1842	0	3393
1842	0	3399
1842	0	3400
1842	0	3402
1842	0	3404
1842	0	3555
1842	0	3556
1842	1	3403
1843	0	3393
1843	0	3410
1843	0	3411
1843	0	3412
1843	1	4047
1844	0	3393
1844	0	3420
1844	0	3421
1844	0	3422
1845	0	3393
1845	0	3420
1845	0	3540
1846	0	3393
1846	0	3417
1846	0	3395
1846	0	3396
1846	0	3440
1846	1	3770
1847	0	3393
1847	0	3417
1847	0	3439
1847	0	3396
1847	0	3475
1848	0	3393
1848	0	4048
1848	0	4049
1851	0	3393
1851	0	3417
1851	0	3439
1851	0	3396
1851	0	3440
1851	1	4050
1852	0	3393
1852	0	3417
1852	0	3439
1852	0	3396
1852	0	3440
1849	0	3393
1849	0	3410
1849	0	3395
1849	0	3396
1849	0	3440
1850	0	3393
1850	0	3405
1850	0	3395
1850	0	3472
1853	0	3393
1853	0	3410
1853	0	3411
1853	0	3412
1853	1	3450
1855	0	3393
1855	0	3399
1855	0	3429
1855	0	3395
1855	0	3430
1855	0	3410
1855	0	3476
1854	0	3393
1854	0	3399
1854	0	3429
1854	0	3395
1854	0	3430
1854	0	3410
1854	0	3608
1856	0	3393
1856	0	3410
1856	0	3395
1856	0	3396
1856	0	3475
1857	0	3393
1857	0	3417
1857	0	3427
1857	0	3529
1857	0	3547
1857	1	4051
1858	0	3393
1858	0	3394
1858	0	3427
1858	0	3547
1858	1	4052
1859	0	3393
1859	0	3410
1859	0	3395
1859	0	3396
1859	0	3857
1860	0	3393
1860	0	3399
1860	0	3434
1860	0	3447
1860	0	3499
1860	1	4020
1861	0	3393
1861	0	3399
1861	0	3431
1861	0	3432
1861	1	4053
1862	0	3393
1862	0	3399
1862	0	3431
1862	0	3514
1863	0	3393
1863	0	3399
1863	0	3416
1863	0	3507
1863	0	3521
1864	0	3393
1864	0	3420
1864	0	3421
1864	0	3422
1864	1	4054
1865	0	3393
1865	0	3420
1865	0	3421
1865	0	3824
1866	0	3393
1866	0	3410
1867	0	3393
1867	0	3399
1867	0	3416
1867	0	3507
1867	0	3521
1868	0	3393
1868	0	3399
1868	0	3434
1868	0	3447
1868	0	3499
1869	0	3393
1869	0	3399
1869	0	3416
1869	0	3395
1869	0	3410
1869	0	3427
1869	0	3408
1869	0	3577
1869	1	4055
1870	0	3393
1870	0	3399
1870	0	3431
1870	0	3600
1872	0	3393
1872	0	3399
1872	0	3434
1872	0	3447
1872	0	3499
1871	0	3393
1871	0	3399
1871	0	3434
1871	0	3447
1871	0	3499
1871	1	4056
1873	0	3393
1873	0	3399
1873	0	3431
1873	0	3600
1874	0	3393
1874	0	3410
1874	0	3395
1874	0	3396
1874	0	3475
1875	0	3393
1875	0	3399
1875	0	3434
1875	0	3447
1875	0	3499
1876	0	3393
1876	0	3399
1876	0	3434
1876	0	3447
1876	0	3499
1876	1	4056
1877	0	3393
1877	0	3399
1877	0	3434
1877	0	3447
1877	0	3499
1877	1	4056
1878	0	3393
1878	0	3399
1878	0	3400
1878	0	3402
1878	0	3404
1878	0	3394
1878	1	4005
1879	0	3393
1879	0	3410
1879	0	3395
1879	0	3396
1879	0	3440
1880	0	3393
1880	0	3410
1880	0	3395
1880	0	3396
1880	0	3475
1881	0	3393
1881	0	3410
1881	0	3395
1881	0	3396
1881	0	3493
1882	0	3393
1882	0	3410
1882	0	3479
1882	0	3395
1882	0	3480
1882	0	3481
1884	0	3393
1884	0	3410
1884	0	3395
1884	0	3396
1884	0	3475
1883	0	3393
1883	0	3417
1883	0	3395
1883	0	3396
1883	0	3475
1885	0	3393
1885	0	3399
1885	0	3400
1885	0	3408
1885	0	3404
1885	1	3752
1886	0	3393
1886	0	3420
1886	0	3424
1886	0	3705
1886	1	4057
1887	0	3393
1887	0	3399
1887	0	3416
1887	0	3395
1887	0	3410
1887	0	3427
1887	0	3987
1887	1	4058
1888	0	3393
1888	0	3417
1888	0	3439
1888	0	3396
1888	0	3493
1888	0	3444
1889	0	3393
1889	0	3399
1889	0	3434
1889	0	3447
1889	0	3597
1889	1	4059
1890	0	3393
1890	0	3417
1890	0	3427
1890	0	3687
1890	0	4060
1891	0	3393
1891	0	3399
1891	0	3434
1891	0	3447
1891	0	3499
1892	0	3393
1892	0	3399
1892	0	3431
1892	0	3600
1893	0	3393
1893	0	3399
1893	0	3400
1893	0	3495
1893	1	3654
1894	0	3393
1894	0	3399
1894	0	3434
1894	0	3447
1894	0	3499
1895	0	3393
1895	0	3399
1895	0	3434
1895	0	3447
1895	0	3499
1897	0	3393
1897	0	3420
1897	0	3421
1897	0	3422
1896	0	3393
1896	0	3420
1896	0	3421
1896	0	3422
1898	0	3393
1898	0	3399
1898	0	3400
1898	0	3645
1898	1	4058
1899	0	3393
1899	0	3410
1899	0	3479
1899	0	3395
1899	0	3461
1899	0	3628
1900	0	3393
1900	0	3399
1900	0	3400
1900	0	3408
1900	0	3404
1900	1	3562
1901	0	3393
1901	0	3410
1901	0	3395
1901	0	3396
1901	0	3446
1903	0	3393
1903	0	3410
1903	0	3427
1903	0	3408
1903	0	3484
1903	1	3965
1902	0	3393
1902	0	3417
1902	0	3629
1902	0	3712
1902	1	4058
1904	0	3393
1904	0	3399
1904	0	3431
1904	1	4061
1905	0	3393
1905	0	3410
1905	0	3393
1905	0	3399
1905	0	3416
1905	0	3395
1905	0	3410
1905	0	3427
1905	0	3408
1905	0	4062
1906	0	3613
1906	0	3614
1906	0	3615
1906	0	3616
1906	0	3484
1906	0	3393
1906	0	3410
1906	0	3427
1906	0	3408
1906	0	3484
1907	0	3393
1907	0	3420
1907	0	3458
1907	0	4063
1908	0	3393
1908	0	3399
1908	0	3400
1908	0	3402
1908	0	3404
1908	0	3405
1908	1	3765
1909	0	3393
1909	0	3410
1909	0	3427
1909	0	3408
1909	0	3484
1910	0	3393
1910	0	3399
1910	0	3429
1910	0	3395
1910	0	3525
1910	0	3410
1910	0	3476
1911	0	3393
1911	0	3399
1911	0	3416
1911	0	3507
1911	0	3744
1912	0	3393
1912	0	3417
1912	0	3411
1912	0	3412
1913	0	3393
1913	0	3420
1913	0	3580
1914	0	3393
1914	0	3410
1914	0	3395
1914	0	3396
1914	0	3475
1914	1	3965
1915	0	3393
1915	0	3420
1915	0	3424
1915	0	3425
1916	0	3393
1916	0	3420
1916	0	3421
1916	0	3422
1917	0	3393
1917	0	3399
1917	0	3416
1917	0	3507
1917	1	3717
1918	0	3393
1918	0	3399
1918	0	3416
1918	0	3507
1918	0	3633
1918	1	4052
1919	0	3393
1919	0	3399
1919	0	3400
1919	0	3495
1919	1	4064
1921	0	3393
1921	0	3410
1921	0	3395
1921	0	3396
1921	0	3475
1920	0	3393
1920	0	3410
1920	0	3395
1920	0	3396
1920	0	3475
1922	0	3393
1922	0	3399
1922	0	3400
1922	0	3402
1922	0	3404
1922	0	3394
1922	1	3406
1923	0	3393
1923	0	3399
1923	0	3416
1924	0	3393
1924	0	3399
1924	0	3400
1924	0	3495
1924	1	3409
1925	0	3393
1925	0	3399
1925	0	3400
1925	0	3495
1925	0	3410
1925	1	4065
1926	0	3393
1926	0	3420
1926	0	3421
1926	0	3824
1927	0	3393
1927	0	3417
1927	0	3395
1927	0	3442
1927	0	3489
1927	0	3513
1928	0	3393
1928	0	3399
1928	0	3431
1928	0	4066
1928	1	4067
1929	0	3393
1929	0	3399
1929	0	3400
1929	0	3495
1929	1	3646
1930	0	3393
1930	0	3420
1930	0	3458
1931	0	3393
1931	0	3417
1931	0	3439
1931	0	3700
1931	0	3602
1932	0	3393
1932	0	3417
1932	0	3427
1932	0	3687
1932	0	4060
1933	0	3393
1933	0	3417
1933	0	3395
1933	0	3469
1933	0	3462
1933	0	3463
1934	0	3393
1934	0	3417
1934	0	3395
1935	0	3393
1935	0	3410
1935	0	3411
1935	0	3412
1935	1	4068
1936	0	3393
1936	0	3399
1936	0	3434
1936	0	3447
1936	0	3499
1937	0	3393
1937	0	3420
1938	0	3393
1938	0	3417
1938	0	3395
1938	0	3469
1938	0	3470
1939	0	3393
1939	0	3417
1939	0	3439
1939	0	3396
1939	0	3475
1940	0	3393
1940	0	3417
1940	0	3395
1940	0	3442
1940	0	3456
1940	0	3710
1940	0	3893
1941	0	3393
1941	0	3417
1941	0	3395
1941	0	3442
1941	0	3456
1941	0	3710
1941	0	3893
1942	0	3393
1942	0	3420
1942	0	3424
1942	0	3889
1942	1	4069
1943	0	3393
1943	0	3410
1943	0	3427
1943	0	3408
1943	1	3965
1945	0	3393
1945	0	3410
1945	0	3395
1945	0	3396
1945	0	3475
1944	0	3393
1944	0	3410
1944	0	3395
1944	0	3396
1944	0	3446
1946	0	3393
1946	0	3420
1946	0	3458
1946	0	3806
1946	1	4070
1947	0	3393
1947	0	3399
1947	0	3400
1947	0	3402
1947	1	3646
1948	0	3393
1948	0	3417
1948	0	3439
1948	0	3700
1949	0	3393
1949	0	3410
1949	0	3427
1949	0	3832
1949	0	3937
1949	1	4071
1950	0	3393
1950	0	3420
1950	0	3519
1950	0	3520
1952	0	3393
1952	0	3417
1952	0	3395
1952	0	3442
1952	0	3456
1952	0	3419
1953	0	3393
1953	0	3417
1953	0	3395
1953	0	3396
1953	0	3475
1954	0	3393
1954	0	3420
1954	0	3519
1954	0	3520
1955	0	3393
1955	0	3420
1955	0	3519
1955	0	3520
1951	0	3393
1951	0	3420
1951	0	3519
1951	0	3520
1956	0	3393
1956	0	3417
1956	0	3395
1957	0	3393
1957	0	3417
1957	0	3395
1957	0	3974
1957	0	4072
1958	0	3393
1958	0	3410
1958	0	3395
1958	0	3396
1958	0	3475
1959	0	3393
1959	0	3417
1959	0	3395
1959	0	3396
1959	0	3475
1960	0	3393
1960	0	3410
1960	0	3395
1960	0	3396
1960	0	3475
1961	0	3393
1961	0	3417
1961	0	3395
1961	0	3442
1961	0	3456
1961	0	3419
1962	0	3393
1962	0	3410
1962	0	3479
1962	0	3395
1962	0	3396
1962	0	3475
1964	0	3393
1964	0	3410
1964	0	3479
1964	0	3395
1964	0	3792
1964	0	3959
1963	0	3393
1963	0	3410
1963	0	3479
1963	0	3395
1963	0	3396
1963	0	3475
1966	0	3393
1966	0	3410
1966	0	3479
1966	0	3395
1966	0	3480
1966	0	3481
1965	0	3393
1965	0	3410
1965	0	3479
1965	0	3395
1971	0	3393
1971	0	3417
1971	0	3395
1971	0	3442
1971	0	3456
1971	0	3419
1971	0	3754
1969	0	3393
1969	0	3410
1969	0	3479
1969	0	3395
1969	0	3396
1969	0	4073
1969	1	4074
1970	0	3393
1970	0	3417
1970	0	3395
1970	0	3792
1970	0	3663
1968	0	3393
1968	0	3410
1968	0	3479
1968	0	3395
1968	0	3396
1968	0	3475
1972	0	3393
1972	0	3410
1972	0	3427
1972	0	3408
1972	0	3550
1972	1	4074
1967	0	3393
1967	0	3410
1967	0	3479
1967	0	3395
1967	0	3461
1967	0	3462
1967	0	3847
1978	0	3393
1978	0	3410
1978	0	3479
1978	0	3395
1978	0	3396
1978	0	3446
1973	0	3393
1973	0	3417
1973	0	3395
1973	0	3920
1973	0	3663
1976	0	3393
1976	0	3410
1976	0	3479
1976	0	3395
1976	0	3396
1976	0	3446
1975	0	3393
1975	0	3417
1975	0	3395
1975	0	3792
1975	0	3663
1977	0	3393
1977	0	3417
1977	0	3395
1977	0	3396
1977	0	3793
1979	0	3393
1979	0	3417
1979	0	3395
1979	0	3792
1979	0	3663
1974	0	3393
1974	0	3410
1974	0	3395
1974	0	3396
1974	0	3475
1980	0	3393
1980	0	3410
1980	0	3479
1980	0	3395
1980	0	3480
1980	0	3481
1981	0	3393
1981	0	3417
1981	0	3395
1981	0	3396
1981	0	3793
1982	0	3393
1982	0	3417
1982	0	3395
1982	0	3469
1982	0	3462
1982	0	3847
1983	0	3393
1983	0	3410
1983	0	3395
1983	0	3396
1983	0	3475
1984	0	3393
1984	0	3417
1984	0	3629
1984	0	3712
1985	0	3393
1985	0	3417
1985	0	3439
1985	0	3477
1985	0	4075
1986	0	3393
1986	0	3399
1986	0	3708
1986	0	4042
1987	0	3393
1987	0	3399
1987	0	3708
1987	0	4042
1988	0	3393
1988	0	3417
1988	0	3395
1988	0	3396
1988	0	3446
1989	0	3393
1989	0	3410
1989	0	3395
1989	0	3396
1990	0	3393
1990	0	3410
1990	0	3395
1990	0	3461
1990	0	3462
1991	0	3393
1991	0	3410
1991	0	3395
1991	0	3480
1991	0	3481
1992	0	3393
1992	0	3417
1992	0	3395
1993	0	3393
1993	0	3410
1993	0	3395
1993	0	3461
1995	0	3393
1995	0	3417
1995	0	3395
1995	0	3396
1995	0	3493
1994	0	3393
1994	0	3417
1994	0	3395
1994	0	3396
1994	0	3475
1996	0	3393
1996	0	3417
1996	0	3395
1996	0	3469
1996	0	3853
1998	0	3393
1998	0	3417
1998	0	3395
1998	0	3469
1998	0	3462
1998	0	3463
1997	0	3393
1997	0	3417
1997	0	3395
1997	0	3469
1997	0	3462
1997	0	3463
2000	0	3393
2000	0	3417
2000	0	3439
2000	0	3396
2000	0	3446
1999	0	3393
1999	0	3417
1999	0	3439
1999	0	3396
1999	0	3475
2001	0	3393
2001	0	3417
2001	0	3439
2001	0	3396
2001	0	3475
2002	0	3393
2002	0	3410
2002	0	3395
2002	0	3396
2002	0	3475
2003	0	3393
2003	0	3417
2003	0	3395
2003	0	3396
2003	0	3446
2004	0	3393
2004	0	3417
2004	0	3395
2004	0	3469
2004	0	3470
2005	0	3393
2005	0	3417
2005	0	3395
2005	0	3396
2005	0	3397
2006	0	3393
2006	0	3417
2006	0	3395
2006	0	3396
2006	0	3475
2007	0	3393
2007	0	3417
2007	0	3395
2007	0	3442
2007	0	3456
2007	0	3419
2007	0	3754
2008	0	3393
2008	0	3417
2008	0	3395
2008	0	3469
2008	0	3853
2009	0	3393
2009	0	3399
2009	0	3431
2009	0	3436
2009	1	4076
2010	0	3393
2010	0	3410
2010	0	3395
2010	0	3461
2010	0	3470
2011	0	3393
2011	0	3410
2011	0	3395
2011	0	3461
2011	0	3462
2011	0	3847
2012	0	3393
2012	0	3417
2012	0	3395
2012	0	3469
2012	0	3470
2013	0	3393
2013	0	3417
2013	0	3395
2013	0	3396
2013	0	3793
2015	0	3393
2015	0	3417
2015	0	3427
2015	0	3408
2015	0	3550
2014	0	3393
2014	0	3410
2014	0	3427
2014	0	3408
2014	0	3550
2016	0	3393
2016	0	3417
2016	0	3395
2016	0	3396
2017	0	3393
2017	0	3417
2017	0	3395
2017	0	3396
2017	0	3454
2018	0	3393
2018	0	3410
2018	0	3395
2018	0	3461
2018	0	3470
2019	0	3393
2019	0	3410
2019	0	3395
2019	0	3461
2019	0	3470
2020	0	3393
2020	0	3410
2020	0	3395
2020	0	3476
2020	0	3663
2021	0	3393
2021	0	3399
2021	0	3434
2021	0	3435
2022	0	3393
2022	0	3417
2022	0	3395
2022	0	3469
2022	0	3462
2022	0	3463
2023	0	3393
2023	0	3410
2023	0	3395
2023	0	3396
2023	0	3454
2024	0	3393
2024	0	3410
2024	0	3395
2024	0	3396
2024	0	3440
2025	0	3393
2025	0	3410
2025	0	3395
2025	0	3396
2025	0	3475
2026	0	3393
2026	0	3410
2026	0	3479
2026	0	3395
2026	0	3396
2026	0	3493
2027	0	3393
2027	0	3410
2027	0	3395
2027	0	3396
2027	0	3471
2028	0	3393
2028	0	3417
2028	0	3395
2028	0	3396
2028	0	3446
2029	0	3393
2029	0	3410
2029	0	3395
2029	0	3396
2029	0	3471
2030	0	3393
2030	0	3399
2030	0	3400
2030	0	3408
2031	0	3393
2031	0	3410
2031	0	3395
2031	0	3396
2031	0	3475
2032	0	3393
2032	0	3410
2032	0	3395
2032	0	3396
2032	0	3475
2033	0	3393
2033	0	3410
2033	0	3395
2033	0	3792
2033	0	4077
2034	0	3393
2034	0	3417
2034	0	3395
2034	0	3920
2034	0	3663
2035	0	3393
2035	0	3420
2035	0	3424
2035	0	3425
2036	0	3393
2036	0	3417
2036	0	3395
2036	0	3396
2036	0	3475
2037	0	3393
2037	0	3417
2037	0	3395
2037	0	3396
2037	0	3475
2039	0	3393
2039	0	3417
2039	0	3395
2039	0	3396
2039	0	3475
2038	0	3393
2038	0	3417
2038	0	3439
2038	0	3396
2038	0	3475
2040	0	3393
2040	0	3417
2040	0	3395
2040	0	3396
2040	0	3446
2041	0	3393
2041	0	3417
2041	0	3395
2041	0	4078
2042	0	3393
2042	0	3417
2042	0	3439
2042	0	3565
2042	0	3566
2043	0	3393
2043	0	3410
2043	0	3427
2043	0	3832
2043	0	4079
2043	0	4080
2043	1	4081
2044	0	3393
2044	0	3410
2044	0	3395
2044	0	3396
2044	0	3475
2045	0	3393
2045	0	3417
2045	0	3395
2045	0	3442
2045	0	3456
2045	0	3419
2045	0	3754
2046	0	3393
2046	0	3417
2046	0	3395
2046	0	3396
2046	0	3857
2047	0	3393
2047	0	3410
2047	0	3395
2047	0	3396
2047	0	3454
2048	0	3393
2048	0	3417
2048	0	3395
2048	0	3396
2048	0	3454
2049	0	3393
2049	0	3417
2049	0	3439
2049	0	3396
2049	0	3454
2052	0	3393
2052	0	3399
2052	0	3400
2052	0	3495
2052	0	3404
2052	1	3654
2050	0	3393
2050	0	3399
2050	0	3400
2050	0	3495
2050	0	3404
2050	1	3654
2051	0	3393
2051	0	3399
2051	0	3400
2051	0	3495
2051	0	3404
2051	1	3654
2053	0	3393
2053	0	3410
2053	0	3395
2053	0	3396
2053	0	3475
2054	0	3393
2054	0	3399
2054	0	3416
2054	1	4082
2055	0	3393
2055	0	3399
2055	0	3434
2055	0	3447
2055	0	3597
2055	1	3620
2056	0	3393
2056	0	3399
2056	0	3400
2056	0	3495
2056	0	3404
2057	0	3393
2057	0	3410
2057	0	3395
2057	0	3396
2057	0	3475
2058	0	3393
2058	0	3399
2058	0	3431
2058	1	4083
2059	0	3393
2059	0	3417
2060	0	3393
2060	0	3410
2060	0	3395
2060	0	3396
2060	0	3446
2061	0	3393
2061	0	3417
2061	0	3439
2061	0	4078
2061	0	3663
2062	0	3393
2062	0	3399
2062	0	3416
2062	0	3395
2062	0	3410
2062	0	3427
2062	1	4084
2063	0	3393
2063	0	3420
2063	0	3421
2063	0	3824
2063	1	4085
2064	0	3393
2064	0	3417
2064	0	3439
2064	0	3456
2064	0	3419
2064	0	3754
2065	0	3613
2065	0	4086
2065	0	4087
2065	0	4088
2065	0	3393
2065	0	3410
2065	0	3427
2066	0	3393
2066	0	3394
2066	0	3395
2066	0	4037
2067	0	3393
2067	0	3405
2067	0	3411
2067	0	3412
2067	1	4089
2068	0	3393
2068	0	3410
2068	0	3395
2068	0	3472
2068	0	3566
2069	0	3393
2069	0	3417
2069	0	3395
2069	0	3396
2069	0	3624
2070	0	3393
2070	0	3399
2070	0	3400
2070	0	3402
2070	1	3654
2071	0	3393
2071	0	3399
2071	0	3416
2071	0	3395
2071	0	3410
2071	0	3480
2071	0	3482
2072	0	3393
2072	0	3417
2072	0	3439
2072	0	3396
2072	0	3440
2073	0	3393
2073	0	3417
2074	0	3393
2074	0	3410
2074	0	3395
2074	1	4090
2075	0	3393
2075	0	3399
2075	0	3400
2075	0	3742
2075	0	3404
2075	1	4091
2076	0	3393
2076	0	3399
2076	0	3400
2076	0	3645
2076	1	3654
2078	0	3393
2078	0	3417
2078	0	3439
2078	0	3396
2078	0	3446
2077	0	3393
2077	0	3410
2077	0	3395
2077	0	3396
2077	0	3446
2079	0	3393
2079	0	3417
2079	0	3455
2079	0	3456
2079	0	3594
2079	1	4092
2080	0	3393
2080	0	3417
2080	0	3395
2080	0	3442
2080	0	3456
2080	0	3710
2080	0	3893
2081	0	3393
2081	0	3417
2081	0	3395
2081	0	3442
2081	0	3456
2081	0	3710
2081	0	3893
2083	0	3393
2083	0	3417
2083	0	3395
2083	0	3442
2083	0	3456
2083	0	3710
2083	0	3893
2082	0	3393
2082	0	3417
2082	0	3395
2082	0	3442
2082	0	3456
2082	0	3710
2082	0	3893
2085	0	3393
2085	0	3417
2085	0	3395
2085	0	3442
2085	0	3456
2085	0	3710
2085	0	3893
2087	0	3393
2087	0	3417
2087	0	3395
2087	0	3442
2087	0	3456
2087	0	3710
2087	0	3893
2084	0	3393
2084	0	3417
2084	0	3395
2084	0	3442
2084	0	3456
2084	0	3710
2084	0	3893
2086	0	3393
2086	0	3417
2086	0	3395
2086	0	3442
2086	0	3456
2086	0	3710
2086	0	3893
2088	0	3393
2088	0	3420
2088	0	3540
2089	0	3393
2089	0	3420
2089	0	3540
2090	0	3393
2090	0	3410
2090	0	3427
2090	0	3832
2090	0	3833
2090	1	4093
2091	0	3393
2091	0	3420
2091	0	3519
2091	0	3520
2091	1	3978
2092	0	3393
2092	0	3399
2092	0	3400
2092	0	3408
2092	1	3551
2093	0	3393
2093	0	3417
2093	0	3439
2093	0	3552
2093	0	4094
2093	0	3490
2094	0	3393
2094	0	3417
2094	0	3395
2094	0	3396
2095	0	3393
2095	0	3410
2095	0	3395
2095	0	3418
2095	0	3873
2096	0	3393
2096	0	3410
2096	0	3427
2096	0	3485
2097	0	3393
2097	0	3417
2097	0	3427
2097	0	3832
2097	0	3833
2098	0	3393
2098	0	3399
2098	0	3400
2098	0	3495
2098	1	3654
2099	0	3393
2099	0	3399
2099	0	3434
2099	0	3447
2099	1	3620
2100	0	3393
2100	0	3399
2100	0	3416
2100	0	3507
2100	0	3543
2101	0	3393
2101	0	3410
2101	0	3479
2101	0	3395
2101	0	3396
2101	0	3475
2102	0	3393
2102	0	3399
2102	0	3429
2102	0	3395
2102	0	3430
2102	0	3410
2102	0	3490
2102	1	3611
2103	0	3393
2103	0	3399
2103	0	3400
2103	0	3495
2103	0	3404
2103	1	4095
2106	0	3393
2106	0	3417
2106	0	3395
2106	0	3396
2106	0	3440
2106	1	4096
2105	0	3393
2105	0	3417
2105	0	3439
2105	0	3396
2105	0	3440
2105	1	4096
2107	0	3393
2107	0	3420
2107	0	3421
2107	0	3824
2107	1	4097
2104	0	3393
2104	0	3417
2104	0	3395
2104	0	3396
2104	0	3440
2104	1	4096
2108	0	3393
2108	0	3399
2108	0	3400
2108	0	3645
2108	1	3606
2110	0	3393
2110	0	3405
2110	1	3407
2109	0	3393
2109	0	3399
2109	0	3429
2109	0	3395
2109	0	3430
2109	1	4098
2111	0	3393
2111	0	3417
2111	0	3395
2111	0	3396
2111	0	3475
2112	0	3393
2112	0	3417
2112	0	3439
2112	0	3974
2113	0	3393
2113	0	3417
2113	0	3427
2113	0	3832
2113	0	3833
2113	1	3879
2114	0	3393
2114	0	3417
2114	0	3395
2114	0	3469
2115	0	3393
2115	0	3417
2115	0	3629
2115	0	3630
2115	1	4099
2116	0	3393
2116	0	3420
2116	0	3424
2116	0	3425
2116	1	3925
2117	0	3393
2117	0	3399
2117	0	3434
2117	0	3447
2117	0	3499
2117	1	4100
2119	0	3393
2119	0	3417
2119	0	3395
2119	0	3442
2119	0	3456
2119	0	3427
2119	0	3676
2119	1	3981
2118	0	3393
2118	0	3410
2118	0	3395
2118	0	3396
2118	0	3475
2120	0	3393
2120	0	3399
2120	0	3434
2120	0	3447
2120	0	3597
2120	1	4101
2121	0	3393
2121	0	3399
2121	0	3400
2121	0	3402
2121	0	3404
2121	0	3405
2122	0	3393
2122	0	3533
2122	0	3556
2122	0	3427
2123	0	3393
2123	0	3399
2123	0	3416
2123	0	3507
2123	0	3744
2123	1	4102
2124	0	3393
2124	0	3399
2124	0	3429
2124	0	3395
2124	0	3430
2124	0	3410
2124	0	3476
2125	0	3393
2125	0	3417
2125	0	3504
2125	0	3649
2126	0	3393
2126	0	3399
2126	0	3431
2126	0	3451
2126	1	3905
2127	0	3393
2127	0	3417
2127	0	3427
2127	0	3687
2127	0	4060
2128	0	3393
2128	0	3399
2128	0	3431
2128	0	3600
2128	1	4103
2129	0	3393
2129	0	3399
2129	0	3434
2129	0	3447
2129	0	3448
2129	1	3966
2130	0	3393
2130	0	3399
2130	0	3434
2130	0	3447
2130	0	3448
2130	1	3966
2131	0	3393
2131	0	3399
2131	0	3416
2131	0	3507
2131	0	3521
2131	1	4021
2132	0	3393
2132	0	3399
2132	0	3434
2132	0	3447
2132	0	3499
2133	0	3393
2133	0	3417
2133	0	3395
2133	0	4037
2134	0	3393
2134	0	3399
2134	0	3434
2134	0	3447
2134	0	3499
2135	0	3393
2135	0	3399
2135	0	3434
2135	0	3447
2135	0	3448
2136	0	3393
2136	0	3399
2136	0	3400
2136	0	3408
2136	1	4104
2137	0	3393
2137	0	3399
2137	0	3431
2137	0	3888
2137	1	4105
2138	0	3393
2138	0	3417
2138	0	3439
2138	0	3396
2138	0	3446
2139	0	3393
2139	0	3410
2139	0	3395
2139	0	3418
2139	0	3443
2139	0	3444
2140	0	3393
2140	0	3399
2140	0	3400
2140	0	3495
2140	0	3404
2140	1	3654
2141	0	3393
2141	0	3399
2141	0	3416
2141	0	3395
2142	0	3393
2142	0	3410
2142	0	3427
2142	0	3485
2142	0	3603
2142	1	4106
2144	0	3613
2144	0	3614
2144	0	3615
2144	0	4107
2144	0	3490
2144	0	3393
2144	0	3417
2144	0	3395
2144	0	3477
2144	0	3478
2145	0	3393
2145	0	3417
2145	0	3395
2145	0	3477
2145	0	3491
2145	0	3393
2145	0	3417
2145	0	3439
2145	0	3477
2145	0	3491
2146	0	3613
2146	0	3614
2146	0	3615
2146	0	4108
2146	0	3393
2146	0	3417
2146	0	3395
2146	0	3477
2146	0	3393
2146	0	3417
2146	0	3439
2146	0	3477
2149	0	3393
2149	0	3410
2149	0	3395
2149	0	3480
2149	0	3482
2143	0	3613
2143	0	3614
2143	0	3615
2143	0	4108
2143	0	3393
2143	0	3417
2143	0	3395
2143	0	3477
2147	0	3613
2147	0	3614
2147	0	3615
2147	0	4108
2147	0	3393
2147	0	3410
2147	0	3395
2148	0	3613
2148	0	3614
2148	0	3615
2148	0	4108
2148	0	3393
2148	0	3410
2148	0	3395
2150	0	3393
2150	0	3417
2150	0	3395
2150	0	3442
2150	0	3456
2150	0	3916
2150	0	4109
2151	0	3393
2151	0	3399
2151	0	3400
2151	0	3408
2151	1	3539
2152	0	3393
2152	0	3420
2152	1	3571
2153	0	3393
2153	0	3410
2153	0	3395
2153	0	3396
2153	0	3440
2154	0	3393
2154	0	3399
2154	0	3416
2154	0	3507
2154	0	3744
2155	0	3393
2155	0	3399
2155	0	3400
2155	0	3402
2156	0	3393
2156	0	3417
2156	0	3427
2156	0	3408
2156	0	3718
2156	1	4110
2157	0	3393
2157	0	3420
2157	1	3571
2158	0	3393
2158	0	3410
2158	0	3395
2158	0	3480
2158	0	3482
2158	1	4111
2160	0	3393
2160	0	3410
2160	0	3504
2160	0	3505
2160	0	3618
2159	0	3393
2159	0	3410
2159	0	3504
2159	0	3505
2159	0	3618
2161	0	3393
2161	0	3399
2161	0	3400
2161	0	3495
2161	0	3417
2161	1	3646
2162	0	3393
2162	0	3399
2162	0	3416
2162	0	3507
2162	0	3744
2162	1	4112
2163	0	3393
2163	0	3420
2163	0	3421
2163	0	3422
2163	1	4113
2164	0	3393
2164	0	3410
2164	0	3395
2164	0	3396
2164	0	3446
2164	1	4114
2165	0	3393
2165	0	3399
2165	0	3400
2165	0	3495
2165	1	3654
2166	0	3393
2166	0	3410
2166	0	3411
2166	0	3412
2166	1	3498
2167	0	3393
2167	0	3399
2167	0	3400
2167	0	3495
2167	1	3571
2168	0	3393
2168	0	3399
2168	0	3434
2168	0	3447
2168	0	3499
2168	1	4115
2169	0	3393
2169	0	3399
2169	0	3416
2169	0	3395
2169	0	3405
2169	0	3427
2169	1	4116
2170	0	3393
2170	0	3394
2170	0	3427
2170	0	3408
2170	1	4117
2171	0	3393
2171	0	3410
2171	0	3395
2171	0	3396
2171	0	3440
2172	0	3393
2172	0	3399
2172	0	3416
2172	0	3395
2172	0	3410
2172	0	3480
2172	0	3482
2173	0	3393
2173	0	3410
2173	0	3395
2173	0	3480
2173	0	4118
2173	1	4119
2174	0	3393
2174	0	3417
2174	0	3395
2174	0	3396
2174	0	3857
2175	0	3393
2175	0	3420
2175	0	3458
2175	0	3780
2176	0	3393
2176	0	3399
2176	0	3416
2176	0	3395
2176	0	3410
2176	0	3427
2176	0	4120
2176	1	4121
2177	0	3393
2177	0	3399
2177	0	3400
2177	0	3742
2177	1	4122
2178	0	3393
2178	0	3420
2178	0	3421
2178	0	3422
2180	0	3393
2180	0	3410
2180	0	3395
2180	0	3396
2180	0	3475
2179	0	3393
2179	0	3410
2179	0	3395
2179	0	3396
2179	0	3475
2181	0	3393
2181	0	3399
2181	0	3429
2181	0	3395
2181	0	3525
2181	0	3410
2181	0	3476
2181	1	3468
2182	0	3393
2182	0	3399
2182	0	3400
2182	0	3495
2183	0	3393
2183	0	3399
2183	0	3400
2185	0	3393
2185	0	3399
2185	0	3400
2185	0	3495
2184	0	3393
2184	0	3399
2184	0	4123
2184	0	3427
2184	1	3763
2186	0	3393
2186	0	3410
2186	0	3395
2186	0	3396
2186	0	3454
2187	0	3393
2187	0	3399
2187	0	3400
2187	0	3495
2188	0	3393
2188	0	3417
2188	0	3395
2188	0	3396
2188	0	3475
2189	0	3393
2189	0	3399
2189	0	3434
2189	0	3447
2189	0	3499
2189	1	3763
2190	0	3393
2190	0	3399
2190	0	3416
2190	0	3507
2190	0	3543
2191	0	3393
2191	0	3417
2191	0	3439
2191	0	3552
2191	0	4124
2192	0	3393
2192	0	3410
2192	0	3427
2192	0	3408
2192	0	3563
2192	1	3827
2193	0	3393
2193	0	3399
2193	0	3400
2193	1	3763
2194	0	3393
2194	0	3399
2194	0	3431
2194	0	3452
2195	0	3393
2195	0	3410
2195	0	3395
2195	0	3396
2195	0	3454
2196	0	3393
2196	0	3410
2196	0	3427
2196	0	3529
2196	0	3699
2197	0	3393
2197	0	3417
2197	0	3395
2197	0	3442
2197	0	3456
2197	0	3427
2197	0	3527
2197	1	4125
2198	0	3393
2198	0	3399
2198	0	3416
2198	0	3395
2198	0	3417
2198	0	3427
2198	0	3428
2198	1	4126
2199	0	3393
2199	0	3399
2199	0	3968
2200	0	3393
2200	0	3399
2200	0	3416
2200	0	3395
2200	0	3410
2200	0	3480
2200	0	3482
2200	1	3845
2201	0	3393
2201	0	3417
2201	0	3427
2201	0	3485
2201	0	3486
2202	0	3393
2202	0	3417
2202	0	3395
2202	0	3396
2202	0	3493
2203	0	3393
2203	0	3399
2203	0	3400
2203	0	3645
2203	0	3410
2203	1	4127
2204	0	3393
2204	0	3399
2204	0	3400
2204	0	3402
2204	0	3404
2204	0	3555
2204	0	3534
2204	1	3653
2205	0	3393
2205	0	3410
2205	0	3395
2205	0	3472
2205	0	3566
2206	0	3393
2206	0	3417
2206	0	3395
2206	0	3442
2206	0	3456
2206	0	3427
2206	0	3798
2206	1	4128
2207	0	3393
2207	0	3399
2207	0	3416
2207	0	3411
2207	1	4129
2208	0	3393
2208	0	3417
2208	0	3427
2208	0	3408
2208	0	3718
2209	0	3393
2209	0	3417
2209	0	3427
2209	0	3408
2209	0	3718
2210	0	3393
2210	0	3417
2210	0	3427
2210	0	3408
2210	0	3718
2211	0	3393
2211	0	3420
2211	0	3580
2212	0	3393
2212	0	3410
2212	0	3395
2212	0	3418
2212	0	3727
2213	0	3393
2213	0	3417
2213	0	3427
2213	0	3635
2213	0	4130
2214	0	3393
2214	0	3420
2214	0	3519
2214	0	3520
2214	1	4131
2215	0	3393
2215	0	3417
2215	0	3395
2215	0	3477
2215	0	3491
2216	0	3393
2216	0	3410
2216	0	3479
2216	0	3395
2216	0	3396
2216	0	3475
2217	0	3393
2217	0	3410
2217	0	3395
2217	0	3396
2217	0	3475
2218	0	3393
2218	0	3420
2218	0	3540
2219	0	3393
2219	0	3399
2219	0	3429
2219	0	3395
2219	0	3430
2219	0	3410
2219	0	3476
2220	0	3393
2220	0	3420
2220	0	3421
2220	0	3422
2221	0	3393
2221	0	3420
2221	0	3421
2221	0	3422
2221	1	4132
2222	0	3393
2222	0	3417
2222	0	3504
2222	0	3505
2222	0	3618
2223	0	3393
2223	0	3420
2223	0	3421
2223	0	3422
2224	0	3393
2224	0	3410
2224	0	3395
2224	0	3461
2225	0	3393
2225	0	3410
2225	0	3395
2225	0	3461
2226	0	3393
2226	0	3399
2226	0	3400
2226	0	3495
2226	0	3404
2227	0	3393
2227	0	3410
2227	0	3427
2227	0	3408
2227	0	3563
2227	1	4133
2228	0	3393
2228	0	3417
2228	0	3504
2228	0	3575
2228	1	3576
2229	0	3393
2229	0	3417
2229	0	3395
2229	0	3442
2229	0	3456
2229	0	3427
2229	0	4134
2229	1	4135
2230	0	3393
2230	0	3410
2230	0	3427
2230	0	3832
2230	0	3833
2231	0	3393
2231	0	3410
2231	0	3427
2231	0	3428
2232	0	3393
2232	0	3399
2232	0	3416
2232	0	3507
2232	0	3521
2232	1	4010
2233	0	3393
2233	0	3399
2233	0	3416
2233	0	3507
2233	0	3543
2234	0	3393
2234	0	3399
2234	0	3416
2234	0	3395
2234	1	3783
2235	0	3393
2235	0	3410
2235	0	3411
2235	0	3412
2235	1	3450
2236	0	3393
2236	0	3405
2236	0	3427
2236	1	3895
2237	0	3393
2237	0	3399
2237	0	3416
2237	0	3395
2237	0	3417
2237	0	3565
2237	0	3472
2238	0	3393
2238	0	3417
2238	0	3395
2238	0	3396
2238	0	3475
2240	0	3393
2240	0	3399
2240	0	3400
2240	0	3645
2240	0	3404
2240	1	4136
2239	0	3393
2239	0	3399
2239	0	3400
2239	0	3645
2239	0	3404
2239	1	4136
2241	0	3393
2241	0	3417
2241	0	3427
2241	0	3635
2241	0	4137
2241	1	4138
2242	0	3393
2242	0	3399
2242	0	3416
2242	0	3395
2242	0	3417
2242	0	3427
2242	0	3408
2242	0	4139
2242	1	4140
2243	0	3393
2243	0	3420
2243	0	3421
2243	0	3422
2244	0	3393
2244	0	3420
2244	0	3424
2244	0	3425
2245	0	3393
2245	0	3420
2245	0	3424
2245	0	3425
2248	0	3393
2248	0	3420
2248	0	3424
2248	0	3425
2246	0	3393
2246	0	3420
2246	0	3421
2246	0	3422
2247	0	3393
2247	0	3420
2247	0	3424
2247	0	3425
2249	0	3393
2249	0	3399
2249	0	3416
2249	0	3507
2249	0	3543
2249	1	4141
2250	0	3393
2250	0	3417
2250	0	3427
2250	0	3529
2250	0	3547
2250	1	4051
2252	0	3393
2252	0	3417
2252	0	3395
2252	0	3396
2252	0	3511
2251	0	3393
2251	0	3417
2251	0	3395
2251	0	3396
2251	0	3511
2253	0	3393
2253	0	3410
2253	0	3395
2253	0	3461
2253	0	3462
2253	0	3463
2254	0	3393
2254	0	3417
2254	0	3439
2254	0	3396
2254	0	3475
2255	0	3393
2255	0	3417
2255	0	3395
2255	0	3469
2255	0	3853
2256	0	3393
2256	0	3417
2256	0	3439
2256	0	3396
2256	0	3397
2257	0	3393
2257	0	3420
2257	0	3421
2257	0	3422
2258	0	3393
2258	0	3410
2258	0	3479
2258	0	3395
2258	0	3480
2258	0	3482
2260	0	3393
2260	0	3417
2260	0	3395
2260	0	3469
2260	0	3462
2260	0	3847
2259	0	3393
2259	0	3417
2259	0	3395
2259	0	3469
2259	0	3462
2259	0	3463
2261	0	3393
2261	0	3417
2261	0	3395
2261	0	3469
2261	0	3470
2262	0	3393
2262	0	3417
2262	0	3395
2262	0	3469
2262	0	3462
2262	0	3463
2263	0	3393
2263	0	3417
2263	0	3439
2263	0	3700
2263	0	3602
2264	0	3393
2264	0	3417
2264	0	3395
2264	0	3469
2264	0	3462
2264	0	3463
2265	0	3393
2265	0	3417
2265	0	3395
2265	0	3469
2265	0	3628
2266	0	3393
2266	0	3417
2266	0	3395
2266	0	3396
2266	0	3493
2267	0	3393
2267	0	3410
2267	0	3427
2267	0	3529
2267	0	3547
2267	1	4142
2268	0	3393
2268	0	3420
2268	1	4058
2269	0	3393
2269	0	3410
2269	0	3479
2269	0	3395
2269	0	3396
2269	0	3446
2270	0	3393
2270	0	3410
2270	0	3479
2270	0	3395
2270	0	3461
2270	0	3853
2271	0	3393
2271	0	3410
2271	0	3479
2271	0	3395
2271	0	3461
2271	0	3602
2272	0	3393
2272	0	3410
2272	0	3479
2272	0	3395
2272	0	3461
2272	0	3462
2272	0	3847
2273	0	3393
2273	0	3417
2273	0	3629
2273	0	3630
2274	0	3393
2274	0	3410
2274	0	3479
2274	0	3395
2274	0	3396
2274	0	3475
2275	0	3393
2275	0	3410
2275	0	3479
2275	0	3395
2275	0	3461
2275	0	3602
2276	0	3393
2276	0	3417
2276	0	3427
2276	0	3529
2276	0	3547
2276	1	4143
2277	0	3393
2277	0	3399
2277	0	3400
2277	0	3402
2277	0	3404
2277	0	3394
2277	1	3822
2278	0	3393
2278	0	3410
2278	0	3395
2278	0	3396
2278	0	3475
2279	0	3393
2279	0	3399
2279	0	3429
2279	0	3395
2279	0	3430
2279	1	3445
2280	0	3393
2280	0	3410
2280	0	3395
2280	0	3461
2280	0	3462
2280	0	3847
2281	0	3393
2281	0	3417
2281	0	3395
2281	0	3565
2281	0	3566
2281	1	4144
2282	0	3393
2282	0	3417
2282	0	3439
2282	0	3396
2282	0	3440
2283	0	3393
2283	0	3410
2283	0	3427
2283	0	3485
2284	0	3393
2284	0	3417
2284	0	3427
2284	0	3485
2285	0	3393
2285	0	3417
2285	0	3427
2285	0	3485
2286	0	3393
2286	0	3399
2286	0	3416
2286	0	3395
2286	0	3410
2286	0	3427
2286	0	3913
2286	1	3653
2287	0	3393
2287	0	3417
2287	0	3395
2287	0	3442
2287	0	3456
2287	0	3427
2287	0	3676
2287	1	4026
2288	0	3393
2288	0	3399
2288	0	3416
2288	0	3395
2288	0	3417
2288	0	3418
2288	0	3916
2289	0	3393
2289	0	3410
2289	0	3427
2289	0	3408
2289	0	3484
2289	1	3508
2290	0	3393
2290	0	3410
2290	0	3395
2290	0	3396
2290	0	3475
2291	0	3393
2291	0	3410
2291	0	3427
2291	0	3485
2292	0	3393
2292	0	3417
2292	0	3395
2292	0	3396
2293	0	3393
2293	0	3420
2293	0	3424
2293	0	3705
2294	0	3393
2294	0	3399
2294	0	3434
2294	0	3447
2294	0	3597
2294	1	4145
2295	0	3393
2295	0	3410
2295	0	3395
2295	0	3396
2295	0	3475
2296	0	3393
2296	0	3399
2296	0	3400
2296	0	3495
2297	0	3393
2297	0	3410
2297	0	3479
2297	0	3395
2297	0	3480
2297	0	3524
2298	0	3393
2298	0	3410
2298	0	3395
2298	0	3418
2298	0	3873
2302	0	3393
2302	0	3410
2302	0	3395
2302	0	3396
2302	0	3446
2301	0	3393
2301	0	3410
2301	0	3395
2301	0	3792
2301	0	3959
2299	0	3393
2299	0	3417
2299	0	3395
2299	0	3469
2299	0	3462
2299	0	3847
2300	0	3393
2300	0	3417
2300	0	3439
2300	0	4146
2300	0	3663
2303	0	3393
2303	0	3399
2303	0	3434
2303	0	3447
2303	0	3487
2303	1	4147
2304	0	3393
2304	0	3399
2304	0	3416
2304	0	3507
2304	0	3521
2304	1	4148
2305	0	3393
2305	0	3417
2305	0	3439
2305	0	3396
2305	0	3446
2306	0	3393
2306	0	3399
2306	0	3434
2306	0	3447
2306	0	3499
2306	1	3665
2307	0	3393
2307	0	3417
2307	0	3439
2307	0	3396
2307	0	3475
2308	0	3393
2308	0	3399
2308	0	3708
2308	0	3482
2309	0	3393
2309	0	3410
2309	0	3504
2309	0	3683
2310	0	3393
2310	0	3399
2310	0	3434
2310	0	3447
2310	0	3448
2310	1	3966
2311	0	3393
2311	0	3417
2311	0	3395
2311	0	3396
2311	0	3493
2313	0	3393
2313	0	3417
2313	0	3395
2313	0	3396
2313	0	3857
2312	0	3393
2312	0	3417
2312	0	3395
2312	0	3396
2312	0	3511
2314	0	3393
2314	0	3417
2314	0	3427
2314	0	3485
2314	0	3486
2315	0	3393
2315	0	3410
2315	0	3395
2315	0	3396
2315	0	3471
2316	0	3393
2316	0	3410
2316	0	3395
2316	0	3396
2316	1	4149
2317	0	3393
2317	0	3410
2317	0	3395
2317	0	3396
2317	0	3475
2318	0	3393
2318	0	3399
2318	0	3434
2318	0	3447
2318	0	3499
2318	1	3950
2319	0	3393
2319	0	3417
2319	0	3504
2319	0	4150
2320	0	3393
2320	0	3410
2320	0	3427
2320	0	3408
2320	0	3563
2320	1	4151
2321	0	3393
2321	0	3410
2321	0	3427
2321	0	3832
2321	0	4079
2321	0	4080
2321	1	4152
2322	0	3393
2322	0	3410
2322	0	3395
2322	0	3396
2322	0	3475
2323	0	3393
2323	0	3410
2323	0	3427
2323	0	3408
2323	0	3577
2324	0	3393
2324	0	3500
2324	0	4153
2325	0	3393
2325	0	3399
2325	0	3434
2325	0	3447
2325	0	3499
2326	0	3393
2326	0	3399
2326	0	3434
2326	0	3435
2326	1	4154
2327	0	3393
2327	0	3410
2327	0	3507
2327	0	4155
2330	0	3393
2330	0	3399
2330	0	3400
2330	0	3495
2329	0	3393
2329	0	3399
2329	0	3400
2329	0	3495
2329	1	3763
2331	0	3393
2331	0	3399
2331	0	3400
2333	0	3393
2333	0	3399
2333	0	3400
2333	0	3495
2333	1	3763
2338	0	3393
2338	0	3399
2338	0	3400
2338	0	3495
2336	0	3393
2336	0	3399
2336	0	3416
2336	0	3507
2336	0	3543
2336	1	3763
2339	0	3393
2339	0	3399
2339	0	3416
2339	0	3395
2339	1	3763
2341	0	3393
2341	0	3399
2341	0	3416
2341	0	3507
2341	0	3521
2340	0	3393
2340	0	3399
2340	0	3416
2340	0	3507
2340	0	3521
2340	1	3763
2335	0	3393
2335	0	3399
2335	0	3416
2335	0	3395
2335	1	3763
2334	0	3393
2334	0	3399
2334	0	4123
2334	0	3427
2334	1	3763
2337	0	3393
2337	0	3399
2337	0	3400
2337	0	3495
2337	1	3763
2349	0	3393
2349	0	3399
2349	0	3416
2349	0	3507
2349	0	3543
2349	1	3763
2343	0	3393
2343	0	3399
2343	0	3416
2343	0	3507
2343	0	3521
2343	1	3763
2344	0	3393
2344	0	3399
2344	0	3416
2344	0	3395
2344	0	3410
2344	0	3427
2344	0	3913
2344	1	3763
2350	0	3393
2350	0	3399
2350	0	3416
2350	0	3507
2350	0	3543
2350	1	3763
2346	0	3393
2346	0	3399
2346	0	3400
2346	0	3495
2346	1	3763
2347	0	3393
2347	0	3399
2347	0	4123
2347	0	3427
2347	1	3763
2332	0	3393
2332	0	3399
2332	0	4123
2332	0	3427
2332	1	3763
2342	0	3393
2342	0	3399
2342	0	3400
2342	0	3495
2345	0	3393
2345	0	3399
2345	0	3416
2345	0	3507
2345	0	3521
2345	1	3763
2351	0	3393
2351	0	3399
2351	0	3416
2351	0	3507
2351	0	3543
2351	1	3763
2348	0	3393
2348	0	3399
2348	0	3400
2348	0	3495
2348	1	3763
2352	0	3393
2352	0	3420
2352	0	3421
2352	0	3422
2328	0	3393
2328	0	3399
2328	0	3400
2328	0	3495
2353	0	3393
2353	0	3420
2353	0	3421
2353	0	3824
2355	0	3393
2355	0	3417
2355	0	3439
2355	0	3396
2355	0	3475
2354	0	3393
2354	0	3410
2354	0	3395
2354	0	3396
2354	0	3440
2356	0	3393
2356	0	3399
2356	0	3416
2356	0	3395
2356	0	3410
2356	0	3489
2356	0	3444
2357	0	3393
2357	0	3399
2357	0	3434
2357	0	3447
2357	0	3448
2357	1	3717
2358	0	3393
2358	0	3399
2358	0	3434
2358	0	3447
2358	0	3597
2358	1	3717
2359	0	3393
2359	0	3420
2359	0	3421
2359	0	3422
2360	0	3393
2360	0	3410
2360	0	3395
2360	0	3396
2360	0	3440
2361	0	3393
2361	0	3417
2361	0	3395
2361	0	3477
2361	0	3478
2362	0	3393
2362	0	3410
2362	0	3395
2362	0	3396
2362	0	3440
2363	0	3393
2363	0	3399
2363	0	3400
2363	0	3408
2363	1	3813
2364	0	3393
2364	0	3417
2364	0	3395
2364	0	3442
2364	0	3456
2364	0	3427
2364	0	3798
2365	0	3393
2365	0	3420
2365	0	3421
2365	0	3422
2367	0	3393
2367	0	3417
2367	0	3439
2367	0	3396
2367	0	3475
2366	0	3393
2366	0	3399
2366	0	3400
2366	0	3402
2366	0	3404
2366	0	3394
2366	1	3406
2368	0	3393
2368	0	3410
2368	0	3395
2368	0	3396
2368	0	3440
2369	0	3393
2369	0	3399
2369	0	3416
2369	0	3507
2369	0	3744
2369	1	4102
2370	0	3393
2370	0	3410
2370	0	3411
2370	0	3412
2371	0	3393
2371	0	3410
2371	0	3395
2371	0	3396
2371	0	3475
2372	0	3393
2372	0	3399
2372	0	3400
2372	0	3402
2372	0	3404
2372	0	3405
2372	1	3406
2373	0	3393
2373	0	3399
2373	0	3400
2373	0	3402
2373	0	3404
2373	1	4156
2374	0	3393
2374	0	3394
2374	0	3504
2374	0	3683
2374	1	4157
2375	0	3393
2375	0	3399
2375	0	3400
2375	0	3402
2375	0	3417
2375	1	3403
2376	0	3393
2376	0	3420
2376	0	3421
2376	0	3422
2376	1	4054
2377	0	3393
2377	0	3399
2377	0	3434
2377	0	3447
2377	0	3597
2377	1	4158
2378	0	3393
2378	0	3399
2378	0	3400
2378	0	3495
2378	1	3403
2379	0	3393
2379	0	3410
2379	0	3395
2379	0	3396
2379	0	3440
2380	0	3393
2380	0	3417
2380	0	3395
2380	0	3396
2380	0	3475
2381	0	3393
2381	0	3399
2381	0	3429
2381	0	3395
2381	0	3430
2381	1	3609
2382	0	3393
2382	0	3417
2382	0	3395
2382	0	3396
2382	0	3475
2383	0	3393
2383	0	3417
2383	0	3395
2383	0	3442
2383	0	3489
2383	0	3513
2385	0	3393
2385	0	3410
2385	0	3395
2385	0	3396
2385	0	3440
2384	0	3393
2384	0	3410
2384	0	3395
2384	0	3396
2384	0	3440
2387	0	3393
2387	0	3410
2387	0	3395
2387	0	3396
2387	0	3440
2386	0	3393
2386	0	3410
2386	0	3395
2386	0	3396
2386	0	3440
2388	0	3393
2388	0	3410
2388	0	3395
2388	0	3396
2388	0	3440
2389	0	3393
2389	0	3399
2389	0	3416
2389	0	3507
2389	1	4159
2390	0	3393
2390	0	3399
2390	0	3400
2390	0	3645
2390	1	4160
2391	0	3393
2391	0	3420
2391	0	3421
2391	0	3422
2391	1	4161
2392	0	3393
2392	0	3410
2392	0	3395
2392	0	3396
2392	0	3454
2393	0	3393
2393	0	3399
2393	0	3434
2393	0	3447
2393	0	3597
2394	0	3393
2394	0	3399
2394	0	3416
2394	1	3571
2395	0	3393
2395	0	3399
2395	0	3416
2395	0	3395
2396	0	3393
2396	0	3420
2396	0	3421
2396	0	3422
2396	1	3423
2397	0	3393
2397	0	3420
2397	0	3458
2397	0	3772
2398	0	3393
2398	0	3399
2398	0	3431
2399	0	3393
2399	0	3417
2399	0	3439
2399	0	3396
2399	0	3511
2400	0	3393
2400	0	3399
2400	0	3400
2400	0	3495
2400	0	3404
2401	0	3393
2401	0	3399
2401	0	3400
2401	0	3495
2401	1	4162
2402	0	3393
2402	0	3420
2402	0	3421
2402	0	3422
2403	0	3393
2403	0	3399
2403	0	3434
2403	0	3447
2403	0	3499
2403	1	4163
2404	0	3393
2404	0	3399
2404	0	3434
2404	0	3447
2404	0	3499
2404	1	4163
2406	0	3393
2406	0	3399
2406	0	3431
2406	0	3600
2406	1	4164
2407	0	3393
2407	0	3399
2407	0	3431
2407	0	3600
2407	1	4164
2409	0	3393
2409	0	3399
2409	0	3431
2409	0	3600
2409	1	4164
2408	0	3393
2408	0	3399
2408	0	3431
2408	0	3600
2408	1	4164
2405	0	3393
2405	0	3399
2405	0	3431
2405	0	3600
2405	1	4164
2410	0	3393
2410	0	3399
2410	0	3431
2410	0	3600
2410	1	4164
2411	0	3393
2411	0	3420
2411	0	3424
2411	0	3705
2411	1	3423
2412	0	3393
2412	0	3420
2412	0	3421
2412	0	3422
2413	0	3393
2413	0	3399
2413	0	3400
2413	0	3402
2413	0	3404
2413	0	3405
2413	1	3601
2414	0	3393
2414	0	3399
2414	0	3400
2414	0	3402
2414	0	3404
2414	0	3405
2415	0	3393
2415	0	3399
2415	0	3400
2415	0	3495
2415	0	3410
2416	0	3393
2416	0	3420
2416	0	3580
2417	0	3393
2417	0	3399
2417	0	3400
2419	0	3393
2419	0	3399
2419	0	3434
2419	0	3447
2418	0	3393
2418	0	3399
2418	0	3434
2418	0	3447
2420	0	3393
2420	0	3417
2420	0	3395
2420	0	3477
2420	0	3491
2421	0	3393
2421	0	3410
2421	0	3395
2421	0	3396
2421	0	3475
2422	0	3393
2422	0	3399
2422	0	3434
2422	0	3447
2422	0	3597
2422	1	4165
2423	0	3393
2423	0	3410
2423	0	3395
2423	0	3396
2423	0	3475
2424	0	3393
2424	0	3399
2424	0	3400
2424	0	3645
2424	1	4166
2425	0	3393
2425	0	3399
2425	0	3400
2425	0	3402
2425	0	3404
2425	0	3555
2425	0	3534
2425	1	3403
2426	0	3393
2426	0	3410
2426	0	3395
2426	0	3396
2427	0	3393
2427	0	3399
2427	0	3416
2427	0	3507
2427	0	3521
2427	1	4167
2428	0	3393
2428	0	3399
2428	0	3416
2428	0	3507
2428	0	3633
2429	0	3393
2429	0	3420
2429	0	3458
2429	0	3806
2429	1	4168
2430	0	3393
2430	0	3399
2430	0	3416
2430	0	3395
2430	0	3410
2430	0	3480
2430	0	3482
2430	1	4169
2431	0	3393
2431	0	3410
2431	0	3395
2431	0	3396
2431	0	3454
2432	0	3393
2432	0	3399
2432	0	3416
2432	0	3507
2432	0	3543
2433	0	3393
2433	0	3399
2433	0	3434
2433	0	3447
2433	0	3597
2434	0	3393
2434	0	3417
2434	0	3439
2434	0	3396
2434	0	3471
2435	0	3393
2435	0	3399
2435	0	3400
2435	0	3408
2435	1	3561
2436	0	3393
2436	0	3399
2436	0	3400
2436	0	3408
2436	1	3822
2437	0	3393
2437	0	3399
2437	0	3400
2437	0	3402
2437	0	3404
2437	0	3405
2438	0	3393
2438	0	3399
2438	0	3400
2438	0	3402
2438	0	3404
2438	0	3405
2438	1	3765
2439	0	3393
2439	0	3399
2439	0	3400
2439	0	3402
2439	0	3404
2439	0	3394
2439	1	3765
2440	0	3393
2440	0	3399
2440	0	3400
2440	0	3495
2440	0	3410
2440	1	3403
2441	0	3393
2441	0	3399
2441	0	3416
2441	0	3507
2441	0	3744
2441	1	4170
2442	0	3393
2442	0	3417
2442	0	3427
2442	0	3408
2442	0	3718
2442	1	4171
2443	0	3393
2443	0	3399
2443	0	3400
2443	0	3402
2443	0	3404
2443	0	3555
2443	0	3556
2443	1	4172
2444	0	3393
2444	0	3417
2444	0	3395
2444	0	3396
2444	0	3440
2445	0	3393
2445	0	3417
2445	0	3395
2445	0	3565
2445	0	3566
2446	0	3393
2446	0	3410
2446	0	3395
2446	0	3396
2446	0	3440
2448	0	3393
2448	0	3399
2448	0	3434
2448	0	3447
2448	0	3448
2448	1	4173
2451	0	3393
2451	0	3399
2451	0	3434
2451	0	3447
2451	0	3499
2452	0	3393
2452	0	3399
2452	0	3434
2452	0	3447
2452	0	3597
2452	1	4173
2449	0	3393
2449	0	3399
2449	0	3434
2449	0	3447
2449	0	3448
2449	1	4173
2447	0	3393
2447	0	3399
2447	0	3434
2447	0	3447
2447	0	3448
2447	1	4173
2450	0	3393
2450	0	3399
2450	0	3434
2450	0	3447
2450	0	3448
2450	1	4173
2453	0	3393
2453	0	3399
2453	0	3434
2453	0	3447
2453	0	3448
2453	1	4173
2454	0	3393
2454	0	3399
2454	0	3434
2454	0	3447
2454	0	3597
2455	0	3393
2455	0	3417
2455	0	3395
2455	0	3396
2455	0	3475
2456	0	3393
2456	0	3417
2456	0	3427
2456	0	3832
2456	0	3833
2456	1	4011
2457	0	3393
2457	0	3420
2457	0	3580
2458	0	3393
2458	0	3420
2458	0	3580
2459	0	3393
2459	0	3410
2459	0	3427
2459	0	3408
2459	0	3484
2459	1	3770
2460	0	3393
2460	0	3405
2460	0	3427
2460	0	4031
2460	0	3408
2460	0	3393
2460	0	3405
2460	0	3427
2460	0	3408
2460	0	3393
2460	0	3394
2460	0	3427
2460	0	4031
2460	0	3408
2460	0	3393
2460	0	3394
2460	0	3427
2460	0	3408
2460	0	3393
2460	0	3410
2460	0	3427
2460	0	3408
2460	0	3393
2460	0	3417
2460	0	3427
2460	0	3408
2460	0	3617
2460	0	4016
2460	0	4017
2460	0	3395
2460	0	3410
2460	0	4174
2460	0	3617
2460	0	4016
2460	0	4017
2460	0	3395
2460	0	3417
2460	0	4174
2461	0	3393
2461	0	3417
2461	0	3395
2461	0	3396
2461	0	3857
2463	0	3393
2463	0	3410
2463	0	3395
2463	0	3396
2463	0	3454
2462	0	3393
2462	0	3410
2462	0	3395
2462	0	3396
2462	0	3454
2464	0	3393
2464	0	3399
2464	0	3416
2464	0	3395
2464	0	3417
2464	0	4175
2465	0	3393
2465	0	3399
2465	0	3416
2465	0	3507
2465	0	3744
2466	0	3393
2466	0	3399
2466	0	3434
2466	0	3447
2466	0	3448
2466	1	4176
2467	0	3393
2467	0	3399
2467	0	3434
2467	0	3447
2467	0	3448
2467	1	4176
2468	0	3393
2468	0	3410
2468	0	3395
2468	0	3396
2468	0	3471
2469	0	3393
2469	0	3410
2469	0	3395
2469	0	3396
2469	0	3471
2470	0	3393
2470	0	3399
2470	0	3431
2470	0	3452
2471	0	3393
2471	0	3399
2471	0	3400
2471	0	3645
2471	0	3404
2471	1	3607
2472	0	3393
2472	0	3420
2472	0	3421
2472	0	3422
2472	1	3423
2473	0	3393
2473	0	3420
2473	0	3424
2473	0	3884
2474	0	3393
2474	0	3420
2475	0	3393
2475	0	3420
2475	0	3519
2475	0	3520
2476	0	3393
2476	0	3417
2476	0	3395
2476	0	3442
2476	0	3456
2476	0	3427
2476	0	3676
2476	1	4027
2477	0	3393
2477	0	3410
2477	0	3395
2477	0	3396
2477	0	3475
2478	0	3393
2478	0	3410
2478	0	3395
2478	0	3396
2478	0	3475
2479	0	3393
2479	0	3399
2479	0	3434
2479	0	3447
2479	0	3597
2479	1	3717
2480	0	3393
2480	0	3410
2480	0	3479
2480	0	3395
2480	0	3461
2480	0	3462
2480	0	3463
2481	0	3393
2481	0	3410
2481	0	3479
2481	0	3395
2481	0	3461
2481	0	3462
2481	0	3463
2482	0	3393
2482	0	3410
2483	0	3393
2483	0	3417
2483	0	3629
2483	0	3630
2484	0	3393
2484	0	3399
2484	0	3429
2484	0	3395
2484	0	3525
2484	0	3410
2484	0	3608
2485	0	3393
2485	0	3417
2485	0	3439
2485	0	3396
2485	0	3440
2486	0	3393
2486	0	3410
2486	0	3427
2486	0	3485
2486	0	3486
2487	0	3393
2487	0	3420
2487	0	3458
2487	0	3772
2488	0	3393
2488	0	3399
2488	0	3434
2488	0	3447
2488	0	3597
2488	1	3717
2489	0	3393
2489	0	3410
2489	0	3395
2489	0	3461
2489	0	3462
2489	0	3463
2490	0	3393
2490	0	3399
2490	0	3434
2490	0	3447
2490	0	3499
2491	0	3393
2491	0	3417
2491	0	3395
2491	0	3442
2491	0	3456
2491	0	3710
2491	0	4177
2492	0	3393
2492	0	3410
2492	0	3395
2492	0	3396
2492	0	3440
2493	0	3393
2493	0	3399
2493	0	3431
2493	0	4066
2494	0	3393
2494	0	3410
2494	0	3427
2494	0	3408
2494	0	3577
2494	1	4178
2495	0	3393
2495	0	3420
2495	0	3421
2495	0	3422
2495	1	3637
2496	0	3393
2496	0	3417
2496	0	3395
2496	0	3469
2496	0	3602
2497	0	3393
2497	0	4179
2498	0	3393
2498	0	3399
2498	0	3431
2498	0	3888
2499	0	3393
2499	0	3399
2499	0	3400
2499	0	3495
2499	0	3404
2500	0	3393
2500	0	3399
2500	0	3416
2500	0	3507
2500	0	3633
2500	1	4180
2501	0	3393
2501	0	3399
2501	0	3434
2501	0	3447
2501	0	3499
2502	0	3393
2502	0	3399
2502	0	3400
2502	0	3402
2502	0	3404
2502	0	3405
2502	1	4181
2503	0	3393
2503	0	3410
2503	0	3504
2503	0	3505
2503	0	3618
2504	0	3393
2504	0	3417
2504	0	3395
2504	0	3469
2504	0	3962
2504	0	4006
2505	0	3393
2505	0	3410
2505	0	3395
2505	0	3396
2505	0	3857
2506	0	3393
2506	0	3410
2506	0	3395
2506	0	3396
2506	0	3857
2507	0	3393
2507	0	3410
2508	0	3393
2508	0	3410
2508	0	3395
2508	0	3396
2508	0	3857
2509	0	3393
2509	0	3410
2509	0	3395
2509	0	3396
2509	0	3446
2510	0	3393
2510	0	3410
2510	0	3395
2510	0	3396
2510	0	3857
2511	0	3393
2511	0	3410
2511	0	3395
2511	0	3396
2511	0	3454
2512	0	3393
2512	0	3410
2512	0	3395
2512	0	3396
2512	0	3475
2513	0	3393
2513	0	3417
2513	0	3395
2513	0	3396
2513	0	3440
2514	0	3393
2514	0	3410
2514	0	3427
2514	0	3428
2515	0	3393
2515	0	3399
2515	0	3434
2515	0	3447
2515	0	3487
2515	1	4182
2516	0	3393
2516	0	3399
2516	0	4183
2516	0	4184
2516	0	4185
2517	0	3393
2517	0	3410
2517	0	3494
2518	0	3393
2518	0	3399
2518	0	3431
2518	0	3600
2519	0	3393
2519	0	3399
2519	0	3416
2519	1	3407
2520	0	3393
2520	0	3417
2520	0	3439
2520	0	3396
2520	0	3446
2521	0	3393
2521	0	3410
2521	0	3395
2521	0	3396
2521	0	3857
2522	0	3393
2522	0	3417
2522	0	3395
2522	0	3920
2522	0	3663
2523	0	3393
2523	0	3417
2523	0	3395
2523	0	3476
2523	0	3663
2524	0	3393
2524	0	3417
2524	0	3439
2524	0	3552
2524	0	3917
2524	0	3444
2526	0	3393
2526	0	3410
2526	0	3395
2526	0	3396
2526	0	3440
2525	0	3393
2525	0	3410
2525	0	3395
2525	0	3396
2525	0	3440
2527	0	3393
2527	0	3410
2527	0	3411
2527	0	3412
2528	0	3393
2528	0	3399
2528	0	3434
2528	0	3447
2528	0	3487
2528	1	4186
2529	0	3393
2529	0	3399
2529	0	3434
2529	0	3447
2529	0	3487
2529	1	4186
2531	0	3393
2531	0	3410
2531	0	3395
2531	0	3396
2531	0	3493
2530	0	3393
2530	0	3410
2530	0	3395
2530	0	3396
2530	0	3446
2532	0	3393
2532	0	3417
2532	0	3427
2532	0	3529
2532	0	3547
2533	0	3393
2533	0	3417
2533	0	3395
2533	0	3442
2533	0	3456
2533	0	3419
2533	0	3754
2534	0	3393
2534	0	3417
2534	0	3395
2534	0	3396
2534	0	3454
2536	0	3393
2536	0	3410
2536	0	3479
2536	0	3395
2536	0	3396
2536	0	3857
2535	0	3393
2535	0	3417
2535	0	3395
2535	0	3476
2535	0	3663
2537	0	3393
2537	0	3399
2537	0	3434
2537	0	3447
2537	0	3448
2537	1	3638
2538	0	3393
2538	0	3410
2538	0	3427
2538	0	3720
2538	0	3636
2539	0	3393
2539	0	3399
2539	0	3429
2539	0	3395
2539	0	3430
2539	0	3410
2539	0	3608
2540	0	3393
2540	0	3399
2540	0	3400
2540	0	3495
2540	1	4187
2541	0	3393
2541	0	3410
2541	0	3427
2541	0	3485
2541	0	3486
2542	0	3393
2542	0	3399
2542	0	3429
2542	0	3395
2542	0	3430
2542	0	3410
2542	0	3427
2542	1	4188
2543	0	3393
2543	0	3410
2543	0	3395
2543	0	3396
2543	0	3475
2544	0	3393
2544	0	3410
2544	0	3395
2544	0	3396
2544	0	3475
2545	0	3393
2545	0	3410
2545	0	3395
2545	0	3396
2545	0	3475
2546	0	3393
2546	0	3410
2546	0	3395
2546	0	3396
2546	0	3475
2547	0	3393
2547	0	3399
2547	0	3416
2547	0	3507
2547	0	3521
2547	1	4189
2548	0	3393
2548	0	3410
2548	0	3395
2548	0	3396
2548	0	3475
2549	0	3393
2549	0	3410
2549	0	3395
2549	0	3396
2549	0	3475
2550	0	3393
2550	0	3420
2550	0	3421
2550	0	3422
2550	1	4190
2551	0	3393
2551	0	3417
2551	0	3395
2551	0	3396
2551	0	3475
2552	0	3393
2552	0	3410
2552	0	3395
2552	0	3396
2552	0	3475
2553	0	3393
2553	0	3399
2553	0	3416
2553	0	3395
2553	0	3410
2553	0	3427
2553	1	4191
2554	0	3393
2554	0	3417
2554	0	3439
2554	0	3396
2554	0	4192
2555	0	3393
2555	0	3417
2555	0	3395
2555	0	3469
2557	0	3393
2557	0	3410
2557	0	3479
2557	0	3395
2557	0	3396
2557	0	3475
2556	0	3393
2556	0	3410
2556	0	3479
2556	0	3395
2556	0	3396
2556	0	3475
2558	0	3393
2558	0	3410
2558	0	3479
2558	0	3395
2558	0	3396
2558	0	3857
2559	0	3393
2559	0	3417
2559	0	3439
2559	0	3396
2559	0	3475
2560	0	3393
2560	0	3417
2560	0	3439
2560	0	3396
2560	0	3475
2561	0	3393
2561	0	3410
2561	0	3479
2561	0	3395
2561	0	3461
2561	0	3462
2561	0	3847
2562	0	3393
2562	0	3417
2562	0	3439
2562	0	3477
2562	0	3788
2562	0	4193
2563	0	3393
2563	0	3417
2563	0	4194
2563	0	3477
2565	0	3393
2565	0	3417
2565	0	3395
2565	0	3920
2565	0	3663
2564	0	3393
2564	0	3410
2564	0	3479
2564	0	3395
2564	0	3396
2564	0	3446
2566	0	3393
2566	0	3410
2566	0	3479
2566	0	3395
2566	0	3396
2566	0	3475
2567	0	3393
2567	0	3410
2567	0	3479
2567	0	3395
2567	0	3396
2567	0	3475
2568	0	3393
2568	0	3417
2568	0	3395
2568	0	3396
2568	0	3454
2569	0	3393
2569	0	3410
2569	0	3479
2569	0	3395
2569	0	3396
2569	0	3475
2570	0	3393
2570	0	3417
2570	0	3395
2570	0	3469
2570	0	3470
2572	0	3393
2572	0	3405
2572	0	3395
2572	0	3396
2572	0	3440
2572	1	3661
2571	0	3393
2571	0	3410
2571	0	3395
2571	0	3396
2571	0	3454
2573	0	3393
2573	0	3410
2573	0	3395
2573	0	3396
2573	0	3475
2574	0	3393
2574	0	3410
2574	0	3479
2574	0	3395
2575	0	3393
2575	0	3410
2575	0	3479
2575	0	3395
2575	0	3396
2575	0	3446
2576	0	3393
2576	0	3410
2576	0	3479
2576	0	3395
2576	0	3461
2576	0	3470
2578	0	3393
2578	0	3417
2578	0	3395
2578	0	4078
2578	0	3663
2577	0	3393
2577	0	3417
2577	0	3395
2577	0	3396
2577	0	3446
2579	0	3393
2579	0	3417
2579	0	3395
2579	0	3920
2579	0	3663
2580	0	3393
2580	0	3417
2580	0	3439
2580	0	3396
2580	0	4192
2582	0	3393
2582	0	3417
2582	0	3395
2582	0	3396
2582	0	3475
2581	0	3393
2581	0	3410
2581	0	3395
2581	0	3396
2581	0	3475
2583	0	3393
2583	0	3417
2583	0	3395
2583	0	3396
2583	0	3475
2584	0	3393
2584	0	3417
2584	0	3395
2584	0	3396
2584	0	3475
2585	0	3393
2585	0	3417
2585	0	3439
2585	0	3396
2585	0	3454
2586	0	3393
2586	0	3417
2586	0	3395
2586	0	3396
2586	0	3454
2587	0	3393
2587	0	3417
2587	0	3395
2587	0	3396
2587	0	3446
2588	0	3393
2588	0	3417
2588	0	3395
2588	0	3396
2589	0	3393
2589	0	3399
2589	0	3434
2589	0	3447
2589	0	3499
2589	1	3508
2590	0	3393
2590	0	3420
2590	0	3540
2590	1	4195
2591	0	3393
2591	0	3399
2591	0	3400
2591	0	3495
2591	0	3404
2591	1	4196
2592	0	3393
2592	0	3417
2592	0	3395
2592	0	3396
2592	0	3475
2593	0	3393
2593	0	3417
2593	0	3395
2593	0	3396
2593	0	3446
2594	0	3393
2594	0	3417
2594	0	3395
2594	0	3442
2594	0	3456
2594	0	3419
2594	0	3754
2595	0	3393
2595	0	3410
2595	0	3395
2595	0	3396
2595	0	3475
2596	0	3393
2596	0	3410
2596	0	3395
2596	0	3396
2596	0	3475
2597	0	3393
2597	0	3410
2597	0	3395
2597	0	3396
2597	0	3454
2598	0	3393
2598	0	3417
2598	0	3439
2598	0	3396
2598	0	3454
2599	0	3393
2599	0	3417
2599	0	3395
2599	0	3396
2599	0	3446
2600	0	3393
2600	0	3410
2600	0	3395
2600	0	3396
2600	0	3475
2601	0	3393
2601	0	3410
2601	0	3395
2601	0	3480
2601	0	3481
2602	0	3393
2602	0	3399
2602	0	3416
2602	1	4197
2603	0	3393
2603	0	3410
2603	0	3395
2605	0	3393
2605	0	3420
2605	0	3519
2605	0	3520
2604	0	3393
2604	0	3420
2604	0	3519
2604	0	3520
2606	0	3393
2606	0	3410
2606	0	3395
2606	0	3418
2606	0	3568
2607	0	3393
2607	0	3410
2607	0	3494
2608	0	3393
2608	0	3417
2608	0	3395
2608	0	3396
2608	0	3475
2609	0	3393
2609	0	3410
2609	0	3395
2609	0	3396
2609	0	3857
2610	0	3393
2610	0	3410
2610	0	3395
2610	0	3396
2610	0	3446
2612	0	3393
2612	0	3417
2612	0	3395
2612	0	3396
2612	0	3475
2613	0	3393
2613	0	3417
2613	0	3395
2613	0	3396
2613	0	3475
2611	0	3393
2611	0	3417
2611	0	3395
2611	0	3396
2611	0	3475
2614	0	3393
2614	0	3399
2614	0	3416
2614	1	4198
2615	0	3393
2615	0	3417
2615	0	3439
2615	0	3396
2615	0	3446
2616	0	3393
2616	0	3417
2616	0	3395
2616	0	3920
2616	0	4023
2617	0	3393
2617	0	3417
2617	0	3395
2617	0	3396
2617	0	3475
2618	0	3393
2618	0	3417
2618	0	3395
2618	0	3396
2618	0	3397
2619	0	3393
2619	0	3417
2619	0	3395
2619	0	3396
2619	0	3446
2620	0	3393
2620	0	3417
2620	0	3504
2620	0	3505
2620	0	3518
2621	0	3393
2621	0	3417
2621	0	3395
2621	0	3396
2621	0	3446
2622	0	3393
2622	0	3417
2622	0	3395
2622	0	3396
2622	0	3475
2623	0	3393
2623	0	3417
2623	0	3395
2623	0	3396
2623	0	3475
2624	0	3393
2624	0	3417
2624	0	3395
2624	0	3396
2624	0	3493
2624	1	3965
2625	0	3393
2625	0	4199
2625	0	4200
2627	0	3393
2627	0	3410
2627	0	3395
2627	0	3396
2627	0	3440
2626	0	3393
2626	0	3410
2626	0	3395
2626	0	3396
2626	0	3440
2628	0	3393
2628	0	3410
2628	0	3395
2628	0	3396
2628	0	3440
2629	0	3393
2629	0	3410
2629	0	3395
2629	0	3396
2630	0	3393
2630	0	3410
2630	0	3427
2630	0	3529
2630	0	3547
2631	0	3393
2631	0	3410
2631	0	3395
2631	0	3396
2631	0	3446
2632	0	3393
2632	0	3410
2632	0	3395
2632	0	3396
2632	0	3787
2633	0	3393
2633	0	3417
2633	0	3395
2633	0	3442
2633	0	3456
2633	0	3419
2633	0	3754
2634	0	3393
2634	0	3417
2634	0	3395
2634	0	3442
2634	0	3489
2634	0	3513
2635	0	3393
2635	0	3399
2635	0	3431
2636	0	3393
2636	0	3417
2636	0	4201
2636	0	3396
2636	0	3440
2637	0	3393
2637	0	3417
2637	0	4201
2637	0	3396
2637	0	3440
2638	0	3393
2638	0	3405
2638	0	3395
2638	0	3396
2638	0	3475
2639	0	3393
2639	0	3417
2639	0	3395
2639	0	3396
2639	0	3475
2640	0	3393
2640	0	3394
2640	0	3395
2640	0	3418
2640	0	4202
2641	0	3393
2641	0	3399
2641	0	3416
2641	0	3395
2642	0	3393
2642	0	3399
2642	0	3400
2642	0	3495
2642	0	3404
2642	1	3398
2643	0	3393
2643	0	3417
2643	0	3439
2643	0	3396
2643	0	3440
2645	0	3393
2645	0	3399
2645	0	3416
2645	0	3395
2645	0	3410
2645	0	4175
2644	0	3393
2644	0	3874
2644	0	4203
2644	1	4074
2646	0	3393
2646	0	3417
2646	0	3395
2646	0	3469
2646	0	3470
2647	0	3393
2647	0	3410
2647	0	3479
2647	0	3395
2647	0	3461
2647	0	3462
2647	0	3463
2648	0	3393
2648	0	3410
2648	0	3479
2648	0	3395
2648	0	3396
2648	0	3475
2649	0	3393
2649	0	3417
2649	0	3395
2649	0	3396
2649	0	3446
2650	0	3393
2650	0	3417
2650	0	3395
2651	0	3393
2651	0	3417
2651	0	3395
2652	0	3393
2652	0	3420
2652	0	3519
2652	0	4013
2653	0	3393
2653	0	3417
2653	0	3395
2653	0	4078
2653	0	3663
2654	0	3393
2654	0	3417
2654	0	3395
2654	0	3920
2654	0	3663
2655	0	3393
2655	0	3417
2655	0	3395
2655	0	3469
2655	0	3628
2656	0	3393
2656	0	3417
2656	0	3395
2656	0	3396
2656	0	3475
2657	0	3393
2657	0	3417
2657	0	3395
2657	0	3396
2657	0	3475
2658	0	3393
2658	0	3410
2658	0	3395
2658	0	3396
2658	0	3446
2659	0	3393
2659	0	3410
2659	0	3395
2659	0	3396
2659	0	3475
2660	0	3393
2660	0	3417
2660	0	3395
2660	0	3396
2660	0	3397
2663	0	3393
2663	0	3410
2663	0	3395
2663	0	3396
2661	0	3393
2661	0	3410
2661	0	3395
2661	0	3396
2661	0	3475
2662	0	3393
2662	0	3417
2662	0	3395
2662	0	3396
2662	0	3475
2665	0	3393
2665	0	3410
2665	0	3395
2665	0	3396
2665	0	3475
2664	0	3393
2664	0	3410
2664	0	3395
2664	0	3396
2664	0	3475
2666	0	3393
2666	0	3410
2666	0	3395
2666	0	3396
2666	0	3471
2666	1	3965
2667	0	3393
2667	0	3410
2667	0	3395
2667	0	3396
2667	0	3475
2668	0	3393
2668	0	3399
2668	0	3400
2668	0	3742
2669	0	3393
2669	0	3417
2669	0	3395
2669	0	3396
2669	0	3857
2670	0	3393
2670	0	3417
2670	0	3439
2670	0	3396
2670	0	3475
2671	0	3393
2671	0	3417
2671	0	3395
2671	0	3396
2671	0	3493
2672	0	3393
2672	0	3410
2672	0	3427
2672	0	3832
2672	0	3833
2674	0	3393
2674	0	3410
2674	0	3395
2674	0	3396
2674	0	3787
2673	0	3393
2673	0	3417
2673	0	3439
2673	0	3396
2673	0	3624
2675	0	3393
2675	0	3417
2675	0	4194
2675	0	3461
2677	0	3393
2677	0	4204
2677	0	4205
2677	1	3879
2676	0	3393
2676	0	3417
2676	0	3629
2676	0	3712
2678	0	3393
2678	0	3399
2678	0	3429
2678	0	3395
2678	0	3430
2678	0	3410
2678	0	3427
2678	1	4188
2679	0	3393
2679	0	3399
2679	0	4123
2679	0	3427
2680	0	3393
2680	0	3417
2680	0	3629
2680	0	3630
2680	1	4206
2681	0	3393
2681	0	3399
2681	0	3431
2681	0	4066
2682	0	3393
2682	0	3399
2682	0	3434
2682	0	3447
2682	1	4207
2683	0	3393
2683	0	3410
2683	0	3395
2683	0	3396
2683	0	3475
2684	0	3393
2684	0	3410
2684	0	3395
2684	0	3396
2684	0	3475
2687	0	3393
2687	0	3410
2687	0	3395
2687	0	3396
2687	0	3446
2685	0	3393
2685	0	3410
2685	0	3395
2685	0	3396
2685	0	3446
2688	0	3393
2688	0	3410
2688	0	3395
2688	0	3461
2688	0	3602
2686	0	3393
2686	0	3410
2686	0	3395
2686	0	3396
2686	0	3857
2689	0	3393
2689	0	3399
2689	0	3400
2689	1	4208
2690	0	3393
2690	0	3410
2690	0	3395
2690	0	3396
2690	0	3475
2691	0	3393
2691	0	3420
2691	1	4209
2692	0	3393
2692	0	3399
2692	0	3416
2692	0	3507
2692	0	3543
2692	1	4083
2693	0	3393
2693	0	3410
2693	0	3395
2693	0	3461
2693	0	3853
2694	0	3393
2694	0	3417
2694	0	3629
2694	0	3630
2694	1	4206
2695	0	3393
2695	0	3417
2695	0	3395
2695	0	3396
2695	0	3475
2696	0	3393
2696	0	3410
2696	0	3504
2696	0	3505
2696	0	4210
2697	0	3393
2697	0	3399
2697	0	3434
2697	0	3447
2697	0	3499
2697	1	3894
2698	0	3393
2698	0	3399
2698	0	3400
2698	0	3495
2699	0	3393
2699	0	3410
2699	0	3504
2699	0	3505
2699	0	3618
2700	0	3393
2700	0	3410
2700	0	3395
2700	0	3461
2700	0	3462
2700	0	3847
2701	0	3393
2701	0	3399
2701	0	3434
2701	0	3447
2701	1	4207
2702	0	3393
2702	0	3399
2702	0	3641
2702	0	3417
2702	0	3402
2702	1	3654
2703	0	3393
2703	0	3417
2703	0	3395
2703	0	3396
2703	0	3440
2703	1	4211
2705	0	3393
2705	0	3399
2705	0	3434
2705	0	3447
2705	0	3597
2705	1	3966
2704	0	3393
2704	0	3399
2704	0	3434
2704	0	3447
2704	1	3966
2707	0	3393
2707	0	3417
2707	0	3395
2707	0	3396
2707	0	3475
2706	0	3393
2706	0	3417
2706	0	3395
2706	0	3442
2706	0	3456
2706	0	3419
2706	0	3754
2708	0	3393
2708	0	3410
2708	0	3395
2708	0	3396
2708	0	3475
2709	0	3393
2709	0	3399
2709	0	3400
2709	0	3408
2709	0	3410
2709	1	4212
2710	0	3393
2710	0	3410
2710	0	3395
2710	0	3396
2710	0	3475
2711	0	3393
2711	0	3420
2711	0	3421
2711	0	3422
2711	1	3510
2712	0	3393
2712	0	3410
2712	0	3395
2712	0	3396
2712	0	3454
2714	0	3393
2714	0	3417
2714	0	3395
2714	0	3396
2714	0	3454
2713	0	3393
2713	0	3417
2713	0	3395
2713	0	3396
2713	0	3475
2715	0	3393
2715	0	3420
2715	0	3540
2715	1	4213
2716	0	3393
2716	0	3417
2716	0	3395
2716	0	3396
2716	0	3440
2716	1	4214
2717	0	3393
2717	0	3410
2717	0	3395
2717	0	3396
2718	0	3393
2718	0	3420
2718	0	3424
2718	0	3705
2718	1	4093
2720	0	3393
2720	0	3417
2720	0	3395
2720	0	3396
2720	0	3475
2719	0	3393
2719	0	3417
2719	0	3395
2719	0	3396
2719	0	3446
2721	0	3393
2721	0	3410
2721	0	3395
2721	0	3461
2721	0	3462
2721	0	3847
2722	0	3393
2722	0	3410
2722	0	3395
2722	0	3396
2722	0	3475
2723	0	3393
2723	0	3417
2723	0	3395
2723	0	3396
2723	0	3475
2725	0	3393
2725	0	3417
2725	0	3395
2725	0	3396
2724	0	3393
2724	0	3417
2724	0	3395
2724	0	3396
2724	0	3397
2726	0	3393
2726	0	3410
2726	0	3395
2726	0	3396
2726	0	3454
2727	0	3393
2727	0	3410
2727	0	3395
2727	0	3396
2727	0	3475
2728	0	3393
2728	0	3417
2728	0	3427
2728	0	3529
2728	0	3547
2728	1	4215
2729	0	3393
2729	0	3420
2729	0	3424
2729	0	3425
2730	0	3393
2730	0	3417
2730	0	3395
2730	0	3442
2730	0	3456
2730	0	3419
2730	0	4216
2731	0	3393
2731	0	3420
2731	0	3519
2731	0	3520
2732	0	3393
2732	0	3417
2732	0	3427
2732	0	3635
2732	0	4130
2733	0	3393
2733	0	3410
2733	0	3395
2733	0	3396
2733	0	3440
2734	0	3393
2734	0	3399
2734	0	3400
2734	0	3402
2734	0	3404
2734	0	3394
2734	1	3403
2735	0	3393
2735	0	3399
2735	0	3400
2735	0	3402
2735	0	3404
2735	0	3394
2735	1	3403
2736	0	3393
2736	0	3399
2736	0	3416
2737	0	3393
2737	0	3417
2737	0	3395
2737	0	3396
2737	0	3475
2738	0	3393
2738	0	3417
2738	0	3395
2738	0	3396
2738	0	3475
2739	0	3393
2739	0	3410
2739	0	3395
2739	0	3396
2739	0	3475
2741	0	3393
2741	0	3533
2741	0	3534
2741	0	3427
2741	0	4217
2741	1	4218
2740	0	3393
2740	0	3533
2740	0	3534
2740	0	3427
2740	0	4217
2742	0	3393
2742	0	3417
2742	0	3395
2742	0	3396
2742	0	3440
2743	0	3393
2743	0	3399
2743	0	3400
2743	0	3645
2743	1	4219
2744	0	3393
2744	0	3399
2744	0	3400
2744	0	3645
2744	0	3404
2745	0	3393
2745	0	3399
2745	0	3431
2745	0	3849
2746	0	3393
2746	0	3399
2746	0	3416
2746	0	3507
2746	0	3521
2746	1	4159
2747	0	3393
2747	0	3399
2747	0	3416
2747	0	3395
2747	1	4058
2748	0	3393
2748	0	3417
2748	0	3395
2748	0	3442
2748	0	3456
2748	0	3419
2748	0	4216
2749	0	3393
2749	0	3420
2749	0	3458
2749	0	3780
2750	0	3393
2750	0	3399
2750	0	3434
2750	0	3447
2750	0	3499
2750	1	4220
2751	0	3393
2751	0	3399
2751	0	3400
2751	0	3495
2751	0	3404
2751	1	4221
2752	0	3393
2752	0	3410
2752	0	3395
2752	0	3396
2752	0	3454
2753	0	3393
2753	0	3410
2753	0	3395
2753	0	3396
2753	0	3475
2754	0	3393
2754	0	3410
2754	0	3395
2754	0	3396
2754	0	3440
2754	1	3661
2755	0	3393
2755	0	3417
2755	0	3427
2755	0	3832
2755	0	4222
2756	0	3393
2756	0	3410
2756	0	3395
2756	0	3396
2756	0	3475
2757	0	3393
2757	0	3417
2757	0	3395
2757	0	3442
2757	0	3456
2757	0	3419
2757	0	4216
2758	0	3393
2758	0	3399
2758	0	3708
2758	0	3482
2759	0	3393
2759	0	3399
2759	0	3416
2759	0	3507
2759	1	3812
2760	0	3393
2760	0	3417
2760	0	3439
2760	0	3396
2760	0	3446
2761	0	3393
2761	0	3417
2761	0	3395
2761	0	3396
2761	0	3454
2762	0	3393
2762	0	3417
2762	0	3395
2762	0	3396
2762	0	3475
2764	0	3393
2764	0	3410
2764	0	3479
2764	0	3395
2764	0	3480
2764	0	3524
2765	0	3393
2765	0	3410
2765	0	3479
2765	0	3395
2765	0	3480
2765	0	3524
2763	0	3393
2763	0	3417
2763	0	3395
2763	0	3396
2763	0	3454
2766	0	3393
2766	0	3410
2766	0	3395
2766	0	3396
2766	0	3446
2767	0	3393
2767	0	3410
2767	0	3395
2767	0	3396
2767	0	3454
2768	0	3393
2768	0	3410
2768	0	3395
2768	0	3396
2768	0	3454
2769	0	3393
2769	0	3410
2769	0	3395
2769	0	3396
2769	0	3446
2770	0	3393
2770	0	3410
2770	0	3395
2770	0	3396
2770	0	3454
2771	0	3393
2771	0	3410
2771	0	3395
2771	0	3396
2771	0	3475
2772	0	3393
2772	0	3410
2772	0	3395
2772	0	3480
2772	0	3524
2773	0	3393
2773	0	3399
2773	0	3434
2773	0	3447
2773	0	3597
2773	1	4223
2774	0	3393
2774	0	3410
2774	0	3395
2774	0	3396
2774	0	3440
2775	0	3393
2775	0	3410
2775	0	3395
2775	0	3396
2775	0	3440
2776	0	3393
2776	0	3410
2776	0	3395
2776	0	3480
2776	0	3524
2777	0	3393
2777	0	3410
2777	0	3395
2777	0	3396
2777	0	3475
2778	0	3393
2778	0	3417
2778	0	3395
2778	0	3396
2778	0	3446
2779	0	3393
2779	0	3417
2779	0	3395
2779	0	3396
2779	0	3454
2780	0	3393
2780	0	3417
2780	0	3439
2780	0	3396
2780	0	3454
2781	0	3393
2781	0	3417
2781	0	3395
2781	0	3396
2781	0	3446
2782	0	3393
2782	0	3417
2782	0	3395
2782	0	3396
2782	0	3454
2783	0	3393
2783	0	3399
2783	0	3416
2784	0	3393
2784	0	3417
2784	0	3395
2784	0	3442
2784	0	3456
2784	0	3419
2784	0	3754
2785	0	3393
2785	0	3410
2785	0	3395
2785	0	3480
2785	0	3481
2786	0	3393
2786	0	3410
2786	0	3395
2786	0	3396
2786	0	3440
2787	0	3393
2787	0	3399
2787	0	3416
2787	0	3395
2787	1	4224
2788	0	3393
2788	0	3417
2788	0	3395
2788	0	3396
2788	0	3475
2789	0	3393
2789	0	3417
2789	0	3395
2789	0	3396
2789	0	3475
2790	0	3393
2790	0	3399
2790	0	3434
2790	0	3447
2790	0	3597
2791	0	3393
2791	0	3417
2791	0	3395
2791	0	3396
2791	0	3475
2792	0	3393
2792	0	3420
2792	0	3519
2792	0	4013
2793	0	3393
2793	0	3399
2793	0	3400
2793	0	3402
2793	0	3404
2793	1	3403
2794	0	3393
2794	0	3417
2794	0	3395
2794	0	3396
2794	0	3475
2795	0	3393
2795	0	3417
2795	0	3395
2795	0	3396
2795	0	3475
2796	0	3393
2796	0	3399
2796	0	3400
2796	0	3495
2796	0	3404
2797	0	3393
2797	0	3417
2797	0	3439
2797	0	3396
2797	0	4225
2798	0	3393
2798	0	3417
2798	0	3395
2798	0	3396
2798	0	3475
2799	0	3393
2799	0	3410
2799	0	3395
2799	0	3396
2799	0	3475
2800	0	3393
2800	0	3410
2800	0	3395
2800	0	3396
2800	0	3857
2801	0	3393
2801	0	3417
2801	0	3504
2801	0	3683
2801	1	4226
2802	0	3393
2802	0	3410
2802	0	3504
2802	0	3505
2802	0	3618
2803	0	3393
2803	0	3417
2803	0	3439
2803	0	3396
2803	0	3440
2803	1	4096
2804	0	3393
2804	0	3417
2804	0	3439
2804	0	3396
2804	0	3440
2804	1	4096
2805	0	3393
2805	0	3399
2805	0	3641
2805	1	4227
2806	0	3393
2806	0	3410
2806	0	3427
2806	0	3529
2806	0	3547
2806	1	4228
2807	0	3393
2807	0	3399
2807	0	3431
2807	0	3452
2808	0	3393
2808	0	3533
2808	0	3534
2808	1	3601
2809	0	3393
2809	0	3399
2809	0	3434
2809	0	3447
2809	0	3597
2809	1	4229
2810	0	3393
2810	0	3399
2810	0	3434
2810	0	3447
2810	0	3639
2810	1	4230
2811	0	3393
2811	0	3417
2811	0	3504
2811	0	3649
2812	0	3393
2812	0	3410
2812	0	3395
2812	0	3396
2812	0	3493
2813	0	3393
2813	0	3410
2813	0	3427
2813	0	3408
2813	0	3550
2814	0	3393
2814	0	3399
2814	0	3416
2814	0	3395
2815	0	3393
2815	0	3399
2815	0	3400
2815	0	3495
2815	1	4159
2816	0	3393
2816	0	3399
2816	0	3434
2816	0	3447
2816	0	3499
2817	0	3393
2817	0	3410
2817	0	3395
2817	0	3396
2817	0	3475
2821	0	3393
2821	0	3417
2821	0	3395
2821	0	3396
2821	0	3475
2818	0	3393
2818	0	3410
2818	0	3395
2818	0	3396
2818	0	3475
2819	0	3393
2819	0	3417
2819	0	3395
2819	0	3396
2819	0	3475
2820	0	3393
2820	0	3417
2820	0	3439
2820	0	3396
2820	0	3475
2825	0	3393
2825	0	3410
2825	0	3395
2825	0	3396
2825	0	3475
2822	0	3393
2822	0	3410
2822	0	3395
2822	0	3396
2822	0	3475
2826	0	3393
2826	0	3410
2826	0	3395
2826	0	3396
2826	0	3475
2824	0	3393
2824	0	3410
2824	0	3395
2824	0	3396
2824	0	3475
2827	0	3393
2827	0	3417
2827	0	3395
2827	0	3396
2827	0	3475
2829	0	3393
2829	0	3417
2829	0	3439
2829	0	3396
2829	0	3475
2823	0	3393
2823	0	3410
2823	0	3395
2823	0	3396
2823	0	3475
2828	0	3393
2828	0	3417
2828	0	3395
2828	0	3396
2828	0	3475
2830	0	3393
2830	0	3417
2830	0	3395
2830	0	3396
2830	0	3475
2831	0	3393
2831	0	3417
2831	0	3395
2831	0	3396
2831	0	3475
2832	0	3393
2832	0	3420
2832	0	3519
2832	0	4013
2833	0	3393
2833	0	3410
2833	0	3395
2833	0	3396
2833	0	3787
2834	0	3393
2834	0	3410
2834	0	3427
2834	0	3832
2834	0	3937
2835	0	3393
2835	0	3417
2835	0	3427
2835	0	3687
2835	0	4060
2836	0	3393
2836	0	3417
2837	0	3393
2837	0	3420
2837	0	3421
2837	0	3422
2837	1	4231
2838	0	3393
2838	0	3417
2838	0	3427
2838	0	3687
2838	0	4060
2839	0	3393
2839	0	3417
2839	0	3427
2839	0	3687
2839	0	4060
2840	0	3393
2840	0	3410
2840	0	3479
2840	0	3395
2840	0	3480
2840	0	3524
2841	0	3393
2841	0	3399
2841	0	3400
2841	0	3495
2841	0	3404
2842	0	3393
2842	0	3399
2842	0	3400
2842	0	3495
2843	0	3393
2843	0	3410
2843	0	3395
2843	0	3396
2843	0	3440
2844	0	3393
2844	0	3399
2844	0	3400
2844	0	3495
2844	0	3404
2844	1	3654
2845	0	3393
2845	0	3399
2845	0	3400
2845	0	3408
2845	0	3404
2845	1	3948
2846	0	3393
2846	0	3399
2846	0	3434
2846	0	3447
2847	0	3393
2847	0	3399
2847	0	3416
2847	0	3395
2847	1	3571
2848	0	3393
2848	0	3417
2848	0	3395
2848	0	3396
2848	0	3446
2849	0	3393
2849	0	3410
2849	0	3395
2849	0	3396
2849	0	3440
2850	0	3393
2850	0	3399
2850	0	3416
2850	0	3395
2850	0	3417
2850	0	3477
2850	0	3482
2850	1	4232
2851	0	3393
2851	0	3410
2851	0	3427
2851	0	3529
2851	0	3547
2851	1	3956
2852	0	3393
2852	0	3410
2852	0	3395
2853	0	3393
2853	0	3410
2853	0	3504
2853	0	3505
2853	0	3618
2854	0	3393
2854	0	3410
2854	0	3395
2854	0	3396
2854	0	3446
2855	0	3393
2855	0	3410
2855	0	3395
2855	0	3396
2855	0	3475
2856	0	3393
2856	0	3399
2856	0	3434
2856	0	3447
2856	1	3508
2857	0	3393
2857	0	3420
2857	0	3458
2857	0	3772
2858	0	3393
2858	0	3410
2858	0	3395
2858	0	3396
2858	0	3454
2859	0	3393
2859	0	3399
2859	0	3400
2859	0	3645
2859	0	3410
2859	1	4233
2860	0	3393
2860	0	3410
2860	0	3395
2860	0	3396
2860	0	3475
2861	0	3393
2861	0	3410
2861	0	3395
2861	0	3396
2861	0	3454
2862	0	3393
2862	0	3420
2862	0	3580
2862	1	4234
2863	0	3393
2863	0	3410
2863	0	3395
2863	0	3396
2863	0	3471
2864	0	3393
2864	0	3420
2864	0	3580
2865	0	3393
2865	0	3405
2865	0	3395
2865	0	3396
2865	0	3475
2866	0	3393
2866	0	3417
2866	0	3427
2866	0	3687
2866	0	4060
2866	1	4235
2867	0	3393
2867	0	3420
2867	0	3519
2867	0	3520
2868	0	3393
2868	0	3420
2868	0	3421
2868	0	3422
2868	1	3965
2869	0	3393
2869	0	3420
2869	0	3519
2869	0	3520
2869	1	3965
2871	0	3393
2871	0	3420
2871	0	3519
2871	0	4013
2871	1	3965
2870	0	3393
2870	0	3420
2870	0	3519
2870	0	4013
2872	0	3393
2872	0	3417
2872	0	3427
2872	0	3428
2872	1	4236
2873	0	3393
2873	0	3399
2873	0	3416
2873	0	3395
2873	0	3417
2873	0	3938
2874	0	3393
2874	0	3399
2874	0	3416
2874	0	3395
2874	0	3417
2874	0	3427
2874	0	3720
2875	0	3393
2875	0	3399
2875	0	3400
2875	1	3933
2876	0	3393
2876	0	3410
2876	0	3427
2876	0	3529
2876	0	3530
2877	0	3393
2877	0	3417
2877	0	3395
2877	0	3396
2877	0	3471
2878	0	3393
2878	0	3417
2878	0	3395
2878	0	3396
2878	0	3471
2878	1	3965
2879	0	3393
2879	0	3417
2879	1	3661
2880	0	3393
2880	0	3399
2880	0	3400
2880	0	3495
2880	0	3404
2880	1	3407
2881	0	3393
2881	0	3399
2881	0	3431
2881	0	3452
2882	0	3393
2882	0	3399
2882	0	3431
2882	0	3452
2883	0	3393
2883	0	3399
2883	0	3400
2883	0	3495
2883	1	4237
2884	0	3393
2884	0	3417
2884	0	3395
2884	0	3396
2884	0	3475
2885	0	3393
2885	0	3417
2885	0	3427
2885	0	3485
2885	0	3486
2885	1	4236
2886	0	3393
2886	0	3417
2886	0	3395
2886	0	3396
2886	0	3446
2887	0	3393
2887	0	3410
2887	0	3395
2887	0	3396
2887	0	3440
2888	0	3393
2888	0	3399
2888	0	3434
2888	0	3447
2888	0	3448
2888	1	4238
2889	0	3393
2889	0	3417
2889	0	3395
2889	0	3396
2890	0	3393
2890	0	3420
2890	0	3458
2890	0	3802
2890	1	4220
2892	0	3393
2892	0	3417
2892	0	3395
2892	0	3396
2892	0	3446
2891	0	3393
2891	0	3417
2891	0	3439
2891	0	3396
2891	0	3475
2893	0	3393
2893	0	3417
2893	0	3395
2893	0	3396
2893	0	3475
2893	1	4239
2895	0	3393
2895	0	3417
2895	0	3395
2895	0	3396
2895	0	3475
2894	0	3393
2894	0	3417
2894	0	3395
2894	0	3396
2894	0	3475
2896	0	3393
2896	0	3417
2896	0	3395
2896	0	3396
2896	0	3475
2897	0	3393
2897	0	3417
2897	0	3395
2897	0	3396
2897	0	3475
2898	0	3393
2898	0	3417
2898	0	3427
2898	0	3428
2898	1	4236
2899	0	3393
2899	0	3399
2899	0	3400
2899	0	3645
2899	0	3404
2899	1	4240
2901	0	3393
2901	0	3417
2901	0	3395
2901	0	3396
2901	0	3475
2902	0	3393
2902	0	3417
2902	0	3395
2902	0	3396
2902	0	3787
2900	0	3393
2900	0	3417
2900	0	3395
2900	0	3442
2900	0	3456
2900	0	3419
2900	0	3754
2903	0	3393
2903	0	3417
2903	0	3395
2903	0	3396
2903	0	3787
2904	0	3393
2904	0	3420
2904	0	3458
2904	0	3780
2904	1	4241
2905	0	3393
2905	0	3410
2905	0	3479
2905	0	3395
2905	0	3476
2905	0	3663
2906	0	3393
2906	0	3410
2906	0	3427
2906	0	3428
2907	0	3393
2907	0	3420
2907	0	3421
2907	0	3422
2907	1	3637
2908	0	3393
2908	0	3399
2908	0	3416
2908	0	3395
2908	0	3410
2908	0	3427
2908	0	3913
2908	1	3923
2909	0	3393
2909	0	3533
2909	0	3534
2909	0	3504
2909	0	3683
2909	1	4157
2910	0	3393
2910	0	3417
2910	0	3507
2910	0	4242
2910	0	3543
2910	1	4243
2911	0	3393
2911	0	3420
2911	0	3580
2912	0	3393
2912	0	3399
2912	0	3416
2912	0	3507
2912	0	3744
2912	1	3910
2914	0	3393
2914	0	3410
2914	0	3395
2914	0	3480
2914	0	3481
2913	0	3393
2913	0	3410
2913	0	3395
2913	0	3396
2913	0	3493
2915	0	3393
2915	0	3410
2915	0	3395
2915	0	3461
2915	0	3462
2915	0	3463
2917	0	3393
2917	0	3410
2917	0	3395
2917	0	3396
2917	0	3493
2916	0	3393
2916	0	3417
2916	0	3395
2916	0	3469
2916	0	3470
2918	0	3393
2918	0	3399
2918	0	3416
2918	0	3507
2918	0	3543
2919	0	3393
2919	0	3417
2919	0	3395
2919	0	3442
2919	0	3456
2919	0	3419
2919	0	3754
2920	0	3393
2920	0	3410
2920	0	3395
2920	0	3418
2920	0	3873
2921	0	3393
2921	0	3399
2921	0	3431
2921	0	4066
2922	0	3393
2922	0	3417
2922	0	3395
2922	0	3442
2922	0	3456
2922	0	3419
2922	0	3754
2923	0	3393
2923	0	3417
2923	0	3395
2923	0	3396
2923	0	3493
2924	0	3393
2924	0	3417
2924	0	3395
2924	0	3396
2924	0	3475
2925	0	3393
2925	0	3417
2925	0	3395
2925	0	3396
2925	0	3511
2926	0	3393
2926	0	3417
2926	0	3395
2926	0	3396
2926	0	3511
2927	0	3393
2927	0	3417
2927	0	3395
2927	0	3396
2927	0	3475
2930	0	3393
2930	0	3410
2930	0	3395
2930	0	3396
2930	0	3475
2929	0	3393
2929	0	3410
2929	0	3395
2929	0	3396
2929	0	3475
2928	0	3393
2928	0	3417
2928	0	3439
2928	0	3396
2928	0	3475
2931	0	3393
2931	0	3399
2931	0	3416
2931	0	3395
2931	0	3405
2931	0	4175
2932	0	3393
2932	0	3417
2932	0	3395
2932	0	3469
2932	0	3462
2932	0	3463
2933	0	3393
2933	0	3417
2933	0	3395
2933	0	3469
2933	0	3462
2933	0	3847
2934	0	3393
2934	0	3394
2934	0	3395
2934	0	3396
2934	0	3857
2935	0	3393
2935	0	3399
2935	0	3416
2935	0	3395
2935	0	3394
2935	0	4175
2936	0	3393
2936	0	3394
2936	0	3395
2936	0	3396
2936	0	3446
2937	0	3393
2937	0	3410
2937	0	3395
2937	0	3396
2937	0	3475
2938	0	3393
2938	0	3417
2938	0	3395
2938	0	3469
2938	0	3462
2938	0	3463
2939	0	3393
2939	0	3399
2939	0	3434
2939	1	4244
2941	0	3393
2941	0	3417
2941	0	3504
2941	0	3683
2940	0	3393
2940	0	3417
2940	0	3504
2940	0	3649
2942	0	3393
2942	0	3410
2942	0	3395
2942	0	3396
2942	0	3440
2943	0	3393
2943	0	3399
2943	0	3400
2943	0	3408
2943	1	4245
2944	0	3393
2944	0	3394
2944	0	3395
2944	0	3461
2944	0	3853
2945	0	3393
2945	0	3417
2945	0	3395
2945	0	3396
2945	0	3475
2946	0	3393
2946	0	3417
2946	0	3395
2946	0	3396
2946	0	3475
2947	0	3393
2947	0	3410
2947	0	3427
2947	0	3832
2947	0	3833
2947	1	4246
2948	0	3393
2948	0	3410
2948	0	3395
2948	0	3396
2948	0	3440
2950	0	3393
2950	0	3410
2950	0	3395
2950	0	3396
2950	0	3440
2952	0	3393
2952	0	3410
2952	0	3395
2952	0	3396
2952	0	3440
2951	0	3393
2951	0	3410
2951	0	3395
2951	0	3396
2951	0	3440
2949	0	3393
2949	0	3410
2949	0	3395
2949	0	3396
2949	0	3440
2953	0	3393
2953	0	3417
2953	0	3395
2953	0	3396
2953	0	3475
2954	0	3393
2954	0	3417
2954	0	3395
2954	0	3396
2954	0	3511
2955	0	3393
2955	0	3417
2955	0	3395
2955	0	3396
2955	0	3857
2957	0	3393
2957	0	3417
2957	0	3395
2957	0	3396
2957	0	3446
2956	0	3393
2956	0	3417
2956	0	3395
2956	0	3396
2956	0	3857
2958	0	3393
2958	0	3410
2958	0	3395
2958	0	3396
2958	0	3475
2959	0	3393
2959	0	3410
2959	0	3395
2959	0	3396
2960	0	3393
2960	0	3410
2960	0	3395
2960	0	3396
2960	0	3475
2961	0	3393
2961	0	3410
2961	0	3395
2961	0	3396
2961	0	3475
2962	0	3393
2962	0	3410
2962	0	3395
2962	0	3396
2962	0	3440
2964	0	3393
2964	0	3417
2964	0	3395
2964	0	3920
2964	0	3663
2966	0	3393
2966	0	3410
2966	0	3395
2966	0	3396
2966	0	3446
2963	0	3393
2963	0	3410
2963	0	3395
2963	0	3396
2963	0	3475
2965	0	3393
2965	0	3417
2965	0	3395
2965	0	3920
2965	0	3663
2967	0	3393
2967	0	4199
2967	0	4200
2968	0	3393
2968	0	3410
2968	0	3395
2968	0	3396
2968	0	3454
2969	0	3393
2969	0	3410
2969	0	3395
2969	0	3396
2969	0	3475
2970	0	3393
2970	0	3410
2970	0	3395
2970	0	3396
2970	0	3475
2971	0	3393
2971	0	3417
2971	0	3427
2971	0	3687
2971	0	4060
2972	0	3393
2972	0	3417
2972	0	3427
2972	0	3687
2972	0	4060
2973	0	3393
2973	0	3410
2973	0	3395
2973	0	3396
2973	0	3440
2974	0	3393
2974	0	3417
2974	0	3439
2974	0	3396
2974	0	3475
2975	0	3393
2975	0	3410
2975	0	3395
2975	0	3396
2975	0	3475
2978	0	3393
2978	0	3399
2978	0	3434
2978	0	3447
2978	0	3448
2978	1	4238
2977	0	3393
2977	0	3399
2977	0	3434
2977	0	3447
2977	0	3448
2977	1	4238
2976	0	3393
2976	0	3399
2976	0	3434
2976	0	3447
2976	0	3448
2976	1	4238
2979	0	3393
2979	0	3410
2979	0	3395
2979	0	3396
2979	0	3440
2979	1	3770
2980	0	3393
2980	0	3417
2980	0	3629
2980	0	3712
2981	0	3393
2981	0	3420
2981	0	3421
2981	0	3422
2982	0	3393
2982	0	3399
2982	0	3400
2982	0	3645
2982	0	3410
2983	0	3393
2983	0	3417
2983	0	3439
2983	0	3396
2983	0	3475
2984	0	3393
2984	0	3420
2984	0	3540
2984	1	4054
2985	0	3393
2985	0	3410
2985	0	3395
2985	0	3396
2985	0	3440
2986	0	3393
2986	0	3399
2986	0	3434
2986	0	3447
2986	1	3508
2987	0	3393
2987	0	3399
2987	0	3431
2987	0	3600
2987	1	4247
2988	0	3393
2988	0	3417
2988	0	3395
2988	0	3442
2988	0	3456
2988	0	3427
2988	1	4035
2989	0	3393
2989	0	3417
2989	0	3439
2989	0	3396
2989	0	3475
2990	0	3393
2990	0	3399
2990	0	3416
2990	0	3507
2990	0	3543
2990	1	4248
2991	0	3393
2991	0	3410
2991	0	3427
2991	0	3408
2991	0	3484
2991	1	3965
2992	0	3393
2992	0	3417
2992	0	3395
2992	0	3920
2992	0	3663
2993	0	3393
2993	0	3417
2993	0	3427
2993	0	3687
2993	0	3688
2993	1	4249
2994	0	3393
2994	0	3399
2994	0	3416
2994	0	3507
2994	0	3543
2994	1	4083
2995	0	3393
2995	0	3399
2995	0	3400
2995	0	3645
2995	1	4058
2996	0	3393
2996	0	3410
2996	0	3395
2996	0	3396
2996	0	3857
2997	0	3393
2997	0	3420
2997	0	3421
2997	0	3422
2997	1	3745
2998	0	3393
2998	0	3417
2998	0	3629
2998	0	3712
2998	1	3745
2999	0	3393
2999	0	3417
2999	0	3395
2999	0	3396
2999	0	3454
3000	0	3393
3000	0	3417
3000	0	3439
3000	0	3396
3000	0	3454
3001	0	3393
3001	0	3410
3001	0	3395
3001	0	3480
3002	0	3393
3002	0	3399
3002	0	3416
3002	0	3507
3002	0	3543
3002	1	4212
3003	0	3393
3003	0	3399
3003	0	3416
3003	1	4250
3004	0	3393
3004	0	3399
3004	0	3400
3004	1	4251
3005	0	3393
3005	0	3399
3005	0	3431
3005	0	4066
3006	0	3393
3006	0	3399
3006	0	3431
3006	0	4066
3007	0	3393
3007	0	3420
3007	0	3421
3007	0	3422
3009	0	3393
3009	0	3417
3009	0	3395
3009	0	3396
3009	0	3446
3010	0	3393
3010	0	3410
3010	0	3395
3010	0	3396
3010	0	3475
3008	0	3393
3008	0	3417
3008	0	3395
3008	0	3396
3008	0	3475
3012	0	3393
3012	0	3417
3012	0	3395
3012	0	3396
3012	0	3454
3014	0	3393
3014	0	3417
3014	0	3395
3014	0	3396
3014	0	3475
3013	0	3393
3013	0	3417
3013	0	3395
3013	0	3442
3013	0	3456
3013	0	3419
3013	0	3754
3011	0	3393
3011	0	3410
3011	0	3395
3011	0	3396
3011	0	3475
3015	0	3393
3015	0	3399
3015	0	3416
3015	0	3395
3015	0	3410
3015	0	4175
3016	0	3393
3016	0	3399
3016	0	3416
3016	0	3395
3016	0	3410
3016	0	3480
3016	0	3482
3017	0	3393
3017	0	3410
3017	0	3395
3017	0	3396
3017	0	3475
3018	0	3393
3018	0	3420
3018	0	3458
3018	0	4063
3018	1	4252
3019	0	3393
3019	0	3410
3019	0	3395
3019	0	3396
3019	0	3440
3020	0	3393
3020	0	3399
3020	0	3431
3021	0	3393
3021	0	3399
3021	0	3429
3021	0	3395
3021	0	3430
3021	0	3410
3021	0	3608
3022	0	3393
3022	0	3410
3022	0	3395
3022	0	3396
3022	0	3446
3023	0	3393
3023	0	3410
3023	0	3395
3023	0	3396
3023	0	3440
3024	0	3393
3024	0	3410
3024	0	3411
3024	0	3412
3024	1	3450
3025	0	3393
3025	0	3410
3025	0	3395
3025	0	3396
3025	0	3475
3026	0	3393
3026	0	3417
3026	0	3395
3026	0	3396
3026	0	3471
3027	0	3393
3027	0	3399
3027	0	3416
3027	0	3507
3027	0	3543
3028	0	3393
3028	0	3410
3028	0	3411
3028	0	3412
3028	1	4253
3029	0	3393
3029	0	3399
3029	0	3400
3029	0	3402
3029	0	3404
3029	0	3394
3030	0	3393
3030	0	3417
3030	0	3439
3030	0	3396
3030	0	4225
3031	0	3393
3031	0	3417
3031	0	3395
3031	0	3477
3031	0	3491
3032	0	3393
3032	0	3417
3032	0	3395
3032	0	3477
3032	0	3491
3033	0	3393
3033	0	3417
3033	0	3395
3033	0	3396
3033	0	3475
3034	0	3393
3034	0	3417
3034	0	3395
3034	0	3442
3034	0	3489
3034	0	3444
3036	0	3393
3036	0	3399
3036	0	3416
3036	0	3507
3036	0	3633
3036	1	3703
3035	0	3393
3035	0	3410
3035	0	3395
3035	0	3396
3035	0	3475
3037	0	3393
3037	0	3399
3037	0	3400
3037	0	3495
3037	0	3404
3037	1	4254
3038	0	3393
3038	0	3417
3038	0	3439
3038	0	3396
3038	0	3475
3039	0	3393
3039	0	3417
3039	0	3395
3039	0	3396
3039	0	3475
3040	0	3393
3040	0	3399
3040	0	3434
3040	0	3447
3040	0	3499
3040	1	4255
3041	0	3393
3041	0	3399
3041	0	3416
3041	0	3395
3041	0	3417
3041	0	3938
3042	0	3393
3042	0	3420
3042	0	3519
3042	0	4013
3042	1	3965
3043	0	3393
3043	0	3399
3043	0	3429
3043	0	3395
3043	0	3430
3043	0	3410
3043	0	3608
3044	0	3393
3044	0	3410
3044	0	3427
3044	0	3408
3044	0	3563
3044	1	4256
3045	0	3393
3045	0	3417
3045	0	3427
3045	0	3687
3045	0	4060
3046	0	3393
3046	0	3417
3046	0	3629
3046	0	3712
3047	0	3393
3047	0	4204
3047	0	4205
3047	1	3879
3049	0	3393
3049	0	3399
3049	0	3400
3049	1	3403
3048	0	3393
3048	0	3399
3048	0	3400
3048	0	3742
3048	1	3403
3051	0	3393
3051	0	3399
3051	0	3400
3051	0	3495
3051	1	3403
3050	0	3393
3050	0	3399
3050	0	3400
3050	0	3495
3050	1	3403
3052	0	3393
3052	0	3399
3052	0	3416
3052	0	3395
3052	0	3417
3052	0	4175
3053	0	3393
3053	0	3399
3053	0	3434
3053	0	3447
3053	0	3499
3053	1	4257
3054	0	3393
3054	0	3417
3054	0	3629
3054	0	4258
3054	1	4259
3056	0	3393
3056	0	3399
3056	0	3400
3056	0	3402
3056	0	3404
3056	0	3394
3056	1	3406
3058	0	3393
3058	0	3399
3058	0	3400
3058	0	3402
3058	0	3404
3058	0	3405
3058	1	3406
3055	0	3393
3055	0	3399
3055	0	3400
3055	0	3402
3055	0	3404
3055	0	3405
3055	1	3406
3057	0	3393
3057	0	3399
3057	0	3400
3057	0	3402
3057	0	3404
3057	0	3405
3057	1	3406
3059	0	3393
3059	0	3399
3059	0	3400
3059	0	3495
3059	0	3404
3059	1	3406
3060	0	3393
3060	0	3399
3060	0	3400
3060	0	3495
3060	0	3404
3060	1	3406
3063	0	3393
3063	0	3399
3063	0	3400
3063	0	3402
3063	0	3404
3063	0	3555
3063	0	3534
3063	1	3406
3061	0	3393
3061	0	3399
3061	0	3400
3061	0	3402
3061	0	3404
3061	0	3405
3061	1	3406
3062	0	3393
3062	0	3399
3062	0	3400
3062	0	3402
3062	0	3404
3062	0	3405
3062	1	3406
3064	0	3393
3064	0	3399
3064	0	3400
3064	0	3402
3064	0	3404
3064	0	3555
3064	0	3534
3064	1	3406
3065	0	3393
3065	0	4048
3065	0	4260
3065	1	4261
3066	0	3393
3066	0	3399
3066	0	3400
3066	0	3408
3066	0	3404
3066	1	4262
3067	0	3393
3067	0	3533
3067	0	3534
3067	0	3427
3067	0	4217
3067	1	4263
3069	0	3393
3069	0	3399
3069	0	3400
3069	0	3402
3069	0	3404
3069	0	3405
3069	1	3403
3068	0	3393
3068	0	3399
3068	0	3400
3068	0	3402
3068	0	3404
3068	0	3405
3068	1	3403
3070	0	3393
3070	0	3399
3070	0	3400
3070	0	3402
3070	1	3403
3071	0	3393
3071	0	3399
3071	0	3400
3071	0	3402
3071	0	3404
3071	0	3405
3071	1	3403
3072	0	3393
3072	0	3399
3072	0	3400
3072	0	3402
3072	0	3404
3072	0	3394
3072	1	3403
3073	0	3393
3073	0	3399
3073	0	3400
3073	0	3402
3073	0	3404
3073	0	3394
3073	1	3403
3074	0	3393
3074	0	3399
3074	0	3400
3074	0	3402
3074	0	3404
3074	0	3394
3074	1	3403
3075	0	3393
3075	0	3417
3075	0	3395
3075	0	4037
3076	0	3393
3076	0	3399
3076	0	3434
3076	0	3447
3076	0	3499
3076	1	4264
3077	0	3393
3077	0	3399
3077	0	3400
3077	1	3406
3078	0	3393
3078	0	3410
3078	0	3395
3078	0	3396
3078	0	3475
3079	0	3393
3079	0	3399
3079	0	3400
3079	1	3406
3080	0	3393
3080	0	3420
3080	0	3421
3080	0	3422
3081	0	3393
3081	0	3420
3081	0	3421
3081	0	3422
3082	0	3393
3082	0	3417
3082	0	3395
3082	0	3396
3082	0	3475
3083	0	3393
3083	0	3399
3083	0	3416
3083	0	3507
3083	0	3543
3083	1	4265
3084	0	3393
3084	0	3417
3084	0	3427
3084	0	3408
3084	0	3718
3085	0	3393
3085	0	3417
3085	0	3395
3085	0	3396
3085	0	3454
3086	0	3393
3086	0	3417
3086	0	3395
3086	0	3565
3086	0	3566
3087	0	3393
3087	0	3417
3087	0	3395
3087	0	3442
3087	0	3456
3087	0	3710
3087	0	4266
3089	0	3393
3089	0	3410
3089	0	3395
3089	0	3396
3089	0	3440
3088	0	3393
3088	0	3405
3088	0	3395
3088	0	3396
3088	0	3475
3090	0	3393
3090	0	3410
3090	0	3395
3090	0	3396
3090	0	3440
3091	0	3393
3091	0	3410
3091	0	3395
3091	0	3396
3091	0	3440
3092	0	3393
3092	0	3417
3092	0	3395
3092	0	3396
3092	0	3440
3094	0	3393
3094	0	3417
3094	0	3395
3094	0	3396
3094	0	3446
3093	0	3393
3093	0	3417
3093	0	3395
3093	0	3396
3093	0	3446
3095	0	3393
3095	0	3399
3095	0	3400
3095	0	3402
3095	0	3404
3095	0	3405
3095	1	3406
3097	0	3393
3097	0	3399
3097	0	3400
3097	0	3495
3097	0	3404
3097	1	4267
3096	0	3393
3096	0	3399
3096	0	3400
3096	0	3402
3096	0	3404
3096	0	3394
3096	1	4267
3098	0	3393
3098	0	3417
3098	0	3395
3098	0	3565
3098	0	4268
3098	1	4269
3099	0	3393
3099	0	3399
3099	0	3416
3099	0	3507
3099	0	3521
3099	1	4270
3100	0	3393
3100	0	3410
3100	0	3395
3100	0	3418
3100	0	3873
3101	0	3393
3101	0	3410
3101	0	3395
3101	0	3396
3101	0	3475
3102	0	3393
3102	0	3417
3102	0	3395
3102	0	3396
3102	0	3793
3103	0	3393
3103	0	3399
3103	0	3416
3103	0	3507
3103	0	3543
3104	0	3393
3104	0	3417
3104	0	3395
3104	0	3396
3104	0	3793
3105	0	3393
3105	0	3410
3105	0	3395
3105	0	3472
3105	0	3473
3106	0	3393
3106	0	3399
3106	0	3400
3106	1	3654
3107	0	3393
3107	0	3417
3107	0	3411
3107	0	3412
3107	1	4271
3108	0	3393
3108	0	3417
3108	0	3411
3108	0	3412
3108	1	4271
3109	0	3393
3109	0	3420
3109	0	3421
3109	0	3422
3110	0	3393
3110	0	3420
3110	0	3458
3110	0	3780
3111	0	3393
3111	0	3399
3111	0	3431
3111	0	4066
3113	0	3393
3113	0	3420
3113	0	3421
3113	0	3422
3113	1	4272
3112	0	3393
3112	0	3420
3112	0	3421
3112	0	3422
3112	1	4272
3114	0	3393
3114	0	3417
3114	0	3427
3114	0	3408
3114	0	3550
3114	1	4273
3115	0	3393
3115	0	3417
3115	0	3427
3115	0	3529
3115	0	3699
3115	1	4274
3116	0	3393
3116	0	3399
3116	0	3400
3116	0	3495
3116	0	3404
3117	0	3393
3117	0	3410
3117	0	3395
3117	0	3396
3118	0	3393
3118	0	3399
3118	0	3431
3118	0	4066
3119	0	3393
3119	0	3399
3119	0	3434
3119	0	3447
3120	0	3393
3120	0	3399
3120	0	3400
3120	0	3495
3120	1	3816
3121	0	3393
3121	0	3410
3121	0	3395
3121	0	3418
3121	0	3873
3122	0	3393
3122	0	3417
3122	0	3395
3122	0	3442
3122	0	3489
3122	0	3513
3123	0	3393
3123	0	3399
3123	0	3400
3123	0	3402
3123	0	3404
3123	0	3405
3123	1	4275
3124	0	3393
3124	0	3399
3124	0	3773
3124	0	4029
3125	0	3393
3125	0	3410
3125	0	3395
3125	0	3396
3125	0	3454
3126	0	3393
3126	0	3417
3126	0	3427
3126	0	4276
3127	0	3393
3127	0	3420
3127	0	3421
3127	0	3824
3127	1	4010
3129	0	3393
3129	0	3417
3129	0	3395
3129	0	3396
3129	0	3471
3128	0	3393
3128	0	3417
3128	0	3395
3128	0	3442
3128	0	3456
3128	0	3419
3128	0	3754
3130	0	3393
3130	0	3417
3130	0	3395
3130	0	3396
3130	0	3857
3131	0	3393
3131	0	3417
3131	0	3427
3131	1	4277
3132	0	3393
3132	0	3410
3132	0	3395
3132	0	3396
3132	0	3454
3133	0	3393
3133	0	3410
3133	0	3427
3133	0	3720
3133	0	3636
3134	0	3393
3134	0	3399
3134	0	3416
3134	0	3395
3134	0	3410
3134	0	3427
3134	0	3987
3134	1	4058
3135	0	3393
3135	0	3399
3135	0	3400
3135	0	3402
3135	0	3404
3135	0	3394
3135	1	3406
3136	0	3393
3136	0	3399
3136	0	3400
3136	0	3402
3136	0	3404
3136	0	3394
3136	1	3406
3137	0	3393
3137	0	3533
3137	0	3556
3137	0	3395
3137	0	3552
3137	0	3800
3138	0	3393
3138	0	3410
3138	0	3395
3138	0	3472
3138	0	3566
3138	1	4278
3139	0	3393
3139	0	3399
3139	0	3400
3139	0	3495
3139	0	3404
3139	1	3406
3140	0	3393
3140	0	3394
3140	0	3411
3140	0	3412
3140	1	4038
3141	0	3393
3141	0	3410
3141	0	3395
3141	0	3396
3141	0	3471
3142	0	3393
3142	0	3417
3142	0	3395
3142	0	3396
3142	0	3454
3143	0	3393
3143	0	3410
3143	0	3395
3143	0	3396
3143	0	3624
3144	0	3393
3144	0	3410
3144	0	3395
3144	0	3396
3144	0	3454
3145	0	3393
3145	0	3399
3145	0	3400
3145	0	3495
3145	0	3404
3145	1	4267
3146	0	3393
3146	0	3399
3146	0	3431
3146	0	3600
3147	0	3393
3147	0	3410
3147	0	3395
3147	0	3396
3147	0	3493
3148	0	3393
3148	0	3410
3148	0	3395
3148	0	3396
3148	0	3454
3150	0	3393
3150	0	3417
3150	0	3395
3150	0	4279
3149	0	3393
3149	0	3410
3149	0	3395
3149	0	3396
3149	0	3624
3151	0	3393
3151	0	3399
3151	0	3416
3151	1	4280
3152	0	3393
3152	0	3410
3152	0	3395
3152	0	3396
3152	0	3493
3153	0	3393
3153	0	3410
3153	0	3395
3153	0	3396
3153	0	3493
3154	0	3393
3154	0	3410
3154	0	3395
3154	0	3396
3154	0	3493
3155	0	3393
3155	0	3399
3155	0	3708
3155	0	3427
3155	1	4281
3156	0	3393
3156	0	3410
3156	0	3395
3156	0	3552
3156	0	4282
3157	0	3393
3157	0	3410
3157	0	3395
3157	0	3396
3157	0	3475
3158	0	3393
3158	0	3410
3158	0	3395
3158	0	3480
3158	0	3481
3159	0	3393
3159	0	3417
3159	0	3395
3159	0	3396
3159	0	3475
3160	0	3393
3160	0	3417
3160	0	3395
3160	0	3396
3160	0	3475
3161	0	3393
3161	0	3410
3161	0	3395
3161	0	3396
3161	0	3475
3162	0	3393
3162	0	3410
3162	0	3395
3162	0	3396
3163	0	3393
3163	0	3417
3163	0	3395
3163	0	3396
3163	0	3475
3164	0	3393
3164	0	3410
3164	0	3395
3164	0	3396
3164	0	3475
3165	0	3393
3165	0	3399
3165	0	3416
3165	0	3395
3165	0	3417
3165	0	3427
3165	0	3408
3165	0	3550
3165	1	4283
3166	0	3393
3166	0	3410
3166	0	3395
3166	0	3461
3166	0	3602
3167	0	3393
3167	0	3410
3167	0	3395
3167	0	3396
3167	0	3471
3168	0	3393
3168	0	3410
3168	0	3395
3168	0	3396
3168	0	3471
3170	0	3393
3170	0	3417
3170	0	3427
3170	0	3832
3170	0	3833
3170	1	4284
3169	0	3393
3169	0	3417
3169	0	3629
3169	0	3630
3169	1	4284
3171	0	3393
3171	0	3417
3171	0	3629
3171	0	3712
3171	1	4284
3172	0	3393
3172	0	3410
3172	0	3395
3172	0	3396
3172	0	3454
3173	0	3393
3173	0	3399
3173	0	3416
3173	0	3507
3173	0	3521
3173	1	4285
3174	0	3393
3174	0	3399
3174	0	3400
3174	0	3402
3174	0	3404
3174	0	3394
3174	1	3407
3179	0	3393
3179	0	3399
3179	0	3400
3179	0	3742
3179	1	4286
3177	0	3393
3177	0	3399
3177	0	3400
3177	0	3402
3177	0	3404
3177	0	3394
3177	1	4286
3178	0	3393
3178	0	3399
3178	0	3400
3178	0	3742
3175	0	3393
3175	0	3399
3175	0	3400
3175	0	3402
3175	0	3404
3175	0	3394
3175	1	3407
3176	0	3393
3176	0	3399
3176	0	3400
3176	0	3402
3176	0	3404
3176	0	3394
3176	1	4286
3180	0	3393
3180	0	3417
3180	0	3395
3180	0	3396
3180	0	3440
3181	0	3393
3181	0	3410
3181	0	3395
3181	0	3396
3181	0	3440
3182	0	3393
3182	0	3399
3182	0	3400
3182	0	3402
3182	0	3404
3182	0	3394
3182	1	3407
3183	0	3393
3183	0	3417
3183	0	3395
3183	0	3396
3183	0	3454
3184	0	3393
3184	0	3420
3184	0	3424
3184	0	3425
3185	0	3393
3185	0	3420
3185	0	3421
3185	0	3422
3186	0	3393
3186	0	3420
3186	0	3424
3186	0	3425
3187	0	3393
3187	0	3420
3187	0	3580
3188	0	3393
3188	0	3399
3188	0	3434
3188	0	3447
3188	0	3597
3189	0	3393
3189	0	3410
3189	0	3395
3189	0	3396
3189	0	3475
3190	0	3393
3190	0	3417
3190	0	3395
3190	0	3396
3190	0	3475
3191	0	3393
3191	0	3417
3191	0	3395
3191	0	3442
3191	0	3456
3191	0	3916
3191	0	4109
3192	0	3393
3192	0	3420
3192	0	3580
3192	1	4287
3193	0	3393
3193	0	3417
3193	0	3395
3193	0	3396
3193	0	3475
3194	0	3393
3194	0	3417
3194	0	3395
3194	0	4078
3194	0	3663
3195	0	3393
3195	0	3417
3195	0	3395
3195	0	3920
3195	0	3663
3196	0	3393
3196	0	3417
3196	0	3395
3196	0	4078
3196	0	3663
3197	0	3393
3197	0	3410
3197	0	3427
3197	0	3408
3197	0	3484
3198	0	3393
3198	0	3417
3198	0	3395
3198	0	4037
3199	0	3393
3199	0	3417
3199	0	3395
3199	0	3396
3199	0	3475
3200	0	3393
3200	0	3399
3200	0	3434
3200	0	3447
3200	0	3487
3201	0	3393
3201	0	3399
3201	0	3434
3201	0	3447
3201	0	3597
3201	1	4288
3202	0	3393
3202	0	3399
3202	0	3416
3202	0	3395
3202	0	3410
3202	0	3427
3202	0	3512
3202	1	4074
3203	0	3393
3203	0	3417
3203	0	3395
3203	0	3396
3203	0	3493
3204	0	3393
3204	0	3410
3204	0	3395
3204	0	3396
3205	0	3393
3205	0	3417
3205	0	3395
3205	0	3396
3205	0	3454
3206	0	3393
3206	0	3410
3206	0	3427
3206	0	3408
3206	0	3484
3206	1	3965
3207	0	3393
3207	0	3417
3207	0	3395
3207	0	3396
3207	0	3511
3208	0	3393
3208	0	3399
3208	0	3416
3208	0	3507
3208	0	3633
3209	0	3393
3209	0	3417
3209	0	3395
3209	0	3469
3209	0	3470
3210	0	3393
3210	0	3420
3210	0	3424
3210	0	3425
3210	1	3423
3211	0	3393
3211	0	3399
3211	0	3416
3211	0	3395
3211	0	3410
3211	0	4175
3212	0	3393
3212	0	3417
3212	0	3395
3212	0	3920
3212	0	3663
3213	0	3393
3213	0	3410
3213	0	3395
3213	0	3396
3214	0	3393
3214	0	3410
3214	0	3395
3214	0	3396
3214	0	3475
3215	0	3393
3215	0	3410
3215	0	3395
3215	0	3396
3215	0	3475
3216	0	3393
3216	0	3410
3216	0	3395
3216	0	3396
3216	0	3475
3217	0	3393
3217	0	3410
3217	0	3395
3217	0	3396
3217	0	3471
3218	0	3393
3218	0	3399
3218	0	3416
3218	0	3507
3218	0	3521
3218	1	4289
3219	0	3393
3219	0	3399
3219	0	3431
3219	0	3514
3220	0	3393
3220	0	3399
3220	0	3431
3220	0	3452
3221	0	3393
3221	0	3417
3221	0	3629
3221	0	3712
3221	1	4249
3222	0	3393
3222	0	3399
3222	0	3434
3222	0	3447
3222	1	3508
3223	0	3393
3223	0	3410
3223	0	3395
3223	0	3396
3223	0	3440
3224	0	3393
3224	0	3399
3224	0	3434
3224	0	3447
3224	1	4290
3225	0	3393
3225	0	3399
3225	0	3416
3225	0	3395
3225	0	3417
3225	0	4175
3226	0	3393
3226	0	3399
3226	0	3434
3226	0	3447
3226	0	3499
3226	1	4291
3227	0	3393
3227	0	3417
3227	0	3395
3227	0	3396
3227	0	3446
3228	0	3393
3228	0	3417
3228	0	3395
3228	0	3477
3228	0	3491
3231	0	3393
3231	0	3417
3231	0	3395
3231	0	3396
3231	0	3475
3230	0	3393
3230	0	3417
3230	0	3439
3230	0	3396
3230	0	3475
3229	0	3393
3229	0	3417
3229	0	3395
3229	0	3396
3229	0	3397
3232	0	3393
3232	0	3417
3232	0	3395
3232	0	3396
3232	0	3475
3233	0	3393
3233	0	3417
3233	0	3439
3233	0	3396
3233	0	3446
3234	0	3393
3234	0	3417
3234	0	3395
3234	0	3396
3234	0	3475
3235	0	3393
3235	0	3417
3235	0	3395
3235	0	3396
3235	0	3475
3236	0	3393
3236	0	3399
3236	0	3400
3236	0	3495
3236	1	3895
3237	0	3393
3237	0	3399
3237	0	3400
3237	1	4292
3238	0	3393
3238	0	3417
3238	0	3395
3238	0	3920
3238	0	3663
3239	0	3393
3239	0	3399
3239	0	3429
3239	0	3395
3239	0	3430
3239	0	3410
3239	0	3608
3240	0	3393
3240	0	3417
3240	0	3395
3240	0	3396
3240	0	3511
3241	0	3393
3241	0	3417
3241	0	3395
3241	0	3442
3241	0	3456
3241	0	3419
3241	0	3754
3242	0	3393
3242	0	3417
3242	0	3395
3242	0	3442
3242	0	3456
3242	0	3419
3242	0	3754
3243	0	3393
3243	0	3417
3243	0	3395
3243	0	3442
3243	0	3456
3243	0	3419
3243	0	3754
3244	0	3393
3244	0	3417
3244	0	3395
3244	0	3442
3244	0	3456
3244	0	3419
3244	0	3754
3245	0	3393
3245	0	3417
3245	0	3395
3245	0	3442
3245	0	3456
3245	0	3419
3245	0	3754
3246	0	3393
3246	0	3417
3246	0	3395
3246	0	3442
3246	0	3456
3246	0	3419
3246	0	3754
3247	0	3393
3247	0	3417
3247	0	3395
3247	0	3396
3247	0	3471
3248	0	3393
3248	0	3405
3249	0	3393
3249	0	3410
3249	0	3395
3249	0	3396
3249	0	3475
3250	0	3393
3250	0	3417
3250	0	3395
3250	0	3396
3250	0	3440
3251	0	3393
3251	0	3399
3251	0	3400
3251	0	3495
3251	1	4293
3252	0	3393
3252	0	3417
3252	0	3395
3252	0	3396
3252	0	3793
3253	0	3393
3253	0	3394
3253	0	3395
3253	0	4294
3253	0	4295
3253	1	4296
3254	0	3393
3254	0	3410
3254	0	3395
3254	0	3396
3254	0	3440
3256	0	3393
3256	0	3410
3256	0	3395
3256	0	3396
3256	0	3475
3255	0	3393
3255	0	3410
3255	0	3395
3255	0	3396
3255	0	3475
3257	0	3393
3257	0	3410
3257	0	3395
3257	0	3396
3257	0	3475
3258	0	3393
3258	0	3399
3258	0	3431
3258	0	3452
3259	0	3393
3259	0	3417
3259	0	3395
3259	0	3442
3259	0	3456
3259	0	3419
3259	0	3754
3260	0	3393
3260	0	3417
3260	0	3395
3260	0	3396
3260	0	3475
3261	0	3393
3261	0	3399
3261	0	3416
3261	0	3507
3261	0	3757
3261	0	4297
3262	0	3393
3262	0	3399
3262	0	3400
3262	0	3408
3262	0	3404
3262	1	3407
3264	0	3393
3264	0	3399
3264	0	3400
3264	0	3504
3263	0	3393
3263	0	3399
3263	0	3400
3263	0	3504
3263	1	4298
3265	0	3393
3265	0	3410
3265	0	3395
3265	0	3396
3265	0	3446
3266	0	3393
3266	0	3399
3266	0	3416
3267	0	3393
3267	0	3399
3267	0	3400
3267	0	3495
3267	1	4299
3268	0	3393
3268	0	3399
3268	0	3434
3268	0	3447
3269	0	3393
3269	0	3417
3269	0	3395
3269	0	3396
3269	0	3471
3270	0	3393
3270	0	3399
3270	0	3400
3270	0	3645
3270	1	4166
3271	0	3393
3271	0	3399
3271	0	3400
3271	1	3763
3272	0	3393
3272	0	3417
3272	0	3395
3272	0	3396
3272	0	3446
3273	0	3393
3273	0	3417
3273	0	3427
3273	0	3635
3273	0	3982
3274	0	3393
3274	0	3410
3274	0	3395
3274	0	3396
3274	0	3475
3276	0	3393
3276	0	3399
3276	0	3400
3276	0	3495
3276	0	3404
3276	1	3763
3275	0	3393
3275	0	3399
3275	0	4123
3275	0	3427
3275	1	3763
3277	0	3393
3277	0	3417
3277	0	3427
3277	0	3635
3277	0	3982
3278	0	3393
3278	0	3399
3278	0	3416
3278	1	3508
3280	0	3393
3280	0	3399
3280	0	3400
3280	0	3495
3280	0	3404
3280	1	3763
3279	0	3393
3279	0	3399
3279	0	3400
3279	0	3495
3279	0	3404
3279	1	3763
3281	0	3393
3281	0	3410
3281	0	3395
3281	0	3396
3282	0	3393
3282	0	3417
3282	0	3411
3282	0	3412
3282	1	4300
3284	0	3393
3284	0	3399
3284	0	3416
3284	0	3395
3283	0	3393
3283	0	3410
3283	0	3395
3283	0	3396
3283	0	3475
3285	0	3393
3285	0	3399
3285	0	3416
3285	0	3507
3285	0	3757
3286	0	3393
3286	0	3417
3286	0	3427
3286	0	3635
3286	0	3982
3286	1	4301
3287	0	3393
3287	0	3417
3287	0	3427
3287	0	3635
3287	0	3982
3288	0	3393
3288	0	3417
3288	0	3427
3288	0	3635
3288	0	4137
3288	1	4301
3289	0	3393
3289	0	3399
3289	0	3416
3289	0	3507
3289	0	3521
3290	0	3393
3290	0	3417
3290	0	3504
3290	0	3649
3291	0	3393
3291	0	3417
3291	0	3504
3291	0	3649
3292	0	3393
3292	0	3410
3292	0	3395
3292	0	3396
3292	0	3475
3293	0	3393
3293	0	3410
3293	0	3427
3293	0	3485
3293	0	3486
3294	0	3393
3294	0	3417
3294	0	3395
3294	0	3442
3294	0	3456
3294	0	3419
3294	0	3754
3295	0	3393
3295	0	3399
3295	0	3416
3295	0	3507
3295	0	3543
3296	0	3393
3296	0	3399
3296	0	3434
3296	0	3447
3296	0	3499
3296	1	4302
3297	0	3393
3297	0	3399
3297	0	3434
3297	0	3447
3297	0	3499
3297	1	4302
3298	0	3393
3298	0	3399
3298	0	3400
3298	0	3495
3298	0	3404
3298	1	4303
3299	0	3393
3299	0	3399
3299	0	3400
3299	0	3495
3299	0	3404
3299	1	4303
3300	0	3393
3300	0	3399
3300	0	3416
3300	0	3507
3300	0	3521
3301	0	3393
3301	0	3417
3301	0	3395
3302	0	3393
3302	0	3417
3302	0	3427
3302	0	3635
3302	0	3982
3304	0	3393
3304	0	3399
3304	0	3416
3304	0	3507
3304	0	3757
3303	0	3393
3303	0	3399
3303	0	3416
3303	0	3507
3303	0	3757
3305	0	3393
3305	0	3410
3305	0	3427
3305	0	3529
3305	0	3547
3305	1	4304
3306	0	3393
3306	0	3410
3306	0	3395
3306	0	3396
3306	0	3475
3307	0	3393
3307	0	3399
3307	0	3416
3307	0	3507
3307	0	3633
3307	1	4300
3308	0	3393
3308	0	3417
3308	0	3427
3308	0	3635
3308	0	3982
3309	0	3393
3309	0	3417
3309	0	3395
3309	0	3396
3309	0	3475
3310	0	3393
3310	0	3417
3310	0	3427
3310	0	3635
3310	0	4137
3311	0	3393
3311	0	3417
3311	0	3427
3311	0	3408
3311	0	4305
3312	0	3393
3312	0	3399
3312	0	3416
3312	0	3507
3312	0	3757
3312	0	4297
3313	0	3393
3313	0	3399
3313	0	3416
3314	0	3393
3314	0	3399
3314	0	3416
3314	0	3507
3314	0	3757
3314	0	4297
3315	0	3393
3315	0	3399
3315	0	3400
3315	0	3402
3315	0	3404
3315	1	4306
3318	0	3393
3318	0	3399
3318	0	3400
3318	0	3402
3318	0	3404
3318	0	3394
3316	0	3393
3316	0	3399
3316	0	3400
3316	0	3402
3316	0	3404
3316	0	3394
3317	0	3393
3317	0	3399
3317	0	3400
3317	0	3402
3317	0	3404
3317	1	4306
3319	0	3393
3319	0	3399
3319	0	3400
3319	0	3408
3319	1	4307
3320	0	3393
3320	0	3399
3320	0	3416
3320	0	3395
3320	0	3410
3320	0	3427
3320	0	3987
3320	1	4058
3321	0	3393
3321	0	3417
3321	0	3427
3321	0	3635
3321	0	3982
3322	0	3393
3322	0	3399
3322	0	3400
3322	1	3407
3323	0	3393
3323	0	3417
3323	0	3427
3323	0	3635
3323	0	3982
3324	0	3393
3324	0	3399
3324	0	3416
3324	0	3395
3324	0	3417
3324	0	4175
3325	0	3393
3325	0	3417
3325	0	3395
3325	0	3442
3325	0	3456
3325	0	3419
3325	0	3754
3326	0	3393
3326	0	3417
3326	0	3395
3326	0	3442
3326	0	3456
3326	0	3419
3326	0	3754
3329	0	3393
3329	0	3417
3329	0	3395
3329	0	3396
3329	0	3475
3327	0	3393
3327	0	3417
3327	0	3395
3327	0	3396
3327	0	3475
3330	0	3393
3330	0	3417
3330	0	3395
3330	0	3477
3330	0	3491
3331	0	3393
3331	0	3417
3331	0	3427
3331	0	3635
3331	0	4130
3328	0	3393
3328	0	3417
3328	0	3395
3328	0	3396
3328	0	3475
3332	0	3393
3332	0	3399
3332	0	3416
3332	0	3507
3332	0	3521
3332	1	4308
3333	0	3393
3333	0	3417
3333	0	3395
3333	0	3442
3333	0	3456
3333	0	3419
3333	0	3754
3334	0	3393
3334	0	3399
3334	0	3416
3334	0	3507
3334	0	3633
3334	1	4309
3335	0	3393
3335	0	3399
3335	0	4183
3335	0	4310
3335	1	4311
3336	0	3393
3336	0	3399
3336	0	3416
3336	0	3507
3336	0	3543
3336	1	4312
3337	0	3393
3337	0	3410
3337	0	3395
3337	0	3396
3337	0	3440
3338	0	3393
3338	0	3417
3338	0	3629
3338	0	3712
3338	1	4313
3339	0	3393
3339	0	3420
3339	0	3421
3339	0	3422
3339	1	4314
3340	0	3393
3340	0	3417
3340	0	3395
3340	0	3396
3340	0	3446
3341	0	3393
3341	0	3417
3341	0	3395
3341	0	3396
3341	0	3475
3342	0	3393
3342	0	3417
3342	0	3395
3342	0	3396
3342	0	3471
3343	0	3393
3343	0	3399
3343	0	3416
3343	0	3507
3343	0	3521
3343	1	4308
3344	0	3393
3344	0	3399
3344	0	3416
3344	0	3507
3344	0	3757
3345	0	3393
3345	0	3417
3345	0	3395
3345	0	3442
3345	0	3456
3345	0	3419
3346	0	3393
3346	0	3410
3346	0	3395
3346	0	3396
3346	0	3440
3347	0	3393
3347	0	3410
3347	0	3395
3347	0	3396
3347	0	3475
3348	0	3393
3348	0	3410
3348	0	3395
3348	0	3396
3348	0	3475
3349	0	3393
3349	0	3399
3349	0	3416
3349	0	3507
3349	0	3757
3349	0	4297
3349	1	4315
3350	0	3393
3350	0	3417
3350	0	3395
3350	0	3396
3350	0	3475
3351	0	3393
3351	0	3420
3351	0	3421
3351	0	3422
3351	1	4316
3352	0	3393
3352	0	3399
3352	0	3416
3352	0	3507
3352	0	3757
3352	1	4317
3353	0	3393
3353	0	3399
3353	0	3400
3353	0	3402
3353	0	3404
3353	0	3394
3353	1	3406
3354	0	3393
3354	0	3399
3354	0	3400
3354	0	3402
3354	0	3404
3354	0	3394
3355	0	3393
3355	0	3399
3355	0	3416
3355	0	3507
3355	0	3521
3357	0	3393
3357	0	3399
3357	0	3416
3357	0	3507
3357	0	3521
3364	0	3393
3364	0	3399
3364	0	3416
3364	0	3507
3364	0	3521
3362	0	3393
3362	0	3399
3362	0	3416
3362	0	3507
3362	0	3521
3356	0	3393
3356	0	3399
3356	0	3416
3356	0	3507
3356	0	3521
3361	0	3393
3361	0	3399
3361	0	3416
3361	0	3507
3361	0	3521
3359	0	3393
3359	0	3399
3359	0	3416
3359	0	3507
3359	0	3521
3359	1	4318
3363	0	3393
3363	0	3399
3363	0	3416
3363	0	3507
3363	0	3521
3358	0	3393
3358	0	3399
3358	0	3416
3358	0	3507
3358	0	3521
3358	1	4319
3360	0	3393
3360	0	3399
3360	0	3416
3360	0	3507
3360	0	3521
3365	0	3393
3365	0	3417
3365	0	3395
3365	0	3477
3365	0	3478
3366	0	3393
3366	0	3417
3366	0	3395
3366	0	3477
3366	0	3478
3367	0	3393
3367	0	3399
3367	0	3416
3367	0	3395
3368	0	3393
3368	0	3417
3368	0	3395
3368	0	3396
3368	0	3475
3369	0	3393
3369	0	3399
3369	0	3416
3369	0	3507
3369	0	3543
3369	1	4320
3370	0	3393
3370	0	3399
3370	0	3416
3370	0	3507
3370	0	3543
3371	0	3393
3371	0	3399
3371	0	3416
3371	0	3507
3371	0	3633
3371	1	4317
3372	0	3393
3372	0	3420
3372	0	3424
3372	0	4321
3373	0	3393
3373	0	3399
3373	0	3416
3373	0	3507
3373	0	3521
3374	0	3393
3374	0	3399
3374	0	3416
3374	0	3507
3374	0	3633
3375	0	3393
3375	0	3399
3375	0	3416
3375	0	3507
3375	0	3521
3376	0	3393
3376	0	3417
3376	0	3395
3376	0	3477
3376	0	3478
3378	0	3393
3378	0	3399
3378	0	3416
3378	0	3507
3378	0	3521
3377	0	3393
3377	0	3399
3377	0	3416
3377	0	3507
3377	0	3521
3384	0	3393
3384	0	3399
3384	0	3416
3384	0	3507
3384	0	3521
3384	1	4320
3383	0	3393
3383	0	3399
3383	0	3416
3383	0	3507
3383	0	3521
3385	0	3393
3385	0	3399
3385	0	3416
3385	0	3507
3385	0	3521
3382	0	3393
3382	0	3399
3382	0	3416
3382	0	3507
3382	0	3521
3380	0	3393
3380	0	3399
3380	0	3416
3380	0	3507
3380	0	3521
3380	1	4320
3381	0	3393
3381	0	3399
3381	0	3416
3381	0	3507
3381	0	3521
3379	0	3393
3379	0	3399
3379	0	3416
3379	0	3507
3379	0	3521
3386	0	3393
3386	0	3399
3386	0	3416
3386	0	3395
3387	0	3393
3387	0	3417
3387	0	3395
3387	0	3442
3387	0	3456
3387	0	3715
3387	0	3716
3388	0	3393
3388	0	3417
3388	0	3427
3388	0	3408
3388	0	3464
3389	0	3393
3389	0	3410
3389	0	3427
3389	0	3408
3389	0	3484
3390	0	3393
3390	0	3399
3390	0	3416
3390	0	3507
3390	0	3744
3391	0	3393
3391	0	3417
3391	0	3395
3391	0	3442
3391	0	3489
3391	0	4322
3392	0	3393
3392	0	3410
3392	0	3395
3392	0	3396
3392	0	3475
