0	9229 568 3844 5971
1	9151 10915 10893 10645 4610 10278
2	2309 4600 8920 7246
3	305 7415 4776 11481 4542
4	9367 9368 5992 10967
5	2169 4634 5293 10712 1176 7180 5878 5877 5657 6706 5490 3304
6	60 5132 2212 1185
7	10712 3017 719 2675
8	9657 7739 5317 9642
9	10326 9498 10890 10903 9301 11709 9505 9526 11341 10880 3326
10	4407 4259 6917 2460 2827
11	10164 11421 2657 10324
12	4098 4457 1998 2568
13	11729 2324 8938 256
14	6631 371 5341 3951
15	8302 9169 8300 8203
16	4567 2912 8012 2262
17	8717 1790 3692 5959
18	6401 2389 4388 1714 239
19	5718 2866 3295 5441
20	702 2917 253 1861
21	7117 2175 6235 1038 7088 6379 9085 4410 1039 7072 4940 6875 9060
22	10983 4213 1598 6376
23	3179 1804 3967 96 6067 2082 9688 2287
24	4407 218 8528 3425 731 215
25	11637 7181 6369 4948 7676 8100
26	7978 3352 8152 4765
27	1720 2638 6513 364 6673 1587 7766 1577 9248 4481 858
28	4536 7068 5331 1114 989 1583 1191 3617 4422
29	522 745 880 727 643 884 1112 1761 883 997 984 342 534 536 439 1054
30	7929 11 7207 24 3844 6145
31	404 5075 4448 1702
32	8033 2891 4828 8921
33	3389 7496 3284 7792 8277 10374 6208 7063 5427 8283 10347 8434 11512
34	10983 8752 10445 11823
35	10514 7669 10510 11026 11887 4250 4993 6564
36	1898 2029 267 6030 7188 3272 2459 2238
37	1422 9105 7248 8838 2762 6661
38	9298 11423 10523 10633
39	8035 8893 9024 10185 328 8892
40	6392 9605 6059 9234 6611 2105 8122 8753 6905
41	4945 9062 195 7591
42	5591 11069 2957 3608
43	173 5337 2329 1422
44	3734 1945 9642 3097 5810
45	3967 6803 133 612 1991
46	7082 10689 10379 9364 8281 10402 1694 7878 3346 5940
47	918 2123 2326 2120 1866 596 4254 2033 6113 9405 1487 1124
48	2520 10746 3023 3019
49	337 6702 10527 7248 7833 4848
50	2575 10168 9001 7863
51	2829 1800 7106 904
52	3553 6789 2731 1903
53	3476 3897 3469 9332 5510 1928 3410 8654 9165 7155 5506 2519 7690 9187
54	7679 2459 1116 1811 2986 10981 7229 6054 2993 1933 3115 2373 1264 1654 4976 4233
55	5157 6163 348 7107 6295 1487 5332 3741 2614
56	5297 9316 6059 9960 8613 5193 6949 5458 4178 5490
57	949 348 7954 374 417 4070 4837
58	7209 7912 8347 10877
59	840 2778 1930 1114 2619
60	6570 9282 1655 1615
61	564 799 3948 6765
62	6853 5091 7503 8405 6971 9302 9541 8461 11914 8466 10935 11389 1500
63	5556 4691 838 3547 7503 7101
64	5427 4694 5735 6605 2825 4254 5575 5736 1775
65	9689 3999 3540 10670
66	10100 10238 10101 11811 11260 9398 10392 11812 10237 11265 10240 10394
67	4290 1791 6830 7668
68	11011 11889 11755 11754
69	11304 10607 2567 6557
70	8891 1794 8892 8890 2222
71	10962 10234 11484 9801
72	11305 9126 11027 10683
73	8166 8042 2535 1628 7869 1425 7309
74	1959 9087 11274 11168 2915
75	3741 1167 8042 5568 1166
76	1356 4650 7240 1421 2829 8831 4706 2032
77	7709 9192 8402 8545 11046 10519 10891 8819 7499 10429 4038 8434
78	7517 3838 6914 8851 9120
79	11395 8200 9184 9704 3396 2024 2041 9178 5314 5316 8561 9637
80	11856 11294 999 11275
81	5663 234 3381 4340 1279 1143 4279 6380 3411 3215 6686 3673
82	7106 2540 2599 597
83	7214 10227 11423 10229
84	10896 9116 10807 5471 11097 10842 7512 10717
85	9122 3220 8453 11209 45 11211 1422 4184
86	321 5130 7718 5321
87	10590 486 6181 487
88	5662 8853 6964 11636
89	3390 1903 808 2570 2100 11628
90	392 661 10400 6585 2408
91	6079 1793 4280 5971
92	9287 1228 7112 10053 5245
93	9497 9598 7196 9496 9526
94	8499 2342 2020 6205 133
95	4936 8024 4935 7838
96	7727 908 9240 7099
97	7787 2137 7788 4559
98	3860 9506 9461 3572
99	4585 6506 6548 2284
100	2080 971 11060 1605 5350 5332
101	4446 5821 325 5610
102	961 3274 10177 4775
103	1643 1851 2640 617
104	8472 6089 4082 1537 4947 876 6748 1135
105	592 444 2606 8899 10052 2459 5219 9225
106	4042 1436 1918 592 2613
107	5434 649 2621 1232
108	8050 8053 4779 8064 8055 931 8052
109	9385 5812 6219 7378
110	8391 4175 7158 6037
111	9688 10006 443 9689
112	10994 9955 10904 10901
113	2979 2419 9279 304 2645 973
114	8409 4747 44 11653
115	2787 5859 3805 5823 5308
116	4326 3946 5549 2575 3643 5399 3546 3710
117	4528 3886 730 2416
118	7378 5065 2963 3691
119	404 1697 536 816 672 1034 5453 947 533
120	5641 4550 2863 273
121	840 594 2504 7345
122	3562 1928 175 8822 4692 7307 101 972
123	10876 10882 10885 10909 8789 3803 8109 445
124	11593 10670 10036 7652 10726 8505 10370 8924 9237
125	7109 11633 7906 6082
126	3695 779 7907 1828 2175 6948 285 773
127	5117 8100 8500 4407 10675 8501 10689 11575 11640 264 10726 11896 6457 4693 287 2094 10671 1909 8553 10336 4053 8920 4622 2872
128	3450 4147 2432 4026
129	1705 2819 4811 4809 2133
130	5781 3543 9274 9 7010 10356 11107 8500 7253 3495 4884 11670 10313 3581 7528 10591 10788 10021 5556 11023 11527 3494
131	6411 8938 3588 216 8353 6182 7598 1654 9276 4449 6009 4806 9083 9233 4894 2248 4649 2961 5098 277
132	7344 2732 2123 3741
133	9990 10315 10350 9991
134	10825 359 2789 6580 8989
135	5635 4414 11569 6512 10054 1359
136	11650 8920 9650 4814
137	6411 3048 2612 870
138	8575 5276 6662 1524
139	1711 10879 9514 614
140	6426 3285 2510 2531 2848
141	9349 10041 11532 10277
142	8463 8466 2100 6977 8499 10032 6972 9764 5320 7541 6971 1411
143	6449 6030 2295 2905 3133 8357
144	6991 2081 2507 5122
145	2070 11092 3147 2688
146	8547 7469 7462 9774 8181 8548 6248 8185 8421 9468 8958 8183 8952 9469 8223
147	10797 9131 10724 11305 11179
148	5307 4750 1933 6332 5475 2827 7035 10608
149	2969 6727 6724 4984 3356
150	10690 9426 10691 11333
151	4633 4655 9588 700 4634
152	619 3294 3137 8234
153	9754 9821 7010 9481 11478
154	9425 5455 11583 9050
155	7269 3015 4392 269
156	2731 7686 277 7128 2270 4292 5577
157	728 2369 7486 1662
158	4972 6450 10464 5188
159	4837 4958 8385 6411
160	10007 10257 11834 11833
161	1316 3243 700 2575 4776
162	5941 2657 8533 4836 1069 3243
163	9769 526 995 6769 7568 9461 6548 3359 5322 9134 2866
164	4476 8816 280 808
165	534 2890 927 837
166	3292 5840 5636 6905
167	2295 7838 5311 2177 321 5674 8377
168	10109 8000 5121 6824
169	1706 5655 4019 8406 6283
170	175 3628 6801 4720
171	7163 8795 4608 1424
172	10606 7705 10605 11672 6972 6035 8193 8481 11541 8708 8872 7010 9574
173	1242 10669 8928 9636
174	2724 4845 10472 1960
175	2557 9202 7403 8516
176	4259 3424 1318 808 5354 4409
177	6460 1970 3046 7337 3855 11121 3215 3799 3455 11131
178	5945 797 1317 1911
179	935 1197 285 1076
180	1917 1035 5508 6584
181	2070 596 2105 2838 661 180 177 2575 1359 3793 261 183 1528
182	5476 851 2743 2837
183	8481 8500 7267 11060 9274 10031 8270 8773
184	4099 8383 9237 3340
185	9289 10059 10053 9696
186	1345 455 2379 9485 923 4477 4704 3144 6713 8105 7117 4798 6811 10917 2015 4498 5999 3805 8035 2766 8106 10082 3798 1866 3844 3376 6646 8037
187	1960 4661 1654 9531
188	8892 1593 2363 10638
189	1734 7423 995 1714
190	6425 1591 7772 2970
191	5188 8415 5462 6392
192	6054 10947 3114 10705 4406
193	3585 9269 281 11211 5211 3986 11168 7618 7126 6382 10532 5711 911 11724 615 10067 1960 9664 3163 3457 6849 7900 10971 2938 1009 11404 282 916 2400 2775 4368 11697
194	5808 2056 6219 2412 5065 297 1643 4153 1966
195	1374 5989 390 2295 6920 8516 7567
196	8099 8388 7915 9071
197	3691 1154 3359 6849
198	10897 4939 3955 1291 3931 4836 6096
199	720 4163 7068 6638 7022 6334 5360
200	808 3381 3866 5277 2697 3632
201	2888 3530 4778 2615 11851 10679 3602
202	5462 7821 8086 8150
203	1216 11208 3028 5564
204	4762 2183 8702 8332 1791 11900 2201 6588 1841 2818 6093 10529 4011 11899 7742 4802 9231 10983 1332 8119 5500 692 3768 5747 6585 6054 9123 5155
205	11763 11660 11881 11661 11850 11787
206	5435 11164 6392 10188
207	5372 3547 5365 797
208	820 9635 135 9461 9165
209	3581 7713 11096 9571 9670 10386 7619 9972 10520 10381 4662 9230 5476 9356 4706 5902
210	8689 2094 11431 6963
211	1220 7513 1819 3339
212	3847 1030 5706 4720
213	4219 7759 4796 4285
214	1841 4477 1581 432
215	2005 2960 2607 6342 10861
216	4254 7193 6403 1325
217	9070 10305 9487 9531
218	7513 5383 9441 9568
219	4704 9200 11217 2243
220	10698 6733 10520 3768 11068 11096 11061 11667 6904 11674 7745 7512 9232 10809 6216 11081 8862 11348
221	9046 5334 11724 11061 8796 8506 10030 2109 6944 3585
222	9724 4259 8920 7720 1737 4293 7383 1226 8209 2961 333 1702 10424 335 9142 4191
223	1063 2212 11151 5853
224	5518 355 4833 614
225	5869 7671 6339 8049
226	6030 10385 7486 1931 7921 3371 6009 4363 1837 2295
227	7363 2875 2394 4944
228	248 4065 785 168
229	6594 342 1203 523 5516 4039 6239 1954
230	6713 2485 898 2954 5895 5090
231	5786 9229 9680 2415 8043
232	10726 8862 6358 9695 2597 8805 7745 11507 11249 7571 11080 3280 11505 10247 11095 3389
233	5136 6261 5089 6528
234	4633 1476 11340 581 4828
235	586 1643 2985 3382 2994 4101 2741
236	2565 7081 3222 2308 5060
237	6878 8349 157 6992 11286 8337 5616 8097 6862
238	7772 9684 8942 9681
239	6822 5792 8246 7649
240	8165 4976 5266 2154
241	5924 3782 11421 11055
242	9461 7564 10102 2272 4667
243	11425 10325 6569 7441 5638 157 7433
244	8375 4930 4929 7209
245	229 1586 4451 5439
246	3547 2752 1269 6274
247	2181 4762 10525 6574 4582
248	9940 11092 9377 9795 3985 11201
249	1654 4709 398 5333
250	7094 7076 4536 6105
251	228 1118 136 699
252	6258 1602 1081 410 789 3581 816 567 1275 242 948 535 5427 607 348 1056
253	4231 8660 9234 5005
254	531 4975 8633 2809
255	5055 10843 1764 7307
256	6460 10757 9860 5885
257	4408 2158 9667 3741 10822 7378 9689 4683
258	6005 7052 2699 11404
259	10296 10801 11743 10578 10142 10770
260	1144 725 2040 1099
261	3944 752 8124 5963
262	2291 4045 5178 6820 45 1147 5101 3641
263	7439 11421 6252 9056
264	634 1112 536 729 625
265	4275 874 11309 9970
266	7925 431 6520 1943
267	9172 6438 11253 10258
268	1371 56 4437 8472 304 7546 4649 3542
269	9364 3710 7010 9362
270	10487 9493 7469 7467 8220
271	11338 8933 258 11021 259 8845 4602 3411
272	10525 1918 2119 6566
273	301 3888 10592 6009 25 5208
274	5803 6696 7501 10056 6927
275	7006 805 11267 10720 7219 7773 11471
276	1239 7876 8934 2169 3436 3147 9119 9362 3591 6368 3437 931 3612 3368 3139 925 1279 9118 3040 3899
277	9422 7751 3937 7248
278	8286 8405 1694 8402 8922 9515 8404 3456
279	4528 2611 1358 9009 2172 10703 10310 8534 7377 7814 7869 7378 171 3422
280	3840 6290 5749 1848
281	4493 4107 6120 2936 7188 769 1455 8697
282	11663 1509 11356 7502
283	9692 6627 8427 9880
284	133 5116 10263 10147
285	11423 7438 6512 11425
286	2548 11404 8357 8219 5371
287	1930 683 22 533 7842 226 1035 842
288	7390 6894 7598 424
289	5348 5324 6222 7001
290	3070 173 9709 2950
291	7686 8514 801 10557 3327
292	10641 10925 10838 10998 8774
293	2135 4720 4457 45
294	6757 8732 10535 6754 9756
295	11268 10606 7248 6181
296	173 1551 3948 8046
297	9554 8925 9659 7895
298	9977 2275 2918 5257 3821 531 1524 1747
299	5890 7650 5117 5823
300	6567 433 6948 2460 1801
301	7513 6919 3963 5377
302	9549 1783 1791 10508
303	2809 3120 7066 4641
304	7673 7833 6178 4602
305	7204 7185 9834 11464
306	10033 7223 2023 10743 9000 10738 4118 10178 10744 9020 10737 341
307	8694 1788 6118 9626
308	8870 9660 8416 7558 4506
309	5504 8574 8155 4880 947 7864
310	581 1043 9285 1495
311	3633 596 6167 355 6474
312	10162 11810 11812 11807
313	2781 2790 1614 844
314	5184 9591 4045 2019 9940 9980
315	1331 6512 7378 355 3944 4175 3031
316	399 3135 2295 3133
317	7752 6690 7383 8256
318	7943 8944 11295 11296
319	9881 11093 4105 7560 8928 7910 5588 28
320	1946 2698 1060 2890
321	11421 9159 11424 8853 11423 159 11426
322	11109 7587 10741 9325
323	3524 8769 10984 5857
324	7263 9381 9380 9382
325	9237 11656 1116 7258
326	6549 8229 2558 11141
327	9461 11244 11212 11546 7317 9231 7512 11563 8404 11476 9332 8506 9042 10962 8544 7376 11220 3389 11575 11081 3897 7784 11305 11027 11627 6155 11913 10024 6148 7878 6152 11831 9225 10699 8283 5607 11245 11274 7403 9183 11817 8434 94 11064 9179
328	11636 9778 7438 7926 3701
329	1682 1245 699 326
330	6948 3376 1851 5259 7248 2978 3437 614
331	4666 699 2540 2241
332	10229 8751 10525 11370
333	1406 10726 8502 4011 1164 8770
334	3645 11512 9164 1080
335	8413 8434 9072 5928
336	10127 6180 75 3671
337	4584 4077 2881 3778
338	8913 1509 5624 4831
339	2671 3770 8621 355 876 10206 555 7367
340	11428 9548 6456 10377 3583 7671 2220 2041
341	5065 432 9200 7107
342	2989 4911 887 417
343	8044 220 8043 3924 3928
344	7657 1898 11404 9603
345	2540 585 5450 10177
346	11332 1297 10865 2568 8932 7005 9849
347	7268 9286 6104 7266
348	6475 1579 1580 7514
349	1608 4633 10947 9799
350	8741 8548 9502 9503
351	9488 9490 8278 8442
352	6823 6454 8000 6822
353	558 5153 5835 5610
354	9564 11386 6085 6172 6344 11404 4859 11440
355	10457 10635 3093 10582
356	814 1270 609 822 645 842 1126 608
357	133 6573 199 1622 5583
358	7360 3579 3453 3167 2797
359	5937 10981 5275 3391 6272 6380 5317 5909 6211 5001 6549 5315 1569 8066 5245 10610 10985 1155 8346 2337 3514 5462 9455 5054
360	2814 2128 4478 4242
361	8106 8725 8763 6191 9577
362	8889 2762 596 9134 9461
363	1792 4120 620 122 99
364	3131 11554 2426 660
365	5439 596 6543 5465 3835 3362 24
366	4812 1682 7889 10870
367	9175 10323 9819 9070
368	1084 8442 4233 5807 8681
369	2944 1009 2945 786
370	2208 4960 8811 1594
371	6995 1750 9181 8153 9179
372	2993 7015 2040 11636 7109 6221 3719 6441 764 7377 6575 3504 7622 7621 3118 1138
373	5305 5319 7961 7958
374	5040 9461 7615 9134
375	9249 9179 3557 2975
376	4224 6457 9230 8862 662 11110 6731 6974
377	261 1174 1052 1882
378	305 6676 7418 1960
379	11833 10007 11834 8658
380	5095 5446 5703 2263 6091
381	2741 1076 10564 1520 2706
382	7747 2466 4410 7292 2769 993 2800 2440 3064 627 9281 1741 9165 7688 417 787 5506 8280 1215 2536 2462 5504 5434 4886
383	7891 2255 1588 841
384	4166 5665 1053 5439 7549
385	1128 1369 3215 4399 9420 8739 7320
386	11894 10232 10229 10228
387	355 1792 1988 1611 5101 5165 5706
388	7917 8418 9636 9534 9512 8998 2041 7602
389	2505 8786 7630 10922
390	3348 3734 1117 3297 5277 9017
391	1643 241 10338 1827
392	5482 1122 2967 9900
393	2915 11085 8922 4667
394	4672 9439 5712 2121
395	6944 436 10104 1966
396	572 4007 7116 10177
397	5439 4163 3157 6165
398	9863 7005 2844 10114 7122 802 1226 7611 4038 7563 8904 722 8442 1659 2819 7188 5264 8443 4508 7242 8906 4647 6699 2657 9725 10525 8910 7234 3861 6512 2316 2987
399	10087 1870 8997 11155
400	2864 11191 11099 7202
401	3233 348 7294 3298 1895 2124 9162 614 925 835 3079 3914
402	4380 4114 5454 8763
403	11119 3023 5668 4140
404	4121 3204 4250 3969 1114
405	2032 2508 1659 2121
406	7017 157 7008 7328
407	6707 1734 1359 284
408	8692 9217 7995 4459
409	9769 10456 6756 1402 8838 10229
410	8863 7493 4238 1725
411	4831 9887 5929 7879
412	8402 4477 6619 8403
413	953 9700 7300 661 3156
414	489 7117 4461 27 11290
415	5894 7805 1179 2299 2263
416	3341 9484 9133 5367
417	2607 2783 893 2184
418	22 7248 11425 11663
419	5586 8025 10208 7839 7836
420	1359 1289 5890 2563
421	4234 2460 1242 1035 3862
422	4654 1177 2244 2029
423	5281 136 4844 7594 5439 178 8718
424	8766 5379 11030 1591
425	6220 10436 4328 3199
426	10583 11894 8974 4546 10663 7360
427	3950 4086 3138 8509
428	1113 534 1032 747 935 758 713 829
429	11140 11139 321 10741 10781
430	10938 9032 11381 10278
431	228 2902 3272 240 167 256 5161 2491 4651 1948 3602 2365 1433 1946 2546 375 1213 3280 1950 20 4209 6662 4048 236 2579 229 6069 260
432	3656 10137 7716 1329 10329 10655 3731 7659
433	10371 10571 10294 10038 10236
434	1759 6111 7373 6691
435	2727 7414 11893 9487
436	2014 5123 6705 779 4446 4056 2428 7108
437	10886 4524 9392 4932
438	1459 9106 2227 5374
439	1932 1972 815 4056
440	817 3233 2567 3761 359
441	1987 3770 3021 3509
442	2495 6705 5104 3291
443	3298 1352 5378 6339
444	11190 896 4085 173 398
445	6222 7630 585 10322
446	2206 8468 10672 10928 4277 8830 7525 10273 7415 9923 1779 4338 10008 5471 11513 2874 7292 8596 8100 10570 389 11066 2036 10894
447	1610 1410 4677 1748 1718 3792
448	4863 613 1135 3759
449	10185 10160 10196 10159 7970
450	7868 3155 6256 5206 7328
451	1212 0 2531 1246 1293 1935 52 2295
452	3528 4067 2692 250 1760 3533 2690 4840 180
453	5164 5124 1463 4082
454	2247 4409 6763 5750
455	6223 4849 6392 10892 5994 10336
456	4326 901 11148 285
457	11323 445 1244 10313
458	3862 5178 3183 5657
459	8289 4728 9903 7068 3437 8341
460	8555 2424 4642 9827 4435 10865
461	821 799 280 625 683
462	11686 11614 11839 11613 11611 11893
463	4804 5612 4406 1364
464	3766 8631 5315 5317 5909
465	4010 11186 10315 3386
466	1250 1109 1040 1249 1108
467	1208 2166 1116 1544 2469 7092 2711
468	9822 11690 9742 1058 8233
469	1374 4633 7122 201
470	4477 11049 581 4571
471	6151 2890 3401 11581 5817 11678 781 3849 7773 10506 2340 11671 5017 5117 11018 9671 11672 9379 9052 4359 8868 4149 295 6529
472	4430 2782 6713 8471
473	4285 8999 3423 2993 7282 8673 4287 4388
474	3278 3302 3406 1880
475	8785 8682 9069 8683
476	10757 10605 3651 9287
477	11191 11281 11628 8419 10132
478	722 744 988 289 935 290 797 625
479	5662 6512 6569 11636
480	1714 3411 5155 2308
481	3467 1222 5227 6565
482	2181 8920 6940 6779
483	2447 5964 10125 2967
484	11270 11272 10828 10498 5929 9225 10932
485	7860 1339 1800 10753
486	1014 9194 1594 3296
487	2812 2037 6502 11123
488	6905 5165 7762 4304
489	10257 10057 11217 11400
490	9680 2984 5587 1066 9210
491	6512 7953 5142 8125
492	180 11289 10066 6831 8736 7831 11404 10060 7090 8650 6350 6691 11114 10154 6285 3918 10534 224 41 3819 2314 3130 1815 424 8047 9005 654 5300 10188 10281 2357 1659 2110 809 1452 4914 193 9017 4207 1611 9038 1359 3919 1407 2776 4788 4920 637 11120 8052 11116 10215 5815 1559 3023 8838 7591 7094 2184 457 240 1001 11119 22 7716 8524 157 10795 4563 339 8050 9007 5543 4107 9033 6344 4765 6345 3329 9006 11590 8055 6255 2128 4049 7096 6351 5085 9004 652 7865 3818 8051
493	10527 9659 6942 7248
494	7137 7333 6035 7253 2874 11675 11237 9156
495	8964 9712 5751 7997 6552
496	2967 1791 5371 3304 2128
497	9500 8425 9503 8426
498	8328 6841 147 1227 8093 5772 3967
499	5986 10178 2575 3557
500	9540 5708 655 4407 2531 2482
501	2012 1076 1235 1932
502	10890 9503 10891 10974 10887 9314 9308 10889
503	1369 9202 1216 762
504	4787 4524 4198 6335 4789
505	2549 28 1454 9993
506	4204 5467 6720 3662
507	211 317 316 4405
508	2852 880 1928 8011
509	2967 1925 4141 2066
510	11696 8717 4149 2556
511	10371 11227 10401 10514 10785 7182 10252 10689 4622 6692 11212 8717 11210
512	10292 3588 7665 3291 7301 1886 1470
513	1163 8494 8495 6190
514	7797 2482 10194 8019 9119
515	28 2491 9722 8336
516	831 6856 7780 8209
517	11763 11787 11850 11762 4688 11788
518	8365 6066 7005 8833
519	649 464 688 664
520	2142 7497 4883 686 1121 2874
521	8802 9761 7957 6274
522	9018 5921 9002 6550 4853
523	1997 11896 3112 4008 6590 7733 6510 3413
524	7927 7644 591 2651
525	471 1597 2238 432
526	10700 7330 7092 10812 5651 11059 11349
527	11832 10257 11834 10007
528	6241 4277 979 9334 6549 4538 5882 7991
529	3245 3436 3437 5332 6479 3695 1216 5363
530	902 6565 2421 3227
531	2135 1232 213 289
532	8194 6919 6284 8595 1722
533	6714 9063 4456 10740 3518
534	7943 1790 4752 6420
535	3651 2531 10735 2247
536	5955 5826 2671 7529
537	7136 8949 8504 2874 10135 8480 4612 11126
538	3346 6067 7434 4000 4633 7788 4634 6795
539	6399 5869 3215 3560 11567
540	932 2412 6547 6778 6392 4441 6488 5999 10464 9982 3641 2296
541	2137 4582 4525 970
542	9200 4150 3155 5044 9975 2898 4441 11274 7790 2041 8357 7663
543	7382 2510 4478 9994 1585 1722 5364 2496
544	1144 6577 5684 8207
545	2175 994 6220 5568
546	11381 11478 11162 6672
547	2611 3532 3759 5145
548	2273 4843 7833 7248 10045
549	4446 2154 6251 4775 6267 6623 899
550	10660 8938 9183 9795
551	178 1256 256 166
552	7300 11426 11423 3464
553	884 6384 5148 5146
554	4493 9592 4017 5650
555	10841 9634 10935 10844
556	3846 468 2941 973 5980
557	4560 7373 7104 4582
558	7057 2447 6591 4209 1661 3651 7339
559	2568 8443 10590 1002
560	5375 6497 9461 6496
561	4976 285 2979 3195 1264 8134 5594 289
562	8836 8730 8734 10456 6425 6659 8652 6752 6755 9205 10402
563	4352 2166 3548 11561
564	9062 1212 7188 1313
565	10845 7123 10847 1734
566	6556 5596 9642 11089
567	2906 537 4837 2865 617 6160 5015 1251 2061
568	4598 4276 1786 5732 5015 10552 2427 1713 2137
569	11210 9061 6203 11077 8462 9270 9137 9578 4224 10865
570	191 282 10541 5439
571	1212 6894 6809 7192
572	8679 1987 1966 1264 2353 8683 3926
573	7206 5858 1603 7356 6508 6433 1702 2037
574	8707 5764 8812 4218 7804
575	5051 4804 1561 6556
576	3956 9246 617 8564
577	2579 9053 7317 1760 6690
578	341 178 166 272
579	3013 5711 6939 2463 3957 9838 7797 7271 7815 970 7648 2037 2531 5151 8842 3834 8320 1625 6823
580	8728 8632 3770 2291
581	3296 8966 2614 5638 2779 415 2179 2937
582	5693 4460 2125 2420 3984 3759 840 3291 4718 4437 1948 2435
583	6648 8783 9978 10569 596 368 11081 7920 10273 10589 11676 11511 7269 10984 7337 916 3702 1614 9351 178 8506 5230 8939 6640 8012 250 1787 8974 7010 1163 10272 5204 6733 8482 8489 11697 11915 94 7908 10483 577 8751 11675 9620 10698 7978 8926 1140
584	10469 218 9320 9733
585	3939 6861 10177 6708
586	1163 8282 6648 5651
587	7491 2540 4837 10850 10669 10984
588	10122 2856 10954 3000
589	2460 2463 7693 3376 702 3305
590	4706 5465 9340 6130 6543
591	5813 2286 2169 3082 3959
592	6474 8574 3013 321 5504 10194 175
593	3663 11553 8996 6876
594	2231 4607 4845 2482 3243 289 6018 8885 5858 3837 7380
595	642 9447 8938 8939 1956 4203
596	8466 11078 7669 797
597	5732 10112 4966 7747
598	9546 10227 9658 11049
599	10426 6498 7513 5929
600	3131 4619 3353 7517 3227
601	2041 9563 7548 9247 397 9523
602	3277 4044 10370 9477
603	1279 9810 2993 11284
604	375 561 283 3921
605	7072 5859 3255 8082 4973
606	5718 5264 8216 808 7409 8445 772 2310 5947
607	9564 10651 9203 8369
608	3332 6274 8582 10871 6748 9723 45 7947 10600 9615 6403 8737
609	10258 10047 11424 10827
610	11435 6596 6673 6079 8501
611	925 2659 690 4667 141 4042
612	4786 2868 4209 2669 1874 2636 2970 5490
613	282 344 6094 6520
614	3228 5817 3646 661 5830
615	1591 3551 1965 9779
616	10806 10770 10769 10803
617	7523 2342 6138 4503 6133
618	891 5002 5259 6421 6009 7942 7472 4837 864
619	11545 9284 6872 7897 11513 3284
620	8462 8498 10032 7540 8464 1164 915 8463
621	5556 4123 133 1881
622	11333 10305 11769 10691
623	11724 6207 9274 7072
624	7175 9918 2700 8818
625	2461 4775 9482 6567
626	1116 1884 661 4361
627	11047 3753 4853 3517 5499
628	10510 10443 10962 11249 7234 7002 9085 11533 10981 9424 9542 11670 11831 6906 11125 10371 3897 8273 6207 6361 6359 9461
629	6076 9853 7248 4598
630	719 10983 7299 11471
631	11858 11325 11857 11856
632	5790 5929 7088 4002
633	2645 7796 9560 8817 6705 1948 9559 7319
634	10558 10608 10609 11141
635	6756 136 5439 7328
636	101 11568 11453 9857
637	1066 3651 1929 2994 2866 1663 1333
638	7233 511 11310 5237 577 9680 2540 10268 3225
639	8216 173 8539 199 11393 9017
640	7255 5468 4681 5797 4885 4948 8282 7092
641	8619 10559 181 10456
642	1606 4703 8857 724 4374
643	10585 5590 11064 7773
644	6179 558 237 7347 3451 5699
645	88 6060 719 7395
646	4563 9551 11767 11480
647	10129 3610 10653 4056
648	3479 1885 3579 3432
649	5477 4259 8952 7525
650	7470 8221 8548 5267 8420 7195
651	8498 8495 915 6974
652	1574 6016 3535 6221
653	9020 6960 1332 5742 6701 1800 8046 6621 1226 6700 4071 5833
654	6065 4644 4858 4509
655	6543 10314 8169 5920
656	1464 592 11783 2866
657	7318 6987 9354 1279 11494 2977 10740 578 4550 6835 8462 11076 1333 7358 10398 10404 625 4357 1264 970 8889 6836 5700 7411 7878 5124 1342 10842 11097 3951 1083 5830
658	8233 5790 7843 8402
659	8822 8821 6512 6037
660	5117 4831 806 25 9105 1612 1615 1272
661	11185 7697 3088 5259
662	9695 11683 9687 1140 8775 8689
663	10482 10524 9502 8414 5883 9025 8958 8421 8687 9468
664	1487 1863 8852 2125
665	1990 199 10586 9157 1347 9583 9281 6613 8920 7405 9989
666	4014 9722 9132 6617
667	5862 6217 7720 8753
668	3878 4562 7149 5747 9572 7164 10048 502 8120 2736 8119 240 4045 1631 8702 3884
669	3121 2394 6166 3530
670	8055 327 6401 1578
671	5337 1333 9856 2920 7534 2033 1963 1796
672	808 4711 5786 6992
673	6594 4169 7532 8547 8412 6326 8558 8199 3030 8941 5796 9362 7885 8210 4998 6568 6320 6434 9486 8548 7578 9078 7080 6595 7527 6319 6068 2532 8338 8202 8200 1279 7876
674	8108 8823 9669 7276 6656 8435
675	8838 1312 4515 9135 5262
676	10447 8337 9553 10258
677	597 3285 312 3535 9875
678	9483 9482 9743 10318 9481
679	3341 1090 9240 6791
680	8294 10895 8352 7522
681	6938 8908 6107 5741
682	6384 6764 2503 371 10740
683	2718 7358 9542 6906
684	1653 8688 5528 10488 7002
685	6191 3371 4606 8227
686	3999 7961 1058 9761 11131 6274 9709
687	3298 9835 9729 2125 9919 9783 2275 11818 4667
688	6120 10099 6541 4839
689	7317 6373 5271 7800
690	10405 9153 11310 8468 10406
691	443 355 6396 6638 5519 2321 1328
692	2317 7912 9038 3557 6565 7204
693	285 157 9667 9229
694	612 475 5481 4833
695	4775 6389 5308 180 8832
696	924 9818 7297 11237 11097
697	8125 1886 3695 284
698	9202 1653 3097 5371 7512 11220
699	21 7773 2687 6178
700	3351 5370 8832 7248 3937 8039
701	10930 587 2482 6150 11668 4389 10499 11586 3575 10188 5830 10172
702	11361 3748 10525 9229 6883 2460 546
703	495 4448 8928 585
704	10006 10124 9010 10317
705	8232 9929 2412 7101
706	10534 355 5145 5615 3076 10368
707	3121 25 7833 129 75 10749 5782 11407
708	8421 8953 2599 7969 7972 9027
709	11231 8659 7907 10671 11230 10689
710	6605 10911 10375 9328
711	7431 8929 7010 8927
712	7789 10583 9387 8871 8479 10699 4040 11057 11227 8506 10984 8504 11054 10333 7416 6209 10400 6735 11207 9653 10380 7975 10511 9237
713	2032 4069 9385 1827 9263 4762
714	7859 10529 4328 4259 3391 8873
715	3754 7644 581 9475
716	2994 1363 289 2460 1671 3123
717	2745 7141 2151 8456
718	8356 10740 8777 7980
719	7742 6536 9912 2165
720	7929 7832 17 10934 8217 4821 15 3791 3738 73 10309 4076 10282 10942 8013 8706 11487 2341 89 9339 2392 11002 3570 3102 3694 68 11485 3091 1949 10867
721	6280 2228 3415 4740
722	3285 1035 8485 3569 11529 8041 7384 11054 10252 11640 10786 9364 9848 11538 8899 1151
723	11799 11813 8178 5262 10895
724	7977 6509 4110 8863 4347 2804 9467 7330
725	6158 8423 9730 9328 10133
726	6948 682 9051 4837
727	5947 4504 9577 7207
728	4042 2281 190 823 1065
729	7078 10055 4759 4873 11548 11141 379 11462
730	5401 2790 1828 858
731	6156 6359 11220 8486 10357 6731 8505 7384 3897 9351 10379 4384 10920 4040 10724 10024 9273 8479 11830 9637 11022 6296 11831 9099 7261 11305 5699 11067 7292 11817 7155 11179 3280
732	783 564 699 2749 3536 2182 133 1708 1960 269 180 1569 1781 891 1241 7863
733	5929 6724 8360 3325
734	6686 8586 348 7249 9574
735	2346 781 4122 4045
736	2214 2917 596 9075
737	7513 9461 10230 1151
738	10788 9162 11890 10570 9338 8819 11536 10483 1140 11671 11586 11837
739	7208 8243 4896 5062 1658 907 11317 9120
740	7594 6031 5902 6040
741	6054 5275 2606 7472
742	11540 11544 9286 9581 11895 11539 8899
743	5692 1122 1022 2123
744	8161 1662 8069 3768
745	8445 8237 4574 6019 3299 10895
746	716 4785 4923 8786
747	1994 2169 9755 7270 6447
748	10800 11092 11562 5984
749	2138 4038 614 1297 7869 2765
750	7245 5699 4883 11144
751	583 4884 5889 7330
752	9580 10491 7435 8199 907 10935
753	10631 10984 7800 6279
754	11404 11471 10861 4524
755	5229 7830 1849 7360 2890
756	3860 2606 2152 2604
757	8068 10182 5692 4000
758	8327 11357 10913 8952 5267 10999 7196 8577
759	6613 1276 2001 4461 2404 9604 4031
760	5752 6392 5582 10837 8994 42 9267 8136
761	8041 5652 4283 10054 7964 5771 9254
762	8520 10396 1010 4646
763	11193 10338 11025 3780
764	3662 5672 3781 7363
765	11671 11230 6979 9105 2597 9230 11574 5939 7540 7072 10896 10441 6208 9268 2099
766	2768 1453 731 907
767	10859 9325 10861 4806 10858
768	5927 5926 459 1711
769	10877 2736 973 9330 3574 4542
770	6433 5665 6775 7201
771	8689 7739 3549 9643 8202 2392 4342
772	11092 6612 7309 6810
773	8396 11404 9368 6434 6282 9367 9317 6985
774	10897 4876 3929 7219
775	2890 808 2917 3224
776	3477 8337 9423 3902 11425 7666 5890
777	5962 3706 6094 6782 1898 2619
778	8068 8069 10966 361
779	173 7972 7970 4035
780	285 3641 3861 7644
781	4713 4652 531 5706 6221 2362 4182 1833 5024 5150
782	4763 9570 10852 8751
783	9460 10786 11229 10399 11349 7920 7713 9620 5504 6204 6203 9290 10560 142
784	4836 1827 1865 1798 3925 4291 2828 4509 1981
785	4259 736 3504 11025
786	10896 7347 5781 9273 9975 744 5277 8866 2597 11279 745 7494 1859 6208 10406 11293 7237 7019 6806 8596 1694 5434 2431 7619 519 1126 2181 5215 4251 1615 5631 6394 4922 7533 434 5714 11339 1892 7329 10372 11702 1231 386 9362 11830 5607 10586 8551 4519 10540 9079 9921 11831 11510 7591 10935 5938 6805 11898 5208 5453 625 10351 1373
787	5279 11132 6755 11339 7119
788	10311 8257 5949 8229 8530 10312 7006 6830
789	7852 9822 3088 5259
790	779 7290 2936 1826 8168 895 11129 2040 3719 3422 3721
791	2582 6691 5935 4862
792	4628 2401 7077 6765 5453 1621 2247 1359
793	932 767 4406 6853
794	28 6693 8417 10864 9484
795	1811 9390 9604 728 4765
796	2356 2894 2934 1750
797	2568 7741 8627 9264 4406
798	417 2240 3232 752
799	3895 531 8256 2325 10793 6526
800	10622 7605 9225 10850 7564 10865 2319 2061
801	6150 9290 11096 7358 309 7745 7792 11076 10030 3389 10336 9107 6298 1411 4706 4663 5233 10865 8479 4662 2670 11025 7599
802	5076 11404 6425 2423 1375 5774 9538 8852 1615 5874 481 995
803	1189 11486 5106 6679 1255 6009 5960 1437 5172 5071 5891 2889 617 6728 4090 9422 1190 3715 147 3994 3148 2261 2090 10127 3844 4946 5176 3279 8382 70 8125 81 4968 348 3365 8849
804	491 2657 5020 5123 2521 6622 1538 1802 1841 3298 2599 29 2169 8457 6391 455 5733 2123 6326 2984 3293 7121
805	6489 7836 7914 4453
806	2720 3272 7414 522 524
807	1227 9733 743 4409 7398 5685
808	11353 10370 9366 10985 2232 7493 11185 8920
809	11312 11649 11498 4051 7915 991
810	6781 11180 3088 752
811	1163 10291 1643 10129 5809 6221 10654 1583 7918 8536 10815 4762
812	7025 4126 10612 2720
813	1661 8161 3264 7415 9706 8157 620 99 5712 3867 7363 24 8998 8163 264 9033 10148 10154 10155 6804 3671 9883 9040 9038 10528 5624 152 3102 145 8994 1591 9039 6323 3644 6116 6500 4609 8139 1743 10127 8067 31 9338 8869 3888
814	6273 6748 10505 2637 9935 2310 4670
815	9482 10912 9481 7481 11025 8028
816	9136 6948 2966 2071
817	6512 6001 7794 7795
818	3852 103 24 4344
819	8117 3977 2890 7513 9127 3249
820	5929 7545 5928 3088 11026 3350 10059 7546
821	781 7779 7915 7924 11169 4114
822	8698 700 9200 9769
823	10346 7539 10492 8489 6853
824	2962 6470 5490 7747
825	10180 6974 1433 990
826	10498 9420 4640 58
827	3970 5919 4780 1762 433 5768 3212 1761 3215 5381 6335 5371 1121 3953 5359 5230 9461 5378 1222
828	3127 1766 3967 2135
829	11078 2067 7006 10498 8949 5351 2184 9057 10689 9653 1519 11913 10807 10700 8445 11349 10495
830	11242 1557 8660 10758 6038 8357 2379
831	9184 6388 2022 5860
832	5246 1929 7686 2604
833	9240 1487 321 5908 8869
834	9696 6298 5230 10057 10056
835	3442 5911 1811 3862
836	6702 8909 1750 5832
837	9554 10727 3556 5422
838	4088 7679 4389 4008
839	10608 11247 445 264
840	9092 5368 5037 8745
841	7050 6831 5649 1569
842	3329 5960 157 3372
843	1522 5230 5772 7266
844	8343 6551 469 5331 6991 4937 3091 17 7156
845	7212 5900 8123 1811
846	3835 3513 2691 3512
847	6217 7558 3401 3339
848	1103 876 2180 8134
849	10793 6803 9769 9678
850	2657 11649 2329 11734 2264 7460 4183 7589 4424
851	7560 10291 2084 9481
852	907 2497 2550 2646
853	7690 764 7288 2978
854	2890 5378 2041 835 3302 2768 5008 2122 894 7100
855	3946 5549 1318 5399
856	8389 4158 1928 8996 1332 5439 1439 9008
857	4993 6132 5786 4997 6797 4423
858	3558 1721 2154 770
859	178 8838 362 272
860	8154 6336 2177 9441
861	8080 6938 8794 3349 1518 348
862	4900 8594 3066 2786
863	11139 5310 9190 7589 6658 7585 5624
864	5803 7253 8302 6951 6419
865	1814 9012 4922 535 4724 3720
866	4657 10038 7218 6748
867	9545 7037 8729 6748
868	1779 6421 7939 4771
869	8397 8199 8893 8394 1116 8894 6392 8395 4233 4259 2993 3114 8862 8891 8890 9919 2460 8626
870	11027 8105 11277 11092
871	6918 4729 5353 5856 3384 3391 3861 5349 6222 1643 3340 4941 4422 1116 4259
872	4352 682 4407 1565
873	9229 7716 5593 700 895
874	9502 6136 8414 8416
875	129 1614 132 5041
876	9827 7185 9825 9155
877	8526 4428 9489 8881
878	5295 2497 5290 5293
879	1210 365 611 950
880	10542 3189 7513 7516
881	10920 9355 9921 11005 11195 11249 6994 11055 9893 11225 10342 11819 5830 8462 8483 9894 8929 9892 11233 10877 8494 1163 10259 11235
882	8454 1720 8613 3817
883	5675 11318 5065 11305 7300
884	3703 9429 3251 9357
885	3139 3281 1870 6871 2181 2226
886	8043 6605 7952 2575
887	2832 5955 2260 6724 8026 6787 6727 6761 10523 2261 2809 6839 5199 2090 2191 5195 6728 5069 6785 3596 1255 5644 531 7193 5071 4154 3950 2833 2041 2575 3356 8676 3355 3995 8360 2160 1790 10460 2259 2413 2140 9406 5197 3984 5037 8359 2025 3314 2874 5067 2205 2006 5934
888	3442 10536 415 9817
889	9200 285 399 10043 6380
890	11623 2997 24 7827 6677 2394
891	6306 10309 72 4595
892	2845 6850 5372 3761 1060 3233 2567 3057
893	6676 8454 157 3351
894	1083 4976 1801 3860 1151
895	3944 5594 4737 2941
896	6735 9637 9515 11535 7137 6149 10334 9165
897	5342 7297 11152 614 11220 9837 3595 1918 8125
898	840 950 660 274
899	9515 9512 9921 7441
900	5915 5450 269 4876
901	4974 1918 2460 6054
902	11820 11069 1107 8404
903	3741 1635 11025 3992
904	8312 4006 4874 8303 9398 5805
905	10327 6603 636 6701
906	5439 10066 6081 9344 1170 5959
907	5968 11088 9515 10380 6467 11535 11471 11898 11058 10441 946 9292 10507 11183 4224 10037 10920 11914 822 11512 10205 6836 6173 10348 3050 10689 903
908	11454 7987 249 8217
909	4470 7188 5052 6212
910	5998 7429 6357 7829 5960 4498 10575 6085 8962 4952 2090 10498
911	10229 10143 10230 7556
912	7745 5699 94 6640
913	7329 3550 3139 11636
914	7961 6452 6275 6274
915	7042 5542 10136 11686 6692 7171 9625 8760 11191 2894 1534 2577 11438 5543 1337 9493 9508 6706
916	10343 11022 9214 9399 11023 10394 2875 11264
917	5859 858 11395 5311
918	1783 3391 5283 2409 6917
919	9592 1520 3203 10400 8582 5144 263 10507 44
920	24 5484 7929 9247
921	9450 2675 5127 8925
922	6079 9299 8919 9085 10107 9421
923	3302 6919 3745 2432
924	4756 6422 4771 341 8999
925	1114 3137 4234 9838 5331
926	3238 4542 2604 6887
927	779 1126 822 417 783 535 1035 1006
928	10122 4609 145 99
929	8885 9562 7709 3029
930	923 2616 1984 5657 5317 2349 851 2542 1789 1369 394 5319
931	9755 1386 3812 479
932	1083 6684 5439 6054 5363 690
933	4713 5741 5675 4634
934	4828 6957 3108 6106
935	6053 5055 9651 4958
936	5658 4941 1139 2104
937	7512 4259 9668 9065
938	1035 565 533 586 606 463 949 395 1032 667
939	3901 2216 556 4137 6562
940	5641 5117 3280 11252 5750 10784 7690 293 9167 4696 11533 10375 10441 11220 11530
941	337 2830 2424 3259 8900 432 2238 10742 7297 9141 5601 3156 6943 7236 2460 173 6009
942	1035 6255 1004 1064 563 1876 2916 660 1927 786
943	7701 4694 3300 9346 8434 8577 6414 9501 8778 6413 9503 11366 7196
944	8113 4546 2162 6804
945	6976 5666 7541 10418 6596 8461 1164 8463 8499 8466 8501 10032
946	10793 3526 886 10082
947	10181 10183 9020 7956
948	2699 11199 10908 4846
949	1933 2386 2434 2385
950	3082 3560 4713 9677 1734
951	8633 7975 2321 10470
952	266 6206 10514 10698
953	7787 4762 6260 2029
954	7108 961 3354 1975 173 844 4829 9617
955	4407 3346 11428 6137
956	3059 9659 8442 5922
957	2757 1662 6927 8854 3088
958	34 5375 7513 5377
959	4714 519 9461 7531
960	9052 9802 5551 1048
961	4620 7220 5094 1983 4563 4108 1489 5665
962	2444 5723 6105 10114
963	10048 7384 6883 5647
964	8170 1699 3404 7356
965	528 824 1106 263
966	7209 7206 9898 1759
967	2029 535 2819 4478
968	956 657 275 861
969	7328 9915 6691 873
970	6512 3351 6750 7211
971	9502 9507 10998 10838 10675
972	5963 9230 9680 5490
973	4277 1359 6214 7237 7599
974	10773 10546 11579 10681 10680 11576 10682 10772 9734 11578 11680 8016
975	4637 7649 724 7895
976	9568 3351 10026 4649 9134 7517 682
977	4271 11212 3216 9350 3228
978	4550 8771 10833 8461 11512 10031 1159 7019 10313 8772 7136 3585 6640 10888 11097 10030 1785 10275 1164 11526 11226 5938
979	10678 9429 10786 9733
980	10030 8866 11054 10785 10031 8796 10356 11066 11272 9512 8793 11067 3585 10598 10313 11207 11085 10386 7393 10584 10895 10383 10807 7219 9260 9764 10791 10786 5665
981	9376 7537 6326 9752 8662 3904 3709 8507 11105 5408 5133 11241 3901 6358 10069
982	341 9280 11323 10423 4776
983	10593 8065 808 2917
984	850 2528 2960 2134
985	2304 1264 642 3253
986	2874 7383 7146 6019 5583 5918 1960 873 3942 9586
987	5540 4376 355 619
988	1948 7036 10662 2516
989	7468 7469 8327 7701 8180 8952 5274 6414 7467 8547 8221 7463
990	6750 1918 5372 2917
991	8588 8066 8160 8051 8070
992	6776 2606 406 11672 1140 10570 3636 11675 8865 661 9989 7260 11404 2874 2020 1400
993	187 1114 1116 1918
994	4219 11719 11404 9796
995	9863 2033 7117 2081 4183 5493 477 3725
996	4235 3282 2590 1332 7525
997	10681 3170 5411 3902
998	8973 8716 11431 10861 4555 7937 4693 3215 4173 7280 2048
999	5346 5371 7011 10724
1000	2321 1145 5631 3488
1001	4706 2084 11866 7137 11461 7616 8012 3097 10375 11666 8459 9543 4550 2715 7260
1002	10861 772 9332 10025 10595 4259
1003	7019 7232 2767 7484
1004	2032 4850 3145 11281 1060 2590
1005	4983 5481 7408 4211 3690 1199 7329 4258 2899 8822 5937 7578 6791 3215
1006	7728 7394 6034 5789 2071 9319 4546 8818 9322 2041 8043 10817 7496 1722 11339 10375 11060 2039 2762 9379 1739 1828 3695 10366
1007	7146 9211 5420 7531
1008	8934 8929 5106 7435
1009	750 3112 2272 1718
1010	157 6974 7773 8481 7290
1011	8249 9888 11844 11845
1012	4181 8705 3898 6802 8194 6228
1013	5979 5951 9593 6600 5985
1014	9475 1784 6508 7191
1015	1093 2236 2181 3734
1016	931 5920 9905 1616
1017	3139 3778 1509 82 48 25 2267 77 130
1018	4042 10275 7871 8282 11210 10272 11076 11817 7002 11671 10135 8504 10036 10888 9384 8938 4510 1140
1019	9230 8466 6363 5607 4277
1020	5093 409 3789 621
1021	9822 7387 9688 285
1022	7256 1767 6238 7328 6175 9912 8434 6952 6635 2071
1023	506 2402 699 3649
1024	4767 7881 9975 9372
1025	4354 10216 8838 10580 2485
1026	7177 2803 949 7634
1027	214 43 1498 3101
1028	8956 1171 1169 1175
1029	11898 8485 8865 10008 9300 10371 5962 11079
1030	5056 1903 2029 3398 1151
1031	1615 3144 3207 560 4762 1936
1032	11254 4880 8852 11060 3723 7496
1033	9925 8251 10845 10125 9363 10983 6868 4775
1034	3391 3339 5291 10520
1035	7539 176 7272 8773
1036	2097 10918 1048 7635 823 10502 731 11729 1458 10377
1037	5259 7246 8993 4901
1038	1065 4842 6169 11815 185
1039	2121 9934 11148 6299 7883
1040	1780 10106 4546 5665 1700 445 228 781 5790 4706 8769 3967
1041	6489 371 9523 255
1042	8584 4712 6520 1365
1043	4534 10654 3015 5991 4881 8087
1044	4536 9198 2170 9848
1045	7840 3106 7838 1775
1046	2228 1506 10309 6306
1047	7157 1447 1219 1871 25 90 71 80 73 9339 50 100 2713 7642 1272
1048	7817 7386 9184 5314
1049	8596 8480 6996 9670 6457 11095 9105 7136 11348
1050	10122 4278 103 7338
1051	156 9220 11425 9428 11421 7687 7926 9846
1052	862 11700 10418 10379
1053	10631 4003 10688 8751 10348 7272 10897 11231 3241 10920 9687 7295 2100 10700 8949 11091 7273 9701 11245 2715
1054	2042 9228 9555 4038
1055	2994 1811 3381 5127 1929 4359
1056	8952 9141 8847 8953
1057	5734 2397 6798 1880
1058	5689 4859 6089 1569 11182 341 11120
1059	3721 9392 11641 5438 7414
1060	7513 9461 9132 9134
1061	4808 3035 9242 1443
1062	4263 3741 4735 5946
1063	7444 621 6677 1446 3121
1064	2967 4706 11636 3451
1065	6585 2023 1433 11865
1066	531 10908 1596 4259 1487 3604 4508 1801 2753 8762 5477 4069 11377 6837
1067	7317 6392 9192 9200 6968 8516 4649 6920
1068	8711 7945 7812 9755 10518 8627 8010 8521
1069	1987 4346 511 4389
1070	5259 9524 9004 11309 11313 10177 168 2328
1071	1437 5259 2063 4695 8997 2614 7486 3552 5338
1072	2540 5061 7716 5648 5637
1073	8225 2917 3128 7248
1074	11270 6975 6055 5553 4260 3208 2823 3204
1075	8838 4034 369 1615 1427 596 2840
1076	2873 5490 7114 2851 7124
1077	3088 6749 9113 3130
1078	8916 6849 10935 5991
1079	5830 4187 442 1967 5117 11179 10561 5344 10920 6208 5894 7019 7081 6497 2099 199 5355 8319 5234 10084 11409 6837 6772 4118 7009 2287 8805 7182 7747 4658 11348
1080	4704 7037 5518 5150
1081	1093 9559 4706 1222
1082	5332 6862 8394 6411
1083	4562 2123 898 1627 6186 7387 2993 2460 6905 2175 6904
1084	781 5169 2171 5061
1085	11423 8853 7687 7926
1086	8434 9508 10911 4596 11685 11914 6891
1087	799 630 535 1032 446
1088	9117 9906 1756 7679 1758 195 7657
1089	6853 6971 5476 1650
1090	4246 840 4667 758
1091	11518 6681 1654 9179
1092	9461 7981 9127 9882
1093	7920 11123 10506 6808 10833 4227 11064 6883 94 3401 7376 9543 10205 5503 5703 10507 4279 11655 8929 7616 6173 6499 8286 10348
1094	6650 6651 11922 5926 2875 5313 10252
1095	697 797 776 604 386 761 1076 964 732
1096	420 876 2309 2244
1097	11065 5810 231 7371
1098	5259 2611 4388 3243
1099	2104 9461 11227 2665
1100	4148 8729 10740 6519 9327
1101	6535 367 6400 199 6474 8157 177 5259
1102	7926 9787 9298 9297 6569 8721 9786
1103	1068 4389 1811 6157
1104	6704 1428 3723 1320 2655
1105	4464 690 3298 4538
1106	4837 5786 970 721
1107	2729 11390 4586 4587
1108	6468 1615 7405 11426 725 5855 1800
1109	7963 3139 2915 6691 8838
1110	1654 6392 4352 592
1111	1853 985 430 738 315 931
1112	549 468 243 4641 4833 3096 1905 2983 3958 6713
1113	783 1114 519 1143 608 993
1114	2319 487 9441 186 7892
1115	2287 7389 5605 318
1116	597 3291 3311 5414
1117	11500 10258 4449 9891
1118	109 3264 4076 10866
1119	7328 7260 5538 7155 6771 5556 4780 479
1120	8757 10169 9667 10946 11385 4720 11796 6365
1121	2941 5298 9607 6905 3285 7787
1122	11428 7019 7512 2567 4636
1123	10888 10914 10370 5002
1124	11085 6431 10919 6941
1125	993 1620 7599 5550
1126	3462 9977 10121 886
1127	5468 3431 567 3380 2030 3965 1110 5797 1605 2590 4487 9547 3224 2829
1128	7914 4927 2391 3456
1129	2993 4254 8131 3651 6380
1130	1697 417 1911 949 2626 688 3373 2622
1131	9156 8445 9157 11512 9270
1132	10262 11018 2590 7416 9354 11248 11058 7119 10569 7669 7560 5117
1133	7473 2540 1649 2835
1134	11653 6026 4030 2459
1135	8535 286 8149 7715
1136	1083 9096 4690 9279 2874 9277 4901 5186 10865
1137	7927 6368 6059 7423
1138	66 24 1489 9338
1139	9480 6790 9777 2645
1140	2675 9733 4496 7248 22 5504 1764
1141	7602 4859 1583 4011
1142	8137 8785 2675 8458
1143	5320 7512 7669 7403 7398 10402 916 10723 10259 4622 9352
1144	2917 6307 504 6767
1145	4746 6243 8063 11554
1146	8997 5435 7864 8157 9332 11212 4785 3777
1147	11386 11559 10470 9785 11385 6933 11646 11414
1148	445 10758 6138 10077 9825 6896 8330 4743 6837 9287 9379 11338 6786 9827 10055
1149	4941 4762 3212 10590 4101 3204 4368 4162 4263
1150	4975 7741 6814 10700
1151	3779 6896 6572 9656 5277 376
1152	8631 2730 781 7248
1153	9192 5572 1597 6392
1154	5911 2969 1995 7453
1155	2163 8787 4907 2611 7318 4812 731
1156	3836 4443 4966 5478
1157	1536 501 1114 1203 1006
1158	4705 1563 7843 2683
1159	728 6342 7066 2128
1160	4223 1048 1089 9765
1161	1613 10395 5418 4540 6777 5417
1162	9689 1116 10984 2178 6220 6983 309 2416 3422
1163	481 476 1207 976
1164	6055 6979 7224 5427
1165	7229 4828 10800 699
1166	8629 1038 3224 8802 7961 9536 8450 8564 450 8631
1167	1743 13 81 12
1168	8861 11052 8501 3389 2100 6152 7688 11060 7376 9173 3967 3465 11168 9175
1169	3478 10216 9275 9843
1170	11493 10499 7258 8483 2781 4622 7713 8783 10443 11091 9427 4550 7784 10506 11194 4613 11081 10507 10475 8553
1171	1715 7517 2904 2190 3298 663 7274
1172	2059 6940 3517 3976 4633 5340
1173	2222 3695 9539 4972
1174	3215 783 1433 4370
1175	585 6953 9540 1060
1176	603 816 648 1236 1076 933 1494
1177	3057 4574 199 8940
1178	11786 10044 11462 11787 5653 11850
1179	5908 3635 321 7815 5909
1180	10121 8851 9233 5371
1181	3528 1614 2998 2692
1182	4308 4300 526 3391 5246
1183	11243 9974 11127 9268 10376 11094 2099 10698 578 7290 11234 11081 9225
1184	10152 10461 11119 8050 4435 10153 2997 2039 10202 8036 3671 10216 8053 5463 5464
1185	10861 8534 10104 4230
1186	6924 3784 337 9667 7774 6
1187	6287 2990 998 3300
1188	2861 2922 530 1996 585 5657 1027 663 810 2291 2112 1186 2155 3661 1018 3697 2277 887 1316 340 1021 664 2073 2851 320 1931 3085 614 1177 540 3970 3303 6991
1189	1928 9975 1455 7514
1190	11244 11005 11245 180 841 4124
1191	567 603 1445 649
1192	702 2718 4127 4645 558 575 8838 356 3242 194 869 349 7307 4706 3072 1065 482 185 1238
1193	3299 3266 3190 4716 542
1194	2373 4564 7014 28 8165 9820 9009 10124 2141
1195	8282 11515 703 3552 6457 11093 182 1863 7092 10262 237 11005 11195 10869 6205 11476
1196	4477 8628 11141 11431
1197	2462 7535 800 758
1198	8744 9114 1222 614 9887 5398 3396 1090 6948 2035 2044 1549
1199	8186 8434 10884 8185
1200	6034 289 3297 8125 672 2412 10177
1201	6384 6025 6912 3249
1202	11919 11832 10257 11918 11833 10007
1203	8124 2041 6222 700
1204	4740 4748 4876 5439
1205	1910 6239 9081 3528
1206	9697 7512 2248 5941
1207	2005 2412 2969 2432
1208	3559 10966 4406 1165
1209	6084 7716 652 11771
1210	10585 10846 769 9538 851 770 1487 9392 2559
1211	3391 3978 6218 4706
1212	3622 5208 4524 2690
1213	9075 6507 3564 6760 4282 9587 5355
1214	9899 11520 10520 4040 8771 8503 11229
1215	5161 3667 1816 3970 11476 4886 5352 495 5449 6204 5447 5354 4768 1205 1934 2631 5504 3669 1876 3268 10506
1216	7264 7337 7407 966
1217	4552 8842 1535 9111
1218	677 2012 2008 141
1219	7517 1952 5665 6425 7981
1220	10149 11033 11032 11014 9037 10393 11016 8992 11011 10155 9749 11007
1221	2270 6810 3740 8877 9592 8878 657 6798
1222	6271 3783 3665 5651
1223	10569 1307 6573 2997
1224	1135 4650 1787 901
1225	5158 10982 8028 8379 5246 1102 1556 4037
1226	10552 10659 295 759
1227	3546 5332 9911 5151
1228	7880 3697 3668 7821 4562
1229	8417 7561 3404 10889
1230	9442 9134 9461 7513
1231	3351 995 6339 4528 10411 6342 341 9026
1232	6751 6755 11852 10534 6753 8733 11862 8730
1233	5277 2688 2839 1392
1234	7863 9461 9481 10416 11682
1235	9022 9001 8158 10040
1236	11305 4889 1918 10600 9276 11899 10102 11380 10846 5232 10641 9631 10498 11064 5233 10103 3389 6148 10426 998 10857 6151 9281 5614 10479 10405 11272 11249 11736 11471 10076 6204 1406 6155
1237	2032 2153 2258 3732
1238	484 4562 1372 7164
1239	7387 10559 2428 4977 6488
1240	8116 2739 5420 4546 4071 498 2539 2970 8605 8927 3014 2437
1241	5339 6265 5055 6231
1242	133 789 868 8169
1243	8640 6676 2596 11424 11180 8371 9479 6512
1244	5046 7194 5566 6402
1245	11046 10077 11157 10163 10080 10956 11045 9018
1246	955 844 6521 2874 2580
1247	3973 5746 3560 8356 4508 7213
1248	7267 438 3389 395
1249	4752 7941 4753 5681 7665
1250	7626 3181 10543 11204 781 6537 7549 9054 3450
1251	472 2688 7305 5749 6287 5555
1252	1463 11118 590 4389
1253	10309 9471 150 111
1254	11404 5589 5983 4581 11480 2491 7448
1255	2575 2313 2540 4126 1718 10668 1906 7299 2167 10362 3914 9656
1256	5383 9126 5368 8852
1257	10261 3893 4277 6253
1258	2016 2644 1114 2757 1972
1259	11087 1601 11278 5499
1260	7173 7171 4995 7003 8134 4029
1261	3804 2777 993 2749
1262	3298 731 2993 7003 6549 8842 8002
1263	724 3072 7037 4876
1264	3651 679 567 1928
1265	9377 6221 9820 8758 8729
1266	7237 11542 10559 7274 8513 6796 10037 11272 7878 10031 10346 10386 8485 10518 11537 10013 9276 11558 11353 6578 8516 4040 8502 10036 8512 10030 10507 8607 8510 8484 10588 7747 9727 9424 10560 11209 11891 9571 11129 10405 4187 9574 10365 3050
1267	4230 6474 5644 1796
1268	549 7156 2110 548 4021 7480 2212 1143
1269	10874 11361 6233 7145 9508
1270	5439 9534 5076 3967
1271	11425 1981 10865 3641
1272	3690 4412 8144 4166
1273	6685 597 2369 3229 1284
1274	6137 3298 3861 9346
1275	4009 480 10631 3946 5858 486
1276	8445 909 840 6474 617 5717 213
1277	2414 7524 4881 6950
1278	4968 70 72 7340
1279	9461 9110 8441 4815 5353 9176 1762 8355 4492
1280	9484 10028 8544 9408 1007 4500 1707
1281	10671 10670 7493 2011
1282	11506 6678 11508 5565
1283	1208 9405 8993 9206
1284	1767 11424 10061 445
1285	7597 7596 8325 3626
1286	2019 8128 5451 11001
1287	9356 10957 11574 4227 7416 10703 11110 11681 11235 138 6640 10397 2691 3401 6361 8949 1968
1288	9220 7350 9778 9553
1289	10663 11403 5673 9341 2297
1290	1806 1301 1473 1484 1678 1300 1677 737
1291	5259 1598 10227 3963
1292	2112 6175 4259 2019 199 6177
1293	8807 8954 9735 9734
1294	10027 10040 8688 5929 5885 8278 4420 9053
1295	4300 1412 596 2037 11418
1296	9406 5467 5262 5117
1297	1010 8165 2166 702 3425 200 2781
1298	2604 6738 2913 3576 8575 3607 2877 5223
1299	2975 7745 11098 7747 11211 4856 10812 6363 7330 7010 6497 11075 9099 5313 7260 9281 7337 5469 6454 5506 10675 11390 10869 3401 11674 6883
1300	4938 4992 957 2133 5324 5989 5340
1301	8710 2966 8897 6948
1302	6178 8933 5934 1625 6396 4541 3660 11776
1303	6457 8461 9165 7693 33 11093 8462 6976
1304	6465 9742 4292 2342 3688 9744 3536 145
1305	687 799 566 501 964 430 494 536 417
1306	7217 10147 2583 4782 9002 8391
1307	9083 7297 9882 8922
1308	7178 7976 5946 6613
1309	3707 6208 41 8717
1310	11673 3115 6363 7691 9390 11380 10333 11272 4029 8445 9383 11509 5401 5426 6154 7658 8470 284 10696 9391 11059 10869 11091 6151 2988 7840 11543 6173 11065 10892 2181 11476 1116 4508 7241 7784 2634 7224 1918 8939 3112 7297
1311	757 5014 3259 4972 6905 7192 2865 5923
1312	3263 194 2810 2314
1313	6389 886 2155 1889 6365 2030
1314	11792 11122 6655 11540 5929 1861 11318 10924
1315	11897 9105 2534 9558 10788 9639 8480 7745 2874 11668 11574 11683 11542 11339 11310 7540
1316	8309 11023 11012 10343
1317	9254 11009 11013 9251 9253 11012 11008 2415
1318	4636 7006 2619 9035
1319	6896 7894 6756 11404 228 5234 11734 3622
1320	7802 9817 5741 6709 7377
1321	9912 10289 9621 6060
1322	7716 9133 9130 9441
1323	7653 9122 7675 5439 851
1324	587 3255 7720 7707 115
1325	9275 1158 8480 10930 11270 11867 9164 7258 8921 11671 5784 8502 11586 4040 6457 11892 8726 10399 11091 7241 2789 10347 11653 8838 11640 10833 11006 11897 9285 10584 9653 11672
1326	2710 8316 11237 8773 11587 7533 10894 6190 9556 11060 7080 11825 9957 8779 1694 9153 7295 11533 9162 6310 5427 4224 7745 8495 8433
1327	2668 4533 2514 614
1328	2816 5862 6947 1264
1329	6395 9835 1373 9814
1330	5860 6158 1456 6217 2985 10943
1331	10774 10096 10773 10550
1332	3079 1683 6503 5712
1333	3157 6629 9473 9364 7637 3899 9166 6414 9429 8175
1334	5553 6374 4544 6984 5554 5644
1335	5027 7439 9684 9681
1336	417 613 4775 5508
1337	6024 9214 6448 4657
1338	8150 6453 6812 6811
1339	1722 7394 6713 4684
1340	957 7390 817 3605 5830
1341	228 11761 157 10569
1342	6102 4355 3108 4088
1343	2267 6679 1830 70 1829 82 8545 1669
1344	8974 5665 6782 661 9779
1345	8326 8877 6886 19
1346	11662 8347 11637 3417 8346 6965 3767 11649
1347	842 417 1463 1235
1348	6295 1783 7122 4876 5065 263 1135 3639
1349	328 8637 1655 2976
1350	9231 6644 722 6289
1351	2432 4157 5399 2412
1352	7266 7980 1537 9125 6138
1353	2580 457 4183 6776
1354	9959 4574 11084 6006
1355	11361 1839 1749 7404
1356	8942 8023 10022 11784 8829
1357	1595 1296 11404 758 4603
1358	4840 1580 7029 4808
1359	6784 102 7692 9432 8655
1360	2717 268 4400 9341 2952 9394 3281 3698 3525 3338 8996 7248
1361	5313 7337 10760 781
1362	1696 1035 7679 3163
1363	1591 5903 4994 6187
1364	5489 1263 2238 289 612 9200 7548 1722 6549 801 2223 5245
1365	3090 219 2313 7328 1928 5583 2672 126 2046
1366	9975 557 1332 9201
1367	2933 8965 2540 1534
1368	1394 255 9009 11147 3604 6430 9424 6968 6061
1369	8845 6337 8065 11646 7638 1722 5220 8061 6218 6655 11334
1370	7745 7784 9099 9083 11511
1371	1428 2609 9004 9062
1372	11145 11146 10191 11147
1373	2165 1297 2158 3429
1374	2616 348 237 8539
1375	7855 3346 7955 10021 5051 1863 8997 7115 8365 10231 7246 3301 7575 8295 2512 11019 10178 4755 9844 9994 9625 10087 4798 9307 450 826 10164 3263
1376	8506 9461 8110 10671 9361 10689 11854 2206 2567 5942 4219 8502 2181 9391 9893 10669 9961 8089 10723 11084 8105 11305 9153 6190 10883 10895 11027 4623
1377	348 661 1606 913 1284 6009 2599
1378	261 3338 1520 3021 2899
1379	278 1196 5450 764 7325
1380	3242 5233 3284 5700 11724 3258
1381	10936 9563 9560 10743 11064 9559 8199 9565 9591 7144 10740 11182 8778 11232 5346 5790 9060 9058 9523 8441 9564
1382	8025 7840 1746 3106
1383	11293 11377 11243 5107
1384	10506 9695 10376 9351 11911 6977 7745 11574 9958 6457 11682 7920 7072 11667 11535 7137 7376 9162 142 6836 9583 9276 8497 9290 9892
1385	909 4234 4045 6449
1386	11913 10497 9667 11389
1387	4138 4145 4144 4131 4137 2486 4129
1388	3292 4594 2967 5382 5763
1389	11445 6757 6756 5389 7039 7307 1611 9105 8732 7308 67 10749 1843 6754
1390	11894 10516 10416 11857
1391	11370 11320 11319 11321
1392	4577 11492 6006 11691
1393	11617 11616 9461 8847 11615 9501 3680 11357
1394	11404 7289 6557 7080 10908 6237 3612 7876
1395	5371 5362 2616 4667
1396	10386 11669 10686 7745
1397	3378 1917 6905 6940
1398	3468 9447 8431 899
1399	10885 6465 8099 3526
1400	10504 10506 11060 9232 10540 11677 3013 10511
1401	10895 7072 11057 10124
1402	6129 298 4280 3088 61
1403	7018 7423 7237 4236
1404	5439 2472 6255 8093
1405	4936 3679 8198 8375
1406	10682 3061 3033 2793 3313 10174 11697 5199 10429 3983 11033 4638
1407	289 7863 3189 11197
1408	7394 567 700 1722 9681
1409	7188 892 7741 2785 213 4457 4157
1410	4180 11571 11573 11541 10747 11829
1411	10156 9037 10218 10217 10219 10176 9038 10192 10184 10180 10159 10183
1412	10190 2540 4402 7141 6795 9453 4559 1299 2510 3346
1413	2616 7119 9079 2816
1414	2720 9755 6755 2606
1415	4609 8848 6456 24 145
1416	165 11423 7730 11424
1417	8786 9279 8434 11141
1418	2131 2024 5563 1813 2041 8838
1419	1615 1073 7193 277
1420	1679 1261 1304 1678 1482
1421	2343 6065 1088 9436 1815 5462 2409 924
1422	7707 8288 10627 10888
1423	1659 5858 8920 1230
1424	9357 3845 7500 10372
1425	113 103 8337 104 110
1426	3351 8751 1987 2975 4461 4996
1427	5320 1433 3439 7100
1428	839 1248 758 965 4277 1931 280
1429	2819 5726 11201 3291
1430	6674 5638 3702 4449
1431	10031 5320 11055 10030 8467 33 8501
1432	7907 11542 11666 5666 2460 2609 3575 2209 2987 10583
1433	9408 4670 961 3499 5281 5435 3572
1434	2165 8719 8621 10008 9480 8906 2148 2727
1435	19 11449 5378 3422
1436	2412 8335 8699 9643 4004 6714 3017 5256 1459 6554
1437	10231 10230 10229 8370 2227
1438	8125 1734 2459 1654 3376 973 7380 3651 875
1439	9787 9297 9786 9172
1440	897 5946 1135 2379
1441	9700 5557 2318 3504
1442	1116 285 2460 2463
1443	1099 6960 7046 724
1444	6191 2295 2125 3547
1445	2416 355 5836 1643
1446	8009 8008 11208 2207 8339 9310
1447	3884 10755 8530 8473
1448	9225 10587 4040 10854 138 9703
1449	918 5518 3670 7774
1450	8235 7364 4338 3106
1451	2830 11479 11801 781
1452	10804 10803 2860 6876 4812 4207 7790 8278
1453	5808 6579 2238 6769 432 9192 3340 6781
1454	846 28 431 6585
1455	4008 8705 3031 7607
1456	1238 3741 6214 426
1457	9549 2477 7527 11214 2412 1023 11406
1458	173 5665 9065 2966
1459	122 6601 4968 12
1460	2915 7248 4331 4303
1461	6836 5781 7002 10584 8796 11654 6971 8479 8752 9085
1462	3044 2373 8528 9231
1463	7686 6220 1083 4654
1464	758 1311 1424 1903
1465	285 9863 1591 1470
1466	779 692 1455 5020
1467	3304 1841 8842 2978
1468	3898 7683 10535 4667
1469	85 9472 4595 13 5782 7786 10309 1272 99 4583 5669 63
1470	9441 8168 902 4259 7513 4833 6214 7720 3703 2768 5014 4408 3695 1918
1471	208 4798 8094 2181 8613
1472	5403 5511 5364 2460
1473	8772 9337 11587 9727 5609 11640 11544 11789
1474	3784 2828 5602 2648 1035 6360 213 1277 2862 5595 3695 5322 4812 5603 1772 1002 2066 5414 3376 7003 904 8811 10163 1264
1475	9196 1725 5729 769 775 7288
1476	321 7581 390 4956 11138
1477	10899 9573 11749 7472 6078
1478	3898 4718 4719 5020 4714 4827 4713
1479	9502 10524 9504 9511 8222 8953 10836
1480	6652 760 812 566
1481	8128 10361 1950 9626
1482	10822 9018 8065 9784 287
1483	1654 3651 5565 4186 3351 255 2491 2993 8524 417 758
1484	5855 6749 6553 11878
1485	7989 3054 4962 6380 11733 8125
1486	9423 5653 1747 6325 2993
1487	876 8216 8150 5416
1488	3912 3422 5057 661
1489	4715 2969 5593 779
1490	1531 9566 2628 6384 331 4250 6909 10022 1751 4166 6912 5900 1923
1491	692 7382 7002 2435
1492	781 5564 8170 11479 5674
1493	5383 9130 5960 5377
1494	8826 8209 5675 5676 10724
1495	3095 4823 6944 6474 3243 1537 5439 1035 1802 1135 970 2181
1496	10836 9499 7195 11706
1497	11760 8313 11524 11526
1498	6630 2128 1318 4495 2575 939 3031 11423 2019 616 752 653 8300
1499	7529 5144 6881 9520 10575 5942 846 6585 7286 11060 5929
1500	5840 3145 2569 2299
1501	2526 3254 5759 3511 4389 7002 2524
1502	2394 3416 10767 4609 7342
1503	3439 2065 3317 2329
1504	6871 5179 5741 1698 461 5490 2956 10871 7122 4045 9142 6474
1505	226 1039 2683 5061 5850 2708 4204 533
1506	8221 8198 8434 8410
1507	10322 9560 9523 5793 5095 9559
1508	9013 8823 4948 7013
1509	3457 4179 626 4248
1510	9175 2430 10188 10225 11820 11060 781 7599 10930 6512 5158 8794
1511	3227 2010 3131 5098 1150 5281 5485 8099
1512	7728 9565 3391 9563 284 11739 10317
1513	5590 8837 5335 5591
1514	8541 10560 10406 11020
1515	8870 8073 11020 3848 11383 5582 8874
1516	1402 4656 5949 2076
1517	1467 2797 1493 1916 3737 3456 1444
1518	9899 1101 8495 8504 10792 4046 2550 5578 5548 11076 915 8526
1519	157 8096 11285 8097
1520	9192 9200 7229 6380
1521	3359 2412 4620 844
1522	9230 7237 2405 1525 1204 2479
1523	3273 2379 4426 2412
1524	3488 3293 874 7460 1850 10271 4762 3088 925 1459 4341 2967 5360
1525	6542 11349 10397 6754
1526	2617 2120 1843 1659
1527	6067 1015 196 1537 1903 1889 2311 5731 5785 3684
1528	7487 10177 1385 7695 6697 7766 7087 3431 5501 9784 10058
1529	4545 2614 7248 4941
1530	10371 7778 3669 2308 11316 5420
1531	7513 495 8299 1083
1532	646 649 529 689
1533	2041 6305 11393 8945 8524 11765
1534	2575 2989 2187 3762 59 4971 2845 4011
1535	9461 7006 7229 5816 2460 7821
1536	9777 4669 9468 11391 9374 8199
1537	2169 598 2851 9516 9659
1538	1167 1166 290 1251
1539	9097 3698 4259 11212 3866 8981 7203 4702
1540	1929 616 2485 2207
1541	11426 9136 932 3224
1542	111 11851 73 6306 6166 2692 91 3967 10122
1543	690 6029 11140 11136
1544	2271 2234 9911 5474
1545	7961 1058 6274 6211
1546	7872 7269 7271 7455 6108 7266 3923
1547	5182 5717 6528 1403 1801 6264 6266 5089 6530
1548	2472 900 7503 8156 3438 8158 9022 9406 8161
1549	577 2749 9821 2502
1550	961 1805 6881 355
1551	8066 5464 6343 8047
1552	2133 2128 2819 2613
1553	263 6250 5556 252 596 5277 2718 856
1554	9909 9259 2967 5439 1597
1555	3046 9966 9414 3019 9936
1556	6344 8212 7249 8838 659
1557	11574 9892 10247 7384 7107 6150 8919 11586 5504 9637 7274 7330 9671 7975 9354 6148 7242 8751 5537 11053 10983 5506
1558	3492 199 1238 10042 2124 3146 577
1559	4224 8489 3760 8494 10397 9384 7541 7747 10401 4508 9695 6190 10406 7635 6904 10030
1560	3571 8451 7124 10038 10965 916 2551 6466
1561	10045 9105 1182 71 2895
1562	6059 1719 9081 6267
1563	1217 533 1814 2680
1564	3233 2133 477 2156
1565	5189 2613 8646 2535 7973 5587 6550 9107 970 730 2447
1566	8251 7278 6506 7238 6071 7564
1567	340 2781 1125 2894
1568	353 760 612 645
1569	8996 2615 3286 2219 384 7801 3617 1213 8952 1296 7248 3460 8054
1570	10622 8520 9207 8599
1571	2975 10542 4259 3204
1572	332 335 5008 4916
1573	4881 5991 9036 6448
1574	10908 11693 6212 11198 10377
1575	5020 5245 7905 6549 1135 5568 2058
1576	5539 2575 3759 1664
1577	10170 5718 2540 8031
1578	10465 8709 9869 4471 1933
1579	2460 8132 3160 8260
1580	9785 7661 10529 2613 9742
1581	7716 10209 7766 7864 10225 5168 5830
1582	4986 9592 11147 4987
1583	8791 11504 11234 11515 6408 3252 7176 11058 5939 11505
1584	9652 6611 4328 6612 4990
1585	10422 2614 1060 10140 355 2829 7686 6295 5741
1586	11716 10647 11141 2484
1587	9547 577 2435 4976 5504 3967 3797 2432 143 678 3799 4622
1588	6512 10258 11253 10649
1589	1522 3901 5775 1222 5769
1590	10807 10357 9120 11546 9332 5213 5434 9085 11027 10918
1591	10497 11210 8462 4259 9260 11079 10371 8489 10892 10928 5887 11353 2845 4227
1592	5974 6488 3482 8258 8622 911 7323 7591
1593	9174 2022 661 9473
1594	9110 10153 7844 6706
1595	5214 2514 3789 3792
1596	1776 11733 10993 11099
1597	3121 3651 6666 5659
1598	11488 11852 11335 8979 9343 10533 7307 7312 9342 7304
1599	8276 2128 10800 5206
1600	2372 7371 124 2540 9923 4036
1601	6992 7687 6762 9143
1602	2295 1707 2296 1248
1603	5609 8478 7747 7405 8775 1840 10670 9417 10496 5607 7018 6733 10675 11081 3389 11077 3284 7560
1604	7219 3298 188 9089
1605	7764 9843 10146 4772 9835
1606	8838 136 9378 5453
1607	1817 429 964 2778
1608	6895 4219 7731 9806
1609	9091 4254 1654 931
1610	1643 1492 4070 4 949
1611	595 1095 727 662 534 1097 842 563 536 868 586
1612	6412 6617 7300 4000
1613	8776 2131 2342 2765
1614	10014 992 2893 9994 5650 332
1615	8577 7701 3090 9505
1616	9932 2155 8717 10234 7922 7707 2906 3437 2658 3224 5372 6391 8627 1537 4633 4020 2846 10557 3978 6392
1617	5858 10271 1490 3861
1618	3745 688 5542 2540 5645 201 581 3296
1619	4408 9183 6461 9461
1620	9045 1689 7295 11812 1432 9162 1184 8480 1196 10830 11096 4159 11272
1621	4720 3770 1764 7349 4627 1413 8783
1622	10962 10371 9706 11668
1623	7386 2720 781 8140
1624	8563 8564 8565 3291 8633
1625	3688 1407 168 5740 9988 497
1626	2432 3741 2435 1654
1627	1636 1020 4654 8634
1628	812 497 3177 1274
1629	11404 10799 9234 10795
1630	7376 7403 3284 8316 8899 5453
1631	6967 8942 7579 6222
1632	8805 11070 9230 6154 7384 8505
1633	4634 531 6067 5219
1634	8753 2248 1083 11025
1635	7136 4908 10283 7524 7348 6206
1636	9936 3633 3650 3996
1637	6681 6773 661 567
1638	10748 6049 4259 1654
1639	10498 10559 6570 5551 6560 9292 8751
1640	10952 9368 6932 5990
1641	8462 9727 8464 10717 8498 8501 11087 7541 8493 8921 7540
1642	2482 3189 10610 6380
1643	7214 5768 5954 9615 5546
1644	4611 3896 4616 4612
1645	4762 6301 11328 9941 9592
1646	2141 4324 2528 7597
1647	1799 4534 8041 7800 10427
1648	1698 10294 10987 9389 7234 6392 10981 11130 10988 9364 3340
1649	6971 7527 8494 11505 7831 8976 5434 9276 7908 11688 3675 7539 11507 3773 8492 6600 11511 255 5208 5084 5474 11575 1614
1650	10983 8 5459 486 752 4673 5461 5492
1651	10277 2851 2845 4045
1652	26 9659 10527 7248
1653	4340 4573 3867 2510 1010 1017 1748 11360 769 2743 174 4094 1857 3830 4971 7345 6522 2922 6934 4071
1654	1425 702 2264 4186 1628 2543 4185 10507 2153 8895 3519
1655	3239 10172 2460 355
1656	4411 2856 9976 11353 3360 7784
1657	7319 5603 2124 3303
1658	952 664 2123 1027 52 1701 2290 253 11639 3046 1505 4804 925 2614 1374 2429
1659	7527 5863 9310 7072
1660	11009 8023 8955 11143
1661	3351 2232 3144 7720 661 6865 779
1662	10896 8493 6206 9303 1518 8466 7635 11685 6971
1663	5950 9357 4925 7642 6677
1664	478 3721 10263 3299
1665	9494 9495 9527 9526
1666	8736 10225 11795 2352 10224 2575 6188
1667	5288 6968 5292 5291 3753 11665 11649 5875 5295 11341
1668	1584 8595 1170 2540
1669	8283 11080 10928 10336 8319 10920
1670	7009 9466 4235 8929
1671	11421 6256 6138 3624
1672	7145 4546 4545 3434
1673	5994 10426 2263 11316 10228 9249
1674	11431 3350 8870 10470
1675	457 7037 781 355
1676	2208 2599 6030 9648 8978 1994 1200 8568
1677	8806 3442 2814 5941
1678	8531 8534 3505 9549
1679	2990 8504 4040 4814 7107 8506 3149 8479 916 315 11087 3837 8467 5578
1680	3806 4650 7007 3381
1681	7138 9395 1284 9115
1682	1222 5230 5770 2430 5772 5768 1908 5775
1683	5109 8040 1675 4667
1684	6138 895 9157 2530 2040 3745 1318 2647 3841 7002
1685	6545 4127 1843 1064 1402
1686	5983 7513 10535 3846 3914 4479 5135 8751
1687	6827 3834 10286 4166
1688	10053 9277 10057 10055
1689	9495 8958 9496 9494
1690	10698 10689 7907 8506 2084 2535 2861 10205 8746 10669 2754 6732
1691	3233 3759 3762 339
1692	8539 4696 10925 237
1693	1803 10369 3270 5098
1694	3050 8899 10595 7088 7011 10717 9337 8280 9542 10108 7275 10037 9583 8934 10629 8501 11476
1695	9819 10733 8027 11214 10187 9201 10054
1696	6549 2658 9906 6870 5246
1697	1800 413 4011 10233 2271 925
1698	1929 7162 10002 9373 6525
1699	1329 992 8152 1226 3044 8746
1700	6191 2646 8207 7122
1701	11583 6393 9425 7757 8324
1702	689 7732 7811 6407
1703	2165 4617 2425 5564 4056 970 5157
1704	1170 670 10712 9229 1663 3183 1657 1135 416
1705	3896 8072 8768 4839
1706	725 8081 8766 8978
1707	3860 10755 2184 3591 3120 10651 10737 11308 4728 6220 11467 7250 8288 10735 2954
1708	341 4428 6316 9259
1709	8608 9796 568 2019
1710	4306 11456 10820 753
1711	3762 8140 10638 7636
1712	3636 383 6392 1048 8580
1713	1631 3695 5401 10082
1714	6935 6375 7669 5518 7362
1715	3320 10308 7015 2402 1594 4388 6779 4391
1716	4882 1175 1170 4655 2277 3697 1172 3425 2851 1171 530 2075 1135 4656 2917 834
1717	9038 7096 10066 10288
1718	3371 1487 2154 3128
1719	5567 5523 2779 7484 8602 1422 8921 9798
1720	1663 7141 8562 8009 5150 1745 7326
1721	9051 2292 4725 1363 1044 2785 1698 1988 4191 9192 6378 9579 6905 5370
1722	4190 3137 1279 4045
1723	397 5549 2818 5905
1724	6837 5504 1610 657
1725	1739 2206 1868 1828 3995 8552
1726	3381 8929 8927 7010
1727	2815 672 2088 4728
1728	11703 9596 10647 11298
1729	2495 6367 9353 8534
1730	6748 3404 7156 11702
1731	3861 5929 2607 4958 5632
1732	4920 5187 5186 10424 6603 10332 11566 339 11604 10333 11595
1733	9461 9134 5830 5221
1734	9001 2574 10587 817
1735	4342 7336 8751 7004
1736	1722 2165 4010 1931 4562 6547 3944 8232 5015 8698 1137
1737	34 4821 149 1506 3991 5580 9432 4527 3888 37 8706 8135 10934 136 38 3688 36 3053 6518 4868 7692 1307
1738	10847 9353 11739 10580 4705
1739	158 5991 6992 6963
1740	8751 705 10877 495 400 9668 736 11092 10875 9540 11266
1741	6183 11029 9461 9230
1742	9787 10047 9103 6862 9552 7350 7570 10046
1743	6000 5652 3782 6001 11423 157
1744	800 1981 614 1734
1745	2267 24 12 8362
1746	9480 3164 6461 7497 3710
1747	140 1780 2545 376
1748	3322 1548 495 315
1749	6510 7313 632 11790 997 9684 6756
1750	2319 6009 4407 9912
1751	11106 11440 9790 9415
1752	10811 11386 1843 10470
1753	10767 10364 11486 10345
1754	10951 5837 5838 5698 7456 5836 9037 7048 21 8072 10066 4150 7712 1869 10952 5903 843 8838 3424 6350 9021
1755	1905 9946 901 7228 5905 6683 2757
1756	8158 9362 9350 9520
1757	9872 6589 6868 3651
1758	5698 9461 968 7493 6256 2816
1759	4876 9207 657 616
1760	6182 5590 8018 10985 6526
1761	7142 750 1811 1753
1762	6500 9975 6495 10870
1763	7181 3095 5592 2885 6580 4042 3070 7521
1764	9250 9622 8606 4598 7166
1765	9077 10427 9572 5499
1766	10155 3564 9034 11874 10449 9035 10157
1767	9220 8475 5684 11421 157
1768	5111 11519 11295 11099 5002 8577 9287 8868 10111 9490 10872 6959 10011
1769	8043 10794 2459 3193
1770	7820 321 5859 9179
1771	4606 4982 2951 902
1772	4163 4168 5610 4413 5458 2985 2993 6450 5163 5459
1773	2675 688 2408 4483
1774	4259 3722 2902 2540 5237 341
1775	559 822 760 313 840 257 631 3513 402 263 3707 772 1632 2740 749 748 199 307 973 3230 272 178 1910 567 411 173 742 736 2334 622 1444 625 3256 698 371 4665 733 267 1565 372 271 3226 1005 529 713 842 405 815
1776	5728 10534 11070 8230
1777	11758 11759 11875 11525
1778	2022 5368 5371 6388 321
1779	3140 5665 301 5439 136 5277 661 7773 678 261 5115
1780	9461 11650 7513 5367
1781	1339 2993 1034 2634
1782	9514 7688 2099 6258 10252 7092
1783	11410 11479 11060 10931
1784	341 2875 6576 4859
1785	8357 6974 10668 8751 6497 2216 8437 10892
1786	8342 5609 3376 7491
1787	1627 3156 2862 3131
1788	1852 3376 1330 1688 894 3476 6103 8861 3575 3560 4551 2917 592 1643 1557 5353
1789	2575 4065 1960 619
1790	8281 4044 9672 9064
1791	2331 2712 2912 6873
1792	7395 11456 11457 11605
1793	6344 5701 7865 6351
1794	3403 3097 6456 1761
1795	592 5348 2379 4676
1796	1002 3768 822 2459
1797	1584 2966 2201 2757 2030 3919 8687 3831
1798	10669 1621 7317 6655 5665 7435 2575
1799	1484 1405 1480 1481 1249 1304 1482 1360 1282 1273 1321
1800	2967 5020 6750 1969
1801	10820 899 10186 10847 4415
1802	6599 7837 9461 4936
1803	11088 6982 6980 11540 10923 578 11537 11671 2099 8468 10375 10313 10711 7652 10271 7688 6153 11339 8923 1615 6835 11212 10024 9965 11027 8091
1804	2906 8660 8624 4943 6920 2604 876 7300 7378 1731 6907 7720 9123 10626 4982 4163 8130 2505 8125
1805	8890 9085 8842 3298
1806	2792 2119 3880 3100
1807	2614 1851 1015 4157
1808	5980 8752 8120 4704
1809	718 6059 2005 2485
1810	8774 11085 8111 9283
1811	10990 705 7716 8153 5187 6995 4001
1812	10955 9886 11386 9826
1813	5548 5147 897 1116
1814	4972 195 699 3398 4876 1228 3351
1815	2351 823 5582 661
1816	1076 1465 1114 1077
1817	8547 10898 8360 781 11099 8417 9490 6724 1221 9503 5439
1818	1923 11142 4856 9538
1819	1518 9131 2993 2022
1820	7517 7980 7513 5472
1821	5117 6208 4622 10315 7107
1822	10699 4642 9332 11335
1823	9689 9042 1193 6617
1824	3978 2022 415 6641 1716 7513 3982 352
1825	8405 7301 9997 9482
1826	8125 5348 2460 3376
1827	5929 5504 9020 10185 11426
1828	3173 6176 11425 4743 6764 4017 1822
1829	7182 9581 10379 8862 10511 11539 11761 10983 11025 11088 9968
1830	5541 1264 2399 4488
1831	7838 11099 8434 7836 10996 11720 10999
1832	8212 10735 3842 5543
1833	5768 4746 10055 9408
1834	4622 1764 7494 7329
1835	6265 5438 5339 10169
1836	6287 11821 11845 11139 11137 11133 2326 10616
1837	4977 5602 2189 8708 4856 9233 9230 5601 11470 9389 1118 8 6380 5391 1799 10828 9199 11322 10354 11693 10466 2917 9122 7609 8206 6906 9235 9246 8860 11000 7233 11213 10685 11079 4169 670 11499 10291 11025 690 11128 2557 8891 11596 9412 8133 1029 9262 8514 2877 10845 4894 4649 11911 9245 6645 6580 10849 10283 8631 7294 9123 4058 10703 1535 11872 8092 5068 10981 4263 11798 10120 10715 7188 540 9244 6917 3727 11692 10543 5331 1299 5370 1374 8627 11060 5603 9228 5458
1838	2657 2135 1487 2531
1839	9988 9279 11497 11501 40
1840	6142 8967 7889 1768 11309 10424 11410 11628
1841	7371 6881 4125 781
1842	3967 7831 314 1352
1843	6650 7842 1698 6094 797
1844	5321 8893 1226 3044
1845	11095 11830 9893 10707 9461 11526 9366 8067 2100 9355 11020 8938 8158
1846	11850 11787 11775 11881 11660 11788
1847	845 262 982 3139
1848	6261 5717 6265 8859
1849	6380 7634 10294 980 6905 2774 8700 6429 2614 4642 1084 3173 1114 4259 776 2433 8899 7684 7681 2482
1850	9625 5334 4962 8714 1453 6223 6874 7105 5287 8139 7309 4225
1851	9505 8415 8614 7419
1852	10606 5700 6043 4447
1853	758 3144 7771 3857 739
1854	9048 11404 6889 6686
1855	2001 2353 1176 10511
1856	7548 9373 9112 9208 8626 9060 9326 6759 8199 8942 8396 2232 8406 9223 9246 8696
1857	2087 3074 8192 4178 5281 7513 4650 1718 8122 781 2834 3908 5083 5062 7792 9127 355 7517 9884 6742 8692 7836 1244 3326
1858	2506 10327 1750 420 1001
1859	350 510 3068 758
1860	5455 9170 6393 7758
1861	1066 1705 882 2575 7224
1862	1116 2138 1583 751 973 821 1463 1523 955 1077 649 935
1863	11070 9639 7002 10812 8596 7250 7082
1864	10606 9285 10056 10055
1865	4153 1638 8633 3391
1866	9164 508 11639 10888 10896 9957 10560 9960 11587 9967
1867	6996 8438 8486 8805
1868	9117 10983 4383 6655
1869	6944 8042 6342 5809
1870	8519 9419 10924 2583
1871	6105 3644 4536 4776
1872	7390 8170 6339 2890 8373 4357 2270 7146
1873	2179 8762 9773 157
1874	5101 5219 1734 3436
1875	11168 3967 9721 6573 1555 5782 11485 301 4205
1876	11026 6835 11535 8489 6499 10928 10495 10404 11182 11594 9153 6733 11515 578
1877	8495 8770 7503 7539 8272
1878	355 1359 5281 2646
1879	7382 3210 7359 9022
1880	2962 2169 2967 1279
1881	10142 7351 6127 11008
1882	11057 11504 11702 11052 8922 10842 8468 11639 11512 8830
1883	934 323 4367 695
1884	2259 7432 8782 6723
1885	8098 3524 2323 9576 4317 10104
1886	8929 4022 3129 7590
1887	2993 9047 2510 2613 6281
1888	11397 2917 1332 11399 2614
1889	3042 6954 10355 9680
1890	3139 6457 10383 138 140 9759 9670 9105
1891	8501 2916 9983 11407 10681 10609 9547 11712 10747
1892	8176 2575 10162 2079 6268
1893	11363 11362 11553 218 11269 11372
1894	300 5859 9179 5610
1895	11279 2949 9158 5275 1524 10130
1896	9416 5581 809 679 2758 2611
1897	3259 726 6009 2922
1898	6975 10376 4040 10687 11227 7019 2011 10269 7224 11530 7599 11866 10985 4227 11060 10588 7920 1359 7330 11076 10274 10569 525 7229 10272 10636 11190 9 1215 8480 11684 8482 11541 11886
1899	7124 3298 3096 3073 3973 5281 1098 2978
1900	11305 11027 9130 3651 10683
1901	9279 2917 6343 3088 4706
1902	3628 2532 1734 7085 7409 835 1966 619 2485 3925 1537 7788 4725 8839 3118 2060 5032
1903	3122 3682 6854 626
1904	3293 7795 6160 2614
1905	9175 9225 2845 1990
1906	5230 11729 10030 10584 11078 10013 10334 5809 11368 7039 10605
1907	7982 6496 4646 6497 4542
1908	3654 1867 4449 10800
1909	1907 2093 472 3770
1910	10870 11616 11902 10999 11686 11839
1911	10158 6350 10605 11162 10938 6256
1912	8672 7978 9579 8627 4069 2521 2139 9680
1913	10901 11471 6043 10924
1914	8028 7886 9209 8961
1915	2818 2141 4009 2550
1916	4634 4633 10511 10535
1917	6014 2166 10530 7491 10575
1918	5281 10011 4423 172 1419 4704
1919	9490 9024 4262 7770
1920	1761 8586 4259 9321
1921	898 8517 3978 1597 8604 10513 11092 1530 5391 4279 7731 7885 5611
1922	9958 3050 9137 6792 6837 6891 8189 8286 6838 9366 3460 8479
1923	5439 2415 9881 2041
1924	3520 8403 8789 11334
1925	5083 1163 6390 5320
1926	11220 10386 11837 3897 11380 7243 11061 11817 11212 6640 10881 7002 8505 8442 11027 11209
1927	28 8126 7513 3861 3598
1928	8922 8726 3431 10211
1929	2967 7756 11432 1359 3356 8697 355 3257 8842
1930	8497 8464 11179 5208
1931	1655 199 5040 5340 5838
1932	2139 664 1121 533 474 888 728 58 612 294 422 396 1819 593 706
1933	2827 2634 786 1194 2870
1934	9591 10222 8341 10491
1935	5274 9504 8419 8416 9491
1936	9173 7635 6872 8492 3271 10506 1140 2099
1937	5995 615 7791 4827
1938	9790 6009 10004 3545
1939	6441 11425 6023 7926
1940	1436 7378 10525 3131 2135 10535 3136 925 8532 1886 2531 1898
1941	3606 3695 8897 10462
1942	10916 2041 9712 11093
1943	10326 9203 11636 11425
1944	9822 7597 9142 1544 1942
1945	3215 4265 2589 2586
1946	10820 8426 7883 8413 8958 6413 8420 5673 8415 5260 4545
1947	7354 2575 10916 4776
1948	883 963 968 962 885 1762
1949	7361 6251 10953 4947 5422 1822 1552
1950	7974 4575 3195 3228
1951	5665 7862 5277 11764 8215
1952	3074 3371 2540 480 0 9354 355 1992 7386 1973 2295
1953	1918 204 7495 7799
1954	1506 1872 4550 8977 237 3139 7635 33
1955	9535 3707 6461 5404 9571 271 1928
1956	7269 8478 8770 10108
1957	5158 7085 3504 5492
1958	11633 6220 1252 11025
1959	1404 1485 1261 1303 1260 1302 1301 1259
1960	2641 5094 8974 5890
1961	3981 4996 700 3159
1962	2391 1973 274 898 2315 2098 2917 2125 1999 1791 897
1963	6216 7234 2278 10315 9460 10912 7334 1577 7512 1455 7447 7651 5828 9681
1964	7382 5150 11402 8944 6857
1965	8134 4592 6392 2780
1966	2531 7333 6 6626 8203 7394 5422
1967	10257 11923 8658 11836 11835
1968	7444 5217 2213 4051
1969	7629 8373 7630 7628 1084 3629
1970	4956 2579 9886 4701 11404 5899 2670 11480
1971	11404 5142 4725 3475 2270
1972	5996 2627 5065 415
1973	2411 904 1514 4547
1974	6306 153 2062 3260
1975	4781 4989 4778 4488 5608 7328
1976	84 3264 8095 8012
1977	2676 8643 8644 8642
1978	4254 4679 10005 5364
1979	4493 5638 6722 3588
1980	2278 6515 2491 1703
1981	10843 6075 2606 8229 6200
1982	10254 9261 6676 285
1983	275 1460 828 1461 544
1984	10053 10488 5307 5178
1985	8467 11651 11505 11819 8468 11897 2210 5230 6205
1986	1076 9699 4329 6222
1987	6732 10700 7747 9637 11273 7691 7253 10711 6731
1988	9096 3337 6685 3158 7638 457 4732 1712 1504
1989	3298 2345 758 11385
1990	7367 11590 679 5572
1991	2005 779 699 1264 2543 2790 905 3141
1992	454 813 760 883
1993	9545 3439 8532 3822 2829 3523 736 3376
1994	4139 8153 2258 8982
1995	408 210 380 241 519 288 430 331 402 422 433 337
1996	11078 11502 9644 2125
1997	7513 7078 7271 3987
1998	3575 3402 5629 5331 5353 531
1999	8194 9128 9125 7513
2000	699 8071 8158 8157
2001	11659 2635 10895 11656 661 3967 1516
2002	2539 3989 5741 2470 2518 6579
2003	4387 4390 3925 4286
2004	2310 449 2185 7942 7922 7973
2005	1235 382 2610 1730 2591
2006	10913 11099 8958 10999 8434 1359 10898 9507
2007	9409 7745 7416 8811 993 9701 625 476 5331 4728 2685 2489 9711 8442 1909
2008	3215 1129 4235 2589 4265 931 5311 2575 883 1922 6866
2009	10219 11343 10230 8870
2010	8753 1790 8368 555 8353 8354 1332 8927
2011	8689 8065 9129 5320 4781 7500 3669 5086 781 9460 2916 3682
2012	4707 5665 4640 1414
2013	726 4389 3346 1659 2032 542 1264 1561
2014	7057 4259 4762 9359
2015	5743 2157 2279 4949 1216 4543
2016	1263 7546 7230 4704 2325 7566
2017	842 3215 1037 1216 3219
2018	1490 2211 3214 5277 5439 3207 228 9688
2019	11386 11440 11397 8283 9362 3339
2020	810 1299 2904 3956
2021	2062 9053 11194 7632
2022	2184 344 2512 244
2023	4540 764 8365 3083 5573
2024	5065 9723 10908 10917 9717 3651 10849 1722
2025	7394 10261 1537 6851
2026	7378 6713 3695 7006
2027	4772 5699 5953 8996 4331 6205 9727 11747 415 3035 4279 1779 5208 4613 7039 9765 4892 53 787 4756 8481 2390 1164 352 397 8651 10583 6481 1960 10252 3961 251 228 10406 6972 3008 4149 1599 1277 2767 10030 4754 2194 5895 5241 1305 589 5090 7512 2023 6976 11226 1423 441 6310 449 1487 11060 4757 2020 11168 10021 3967 2965 11225 5815 784 457 438 891 4970 6975 10031 7573 11281 19 11922 5793 2730 3601 8500 1002 11729 3175 1425 10593 1827 1628 2776 10265 201 1383
2028	1666 5732 10388 8449
2029	7363 11026 3340 10590
2030	4762 9179 9183 11135
2031	4983 461 2404 4875 4461 2485 2005 4233 4319 467 6281 3504 3154
2032	2996 2998 383 10255
2033	11457 931 11359 8644
2034	3673 2445 324 1720
2035	8772 10032 8463 4884 6055
2036	8021 1195 3460 2383 3691
2037	4762 2586 5124 9882
2038	11074 10471 9013 3709 673 7500
2039	620 3922 1987 2295
2040	3013 7797 4443 8006 4964 3682
2041	10703 6638 6024 10283
2042	8555 5999 3981 6519
2043	3651 10561 1369 3177
2044	1142 829 649 519
2045	7278 7229 973 2460 2463
2046	3555 8717 2241 4876
2047	7476 10956 7580 9880 9877 9479 6721 10618
2048	6311 772 4875 7486 5259 1264
2049	11269 9538 4096 7391
2050	6927 7517 5275 3376
2051	2577 178 5702 1660 6206 9032 4558 11252 3491 9224 11190 4622
2052	7441 3497 4263 7010 8753 7359
2053	6853 9157 8949 10584 11190 10812
2054	776 4875 1264 10043 8604 2287
2055	8193 9484 6037 5928
2056	7997 11372 11361 11363
2057	7570 3140 139 6542
2058	2133 7788 10983 60
2059	5371 5300 5374 5327 5380 4031
2060	10077 497 2041 4887
2061	1898 1312 4254 840
2062	8406 9122 3604 7089
2063	7961 6748 7959 6452
2064	7888 4500 6671 4499
2065	4905 2540 6392 7042
2066	9653 9237 8949 10726 6735 4277 11669 8796 9701 5578 8489 11655 9116 10495 10584 9273
2067	6267 10384 11399 7491
2068	4980 9473 6779 2375 8283
2069	8423 8419 9302 9306
2070	9557 568 3928 2135
2071	6267 273 10379 7294
2072	4824 33 11349 8466
2073	2986 4352 8125 2292
2074	8777 10090 11065 241 1898 3240 10641 10600 7229 7676 11001 6295 417
2075	1769 135 2247 180 1907 232 2583 8744
2076	8751 7164 5761 2369 5542 1359
2077	2009 2007 621 272 3526 228 888 562 2094 3967
2078	5504 5387 11052 11670 4886 9148 11067 10605 8996 4789 11168 11786 9571 11053 11207 7258 11066 7690 1588 7854 8798 7039 10252 7534 11065 3935 321 11729 10833 4706 10881 11425 2226 11056 7018 10313 4597 11697 4333 8271 11059 10724
2079	1804 4259 8445 9379 2214 3511 5313 2135 4254 703 5906 5508 11432 9681
2080	2289 1354 6543 4385
2081	1085 519 1268 973
2082	5551 4939 7248 3139
2083	3291 7686 6426 1487
2084	614 2917 8565 5947
2085	2645 4965 5571 497
2086	657 11830 5210 10828 7277 10724 11078 33 11125 8480 9899
2087	7344 4259 5356 2460 4476 5369 6906 1929 7294 7330 6411 7234 3695
2088	2356 10331 6613 10329 700 435
2089	8590 8591 1799 7122
2090	9671 459 7777 498
2091	7538 7142 4139 5820 7128 183 1537 213 617 3157 1868 9142 11781 7317 1155 1298 9932 3391 9930
2092	10696 11433 3401 9274 7134
2093	9043 7758 2789 463 8671 9050 781
2094	9030 7983 7841 9219
2095	8593 6942 2746 6527 3695 9142 277 355 8094
2096	240 786 5937 1528 3431
2097	393 10986 11198 9262
2098	11418 11281 11051 10709 2762 11274 11060 11275 10519 10905 9258
2099	10313 6148 6153 9277
2100	6566 9524 9099 5442 9098 3474 7501
2101	434 7747 8504 11535 4040 10497 8489 10511 5434 6975 6152 8506 8487 438 10717 8488
2102	5932 11658 9583 6481 10883 10342 11657 11093 11188 11656 10588 6975 3219 10501 7317 9544 9099 9461 2181 10037 2206 7978 10583 10402 10503 3278 10663 7080 9355 11212 8261 8485 1923 10 8919 10561
2103	1139 11403 4832 817
2104	11807 11643 2 9170 9171 11815 1380
2105	3762 5001 3488 2326
2106	11856 11325 8536 11858
2107	6350 4009 4627 4717
2108	8465 8870 15 8768 8875 98
2109	1606 1101 4358 5548
2110	9532 11404 3893 11882
2111	9778 11426 9891 163 11421 11424
2112	10137 5643 680 2550
2113	11536 7878 3729 9667
2114	1796 285 3359 315 606 744 1041 1311
2115	11127 11472 10699 8445
2116	9794 9615 10657 9940 9614
2117	7821 6801 10983 5708 8627 8908 9604
2118	157 9205 5448 7725
2119	7431 10418 9701 10036 11666 6216 10983 11087 10629 10444 1840 10501 11244 10703 11272 11293 11078 8504 10233 11123
2120	9659 11663 10527 7833
2121	373 5504 5838 819 11436 3788 2629 1114 1885 3431 4246 3673 10335 5468 4242 3629 337 7773
2122	8491 10376 10896 8865 2574 9727 10351 1948 8501 8771 8493 11867 4861 3295 7496 3389 7784 1836 6782 11529 10561 657 8791
2123	6663 6189 10325 11206 7512
2124	5987 241 813 382 824 608 203
2125	1324 10467 2596 2254
2126	4392 11296 685 2829 11363
2127	6574 5461 5248 2485
2128	9755 6754 8730 6756 8599 6753
2129	8739 5462 2099 8921
2130	786 7402 341 10187
2131	1966 8919 2495 5104 1917 4675
2132	4259 597 7303 1688 3858 5816
2133	2531 2295 3294 779
2134	8092 11022 5213 7267 5938 3441 8467 4622 11560 2477
2135	4407 1214 10515 4153 1264 1145 7247
2136	10800 236 6287 8365
2137	8757 2142 4876 3972
2138	9069 7135 781 6527
2139	7577 8744 481 5281
2140	3442 11421 3298 5192 4038 5038 2535
2141	3047 11582 1591 11408 3036 7833
2142	10825 10824 364 10714 5954
2143	11328 11637 263 926 11649 5504 11050 11323 259 264
2144	4806 464 7229 395
2145	5830 728 2435 9201 4902 2614 5372 3305 2866
2146	2950 11597 10155 8538 10311 6495 7220 10955
2147	388 7909 3177 4667
2148	10605 10057 9289 9288
2149	4065 4324 925 1053
2150	10100 11264 11163 9866
2151	4066 970 9532 5159 8765 7173
2152	4671 1224 5298 21 9237 4493 1736 5451
2153	3390 3336 3457 581 1516 7494
2154	9838 6845 9867 11314
2155	289 2640 1811 7428 2645 3380 1696 6411 2470 2630 3741 2394 3293 1752 433 592 3112 2287 2096 6220 1264 4973 5370 6368 1898 28 4676 3861 6550 7793 6217 3351 732 2614 3177 1933 6159 6667 663 3695 2463 4820 1654 2462 2459 5111 6391 7328 3304 5338 2133 3837 2165 1116 3862 1794 2460 614 567 4728
2156	10533 199 11220 4455
2157	7648 3944 4545 2803 11109
2158	11025 9899 7072 6229 9687
2159	5596 1236 1989 1345
2160	997 821 966 8593 697 294
2161	10078 5973 4763 11336
2162	4636 1060 4555 4682
2163	8251 6376 539 3641
2164	1949 10189 9033 9565
2165	7961 9455 8893 3619 10038 7947
2166	9025 11743 8427 8428 9566 9561 9026 9252 9333 11427 9028 1182 8430 9038 3629 9608 8807 9365 8661 9022 8561 10040 9563 8589 9601 9045 8429 9031 9888 10066 9719 7841 9024 10138 8687 9600 8808 7847 9523 9254 9027 9251 7673 9562 8688 8800 9944 9253 8016
2167	3215 5231 2575 11251 497 1359
2168	10375 10378 11211 7686 10842 699 349
2169	9511 9493 9952 9951
2170	10926 5262 9891 10005 163 8125
2171	4527 2895 4584 2394
2172	4006 1753 5246 3138 808 2342
2173	11847 9479 11013 11011 11582 10599
2174	3131 4879 6012 2124
2175	4126 4814 5718 4763
2176	4831 781 621 7945
2177	6325 8286 9728 8311
2178	9033 11392 11116 7269 8078
2179	996 6380 3999 2765
2180	9003 2118 9006 2649 6642
2181	1753 8171 7630 8099 5971 11123 10906
2182	9637 1521 8502 8503 11243 6304 756 786 4300 10560 2099 7799 8796 8487 11244 11227 10892 6363 10561 4876 11208
2183	7246 8044 341 4776 2575 11231 5467 3761 10263 2251 863
2184	10824 7175 6474 4837 1185
2185	5427 3543 5506 1594 4904 9667 8446 1487 5058 11658 10865 1814 9974 471 5578 1986 8934 6020 7383 1595 11494 11759 6202 8505 10984 8504 4242 3285 6052 4180 11651 5426 5744 11076 9137 5541 5033 1956 11026 2412 7181 8709 11524 3322 2604 9042 8919 7224 11659 9387 7004 3133 1657 2670 3341 1643 2932 10983 11077 5912 10726 1800 7373 9364 7653 10669 10992 2785 11607 1811 9234
2186	3768 989 3382 995
2187	6317 9867 7990 10962
2188	1638 5671 5511 3597
2189	10540 10595 5388 8596
2190	4290 8357 6161 4997
2191	2361 7550 736 5122
2192	3526 2952 3430 11564
2193	68 7248 7833 2228
2194	7144 2502 6691 1289 2171 9275 1288 4901 6690
2195	2382 988 519 1236 3448 1254 622 4548
2196	9483 6282 7515 9482 5826 5073 6901 5422 7164
2197	11298 11352 10451 11003 10691 4764 11333 10647 11427 10562 9596 7351 11143
2198	4531 2749 3899 379 7457
2199	10533 10456 8627 10457
2200	6691 2451 6121 9993
2201	692 2066 4336 8165
2202	2135 2613 8228 2614
2203	8933 3381 10452 9219
2204	4453 4458 1775 8025
2205	8683 8680 8815 8676 5196 8813 6787 8678 8682 2260 2943
2206	6051 228 6392 8763
2207	3879 1858 193 1180
2208	3764 1736 8094 8136 1393
2209	8900 8330 11322 2577 330 11550 7839 7716
2210	2097 781 7765 4466 699 1458
2211	3164 4254 1995 9179 1410
2212	859 479 939 1787 6501 3301
2213	6713 5101 11369 9051 2568 2084 6944 4606 9235
2214	910 8103 6280 7645
2215	1267 1000 7947 2457
2216	3317 1955 1490 1525
2217	663 2128 823 3298
2218	11111 10077 1971 4180 8524 2226 4320 4716
2219	2844 3498 3963 3073 403 2135 2150
2220	261 256 1087 170
2221	11628 7688 5231 4971 3567
2222	9681 7245 349 9684 6755
2223	1174 1176 1655 3743 2175
2224	1506 7248 1508 1182 10309 10469
2225	1869 2115 10198 4699
2226	4352 7135 9022 4946 7364 7546
2227	4292 1133 3415 9144
2228	11431 4565 8226 10811
2229	8932 4126 11127 4917
2230	2851 925 4424 234
2231	2044 11133 362 6474 4805 3926 11426 1802
2232	3579 4172 3215 2899
2233	5192 6779 5600 4667 8563 3298 7003 2851 2852 7188
2234	9313 9442 359 7174 9461 7886
2235	9578 6394 4265 10981 3215 10351
2236	7563 3543 3890 6370 2107
2237	1630 516 744 1087 747
2238	10786 309 692 3514
2239	7377 2460 3917 8586
2240	10795 10169 11803 11797 10178 10165 1952 10194 10797 10188 11806 11795 4776 10461
2241	581 7878 859 10689
2242	3139 343 4214 3910 699 2826 3907 240 7873 1506 24 10570 130 667 9472 129
2243	11421 7803 2135 2611
2244	7063 9461 7082 9058 11084 9359 10918 7693 8405 9967 9695 11349 7277 5474 10920
2245	4837 3844 2963 10147
2246	6316 8586 1783 2416
2247	154 5577 3774 7642 2779 11374 81
2248	7280 7928 5267 11686 5260
2249	7014 9091 1299 8927 10232 10689 904 1116
2250	10504 781 9383 9183 10520 8486 9950 10352 7277 8773 5939 10495 11272 10984 7078 11310 7691 1433 8861 8080
2251	6792 8158 6793 4840
2252	4837 9478 1631 1594
2253	1242 4320 5141 11030
2254	7326 6936 6963 11425 157 7723 7350 6862 4773 7402 7736 8141 7570 6082
2255	9115 4477 1592 6588
2256	2526 493 2521 491 492 2524 762
2257	3884 8752 3809 5257 3371 7853
2258	10037 7383 7384 10783 6006 8213 3768 7390 4607
2259	4775 1244 4528 4508 3250
2260	1374 2936 6172 9592 272 6474 3926
2261	2085 7765 10849 9560
2262	1643 29 7179 5755
2263	699 9408 2434 5040
2264	7247 7568 1705 7245
2265	7122 6910 7117 779
2266	11334 180 931 2744
2267	5797 3827 4550 7681
2268	1489 11 9579 1661
2269	9755 7312 11852 7311 8731
2270	5794 2716 8788 5041
2271	5474 1332 134 2235 1240 8071 10198 3073 10212 10168 3013 10155 8066 10157 10181 9002 8078 9035 8218 10086 8079 10149 10087 1959 7077 5439 8160 10185
2272	7185 341 10736 7000
2273	3576 909 4259 2993 204 3720 1463 1082 1083 1279
2274	4352 973 5065 9533 6372 5331 6594 4833 11041
2275	2615 6059 2818 3844 6823
2276	240 1283 2238 6261
2277	4551 1917 3607 4829
2278	6050 1928 3944 5395
2279	1212 8583 4071 4643 6302 9873
2280	4012 11423 10258 8853 11424 6992
2281	7777 2409 412 2190 2160
2282	7792 7881 7348 10503 11005 10711 8810 10598 1487 2839 597
2283	10736 10735 10741 4510
2284	6625 5624 48 5978
2285	6079 10419 9235 10421
2286	3228 3205 8094 2319
2287	4346 8136 8463 2062 6512 5969
2288	6137 5822 2156 2614
2289	2250 9840 8337 9786 415 4004 10633 9172 9297 9103 9552 6878
2290	3402 3695 284 3878
2291	2945 1638 3347 3244 3346 462
2292	9480 7638 8472 10219
2293	8938 2941 1552 4233
2294	2212 866 5541 840
2295	9232 2993 3861 7387 6221 6617 1116 9194
2296	4346 5062 6214 8420
2297	2670 1246 2562 9062
2298	3982 1374 11798 2460 5840 5649 4837 5331 4183
2299	11647 7745 9564 1072
2300	10961 11725 11301 11612
2301	8427 8428 5742 9743 11001 1822
2302	6281 5964 10559 3796
2303	1765 5623 4714 7775
2304	8545 4789 8996 3594
2305	772 10542 10575 7614 2993
2306	2821 9568 498 6170
2307	2670 320 4071 9662 6535 8631 2852 2428
2308	6463 4881 6932 9446
2309	9541 11819 9701 157 8407 11019 3581 5060 6979 7747 5743 4316 384 9894 7599 10985 9390 11817 8949 2067 10716 11887 1151 9361 1411 11831 11227 1159 7092 11018 5744 11913 11493 6155 10928 9460 11533 9162 9383 7291 5056 10636 11607 11133 11185 5947 6309 11655 9583 10570 4371 7280 7375 3389 1264 11353
2310	1960 2964 7276 5265
2311	6235 9329 7743 3541 7679
2312	5624 24 90 7338 2089
2313	9782 11133 599 5960
2314	9311 4845 5593 8202 7202 6620 8601 4071 8216
2315	5100 3823 9922 8065
2316	11074 5449 7331 5830
2317	1605 10529 11216 4164
2318	9026 11193 10375 10211 9523 9022 7086 8834 1921 9587 5200 2362
2319	2123 7309 1535 10013
2320	4323 10810 2577 2452
2321	133 7987 9471 24 409 4868 84
2322	9142 3351 10525 7122
2323	862 9589 9801 8453 7897
2324	7277 10348 5607 5830 7255 8319 11471 11702 3897 10877 7348 5434
2325	4376 904 6645 1663 810
2326	2567 5580 3001 1048
2327	6295 2535 10699 2299 7005 4677
2328	9312 9321 7885 8339 8368
2329	4284 5250 3271 3431
2330	2181 10751 10427 10898 1863 2149 7167 5118 7019 5495 10379
2331	6952 4057 1359 5439 11636 8600
2332	1429 9796 768 2092 3727 3440
2333	11399 8515 8609 896 8514 8509
2334	1799 3057 2053 3535 899 11084 1526 2357
2335	10024 11142 6565 10042 7281 2871 6982
2336	744 649 947 780 722 625 752 528 648 840 758 829
2337	5748 9918 11178 4651
2338	11337 10758 9203 9205 10696 8751
2339	5125 6512 9077 10077 9173
2340	7375 11913 11063 2084 6735 7374 11064 11593 10377 11653 6732
2341	10910 7145 10887 371
2342	6151 10877 1694 10812 3463 1896 6874 3577 10371 7087 2590 1160 7571 3423 1134 9359 8442 4094 1280 835 2015 1114 11540 4978 1376 7937 6154 10982 800 11026 5434 6006
2343	1331 6507 3359 8927 4119 2993
2344	6233 1960 6630 4593 10875 7324
2345	6623 587 6870 6775
2346	10717 8479 10496 1278 4166 7318 7087 10881 11091 8964 11226 11055 3930 10689 2165 11537 909 11208 9153 10786 10726
2347	975 136 1216 880
2348	8120 1726 8933 2177
2349	8420 8221 7240 8961 7010
2350	9729 6351 8355 8078
2351	3316 6730 3301 1823 4562 6411 3359 1452 1828 5989
2352	176 4829 199 2304 8548 2495
2353	3048 1214 5259 2531 9276 5499 3351 1865 7032 864 5270
2354	2494 2060 3302 1987
2355	9341 916 11700 10252 4808 11447 7415 6204 8271 8481 6972 2136
2356	554 2575 7067 7641
2357	1614 7593 2728 3694 7006 2136 6553 5624 7651 1314
2358	2342 3118 11216 1983
2359	4435 1222 8356 2299
2360	3902 2170 224 2734
2361	1116 2993 7644 6220
2362	7770 4799 5863 5898 6638 4651
2363	459 5109 714 6094 3626 3747 10784 1886 2766 9107
2364	2274 574 9949 5158
2365	10484 10606 2099 11226 5469
2366	1320 699 4376 5439
2367	7817 5318 4271 10998 10638 11212 5610 11269
2368	9692 7664 11888 9345 11755 10264 10320 8954 11784 9349 10341 11187 11532 11754 11333 11007 11889 11009 11756 8023 4610 7194 5944 7824 8560 9151 11757 10691 10731 5479
2369	7510 1735 2029 699
2370	6114 5815 5733 10846
2371	4069 10604 10323 9214 7631 7630 10416 9718
2372	7169 2378 3339 7788
2373	2296 5140 2858 2420 3146 4056 8158 5989
2374	2874 2419 7985 1767
2375	9480 11097 11270 9918
2376	4592 6470 6303 6948 9142 6221 2866 7481 7828 1918 10191
2377	3298 6474 823 11327
2378	11672 6617 5485 2405 7202 5519 5620 2949 10865
2379	3816 781 4087 502 9551 2786 3152
2380	3444 496 497 1906 5130
2381	7791 8169 1774 6362 4545
2382	935 1918 2412 11276 7720
2383	7593 4867 1615 2892 10553 1509 8176 2249 220 6556 3261 362 4569 3507
2384	3422 1060 3019 6259
2385	2032 4265 769 3282
2386	6269 9312 7707 9628
2387	2099 11914 11899 8012 8484 11546 8322
2388	2406 1676 229 4589
2389	11323 300 11050 176
2390	11716 5924 10608 11715
2391	7686 6705 6244 3443
2392	5745 9229 6426 2877
2393	3166 9178 4534 6140 10175
2394	11132 2535 3504 4437
2395	6596 10760 6055 8500
2396	115 84 6512 129 157 108 4344 7708
2397	11692 2179 9176 11344 808 2645
2398	9912 9918 8882 1042
2399	5117 11435 141 8854 1603 11066 10496 10262 10570 7493 8830 4622 7405 10686 3528 2690 7494 5210 11349 3789
2400	7512 834 1748 4960
2401	11401 8797 5019 505 3412 3349
2402	5124 6094 7345 8607
2403	5989 7473 4286 2813
2404	1501 9134 7935 4313 10964
2405	6638 11421 7617 9108 11423 8267 7402
2406	9536 3177 6006 5894
2407	9885 5105 7573 9032 7542
2408	8416 10490 6247 8108
2409	806 2394 7248 66
2410	10385 11096 2462 8920
2411	10533 1941 9077 10457
2412	5411 7735 5234 10150 3464 5408 4376
2413	6220 4854 3944 3861 970 2209 7731 3391 537
2414	3658 11242 8977 6253
2415	3668 1386 9755 8434 5060 6870 2175
2416	2634 1993 9940 417
2417	8484 3897 11212 8012 911 9046 10669 1587 1401 6837 5545 5469 9275 578 8319 9989 1186 7691 2797 11209 1000 7878 317 7920 6996 7812 10596 2776 362
2418	1654 3079 5202 2634 5598 341 5259 531
2419	3059 6779 11565 7447
2420	10443 10510 9116 8446
2421	10421 7019 5836 9279
2422	11211 2247 1362 9120 3442 961
2423	1139 4706 661 2406 2514 2041 1292 3735 2418 3926 5478 3798 596
2424	4693 2614 4511 2460 1754 304 7487 7117 28 907 596 5439
2425	5371 2282 6358 264 7483 8121 8287 7969 8260 8925 9083 8320
2426	8012 14 3671 15 5433 8706 10089 8849
2427	8159 1193 5929 10927 11422
2428	8874 6715 6631 8783 9358 1837 6636 7328 1222 7870 4706 6691 6637
2429	7659 10670 5218 6412 4634 5219
2430	1983 8125 5839 289
2431	4605 7787 3395 7004
2432	6181 3184 4831 1182 5580 1812
2433	6512 6575 6441 11636
2434	2265 4196 1264 1997 7583 758 11238 2788 5371 2001
2435	8718 11626 11534 4887
2436	603 797 494 417 8918 1210
2437	179 4158 4621 1650 5040 5830 9231 11530 10717 7208 11671 11912 6344 8481
2438	8197 5890 7317 8339
2439	289 7010 2460 7431
2440	3131 6241 9707 2010
2441	3474 5652 2671 4107 3955 1402 2002
2442	341 164 10258 9103
2443	6027 1822 8533 1963 1310 5323 2695 3109
2444	4012 7438 6862 7926 11421 11426
2445	3015 8794 9178 5318 3668 5860
2446	11521 10345 11180 6990
2447	2459 2969 3149 3291
2448	11554 8991 10632 28
2449	2117 2542 4444 1629
2450	7249 2093 4034 11121
2451	2964 11450 9931 1673 3764 1998 2136 4400
2452	7036 961 3451 2556
2453	1555 1285 3246 1286
2454	137 2184 6324 3681
2455	4645 7967 1506 5173
2456	644 9803 4002 4508 6405 9429 10696 11077 4324 9686
2457	228 6691 3329 900
2458	6974 8866 8462 7908 11402 11436
2459	7000 8648 3575 1705
2460	3346 2731 1659 2838 4617 7686 415 4775 10084 10148 7121 3836 233 1530
2461	1186 547 3075 1923 696
2462	8156 9824 341 8516
2463	7522 9229 2531 2134 10869 2379 1135 11131
2464	6356 7094 6354 6255 6335 4710 6353 7890 6352 8048 6344 7073 2472 7090 6104 8047 8064 8061 3023 8054 4777 7076 4778 6355 3426 5952 7183 4630 7459 5465 8156 8053 8050 5463 5464
2465	11669 11302 11080 9229 9232 7713 6917 5679
2466	11232 5556 7148 9164
2467	168 1676 3076 3816 369 1502 183 24 1615 2136 1614
2468	3152 4409 2993 3832
2469	6131 2400 6280 3191
2470	1914 598 3610 6618 7978
2471	8166 6943 1801 10377
2472	8520 8582 4540 8627 3766 3797 5665
2473	9285 6205 8065 5435
2474	3858 3999 2460 6067
2475	3070 6404 3225 3193
2476	2158 3685 2538 477
2477	2112 8154 4775 1772
2478	4374 6623 6233 6448
2479	263 2994 3393 9431
2480	803 2403 2847 6256 7827
2481	136 7929 6306 1489 1586 8135 1309 153
2482	1533 3105 999 2294 649
2483	3586 6344 7525 10879
2484	11860 7338 10528 3888
2485	2635 1854 3463 2825
2486	9221 341 3349 21
2487	2945 720 10412 9890 8277 11636 10711 5554 1443 6512 2573 11279
2488	1996 5655 11636 7301
2489	744 535 723 758
2490	625 184 626 3843
2491	9791 3104 6554 6766
2492	8613 362 781 9652
2493	151 3993 6314 9883 10309 91 620 1489 3091 3888
2494	6103 7328 4863 1815 9424 9099 5993 7300
2495	2184 1654 10650 2012
2496	6392 1918 3391 6218
2497	9592 6469 1135 4650 1073
2498	6342 11089 1128 10683 5357 4446 8037 8035
2499	5830 7082 11279 7494 10349 9461 11738 11005 9175 11671 3342
2500	9471 7363 769 7248
2501	2568 7006 7380 6019 8122
2502	11806 10949 10060 10950
2503	3396 9422 9347 7338 9247 1453 1509 6841
2504	148 2616 6396 1290
2505	2571 3247 3431 3346
2506	7898 6141 11106 6691 11037
2507	341 7066 328 3806
2508	9552 9787 9786 9594 9103
2509	6847 4706 2766 7697 176 7741 581 721 2065 8838 11030 263 8326 9134 2552 9461
2510	476 1496 2459 3219 3573
2511	3778 2996 3000 3550
2512	1286 5210 10380 11476 11530 6732 11627 11830 10507 11683 5117 9161
2513	5989 4259 3861 541
2514	4696 5929 4052 3263
2515	661 8564 578 240 925 2858
2516	3002 4715 10175 341
2517	11105 11458 11847 10297
2518	10377 9175 8920 9838
2519	963 4237 6640 1433 2265
2520	2490 157 11179 11423 7926 8386
2521	10310 6887 11358 4264
2522	4847 6285 5874 5902 6932 4125 6758 7320 2540 5992
2523	11602 7975 8805 7275 3569 9230 9167
2524	2612 6896 808 4737 2150 2158 1734 11877 1163 5259 2559 1671
2525	7109 8957 9357 4434
2526	167 2089 1120 3018 1622 6572
2527	5439 209 619 3206 8717
2528	1042 8405 9616 10876 6853
2529	9035 5475 9034 8079 10155 1912 7865 10149
2530	11039 11440 11035 11490
2531	11673 10502 9237 11097 11433 9231 4227 10476
2532	700 5399 2599 2327 3323
2533	518 1228 1035 1111 11693 773 1491 1264
2534	4896 1335 8872 1385
2535	3651 148 5929 5928
2536	10257 11923 11835 11836
2537	2683 6457 8486 11019
2538	2700 330 2752 10608
2539	11672 5797 6837 9292 8484 6573 10636 11022 6838 9557 11188
2540	10611 10516 3750 8511 10517 10403 11396 11451 8509 6904 10560
2541	4458 8458 8403 4284 8621
2542	3000 2838 2997 3180
2543	137 1442 5665 756 7852 7520 1065 6584
2544	6528 6956 1317 5089
2545	1262 935 799 649
2546	7571 7652 5469 5434 6836 9975 8491 8494 9643 8492 10380 9570 9965 9989 7561
2547	823 8197 5412 692 2971 3296
2548	1255 7738 6726 631
2549	11054 4706 8929 8551 10135 8286 4550 597 8486 10717 10035 3401 10809 11493 8482 8446 10983 8934 5607 1956 3393 10636 10888 10511 11097 6363 9424 7260 11476 7019 8565
2550	9740 10645 11583 9425 8324 9050
2551	2088 2166 2240 1491 8929 1917
2552	4754 6421 1556 4757
2553	7660 9422 7248 4595 10789 7833 11486 9659
2554	10236 8938 8325 11135 7122 9617 2993 7188 10762 11695 10906 10579 4577 4897 10371 8895
2555	6932 1064 4841 4895
2556	6512 11341 4284 11457 7952 11481 2234 4881
2557	5888 9591 8353 9834 9713 10635 5281 4528 371
2558	2394 6963 24 1509 3993
2559	11671 6835 11190 11675 10671 6859 9137 5208 10809 9383 7229 6975 7295 33
2560	3761 7145 770 2767 1698
2561	9087 8200 2795 8696 10370 8164 7446
2562	11410 2492 2583 10504
2563	11523 1350 1150 11430 1653
2564	7828 3799 4327 7664 9769 7254 4493 8144 3278 4604
2565	699 781 1582 1712
2566	6877 10258 6990 11423 10649 9891 8721 7687 6762 8349 157 11426 5662 159 9840
2567	11404 9346 1559 11358
2568	808 7394 3664 664
2569	11168 9130 1928 279
2570	8255 2531 6221 7740
2571	5898 5753 5665 6638
2572	700 229 614 46 7773 465 47 3485
2573	7863 9166 6901 9030
2574	7145 6549 10910 11622 9491
2575	9147 10545 11680 9146
2576	3339 5363 7005 4411
2577	11418 4175 10814 10639
2578	886 269 3472 178
2579	1731 11653 3854 2648 1159 10357 7107 9293 10699 11026 1100 1200 11494 11212 11543 10675 10717 5706 2866 11904
2580	6991 3376 5759 8728
2581	7248 9024 9026 4120
2582	7006 9583 11077 8131
2583	8493 11461 6979 6150
2584	6722 5820 2183 9772
2585	3906 5109 781 2128
2586	8945 2295 4233 10556 5257
2587	7009 2094 3441 7006 9727 9460 2416 2985 2428 11098 11831 8283 11249 1928 2670 11210 11539 5948 11666 4679 9201 11234 11702 4467 9223 9 2327 9383 11027 4359 495 4369 1918 4456 9835 1643 9544 11248 10985 2591 7669 11697 9094 8551 8819 2593 2500 5332 4257 479 11530 4678 2590 4258 1264 11494 11212 3061 8271 2463 1116 9638 10723 2060 285 5421 9332 9042 2018 1426 5336 3836 3217 3204 2211 10834 10842 7512 758 11072 3695 1418 272 4042 11209 4180 3208 6791 10784 2022 4277 1297 2620 6529 9355 11541 2651 6470 2587 11817 3226 9672 3229 722 2586 10254 9603 2460 4544 1103 4398 2393 8286 1035 9120 11574 9461 11305 6975 9366 4194 3221 8505 7907 3228
2588	10641 5661 10918 3909 9335
2589	61 2459 7382 2175
2590	11141 7787 6018 11715 7752 7383 9173 736 7249
2591	931 6267 3827 8460
2592	233 6585 8832 473 1818
2593	11361 9523 11372 8926
2594	10174 10775 10546 7700
2595	3110 6729 2281 5340 6057
2596	7113 8391 8787 11101 8365 2655 7391 3764 6079
2597	7822 4126 5999 8356 9689 8595 4428
2598	1487 7281 2978 9598
2599	266 658 7635 3139
2600	8029 10760 1347 11404 2670
2601	191 427 2645 1865
2602	5808 9177 6373 8041 8119 8036
2603	327 2801 7092 5749
2604	3651 1734 3768 5297
2605	4810 9082 8339 6791 8883
2606	10026 3943 3222 4398
2607	8872 8773 8991 3389
2608	9785 3734 7058 355
2609	1327 6919 1359 7515
2610	8633 10849 4606 688 6019 2528
2611	2299 11318 4038 8514 2005 2816
2612	2358 291 420 4647
2613	5569 5244 4762 1264
2614	10537 432 801 8892
2615	697 5868 1836 517
2616	7631 10093 3510 10095 9949 6051
2617	6204 7292 4487 3065 1931
2618	10143 9277 10144 9285
2619	9184 2131 6261 531 9179 5718 8031 2978
2620	4320 3768 7300 7766 6009
2621	4792 6332 9045 10213 7084 7075
2622	8873 7081 6271 11296 3889
2623	9828 9825 9827 9836
2624	5246 8895 7181 8938
2625	11695 3347 5399 5725
2626	157 7687 3663 2580
2627	8887 7154 7936 6706 7153
2628	5331 5147 5353 4508
2629	1191 9059 1568 3171 5071 1928
2630	4807 4160 5187 10760 638
2631	3560 2463 2266 3802 2615 77
2632	206 2870 567 901
2633	7188 6423 6421 8113
2634	4763 8004 1391 8019 8020 8005 9066 9079
2635	5315 7384 2790 3105 9643 3589
2636	2472 2296 2932 4782 5356 11809 10152 3198 6813
2637	2603 2342 9079 2614
2638	2776 292 6238 2959 35
2639	6274 8087 11418 10969
2640	6579 5123 4667 3298
2641	989 5548 3248 4388
2642	3920 5974 5051 5047 3944 4876 6282 11097 8445 10329 6861 10709
2643	10021 11108 10031 10032 3280 3244 9275 8500 916 10833 169 8771 11066 8654 11724 9975 8481 11065 8462 11252 7253 9764 11505 11054 8866 6204 9164 10275 10386 11339 10584 11067 5320 3453 409 4401 8501 8264 11056 10588 11059 9759 11098 7705 10929 5830 11670 7280 10373 9157 1411 10686
2644	3734 6940 7098 7099 7237 5391 11420 7474 11481
2645	2568 724 4763 9230
2646	8747 2978 6548 3651 10388 4386
2647	6330 3467 8463 8468 3272 8462
2648	6306 7338 3600 9422 10934
2649	1903 8428 1528 4119
2650	5147 10626 2524 9769
2651	2195 11328 6894 7348
2652	10230 10232 1011 1229 7010 9207 10667
2653	6913 5383 2795 7459 8063 8123
2654	9406 581 892 258 9689 6031
2655	9201 7971 7424 9180 3209 5794 9203 1578 4267
2656	11833 11834 11832 11677
2657	3249 4859 1252 8979
2658	5580 1614 7593 4609
2659	11157 11625 7514 11492 8247 11665 6985 11778
2660	2050 8812 6763 6584
2661	1783 1014 11219 1359 9192 2041
2662	3854 3514 1312 4228
2663	546 4620 1201 3922
2664	788 5970 6277 11336
2665	5923 7801 3658 6135 5627 4530
2666	11092 9770 10859 2907 11149 3720
2667	11291 11293 10961 10962
2668	2137 4441 3173 3650 932 2041 11425 6920 7807
2669	8897 9911 9918 4508 8899
2670	199 1073 2592 2345
2671	233 469 10122 10943 10077 7644 6550 555 10948 9837 5624
2672	1151 2027 1383 7766
2673	3661 7424 8985 9826 9836 9827
2674	9647 8232 9263 2460
2675	5541 8071 5065 2208
2676	2813 2735 472 3418
2677	5307 7317 1828 9531 6555 11766 6613
2678	1616 5457 1204 5461 3720 5178 8427 5493 5503
2679	9989 8404 7072 11086
2680	6458 3676 9341 2446
2681	10596 10032 8467 7988
2682	6569 8141 156 5662
2683	5439 3844 11305 3258 7039 405 2425 3376
2684	9251 9253 9254 2691
2685	5001 10857 3832 4969 9178 7685 1569 5860 2688 7072
2686	10511 1962 11452 10404 11129 10514 2981 10398
2687	8312 10239 5806 8314
2688	5021 7597 7596 11424
2689	5459 9977 6134 5489 7976 11499
2690	4737 899 3097 4254
2691	719 7072 11406 28
2692	7364 11644 10467 10469
2693	9387 2537 7250 3641 61 1888 7004 784 9702 8842 9234 8188 7456 7707 5452 973 444 6561 3978 9667 1851 515 248 2152 2692 2020
2694	4418 2590 285 2623
2695	2103 3710 5226 3946
2696	5765 3130 5732 5762
2697	2593 2993 1116 2482
2698	2806 9129 4604 9441
2699	3552 4492 93 5054 5829 781 3855 3337
2700	5352 2528 1880 758 3482 6 4597 10440
2701	440 5768 5477 2037
2702	9294 2858 3560 9276 204 1437
2703	6596 11910 9230 11512 8499 8501 437 11761 8772 7375
2704	9277 9696 11548 11507 1222 9054 11505
2705	3734 1443 5665 415
2706	7248 7158 2202 7803
2707	5397 2217 3477 2026
2708	154 3663 3662 155
2709	955 706 732 1247
2710	7490 1733 1659 10678 11100
2711	10507 10687 6596 5700
2712	3475 6798 7940 2541 8763 8628 8725 6043
2713	4071 2059 2829 10405
2714	7961 7934 6748 7949 6275 6274
2715	9515 5999 3327 3695 1068 5369
2716	5369 9992 2604 1374 399 655 3863 6009 6157
2717	8009 7108 3973 9369
2718	8548 2613 4538 8794 7514 2154 5009
2719	9493 5664 1726 6182
2720	3249 11552 4183 7117
2721	1977 2463 6245 581 1673 3032 6948 285 6847 3651 8284 3351
2722	901 8165 1811 10362
2723	8355 2890 6828 7210
2724	7190 157 5436 1359
2725	4649 3905 11043 2332 8153
2726	2217 9808 285 614 7720
2727	6936 7736 11425 6992 4616 7998
2728	6295 5390 6842 9554
2729	10863 5636 4477 11555
2730	4876 1783 3139 2611 1799 1643 4263 6228 4566 4390 2175 6137
2731	7422 8368 9209 8401
2732	596 9642 8717 4178
2733	5553 9513 5499 8414
2734	8082 7338 3715 4609
2735	9234 3121 2299 6449 2460 7821 5461
2736	2795 11029 1929 6551 8278 9365
2737	1080 3215 5166 8920
2738	5445 770 7697 2258
2739	85 10045 3867 8767
2740	4793 8103 5865 6210 6171
2741	2250 6470 2599 7050
2742	7190 4701 9866 8163
2743	7584 5309 7716 9190 5311 7792 7818 7424 7582
2744	10046 4608 2614 10982
2745	726 1800 4521 4419 899 4774
2746	1898 1918 10708 3695
2747	2178 4004 8524 6468
2748	10865 11144 11108 9671
2749	11083 9134 9125 9133
2750	2379 4674 5040 9404
2751	2412 7978 3760 5259 6549
2752	4876 2435 6800 263 2432 1528
2753	7048 10187 237 8010
2754	10056 2945 11504 7891
2755	7078 5145 10315 1988
2756	8974 1191 2421 615
2757	8364 4542 9129 577
2758	9203 9205 3079 9204
2759	5449 1530 10795 5830 3574 7019 466 7197
2760	5530 10580 8531 2737
2761	3828 10134 8583 3633
2762	11421 5252 3271 4437
2763	4313 1103 3246 4750 872 4071 2377
2764	11067 9643 1297 11054
2765	2614 6803 2613 1297 2866
2766	4520 8146 527 499 4147 1762 1035
2767	5399 4326 5226 3926
2768	533 3390 1935 548
2769	9145 10158 781 10155 2986 1083 2834
2770	7082 8771 2675 5690
2771	5591 2575 6883 3651
2772	6463 10482 6614 7218
2773	7248 4370 5751 3369
2774	7541 9417 8871 10032
2775	3743 3086 5209 4042
2776	5118 10564 6934 1764
2777	2251 2412 1337 4914 3713 10329 3251 8477
2778	9460 2022 5376 9441
2779	2502 7256 972 4376 3286 8448 3329 1927
2780	10863 4508 3651 10665 10722
2781	7279 1407 6935 3726 6287 5556 7063 6321
2782	6837 1657 4876 54 8995 1546
2783	3235 10228 5062 3300
2784	3638 5872 4150 7797
2785	3768 9070 8104 8325
2786	11326 2700 1135 5080 3944 2516 9575
2787	1050 1597 4320 479
2788	8434 10126 8418 8908 973
2789	8467 3897 11030 11027 10333 7107 8468 11817 11248 3099 5469 8805 10923 11639 11305 10357 11702 11913 11854 10724 10501 4487 7572 11068 11744 7512 3575 11471 7358 7292 5797 8485 9461 11831 5610
2790	11217 5530 11131 7734 11332
2791	2645 9132 4173 2316 2572 2510 6585 2155
2792	10910 3612 7650 11849
2793	10861 8724 9661 976
2794	4029 630 2279 3560
2795	1463 2010 1450 702 4536 3934
2796	699 5054 2359 5873
2797	4695 7007 6496 9592 1898 8300 5005 8933 8459
2798	653 8311 9077 11404
2799	8033 8890 7175 3878 2071 724 3358 5132 5821 3327 6612 8253
2800	7926 8386 9428 11636 10046
2801	2551 1731 3120 3963
2802	2685 8467 9620 9669 6190 9165 7297 8771 8261 4158 2536 578 7831 9153 2595 4681 9355 7540 7035 4178 7571
2803	7706 4761 3311 3695 4728
2804	461 4011 3129 2701
2805	6454 8665 6455 7649
2806	2135 4234 3376 3346 1639 6165
2807	11628 7317 5665 2575
2808	3475 9789 10757 5066 157 7248 3973
2809	11468 10023 10107 8235
2810	10020 5484 8648 9878
2811	6327 10258 8721 9143 11426 8245 10046
2812	6173 7724 10055 9767
2813	4775 3651 11440 8667 5450 9674 7151 11352
2814	10095 11841 10408 10411 10413
2815	5685 1556 4036 2434
2816	4396 1734 5145 617
2817	10414 9106 10690 11670
2818	11281 9116 6940 2415 10107 11810
2819	4417 2694 3641 8728 5561 4122 1797 4608
2820	5518 6910 6905 8938 10398 5013
2821	11291 2924 1366 6606 4325
2822	6015 2417 6894 11280
2823	11010 11007 11016 11009 11012 11014 11008
2824	11843 10876 11575 11901
2825	4833 1851 2460 4755
2826	2310 2604 6904 2614
2827	1978 2130 8419 7928 3231 3639 2447 7915 2877 403 11612 9514
2828	1537 10312 899 2830
2829	2400 2070 6345 4272
2830	7001 4553 6140 61
2831	3710 2614 11343 5760 3734 3946 5565 3460 3926
2832	6380 1767 1292 8944
2833	6021 11403 11479 11271
2834	9035 8019 11478 11036 11381 11032 9538 11040
2835	10639 9286 9897 3035
2836	8534 355 8608 1362
2837	3642 5371 9480 4084
2838	3285 1734 531 5020 878 1041
2839	3511 1929 9084 7396 4479 9769 7248 3139 5830 7005 1083 4981 1654 1811 1264 5113 6392 10548 649 795 1114 11025 6683 11663 280 10527 4029 284
2840	3117 451 3565 1135 464 1112 405
2841	1283 5351 3914 8356 8354 8352 9690 1662
2842	6701 1152 4168 1534
2843	4152 8913 4584 621 7660 6116
2844	7549 9502 8581 8432
2845	4284 2041 341 8110
2846	6158 11404 6277 5439
2847	5452 8974 2029 5665 9592
2848	6075 4290 4562 2750
2849	4604 173 6266 8890 6940
2850	3675 5477 1056 3341 864 5067 8948 1312 10757
2851	2627 649 3458 553 935 2396 821
2852	10216 4965 10937 9315 11572 9317 11692
2853	1311 2675 3707 763
2854	8539 4837 5419 2036
2855	11702 11541 8505 139 6408 7272 11530 8921 11267 8263 8796
2856	4509 11345 7243 4166 614 7741
2857	9320 8136 9322 3383
2858	3571 5233 5599 4798 9975 5232 9325 10664 1948 4277 8785 461
2859	4402 355 7333 9344 1643 1800 8442 9639
2860	5612 390 5591 5015
2861	1048 6427 3298 6779
2862	7289 8783 1216 9229
2863	11591 3401 9379 10227
2864	11918 10007 10257 11923
2865	10048 5259 8331 5450
2866	2068 1076 3421 3558 5576 8632 5371
2867	5439 1807 6755 8717 5643 10512 9859
2868	6326 6323 6403 2247 781 7135 6304 8766 3046 598 3319 2583 3741 8283 1359
2869	8354 8369 3539 8920 4024 1593 3043 1099 6699
2870	577 5929 8974 9107
2871	10231 5523 11120 6823
2872	11766 5579 9663 11086
2873	8898 6114 4703 4728
2874	10984 3310 6683 5401
2875	758 2585 269 1931 1974
2876	8147 2208 3761 11690 10965 2567 5894
2877	10202 6344 3023 8047 10182 9004
2878	5504 10799 10147 8154
2879	10957 510 11210 3528 8774 11476 4487 3272 4618 7346 9558 11607 11529 11587 11533 10981 7337 9274 5000 11507 519 3909 427 10662 2544 9060
2880	4222 28 995 1487 5484 4762
2881	1757 1730 4179 5960 3080
2882	3741 3963 9015 6884
2883	1677 737 1360 1483 1477 1300 1481 1303 1484 1301 1777 1482 1302 1404
2884	4317 8007 1911 4328
2885	4821 6306 9988 10789
2886	728 1149 1627 8946 5184 3442 6829 2782
2887	1935 8120 2914 7483
2888	11653 11758 5230 9667 4227 9225 8503 11668 11510 10700 10418 10507 11543 8528 10714 8491 8319 9165 10510 9921 8481 11060 11022 6149 10483 10426 11541 10013 10372
2889	5268 4669 6232 4137 4586 4095 5261
2890	1988 1142 1433 199 10044 649 3137 2623 2459
2891	9659 3508 7833 3518 3139 5782 3148 10527
2892	8703 7024 7023 5332
2893	7500 728 2610 6781
2894	9 11095 8772 8717 8489 7219 6640 473 8659 7496 7881 4187 8485 6648 8483 10497 9175 7375 8467 11189 2084 7878 8500 1163
2895	10299 8596 6203 7599
2896	577 4948 2998 4221 3139 9659 7342
2897	6691 4009 5091 9203
2898	5585 11403 5765 9758
2899	9952 9955 9954 8107
2900	3201 10892 6732 2041 6723
2901	11527 2117 11190 10888 11188 10492 10406 7105 10597 10402 10493 1433
2902	3368 11476 4092 10505 4257 3755 3595 7088
2903	1394 348 28 986 1016
2904	4667 6304 1067 2582
2905	5014 10079 4562 8873 11184 10417 7394
2906	10405 9695 198 6208 10570 11543 10724 5780 10516 9366 11533 11575 6055 11587
2907	1374 823 4837 11193 417 6775 6429 1487 661 472 4671 5812 5671 1361 3571 2466 7185 2657 1933 2304 624 5571
2908	10229 1800 3169 2245 8072 10228 5687
2909	7144 7006 6649 7665
2910	5644 7864 6661 7862
2911	1111 1722 1653 1904
2912	8924 9960 9387 7393 10371 10036 8773 6835 9 11911 9083 6733 6205 9276 8487 10707 11367 9542 10378
2913	7833 11073 9659 24 10527
2914	3140 10470 2730 9861
2915	2967 3768 8002 8567 2978
2916	9502 11366 10267 11364 10886 11446 10915
2917	5815 700 1929 8934
2918	5994 5830 3347 2568 9111 9132 9129 6664 8517
2919	3883 2587 4439 3214
2920	4553 7132 2528 3296 211 2828 2287 6412
2921	4761 1943 4574 4126
2922	4528 6004 7117 8039 700 6512 8465 2117 8067
2923	10129 10829 10823 10844 11129
2924	11850 11857 11786 11858
2925	7787 5123 8515 898
2926	7147 907 4999 2614
2927	595 4508 3173 7631
2928	9618 9472 4831 10282
2929	686 3753 1863 2401
2930	11766 11751 2394 6677 9531
2931	11179 9461 10724 9127
2932	6732 4040 6733 10371 11077 8505 9637 8502 3569
2933	3504 355 3351 172
2934	304 7122 4273 661 6920
2935	6672 9944 3030 8730 7199
2936	7831 4546 11916 11498 10072 6177 11591 11773
2937	9969 4387 7394 3944 995 7982 5416 9390 1584 1928
2938	6848 7947 10498 6275
2939	9570 2081 8326 9982
2940	6440 4834 4246 8868
2941	8328 864 6424 3047 7052 4093
2942	2929 6094 1996 7478 1733 11404 1757
2943	2956 11399 2651 2105 2701 10624 6202
2944	180 3381 9191 4157
2945	7006 5014 722 58
2946	5038 1230 2679 3391 348
2947	11459 9247 1520 9782 11405
2948	6345 5463 8125 1504
2949	11476 9558 11081 10873 9161 5609 9461 11237 9286 8919 9637
2950	10460 7997 7248 3616 10482 10527 9925 2928
2951	6020 8144 8442 7097
2952	11614 8783 10999 11707 10903 8548
2953	8445 10841 6231 3651
2954	479 1783 1659 6446
2955	5904 6602 6423 6347 7113
2956	9322 9087 8404 8929
2957	4577 10368 5535 7362
2958	3464 3663 6798 2812 5397 3854 3676
2959	9875 3019 352 5947 1145 9551 1195
2960	8043 8852 9461 1756
2961	2874 10131 10699 10353
2962	10848 8842 9638 2137 2611
2963	4382 5739 4534 6138 3015 3834
2964	5330 1581 5508 5739
2965	10409 11559 7484 10112
2966	8725 226 11838 11774
2967	6411 807 6730 24
2968	2801 6638 2916 8546
2969	4435 6424 4528 2226 8355
2970	2609 901 2032 1773
2971	7773 9167 7903 300 6298 11676 9284 3389
2972	10316 8280 6238 9643 6244
2973	6838 172 3943 345
2974	4691 7827 3616 3530
2975	10055 11260 11262 10054 11263 11014 11106 11261
2976	9246 7715 8827 3780 2087 2769 7012 7008
2977	4819 4802 3499 8935
2978	998 3381 1813 269 5838 2247 5439 1504 481 1769 661 3482 4524 6475 1626 1204 2801 1048 314 135 5424 7307 5125
2979	629 5142 8341 2797
2980	422 259 1467 3442 302
2981	8400 8399 5862 8577
2982	1447 621 1979 2403 151 4609
2983	1624 1010 173 5248 10209 3296 5443 10099
2984	508 9487 7900 6626 4741 3161 9881 9506 4542 4296 1793 11327 180 4947
2985	8292 11258 11755 11880
2986	2823 1928 3915 5665
2987	1042 4639 8745 2093
2988	9442 2022 6057 3798 5790
2989	2019 7017 4818 9229 1659 6446 9538 2459 9461
2990	480 1352 5253 3976
2991	11715 11849 3978 11141
2992	9789 3401 10041 10231
2993	236 7453 8920 7386
2994	5490 10315 277 4729
2995	9650 1048 2952 2563
2996	5474 8480 11058 3139 8924 10928 3389 7503 3453 7376 9671 851
2997	4878 7207 4693 9531 6233
2998	5466 136 445 262 42 4622 3362 254
2999	2617 6009 7191 6916
3000	1010 5571 2951 8033
3001	8927 8437 8928 8755
3002	4312 1135 3478 10757
3003	3937 6625 9659 46 5433
3004	7513 7517 7514 5368
3005	4069 3339 10938 11179
3006	5378 8600 1243 8851
3007	6270 9231 6235 6782 3548
3008	2814 2636 6989 3048 1134 306 1918 1431
3009	9447 6550 8842 9085
3010	2197 2186 2185 2198
3011	10259 11845 11188 34 11822 11252 11233 11190 11659 7510
3012	10072 10054 10108 6174 6173 9052 10056 6175
3013	1382 1474 681 781 940 308 251
3014	9492 11415 10836 9504 11416 10886
3015	9232 758 1917 1027 1919 6251
3016	151 6872 7010 6457 10866 2181 10985 7339 24 3184 409 9160 9338 6591 8484 9460 136 7512 11666 9175 4250 7969 10357 6631 6573 3625 10789 10214 7660 9366 7972 11220 6634 7266 1661 9582 7087 10409 11655 7253 6306 1614 11507 10696 9332 7868
3017	4116 11357 10996 11611 10573 3427 10524 10394
3018	769 4089 6767 3539 8929 6294 2832
3019	1276 5974 2759 397
3020	6414 11404 2715 5674 8182 8547 5127 610 174 7145 2796 5274 2666 10915
3021	2226 1671 1084 7828 2083 4714 11399 6137 2552 5764 6655 3351 5760 9461 978
3022	1807 11276 1926 2655
3023	7595 3861 8753 6590
3024	11436 8773 5968 1159
3025	11282 11643 7825 776 3194 10757 3262
3026	8563 10378 10987 9191
3027	5106 8646 4508 1624 9628 2460 10666 4331 9823
3028	10405 11451 10403 11779 8515 10611 10512 8514 10560 10516 8513
3029	10230 10232 6396 10231
3030	6392 1663 10982 4493 5741
3031	11404 9240 6051 7190 11502
3032	2252 2188 6798 1759 6063
3033	8046 3147 6280 4228 6537
3034	3437 5539 8842 8041 2851 8592 3293 1420
3035	1414 9757 9755 10457 5439 11488 6425 10784
3036	7478 2716 2264 2504
3037	6799 1584 6783 4634 6
3038	6613 7820 7733 9595
3039	9537 5687 1863 7664
3040	5665 3477 2859 4370
3041	7968 4353 5625 5034 9053 5583 7992 6897 6739
3042	3803 3982 6303 4235
3043	3560 9271 10498 355 9272 10044 4837 9273 5598 8846
3044	2070 3298 8842 2501 4977
3045	3371 700 953 612 6137 3296 11584 1060 3733 6446 11472
3046	9748 9750 11007 11009
3047	3908 468 4063 5053 5175
3048	3300 180 9134 661 9461
3049	6281 3514 6059 8403
3050	4717 3488 3604 3442 907
3051	10001 724 10494 8503 11536
3052	9881 4728 5331 8998
3053	7926 6409 6963 11425
3054	3833 4011 4000 502
3055	10713 6946 3641 10861 6026 9708 9228 3651 10082
3056	6497 4598 6498 602
3057	87 2019 1939 1506
3058	11208 11080 11079 11088
3059	1010 7107 11324 4704 4437 5439 6141 4826
3060	8517 8203 7484 277
3061	7414 8914 2609 6464
3062	5946 9275 6549 5246
3063	5169 8056 2575 3447
3064	3787 4062 261 170 168
3065	535 3057 971 1928 2768 896 2890
3066	176 9554 9689 3124
3067	4609 10122 11715 3888
3068	7058 5065 10291 3202
3069	2035 4243 6067 3963 1988 5587 469
3070	4800 6437 5451 1027
3071	5568 9127 7984 5382
3072	7386 4007 7243 2579
3073	157 310 8005 5552 2685 5408 9072 4719 8883 7579 7760 8003 5502 4942 9538 4449 7759 6791 7027 5017 5630 6691 4276 2502 4467
3074	7989 8693 10890 11409
3075	9240 2495 9602 9520 2022
3076	6690 2874 7266 8902 7872 6676 1769 1037 6391 7560 682 4177 4650 5890 8929 7176
3077	4180 3982 5677 9201 9203 9204 5327 5678
3078	9495 8434 9469 7928
3079	3569 10918 9570 8479 11025 9848 8899 9557 9136 9638 10935 11886 9965
3080	496 1983 2707 2116 2849
3081	7512 812 7854 11060 11292 11090 989 7578
3082	6287 4798 4038 8044 8403
3083	9568 9127 9134 9461
3084	8295 9801 4598 3957 4702
3085	3612 2939 6494 7788
3086	272 10274 5887 4040 11087 6732 11758 6735
3087	7185 567 613 2363
3088	4093 376 7248 9853
3089	5365 3861 6220 9334 7448 860
3090	2877 7838 4485 7840 7738 1861 4409 7836 5029 4453 554 7837
3091	10736 9557 1009 10006 1929 10229
3092	486 10865 487 10671
3093	3111 7979 10451 8351
3094	1314 10467 3260 10469
3095	11639 6190 1599 6835 11494 6573
3096	1323 10643 4526 10644
3097	229 7422 6690 6291
3098	2893 10328 4045 3979 5178
3099	1421 10924 6953 925
3100	3125 2641 2105 442
3101	1735 11260 11333 5688 10562 11490 10343 9050 11187 10691 10690
3102	5762 3347 1867 10685
3103	4838 6226 2681 8130
3104	2323 9489 8421 7145
3105	10795 8870 10156 10158 10155
3106	10507 11545 9695 10981 11095 7274 7416 7374 10629 8277 2100 11666 11233 11471 8938 5915 9542 10672 8266 11539 4383 10037 11026 1088 5665 11392 10842
3107	9441 7513 9568 11149
3108	10174 10042 10956 9596 11187 10806 11104 11298 11465 9426 4944 11307 11238 11289
3109	4367 7566 9795 9728
3110	10712 1563 8583 1800 10714
3111	10062 8532 1731 2460 7378
3112	10084 4022 4056 8251
3113	6815 1086 6408 9557
3114	377 2614 3982 6030
3115	884 7820 9574 4586
3116	7389 6744 6115 4165
3117	10999 11238 10872 10836 10996 10898
3118	4435 1668 11268 7268
3119	2379 1135 3528 9907
3120	2890 8822 1322 7223
3121	10360 10341 10141 8828 9788
3122	5951 8606 6600 7440
3123	11120 10795 7889 1722
3124	7435 11062 2762 9237
3125	2733 8329 3734 9855
3126	7403 5371 8521 7514
3127	10626 8639 4094 11274
3128	8747 9192 8777 2299 3292
3129	6006 8900 3785 5186
3130	2499 2840 2130 1602
3131	6523 9257 11404 11220 1742 2307
3132	11087 11065 11565 10021 9667 8565 5725 7689 11066 8263 10519 3285 10356 10511 11054 11025 11098 8489 9231 5887 11272 3710 8503 10313 7318 9687 9232 11059 10653 9927 10636 9592 11493 7691 11060 4885 8919 9636 10786 11067
3133	6425 4540 5618 1799
3134	11437 10690 10644 8992 10296 10729 11262 10728
3135	405 519 3413 2586 760 4971 842
3136	1503 3341 3307 2747 2542 10501 1139 1152 2590
3137	7007 6361 8862 8938 6971 11507 10723 11248 11505 33 10724 5962 2067 10699
3138	5338 300 7107 7512 11091
3139	4344 6206 8281 11190 7072
3140	3207 289 4178 2468 1434 1450 663 4973 4675 4515 2630 2651 1644 1364 4080 1267 1266 1842 7379 8713 477 2711 3613 6426 722 973 1056 2064 2863 800 2333 3471 2640 2592 4728 1999 7005 1535 5014 3470 433 1824 2435 5610 1816 6392 6585 5273 1333 2987 2462 177 3881 297 3574 5612 4030 5353 327 180 3419 4971 1828 417 2990 1643 2460 2993 1342 1236 6860 603 1798 4243 4176 755 692 8130 52 2459 374 4928 4419 1576 592 3408 2588 1071 2319 2338 1931 1232 258 5342 7656 1702 312 445 2482 1208 1849 4899 235 2659 3614 5597 4279 1796 4407 549 3245 286 3272 7344 3375 573 4509 1989 8251 1713 3528 1279 7001 4411 5607 2505 7242 2128 285 2557 815 3472 1116 6221
3141	9478 10077 8080 5929 5638 4706 2670 557 7906 5026 4880 7794 355
3142	11636 11634 10047 7807
3143	11108 11540 11702 6979 10269
3144	4407 4166 9123 8144
3145	8820 8114 8821 3161 8453 1432 902
3146	3387 1608 1692 970
3147	9126 9008 6549 4785 1671
3148	9749 11105 9751 9654
3149	2657 6971 578 9424 8482 11019 9285 2597 9278 6731 5939 6977 7261 6408 1411 10030 7155 2369 11682
3150	1579 3599 10229 7641
3151	11168 11536 10399 10507 11544 10818 10896 11667 11653 11094 10698 11542 10819 9116 11546 11433 10631
3152	2597 4278 2219 2210
3153	5376 7303 8008 2363
3154	4794 9218 6350 4628 7078 9876 9038 5697 5702 7083 6351 7077 6256
3155	9214 2579 5504 4221
3156	3060 92 2840 8217
3157	3176 9481 9483 6641
3158	702 8885 7305 7310
3159	6569 8337 9103 7402 11741 10447 10827
3160	11094 1038 4098 3070
3161	3159 2181 5404 1647 443 6638 4849
3162	11220 11150 10793 9568
3163	184 5439 7533 5753
3164	5665 4798 1928 9406
3165	4271 6137 8457 5492
3166	9853 10477 10289 10481
3167	2533 7485 6218 7088 6607 3796 9473 4829
3168	649 1210 1217 1006
3169	1114 758 592 7030
3170	10609 10608 11710 7395 10757 10747
3171	9460 199 6913 1048 1027
3172	8853 11636 11425 8337 6512
3173	2252 5771 2596 11771
3174	4204 10563 157 2115 8099 6636 8158 7727 4146 3267 7415 10054 2020 1582 4137 577 8104 6869 3849 2247 6138 4131
3175	10611 692 3296 2575
3176	9500 619 10725 9052
3177	3461 5488 2963 5504 7799 5947
3178	6058 7040 11425 9092
3179	11214 2041 11271 10035 8201 8961 2022
3180	2818 9029 2641 5957
3181	4543 1688 8842 9874
3182	183 7520 7686 4065
3183	9111 2743 3646 9112
3184	1641 289 2993 4609
3185	7004 6220 9200 1279 7162
3186	4649 1981 1841 692 9650
3187	603 1106 463 646
3188	3761 3760 2090 3233 1332 5439 2567 3048
3189	622 1116 1933 2466
3190	2801 7825 1567 11514
3191	4066 1251 3284 8344 2459 7248 1452 343
3192	581 2967 1278 3442
3193	6219 9234 5331 289
3194	6471 1584 4817 1894 2969 4828 4445 1401
3195	784 206 5040 1487
3196	133 10837 1269 1949 1614 3746 3993 3738 1661 25 229 228
3197	1263 1653 8445 1736
3198	11312 11369 3786 2498
3199	3142 11456 9516 3266
3200	3567 5938 6083 851
3201	10767 3738 5950 4344
3202	3306 3712 1841 2614 2861 4250 1955
3203	289 617 2524 1918
3204	6821 6823 7648 7649 8000 6824
3205	5439 4650 1 6336 9000 5504 8997 9991 7954 8927 6322 6339 8134
3206	6227 2970 4588 8199
3207	11865 297 1560 3158
3208	427 2510 4714 529
3209	5449 7346 8500 8497 9542 10511 10348 10717
3210	4210 7878 6492 3999
3211	7634 7033 9964 9625
3212	2099 8441 9179 6731 9120 9460 7994 11210 2067 6975 1076 7081 10070 5940 10786 10262 8964 5311 4277 3050 5939 5016
3213	5991 7952 9446 3644
3214	9229 8144 2148 4166
3215	9913 10804 4298 8663
3216	3341 4704 11404 2716
3217	10824 3996 10984 11687
3218	2584 585 2614 125
3219	7423 5442 1919 9282
3220	11092 1848 8715 10104
3221	10728 9655 11004 10730
3222	5717 9993 10195 4449
3223	841 8971 4608 9755 174 3850 7516
3224	3553 2524 6749 2482 3346 2573 7381 3725
3225	1734 7323 4802 5615
3226	2154 1634 177 4070
3227	7517 10846 9461 10989 468 10701 4528 4649 10458 7558 10845 10694 9483 3351 196 10631 7630
3228	1904 11404 4768 2012
3229	808 11569 3988 5852 5769 152 1808 4056
3230	5720 10461 1059 10811
3231	2917 10784 3125 3056 3967 136
3232	8760 9526 9527 9495 9508 9513 9494 9510
3233	9066 4763 4250 7977
3234	11133 11822 11845 11139
3235	5326 4621 866 2812 585 654 5134 1587 1069
3236	8437 10935 8927 10049 11089 2239
3237	2181 9694 4565 2318 5165 3981 3759 2853
3238	3641 4429 450 2474
3239	11179 4259 3978 7213
3240	111 5812 7338 128 85 6306 9988 6166 10767
3241	8441 7137 10024 11185 11184 10342 10516 6838 7920 4384 10723 11897 11354 10205 10598 11505 9120 10583 7072 3389 6837 10036 10357 6573 11076 7512
3242	1932 2638 1897 1035
3243	10773 11411 9986 11306
3244	10859 5533 7044 4184
3245	916 8463 11724 1599 1411 7540 8483 8464
3246	2629 2826 6512 6386
3247	9592 7513 2579 7512 1315
3248	7241 6363 9587 8205
3249	3293 8823 2416 6949
3250	8838 3734 3861 4864
3251	3362 8838 5277 4091
3252	9912 4290 5204 3106 1775 1746 2671 663 9115 5209 700
3253	2094 6886 4940 8326 11424 1306 3454
3254	2035 9963 8539 3057
3255	6396 3285 567 1135
3256	7723 8245 11636 157
3257	5991 7952 9455 7951
3258	9134 9461 7515 7517
3259	4603 3555 1674 3981
3260	5494 5490 5489 5458
3261	911 1133 4946 9277
3262	7185 4373 808 9550 10247 10927 1437 229 5815 20 7797 6794
3263	3493 3566 3321 4316
3264	6608 8944 3520 5573 3103
3265	11253 8721 11425 164
3266	1505 355 1606 443
3267	11235 2630 172 8330
3268	1809 3391 1551 28
3269	3183 1929 7568 3723
3270	1320 1083 758 935
3271	5190 835 9916 9623 4667 1554 9229 2421 2485
3272	4254 6449 4837 1135 2379 678 3226 1102 5374
3273	9482 3052 9481 9483
3274	4748 1158 1139 3049
3275	5435 5565 3125 1822
3276	8392 4669 199 10215
3277	5659 5120 6764 4051
3278	11126 2510 1798 5103
3279	3834 4551 6103 4503
3280	640 1538 1814 1652
3281	1228 3592 9461 2048 3302
3282	11665 896 9341 11649
3283	6801 3215 7646 2879 6005 469 5928 4973 4699 2667
3284	178 2653 8996 5558 7641 8019
3285	6816 157 3324 7687 6476
3286	9489 9507 9022 9509 8778 10890
3287	1062 7523 844 2432 3867 2870 1532
3288	2305 3591 4838 688 599 6227 2068 4607 191
3289	2065 5246 8146 6549 10187
3290	10230 7857 6329 28 5363 10933 3340 7833 5745 3847 10229 4477 1798
3291	11462 9204 11060 9161
3292	1055 10521 7234 10574
3293	10800 2287 2993 6173
3294	863 41 10263 6251
3295	1522 3139 245 2868
3296	1918 6376 6991 5914 2363
3297	2634 2796 573 594
3298	3914 9956 4997 5900 3740 6392 289 8657 2783 6641 2012 5708
3299	1734 6816 6551 4407 4623
3300	4043 3590 9875 1653 4416 9090 3276 8354
3301	1016 5246 1019 1020
3302	3088 4228 7371 8220 4065 346 2392 8423 6286 4450 8577 11282
3303	6380 719 854 1653 4575 4349 11444
3304	7599 5391 8171 7694
3305	11081 6205 10721 1968 6230 9 7669 9975 8503 6972 11208 9702 11640 5504 8264 10514
3306	282 10673 2645 10686
3307	2754 9683 3498 4178 7722
3308	8713 213 217 6827 617
3309	812 1233 1210 1126 1856
3310	9364 9520 8943 9362 8942
3311	531 355 10178 10001
3312	9703 9667 7669 8271 8489 6973 8751 9354
3313	1091 946 903 955
3314	5436 4776 7056 2227
3315	10727 298 9039 9038
3316	5142 2035 5679 4314
3317	11093 4706 2421 621
3318	7363 4349 7727 1569 10534
3319	909 6305 1279 6474
3320	6895 5439 3966 2215
3321	9088 7066 4995 8586
3322	2851 3351 2169 3304
3323	2428 5412 29 4183 2380 3317 5183 2193 4667
3324	7190 11162 10187 7099
3325	3794 3604 10085 4958 393
3326	5436 11120 10055 2167
3327	4706 9882 2708 619 2227 3354 8621
3328	5242 5277 5439 6293
3329	10370 7274 11892 10499 9305 11353 6467 11600 1140 7292 11819 9636 11759 2729 11738 3897 7572 9201 10911 9362 10570 11898 10894 9383 11544 11245 9207 10379 8243 10750 1694 9361 10883 11542 10812 9975 11915 11182 9620 10426 10985 10108 6836 9094 11587 10696 7347 7019 9302 299 1662
3330	7248 9949 9250 730
3331	9522 7043 5700 5953 8053 7868 5230 4209 10178 8051 8073 9034 10057 4777 4710 4484 6343 8077
3332	5457 7114 5461 3884 3380 898 6392 5676 4110 9690 4347
3333	7575 6085 277 5528
3334	5670 7509 6825 5394
3335	9610 10736 10741 10735
3336	1457 1083 11127 902
3337	9780 5036 1610 143 3009 445
3338	4317 2786 1279 3978
3339	8495 10502 9268 9187 6499 9046 7540 11060 10499 7333 5559 9285
3340	2755 5371 7560 2758
3341	6792 5420 6477 2743
3342	6846 5020 11693 10870
3343	11537 11226 9544 6204 699 8438 7497 9 7619 8280 9058 7650 11054 11188 7527 5940 1488 9556
3344	3145 4443 2443 2444 2501 5802 4793 4092 4627
3345	496 3697 371 3496
3346	2356 1279 1359 3511
3347	11097 6835 6298 5117 6207 11231 10696 4360 10721 10714 6204
3348	6049 8384 9263 4069
3349	4326 3946 5549 4416
3350	10383 8402 7269 6731 7374 10313 9286 11173
3351	5919 5222 4258 5357
3352	10883 578 11210 8504 4250 9687 7878 9120 7295 3401 8487 10700 10507 11543 11640 11758
3353	4508 3745 7431 2528 2163 4696 5015 8352 1378 7078 10083 8372 2651 5107 973 5322 405 2603
3354	4546 7864 8918 8160
3355	7238 11663 10580 7248 2575 5571 7606 4617
3356	5645 4634 5298 8927 984 6016 2699 9760 173 1791 2462 1567
3357	8506 8489 11546 10631 11511 9978 7691 11905 10985 7747 11671 7688 11589 11913
3358	11636 4284 5749 3377
3359	10156 4203 8890 10981
3360	2957 7053 11504 11758 10877 10540 7253 11217
3361	8125 2287 4493 8565 592 2373 688 1734
3362	6779 3293 731 2978
3363	2659 3394 8629 3302 3641
3364	585 3857 355 4948
3365	5754 4830 5562 5638
3366	11058 251 8501 9148 901
3367	3117 842 1266 746
3368	6298 963 326 1135
3369	10396 4165 10530 10857 2435 5601 11638 5518 2993 3038
3370	1083 988 1076 707 849 1035 772 815 934 1061 1032
3371	11521 11180 11741 9887
3372	2491 9183 1918 4201
3373	7342 330 30 46 5755 145
3374	341 10185 6332 10978
3375	6187 3333 10234 7060 4941 6929 3588 8237
3376	7529 6995 7715 2671
3377	9916 2444 9890 2679
3378	11777 9208 9460 7915 6544 5791 1781 10059 8247 11214
3379	5929 2190 5853 5145
3380	11482 11481 11404 11492
3381	2892 5275 5246 3944
3382	2123 2828 9246 11050 10171 10385
3383	7686 11117 11806 11803
3384	8546 10865 10736 10903 8356 9333 11474
3385	9106 6724 1771 6181
3386	9500 9510 5550 9513 4669
3387	3558 5923 8795 8996 28 3972 1204 7734 10584 11251 11060 11177 8176 11404 808 7511 3077 6810 1811 3271 7039 5504
3388	5858 11691 11569 9404
3389	1647 3069 4508 1648
3390	4687 4706 7337 5644
3391	2641 3389 534 3139
3392	1184 7322 1985 1606
3393	8906 2788 455 3506
3394	341 10423 5435 10190
3395	11514 8213 3549 2460 9681 7805 2475 3741
3396	10665 11025 11248 10174 10957 11505 11072 10958 10985 11915 11237 11402 11627 10869
3397	8131 5259 10377 7720
3398	2874 678 6691 4706
3399	6338 10188 5619 8062 3810
3400	611 3259 3764 3667
3401	2325 1734 2181 4029
3402	136 7848 10639 10638 11173 10820 6613 8938
3403	996 6949 3728 6158
3404	9568 9461 7037 3944 4475
3405	9299 8688 11405 2281 3054
3406	9133 7517 4399 4183
3407	899 5986 5383 9823 5379 7907
3408	11559 5415 2656 1077
3409	10436 6005 7562 6427
3410	946 625 1211 1157
3411	10529 7491 6054 4038
3412	590 5362 876 797
3413	9681 11001 3694 7145 3651 7549 4560
3414	5165 980 3464 2540
3415	2606 664 5855 472 5158 6674
3416	10647 9596 4764 10451
3417	9576 7690 7009 9 6996
3418	6022 5568 1505 3243 1330 5993 4477 5856
3419	6411 3614 415 2614
3420	9234 2361 6138 2330 2887 4287 2072 3588 11082 1620 7706 11222
3421	2896 2937 4672 8353
3422	4960 7130 7877 3713
3423	8560 9692 7714 4210 5691 1607 3900 4610
3424	1954 819 3987 660 1057
3425	9275 6654 6836 9366 7561 3976 7868 10273 10591 11512 6190 5609 1469 5968 4265 955
3426	359 306 10158 2228
3427	1193 6030 11001 617
3428	4825 9536 4274 10356 1033 6880
3429	1654 177 255 677
3430	10547 5060 10469 6474 1263 11442
3431	2151 3695 417 1077
3432	2125 1539 6196 8908 5110 3300 3105 2552
3433	1919 931 3322 6987
3434	467 6589 531 2292 1706 6191
3435	3256 6428 4591 11638
3436	8873 4203 8125 4376
3437	3346 8369 6067 4156
3438	10906 10908 3658 6852
3439	5744 1276 5815 2180 5427 261 3343 4834 9639 11059 7039 4450 7478 5476 2395 2181 5809 2252 5161 2993 263 1135 1862 1222 10584 1402 2752 356 9164 7023 7119 10031 355 2675 3596 4971 6083 703 10593 11922 7360 2023 10605 6181 4436 11921 27 10313 274 4061 10883 1903 11056 495 4891 175 10405 5193 6853 3963 2351 240 1866 7852 7572 6152 8478 1722 11179 3061 3130 5797
3440	6137 2967 6511 7630
3441	1641 1451 1686 1482
3442	6605 8119 5305 9094
3443	8294 2611 9826 1932 28 6525 7501 6067
3444	2966 5373 2135 3838 7653
3445	4624 7523 9038 3644
3446	4607 1638 2459 2993
3447	9461 1243 11601 702 11235 2447 6444 8043
3448	4127 9020 4880 7283
3449	7122 7188 8927 9205 10228
3450	6652 9674 9673 11009 11106 9862 11431
3451	3249 5245 3346 898 5179
3452	9175 1937 729 2063
3453	2702 4306 3680 7717 7346 3806 5253 3098 6452
3454	1953 760 258 5298 3376 2867
3455	2967 2230 1114 2318
3456	10703 10537 3700 10983
3457	1474 1301 1642 1472 1261 1641 1473 1451 1260 1485
3458	11374 8838 3053 9857
3459	4068 1928 481 2930
3460	6834 7164 3339 539
3461	4863 7281 8510 8010 2137
3462	4167 8702 8119 6924
3463	3346 6775 3090 7100
3464	899 4973 1332 5989 3090 431
3465	9414 9806 4770 1222
3466	6474 3337 3668 11402 1964 1737
3467	6034 2846 3651 2295 10385 2092 3885
3468	2636 3381 3420 263
3469	7926 11425 6512 7109 8386 165
3470	907 212 859 10797
3471	11754 11785 11755 11351 7824
3472	11642 3256 708 367
3473	840 649 2878 8996
3474	11196 2989 3695 695
3475	9940 10375 5462 10744
3476	10828 10502 11054 2415
3477	11700 4023 3551 3888 5651 3140
3478	4896 11637 11567 11341 10056
3479	11647 3766 719 825 5871
3480	10057 5703 7004 5741 9871
3481	7060 7513 9083 2093
3482	9583 5506 11209 9636 7384 8752 7273 7224 5887 7383 11210 10983 6149 9230 10699 6837 4384 9162
3483	702 1885 11178 175
3484	8532 5906 2463 348
3485	2320 7210 7207 2300 11168 1258 6988 1988
3486	4706 9083 9557 10024 8544
3487	3615 4761 10202 2435 823 3096 6228 3861
3488	10031 915 10032 11819 8462
3489	1170 896 2611 10426
3490	2720 276 8406 8106
3491	537 2917 955 4776 9078 9535
3492	2963 530 1590 7679 4528 2766 8837 3908 5259 7486 9998 277 6486
3493	6124 3533 5164 1509
3494	2066 10612 1681 480 3095
3495	3858 7481 10377 7188 6917
3496	7910 11858 11856 11637 11060 7911 11498 11257 9272 1386 10426 11665 9341 11626 7842 7932
3497	3925 24 3571 6009 6905
3498	6961 9429 752 5808 3861 518
3499	11833 10257 11832 11834
3500	1414 2094 5665 7341 157
3501	8272 11000 3572 5890
3502	11437 10690 7719 11333
3503	2818 9230 2672 3641 1982 1073
3504	3467 3932 4625 3130
3505	10377 4989 7473 6053 341 7105 4986 7372
3506	8097 8350 8721 9948
3507	1290 9558 851 5580
3508	1330 784 7953 4071 10379 7490 1014 10883
3509	5859 9264 474 7425 11255 6487 10215 5546 4436 9184 9915 5545
3510	4776 11157 11799 2535
3511	4587 9087 10138 4586 8427
3512	2877 7743 1663 1993
3513	4481 10002 11318 9373 8944
3514	335 2893 334 8010
3515	2814 554 3925 1312 720 10103
3516	199 1521 1761 678
3517	3506 3899 11783 10585 9505 10573 7145 1640 7517
3518	9985 3169 4811 6444 642 1035 3351 2681 6374 5325 1216
3519	3861 5175 2185 2404 2616 4254 3664 2222 2766 2485 6392
3520	5580 1039 1386 9229
3521	11179 3331 9268 9359 8402 6457 3389
3522	10527 9659 7248 7833
3523	9563 4906 5723 9565
3524	5203 3215 10375 7403 6310 643 667 11019 1882 10619 6607 11761 11220 3389 11898 9687 9672 5781 10335 964 11537 9964 847 11533 3581 2637 9058 1899 11671 6883 11476 9558 6405 11657 10881 7007 11179 612 10435 11676 5641 3373 9157 5506 6359
3525	3260 8264 6959 11478 9089 6704 6118 7722
3526	2615 10362 11130 11129
3527	4801 10163 10170 8627
3528	5693 7484 5137 7775
3529	3861 8323 5716 5088
3530	4728 1654 7752 6380 973 1698
3531	8664 8661 9850 10300
3532	4550 8265 9286 11905 10426 10636 8189 9384 11354 11909 11433 7494 10671 7292 9173 9167 8482 11093 6008
3533	10123 3574 7720 1537
3534	1037 1761 760 1531
3535	4008 5184 3318 2323 4094 10405 6905 1369 5363 10103 4973 3059 2064 7517 5179
3536	4546 4118 2041 136
3537	10230 2969 2299 655
3538	4263 3789 2776 657
3539	949 1178 781 4974 531
3540	6821 8000 8665 7648
3541	7653 9122 5830 3955 1902
3542	1332 10566 531 4608 2843 9410 2355 4876
3543	6392 2460 3861 5165
3544	5281 1409 1443 480
3545	114 115 10057 113
3546	6350 9404 995 1546
3547	2063 3488 9065 840 3978 7886 8329 9316 1437 4634 9176
3548	6748 4643 820 8233 10638 8802 8737
3549	5140 2851 4197 2531
3550	8357 7734 9693 4222 2128 2819 2614
3551	3461 3046 2941 1736
3552	10378 9440 10988 9922
3553	9537 11008 5944 11187 11007 11703 11298 11333 10690 6402 9426
3554	6474 7328 3937 228 6883
3555	11663 10527 7248 9659
3556	5383 4169 8851 4399
3557	2068 1661 5505 427 4978 6755 6837 4842 1117 4859 6963 911
3558	8261 1865 7599 6206
3559	9396 9397 9399 9401
3560	2759 5894 7212 6527 9152 7989 2993 9363
3561	9134 1919 8355 9441 10024 7513 7248 10499 7927 4897 4866
3562	2809 692 2066 479 2123 1988 9405 452 2137
3563	10041 10981 9559 9151
3564	3591 2295 10411 1422
3565	4884 11062 10558 2181 4334 461 4316 2575 10077 9341 2874 10663 6944 5434 7848 7119
3566	8871 3582 6396 961
3567	2993 6026 617 4243 8898
3568	7980 7981 245 3759 7512 9461 2165
3569	5610 6561 10696 8633
3570	4524 10527 7248 9659
3571	8088 8170 9454 10969
3572	11335 7720 4014 1084
3573	4026 9082 2687 925
3574	4878 7978 2876 3734 3741 7747
3575	6899 5756 3622 7517
3576	5108 11279 6670 9975 10363 4114 8974 9358
3577	7404 8558 9556 700 5256 10816
3578	11060 7849 10935 3482
3579	975 2743 3097 3761
3580	8697 8339 11123 9202
3581	10229 11048 9963 7413 6497
3582	2575 6453 9557 5462
3583	7678 5210 9274 954 8188
3584	8620 97 6262 6218 2415 1837 7387 978 1654 8673 7686
3585	4892 3450 730 11331
3586	8040 1995 3792 8039
3587	9482 5041 11123 3482 1780 264 5942 2037 332 1378 250 6828 9724 4692 1898
3588	11383 11215 5787 3326
3589	240 678 1396 4300
3590	8958 9488 11615 8413 11617 9507 10999 11551 11618 9504 8419 11621 11720 9495 8953
3591	6652 4896 1828 7761 1334 1385
3592	4493 7959 2809 7950
3593	6549 4259 1929 6099
3594	1369 9795 11230 9769
3595	9477 8576 4726 11326
3596	5400 575 1525 4550 11729 702 10570 10784 8461 5320 1958 1911 10383 11636 10786 5504 387 2194 7903
3597	9406 5040 5435 9408 1845 11840 4859 11417
3598	11785 114 11034 11036 11032 10003 11524 11175 9746 11007 3902 11010 9750 11038 103 10004 10436 9685 11014 11013 7576 9654 115 8297 11009 105 9749 11015 121 8298 11016 9752 11037 11759 11033 116 11035 119 9751 6193 106 11527 11008 10435
3599	7514 7707 7819 7378
3600	6470 5106 5422 3926
3601	10379 96 2510 8571 4508 5658 2743 10256
3602	11562 6923 1064 4528
3603	812 1119 1143 1268
3604	10030 437 8492 8494 7539
3605	4933 7837 7840 7839 4931 4936 8790 4458
3606	6604 7248 6004 10074 1931 3454 2041
3607	8768 5161 9391 4505
3608	1569 5426 2032 8623 1227 10248
3609	870 3768 4541 1681
3610	5177 1148 7021 4706
3611	4136 4095 5004 2488 4144
3612	11361 2924 11362 10408
3613	10671 8811 7907 7878 7317
3614	6788 9200 11636 9560
3615	5242 5504 376 5277
3616	3442 1083 4798 1248 3441 10478 616 6711 7378 4448 2482 2463 4399 417 6266 6265 286 5106 5380 6264
3617	9153 7904 7082 4523 1566 174 2245 4755 2187 9364 7063 3490 251 313 1764 8691 2775 10918 9362 6740 8067 3174 10928 9359 9268 8068 8346 199 9961 6059 1035 1683 1271 5138 5405 3088 8779 9640 9675 3431 3025 4907 2703 8643 995 1160 3835 5527 10378 10500 2113 8347 6323 3512 6315 5686 7275 1983 1876 4438 8282 1475 11482 2567 11575 495 2456 1386 4330 8690 6317 5320 661 11587 781 5156 6063 891 3075 1188 8551 2128 1570 7920 7039 6194 11404 5406 11088 7863 5410 3693 2573 5078 7864 6326 5031 1713 10894 3517 4356 11483 7497 6044 4745 4744
3618	692 2261 2819 2602 6865
3619	8000 6181 5122 5120
3620	11435 3139 3280 7329
3621	9029 4603 10950 11199 10908 2050 10060
3622	8382 9472 46 4831
3623	5892 6913 3835 5362 2510
3624	10850 4406 7974 10853
3625	6637 3902 6636 4840
3626	1515 9839 11093 2212
3627	6138 3955 5920 7777 3728 6133
3628	4021 3797 9232 6474
3629	5574 6486 9680 7392
3630	2416 5609 3144 1981
3631	9754 919 6116 6937
3632	6756 10942 10534 127 25 5624 3967 4344 99 4451 8972 7363
3633	3504 1948 2247 2179 2887 347
3634	450 4752 4066 11058 7856
3635	3775 10703 1420 10378 7975
3636	8893 1811 5396 8251
3637	6477 6322 11212 2460 8541 11439 11135 10699 3835 4695 4540 11133 7069 2237 5854 11821 11207 10509 8733 11435 10283 9683 1255 8230 8522 11231 11545 4812 4508 11278 10818 11182 10375 6659 9548 6661 11339 3058 11688 11139 11702 11430 7197 1452 1753 10816 4974 9443 10895 10279 11213 4977 11639 7107 9873 11208 8282 11673 255 5795
3638	11044 11698 10519 11410
3639	1732 492 836 6104 1929 590
3640	10758 4392 10388 4995
3641	9201 1961 5363 8597 9335
3642	8563 8631 8564 8565
3643	10732 10617 10730 11754 11757
3644	7422 5975 1651 351
3645	6419 6632 4131 5473
3646	8030 8859 543 6528 7974
3647	10847 7716 11692 8909
3648	1197 1076 842 626
3649	9129 7981 9460 5361
3650	9486 11438 8434 1351
3651	240 7812 2094 669
3652	7201 7050 3502 3648 7911 5122
3653	10149 9366 9584 7098
3654	1225 1106 529 263
3655	7599 9203 1928 9225 9506 4329
3656	6991 4071 2404 5175 1332 11173
3657	11485 11501 10457 9988
3658	1060 2543 7288 10379
3659	7005 10899 4508 1643 7695 1561
3660	8203 8301 8315 9444
3661	10258 11424 10649 10447 9821 7331 6577 11636 9103 6000 10046 6877 5652 8141 11285
3662	9385 8113 8787 3734
3663	8842 3298 471 11291 11099
3664	8507 9106 11474 8297 8799 11008 10680 9735
3665	3179 699 3845 6694
3666	7419 11191 7462 9502 9823 8417
3667	2967 1616 2735 3320 3346 6367
3668	6948 6905 961 2962 3436
3669	280 4259 2214 1157 745 1654 2993
3670	4314 11404 3169 5215 7176 3581 3389 920
3671	9544 11179 10108 5781 8798 9759 6953 10962 7107 11685 5938 7272 10911 8468 10037 2135 6732 1883 732 8791 9695 9893 10895 7494 7689 8441 10894 758
3672	1751 1229 6053 2034
3673	5435 3376 8889 5058 3973 5014 433 1654
3674	3320 5461 3999 6588
3675	510 2769 195 3361
3676	11681 11750 648 5434 5427 6208 11279 11505 1411 11738 9543 6529 1471 1116 9893 5506 9960 11380 7081 8264 10588 7773 7119 11659 7155 949 8434 7493 10380 11057 4622 9484 800 10750 9096 723 9275 6206 7063 1164
3677	11786 11746 11775 11850
3678	7338 9431 4609 3264
3679	1290 508 5260 5516
3680	8049 341 10210 10811
3681	9232 2482 9568 1918
3682	4493 7300 2599 3691 6848
3683	188 321 325 5269
3684	9767 10237 9457 8305 8310 8313 8315 8309 10238
3685	8780 11490 10287 10578 9479 10297 11473
3686	6114 9931 9124 9341 153
3687	4849 4234 726 1114
3688	9385 6905 3298 6392 6511 5331 9234 2143
3689	8878 8877 8094 1772
3690	2124 2485 840 2222 1663 2585
3691	4532 6101 6547 267
3692	2124 9127 5414 9461
3693	9188 7172 8541 9632 1989 4869 10693 199 9521
3694	3311 1372 52 7117
3695	6326 4088 10379 8391 7003 5065
3696	11573 10847 10761 9364 9203 8909 6317 2902 10808 10896 10631 9898 10231 10983 11379 10807 11124
3697	11335 11387 10458 11098
3698	1583 3976 5507 664 2128
3699	4235 5548 1100 5333
3700	486 1877 5685 2399
3701	4461 8722 9502 5625 9804 5504 11218 4943 661 505 2070 9505
3702	10503 11095 9332 10031 10918 8481 10275 11080 11108 7512 1359 10813
3703	8781 8236 7251 5174
3704	7377 4391 4392 8125
3705	6838 3770 11328 9805 8786 10760 5890 240 255
3706	7928 11204 3538 10739 11166
3707	153 8012 3961 8706 7316
3708	5453 3925 1781 10175 10684 8116 11431 10558 8079 5483 10937 11878 10064 3007 7893 6091 9024 8320 932 5547 11164 5368 11876 11522 10185 8875 7969 7798 4268 8851 341 10172 3593 11916 9038 2207 1135
3709	967 8014 5392 5816
3710	6658 8180 8426 9373 2181
3711	7459 18 1019 6343
3712	8405 3228 8402 1910 4776 4715 8345 9007 2575 8398 11723 8403 5254
3713	902 4099 6655 2782
3714	10558 4595 92 2895 10127 9422 10309 11485 10439 3873 3121 10767 7338 102 10778 9988 9721
3715	10717 11088 11226 11067 5513 11066 4884 9461 6974 10386 11098 11056 9260 10021 10584 10275 11080 11059 8270 11065 6368 10356 11655 11207 11052 10833 11053 7691 10881
3716	5440 11217 1983 7271
3717	10062 4071 11446 6967
3718	10832 236 781 11765
3719	1039 2412 6905 2531 3651 6948 1931 4175 6221 4560 4038 6778
3720	11722 4444 3440 1415
3721	10606 10057 5802 5803
3722	1701 5040 3908 35
3723	2774 5487 10525 3250
3724	3231 2580 597 980 6837 3794
3725	2967 2920 7514 1176
3726	3923 8383 2897 282
3727	2001 920 6829 5984 1139 8442 7193
3728	769 1584 1068 4573
3729	6411 8442 5259 5165
3730	1975 6586 2893 4396 7715
3731	867 1152 4959 2270
3732	11179 9241 7513 11803
3733	4907 9359 3145 8931
3734	986 6342 4775 5534 1522 2861 3953 3459
3735	7878 3894 7716 8490 10011
3736	2742 2397 1332 300 3484
3737	2169 8649 4197 491
3738	7859 2921 6110 7449
3739	11227 8865 8487 10333 5019 11210 7010 4040 3285 6149 11676 1840
3740	9852 2460 4259 2482
3741	9532 3368 1829 10764
3742	7064 8051 10200 10183
3743	4967 2154 7716 6100
3744	10315 6305 5418 9569 199 11067 7241
3745	6009 9918 1079 464
3746	8327 5249 1591 8223
3747	4880 5428 2342 9362 5787 9045
3748	8992 11431 11814 11816
3749	8421 9486 10524 11191
3750	6964 3258 6762 11423 5387
3751	1971 1330 8476 5509
3752	10974 10820 4259 10964
3753	5665 250 178 2137
3754	11358 3103 6616 979
3755	11011 11037 10770 6193 11007 5446 10769 11013
3756	56 661 728 4300 8627 6582
3757	2936 3291 10152 597 6885 2412 3435
3758	4364 11020 10372 3079
3759	2946 3269 261 2536 676 5443 133 2277 4973 8043 1954 2917 1052 1012 2918 7301 1444 289 823 1132 2420 1021 7142 6274 971 250 1229 1089 2191 1173 1364 4499 2143 1857 975 703
3760	2472 5438 9004 8156
3761	6640 8811 7018 5427 7261 5699 8462 5609 7009 8783 6363 915
3762	11546 6205 11133 6172
3763	5246 4793 2369 9107
3764	2905 8754 9606 7303
3765	9483 11604 9481 9482
3766	653 7980 7512 7513
3767	5500 3295 2568 1968
3768	11087 9232 6836 11684
3769	8154 2222 5158 3022 6336
3770	3100 2460 3936 7005 4280 291 3626 6538 3179 1918
3771	5091 5693 7707 9847 10650
3772	1487 2066 2522 2593 2059 1851 597 3963
3773	4720 9102 5537 8497 6691 7036 1475 3560
3774	904 1150 4153 1429 2069 1939 1196 327
3775	5225 6173 7560 8834
3776	11235 7261 5932 511 789 1004 11914 7269 760 1081 780 2128 3287 1141 1630 1348 7155 3581 4187 663
3777	8442 5165 9556 432 1837
3778	3987 2572 1858 1863
3779	4824 10784 3041 11110 4104 3453 10504 4002 7635 2685
3780	1235 1465 1911 1698
3781	11386 4206 2344 7518
3782	2749 2454 1253 2595 2709 2198
3783	10154 8068 4567 10780
3784	24 77 10071 4595 167 1622
3785	9192 5363 11250 5450
3786	9954 4586 5268 9865 11614 6232
3787	5152 3902 4533 11634 8950 5652
3788	11730 11663 10527 7248
3789	8933 10356 3861 8750
3790	7200 10032 6230 11207 5941 10560 11208 10717 9284 10726 6097 10714 8717 9137 7331 10669 9727
3791	2030 5020 1648 173 3758 2200
3792	7525 8202 7372 6568
3793	8577 9835 7703 8548
3794	4352 1918 8125 7377
3795	3736 7720 2546 4593 1811
3796	7291 11913 6173 11494 8263 10631 5743 2033 9461 11179 7242 9126 6363 10357 9293 10443 11209 10869 7691 8503 10985 5887 8505 7007 11653 11558 11305 11817 7784 11027 9390 11208
3797	3282 3346 4608 765
3798	1135 9285 5504 10570 8281 7155 10784 10569
3799	11309 9313 5946 3759 11179 10411 4045
3800	9754 341 2208 721
3801	352 2899 3813 8721
3802	9328 7145 9451 9461
3803	7018 7019 4242 3606
3804	7229 1796 2993 1702
3805	5563 7797 9782 321
3806	7519 10740 7599 5445 3484
3807	8442 8443 9383 6203
3808	9834 6770 8288 4004 9379
3809	1244 5568 10652 8379
3810	8229 6851 7590 341 10113 8751 4833 10157
3811	2732 11314 1229 485 925 7820 6585 10015 57 7317 5765 297 5321 10016 9188 1993 2657 5060 639 6860
3812	3671 1808 7340 63 8012 3570 6573
3813	5439 183 250 3242 2326
3814	1119 4064 7052 3792
3815	10865 10702 6220 7006
3816	2125 4730 5259 7419 2958 5265 3844 8616 4448 7130
3817	11663 11448 10527 10608
3818	9134 899 8938 8833
3819	120 113 107 114 104 105
3820	7304 9011 3964 7309 481 3346 8409 3571
3821	9689 5144 2536 9550 8268 10927 4917
3822	6683 2760 10377 1811 2398 5706 1602 3741 4737 348
3823	2312 2319 1712 7002
3824	4683 4837 3386 10177
3825	2081 1193 9229 5014
3826	5650 5181 6993 2979
3827	11412 7971 5476 3593
3828	8640 10276 10731 11407 10801 9151 10803 10728 9253
3829	9961 10703 9901 3152 10883 9137 4259 9231 8459 9968 6151 8565 10982 9332 10653 9387 7358 9293 9306 9384 9234 8785 6904 7317 4227 9711 10675 10923 9461
3830	10907 8434 4104 10085 8847 7781 8193
3831	6892 7947 6463 5894
3832	1335 2798 5773 4896 6919
3833	8613 7560 1073 178
3834	9508 9505 10913 11618 9486 10432
3835	11095 10928 11075 11461 10352 6731 6207 11819 9961 11526 6732 6815 10892 4277 11389 7019
3836	2379 1135 4863 7300
3837	3019 8774 1204 1213
3838	11302 11076 1292 7137
3839	8735 9814 2801 4706 2885 6966 9708
3840	3598 11806 1423 5972 7892 3263 4072 4417
3841	6810 2976 10228 1597 8933 7010 11001 3339 2715 4508 6470 8465
3842	6117 5449 6766 7459
3843	3886 4168 3649 3151
3844	6560 8862 8897 4727
3845	11697 11671 9230 10024
3846	7814 16 2121 6399
3847	4610 10343 4722 5944
3848	970 2425 7192 3325
3849	10755 1720 1548 8586 6014
3850	7214 5504 9572 2965 872 9918 9519
3851	7833 3464 11286 2553
3852	11636 11633 8853 11635
3853	11867 8277 758 5607 3958 1930 10507 431 10335 1702 280 11064 5095 2460 7503 9461 11272 11019 1931 4055 2416 9276 3311 5335 2510 2463 1919 2124 1399 2482 11750 4168 4379 10888 1918 581
3854	2431 3049 9130 11339 8065
3855	2463 4179 1893 3850
3856	461 7435 8888 6938 3936 11060 605
3857	3754 258 2165 5307
3858	9923 11231 8838 8497 8499
3859	8717 1788 1594 8161
3860	10318 8949 11466 8529
3861	2803 11339 11560 6883
3862	8751 9668 9688 7780
3863	8158 9504 9002 8071
3864	1798 5150 2122 6605
3865	8641 11359 11560 11625
3866	9258 3656 332 9758
3867	10046 3671 11424 11425
3868	7652 860 2250 7669 6733 2181 11091 11640 10888 6981 9293 11093 8830
3869	800 1235 1114 501 519
3870	3641 1865 9084 11001
3871	902 10865 7005 11127 973 10984 4943
3872	7562 5074 8975 2225
3873	5281 1948 1571 1330 7613
3874	2153 1960 2611 2264
3875	11176 10817 6147 1439
3876	11311 11526 8302 11295
3877	6474 9709 3854 8456 1204
3878	9471 24 10767 10122 15 9422 11288 10954 151 3653 30
3879	2993 1625 9897 3978 7248 3371
3880	5014 8660 7742 8827
3881	6549 5245 5275 11665
3882	11585 4456 11072 3466
3883	2482 1151 10670 6067
3884	7342 3365 3688 3367 3369 5979
3885	9833 3268 11141 9950 10157 9035 9832 7263 9823 10155
3886	9897 3405 2137 6224 201 2424 3285
3887	11179 11054 8470 11675 10760 10427 11064 8502 11027 11025 94 7264 6640 7435 10621 4259
3888	6999 5376 7164 765
3889	9807 554 10642 1722
3890	3699 4732 4524 6094
3891	8434 8548 9571 8425
3892	8178 6238 10075 6247 9531
3893	11669 10703 10700 8466 11173 11077 8751 11064 7639 9639 8286 9978 11825 9391 7258 8861 8934 8924 11688 6974 11144 10375 7148 10992
3894	6986 2404 4726 2005
3895	1870 4012 5343 4212
3896	649 536 535 463 626 521
3897	7349 5929 5928 5462
3898	4669 559 2864 1434
3899	5837 5367 9127 2251 7514 8851 5383 5371 3526
3900	6008 1721 429 2843
3901	1060 1133 6720 7182
3902	10390 10389 9609 5800
3903	3069 2200 5255 4552
3904	6667 6749 312 1010 7614 6160 6307
3905	8212 817 2825 8115 8569 774 4056 1734 1359 4941
3906	6657 4242 1135 952 3673 5830 11060 4178 1918
3907	3695 7229 3029 2611
3908	135 10740 1099 362 10261 2874
3909	2226 5072 1826 6474
3910	3591 199 3706 4534
3911	7909 1711 4008 5708
3912	5715 6970 10050 7454 5225 5135 7367 9634 6261 10843 4986 6998 5596 7413 9653 6088 7370 9652 7826 1055 4987 10841 9818 7453 6264 6999 6053 5718 9651 10879 6266 5841 5717 5089 7369 7955 8031 7412 10902 8445 6530 6669 9817 5716 1388 5933 5822 6528 5339 5842 6265 6395 5136 10840 6956 4990 8323 8859 7411 8032
3913	2720 10090 4462 2167
3914	10231 8370 10229 10448
3915	4706 490 5896 826
3916	5435 2175 3298 8002
3917	2459 2460 7006 4402 2482 223 4623 6917
3918	5532 4577 4955 4940
3919	5578 5056 8506 3501
3920	7145 9777 8339 6456
3921	8887 9935 6748 5335 827 10363
3922	2967 9643 2510 2966 2828 2287 9144 2379
3923	2527 6392 2206 8254
3924	4253 5989 9379 2460 1084
3925	6984 2874 5846 232 11309
3926	7512 1814 446 2599 6655 2035 2158
3927	3634 5436 3162 5276 3646 1958
3928	9668 5669 3588 3231
3929	9061 3908 8838 7442
3930	657 11005 11233 5830 6258 9547 8438 7264
3931	943 2354 309 10758
3932	97 6958 6437 6931
3933	1594 5020 1279 3304
3934	807 7660 8913 7078
3935	8330 3861 4833 9482 3449
3936	2342 6747 5174 8880
3937	961 1150 4228 4474 417 1151 2552 2207
3938	5134 2975 2232 728
3939	2063 5192 5028 731
3940	10717 9167 11339 11669 8872 6732 11310 6207 6904 10375 10371 9695 6906
3941	8295 6899 5534 11092 6159 1872
3942	3588 7576 4449 11326 6751 9658 2041 4414 8383 4221 7256 282 10109 445 6138 7267
3943	2575 9406 7657 6720 341
3944	9106 3899 10609 10608
3945	8897 6903 11133 5659
3946	2779 2661 3844 1063 4389 9741
3947	2128 9445 6212 2066
3948	8497 11671 11433 9274 11476 10888 4179 693 2670 8478 2379 3065 10373
3949	2946 3153 10614 3174
3950	5400 2579 6784 4691 262 3688 5556 4823 589 5212 10292 11545 3286 2911 5206 1308 5854 4195 1452 7503 5579 1562 3273 1389 6069 3803 2546 582 1506 4149 5899 5812
3951	4741 8531 6242 5270
3952	588 332 2893 1457
3953	2037 10740 10268 8434 1699 4112 4529
3954	10680 10682 4590 3813 10766 9286 10057 9285 11407 9289
3955	4508 404 675 172 3383
3956	1151 5164 4982 7590 8536 11129 8586
3957	5178 4361 7282 6392
3958	8683 5591 1016 7919 11338 9502 4280 8953
3959	9201 7010 2179 9973 10696 708 2880 9299 9203 10634 10440 4301
3960	7209 9933 9835 8978
3961	7748 9134 10377 7745 7750 574
3962	4647 4646 10279 530
3963	4094 2753 5439 14 4947
3964	5436 10187 9029 8079 10157
3965	1075 3171 376 813
3966	2634 8517 8511 2986
3967	8929 8928 6922 526 4916 1918 1534 541 5637 8672 585 700
3968	2627 2899 3705 3855
3969	6948 8885 3346 8585
3970	9981 875 4605 2432 1216
3971	3923 9032 4159 1222
3972	3381 4977 4412 3293 5856 4608 3827
3973	2221 1151 5050 353 191
3974	7259 5792 6285 970 7347 6482 3083 4496
3975	45 10982 9549 2114
3976	11883 7006 8939 7137
3977	7536 5425 7301 7495 4697 7298 5736 5274
3978	2614 10358 8539 3823
3979	1312 285 2379 1135 700 8145
3980	3215 4264 5374 5830
3981	4254 3118 4950 1297
3982	3340 2412 779 8166
3983	2416 555 1135 1997 1722
3984	2615 1048 3757 1870
3985	11112 728 8330 9245 8816 4153 6948 3128 10853 3291 5097 8908 7611 3134 10650 1796 2441 2041 9244 6030 754 2368 1333 495 4280 5026 3177 2440 1811 10983 1312 8873 2400 6221 7610
3986	757 8205 4015 9891
3987	10193 10227 339 6706 1035
3988	2428 851 457 5444
3989	8152 1774 1663 10307
3990	11217 11761 10984 10108 8286 7250 6497 11536 9175 531 8819 11516 2181 10711 4884 7019 10929 9079
3991	10982 8461 8494 6613
3992	3613 5418 840 6478
3993	3119 6483 6781 9281
3994	2128 664 2124 2155
3995	1887 3391 4259 3548
3996	9774 4102 7645 5536
3997	355 3588 6967 7761
3998	6691 10553 6690 8431
3999	9940 9938 9483 9482
4000	6604 6839 6687 9577
4001	6548 5797 7493 9390 5506 9237 9293 8445 9173 1734 7688 8485
4002	1721 11420 1433 2540
4003	3451 4551 6825 11251 5583 5582
4004	3359 7808 682 7802 3768 7300 7236 2967
4005	5837 8299 2317 7775
4006	313 2211 3376 2209
4007	1730 5078 8193 11116
4008	2269 7491 1814 10466
4009	2749 915 437 916
4010	2690 589 255 179
4011	7248 7630 11435 7869
4012	6411 4080 1083 2088 1703 606 5675 4231 1654 5024 1919 4259 758 284 3741
4013	2803 1435 4546 2476 2259
4014	5439 6202 7039 8062
4015	6217 4562 3575 1116
4016	7303 6366 4696 4446 2922
4017	7437 10401 1599 5018 3581 4706 11830 11657 3280 3139 3389 157 11656 5940
4018	4532 3454 592 6916 8040
4019	1197 3943 7414 1918
4020	21 4299 4832 3643
4021	11139 11845 11137 11822
4022	1483 1480 1273 1806 1301 1777 1304 1253 1448 1680 1484 1512 1472 1642 1451
4023	7832 8972 2579 6116
4024	10223 10007 10257 11836 11832 11923
4025	1826 4633 692 1852 7973 1643 6779 1151
4026	10106 5624 10071 4595
4027	10149 9074 10950 11794 11809 10209 11160 11807 11815 11808 10188 11803
4028	1798 758 592 1116
4029	6565 5169 8194 1616
4030	9066 2156 1428 10231
4031	2136 10879 236 7367 5929 10902
4032	6837 5521 8159 8999 5164 8160 7863 5178
4033	2964 7762 2658 3305
4034	6149 11655 11670 8443 3984 3313 6148 5426 10484 7883 6786 10483 4638 3195 9046 6296 7188 3995 11898 9978 5815 8486 10498 9390 10418 4487 10021 8487 8489 11575
4035	8379 2128 6100 1374 1151 3249 5248 5490 2654 1035 4056 7686
4036	6030 10995 1837 5097 10738 7501 7412
4037	11423 6173 8195 9461 8460 8927 6175 9126
4038	7994 6971 3580 10583 10269 7009 11866 8872
4039	1909 246 170 248 351
4040	7275 11657 9024 11252 9032 9120 6529 11524 11182 11476 10506 8468 11064 9187 11868 9978 9950 9096 8791 10586
4041	5257 4088 2310 616 6510 9681 10091 3358
4042	726 4412 3276 8144 5124 896 312 4167
4043	1846 3312 8380 5226 5224
4044	4383 10532 6539 7115
4045	3696 9632 7625 7626
4046	9506 10891 10890 9487
4047	994 2203 6690 3520
4048	10471 11254 3348 2920
4049	2328 3695 3031 6312
4050	2567 4667 1800 3560
4051	10137 335 10656 4407
4052	1258 2227 574 2459
4053	7144 9100 7911 10776 10555 5929 6123 4284 8548 10773 8327 9150 9145 7497 9025 8999 9073 9486 10066 9147 10545 7029 5169 3222
4054	2158 6179 5157 925
4055	5049 7899 6842 6788
4056	7870 11383 3373 10289
4057	2620 5334 840 2445 763 451 2018 782 1552 7862 519 1734
4058	3076 5219 2284 2592 5646 6391 4979
4059	7342 692 9888 10315
4060	9695 1908 10606 9277
4061	3713 1917 11157 3532
4062	835 5714 9429 2602
4063	8404 10091 11637 11404 11628 5794
4064	2171 7002 4906 4940
4065	10953 4762 5372 10889 9489 9498
4066	6990 9821 11521 10345
4067	10231 7670 9651 9033
4068	5027 6664 4503 8786
4069	10054 4668 556 9877
4070	9152 7189 8222 10641
4071	9277 3155 7014 2493
4072	10957 699 93 3674 7825
4073	2341 4595 11288 10298
4074	8124 7742 4976 10828 8125
4075	4243 7382 2495 3981 3059 8597 4711 1041
4076	8365 7419 6751 5079 2248 8608 10084 7480 9212 2147 9486 3152 283 2561 1212 3781 10890 9001 10554 11402 6138 3476 3010 2681 7562 4496 3630 1725 6342
4077	7193 5812 1926 4391 8946
4078	1976 10075 2059 8472 8534 2212 2561 5109 6986 6855 4559 11092 1565 9282
4079	7594 11133 6758 10650 7236 1524
4080	2070 2838 3880 3266
4081	10700 5504 9383 7347
4082	5613 5350 2660 283
4083	2854 2967 5652 4303
4084	4240 4241 4245 3886
4085	10540 6205 10269 6361
4086	9335 2 2819 11517 3695 9435 8832
4087	391 2814 228 6691
4088	7875 7155 6563 11564 4142
4089	11090 10075 9080 10027 3611
4090	11067 11103 2165 7051
4091	1919 1918 2465 1463
4092	5123 3195 1068 8624
4093	6482 10678 4869 1990
4094	4581 4091 7956 4376
4095	1524 6065 8834 6875 1929 7977 8973 6070 3052 2175 6664
4096	9152 2219 10185 5793 3584 10195 4536 6041
4097	3211 9309 8338 8368
4098	6735 10504 8752 6979 10920 9391 10896 6803
4099	6240 11574 10873 10912 8177 10117 10901
4100	8402 6478 11569 2005
4101	5603 1850 2829 7337
4102	5504 4158 10163 1929 320 10079 5439 7117
4103	6224 5357 4258 2586 6034 8697
4104	4437 5955 810 4827
4105	3944 5960 4455 4305 331 6998 2651 5947 4406 5015 8929 4837 8436 4241
4106	6506 6667 2917 8906 7235 7675 6646 8320
4107	1571 1190 1192 1568 1188
4108	11074 5980 10741 9292 3299
4109	10248 11498 11103 11404
4110	1961 2889 2577 961 507 2595
4111	8264 5522 10210 2172
4112	6260 5311 1279 5308
4113	1341 1663 2540 1487 5060 2732 1353 4359 11166
4114	9 7878 7080 11702 10631
4115	1811 7718 7213 4983
4116	1524 10172 8014 7472
4117	7037 6361 5541 3554
4118	2606 6617 9461 2181
4119	577 3284 11093 3139
4120	5344 7969 1933 7512
4121	7047 7046 10020 7049
4122	2540 7653 6266 4990 6999 6264 4091
4123	9917 9529 9079 2967
4124	7831 10809 9575 5929
4125	6927 7512 8818 5741
4126	506 2041 9442 2022
4127	241 1576 613 1888 4474 779 10170 2002
4128	2342 5161 2451 1569 495 258 3821 11747 4297 1928 4436 5815 481 2540 9839 7207 11728 4368 3393 6964 1053 6354 4504 5662 157 6390 808
4129	3351 6952 2819 5866
4130	10966 10291 7394 1546 9842
4131	4208 3025 1959 786
4132	740 3861 5830 2485 10077 6181 897 3274
4133	11371 9445 2843 4246 11453 3158 11548 1928 4608 5663 3929 6867 5819 5012 11270 4343 4313 2874 9931
4134	9487 4909 5256 6042
4135	11058 297 9666 10263 341 5708
4136	6411 178 179 8209 3020 947
4137	7306 5515 427 6568 10126 11628 7069 11404 4065 6593 4906
4138	1594 3488 9574 7820
4139	8895 8080 9178 896 7582 5860 7820 9182 9729 2524
4140	10884 7677 8958 9513 11340 11171 10886 8547 11300 6538 9504 4643 9742 9510 11291 11296 7957 10962 8170 8952 10960 9500
4141	7269 6992 7248 9286
4142	10439 1509 11118 3451 1661
4143	2081 4979 4675 2462 4974 4403
4144	694 693 1537 365
4145	4727 3300 4493 2611 6222 1608 4798 5670 5031
4146	11465 8876 9426 10647 5924 7528 7327
4147	8033 1506 10099 7413
4148	3142 8196 9532 699 3103 5032 8838 4019 4637 5658 11404 2743 6502
4149	2967 9560 568 28 8226 9132 9129 4528
4150	3340 1083 9586 10336 2482 1470
4151	1657 10310 11383 2766
4152	5556 9098 7007 3517
4153	3381 1934 207 5987 5930 4338 527 4242
4154	10060 3310 4 1093
4155	1615 5550 477 4118
4156	103 107 104 106
4157	4508 1725 6535 4372
4158	9913 6305 4277 4071 9193 6366 857 28
4159	10108 11510 10056 8190
4160	4723 9608 9048 10336 9271 7418 9600 9655 9599 5566 6888 6686
4161	5568 6307 762 3978 994 8567 6160 5273
4162	10686 11512 11078 11675
4163	11018 10892 11230 11080 6996 11229 4524 9278 10865 7224 7635 8487 9105 6733 6499 1968
4164	3070 2660 663 1297
4165	4399 5371 8660 5383
4166	6883 3833 10858 1114
4167	539 2809 1747 531
4168	4993 1811 9524 3971 5338 6312 2043 2874 4842 9090
4169	127 145 144 146
4170	11025 8965 7657 10177 7975 3615 5372 8255 9235 10515
4171	1400 1885 1876 2643
4172	9963 6268 11380 7037
4173	3504 2970 6587 5282
4174	4277 974 1114 1116
4175	4859 10166 3861 688 3634 1772 179
4176	5189 2315 8477 5332
4177	8239 9754 1645 1647 9610 7700 590 1455 5052 372 258
4178	8812 1112 8411 10446 11335 7850 6173 9906 7344
4179	2795 3410 7086 286 2417 5154 2181 3045 4148 4143 5040
4180	2240 1114 1463 603 840
4181	977 2820 1656 1263
4182	5439 8774 5346 8745 9176
4183	9592 9642 10375 10641
4184	11220 11152 9592 6550
4185	7831 11767 24 10059
4186	1929 4407 8960 4762
4187	9940 6549 7828 7686 4437
4188	2947 11553 9821 5427
4189	2497 4561 2599 8113
4190	6396 8347 10740 4534
4191	10848 11392 7227 10849
4192	11080 7373 8708 823
4193	8870 3141 5953 8052
4194	6793 4765 5435 180
4195	2387 8402 6959 11313
4196	9201 9461 11725 10984 10917 10084 7953 10961 1039 8367 10740 11060 4509 157 5510 1987
4197	9953 8036 11270 7014
4198	2083 967 11260 7049 11399 11309 7249 7856 5456 11261 3741 10326 1100 7657 11313 5594 10763 2570
4199	1443 4822 6270 5703
4200	11498 7750 7320 6686
4201	2875 8994 11023 10309
4202	7631 9410 9621 10543 7630
4203	9029 9031 8875 9885
4204	5224 7012 10110 8203 5062 9523 10219 9461
4205	6982 10378 10987 10988
4206	2121 7828 8593 7305
4207	8125 2466 2620 3716 1576 3137
4208	6288 4250 2628 8643
4209	7910 1603 6403 1341
4210	1837 5859 10608 11448 5321
4211	1222 1584 5586 7009 6401 4435
4212	845 6733 7297 262 9387
4213	927 536 689 649
4214	4117 2296 3437 567
4215	1525 6213 443 6934
4216	7720 2531 9233 3863 5370 2659 6263 2295 5150 4729 1399 9229 3906 8910 2459 3862
4217	2045 5062 5120 218 6922 8874 1771 781 4876 2673 10220
4218	5233 4168 329 4622 7691 9384
4219	5519 6267 6986 4424 7044
4220	9207 6497 2958 9203
4221	4720 3745 381 9881
4222	519 1270 824 610
4223	2149 10110 1736 2765
4224	3480 7327 7965 8580
4225	7176 9477 4084 8895 6449 3861 2660 8912
4226	8894 9668 2497 263 8892
4227	7656 3695 3444 7506
4228	5002 2356 2961 5281 8539 2482 560 3979
4229	7577 8113 8838 8734
4230	3642 8993 7593 3431 9967 9183 8987 3792 10583 1832 4948 1813 11477 3504 11526 5458 2421 2510 10992 1769 7403 7416 8478
4231	5132 2131 2385 4321 2407
4232	9345 7714 9692 9349 5566 4210
4233	3468 9940 2969 899
4234	156 1198 6001 6002 6000 6169 9518 9220 7769 1918 10258 7617
4235	9896 6426 2028 4003
4236	4609 8905 8154 898 5161 8777 5432 7225 7679 9094
4237	8633 5161 7323 5495
4238	6180 10767 68 11486 9471
4239	9687 11067 7658 10688 9274 11059 8796 11133 9637 11536 7784 9542 7219 10313 916 8263 6735 10791 6296 6971 8793 8470 10013 7155 5609 10502 8751 10716
4240	357 847 1931 1264
4241	11036 11032 7257 11035 11440
4242	9807 5999 4425 10317 2000 2412 1463
4243	4310 9894 4453 5834
4244	9234 5239 10996 4622 10506 2184 3525 3641 4744 3389 4244 3792 11362 11600 5246 11504 9237 11685 9290 7831 6295 1948 9153 982 10911 7920 6891 9954 5924 8499 10366 7375
4245	8943 3236 8942 4280
4246	133 5559 3139 1056 172 5665 5483
4247	9896 2568 2724 1992 7676
4248	8304 8399 10392 8314
4249	6287 11001 8593 6826 6991 6744 11552
4250	6380 7609 9245 8443
4251	11504 10725 8628 4332
4252	4521 3844 10356 9228
4253	796 759 1257 251
4254	7604 8690 2258 4461
4255	3865 1828 7349 2412
4256	1386 3583 11637 728 6017
4257	318 5183 2663 3311
4258	2154 4436 11124 3291
4259	5809 2584 2577 8249 2350 5417 2247 5405 598 5161 3006 10620 6364 9503
4260	1560 3214 7303 6585 2128 8639
4261	4213 8227 5724 1647 1827 2846 4471 6745 1942 1646 2133 2092 1378 2066 692
4262	70 10595 11526 11081
4263	7357 2681 6987 6856 678
4264	6905 4259 567 6221 8125
4265	10854 11132 7720 11173 10371 10316 8532 3921 10520 8518 8784 2402 11054
4266	495 399 3597 6336 10 2004 2175
4267	9247 11123 8828 950 11442 9563
4268	2161 5519 1352 5520 6054 6920 9199 5145 840 1227
4269	9286 9361 10918 11068
4270	1762 4247 3999 417 1442
4271	9413 7328 4068 5435 8136 2926 2540 1120
4272	4272 8881 6658 9067
4273	10300 11519 11191 10903 10893
4274	6018 6411 7383 8442
4275	9274 8481 4923 6497 7206 3401 11402 7269 8263 3880
4276	4259 2181 4982 4388
4277	2524 8604 1330 10702 9232 6210 9942 8753 6220
4278	9766 4296 10226 7418 8348
4279	2366 9203 5632 1229
4280	358 1214 3059 2540 1935
4281	8938 7005 6222 779 2208 5401 472 2819
4282	9667 2326 1547 7235
4283	7646 310 3981 3905
4284	2764 7529 10676 10271 4477 8354 8794
4285	10991 11001 2125 9615
4286	398 1332 7025 2248
4287	3533 7455 928 535
4288	8744 6680 9853 5943 5145 443
4289	406 4991 8920 3982
4290	9562 4458 9718 9559 9561
4291	6031 5450 3237 8150 7142 9708
4292	7789 1922 578 6481 4706
4293	3048 1800 2085 10542 817
4294	300 94 6731 6614
4295	2320 8978 4743 6930
4296	3139 7908 10302 2579 7338 154 3196 9779 7751 5624 9619 4926 4344 9338
4297	10031 437 7237 11819 94 8497 7539 5830 1163 1411 8461 10032 9764
4298	2978 2784 4756 9822 3641 1655 6868
4299	5702 660 4202 3819 5620 5447 4984
4300	3902 9790 6090 4501
4301	9898 7987 10427 11464
4302	3190 5507 472 213 5126 8707 3751 6311 6585 664 1139
4303	9562 3282 9565 9563
4304	918 1114 11629 1761 2686 1883 2466 2636 9083 660
4305	2023 28 5378 9560
4306	9883 11495 10778 10749
4307	6137 7707 7546 8927 3861 5183 2083
4308	9568 9127 9129 4243 2631 3641
4309	1903 4381 4277 7915
4310	9667 4521 9160 11173 10828 2067 8463 3041 11078 5018 11540 6903 7374 11868 10273 9234
4311	2985 2088 1918 1116
4312	7626 7627 9632 11137
4313	7078 11117 1487 11431 11179 3376 8125 1827 9017 2295
4314	840 2133 567 422 1816 788
4315	4203 790 3292 4038
4316	10397 2341 4224 807 10032 9105 1599 10496 3091 6610 1979 10507 133 937
4317	2587 3794 8607 6584 10541
4318	4849 8403 9187 4259 3822 4324 6619
4319	1851 2566 4554 2152
4320	2379 3741 9280 1216 9688 1135 7828
4321	7940 7512 7517 3276 5501
4322	902 10741 882 1791 10865 10962 7630
4323	3892 9445 6341 8122 1986
4324	9983 10357 9167 11066 11084 11587 3897 9120 11681 11738 10807 11085 11471 9361 7678 6836 10441 9484 11911 10883 11574 8468
4325	7454 2295 2416 6903 1297
4326	1135 11663 684 7800 9769 2005 6458 6910 2485
4327	11349 133 6271 5865
4328	695 2977 2743 758
4329	6183 6184 8352 348
4330	2551 1135 554 5425 2022 681 5380 5377 5427 7517 4399 4437 5407 8577 7298 5371
4331	7072 8483 6457 5962 7792 6361 11210 9484 10724 6359
4332	9755 4376 8711 4476 5375 5497 3460 781 3421 5489 4877 661 8783 7385 8321 9094
4333	3651 7378 8660 3588
4334	6045 6038 10681 6033
4335	10865 3264 3888 8125
4336	10920 7269 10418 9270 8448 7277 1599 8897 8976 11235 8489 11575 916 11088 5902 10873 5780 8493 8462 11026 8488
4337	5568 2416 3293 8842 6200 9822 9974 10370
4338	989 2249 4838 682
4339	8897 3351 5654 5986 7010 11108
4340	333 127 1750 331
4341	10399 8938 9230 9156
4342	597 4799 4667 4674 4714 732 4489 1900 529 1918 2135 973 959 2429 861 2557 4491 823 612 1422 4490 731 899 2621 2214 898
4343	1200 4385 1577 506
4344	8577 7701 9073 11706 11708
4345	2582 6904 700 688
4346	7946 4941 1247 6364 3861
4347	9721 621 71 620 7157 11002 10528 3888 108 10283 10284 11175 7338 9779 9706 7342 4759 25 5580 8139 3189 68 3671 9422 1941 24 1252 1600 1489 3140 5117 4609 6205 6180 3922 10399 34 3688 9432 2574 6451 11485 11 6504 3570 4344 1506 15 4645 2895 30 7708 2094 3264 78 4195 3991 16 10397 9619 6784 6484 3967
4348	7384 5088 4485 10048
4349	2950 5591 3320 8960 3098
4350	6407 6647 7620 3398
4351	5002 4065 10809 5504
4352	2562 1191 7613 7059
4353	3542 2407 6759 6168
4354	10398 11065 11059 10031 10400 1159 10584 8793 7237 10252 9727 10383 11066 8866 7393 10971 8798 11747 11054 11211 10786 9 10313 10791 11168 10594 11207
4355	11563 11280 417 1757 840 1216
4356	9571 10195 8998 11156 6408 10416 10167 11155 9535
4357	2150 4079 458 5343 10369
4358	535 236 2761 8684
4359	10828 5609 11671 9667 10252 11669
4360	10404 8484 10272 11666 7652 10373 8752 10401 10514 7253 4384 6190 6735 8012 10274
4361	342 1536 2749 446
4362	8393 3480 5823 3999
4363	9936 7963 1035 180
4364	10638 9065 11599 10953 6113
4365	9143 9518 7861 9103
4366	7919 355 8392 2608 8817 8362
4367	9907 8087 10969 11410
4368	3279 1413 7364 7363
4369	5780 9972 3389 11402 917 10569 604 9277 9113 7493 10382 773 9759 2591 6296 11066 7994 11096 8004
4370	2123 4582 2166 3386 2531 5242
4371	3714 7833 7202 167 1792 4468 806
4372	4514 4267 7186 3206 661 2854
4373	8316 126 10347 3143 6209 6206 8270 9274 11078 11539 11914 6979
4374	10058 6779 7219 869 3693 4876 4216
4375	604 445 5338 2483
4376	6461 497 5281 1222 4335 11492
4377	9083 10896 10895 9082
4378	6558 2967 2611 11184
4379	5258 470 7123 7130
4380	8424 9483 10023 8896 979 9481 8423
4381	7677 8847 6540 9502 2119 7145 11099 3013 8224 7464
4382	4947 7114 7072 11072
4383	1948 7300 4254 2379
4384	6869 6832 5796 1582
4385	11047 10876 142 4893
4386	1811 2346 1264 2042
4387	7632 228 8767 6794 445 6792 6793 279 376 6250 341
4388	1550 26 5772 374 1908
4389	8752 7527 10587 5909 10672 10592 9359 7384 4978 10024 10865 9126 9460 8482 8485 10670 10357 8282 8468 11504
4390	730 2128 3651 2412 4263 2659
4391	495 2890 136 883
4392	10372 9173 7602 2752 5062
4393	10938 9217 10164 9221
4394	427 4233 1240 9188
4395	1248 11550 3981 3553
4396	3944 10631 6262 5741
4397	9882 4972 6085 8295 3116
4398	7300 7098 2583 11124 11478 9824 8788 11029 8365 2404 9406 9134 7513
4399	880 3328 7614 5875 781 1229 3209
4400	7188 1889 1160 4518 4808 6613 7003
4401	578 2099 11675 9232 10498 10061 7541 6971 6815 8481 9695 6973 11676 1692 1968 10507 1411 7789 4227
4402	4492 1585 2657 6178 3381
4403	472 11257 6863 5379 10700 4390 4804 5819
4404	9881 6218 3228 325 7862
4405	2031 301 69 370 4224
4406	2135 2978 663 5351
4407	886 7242 3329 7750 4157
4408	10946 6984 5620 3680
4409	4142 4137 4144 9170 3654 5004 4129 2489 4145 4130 4128 3941
4410	4492 9794 7052 4233 9881 7415
4411	1651 3728 2421 2343
4412	914 11595 9410 11604 8550 1457 4759 5123
4413	8283 5095 9572 327
4414	9708 3691 6564 700 7343 5190
4415	11227 6837 11332 10888 9940 5426 212 4876 11001 5959 348 9107 9606 7416 1380 1426 9237 1662 6573 7007 2099
4416	11220 1662 3733 8930
4417	263 5529 4588 6568 5512 3440
4418	11783 3587 2757 3306 5907
4419	10935 6203 7635 8495 8461 10726
4420	6067 5259 7229 10197
4421	7071 5435 3247 6240 2053
4422	11017 10897 5607 5610
4423	3296 4733 2025 4259
4424	4722 4610 5944 7714
4425	2482 792 4126 1643 1986 6360 2591
4426	1764 2725 4367 357
4427	7370 5249 5274 5267
4428	4304 11026 5454 2917
4429	4593 1222 2553 7065
4430	2893 4027 2894 7949
4431	576 8987 6470 8213
4432	3860 8753 7549 9919
4433	4940 3144 2041 1073
4434	7716 4958 1368 4046 3663 1161 297 2048 4298 6470
4435	6690 8100 6512 3692 4328 1929
4436	4259 7050 6288 4763 8751 1116 2460
4437	378 7956 1661 7219
4438	11419 34 10972 1893 10257 10457 11418 9336 975 3083 11110
4439	140 9557 10375 7250 7384 8462 6150 9582
4440	11758 11541 7792 8282 11524 11226 11504 6717 7092 11229 9287
4441	2801 5161 2167 4004
4442	9805 1093 7966 27
4443	9907 6045 1770 8408
4444	9897 9643 4678 10675
4445	2460 5336 4620 28 9286 3973 7268 7455
4446	4029 7005 4153 2287
4447	6541 1180 1181 1860 7673
4448	2424 4189 5830 9074
4449	9307 1654 3690 9705
4450	8747 9814 9480 3118
4451	255 270 266 264 247 272 166 182 438 249 584 396 248 250
4452	180 5204 9461 3691
4453	10058 10056 10055 10057
4454	3688 7342 7338 127
4455	3741 4402 1035 6261
4456	9461 5359 7499 7517 11154 7498 9101 11030
4457	46 9864 5782 31 30 83
4458	2387 5685 2386 2434
4459	4982 1067 6019 3195 779
4460	11565 9969 773 7017
4461	514 264 4678 10166 1929
4462	4877 4031 7584 7842
4463	5248 3300 5502 5501
4464	9134 3023 3806 4776 694 3978 2401 157 5001 2019 1352
4465	455 6212 9642 1898
4466	9167 9157 10982 6837 10894 5476 10483 11668 8596 11022 4550 9695 5203 4277
4467	176 2067 6295 3685 2139 183 2324 2733
4468	713 3215 3951 3966
4469	3562 166 247 246
4470	10865 11127 11092 2005 6986 3982 6850 10427 9442 2310 2060 5518 8920 4299 7889 1116 1565 1640
4471	5504 10106 1717 661
4472	348 7513 6034 11179
4473	11143 11011 11014 10731 10454 11754 11350 10732 11784 11015 10264 7194 10142 11756 11880 11755
4474	7849 3172 6750 3535
4475	10353 6138 5961 3764 8887
4476	3862 5439 2128 6392 5989 3967
4477	1922 4027 4699 1306
4478	888 5367 4706 11417
4479	2666 6884 8442 9341 2320 9892
4480	4063 2645 6465 8777
4481	4743 285 461 3262 568
4482	7622 9943 9297 9611 161 6096 9296 9594 8386 7906
4483	4863 9453 2864 10877
4484	1213 747 927 729 1009 894 1214 608
4485	10527 7248 11663 9659
4486	10427 9085 1968 9223 10377 8751 7689 9096
4487	3097 6766 4415 8365 2124 4013 1347 3757 2226
4488	5105 8053 7043 8465 7073 7601 1845 7901 7893 2675 8047 8875
4489	7288 8080 2171 4376
4490	7270 7100 8885 8125
4491	6195 6339 11679 9200
4492	4107 2646 4573 544 10879
4493	6896 229 7410 5794
4494	2460 6109 9901 4743 8786 9971 7101 3391 10707
4495	10606 8289 5772 5890 360
4496	6045 11361 10375 3172
4497	9473 3720 531 7101
4498	6380 7715 6342 2161
4499	5831 2134 2129 5625 7785 6965 6899 347
4500	10108 4496 2778 11084 9603 7335 11886 983 10760 6994 8188 9957 10662 11867 965 7119 7329 2250 2849 9972 11830 9582 11067 6872 11182 8404 11435 9961 11575 4797 11538 6207 11505 515 1114 11672 9364 9164 9078 9959 940 11530 5230 5476 11587 713 5303 2597 7497 11086 9362 5250 7639 5427 2226 11898 9284 11507 11348 7388 1112
4501	7380 8458 8125 6602 8122 4534
4502	4066 11363 8413 5579
4503	4732 5551 6094 4697 679 422 1633
4504	2914 3346 10982 1722
4505	3447 9127 9442 136
4506	1135 2593 2531 480
4507	7241 2883 3898 8536 6020
4508	9073 8951 8577 8952
4509	9129 9127 1426 894
4510	6849 10039 4862 7315 7594
4511	10041 4604 4962 6984 6004 5137 5562 3741 9658 4271 11211 11749
4512	5834 6498 5847 3401
4513	305 1073 9173 8067
4514	9975 9275 11060 6296 8467 8899 9359 5471 8596 9894 2181 2769 11079 2345 23 2036 5208 11629 10606 11006 2621 7571 9049 9514 4177 10259 3476 9362 8402 8283 2629 8271 10928 2735 7328 4908 2613 7388 2592 1061 1487 11494
4515	11217 11207 3899 11026
4516	2295 10157 11471 7752
4517	4574 2042 4345 9190
4518	1803 7747 1533 10992 349 9275 9702 2091 10698 3215 1216 7373 1532 11081 7512 9387 3139 9672 8487 8934 5989 9388 2184 5018 9390 10597 6996 1551 348 4569 722 10378 10372
4519	461 1714 4262 454 2586 1128
4520	3303 4618 4713 10661
4521	6136 5217 4617 3926
4522	6527 2485 2463 2522
4523	10829 3154 9642 4087
4524	8328 1525 1620 1284
4525	10410 9033 9038 8070
4526	400 5228 2964 1433 8125 4729 4049 7349
4527	1689 3285 5150 1374 731 3298 726 2966
4528	2128 8755 4230 758
4529	1137 844 742 747 567
4530	6265 6473 6883 2428 3152
4531	9471 7338 11508 11271
4532	11923 10007 10223 11919
4533	2137 5386 3795 355 20
4534	8047 3433 7636 2472 8071 3185 3023 1876
4535	9596 9692 8560 11713 8955
4536	1455 8460 7630 8407
4537	9925 8909 9724 6494
4538	2890 8487 11747 11168 11056 8793 9085 7081 2094 10584 1116 8280 10785 11729 11711 11207 9570 11067 10594 3483 11305 11065 11701 8805 9765 7393 7088 5560
4539	4026 10330 5167 8152
4540	1159 7784 4384 8463 9391 1411 4550 5556 6996
4541	3338 5397 5166 2916 2041 2376 4840 2890 6257 876 2575 6694
4542	9201 1395 10326 8352
4543	2463 5654 7575 10353 5266 3588 7274 7472
4544	8044 8161 498 6908 7074 7062 7863 5435
4545	1279 8745 4437 3073 1894 9550 7219 1010
4546	2832 9016 2081 11183 8934 9014
4547	7644 10336 11401 6021
4548	5527 8428 7671 5410 8465 7188
4549	5553 7268 3124 1290 9279 8864
4550	3122 3215 11642 3013 7771 3196 10469 4443 7415
4551	3571 10168 11179 5422
4552	11355 10545 9149 10774
4553	6508 9207 4381 4546
4554	7947 10784 2555 2287 8497 8499 6396
4555	8191 858 8448 9939
4556	5527 6979 11056 10920 10918 5410 3204 11060 6012 5735 7063 9893 5434 7078
4557	666 4714 195 10877
4558	45 5977 2495 5951
4559	4800 5552 530 3156
4560	3177 6588 2526 1066
4561	1781 4699 2115 7146
4562	530 2977 2681 2523
4563	3083 3351 6758 8629 6216 10203 6361 2640
4564	11733 5489 5490 5458
4565	9760 4693 7384 8776 9363
4566	6514 8731 5633 6753 1332 8836 6034 6586 10534 93 4308 11020
4567	11775 11661 11660 11881
4568	1436 352 5020 2019
4569	1183 2392 2071 2821
4570	4461 6245 11199 3944 6198 5622 10163 9708
4571	7072 6152 6310 5830 7274
4572	10182 3023 10795 8047
4573	2291 731 3248 6307
4574	6921 7245 592 7377 1898 3861
4575	2966 7878 728 902 3298 663 6067
4576	9414 3868 3588 3825
4577	5131 11168 7770 6861
4578	11516 11228 10504 10352 10688 94 5233 11302 649 11658 11672
4579	8124 9228 11360 5335
4580	3682 10899 5911 2094
4581	2720 5364 2120 4729
4582	10393 9866 9218 11431
4583	7689 7386 6919 10080
4584	10838 11496 10889 10836 10998 11415 11416 10996 11718
4585	5724 540 6574 5372 670 6087 8669 9579 4372 6588 4762
4586	6358 10729 1988 10732 10803 10806 1965
4587	4836 7742 973 3926
4588	1628 1029 1637 413
4589	6324 11894 6318 7966
4590	3292 6284 4485 1675 9873 2613 6392 7984 8842 2128
4591	7496 9975 3806 9920
4592	5014 691 8549 8523 9912 11169 7944 2986 2611 2459 11696 360 1374 1791 540 6411 2917 8515 1627 9918 10106 5929 898 1662 3735 4412 2540 3987 6852 6585 8973 4166 8743 6141 897 3346 5928 4295 9732 6311 663 11837 3298 8514 4083 5123 10981 3756
4593	1186 2599 6302 7782 10134 7710
4594	3351 4259 3177 4718 3391 9193 5741
4595	3943 9556 5731 9535
4596	642 10046 6137 3417
4597	7662 7248 3273 7833
4598	530 3285 4592 3854
4599	2345 1932 1919 4254 10746 973 4438 4706 1508
4600	5190 3436 3437 8842
4601	5638 9056 8786 11087 2317 2022 8539
4602	6188 3665 11292 3845
4603	11017 11349 7269 10497 11026 8493 3442 9157 6980 9232 4886 5610 11545 8793 6596 6904 8480 10400 8920
4604	7078 10023 8074 10951 11431 11119 5465 5105 10461
4605	4231 700 2123 3968
4606	4227 11310 9105 11819 7691 11063 11676 807 11182 11353 11542 11837 6154 2999 10982 9582
4607	11369 11418 3650 10757
4608	8402 11271 1948 10375 4058 8020 9974 3440 4664 10315 3921 9313 11450 8613 11348 8365 5265
4609	10743 6226 2179 10744
4610	1537 9423 277 2207
4611	2485 1734 3921 1966 2064 5993 4318 455
4612	779 7016 877 7512 6172
4613	6609 10537 8550 6034 454 4554 8600 3177 4290
4614	11423 10258 7687 9518 7803
4615	187 5277 11199 385 6866 11641 4031 10926 2704 8971 901 8187
4616	9873 9452 5414 2989 6549
4617	1615 3937 5439 5976
4618	9298 9297 9220 10258
4619	1889 1827 1828 2092 604
4620	4171 2623 2714 3373 5092 5319 7407 578 7007 679 137 2243 2966 1140 7309 781 4162 2590 3181 11046
4621	5358 228 10593 4033
4622	6464 1416 5488 3071
4623	344 1658 5097 3155
4624	8445 10348 6590 10351 11025 9713 11905 10507 11581 10958 9672 11671 10699 10380 8596 10024 11208 11864 4473 8939 7527 7002 10984 11231 7658 8486 7328 9120 8923 2640 8504 8505 8442 5367 5304 8854 9620 11211 10784 5887 11687 6835 11678 6838 11740 5371 7691 10495 7072 7333 10714 11541 11669 8949
4625	7600 4207 4235 3351
4626	11078 10917 9231 3697
4627	7027 7298 9087 7365
4628	2399 4011 7720 7978
4629	2659 1487 2658 2575
4630	7356 8644 10864 157
4631	2321 4706 11328 7347
4632	2733 2335 1098 4706
4633	6437 5622 3858 6134
4634	10892 9195 9690 6012 3944 442 10697 2913
4635	5620 6664 6086 2208 9798 2274 7300 5934 7426
4636	2458 4027 9678 3382 3341 2627 5908 3010 6604 6368 918 6695 5304 5311 2789 6883 3473 1702 5326 4242 1685 4666 1422 2181 8786
4637	2528 1639 9876 2874 7140
4638	5422 11401 8722 389
4639	759 9165 3897 1097 10374 1853 2703 11666 10982 9513 6731 11600 10108 11108 7571 3581 9557 11884 1086 9978 10586 8779 7745 10894 4885 7024
4640	2556 7829 1298 10398 11798 7139 5601 2175 11186
4641	5475 4130 4133 6418 9398 8969 9609 9399 6630 4143
4642	2599 9644 8225 2165
4643	1039 9592 8118 1831
4644	11422 1637 11386 7408
4645	5540 1135 3741 2135 3982 355 752 5830
4646	1544 289 1466 567 1684 1697 244 3383 704 1535 1002 2211 1698 1034 1463 1931 683 758 1899 812 822 2124 1312 2030 1143 896 1035 1083 2590
4647	5032 690 5126 2538
4648	6787 8675 5196 9439 8679 8681 8683
4649	4195 375 11400 2619
4650	1425 4867 5650 7061 5181 5959 11060 4776 1813 1276 2423
4651	6751 9164 11393 11137 11251 5709 11348 6425 11133 7074 3688 9205 11428 9859 10534 11522 6755 11168 8793 8794 10673 11139 10427 8732 8627 9284 11167 6461 9755 11419 10594 5439
4652	1844 3019 4704 198 8747
4653	3088 11634 10067 8207
4654	963 885 5703 1231
4655	7248 1088 6181 3888
4656	6440 781 1029 2540
4657	2011 916 6499 2719 10670 9578
4658	9943 11202 8475 9256
4659	432 5611 10322 289 213 8134 3959 4554 2461 8165 5178
4660	803 37 3091 620
4661	6258 9851 4399 2289
4662	2218 803 1661 1979
4663	11091 920 10525 7154
4664	11199 4351 5123 736
4665	3333 555 4191 2811 2239
4666	11836 10007 10257 11835
4667	9139 4079 6781 773 3761 8459 4391 10563 10379 6436 3720 4876
4668	2289 3921 8745 5998 899
4669	4524 1810 6628 4532 1102 4893 10118
4670	9499 8953 9265 9488
4671	6251 2746 3741 4300 7567 3291 5756 772
4672	4774 4704 3340 3963
4673	639 3043 337 4340 314 3303 2214
4674	240 259 7523 7266 176
4675	8479 8281 10349 5117 6996
4676	6480 6541 7053 7163 5986
4677	8038 6254 8036 6356
4678	7459 8156 8044 4845
4679	8450 6274 9842 6040 7947
4680	9229 4714 2318 6935 2129 8132 7828 8211
4681	395 7747 9582 3389
4682	10854 3224 7946 9713
4683	9388 9558 11058 10935 9234 11084 9384 5863 10699 10689
4684	6047 6713 2165 9668 10865 7907 10289 6613 9621 2462 377
4685	8866 11207 8798 9711 11052 11056 11067 10785 10386 11065 1 9 9541
4686	6411 3603 6236 5786 3859 5279 7472 8111 8274 8112 8435 9602
4687	6425 10535 6756 6754 6751 6757 6755
4688	10199 11156 9000 1771 9106 4007 11157 10580
4689	7248 9659 7833 10527
4690	713 2463 5322 7277
4691	5164 7784 5289 728
4692	4598 6599 9587 7328 8241 2801 4936 268
4693	321 7514 7451 4799 6638 5391 5321 4980
4694	7248 803 7833 9659
4695	10669 10215 4963 57
4696	8649 8789 5190 9975 2746 3292 11643 5759 10994 1176 8545 6782 7149 1102 4505 10904 10469 8403 3298 11280 7772 6550 7694
4697	6686 7256 8650 11109
4698	5840 8518 2295 4 2978 9688 4992 3043
4699	11124 6433 7655 5757 10370 5417 11209 9004
4700	5468 8441 10724 9120
4701	3147 41 11201 10438
4702	10420 6703 11279 8832
4703	1942 5911 8597 3720
4704	1641 8198 8419 11616 8421 7280 11617 11391 11614 11618 8958 10890
4705	11404 3271 760 3393
4706	1271 2041 1359 1627 4465
4707	11737 11786 11764 11479
4708	9200 2978 2404 4667 9192 5273 6948 6989 1035 8887 1422 3741 840 4056 4940
4709	11425 2342 6512 3659
4710	371 7234 7233 6358 9838 7995 7229 699 175 3376 576 184 5862 3444 8546 8004
4711	11628 11665 7928 8420
4712	7878 9473 2611 9626
4713	7546 258 6948 1022 3617 2966 581 4395 1053 728 2425 6779 339 510 1999 663 4070 7356 530 3298 776 413 417 4393 9052 3567 614 3307 261 5165 758 835 3140 1023 289 4318 1264
4714	399 9665 2379 6224 3571 2154 2819 8534 2064 1454 2207 5158
4715	2920 11360 1617 10379 10375
4716	3688 10309 10767 24 5812 7342 10127
4717	10092 3391 6210 10530
4718	9032 8474 9031 10063
4719	11661 11788 11881 11787 9315
4720	3391 1216 4477 3472
4721	5498 4980 3837 4099
4722	6376 4254 3773 136 10107 5028 9414 4808 3526 269 427 7328
4723	11545 7908 11702 11700 7348 6972 6974 4622 8819 10606 10569
4724	10998 7252 5246 7256 8434 6640
4725	6244 6158 6705 6192
4726	11606 11317 11321 11320 9715
4727	10066 1307 7043 9045 1509 9029 620 3922 71 3345
4728	7359 5061 1798 8550 3999
4729	11054 11088 7006 10381
4730	9659 153 127 7833 5439
4731	3381 6915 445 7513 1799 7841 1811 9215 8320 4510 10740 9221 6913 3144 1931 7512 7902 8579 688 7654 5094 289 2856
4732	7994 9695 9639 7374 11600 9223 7295 9978 6467 9620 9921 11069 9230 10699 7375 8751 11097 11819 8938 8949
4733	10264 3557 5987 7352
4734	10561 2067 11006 7437
4735	5751 7400 5421 3626 8852
4736	7091 2307 5511 178
4737	6055 8717 597 2273 1359 10784 10675
4738	5062 10099 3805 5527 7739 6267
4739	4836 3297 818 4876
4740	11464 10294 2926 10916 9980 10227 9560 8277 6300
4741	4069 6220 5858 5610 6992 4762
4742	1216 10863 1369 557
4743	3926 3982 517 1229 1973
4744	1207 5001 773 11149 7557 3770 5338 5364 5614
4745	5642 6440 2116 237 4124 6841
4746	2856 2421 2871 10129
4747	2891 2074 2256 850
4748	4136 4131 6297 7266 4129 5230 7269 1222
4749	422 8188 1873 324 7745 192 6980 5537 272 180 612 659 21 3280 11728 11108 6205 186 10506 4550 365 1049 1202
4750	5693 9626 9589 8442 4574 8660 5967 8934
4751	2463 6284 10462 2986 8931
4752	722 1918 280 1696
4753	9200 984 4609 6120 5980 3083 9974 5106 8929 4407
4754	2377 2751 7218 3509
4755	5981 3478 7972 9548
4756	8125 5670 5731 6059
4757	188 1035 1216 1892 1762
4758	3176 6426 2060 9847
4759	4217 278 3651 6948 4219 1249 312 3860 5915 1279
4760	5240 717 1867 6749
4761	6870 11208 11025 6380 8125
4762	1653 4508 5480 2391 4069
4763	4106 970 5532 5050
4764	4204 4785 1813 4011
4765	1524 9335 11806 11103 6221 11123
4766	10358 7716 109 5648
4767	10423 5464 495 11795 4235 445 5355 3105 5002 11808 5436 4238 2125 3301 9114 2552 9875 10795 5066 4196 5138 1602 5093 11590 10182 10170 6974 6732 11796 43 11797
4768	7833 9659 5422 1575
4769	10657 8707 6788 7274
4770	8442 6018 2616 173
4771	4608 899 2886 5076
4772	6389 5319 5830 6549
4773	3431 657 4330 1713
4774	5172 7400 2030 915 818 2214 8117
4775	11014 11008 11009 11007
4776	8863 1335 3253 1790 4896 3406
4777	11737 1769 9658 1032
4778	3351 2922 2691 6989 4005 5319 297
4779	5005 2299 4623 2510 9805
4780	7387 6176 6174 8191
4781	7207 4003 2289 2575
4782	8034 5212 7107 10137
4783	10778 10089 36 3873
4784	6315 3380 10110 5591 3233 4304 8119
4785	8889 2153 1048 4805
4786	11212 11272 11348 11055 9290 3401 5644 9727 11628 9281 4961 11182 11267 10569 5538 2802 9165 10717 5578 10784 851 10631 6083 2046 5077 10700 3410 11095 6324
4787	1918 6182 2540 6380 7245
4788	2781 3425 6585 1368
4789	10885 10904 11361 11362
4790	3858 4762 8549 2795 5427 8774
4791	8165 10982 7491 2531 3820 8727 3168 1811
4792	2446 8094 757 776 1264 6302 4649 8787
4793	10503 8484 7533 11512 11533 4224 9105 10483 9417
4794	7650 809 7801 1769
4795	3169 907 176 4041 11567 2064 11410 7369 7348 778 11119 10152 3223 5830 1487 1966 5366 5701 2131 276 8328 5640 177 5641 5694 4840 8058 6077
4796	9689 10669 10706 2084
4797	5463 8996 8404 6618
4798	2197 597 2540 2144
4799	1609 1654 3204 519
4800	2600 9227 4203 4225
4801	4973 10283 3482 1400 274 1089
4802	9408 5031 7059 11120
4803	3371 7880 3736 2917
4804	7234 11788 752 11660 3376 7229 1116 284 9545 11472 7380 6221
4805	9182 5318 11224 5310
4806	4678 2908 4945 2460
4807	7301 11381 9830 7764 11478
4808	1623 8026 6723 9165 2025 6565 2041 1288 5690 2115 4591 2382 306 3449 8628 4867 1289 3931 7590 2520 2256 2655
4809	11320 11463 8444 45
4810	10207 7722 4934 4930
4811	1566 2047 657 9322 9324 11343 9320
4812	4945 5729 11503 3670
4813	690 10406 7954 1799 10497 6470 10689 5609 617
4814	8509 10611 10291 7122 11133
4815	3904 3709 3545 3645
4816	4263 8948 7566 2757
4817	8766 4184 4697 173 10084 596 2435 4882 6861 3797 6287 5372 3292 2232 2970 235 1068 5643 9683 1597 2530 661 3798 3346 2599
4818	9824 9826 9174 9823 9827 7701
4819	5908 7090 6356 5641
4820	7833 10568 7964 5162 3545 6424 10764 11663 11550 10659 11013 2882 9866 4516 7205 7248
4821	4897 8132 4983 4410
4822	4456 10208 4070 9155
4823	10738 10793 7814 10709 11147
4824	2801 2524 2135 304 2460 1258 1918
4825	6457 6205 7072 6208 11683 9460 8717 10724
4826	3339 2209 10656 10714
4827	1215 5966 5119 3130 6005
4828	5938 9165 10911 10374
4829	2746 6059 6615 7391
4830	10445 11129 10860 4508 284 11471 10780 11092 3220 6920 289 9487
4831	419 10177 4920 4775 4025
4832	8357 4542 9134 867 6927 5134 3215 5199 9945 3764 7746 4825 5233 8275 9442 5442 2716 2915 2502
4833	2247 1497 6804 2710
4834	372 1698 1900 6007 1004 650 292 1897 519 630
4835	5603 7723 11636 3519
4836	5607 9332 8708 7137 7690 9187 10504 5142 9046 10357 11027 5609 11227 10374 9727 11097
4837	11141 277 3154 4528 3905 10061 1828
4838	4906 2399 206 6074
4839	2260 2140 9018 4415 2241 9346 4219 2476 1212 5070 3926 6761 2029
4840	3720 9918 1616 9914
4841	6847 7670 1995 590 4494 9206 7546
4842	2993 11125 397 6030
4843	10401 7243 10507 9667 11627 7242
4844	3786 898 897 1133 8514
4845	7707 9481 5568 3293
4846	11421 6881 11117 6396 175 251 4731 599 5966
4847	7199 7441 2041 3801 3173
4848	1082 1116 5425 5510
4849	5164 905 5450 4000
4850	11694 8604 3347 3300
4851	7182 1220 721 1724 5708 405 341 1718 7003 7517 3057 872 8442 10171 8555 1725 3301 1827
4852	7179 9626 1653 421
4853	9179 11537 11305 5434 11179 11093 11220 11293 7403 9893 7691
4854	8911 10378 10987 10924
4855	4254 9195 8294 9650 9668 4342 4407 10234 2239 6765 2222 6031 4762 3489
4856	8226 3741 7505 3319 6106 8908 9282
4857	4042 2005 8215 7414
4858	603 3948 1705 1035
4859	3726 11758 7560 6457
4860	11179 9461 9133 9134 2101
4861	6796 7325 6712 317
4862	2772 11310 5699 3389
4863	6012 5665 2966 3359
4864	10780 5563 4743 2460 5142 6398
4865	5175 6366 28 2124 3337 1843
4866	3628 6120 2917 3199
4867	6266 3712 5656 9917 8031
4868	9219 8578 10527 6349 9023 7846
4869	495 7485 2788 455
4870	2088 10742 7014 10863
4871	3701 5982 11423 157
4872	1383 699 1359 1318 11169 11316
4873	2614 2231 961 6398 6583 7485
4874	1675 10521 2167 10147 11120 2893 10814 10169
4875	9266 2042 1224 6991 2134 4446
4876	962 1129 880 2489
4877	11294 8221 4546 5518 390
4878	1518 1924 8137 840
4879	4359 4439 7019 8929
4880	1229 1583 3944 5518
4881	6080 8842 3293 4633
4882	7564 4233 9681 11199 4762 10960 3966 5838
4883	4696 682 2283 4508
4884	1695 1199 6208 1897 1934 1067
4885	958 5259 7686 7122 9441 8125 8166 4729 3695 7814 8
4886	6883 8288 4730 6821 2137 9393 6454 5960
4887	11634 135 6199 2041 2167 7036
4888	5486 3541 3249 4827
4889	8481 2908 7129 8463
4890	4154 5153 919 3995
4891	4452 8651 3256 9684
4892	6443 6512 5760 11711 6655 1982 1822 10637
4893	5166 5571 1133 2376
4894	6903 6220 7548 6325
4895	781 11360 6993 2044
4896	10478 750 6902 8125 7107 5360 11604 7243 10543 6199 10623 2828
4897	7833 11663 9659 7248 6765
4898	7275 8489 9702 1163 8442
4899	3603 6377 6817 1802
4900	1151 1470 4153 198
4901	757 9176 1225 175
4902	8212 355 7591 7246
4903	8152 7366 1966 337 5451 487 486
4904	7355 9473 8266 11875
4905	7064 6030 3816 9285
4906	2657 2967 2123 2658
4907	9477 3026 2368 5001 2460 6093 5526 5020
4908	129 7593 131 5624 30
4909	7515 1161 555 4820
4910	4470 6287 2162 9477 3651 3752 7110 6713 1620 907 8965
4911	4802 3296 1313 319 3306 8631
4912	8442 1794 7006 1863
4913	7562 7823 5274 8547
4914	9901 776 5165 363 10814 1083 3944 6948
4915	8982 3446 4453 8025 8375 7205 7207
4916	11203 625 3290 4704 853 781 2065 6202 1133 11570 3833
4917	9155 6263 9379 9926
4918	4882 8717 8400 6556 4533 1428 9665
4919	11820 5551 3228 2398
4920	9529 2059 2819 157 3664
4921	11127 11798 7821 1928
4922	5478 4650 4042 5094
4923	5622 6644 7103 4981
4924	1243 4273 8152 10536 5518 8681 3249
4925	1865 3271 6396 2743
4926	9508 9491 9501 9493 8327 9503 9502
4927	5400 8875 4205 8874 6064 5556
4928	6009 4311 3649 2140 6029 9344 10362 1964 1229 2980 443 1415 10011 4776
4929	10377 8897 9229 8861 4812 1811 5165
4930	10894 5231 11508 9007 11214
4931	4251 4681 4242 4520
4932	9807 1374 6567 3687 8133 4439 6716 5628
4933	7471 7703 5260 7704 8327 7068 9502 8951 8760 7701
4934	9642 6014 4335 2310
4935	2836 691 7716 5693 1705 9993
4936	7148 9231 8899 9165 9512
4937	5989 1419 10353 2540
4938	4627 8370 11709 11191 10478
4939	3412 4938 6515 5638
4940	2049 5309 321 5859
4941	11171 9446 11690 10967 9449 10965 8451 4881
4942	11328 5187 7767 297 8152 4826 5167
4943	240 6447 11326 581 282 2181 5165 9884
4944	9581 1831 3978 3252 5372 2030 9777 7681 1225
4945	4024 8635 8639 2357 1795 4914 1029 4920 1001 6603 4018 1637
4946	102 8382 9857 6180 7751 6451 3345 2911 111 103 153 8849
4947	1796 3801 173 4739
4948	843 5062 1796 4279
4949	2489 3028 6607 9175
4950	2985 5258 289 2460 3115 3760
4951	6208 4417 915 2670 9332 744 5434 10036 8688 11135 9366 536 2412 4042 3581 5687 2939 1235 280 10021 4300 5940
4952	3036 9643 5246 6222 9409
4953	10223 11677 11923 11836
4954	2634 320 6312 4102
4955	4370 91 3806 3039
4956	4969 3901 9238 11791
4957	6975 6977 479 1135
4958	3651 2128 4201 4259 2947
4959	9856 375 9364 7033
4960	8262 11219 11279 5110
4961	3438 1072 8858 4832 1332 2540
4962	5201 56 4983 5187 7046 1184
4963	3059 10289 5946 3320 7891 4126 11554 10710 2660
4964	3083 7640 5148 2594 341 3835 7644 2813 8134
4965	2041 4929 4930 6599
4966	340 973 139 6733 1533 10698 610 1912 634 8063 1532 3506 3401 1908 5776 943 2298 8090 4792 931 6335 8189 7221 3124 405 1133 1921 759 1241 7458 8073 10688 422 10895 4627 4436 8448 2862 6193 9156 7770 7881 2597 4435 6339 2576 8874 2137 2575 5712 186 1522 395 11431 3818 1005 6153 3282 652 416 604 2718 8072 3170 494 942 8074 8771 11230 4059 503 1591 4434 4288 4268 10932 4206 7155 324 760 10596 5702 7497 7461
4967	9891 3363 355 11421
4968	10740 5313 6288 10741
4969	8066 10177 9798 10170 10163 10187 8155
4970	3695 7928 289 9493
4971	6535 1012 3967 8633 6101 284 136 3697 2165
4972	1048 5141 2342 4991
4973	661 7268 2049 11628
4974	1837 5801 765 5897
4975	5789 3711 7496 10018 4051
4976	7395 3955 5644 2501 2680 937
4977	10037 11671 445 9703 9653 8442 6730 10508 8330 10920 9701 10315 8445 1083
4978	8998 9018 1344 9482 3224
4979	10185 11572 1067 8693
4980	5844 321 5843 5162 7293
4981	1734 401 4888 312 6387
4982	472 2374 2400 1918
4983	3217 641 4044 5056
4984	7507 8199 8396 9311 9314
4985	2801 7248 3937 11360
4986	6399 9532 4259 3961 14 12 840 13
4987	10856 8625 7198 8790 4708
4988	5693 9569 11696 11139
4989	9571 5780 1573 699 10500 885 11600 11274 3967 9268 1052 1956
4990	3375 3391 9460 5378
4991	8736 8066 10935 1910 9406 10198
4992	1114 1507 285 625 1113 763 643 649 1493 518 739 342
4993	9835 3194 7248 4933
4994	6470 7566 2540 1767
4995	616 4715 581 522
4996	6474 1287 6644 5590 2913 234 692 8752
4997	3905 545 5906 9784
4998	4972 11231 612 1060 2958 5008 4390
4999	11511 11509 10108 4737
5000	7369 9933 7603 7370
5001	504 4284 520 3430
5002	5219 1655 3854 133 5245 1734 1214
5003	871 4218 2914 6940 4415 4679 7681
5004	2103 1754 2041 2906 8396 4407 8962 8394 10837 5750
5005	854 2510 8738 772
5006	5814 10930 5609 9975 6457 10854 11688 2181 7437 11493 5504 3581 10918 3331 9727 10981 6155 10507 11179 11220 7224 11085 7688 3389 11064 11305 4040 409 4384 5434
5007	8165 1200 5323 2287 806 953
5008	5434 4550 6408 5474 6205 8499 11310 6499 11530 11510
5009	541 637 2480 1543 5703 762 535 187 1136 772 988 706 840
5010	9921 1740 1869 10594 10570 10593
5011	10676 4183 9120 6737 4585 7856 5518 3301
5012	9936 6624 7264 482 9876 4675 4349 261
5013	3166 1615 11715 183
5014	2418 771 3158 10464
5015	10766 10681 11003 10682
5016	5900 8852 8783 11330
5017	6295 10311 6158 6991
5018	9501 814 9509 8952 9493 8182 9450 321 8847
5019	6251 3752 28 10726 7496 4767 3928
5020	5811 5746 5109 4260 4768
5021	10239 11712 8427 10728 176 3046 10227 11421 173 10055 10232
5022	10964 6274 2234 9765 2414 2803 5514
5023	5858 7657 7581 11136
5024	5311 619 4672 2969 263
5025	4294 5745 6924 3228
5026	1869 11636 11425 7203
5027	3937 2531 2765 7752
5028	6539 9136 3889 3547
5029	3243 3649 2154 277
5030	8576 5858 2814 4958
5031	6775 10084 6027 4317 4081 6443 3195 3248
5032	5436 10086 11124 675
5033	5890 6987 10760 7249
5034	9146 11281 8965 7900
5035	4831 5624 663 269
5036	9720 9563 10425 9247 9782 9737
5037	4000 6948 3436 2967 2463 3188 21 334
5038	6138 8450 8233 4635 7414 3691
5039	437 4595 3738 24 6996 621 10570 8484 8493 5453
5040	4043 4044 4940 5513
5041	6991 475 9235 4607 305 7876 10235 7857 9902
5042	8498 8461 7540 8499 8463
5043	7245 1811 9237 3048
5044	7472 6713 5098 2071 7122 4309 876 5259 9011 2165 7978 5541 2030 6031 2239 2272 61 5363 2035 3304 4737 7004 6887 10525
5045	5320 7346 8464 916 8497 5000 915 10386 1159 1869 1599 4663
5046	7501 10655 3064 10137
5047	1480 1678 1641 1273 1094
5048	407 649 533 351
5049	4568 5969 436 5002 8466
5050	8247 9490 9492 9486 9515 9508 9491
5051	11716 4598 11141 11715
5052	9526 2947 10078 7928
5053	1053 2320 4829 8119
5054	4062 6380 9442 1960
5055	2850 3450 3946 1654 1544 3188 2593 1758
5056	10900 8165 2976 11089 10188
5057	219 7025 8605 9376
5058	3878 3113 11156 6372 5011
5059	5046 7174 6182 7161
5060	3829 5311 1732 2377 2859 9279 3668
5061	2269 2193 8717 6801 4388 5458 4259 5193 4608 5490 9849 5087
5062	7019 10174 138 11524 11667 11868 9845 6640 11527 10711 7635 10696 11668 7163 10273
5063	8647 2611 6905 655
5064	464 533 611 550 567 797 1205 519
5065	4562 4706 6749 5763
5066	842 617 1463 707 1211 607 698 903 782 536 799
5067	10911 7915 7779 7924
5068	11380 9351 7253 10621 10030 10788 11054 8991 11476 10584 10031 11110
5069	7005 1734 970 10756
5070	7090 11114 6911 9030 5787 1626 6925 11119 7452 9032 8721 8474 9027 7615 7333
5071	8747 4705 3764 9155
5072	9678 9885 4578 4822
5073	4658 4705 11177 5532
5074	6305 8744 9715 2122 4276
5075	7427 4452 4458 7363 11630 10945 11122 9934 11442 11117 11721 4859 7159 991 10194 1800 11108 5928 5022
5076	1915 5377 4693 6200 3097 1764 10830 3376
5077	2875 11636 699 11425 7723 10146 5890 10265
5078	8199 7678 10500 10357 6648 9637 9352 8939 6208 11220 7358 9461
5079	8233 2993 4254 3489
5080	10336 11593 8861 8938 8934 10865 10720 11594
5081	10004 11247 740 11246
5082	9769 3024 7107 1397 10310 1248 2861 4528 1720 770 1918 1804 8465 2575 568 2133
5083	7836 7160 9672 7912 4296 9836 3011
5084	7597 4852 4477 3136
5085	3618 5223 1848 9547 4259
5086	4284 11410 5914 2535
5087	9582 902 9643 1655
5088	4399 8456 7231 10793 7240 8352 6497 3481
5089	195 11396 8898 6916
5090	9436 3204 2029 541 6165
5091	7935 6274 1808 7957
5092	9308 6222 305 469
5093	9704 8558 5403 4309 1135 6307 3425 1455
5094	7087 3036 6806 8277 10958 2582 8771 9354 10931 4338 4550 5476 10929 8478 1761 8996 1430 9167 8319 968
5095	7327 1646 10625 1648 1295 3069 3758
5096	1289 6377 5158 3955
5097	263 4802 10427 11323
5098	8071 9279 11148 7429 4628 3013 3849
5099	9022 9881 5040 4203 9087 2698 3963
5100	5813 2631 5467 10211
5101	10270 4204 8043 11172 9660 9318 8455 3288 4512 341
5102	8403 7947 4881 4847 11118 1910
5103	10419 8355 904 10421 6220
5104	3808 6849 7960 8452
5105	1116 7329 7773 10377
5106	10055 157 1290 2041
5107	8179 4921 4293 1226 348 3921 1019
5108	4981 5131 1931 1343 5106
5109	2466 5655 11554 11642 1653
5110	4524 8066 7576 10436
5111	5065 8929 2156 323 8907 4250 3291 355 6474 3663 7693 779
5112	8631 925 2175 8564
5113	9615 5195 548 2160
5114	3238 4108 2459 9461 2955
5115	5812 5624 1591 9416
5116	7822 11497 7584 9554
5117	2181 664 11685 7747 4807 5220 4662 7046 11673 7405 649 8277 11724 7011 10888 8526 688 9276 11091 11892 10869 2874 451 10405 9510 4622 11373 8486 5117 11097 1496 3389 11108 840 8871 8434 1882 7273 9921 11479 11898 9989 1057 2099 11545 1157 7019 742 7907 9935 6815 1140 1184 1035 668 11626 792 567 2941 455
5118	8772 10030 10031 10032 5213 11724 11670 5968 4550
5119	9859 2282 8883 9917 7911
5120	2037 6843 5204 3663 3144 6078 554 1837
5121	8717 2420 136 2059
5122	4 4541 2902 11061
5123	7814 5188 8330 6009
5124	2808 7555 801 1851 3386
5125	7833 5782 9864 5812 127 7248
5126	4071 3083 2542 32
5127	10800 6069 3937 6408
5128	760 681 10376 563 1995 1694 6996 2590 4178 10881 11087 7275 2128 625 4622 1233 389 8854 585 988 8872 1035 837 11339
5129	8952 8198 8434 8421
5130	11923 11832 10007 11834
5131	3865 4015 5275 5372 3296
5132	35 10253 9452 10470 8929 7517 11208 11266 5383 11029 9124 5665
5133	10163 7936 7169 7168 7172 7154 8442 1772 7171 10170 6446
5134	11675 10720 10920 8819 8261 6151 5208 2100
5135	8165 10689 454 8728
5136	11227 87 4028 10103
5137	6876 11663 9659 10527
5138	6258 11426 8572 2032 8550
5139	10439 8382 6504 8012 101 149 9267 6601
5140	3722 6854 2174 4029 5456 6366
5141	8228 1370 3297 3169
5142	7512 7088 3139 3280 5830
5143	7248 8441 8938 1928
5144	11112 3899 3126 4598
5145	2639 1898 2638 2991 3377
5146	1185 4303 4603 1608 9065 5820
5147	11421 11278 10779 5579 11403 11269
5148	9439 4029 11342 8395
5149	4544 11478 5042 7328
5150	1117 4876 435 7522
5151	4466 2247 2370 571 3834 1359
5152	8295 2727 2567 9362
5153	9195 8862 11063 10124 8178 8751
5154	7039 6824 4115 672
5155	4393 1625 5364 7863 277 1116
5156	8815 10526 7045 5665 2833 8813 8218 10233
5157	1653 10177 10163 10170
5158	8188 8328 6445 6108
5159	10309 8849 7751 221
5160	422 324 365 577
5161	6874 2287 4226 769
5162	2041 7494 5208 7503 8281 3003 4353 3023 6013 7542 6344
5163	2482 1796 7741 4259 2066 6221
5164	9599 9735 11755 10630 10303 11712 4576 9609 8291 8988 9523 8427 11532 3111 5800 11714 10730 10562 7664
5165	9678 8238 7523 10650 2435
5166	2041 10326 9737 2428 9523 135 2725 188 4057 7720 8275 4150
5167	6914 3943 10637 3228
5168	9483 9162 7862 9482
5169	1442 10496 4662 2128 1981 1576 1599 1561 11607 6904 1527 10441 5696 7224 8492 6152 10698 3923 6209 2018 297 2641 3716 406 578 6052 626 1748 11053
5170	264 5994 2921 4341
5171	8883 8615 5278 11644
5172	3761 2138 7122 4233
5173	3351 6881 3775 5536
5174	8563 4774 8550 4377 8572 2287 4751 6009 2076 8567 1993 6585 1019 862 1372 8631 2291
5175	3107 10195 341 2601 5627 10191 9990 3914
5176	269 2164 4173 5412 481
5177	4986 6265 6870 9798
5178	7367 8909 8912 8938 8296 7617
5179	11080 8493 9547 5610
5180	2789 6285 899 2967 8844 1718
5181	5368 8825 5202 6913
5182	4701 1876 2023 1714
5183	3319 7181 7644 4470
5184	2308 4747 7478 2577
5185	2440 2843 9056 1987
5186	5431 3938 7672 5617
5187	1032 21 1127 6495 6252 840
5188	1103 3445 8158 8257 8066 8057 9083 9082
5189	9659 9427 3937 10527
5190	11791 8516 10560 8230 2181 3422
5191	5486 7973 173 11331
5192	4153 4654 1435 5604 211 5032 5101 2120
5193	7039 5759 4385 3091 1959
5194	2460 7792 8289 9093 7199 2482 980 7099 11404 9200 5259 11591 9034 1952
5195	8282 11332 3767 10855
5196	9193 2035 7517 9134 9441
5197	1614 6591 5812 7329
5198	9744 2629 6194 9742 6527 9907 3308 4770 3777 8460 3490 5956 5280 7667 7449 5255
5199	6606 7940 5304 3346 6690 2028 2993
5200	9860 5363 2575 2379
5201	2141 3548 4407 8885
5202	10056 7271 10074 6297
5203	9165 6843 950 963
5204	7002 2538 8128 5647
5205	3924 2175 1654 3351 1283 4493 5947 2306
5206	1863 10748 1329 6396 3159 5576 691 8838
5207	5604 2993 6199 2072
5208	660 2575 1761 189
5209	8011 11332 688 7934 4741 7662
5210	3180 3571 2501 4204
5211	11633 11425 5536 6330
5212	11879 10159 341 8043
5213	6640 7010 7292 7571 8277
5214	9482 3099 5001 2010
5215	10700 7337 5026 7407
5216	5342 8572 2368 3346 4970 6861
5217	11131 11087 7448 10692 8793 8818 10662 9795 9971 8115 9630 10600
5218	1426 7247 5731 5858
5219	2495 3607 7317 4679
5220	3139 642 264 618 925
5221	10055 9291 10664 9078
5222	2385 7248 3750 8897
5223	6462 9618 10088 25 10942 5851
5224	6540 9231 4762 1083
5225	10927 260 264 4622
5226	4382 4139 6141 5437
5227	4840 7591 7803 8580 3667
5228	11361 3685 2963 8594
5229	1196 1229 7715 781
5230	11404 11628 11410 11791
5231	5579 5929 1207 5928
5232	9968 6512 11425 5955 6262
5233	770 769 740 662 9133 7184 5379 28
5234	4443 9276 7772 8105
5235	1415 2829 6940 3785
5236	4903 418 1317 2354
5237	2378 1898 1918 11552 9009 6287 8042 6220
5238	5422 3662 3684 3663
5239	5624 4214 1614 7305 15 1048 86
5240	3444 496 5435 5536
5241	862 4957 7797 6311 3769
5242	2442 8117 7766 5692
5243	7526 1765 10313 11620 2749 6595 10928 2532 9085 131 11235 902 11896 6155 10996 10386 6891 11719 4371 11173 2619 4204 8626 9967 5504 7469 8339 7920 11700 7660 4089 8282 6601 94 9049 10383 9237 7702 263 10894 451 8776 5001 11830 11600 10104 7677 10920 8221 7559 7601 140 7468 9636 7340 4384 7571 152 3718 11416 11898 7509 9514 8455 7274 8456 11059 9292 6733 8774 11587 9581 11086 10958 9362 9556 3934 10911 8272 7275 2467 6246 1038 8200 11685 6825 6315 9302 11394 8691 1345
5244	7246 1226 5539 1443
5245	5900 9438 8966 8244
5246	8913 10866 167 9422 101 9988 10837 11497 11002 24 9864 7338 3671 10089 6166 11445 9347
5247	4511 4806 6305 3999 5896 3539 10635 2675
5248	7083 3644 9206 6214 264 9207
5249	2117 9863 5945 11001 3291 10102 5462 2675 9928 8524 6453 223 8441 9971 3285 9353 5150 4430 9813 2406 7720 3177 1487 1374 6614 5894 1123 5281
5250	192 588 228 534
5251	702 10675 1796 7243
5252	5628 6066 8535 2329
5253	9214 11307 7757 9425
5254	3142 1729 1898 3383
5255	1565 7859 8718 6690
5256	7575 10404 8149 8957 8153 405 8758 328 10513 1827 8152 7372 8511 5706 7413 7367 7826
5257	9637 7258 8949 3383 8920 2670 5706 9711
5258	11424 10046 11423 11636
5259	9694 7913 4801 6896 6948 5498 8019 2350 8965 6138 9229 3734 5665 8165 445 303 2460 4218 6905 3588 2883
5260	3373 3204 5754 3430
5261	8043 11555 11410 7863
5262	4214 10986 4295 28 6809
5263	6722 6987 686 5331
5264	822 5546 5358 6522 4924 7516 1112
5265	6752 11488 6751 9756 6753 8627 9755
5266	2010 423 3227 3557
5267	9161 5830 10483 3342 10605 4653 3427 11235 4208
5268	1279 1890 8949 758
5269	1988 147 5450 995
5270	11404 11092 9962 7650 7121 8543 3346
5271	5228 4890 6298 10426
5272	5041 6601 1782 2403
5273	8747 8424 9510 10863
5274	10405 5236 5340 5327 2134 8891
5275	8334 11449 7931 5982
5276	7414 7869 6638 7814 902 6238
5277	6255 4782 6056 8051
5278	1135 2986 285 5175 6360
5279	2947 1933 2360 1702 4509 1000 4762 4406
5280	620 30 3203 7338
5281	3375 3350 1800 11877
5282	2613 2412 3290 6066
5283	7024 6202 3447 3739
5284	7216 6565 5972 9808 6790 7547 2820 1625
5285	2287 4943 2980 2279
5286	11390 5504 11666 10397 11168
5287	3951 11239 9288 9062 7931 5289 6694
5288	2429 1312 10651 229 1873 240 11163 4749 2631
5289	11212 9463 3836 3228
5290	11007 10747 11141 11710 7576 9437 9106 11448 10436 10757 3885
5291	1634 7447 6167 694 4446
5292	11918 11834 10257 11832
5293	5096 199 7254 4668 876 4508 3568 4407
5294	9261 6091 9362 3734 4482 1558
5295	5544 4524 4924 5204 2917 6334
5296	11083 10304 10109 7252 9568 10005 10833 11547
5297	6059 9859 175 7174 7721 2720 355 1073
5298	1655 9430 5587 7618
5299	2187 1757 11554 1769 7364
5300	3396 6141 4743 700 9708 2296
5301	10097 11576 11579 11578
5302	6781 4684 7180 4686
5303	11691 11665 11404 10151
5304	7782 1278 1695 3861
5305	9502 9501 10910 9503
5306	2484 666 10293 8080 1437 2059
5307	5573 5140 7232 0 4661 2295 3029
5308	7960 4862 7961 5991
5309	2575 8715 2499 9806
5310	5121 6823 6454 5120
5311	1506 3258 7248 1509
5312	1073 1948 5044 11328
5313	8996 5447 3215 5436
5314	5758 8862 8777 10626 8891 310 4009
5315	9831 11478 8880 5439
5316	148 1615 362 2312 11237 1162
5317	178 8068 10634 8213
5318	2404 2390 879 5436
5319	6176 8307 11023 7328 10392 7874 6717 10393
5320	6780 6915 7573 7452 9038 8519 8073 5705
5321	9165 10500 2577 6975 6529
5322	6743 9341 10695 5079
5323	3327 4963 4085 3692
5324	10329 1525 8552 10948 4809 6857 2237 2819 10328 10171
5325	10860 4478 10079 7117
5326	3177 3861 3488 2295
5327	3901 4049 4873 1908 5228 1222
5328	7328 1911 1685 1731 2915 194 86 168 185 3076
5329	9160 3287 3581 474
5330	6977 6204 7329 10030
5331	5246 9239 4969 11736
5332	676 7968 5413 8979
5333	8199 11340 11290 11291 11294 11301 9311 8397
5334	7417 4876 7353 3010
5335	4828 4819 3135 2879
5336	10388 4604 11338 10758 6237 9435
5337	9070 11709 11737 3868 9083
5338	2135 8447 6289 7707
5339	813 395 2571 448 536 645 798
5340	3432 3577 11404 9975
5341	8761 8700 9391 7236
5342	8212 5528 6691 6993 2375 6547 8979
5343	502 369 952 1780 4570 4589
5344	1140 10501 7745 7155 5400 10400 8481 9542 9583 10717 11064 9165 11057 9278 6153
5345	285 7740 6772 4469 906 5219 1060 5450 1964 2604
5346	9364 10370 10386 11085 8405 6975 10507 11086 9960 10895
5347	11724 7272 5468 11087 7182 9165 10507 9576
5348	8901 7673 10344 10240
5349	954 7248 4369 7593
5350	10649 10827 11253 8721
5351	5929 1689 5281 7119
5352	840 3046 4180 1081 7423 1329 3658 1653
5353	10850 9409 5759 9610 11079 9476 10294 10989
5354	2094 4826 5209 6896 2255 7248
5355	6094 6852 653 9900
5356	5914 1655 11426 480
5357	2196 6550 6054 5169
5358	2834 4743 5050 8867 9538 10899 10384
5359	6132 3833 7403 6411
5360	4728 4406 7015 4677 8532 2416 8127 3301 7604
5361	688 5665 4419 835
5362	3874 6391 4818 486 4263 4941
5363	10031 9137 7255 7264 9153 7082 8871 11018 9417 8482 10376 6836
5364	8751 11328 9662 6226
5365	5602 5603 2019 2820 5146 2790 1177
5366	7512 8673 6883 2236
5367	9481 8784 8427 8574
5368	8627 3964 2822 7491
5369	964 1003 821 554 988 1035 402 747 2128 1141 822 1463
5370	485 5834 764 2416
5371	1917 1148 5365 10960
5372	2978 9855 1248 10318 10984 2968 2369 2135 6287 6550
5373	1866 873 367 954 7788 4553
5374	1922 2641 1895 3424 3410
5375	10846 8909 11342 10845
5376	3085 4551 3434 4651 529 4477 1067
5377	8451 10062 6932 2245 10966 4258 1762 4255
5378	9441 10026 2022 9568
5379	1359 5038 4449 4625
5380	3982 5450 6712 8538 5101 5246
5381	68 25 15 39 6504 10439 127 152
5382	9976 11231 758 1918 11237 6573 7258 417 8484 7988 8480 6826
5383	5504 3389 7678 3244
5384	9417 3886 10504 8974
5385	6513 6129 5669 3592
5386	7666 11573 10811 10452
5387	9507 7863 7467 9480
5388	676 10979 11601 10427
5389	923 1277 8873 9232 9133 2759 7981 4313 6029 5919 4259 7686 6670 4728 4344
5390	10740 2851 2379 7318 6183 4565 8402 2917
5391	8853 11210 11211 11208
5392	5812 136 6504 7342 99 6774 4831 3961 7248 6313
5393	8597 10379 11266 8720
5394	11094 9974 2181 9759 791 6904 4550 643 11471 422 5814 7258 560 2578 11210 7375 6156 7688 1412 9120 7291 11587 7616 3224 2536 8489 11018 1327 6152 11078 10376 5506 1357 11574 4663 9300 9543 6891
5395	3582 1359 6837 4259
5396	1918 2120 7262 5506 8999 9 3232 1159
5397	11382 6489 10019 11630
5398	2005 5590 10070 7330 10231
5399	7105 3177 7512 7133
5400	10461 2993 11757 10795
5401	10106 9201 1941 9443
5402	10538 10059 7686 1651 3304
5403	7866 11162 2879 10959 1327 2685 3814 2923 1359 5928 10154 1381 10078 11270 8725
5404	1732 851 348 2379
5405	11650 1765 3642 8125 8897
5406	9381 4313 8445 6764 8082 6483 10638 5259 984 9079 7865 10253 9524 4225
5407	1001 1774 2967 10012
5408	11297 2890 11082 2759
5409	2410 5511 1216 1520 1702 6083 665 3861
5410	6734 5126 5245 4449 4295 4667
5411	8153 7715 6611 1329
5412	7122 812 384 5054
5413	3710 3926 3127 9429
5414	2711 7260 5830 840 10992 3470 292 5230 60 3298 3389 2099 3818 7403 10348 8871 10401 9046 11655 5651 7347 8462 4782 5578 10272 11700 8830 6481 5556 3918 955 481 3875 4265
5415	11339 4254 7517 2816
5416	4254 6814 6212 8595
5417	8891 9198 5634 6164 3651
5418	958 266 380 5064 797
5419	10077 5418 3384 8244
5420	10867 6392 7643 4436
5421	4118 6651 3707 3413 861 660 269 534 11226 8798 9366 5469 3389 7497 4695 7221 5468 4948 2776 7200 3496 9684 3271 10252 5938 3963 8779 495 963 3022 4335 5212 1112 11067 760 1846 7080 10750 6602 3028 11176 2825 2916 11728 1434 3451 10593 3219 837 3212 4078 5203 1694 5631 8270 9167 5476 6529 4042 1771 11404 7039 3563 11056 3344 503 424 2587 7267 5750 2635 2586 9120 7329 4098 3459 11052 2742 1053 1761 1920 4211 446 8601
5422	4888 5737 10 1955 538
5423	7273 11724 11210 3569 1009 7242 9703 11131 5541 8486 9237 8604
5424	4031 5112 253 9713
5425	4291 4197 6456 5600
5426	4837 2951 664 840
5427	5812 4925 145 8946 4344
5428	9919 10356 2917 8938 10363 28
5429	2820 4508 6021 4463
5430	10466 3351 10362 9193 875 5551
5431	136 2406 1332 3097
5432	1186 6720 2575 6009 2540 3142 7755 6436
5433	6898 5138 2675 2439
5434	10929 7669 10711 10510 8865 6648 11513 4622
5435	6905 3861 4677 2614
5436	7681 6137 7317 9628 28 5363 9481 1898
5437	1445 321 1132 1461 1097
5438	8534 8472 4648 4259
5439	7705 8466 8506 3280 2595 10686 3389 3453
5440	693 11294 11539 11758 10984 11081 10715 7373 8011 3389 8765 7072 11293 11302 681 11208 8041 11673 5066 11905
5441	657 5623 5003 10186
5442	10246 8306 10243 8301 10144 6212 6419
5443	1398 2208 9517 1035
5444	4760 5929 2093 3967
5445	5576 2295 2737 1802
5446	11045 7635 1457 6055
5447	8684 6235 5755 8413 384 6138 5826 6092 5246 5563 10336
5448	9234 10983 8441 9542 11210 8446 9232
5449	5439 8870 9357 4933
5450	4658 5275 6137 4056 953 6196 6865 6201 6986 4203 4719 6291
5451	8192 6554 6241 1429 472 4670
5452	4581 8122 4011 8128
5453	10985 11116 10943 6598 6284
5454	1898 2463 6356 6391 28 5176 3376 4508 6450 10758 1136 6184 2679 6590 4626 8128 4462
5455	8923 2670 6284 8928
5456	10314 8739 8718 3237 7104 5949 1865 7400
5457	11397 9902 173 10863
5458	838 1452 1562 3139 7349 845 589 343 475 4023 262
5459	5346 8901 9630 7242
5460	8908 4672 8911 3129
5461	89 3888 1307 4584
5462	4706 9667 3401 11758
5463	7237 3376 3526 7515
5464	7513 9461 9134 3899
5465	9852 10480 10804 9851 10803 9853 10095 10477 10770 10481 9850 10805 10096 11073
5466	625 11665 1911 534 5300 4300
5467	37 36 149 38
5468	11237 10706 3572 8206
5469	6764 7839 7838 7837 7328 8374 8921 5583 10436 7840 9893 10208 10215 8054 9028
5470	3889 2211 4685 4080
5471	5140 135 9406 4273
5472	9 5962 9558 6853 9582 10497 8717
5473	5628 4723 901 511
5474	9230 1960 6974 8502
5475	248 247 166 170 250 178 261 251
5476	6547 11308 6564 8835
5477	10524 9511 9513 9809
5478	3435 10307 2037 9089 2540 9091 1337 7317
5479	445 4498 9924 4772
5480	10130 9918 7871 10020
5481	7148 9983 6155 6733 8066 6152 5230 5374 9120 7292 11208 11210 6206 4550 543 5434 5476
5482	11116 231 4699 863 5773 8007 2974 4973
5483	451 5494 8787 7927 6119 8170
5484	899 1608 5367 5109
5485	1042 3879 4847 827
5486	10211 9996 4785 7835 5438 9006
5487	6009 5154 1582 4228
5488	9510 11060 9733 10899
5489	1027 2203 6369 5890
5490	7386 6830 6459 6541 3866
5491	2440 11696 8847 9506 6263 6392 4943 9487 2869 8883 7710
5492	10383 8492 10262 9260 9332 7689 11067 8494 1163 10785 10791 8491
5493	1116 417 280 758
5494	2022 2657 2123 6912
5495	2648 11410 7072 817
5496	400 1962 865 6702
5497	7119 1279 8600 5100 2237 571
5498	8937 4508 10187 4359 4398 4261 5924 7017
5499	3437 5272 4414 3285
5500	10370 7599 10273 11538
5501	6392 4407 2993 289 3695 5741
5502	1410 5635 6618 5570
5503	4706 2598 3010 1216
5504	6687 11423 11424 8040
5505	10095 10773 10094 10776 10777 10766 10774 10775 11680 10772 10093 9149
5506	8892 4431 1714 8893 4197 8838 4281
5507	9471 1327 8974 3092 620 10535 11288 4859
5508	11479 1156 1712 4917
5509	1612 6055 6897 5504 5665 3968 7141 1614 1615 2481 11326 3283
5510	2999 2998 7803 11623
5511	9659 7248 10527 8144
5512	2723 8994 152 3349
5513	5363 2482 597 4254 886
5514	2127 2993 8627 8753
5515	7471 8958 9513 9486
5516	3510 42 629 6501 742
5517	6025 3852 2463 6034 2223 4259
5518	10937 9386 6571 3401 5560
5519	9223 9727 9 10786 8866 7572 10313 11054 11052 11207 11428 11098 9473 10510 9414 11640 6467 9364 11906 11539 10665 9510 11538 10070 11065 8654 9183 7242 9094 11059 9672 6323 11224 9968 6359 11066 11339 11895 11587 1968 7375 10383 9260 10376 11899 11025 9361 10400 8503 9918 9203 6837 11537 10723 7219 7393 11056 8796 9201 8283 9049 8793 11133 11060
5520	1893 2575 3572 341 3293 3304 2337 3140
5521	6137 7248 10527 7833
5522	3695 11077 1084 1083
5523	3455 3899 6512 6881
5524	47 3403 5976 51
5525	6527 1811 9465 2993
5526	9134 3741 7513 355 7244
5527	6375 3431 8861 7592
5528	3030 8824 6748 8450 9449 9842 3399
5529	2919 10958 664 1653 10398 1999 2015 690 897 1014 1083 1827 2958 5008 613 3871 327 2510 128 11494 3881 1663 433 5610 2683 5033 4626 4950 10400 4069 1981 10021
5530	4837 3651 810 7634 6222 1681
5531	4706 1812 9988 1140 2287
5532	8273 7072 7234 9542 7011 9303
5533	7747 11758 5426 10699 11096 11087 4550 9950
5534	6985 2338 7128 11001
5535	2404 2766 3391 808 688 1059 731 5741 4191 896 9261 2425 9235 2531
5536	2010 1519 2607 682
5537	9099 11383 11058 10683 7482
5538	5533 4940 6221 1655
5539	8864 11004 3518 8801
5540	6220 10702 6222 2966
5541	6779 8984 2064 10721 9202 8927 6365
5542	3220 3855 2005 10535 8627 4973 11051 4312 1717 3228 10721 8721
5543	478 3749 2724 4254
5544	4580 7502 3053 8012 3851 9999 15 1509 7338 103 7642 9988 3184 6306 1564 10089 3264 7660 151 7342 8913
5545	2675 11269 4259 8743
5546	11470 317 11001 6263
5547	2829 3967 5062 1615
5548	9277 9285 9288 3664 8159 10059
5549	5052 1958 8842 9693
5550	11224 10923 11142 10016
5551	11388 10677 9610 11638
5552	10422 1297 6858 2310
5553	8232 4710 11117 532 2647 5464 9689 10947
5554	2308 6257 3669 5419
5555	7423 5327 3951 5052
5556	1394 1499 5363 6014
5557	4862 8451 7947 6274 7952
5558	11239 11338 11337 10277
5559	9755 8884 9572 6791
5560	5286 9977 3200 55
5561	1928 2917 2890 7909
5562	4746 75 72 3264
5563	10272 1159 8939 10274 10895 10375 10869 3048
5564	5073 1862 9949 2377
5565	11583 9740 11307 1830 9857
5566	8565 4242 7882 5010
5567	7490 2297 1347 5569 1990 2534 4588
5568	133 5165 1936 1918
5569	4001 9689 3999 4000 9688 3347 285 4286
5570	11343 2247 8174 269
5571	2233 3808 8451 4600
5572	4215 6968 10069 6870
5573	5246 3641 567 3346
5574	8991 157 7262 6792 10583 9284 8405 8188
5575	3522 1861 5633 1930 216
5576	417 510 411 7072
5577	3961 5951 5979 4609
5578	10248 7815 9002 441
5579	4234 1918 3668 2991
5580	5851 3961 9471 3688
5581	4489 1940 1111 1035 1911 3336 1114 1264 823 2345 4070 1511 1929 2399 722
5582	5151 10669 8838 11168
5583	6287 230 8593 9232 6474 7330 6570 4667 2104 4837 2181 41 1280 4699 2123 3844
5584	6511 1583 3861 3391
5585	1717 4784 6636 7734 5715
5586	5929 11001 5220 7394
5587	4592 2342 11026 8151
5588	2137 8119 6218 9235
5589	11188 8482 7329 6836 10199 11190 6481 8081 7337 7866 9695 7416 10174 8470 10029 7435 6056 8467 3027 1825 10588 8080 7531 8601 10501 6338 5465 11530 7183 10178 1332 10506 8791 10502 11018 6339 5117 11061 7348 7920 8063 5641 9100 8717 11825 9026 7865 10946 3426 7705 11403 6838 11184
5590	10507 11053 11208 8316 11005 8774 11054 11056 10313 8866 11684 4224 9558 6467 6853 11066
5591	10781 8118 10758 5843 7536 7862 9030
5592	5669 10339 10855 11627
5593	2801 5021 5037 5243
5594	7015 2993 899 1918
5595	2292 5101 5219 10191 6295 10135
5596	10077 2806 10247 3140
5597	5245 9078 7871 10324 11569 5620 6549 11287 6403 11060 10323
5598	1513 1210 7092 1069 1587 5760 4910
5599	5885 11282 11480 2396
5600	11212 10953 2431 4213 9085 4311
5601	8111 4705 5759 7513 8138 3085 5947 4633
5602	5259 892 2035 8123 2287 337 1720 2304
5603	3169 3131 4667 3298 896 3134 6647
5604	1114 3137 800 1236
5605	4598 3724 7766 6330
5606	11217 5537 10873 326 11075
5607	1591 5903 6295 4994 7688 10780 9582 9684
5608	4223 566 313 848
5609	4307 10192 10413 8947 10946
5610	495 5021 11330 8633
5611	9494 8421 8953 8180 8952 8327 8547 10893 9588 9506 8204 9487 10524 11610 11489
5612	10616 3410 10747 6764
5613	10415 9659 3937 229
5614	8286 8261 8468 7337 10873 10896 7416 7619
5615	6868 257 642 6370
5616	1040 1301 1282 1483 1484 1404
5617	6910 5368 1752 1035
5618	10259 2128 6028 855 10388
5619	7176 8771 8773 9670 8493
5620	5037 10610 7985 8396 1042 2536
5621	8377 3143 6452 505 754 6485
5622	9188 7818 9185 7581 9183 9186 3861
5623	9126 9334 7513 8944
5624	9153 7619 10807 9547 10895 8480 11097 11681 9653 9137
5625	104 106 103 107
5626	11404 11707 11060 6512 11820 6222 11636 11614 10055
5627	8263 7348 9060 9231 3651 10662 9382
5628	9523 7269 6024 7018
5629	7387 10600 4973 41 168
5630	3197 835 481 578 5665 7229
5631	10896 9165 6206 7694 4040 9391 7792 11094 11685 10688 10381 9153 7291 8505 11600 5578 9513 11076 9237 6207 11674 8493 9306 9230 6258 10376 7374
5632	1918 4022 2531 2528 2631 4348 2462 3109 2005 3963 2079 4042 5494 6100 6034 4390 2379 4056
5633	9409 2510 2278 6380 8169 9733
5634	2667 9229 10543 11197
5635	10315 3944 1537 688
5636	6674 9785 11283 4534
5637	6123 10518 1213 8009
5638	3207 2135 3874 3458
5639	3079 3088 9275 3710 8007 6574 11080 886 4203 11326 1722 4859 705 5943 3320 9329
5640	2801 6074 6638 9229
5641	7759 9690 10879 1675 9737
5642	2613 8704 3741 2614 2137 2510 9838 7686 925
5643	7307 1179 9633 9632 11387 7436 2099
5644	3889 5403 3377 2715 7384 9187 9189 5623
5645	4189 7689 2011 9541
5646	7246 2432 4704 4775
5647	5439 1960 6059 3083
5648	8141 7438 10649 10827
5649	5938 3784 7514 7323
5650	8448 10760 5474 6499 6481 9671 11516 4746 10372 8319 6883 11867 7019 3152 11667 6838 4550 11435 6973 6359 8193 8271 946 1610 6205 11403 5504 11424 3280
5651	1049 625 649 1032
5652	8742 1518 2671 8628
5653	8860 9245 8393 461 9154 3690 3729 7853 6550 9929
5654	1839 529 713 683 6146 11192 625
5655	6241 7216 11900 6505 7328 263
5656	4754 4756 449 8375 1074 8908 10028 8762
5657	5848 175 2998 3241 3357 4706 4209 3330 395 6691 1568 2610
5658	834 843 2123 4693 1487
5659	3289 3633 3297 2163
5660	5350 7385 5844 5332
5661	2546 7735 11642 7248
5662	6303 2613 1827 2657 1851 2092
5663	2280 10631 10521 473
5664	10713 6269 5369 2727
5665	3142 925 720 8627
5666	9010 9130 3759 1651 4573 4327 6395
5667	2525 1286 1933 2958 577 1667 3502
5668	3042 2326 183 8930 8362 9461 10106 5367
5669	5379 5598 3762 11426
5670	5629 1821 1928 2651 7828 7161
5671	2067 1747 5678 531
5672	10786 6206 11667 10030 11536 5471 10380 9541 8924 7878
5673	4242 5058 477 201
5674	11372 8327 1314 8778 8224 6759 8075 10040 9319 8425 9493 5665 2515 8422 8847 9503 9500 9022
5675	2548 10858 2181 3004 218
5676	4534 7545 3834 3391
5677	2481 1786 10757 4510
5678	11106 11583 11236 11489
5679	6494 8244 9134 2455
5680	8842 2967 1625 6137
5681	3320 355 1902 840 2108
5682	3745 6034 3692 6224
5683	6318 310 2417 6013 1936 3300
5684	5923 11424 11426 11421
5685	5496 9461 6411 9127 1584 613 8938 5564 5486 3526 9131
5686	5440 11169 1359 4706
5687	9033 9174 5064 8927 16 8437
5688	7436 7251 7002 3876
5689	2580 276 10197 8077
5690	8527 8455 3304 8842 3422 11231
5691	9619 7401 2998 10940
5692	11069 11404 2890 3257
5693	829 536 821 1091
5694	5277 9203 3177 9201 4706 136 9205
5695	7122 136 10198 2891 8288 1055 5673 6287 2575
5696	2522 7877 8722 8584
5697	2135 5363 4259 3860
5698	649 3005 3806 536 625 5251 6239 840 747 519 815
5699	9683 10450 9024 8543
5700	8117 2837 3920 9321 4964 5723 11099 9493 8412 8330
5701	3298 1594 8629 4683
5702	3495 11260 2489 5473 2487 10394 3941 5802
5703	283 8420 2510 5065
5704	327 10055 348 8856
5705	1060 1722 4153 312 3285 3351 8585 2379 2299 3182 8565 3999 2135 8564 9232 977 2124 2208 7644
5706	4798 8721 1135 6327 506 10258
5707	11663 10814 7248 8934 10464
5708	9156 11390 7348 7358 10606 10273 11064
5709	1342 3592 6129 263 1784 5118 939
5710	1848 4088 3383 1145 5836 3164 4126 2116
5711	5839 6691 5929 4804
5712	9083 11423 3776 3235
5713	9306 6298 7542 9958
5714	2575 4207 5125 7409
5715	11568 9857 99 102
5716	7980 9461 7513 7517
5717	4045 3720 2459 1655
5718	9220 9891 11423 8337
5719	4069 11665 2762 11628
5720	3569 11399 10703 9702 1823 11686
5721	10122 21 4344 872
5722	4112 8330 5141 4984 1103
5723	858 6626 5580 1528
5724	2379 6287 2485 2141
5725	9010 10163 10087 4158 9009
5726	11371 3884 6372 8119
5727	1270 785 395 660
5728	8928 9437 7248 9659 9838
5729	2103 171 4191 216
5730	4167 4161 9191 5321 321
5731	7161 1894 127 6285 6719
5732	9187 7572 303 5134
5733	851 314 4338 2582
5734	10536 8927 6506 8751
5735	489 5504 2734 3646
5736	6902 4812 663 8549
5737	4870 3304 3437 2978
5738	9022 10638 1093 6807
5739	7219 2819 1826 4976 2640 7555 10979 7835 2165 3026 5135 11842
5740	9731 11615 9730 10815 862 11720 9488 10132 10872
5741	11135 10291 10611 8583
5742	9760 5358 1083 663 2722 6258
5743	4390 5142 1717 6524
5744	4295 9769 9473 6437
5745	11762 11205 11206 11661 11763 11660 6189
5746	6887 9940 11001 7607
5747	621 3264 3121 4344 24 1564 99 6306 127 4120 128 3671
5748	8789 9513 11753 11766
5749	4982 8354 5595 8433
5750	3194 4313 8928 3915 9018 3452
5751	8219 8422 8778 3354
5752	11471 7188 8442 11640
5753	11311 5969 11554 240 11442 4876 10658 8996 2973
5754	3339 1800 4204 9955 6422
5755	592 285 8933 9760 3046 1786 6670 5127 5402 9832 178 9130 7019 9192
5756	2036 1139 2857 3296 5556
5757	8263 3139 10570 10382 10506 7269 10031
5758	11435 10263 11108 4568
5759	872 7110 341 5760 28 2533 4320 961 3099
5760	2884 10902 4573 2232
5761	11425 7403 7512 232
5762	11212 11693 11254 7707
5763	531 5311 4056 7911
5764	5019 699 2384 4810 3238 2514 2329 907
5765	2844 6905 6176 8517 2524
5766	10518 5454 2877 484 11626 11116 9202 6991 5074 1487 9574 2417 1561 9924 11383 6511 10799 3083 9406 4740 4906 1328 9015 7500 2732
5767	6493 11664 10907 11733
5768	1844 5755 11636 9201
5769	10426 9662 11257 8751
5770	5383 2022 9134 9461 5034 2056 11523 4011
5771	11124 9548 10734 4706
5772	9491 236 8181 9493 229
5773	10726 6838 5449 11179 433 1825 11087 11542 11061 11817 9351 1932 11520 9460 8726 11476 8506 10275 6733 8964 6173 7669 10030 11667 9164 10262 11220 7229 8263 11670 10606 8783 11504 8872 11536 758 10031 9285 2935 6731 7337 10570 3331 9240 8489
5774	5961 6788 6034 285 9890 61 6224 567
5775	4618 2713 7833 7248
5776	1233 935 1076 821 1032
5777	380 649 999 964
5778	10757 11563 9542 11277
5779	3351 1244 11481 9981 11626 11220 2236 9941 9980 1584 5236 9938 3858
5780	5568 4300 7403 2024
5781	8019 7307 9760 9413 2289 6879 1781
5782	9617 9079 6287 10085 6856
5783	4934 8948 5042 5818
5784	9362 9581 9558 10595 10299 11510 6361 9582 11078 9670 6173 11724 10873
5785	7166 7248 2047 2910
5786	2030 1918 3552 5028
5787	9084 5266 5353 4011
5788	11649 11628 7486 11765
5789	9024 9026 9006 8050
5790	3311 530 5164 52 7644
5791	3285 4560 692 801
5792	2218 7340 6601 3264
5793	6274 5965 6748 3528
5794	5145 8718 2124 10056 9249 3300 7122 3301 1999
5795	2975 7554 2295 2416 2399
5796	6992 4682 4612 7285 157 6963
5797	10914 11608 472 7051
5798	8601 5638 10620 9138
5799	2535 4937 10187 11566 8090 1490 3119 2459
5800	1625 9134 28 3577 9803 8365 3935 5383
5801	4411 6830 4500 3257
5802	8050 696 2012 493
5803	11511 2347 7852 2099 10502
5804	7382 6049 2491 6671 8567 10434 1719 1470 1174 5150 1039 8536 8166
5805	3295 3276 5150 3294
5806	11529 11831 11688 10441 10717 9292 11541 11305 11655 9965 5610 5203 11179 8438 9764 11249 8283 11738 10346 9895 11668 10376 10174 8785 11885 10888 8500 8501
5807	3139 8603 8883 7685
5808	11226 11817 11220 11152 10426 11210 11085 11179 11061 11535 4401 3476 8938 5761 10598 9260 9116 6153 11252 10036 3373 10313 11025 11587 10584 10386 11067 9332 11681 11094 11670 11545 9 11059 10786 9460 7691 10021 8796 11072
5809	9016 6404 6525 9272
5810	11744 11674 8897 1490 11097 11076 9667 6980 9636 7691 7214 7006 7107
5811	2535 9667 2996 7767 1672 807 2692 2998 7978 9286 7512 328 5446 7540
5812	9591 7610 4388 6474
5813	6937 5950 4843 3121
5814	2577 2899 985 7669
5815	5929 6808 3571 1820 1135
5816	4762 8660 970 11392 6532 8330 1795 2469 9235 5808 9230 7568 7293 5363 651 5741 8604 6903 5485
5817	3901 3191 2671 1720
5818	417 1721 9515 6707 2393 7145 179 604
5819	6887 714 1727 1
5820	4080 701 5998 956 3335
5821	10371 2321 11280 9770
5822	2377 1194 1618 5329 2426 7000
5823	1470 7234 531 7006
5824	8065 10178 899 10194
5825	9490 9503 9493 8411
5826	657 1117 1657 2181 6839
5827	6904 5797 7273 8270
5828	4303 304 9229 2460 3319
5829	1891 3077 7735 846
5830	11050 2908 1244 6764
5831	5142 8842 5363 8059 4946 7521 8465 3118 4789 205
5832	8377 4933 10149 9447
5833	9073 8063 10411 10874
5834	6588 2662 8424 2586
5835	3590 466 9580 11421
5836	7513 11149 7869 10983 8356 3300
5837	11581 5339 5645 6694
5838	6425 10302 2776 2677 9975
5839	3997 2995 9134 8872 9441 5707 3351 10054 7686
5840	6255 2685 577 261
5841	10560 9637 6974 11697 9303 9270 7792 11066 11349 9165 10008 11389 9978 8483 11168 2100 6975 7333 11359 11674 10726 11520 8263 7745 8775 11511
5842	137 8690 9336 8691
5843	8982 5642 3694 6993 9246
5844	2002 11733 1808 1090
5845	14 123 13 12
5846	10491 1768 2509 10220
5847	7983 10639 9033 8122 4712 9035
5848	45 435 2459 3861 1702
5849	7219 5182 2648 7707
5850	170 6072 6158 976 8169 445 8640 1783 5151 4622 4598 3760 6544 5395 2721 5128 2892 3477
5851	9733 7700 2599 10376
5852	7694 679 1928 2128
5853	10231 10711 11208 10696
5854	1490 2522 973 5165
5855	4594 9086 581 6681
5856	10257 11923 11833 10007 11834
5857	1307 1829 2267 620 3264
5858	2941 5363 1398 651
5859	3650 6106 4747 9234
5860	11747 3147 6650 6651
5861	8493 11683 5506 11055 10723 9120 8495 5468 10375 8478 7745 6148
5862	2836 3389 3139 6298
5863	9 8770 10404 8462 10346 10030 10514 915
5864	6120 6534 2614 8051
5865	6504 4609 1489 63
5866	5458 3869 7720 5590
5867	10215 9017 6353 11797 8045
5868	6274 4531 9446 11404
5869	10202 7349 8125 10263
5870	2181 7770 6497 1783 1869 10644
5871	2865 6392 2208 4762
5872	8244 11628 11637 2510 6276
5873	10370 1530 6237 875 1988 3626 10820 8429
5874	11373 6644 11624 10933 10247
5875	10353 5919 11815 8101
5876	1487 6287 9142 8094
5877	2917 5040 2092 1222 7721 3034 1986
5878	10164 3224 9394 1386 5858 8065 11123 5076
5879	1698 1900 1656 3482
5880	1995 3245 8924 4984 5394 1370 902 2617 9606
5881	7349 11671 10379 5230 5400 11252 9461 6361 11348 10869
5882	1316 2728 1780 440
5883	438 136 4199 2045
5884	1511 1463 5843 1068
5885	1918 5858 1499 3341 6750 5322
5886	4635 1722 2277 3346 2291
5887	5929 3559 5230 1407
5888	9849 10851 764 3741
5889	1076 5377 1932 1919 2632 1918 1930
5890	2238 8040 10113 6617
5891	8928 7431 5302 8927
5892	5230 1312 3919 10807
5893	4226 4738 1325 1332 3833
5894	7219 1390 596 11724 9230 1452 11059 2136 1614 671 661
5895	536 840 365 649 1463 783 1610 842 3714 535
5896	2707 5278 781 7497
5897	1662 10711 9946 10734 7239
5898	9502 3806 9603 9283
5899	4911 4812 4474 4989
5900	622 610 315 535
5901	781 2641 2030 4092
5902	4270 5371 7414 5361 362
5903	9790 6090 9415 4501 2173 2817
5904	1020 339 1649 2373
5905	7798 458 7686 95
5906	8920 7245 9200 7658
5907	2856 9460 9512 11134
5908	700 682 688 8932
5909	3291 4086 4801 1395 3154
5910	7964 7528 2817 10241 4116 8969 6090
5911	11541 5830 1966 1584
5912	1264 11001 2788 8597 7328
5913	1102 2453 11329 726 258
5914	533 5397 1216 397
5915	3088 8157 11176 3770
5916	11309 4119 2760 3605
5917	258 1729 9282 263
5918	11890 11702 8056 11220 10729 6971 10430 10428 10737 8478 11710 11758 7253 11448 8773 10788 11541
5919	9220 8141 11423 7931
5920	4405 2482 5331 5343
5921	7503 10126 8161 7863
5922	11061 10031 9284 8493 8482 7242 10299 10383
5923	9434 7876 9585 6510 10227 6045 6846
5924	10888 1215 2874 7176 11545 11081 11505 2597 2181 10516 11435 578
5925	1373 2877 10148 10449
5926	5101 277 6006 1734
5927	10696 5623 1402 6071 5185 10363 4973
5928	5450 6138 2248 9538
5929	5661 10114 2178 1554
5930	11095 10501 10273 11270 5797 6361 6481 9120 7416 11086
5931	285 2041 6613 2039 4876 6944
5932	3593 9106 11162 11164
5933	1695 1950 1705 1706
5934	11844 11140 11133 9183 9202
5935	3413 4370 649 1615 663
5936	2128 6066 9539 3990
5937	11674 1734 11208 9275
5938	7142 8568 784 462 1277
5939	8596 9284 3053 5624 2800 8461 3688 7248
5940	2578 413 2776 183 2587 41 4397 777 579 1615
5941	9207 8514 6719 8522 6474 6586 8512 11220
5942	867 9583 11049 9918 2699 2459
5943	7838 10361 4963 7836
5944	11832 11834 10007 11833
5945	4974 530 4259 4405
5946	5943 11309 359 10795
5947	1251 8749 10669 9667
5948	8752 1671 11768 10861
5949	8855 24 3688 1509
5950	9521 1089 4158 3792
5951	3423 10293 1328 5337
5952	4371 3296 10834 2463 2416 456 4902
5953	1043 533 275 647
5954	342 1254 258 629 275 1086 623
5955	3221 758 10433 1083 3413
5956	10206 5997 3335 8246
5957	4867 4448 6813 3569
5958	1047 822 5510 840 6304 5511
5959	9043 4200 2753 10445 4385 10781 11774 8908 11772
5960	11815 11571 2045 11572
5961	9536 3388 11123 10153
5962	1117 1643 3042 199
5963	3651 7604 7978 2379
5964	7577 9139 5316 5307 4649 4259 7348 4370 8339 784 9437 9538
5965	4437 6695 8147 8146
5966	6707 2416 5158 2843 5913
5967	9160 6596 593 7087 6971 8775
5968	10304 11559 6041 2579
5969	4158 9341 4546 9975
5970	6937 9618 8013 7751 10942 4926 5950 10439 620 9338 11453 5621
5971	4263 2847 2590 2965 1353
5972	6509 2310 5487 3982
5973	2967 11140 11102 5615
5974	9659 7833 11663 7248
5975	8990 8953 4930 7457
5976	10693 11309 9246 6511
5977	2051 7164 5460 6626
5978	983 1627 274 955 10694 782
5979	11440 925 2135 9060
5980	11237 2750 9394 4566 2874 8722 7517 4036 3612 3949 8982 9461 7782 8165 5539 8835 9101 5086 2010 10800
5981	1960 3963 8930 6059
5982	8866 11068 6322 10992 10346 6648 10397 11063
5983	6205 8235 11559 7248
5984	4014 2700 6959 5940
5985	5470 6631 5004 6633
5986	7375 33 8489 1968 7262 7635 8866 9637 10791 7393 7437 10984 6732 11669 9764 10788
5987	11628 28 3580 9539
5988	9380 8035 10694 9381
5989	6767 1785 7841 6094 1977 7835 3636 11797 10603 503
5990	3173 530 1654 2460
5991	7553 10982 10879 10853
5992	8635 2125 1637 3153 3210 8041 8555 5331 2290
5993	1243 172 781 10582
5994	4326 489 9282 3588
5995	1297 3504 7006 4264 10580 2128
5996	2424 3905 3082 7211 1329 2564
5997	7248 11486 11394 7338 9422
5998	11386 1009 11609 4033
5999	11017 7009 7002 11537 8791 9968 11436 10750 8919 9276 9305 11587 9391 8785 9921 11724 11212 8280 5610 8505 1454
6000	11605 7539 4948 9570 1164 8770 10569 7405 11225
6001	11570 4743 3825 3710 8714
6002	10243 8807 8808 8016
6003	6310 7267 6974 9284 5388 2916 94 7639
6004	9239 10467 5363 7343 9237
6005	3351 596 8929 2696 1615 2193
6006	9220 2421 6992 7906
6007	10714 9359 5471 8506
6008	11513 11233 6573 8319 10670 10881 11758 11668 9424 7349 8484 9105 10888 11890 409 8861 9711 11724
6009	8442 3388 10353 8237 4042
6010	5445 1229 7511 661
6011	4384 10932 3677 6735 4978 11546 9230 348 10888 11675 7242 6979 10514 7318 10313 371 10671 5453 1198 10587 8443 11476 4762 9 8505 10791 5372 11056 1968 4550 6221 6837 9975
6012	5219 5101 1264 10670
6013	7546 6768 6781 6769
6014	6274 7649 8387 8000
6015	2053 1389 355 314 3140 1238
6016	11304 11212 10152 10811 4704
6017	5038 5713 2906 3861 1722 6797 4733 3341 4449 3588
6018	1503 10230 2575 11087 8140 6543 6136 11103
6019	11301 10962 11725 4150
6020	620 803 133 621
6021	9018 3816 9452 2019
6022	803 5612 5648 168
6023	493 2524 491 7450 490
6024	3174 4694 8915 327
6025	10002 8422 8424 8847 9328
6026	3597 1616 2639 1230 9571 394
6027	8638 3070 8637 8636 8635
6028	9442 8860 9134 6887 1627 2599 5065 11208
6029	905 2460 5450 6904
6030	5555 9722 10563 5172 9934 3054 4962 4932 6621 9200 8944 6613 6251 3955
6031	7063 10349 11091 6973
6032	3963 8694 1135 4523 9643
6033	1487 10406 9183 8518 495 9173 2319 10560 1577
6034	6747 942 335 3188 7254 6525 944
6035	2971 3764 6603 6122
6036	11663 9659 7248 7833
6037	805 2394 3264 5624
6038	6401 10842 7541 9636 8461 9899 11091 8464
6039	63 9619 64 7248
6040	569 9760 5863 11403 7940 10971 5495 5929 6849 7061
6041	10273 7255 9230 11515 3050 7669 11476 6980 11086 11587 873 11087 8949 10689 10869 2029
6042	10114 2819 10520 176
6043	3389 10686 4550 1286 8495 7341 1222
6044	639 6221 1821 4912 1384 4521 3926
6045	7503 8501 10570 437
6046	9718 10977 9523 9565
6047	6748 8763 3346 8725
6048	9889 3959 6993 6936
6049	7382 6113 5003 5791
6050	2413 10425 5197 3391 3138 4983 400 7558 9565 3044 9461 9134 11196 5834 3979 9560 335 1312 5264
6051	4224 8484 264 10380 4622 2100 33 6206
6052	2894 7366 334 6121 5649 9993 5159
6053	11531 11413 7714 11412 5566 3771 9349 3111 11757 5944 1607 7664 4576 9345 11007
6054	11649 2105 596 7742
6055	8548 10913 11438 11551
6056	2092 2513 995 3256
6057	2460 6426 355 11435 11248 10273 10842 10717 11094 11053 11074 9278 4277 11022 657 3346 10958 4240
6058	499 4728 6883 5353 941
6059	6448 9461 1811 2639
6060	5504 2895 8093 3348
6061	7756 1561 8672 4762
6062	700 9998 1681 9667
6063	2181 8774 5973 10078 9681
6064	2199 2485 2766 2005 2029 5995 1135
6065	9280 11217 11098 3892 4876
6066	10122 24 127 10298
6067	3252 10896 3340 4739
6068	9277 11157 11498 10087
6069	10309 1661 68 11501 10045 11374 11141
6070	9455 6448 7698 8087 7947 7804
6071	3139 11272 10342 11085 6205 831 10504 6208 9395 10809 11761 11074 9165 4766
6072	415 1385 7036 1567
6073	9461 8482 140 9137 9175 11702 7063 9989 10380 10720 7494 11179 10586 11310 5208 8495
6074	10227 10229 3401 10232
6075	4179 7081 7436 4246
6076	11560 11570 4015 1925 6307 11717 10547 4102
6077	9002 8233 6452 1422 7953 7948 7031 6892
6078	7765 8177 1837 7638 11001 8774 1910 6558 7726 8379
6079	9592 9529 8180 8434
6080	6996 6055 7747 8462 10397 2228
6081	4609 11013 6097 11010 3611 7827 5624 7486
6082	2514 4508 61 797
6083	5097 5502 4608 7775 7395 1837 5501 2281 4832
6084	4149 2181 1998 993 7722 967
6085	616 2619 1476 2554
6086	5417 1147 9065 8437
6087	8876 6721 8670 7476
6088	1228 173 7394 9699 3741 5401 2482
6089	7923 2700 614 4560 10851 8895 4259 6920 10984 7381 3114 700 7605 4725 2651 9377 11342 7652 8165 2980 3690
6090	5357 7895 6384 11417
6091	9639 10274 10347 11516
6092	7833 9659 3571 3139 375
6093	5379 6984 4935 5382
6094	4498 1783 8514 3641
6095	6488 2399 2540 6713
6096	2244 2953 1832 7993 7248 8938
6097	2615 7297 4972 7569 3775 11098 654 11631 6443
6098	11063 10984 2094 5213 3569 11540 1411 8446 8443
6099	8920 9485 3628 9560 3602 9559 4162
6100	3137 6801 280 2993 3861 5864 5686
6101	9359 9556 10208 10206
6102	458 4528 3925 6085
6103	5928 4296 5929 11403
6104	9232 1422 3699 3940 4388 484 174 2004 3425 1867 1862 427 5423 7996
6105	9619 9422 152 10837
6106	236 2193 6058 1487
6107	3741 4863 1222 10370
6108	6899 7900 6842 5883 6898 6900
6109	7387 8225 5840 4585 8927 4259 6307
6110	3582 11425 2090 310
6111	9961 7072 8837 8011 11001
6112	4852 7770 2422 4561
6113	6940 6383 3014 4720
6114	10786 8717 3967 9461
6115	6513 3663 7931 7803
6116	1801 6512 1264 9667 2728
6117	5521 5032 1053 2618
6118	11065 1702 9231 581 6978 10726 9260 2712 2076 10675 973 7255 2042 9667 8528 11066 10379 2299 10589 1909 1918 7393 7378 1649 11207 1608 319 10724 10316 6617 5020 8134 11493 9237 4029 11535
6119	8949 3695 5088 400
6120	8924 9388 9391 7374 7360 8923
6121	10030 10493 8654 9116 10351 10380 6977 5117 9542 7329 9337
6122	1151 2179 7664 932 8427
6123	5830 11212 3228 4264
6124	9512 8805 1164 10029 11065 9510 10911 2169 3677 9148 7318 11685 8938 7878 8434 11291 11700 9513
6125	225 5401 1563 3119
6126	10505 10426 1804 3300
6127	8464 8463 9542 8498
6128	11122 5928 11281 11499 6030
6129	1895 1917 457 689
6130	1537 1107 3118 881 1263
6131	9956 10580 6030 3614 7394 4693 5097 11089 1837 300 10820 5375 10943
6132	10313 4401 6363 10357 9927 11493 10498 2193 1628 5830 9120 2536 9341 11305 6151 9764 6244 7480 9961 9899 10024 1999 7243 8659 2128 10501 10405 732 3812 11864 8810 11208 9727 1733 7088 2794 578 5144 9967 10356 3794 9578 10636 11129 4173 3291 3677 10653 7907 11210 692 10785 7747 235 10370 9126 7789 11744 10723 6837
6133	731 3097 9160 925
6134	9557 11208 7745 10631 7527 6394 3677 11026 9116 6230 5143 8397 6153 5208 9556 8441
6135	7208 2140 736 5196
6136	6888 10369 855 2614
6137	7512 4277 7403 9352 4884 10606 9571 7002
6138	271 5323 2460 4646
6139	2837 1422 3504 4863
6140	855 894 835 2068 1996
6141	11383 10426 11403 7578
6142	6158 3980 5995 4699
6143	534 4488 6818 6335
6144	11208 11056 10313 10918 10842 11065 10920 10703 10881 11672 10569 11586 10689 7219 11087
6145	1103 7331 1135 1133 808 8059
6146	7633 4972 3924 2205
6147	10183 151 9988 7338
6148	3519 7319 8365 7118 4649
6149	1725 7644 7907 6295
6150	5740 3527 5144 5665 3930 8169 8627 1204 9344 6751 11308 4542
6151	6606 2920 6396 4558
6152	9442 7952 4088 9134
6153	4573 5831 2271 8811
6154	2129 2752 1710 816
6155	8933 9261 7431 8929 7432 8928 3391
6156	7869 5602 8735 1220 2155 1865 1663 730
6157	2524 7547 10652 11431
6158	7788 8827 8713 1182
6159	10935 2015 5726 1590
6160	1712 1768 11101 1769 9201
6161	3013 8218 3166 8532
6162	10359 10309 9721 4195
6163	9236 5913 10231 8938 9729
6164	5624 2273 805 1310
6165	10689 11027 11675 10325 8996 11671
6166	4883 6055 4550 5696
6167	481 1560 7545 781 6425 5077 6807
6168	10347 11059 11052 5320 6872 11504 10383 8287 8462 11724 11586 10929 10606 9165 10352 11729 6977 11232 11670 8654 6650 11067 10348 10313
6169	1133 3528 2327 5504 1099 858 1138
6170	4944 2671 3773 6277 6865
6171	6341 1992 1662 11082
6172	10267 8842 3641 2524 2557 10997 2942
6173	6549 10632 5246 2417
6174	10888 10589 7631 9291
6175	9234 7729 6866 8125
6176	8366 9655 10389 8291
6177	5532 3888 4948 3140
6178	10423 1627 180 10825 5439
6179	9626 5127 4300 8883
6180	11153 6923 8852 11220
6181	1263 3594 8929 4250
6182	4042 902 11349 11827
6183	303 2029 5713 4327
6184	7577 5812 781 269
6185	5624 10528 5139 6521
6186	1662 2540 7300 3911 4871 8595
6187	4300 5770 1438 1816
6188	8096 7861 7350 10345 6862 11180 9821
6189	8222 6899 11156 8996 11643 699 5143
6190	3722 2715 4217 4634 840 3713
6191	1594 4088 6548 6241
6192	1655 4203 6549 3351
6193	543 831 9293 4291 1067
6194	10498 10228 7729 9633 8373 10229
6195	8264 8273 10377 11848 7375 8470 7245 7080
6196	9628 6714 9624 9623 9629 7025 9783
6197	8422 9526 9373 8419 9071 8547 8418
6198	175 1053 2043 1909 4080 426
6199	11080 11892 33 11700 11886 8830 10540
6200	2059 258 2990 4257
6201	2766 2198 1352 4158 2404 3947 7745 3305 2005 1135 4928 1610
6202	7328 2685 5665 6330 7499
6203	129 127 3899 4475
6204	10760 11830 11060 10506
6205	5165 214 2202 11220
6206	2179 1662 7036 10426
6207	3356 5363 7356 5262
6208	3721 10608 2292 4833
6209	9441 7686 11131 10973 6917 9442 7720 9461
6210	4706 10512 7968 6280 1107 9018 8080 5700 11120 11159 5952 5435
6211	4382 6662 3231 5934
6212	11861 8619 2616 7447 10438 2543 11292
6213	11626 11425 11628 4830
6214	3402 6645 9354 8627
6215	6551 431 728 8442
6216	136 10580 9370 5665
6217	1801 2807 8228 6222 2295
6218	2714 125 11159 8305
6219	8246 8665 6454 6823
6220	8487 9571 578 4706 5400 5889 6975 10957 10402 10346 11887 10958 11018 10497 8483 7639 8772 3051 10503 8492 3284
6221	3557 4254 1073 5986 11413 3414 7442 8933 11554 4299 2485 10501 5573
6222	1811 213 11309 11335
6223	10557 3461 3833 2985 5318 6372 4492 4875
6224	1075 766 1131 1231
6225	3384 7377 764 3999
6226	1067 8404 7391 10542
6227	2619 2719 2625 2240 2641
6228	9912 3152 2631 6938
6229	4204 10594 7863 9975 621 8158 7496 4477 495 3440 11649 5654 4497 4828
6230	9404 808 3010 6491
6231	246 256 248 250
6232	4081 5945 2022 970 10818 10888
6233	2135 1635 840 3046 2208 619 4045 2631 8544 947 1359 1918
6234	822 6281 891 631
6235	9508 10915 10903 9469
6236	7719 3485 4516 7194
6237	9016 5395 3999 2459 530 8140 4433
6238	4168 2567 3947 1359 3204
6239	6677 3961 11748 10282
6240	7575 4022 9568 7372
6241	11312 1960 10339 11646
6242	10562 4501 2216 6416 3485 6718 3902 6419 10296
6243	5297 3740 8583 1310
6244	390 4259 6172 9595 10017
6245	1722 4203 9805 699
6246	9966 6613 8532 6758 8214 1774 5292 8406 5874 5879
6247	4973 10137 10135 10263 7546 7180 4975
6248	2092 2485 2531 2462
6249	1653 9429 9896 3805 5246
6250	10409 11841 8874 10449 7865 11873 10937
6251	6574 1815 4198 3309 6281 2754 3648 2924
6252	4056 2544 1184 572
6253	7416 11091 10333 9231 10714 1843 9 9237 11087 9137 4040 8726 9667 3677 11227 6735 11669 7011 9201 10699 9557 10399 10669 11063 8480
6254	7333 7007 2421 10336 11096 2084 1655
6255	5445 4608 925 4813
6256	7190 11341 11404 2903
6257	7612 8027 8729 9541 1466 4675 2540 2036 6219 3863 1595 6378 6519 10079
6258	10873 9069 4444 8519 8459 4852 8439 11722 11431 4853 10079
6259	2303 1433 468 9538
6260	658 2925 3234 752
6261	11795 1244 9066 348
6262	1731 8134 9385 682
6263	7513 5375 2599 11179
6264	11154 7441 6223 1534 421 10227 8650 4069
6265	5833 2120 5201 1675 8811
6266	11642 7460 9413 7840 10792 11643 11645 7545 989 11644
6267	9615 9510 9175 8696
6268	1932 649 2628 1047
6269	7044 10041 8296 8278
6270	11094 1832 3249 835
6271	10057 11548 11268 11269
6272	2570 8774 8117 2177 11679 10210
6273	2571 3442 3498 453 4233 2599
6274	11438 8434 7630 8712 11278
6275	4145 5448 3904 10453 7253 10454 5411 4138
6276	7285 10055 9287 10077 6502 3626 8165 989 6006 719
6277	4722 496 10251 10131
6278	4762 7927 6017 10532
6279	355 6135 2599 2890
6280	11644 4301 24 7166
6281	6259 4018 5945 2651 3944 2678 9482 8986 863 4608 3195 2287 3346 555 1804 2071 3136
6282	10405 8771 10670 9356 8261 7688 8466 10540 11060 8501 6904
6283	527 251 246 255
6284	4855 7521 1811 5808 9703 5175 8885 1929 8443 6281 4528 10709
6285	2837 3231 2301 6395 8426 6276
6286	2278 3391 2152 695
6287	11322 157 1610 11159 8294 7777
6288	8101 1653 8920 8118
6289	7206 2698 7185 8980
6290	1509 805 24 6896
6291	5616 8350 4612 5652
6292	6662 10713 6303 3781 7797 2614
6293	5755 8334 11519 7803
6294	4729 973 9281 2993
6295	8926 11684 11724 10352 10653 7329 10380 9085 7978 11368 11540 6640 9126 10714 10570 10347 11066 10873 33 11825 9460 1411 8505 10935 9230 10983 11911
6296	7590 1093 3074 6516
6297	7295 10357 11220 10711 2100 10374 11091 10135 8448 8486
6298	408 534 401 727
6299	6343 3695 2460 6238
6300	8575 10657 2079 8909
6301	5386 3023 4876 9004 11115
6302	1918 967 2460 1279 2993 5329
6303	5579 1306 10946 10077 10796 2041 11631 10165 9019 1422 11117
6304	8636 818 8639 1636
6305	7534 7364 2405 7185 1627
6306	10625 2482 2460 8717 762 3096 1981
6307	8794 1807 3444 6470
6308	2243 6534 1359 7403
6309	8870 4627 8072 4282
6310	11072 11638 7596 11479
6311	7219 773 7391 236
6312	7805 1258 5439 10763
6313	10877 4596 3955 1817
6314	4442 3301 4704 4733 1014 1537 233 10478 10227
6315	6841 1222 5230 8328 6840
6316	3389 9273 7063 11898 5016 9460 8791 3563 8692 5371 10174 3509 6296 6806 9359 3096 8189 772 5940 11403
6317	10867 5852 9338 10528
6318	630 408 315 535
6319	2989 4591 2771 6158 4254 5030 10973 4728 5654 6738 7869 9229 5044 4943 8885 10379 2914 3721 6526 1654
6320	9192 2342 6380 9230
6321	5001 5993 10839 2069 9482
6322	173 899 9755 5509
6323	2331 3177 4984 68 4910
6324	769 1774 3083 1336 1055 1329
6325	9407 10752 6727 1149 808 1753
6326	6791 8704 2369 2579 6059
6327	2114 6716 10600 10692
6328	3381 1468 786 2899 2480
6329	10231 10227 10232 2295
6330	7082 4978 11471 8897
6331	7838 3013 3106 11448
6332	10007 11833 11834 10257
6333	301 1780 1612 2038 5277 898 925 1793 183
6334	9201 5445 1537 5520 285 24
6335	4584 10528 3993 9988 9339 7987 11303 8217 10309
6336	4133 5718 4129 11260
6337	10865 11086 11890 11348 10895 9292 11914 7920
6338	1967 3244 6945 2567
6339	4259 8538 9698 2128 8124 2789
6340	4535 3055 1148 8610 5638 3561 6191 5589 4743 5825
6341	7304 7312 1345 6365
6342	199 4056 4183 5439
6343	10671 8717 2409 2907
6344	949 6752 1431 957 5570 562 7831 1999
6345	90 1858 7339 113 3789 6784 5439
6346	5479 5805 6951 4144
6347	7544 11001 7630 4257 10336
6348	10219 2299 2350 11404 1827 11498 5858 3296 6380 8442
6349	8641 4254 8642 11361 11362 11363 9716
6350	5281 2963 2969 3721 8518 6860
6351	11279 3680 7119 7088 6859 7988 6363 4824 11607 7134 6152
6352	1114 5246 9684 8608
6353	6498 5439 4851 3381 8253 2615
6354	6772 1577 2104 3560
6355	9339 7338 3967 9779
6356	9515 11266 8189 1694
6357	285 800 755 519
6358	1965 4775 10177 10895 6583
6359	1654 3651 1722 2941
6360	6499 10166 10179 5848 5080 11227
6361	8261 10929 1898 10252 11471 10861 4728 11070 11272 10869 8798
6362	4113 3611 3362 11428 10233
6363	10989 10080 8134 10983 9519 300 8833 1772 2536
6364	11425 5652 6512 8096 8721 6082 8050 9220
6365	8125 3663 10054 11214
6366	11211 11210 9202 9133 9229 6923 9512
6367	2128 6342 2968 6620
6368	1055 6374 2408 1279
6369	8820 3604 2013 679
6370	6094 3770 2726 4732
6371	1928 11064 9179 1264
6372	11233 781 10470 3373 6913 851 3978
6373	4750 8094 5638 3346
6374	8698 2681 3198 3346 5275
6375	1035 5219 2993 1116
6376	3354 362 438 777 5699 5545 427 5722 4041 3004 5694
6377	6923 1864 6093 6111
6378	5702 4710 4558 4790
6379	3367 3365 3368 3715
6380	909 2162 1222 2495
6381	6378 3320 3395 189
6382	9091 9727 10507 10506 9965
6383	10895 5654 11428 11339 3704 10842 7630
6384	3889 555 4972 764
6385	2513 6895 7465 7468 8690 7471 8220 8691 6249 7390 7701 5863
6386	6503 9980 5174 10641 3231 9613 9941
6387	3688 3139 7248 1506
6388	4622 8505 7745 9578
6389	3513 3893 2517 3512 4865 4032
6390	3765 3764 8943 6327 3542
6391	8114 3224 4829 8119
6392	11274 9187 7585 3955
6393	5065 6905 6217 1929 10707 8125 5670 255 286 9378
6394	6691 5010 6690 7188
6395	10912 5919 9556 7356
6396	7833 11663 9659 7248
6397	11758 970 11524 11057 11882 10376 4224 6836 9620 9120 8772 8492 8865 7260 6975 11058 7688 11759
6398	11425 4012 157 6512 4682
6399	133 4965 6895 5439
6400	15 9422 98 17 3121 11860 1591
6401	258 176 6682 10081
6402	1918 6980 11536 7006 5015 6499 1163 7347 7243 10714 7374 7784 10696 7148 8505 752 11179 10717 11676 8504 9711 8488 11471 11697 11516 11127 7747 10589 10985 11668 7658 11027 11543 8897 9702 11539 11653 9461 9337 8489 9848 11542 11817 10418 7229 7291 43 7512
6403	8116 11499 8938 2137 9913 8203 11123 11048 8909
6404	5262 7215 7092 5305
6405	2926 3346 8124 4407 8125 6905
6406	9313 8200 9109 5046
6407	806 6314 10309 4205 2336 4831 807 10767 50
6408	1247 8264 1510 830
6409	4164 4170 5363 5745 2540 4168 7517 5373 4166
6410	3144 6067 6010 4466 5059
6411	961 935 7720 1692 1861 1135 8256 3306
6412	5014 5946 4941 6075 6054 10422 9235
6413	9999 10749 70 85 6462
6414	2966 355 2169 3981
6415	527 528 645 649
6416	6905 6999 11168 204
6417	7243 2235 8442 10726 134 7929 7658
6418	11665 341 9834 11505 6175 10605 7190 11807 10059 3965 4002 11506 11808 11031 11810
6419	3303 9773 2877 2459 2036 9501 8523 7280 1374 7677 7619 11594 8434 897 8327 9513
6420	4349 1690 4254 4329
6421	612 9832 5962 11431 10070
6422	8213 277 2924 5984 4170
6423	5371 7275 6258 3373 9461 7376 10357 5350 8280 9046
6424	2030 3215 3177 2241 8949 5878 6758 2503
6425	9135 461 902 6901
6426	331 334 333 336
6427	68 3525 370 806
6428	11674 10374 11055 10672 10957
6429	9473 1910 8966 1103
6430	3191 28 11404 7669 10158 301
6431	8434 9251 970 4234
6432	3904 3338 2295 9550 4942 1089 590
6433	9377 1426 4861 5954
6434	3055 2814 2318 3048
6435	5030 237 4948 9807
6436	7707 4352 6545 7297 466 6295 4241 876
6437	9509 8410 8327 9490 9952 9493 9511 8223 9491 8413 8412 7471 9505 9492
6438	8883 9555 6425 8974
6439	5172 2540 2880 4581
6440	5390 5167 2358 6229
6441	1263 815 612 2326 2404 3619
6442	9107 10543 4863 6887 5101 2530 6958 5075 1251
6443	1490 2459 7549 3198 6681
6444	11076 10726 10828 10398 2181 10721 8488 8798 11129 8487
6445	1818 3894 6067 5005
6446	1833 6875 3002 1524
6447	4688 10146 3195 7248
6448	6899 9990 8918 7904
6449	2567 2381 6974 1048
6450	10615 11587 11090 6251
6451	1114 1654 1630 1488
6452	166 364 263 347
6453	698 252 176 678 649 535 177
6454	11256 616 11102 9881
6455	7978 3051 5609 6640 8282 11272 10503
6456	4458 7562 6033 4452
6457	2218 228 621 807
6458	892 2547 2906 9755 2460 7707 592 8841
6459	2637 8784 157 9371 5541
6460	592 1178 1278 213 904 2538 5219 6671
6461	5172 560 10011 10013
6462	5238 4906 7414 7876 5926 8295 5966 7773 3100 230 9363 5730
6463	3301 390 5032 9235
6464	6218 4328 1948 10077 7788
6465	2137 3057 355 1722 7715 10230
6466	8053 8080 9289 4785
6467	2941 6137 2175 2946
6468	1222 1244 2482 8832
6469	1804 6321 8996 3641
6470	7599 9671 11702 9672 9975 11339
6471	758 964 1076 649 822 1463
6472	10725 6440 3568 11470
6473	7406 736 6288 10125 8101 5993 11276 2969 3651 7337 4699
6474	2021 9624 9591 4594
6475	2439 8550 9329 471 10905 8649
6476	9559 7212 4837 8928
6477	9502 8424 11200 9501 10876 11616
6478	1764 7577 4295 1792
6479	760 427 274 531 8758
6480	2451 133 3730 2449
6481	9510 9507 9527 3094
6482	2503 2472 4341 4254
6483	4704 1299 8533 2287 854 2482 9047 211
6484	10984 11367 10336 9356
6485	10878 10891 4241 9507
6486	6852 9283 4041 7520
6487	7275 10032 192 417
6488	11200 10420 8547 7469
6489	6878 11636 6877 9948
6490	10525 1393 7529 2453
6491	7332 2599 5002 7800 1332 3031 2637 1772 5706 2497 8896 4775
6492	6655 6750 10140 4103 2573 7686
6493	4418 11381 9963 6174 11048
6494	758 973 1918 1264
6495	7780 10212 1845 9021 10185 7562 8625 6474 4536 6672 6255 10216 4776
6496	409 10888 9383 6152 2743 9895 9958 3897 7136 11655
6497	633 544 693 289 522 519 381 422 746 1003 608
6498	6006 5632 9202 5415
6499	10392 11261 10393 11264
6500	592 1359 289 1983
6501	1056 1870 1857 7177 2590 1683 1883
6502	10908 11702 11224 11198
6503	1762 1091 1486 1114
6504	8566 7434 6470 3862
6505	1422 11275 4977 896 6373 8702 460 663
6506	8094 567 8627 6549
6507	10087 1073 9315 8961 781 6013 11348 6335 4353 8575 8063 6235 5507
6508	7233 3431 9282 9627 11823 307 4897 10472 10378 4425 8729 11331 1986 6682 10116 11443 6378 6268 45 7368 7234 4233 9276 2599 11463 5348 11326 5707 11001 3764 7227
6509	7378 1625 9065 3031 2459
6510	1787 8493 6059 7539
6511	4399 5583 5299 8802 2879 5371 643
6512	8662 7476 6127 10241
6513	4889 2703 3417 1831
6514	11853 11847 11549 11846 11489 10578 11880
6515	5251 753 1629 359
6516	9322 178 9681 11567
6517	6235 2876 5134 2582
6518	10172 6984 3379 9429
6519	2287 1060 5219 3291 1626
6520	151 24 99 9422
6521	2318 2381 3467 3130 1927
6522	1324 3949 7109 6936 7906 6575 379 7723 4513 7355 5662 3701 7421
6523	8083 9846 9286 11422
6524	9093 9332 4317 5830
6525	5697 4779 4059 4060 3818 3918 3919 4202 3024 5884 1413
6526	5210 11546 9578 3500 3389 11243 11085 1681 3581 6361 7274 2188 10516 9417
6527	596 4692 590 5693
6528	772 8615 4271 4270 6168 4969 5221 6278 5146 7160 3208 5374 4900 3689
6529	967 4153 10123 285
6530	11605 2008 5044 692
6531	806 4407 6186 4167 2461 9930 5179
6532	5517 6374 5311 4811
6533	9198 9461 4408 10511
6534	7673 1863 2369 899
6535	2162 5665 1906 10757
6536	6881 4034 11224 8427 8287 6241 7371 11097
6537	8890 8517 8892 2967 1166 3633 10079 7245 10538 3133 2291 2524 8862 171
6538	7867 10382 6972 3561 8498 550 8069 1140 959 325 11006 6648 2536 4792 7539 8463 7862 8494
6539	4706 2119 3565 4158
6540	7546 2915 7865 7669 7935 6658 7384
6541	5756 3591 10027 3227 2010 6122
6542	6781 313 3503 3110
6543	11426 7926 7439 6762
6544	105 4821 127 103
6545	2022 3785 3009 7293 2399
6546	10147 9004 10195 8998
6547	10512 471 7282 1933 1424 7946
6548	6006 10722 3856 2404 7657 694 6609
6549	2042 6690 2023 349 4045 5439
6550	11441 11859 11411 11643
6551	3651 9192 9230 9694
6552	9615 11212 9782 9940
6553	5898 1733 2126 10410 10202 4158
6554	3961 5812 24 778
6555	3060 3957 129 3148 5721
6556	2536 9780 3048 2993
6557	222 382 210 422
6558	9992 8134 5593 1092 6521 6963 2373 2249
6559	4385 7575 7412 7603
6560	11022 11761 4550 10378 6573 8773 8483
6561	445 11814 1952 7488 6817 8980 11786 424
6562	114 7338 8167 118 10309 3184 10954 9988 5624
6563	2807 2354 7014 7568
6564	7005 6411 1917 7001
6565	7914 9934 4934 5022 4933
6566	10160 10831 8162 10184 10182 9866 7868 10189 10216 5705 10181 10218 10409 10938 10950 11597 7971 10213 10795 9024 10151 11165 11873 10196 10040 10219 6915 10175 10281 11874 7067 10063 10408 9022 11841 10064 11164 7867 8060 11384 9023 6925 10156 10413 10066
6567	3296 4502 2018 2358
6568	212 11586 8504 9582 6837 483 8919 8478 11026 11210 11063 1694
6569	2510 3300 4995 9346
6570	10935 5305 5352 5319
6571	5559 4158 820 481
6572	7773 5968 8501 7694 8466 8772 8924 8500
6573	8635 1027 8637 8571
6574	11688 11543 9968 10696
6575	8082 9371 6695 5007
6576	70 98 7338 102 9471 9857 11486 112 11501 15 9472 99
6577	3087 3298 3084 2295 2169 3085 5371 1172
6578	7049 1795 10012 10330
6579	9771 9637 8651 7630
6580	4434 4268 5384 341
6581	7437 3058 3698 5556 1084 8142 8542 1654
6582	11647 8768 1509 7248 10265 11554
6583	4054 10909 7630 9509 11372 10997 4022
6584	625 7099 6392 626
6585	3152 7238 5324 9152 8896 6074
6586	9668 9195 9127 3327 6930 10708 9568 11725
6587	3967 7312 7309 4486 2299 3859 10033 7383 3759 6009 1099 8067
6588	884 4451 3008 3307
6589	1671 2788 2395 1359
6590	6756 6755 6757 6751 11862 6754 6425
6591	4528 3352 568 8132
6592	2541 1422 2333 2504
6593	7005 8567 3250 10129
6594	2319 6948 4071 7054 8927 1735 6024 7496
6595	10583 11252 9091 9876 5888 2153 1400 11410 11182 3420 8771 11476 2185 2492 1402 5578 11402 3475 10252
6596	4547 2411 6619 4071
6597	2426 6018 3829 7210 353 1911 3596
6598	9133 8787 9131 9461
6599	7246 5363 1936 2613
6600	305 2829 3780 8532
6601	6549 9461 10989 6163
6602	67 63 10528 9427 5624
6603	7820 6938 7583 321
6604	7349 7713 7261 9148 9105
6605	2998 8972 2997 6937
6606	5363 11316 2041 173
6607	10707 10032 7540 8463 8770 915
6608	6306 8972 5693 8382 7832 5577 5173
6609	8466 11088 11022 7705 255 1411 247 8486 915 11471 7384
6610	4956 5401 2155 10669
6611	840 5716 5363 1918 6970 6220 5194 4762 5331 11219 4254 6769
6612	1048 9471 11691 2135
6613	2892 7079 8794 4071
6614	970 5741 8357 9668
6615	1264 8413 7684 5507 9328
6616	8944 9058 9590 8339
6617	8921 3711 6358 3131
6618	8850 11373 5441 11060 10651 11199 11062 10664 3475
6619	3018 2541 1627 5090 5895 7142 4458 1770
6620	8391 10423 9975 9881 7021 7883 6704 3448 473
6621	7707 3311 2156 537
6622	614 4259 4974 808
6623	5830 5919 7356 3943
6624	1053 1932 1463 949
6625	733 969 744 519 536 840
6626	11492 5076 11065 9175
6627	10315 6844 1811 10379
6628	2766 455 1135 367
6629	8873 3227 3131 3099 9743
6630	7829 9384 8885 328
6631	2642 535 2639 822 176 1264 1496 821 1116 1233 1136
6632	1388 7387 688 728
6633	1066 5461 5460 5459
6634	5824 1628 8046 5941 325 341 6498 331 10230 20 5435 7231 8997
6635	10129 808 2528 3315
6636	1170 1958 2610 4667
6637	10234 9491 5165 6922 3944 9173 6882 11628
6638	3139 7248 7833 10415
6639	2577 2604 10530 4688
6640	530 1432 5257 5040
6641	5883 1537 9127 6113
6642	1035 6691 1359 5439 1263
6643	702 5145 2477 1363
6644	7732 10081 752 619 842 5165
6645	11074 10869 10506 11653 9273 8919
6646	1251 4279 6303 201
6647	2715 495 3177 2862
6648	6007 1561 1981 2030 2786 2510
6649	10047 7402 9891 9103 10258 8853 9518
6650	171 7554 6511 2460
6651	8351 8640 9596 9682
6652	7745 3280 7747 7376
6653	1825 11904 9164 7978 8071
6654	915 9461 11305 8774 1694 6838 11896 6581 7561 9290 10315 10024 10807 9968 6906 6439 11058 10580 7571 10877 578 11220 11018 11461 8830 7713 7057 11587 6991 11899 9967 7119 10569 7080 2093 8461 11593 5506 8757 10896 8105 8485 10342 10583 10970 4284 373 11539 11884 10205 9603 10883 9893 11471 11831 1375 6616 9582 10665 5780 9361 11005 6913 11538 9270 11544
6655	11559 2141 4529 10571 11414 10469 11442 11514 1822
6656	11831 11819 11305 11027 9134 11511 8504 8503 9461 11673 406 6363 11668 11600 11179 9968 11817 11628 5186 779
6657	11919 11833 11832 11491
6658	2128 614 6409 6371
6659	6979 11179 10707 11911 10717
6660	8938 8842 2967 9729
6661	1800 3611 2572 3939
6662	2186 7010 8460 7215
6663	1688 4957 3497 2425
6664	3091 1731 83 8012 3888
6665	7006 4328 4407 8125
6666	5973 10175 4209 8068 1811
6667	2932 3153 1627 11806
6668	1103 2289 5594 755
6669	3275 1226 4034 1763 5279 865 3806 866 2656 10899 8160 6700 3977 638 664
6670	6451 10122 7474 3264
6671	10983 10558 10724 8717 6408 10024 11305
6672	42 5439 9810 6767
6673	11304 2087 9688 10671
6674	1816 289 758 2465 3861
6675	10894 10357 6735 11640 9961 10503 6205 5506 6996 9164 11817 11681 11529 10928 9359 11538 6980 7789 6805 8492 7080 4487 11831 10873 11220 6648 7137
6676	3444 8524 4004 6714 5161 7883
6677	11871 11361 11707 10555
6678	544 335 706 526 547 653 840 742 1061
6679	11403 2577 1579 5946
6680	746 1113 747 285
6681	3844 3644 2281 3824 3201
6682	7719 4851 11200 10490 11155 11372 8015
6683	2749 1650 1252 3961 5583 5173 590 671 6293 5041 4768
6684	11798 4971 2181 1503
6685	2897 2598 3464 3662
6686	11186 9229 597 7676 4088
6687	6818 1529 10590 4027
6688	4172 1529 228 4269 1545 4971 4209
6689	1635 664 1264 147
6690	10757 24 6313 10373
6691	8569 8568 8570 8344
6692	5843 6034 7127 7860
6693	6999 2696 228 7971 2379
6694	9541 9383 9231 7291 5780 890 9570 6296 7444 11054
6695	5563 1766 7941 4772 6423 2676 6296
6696	9729 42 4088 1929
6697	2983 734 1857 253 3967 2816 170 3561 255
6698	6408 3556 7176 76 77 1239 351 3344 3309 70 412
6699	280 1060 59 5237 1643
6700	6858 6373 1714 3884 4574 5108 8119 5747 8050 8065
6701	4446 613 2133 2965
6702	909 7325 7379 9238 2890
6703	4660 1107 2665 850
6704	2568 2460 1519 2700 6220
6705	10058 10605 10056 10054
6706	10999 3651 6200 9227
6707	11810 397 1594 7638
6708	6306 7399 7827 10789
6709	621 3264 24 1489
6710	5089 7228 7231 5718 4037 2890
6711	10169 6153 10313 6055 10182
6712	7078 9456 9248 7278
6713	7660 2910 10789 7248
6714	9188 9574 9684 7818 10779 4724 5301 7822 11799 10323 2068 11879
6715	8927 6792 8991 5469
6716	9439 5646 7555 1013
6717	1223 301 7342 8095 6308 229 1615
6718	8195 845 1622 2097
6719	9417 8493 6209 3081 4550
6720	5326 3868 2614 7721
6721	7482 2421 3764 4101 4686 3575
6722	337 2067 420 4382 3641 8873 471 3304 4069 3233 3043 5918
6723	2712 8827 8595 4828 97 6946
6724	4762 2264 3667 4259
6725	2905 8920 4991 7805 8212
6726	3277 9667 8696 5332
6727	781 2987 2246 2812
6728	9461 9459 9185 9822
6729	9959 10927 8287 8794
6730	4388 4345 6099 2497
6731	11527 5772 11504 9284 11074 10992 8988 8430 11756 11012 11022 5712 11507 11890 7824 11759 6529
6732	3384 725 894 10933 10621 11494 6613 4459 11087 6904 8927 2060 2614 1985 9668 2813
6733	9189 7602 7099 2327
6734	5504 10165 4785 3962
6735	11584 7142 5450 8727 7162
6736	10641 5297 4762 5271
6737	4655 6087 10211 957 2092
6738	1332 3191 4250 511
6739	2022 10024 5860 5451
6740	11616 2149 10870 5420 6893 2890 2041 178 9645 6059
6741	495 5439 618 4622 1941 4577 937 2459 2460 760
6742	4 9474 4222 6337 8062 5931
6743	7122 724 11404 5432 11773 4228 10462 614
6744	3317 840 491 4762 3861 2593 3339 5989
6745	6204 11537 9391 10892
6746	1504 431 941 974
6747	1062 2706 3512 11045
6748	11779 1581 10291 4623 5123 8179 2460
6749	1437 4818 4811 11150
6750	9430 9814 2070 199
6751	867 2476 1155 5275
6752	8273 8442 5506 10404
6753	4883 4550 6559 11711
6754	1437 6496 1931 8694
6755	11084 9461 10723 5066 10918 11211 4865 11305 8938 7376
6756	8938 1135 7300 11199
6757	263 5383 5377 5375
6758	8484 9581 9957 11353 11575 6640 7694 11895 11546 11095 7019 8483 6891 7496 8503 10932 8501 1140 9383 6731 11220 11080 6776 6838 9306 11655 2181 11270 11848 10427 10714
6759	103 104 116 115
6760	6214 7108 6474 9558
6761	11646 6948 11643 1297
6762	3300 4389 2379 7002 3847 2137 2766
6763	8494 6499 7503 11055
6764	11412 11642 5211 8240 11411 8024
6765	3277 8441 8911 1068
6766	5344 11343 7013 11024
6767	597 9822 5747 3878
6768	10282 7057 4706 10068 5672
6769	6228 10982 9091 7050
6770	6339 11044 10429 10428 7300
6771	8774 11914 9173 10061 10981
6772	10801 10804 10770 10769
6773	3785 9022 6072 4892 8881 3891 3858
6774	1035 2669 1811 263 2220 2776 846 177 613 1929 663 829
6775	2027 4353 6013 4354
6776	6997 2810 7873 2343 2093
6777	7842 9770 5929 9127
6778	8320 8831 6512 4448
6779	5287 4542 11404 8054
6780	7293 7582 7585 9187
6781	2819 3976 2162 3668
6782	8125 6172 1214 5432
6783	10889 7462 9508 7469
6784	3298 1073 663 3073
6785	8802 7716 4219 3435
6786	7072 7928 2349 199
6787	3571 5610 1352 1625 3285 3339 6199 663 7242 4528 173 3422 2524 7317 6138 5363 3505 8755 7435 8873 5020 10459 9586 1865 1898 8929 700 359 6988 2883 11402 7099 5520 2125 2956 3908 4189 9065 6905 2495 1594 5501 348 6969 2829 720 2920 3921 6020 4230 3526
6788	10806 9674 9655 9788
6789	229 1509 2394 4721 1698
6790	9387 289 7006 6217 1602
6791	8273 9667 7182 11653 9547 7011 11574 7245 9225 11389
6792	8607 3710 10191 10356 6905 3732 479 6403
6793	280 8774 11479 535
6794	2590 4780 3308 1045 1016 1932
6795	4419 2768 1279 9519
6796	1661 5624 2895 3570
6797	343 3998 262 71 2773
6798	3532 7057 6239 6500
6799	10506 11220 9921 11530 7797 3389
6800	9438 8122 9792 10102 7435 11309 9793 9200
6801	8097 11202 11633 164
6802	7820 11743 5966 9574 321 10117
6803	9510 11707 10891 8185
6804	649 3374 7566 1492
6805	3457 2965 1853 3566 1738 326 1423 1340 6421 2993 450 246 7205 199 2634
6806	10724 7082 9120 3177 704 10895 9460 8976 2151 9960 2630 11084 9362 2156 5757 8488 2128 3229 3223 6190 7088 7773 2659 9667 11542 9391 5366 8489 9273 8319 11305 5902 11541 10371 5962 10561 10376 11587 9364 9126 7691 4706 554 3220 2657 5221 4261
6807	2350 5650 6688 2935 3534 1659 5169 3734
6808	2357 3309 6548 992 2804 3082 335 7003 2894 6603 337 6011
6809	7036 9863 4560 2907
6810	10482 6890 9925 4524 11237
6811	9006 1948 7528 11023
6812	1359 5205 373 5517 5966 11778
6813	5259 10705 6006 9439
6814	1073 9033 5788 9443 9535 135 9571
6815	2284 2299 9733 301
6816	237 7174 8356 4259 10881
6817	7155 7988 10707 9278 4034 9274 11866 7131 8193 10484 6209 8791
6818	2482 417 3660 2463
6819	10404 11078 6204 11724 10981 10377 11054 11026 10982 5968 10378 11654
6820	8748 11217 7363 661 1928 11507 251 2890 5117 5771 9286 9759 580 2598 179 983 21 11504 632 8746 5400 7884 11108
6821	10973 10375 8539 900
6822	2003 2280 472 8129
6823	8408 4798 4013 8649 8564 6744 4703
6824	9925 10287 6076 7898 10763 10550
6825	1534 6321 2821 3731
6826	6809 2091 2650 6473
6827	7437 8099 9480 7772
6828	7302 7342 8606 7166
6829	4274 7317 5759 7328
6830	3906 9467 321 9805 1722
6831	773 4474 585 9769 3925
6832	11857 11856 7018 11858
6833	11078 965 10896 11243
6834	3250 382 6986 7744 1988 5731 3766 2367
6835	10876 10904 10885 11086
6836	9113 4066 8938 9543
6837	554 10438 178 9065
6838	4068 7513 9660 9322 5299
6839	3296 8214 9717 7435
6840	1988 1948 3239 9531
6841	7102 6919 4667 9686 8629
6842	874 7229 4014 1608
6843	1558 2217 5166 3158
6844	6461 5233 862 4375 5353 1216 4236
6845	2468 3276 1595 1730
6846	558 322 4704 11119
6847	9544 10232 6686 913 10229 10231 10227
6848	4504 2992 10759 10747
6849	10154 10609 8996 4710
6850	5568 2674 6775 5807 9476
6851	7196 11416 10835 10913 10836
6852	8570 8646 8585 8639
6853	806 136 1600 7248
6854	705 7688 11746 2107
6855	7 6141 2131 10456 7307 11325 6756
6856	4776 6359 6496 11269
6857	1449 1641 1106 1512
6858	10003 10956 10004 10430 10429 8269 8736 341 7246
6859	6255 9204 9205 341
6860	7290 11676 6971 9237 9042 9484 10717 11627
6861	9689 2966 1145 234
6862	1761 1054 984 4464 520
6863	2996 6451 9618 6415 5624 3671 620 7897
6864	10862 11332 2575 1098 9975 10861 11001
6865	961 9101 7140 2540
6866	8751 8354 10905 3118
6867	8170 5720 10996 10967
6868	1130 1231 1119 1474
6869	5504 1386 3278 6251 5643
6870	8996 4948 7363 4706
6871	11819 7200 9085 7652
6872	6571 3508 8925 5169 6823 7256 9837
6873	9130 10106 8218 9132
6874	2675 5141 3015 3834
6875	2440 5278 9082 8398
6876	2269 9237 9231 9984 2831
6877	3424 2585 1476 1931
6878	4406 8925 11266 2540
6879	7960 8074 6184 8075
6880	2394 3738 8972 6937 3345
6881	9540 6440 11554 11553
6882	4958 3511 558 2993 3899 1592 6392 3989 3295 3907
6883	10040 4376 5945 1525 9262 4259 5933 1994
6884	10107 7462 8944 9208
6885	10669 9094 11744 11168 10378 11067 10398 10984 8924 7010 9223 10929 1968 8866 8487 6363 7072 10671 7349 9207 9727 9201 8923 11059 10992 9702 8899 10636 11830 10699 9231 9711 11063 10689 6837 8485 11380 916 4000 2099 10381 8751 11864 9713 10400 9 6904
6886	7253 6632 5802 5470
6887	11834 10007 10257 11833
6888	4584 6937 6097 2228
6889	2891 5291 8842 8405 5286 5439
6890	3482 6478 11312 334 1114 1516 6479 4653
6891	1826 894 855 675
6892	2004 8176 4658 2832
6893	4770 7119 11600 8067 11212 11471 3346 10342 2181 11244 10928 10588 10499 11738 8746 9893 7500 8774 11685
6894	941 946 1216 840
6895	3293 4714 5845 5439
6896	720 6526 4678 7117
6897	180 2635 1904 5329 2176 1897 374 5345
6898	7777 10078 1195 11439
6899	471 269 4998 1332 1596 1594 4909
6900	11666 4277 8926 6640 11512 7241
6901	5550 7252 187 7461
6902	11220 11386 199 3292 9134 4259 11403 1402
6903	8795 2729 2894 7171 700 5054
6904	7684 7244 7521 7821 9229 7379
6905	4118 4027 5439 2349
6906	6595 6115 5515 7526
6907	5785 1833 7244 462
6908	4987 2893 7447 10230
6909	9960 9082 8112 9083
6910	10846 10845 8938 10847
6911	9791 2005 7398 4534
6912	5106 4948 9201 9681 7760 7377
6913	10555 9501 9486 10640
6914	8752 9709 3359 6905 8109 4328 6360 8105 7234 5747 8927 4028 9590 1116 5364 3112 7430 8120 7382 2925
6915	5680 613 1739 1312 597
6916	1126 2135 2214 663 396
6917	10383 11512 11207 9260 10662 5735 6815 11672 10785 7242 11056 8779 10786 7383 8796 8793 7219 7006 11067 6125 11065 9921 11052 11059 8897 2816 8791 7635 10788
6918	4191 5618 1837 3120
6919	9960 8403 7019 10892 11209 7182 7978 6836
6920	2535 2358 9344 6120
6921	8998 8071 10180 10185 11498 10219
6922	1643 867 973 1463 2142 6335 1216 7329
6923	8323 443 11281 9768
6924	531 7296 3499 3695 1594 280 8827 1116 752 9473 11335 3505 8919 3118 1397 10307
6925	526 1486 1071 1076
6926	9299 3101 11717 2165
6927	7159 9715 11768 11514 9909 8643 11826 8644 11838 4215 1369
6928	1203 275 534 713 292
6929	11152 5109 4948 8136 9755 6423
6930	3410 831 3215 6255 5111 6299 5376 2214 3445
6931	3967 6691 2185 3144
6932	8103 6474 4833 7810
6933	2135 5941 1863 4397 5 1002 4281 3285
6934	5439 5665 6661 5075
6935	7077 7048 7458 10449
6936	7560 4837 5165 3958 7377
6937	4221 575 2333 2471
6938	3362 7488 6572 8974
6939	5465 9556 5641 11120 1837 4284
6940	9305 11668 8922 10981 11575 9384 9234 11310 11759 11540 11230 6735 9571 11207 10379 11906 9825 9827 9826 9225 8738 9965 4277 9390 10696 10881 9581 8009 1694 11524 10932 11900 11064 8805 10828 11059 11586 10383 9366 11899
6941	10089 2341 9472 620 11485 149
6942	4712 2373 3372 2531
6943	11421 11423 11426 7803
6944	6107 10671 8634 7046 1538 810 7318 4876 7746 3989
6945	1772 5270 864 6512
6946	10569 11096 8271 40
6947	970 8343 4543 8720
6948	10309 9988 145 11497
6949	7394 1083 1734 6858 9227
6950	7517 7512 8194 7513 2094 3526
6951	11627 9354 10259 11094 8441 5504 9638 10404 7250 9711 5210 9854 9179 10981 6891 9387 8897 10970 8481 11389 9695 11471
6952	9509 9526 9494 9503 9498 9500 9496
6953	1463 410 3901 5229 4373 4050 5230
6954	7328 2395 1764 4122
6955	4469 461 5913 8839 8403 6366 5989 925
6956	8717 11529 8487 10760 6743 1285
6957	10925 1293 9140 7448
6958	3745 1372 1145 3371
6959	11060 6425 11729 7219 10958 7307
6960	626 533 744 4637
6961	1346 8610 6261 8031
6962	10286 10611 889 4733 7749 3320 5880 9136 7748 8515 1015 2096
6963	9975 9096 6979 1162 7262 9961 4227 3051 11094
6964	10403 2737 3147 9058
6965	2856 8252 9913 4150
6966	6152 4888 5996 7033 617 7789 7383 5450 9354 4380 8904 8488 1720 3389 4228 2814 5213 277 8906 301
6967	7766 7644 2175 2416 4159 5850 3628
6968	7700 7461 5504 1051 9669 8820 8860 7500
6969	1319 822 832 814 766 1253
6970	874 3030 7031 520
6971	8604 511 8285 7887
6972	4623 4204 5436 341 8536 11159
6973	7879 6576 917 6058
6974	11553 10109 6173 9087
6975	9171 8204 8203 8304 8303 8301 3655 8306
6976	10366 4148 8086 11280 4667 9974
6977	3981 1100 9410 3311
6978	7017 4823 963 10195 4098 2989 1918 5629 2580 9154 1407 6234 7938 970
6979	596 583 3389 8012 5230 6204 1133 8484
6980	5638 7599 8364 5923
6981	5944 10731 10730 3769 11755 8429 4443 8742 1591
6982	9205 6607 7546 4492 7122 240 8453 7088
6983	8850 6287 459 4798 8094 7122
6984	3495 2165 1116 2369 808 299
6985	196 666 3311 377
6986	11587 11574 11544 11513 10865 7275 7277 10932 11404
6987	1801 504 2582 4577 3458 465 1722 4528 2406 4094 461 247 1150 1151 3117 1196 5228 6219 2394
6988	348 9826 1037 3169 9584 4863 9836 6384 2118 1846 10327 2404 9823 9155 9914 2963 2030 56 823 3805 4256 10331 7122 9917 5259 4389 9828 4684 7130 10626
6989	9582 179 10373 7019 7148 7341 7512 8500 5610 8466 4208 8772 5750 2063 2137 3967 11729 7261 9126
6990	10373 5450 4259 10055 6691 11633
6991	10024 8517 11179 9133
6992	2099 388 2711 8184 45
6993	6730 6989 4477 3681 6617 8879 6519 6139
6994	7466 8996 3792 10265
6995	530 5110 2667 2873
6996	3946 8538 5742 348
6997	4892 11432 2134 1994
6998	1668 1343 2039 7690 4267 8910
6999	5259 7436 10199 6948 4987
7000	3974 5712 2882 7415
7001	11425 6023 11636 6992
7002	10699 4193 1621 10714 5961
7003	8542 2036 4973 10123
7004	6241 5266 4446 3800 4837
7005	1288 7419 7069 2801 2502 2563
7006	4059 4776 2575 6343
7007	11923 10257 10007 11835
7008	6560 4875 10163 7977 8165 6392 3300 8883
7009	598 6618 5422 2701
7010	2933 7845 4775 9993 10329 8330 7936 3977 6706 3116 10170
7011	8990 10657 6580 2310 3865 297 5259 1754
7012	2693 5491 3609 1426
7013	5729 5247 3316 3853 1952 6125 4856 4339 7744 6594
7014	11663 7248 7833 10527
7015	333 1226 5755 2227
7016	1218 8390 8974 16 5624
7017	11055 10510 9091 5968 9542 10699
7018	4428 3118 1537 1898 6411 1399 6905
7019	2518 2961 914 10307
7020	8832 1898 2379 1135
7021	529 2795 166 6543
7022	145 8946 8877 7342
7023	6158 11161 11269 9118 11217 10605
7024	1519 1072 8846 3780
7025	9563 11327 181 8717
7026	1734 2993 2066 2593
7027	9001 1615 8974 4840 5812 8068
7028	8502 4058 5665 3142 143 8189
7029	1135 7848 3761 7723 2567
7030	1135 7809 8239 2379
7031	9701 5984 1537 4254
7032	6553 3003 6277 7491
7033	1561 1072 4833 3303
7034	7092 6765 7527 6602 6605
7035	7425 5859 5308 7761
7036	8072 4776 6178 3820 10390 7868 8057 8874 6086
7037	2435 2135 390 5841
7038	9881 10906 7514 3978
7039	7509 6541 8427 10337
7040	3731 2357 3979 2141 10209 2540
7041	9277 8984 5230 8981 4436 1222 5772 7207
7042	10936 5913 1288 10705
7043	9300 11759 9461 8922 8796 11094 6838 11831 10070 10918 7689 7691 10024 11544 9161 11574 8480 10723 11758 10700 10724 10510 8445 10854 10379 10888 9424 11673 10760 9332 6975
7044	927 733 1112 422 747 1761 1210 821 726
7045	2993 334 5141 7534 2416
7046	2502 3955 5898 2801
7047	9673 9674 9735 9734
7048	7487 3203 43 5439 5714 1381
7049	7513 2651 2988 3145 4259 7980 6745 2155 797 97 1890 2092 1918 8683 879 6858 3820 6884
7050	11204 11166 2275 11674
7051	9678 2679 2626 493 2521 1745
7052	7331 10652 7052 577
7053	9827 9836 9825 9828
7054	7311 2640 5576 9918
7055	7720 5 8144 10354 9233 6378
7056	5140 4699 6873 1988
7057	529 2708 983 189
7058	3916 4798 10756 10973
7059	5847 3423 4161 5248 260 1155 4229 2711 199
7060	1069 7123 2412 5098 4737
7061	5140 4391 7317 1948
7062	800 1079 1761 1206 799 1143 1493
7063	2165 5635 2960 6844
7064	4214 8271 8466 9303 9759 11225
7065	5610 865 5226 5606 1751
7066	2714 4449 3695 9439
7067	592 1653 2213 6028
7068	3759 5152 2014 2773 5456
7069	5900 1928 5683 1640 7521 8792 6047
7070	2115 8165 4153 1796
7071	10724 9925 3942 10585
7072	2674 9459 5357 10055 10054
7073	11179 8461 8478 6976
7074	4449 3713 443 2398
7075	6916 9974 642 3071 5320 4259 11540 9547 1470 2993 11672 3085 7691 5029 7229 5153 6888 11535 4045 6467 10070
7076	779 9187 9229 3641
7077	6110 1280 6010 3999 904 387 5731 2035
7078	8416 8953 8421 8414
7079	9125 7248 9133 3391
7080	4469 2124 3285 8627 10205
7081	9231 8502 9281 7224 8441 11209 7784 578 10024 10405 9927 10587 1159 11541 6731 8717 11354 11819 9126 8505 6190
7082	3144 1359 10005 2283 4827 1204 1455 6556 539 899
7083	9760 7318 7227 3291
7084	8814 8678 8674 5196
7085	3221 942 9884 7767 8555
7086	285 1061 747 1035 586 313 744
7087	262 661 136 9429
7088	3302 3089 6657 204
7089	3390 6729 6083 9178 355
7090	9362 9363 2517 10887 9486
7091	3226 1148 4166 363 3229 195 2917 3216 3220 4413 810
7092	8899 6562 3899 4874
7093	9523 4544 9247 11636 8207 5314 7451 5308
7094	3518 10047 10827 11428
7095	8732 8733 6756 8599 11325 6757
7096	7034 1177 4626 9628 8129 8131 10318 8898 1929 7245 3285
7097	4168 2021 4163 2861 2416
7098	6751 5899 10400 6474
7099	272 179 300 245 258
7100	3233 7885 5779 1374
7101	4587 5268 6232 5261
7102	11566 11604 9429 9478
7103	5562 4743 11049 5920
7104	3763 3963 864 2990 5245 3382 5502 2162 5275 3252 3704
7105	4558 995 256 4434 4376
7106	9478 4393 1490 4394
7107	5001 7004 4598 2172 8238 5947
7108	3597 5025 7065 6780 4312 11162 9929 10449
7109	300 6067 2300 2808 3912
7110	578 11671 8505 6853 10711 10700 1178 7678 8919 8480 9701 7018
7111	8717 3506 5117 176 8751 3377 10507 9713 11672 10520 8544 9583 6648 7384 4270 1215 10703 1431 8964 11027 10784 7784 8283 6208
7112	4364 1264 2435 6030 9419 1710 5802
7113	4471 2158 2190 2528
7114	10146 6116 4698 6652
7115	7986 129 9532 2089 3940
7116	1032 6602 758 8341
7117	11210 11065 8505 11061 9388
7118	10411 1099 11696 6089
7119	8482 10503 11217 6359 7055 6206 10606 8556 11403 9099 9120
7120	7829 7120 6036 2951
7121	1687 188 3862 1919
7122	10875 9368 7947 4643
7123	11180 11767 11699 9840
7124	11348 9989 6835 8480
7125	4780 9934 11115 3563
7126	7463 5267 5260 5274 5249 6248 6414 7464
7127	11428 5238 2350 2720 8520 1926 7397
7128	285 284 1696 6588
7129	8754 5140 8871 6514 3128 8909 8938 6470
7130	3090 7349 6710 2685
7131	7908 6518 3280 2423 1650 5740
7132	5999 4530 10856 4013
7133	57 6683 6884 3694 902
7134	661 4856 2131 5749 4876
7135	7669 6836 5306 5305 6389 6203 7277 5315 10174 9232 5317 7503
7136	3351 5239 7394 5881
7137	4972 6216 4016 9727 9207
7138	1654 485 11123 599
7139	5070 5244 8617 4832
7140	9372 6232 6058 6729 7146 11086
7141	5560 973 923 9555
7142	205 4837 7102 3303 495 1229
7143	775 1781 1501 2508 4837
7144	4144 3485 8970 3902 9401 5479 4095
7145	6002 9107 1134 7137 6298 11789 4706 94
7146	11606 10724 11154 11481 5382 11605 10024 11482 10757
7147	9134 9441 9461 9129
7148	10276 10562 11084 10696 8434
7149	9913 1772 3119 4259 5830
7150	3304 2412 6580 4083
7151	9918 9911 2181 1422
7152	2962 7750 1962 3059
7153	9548 6714 3821 11468
7154	6775 602 682 11423 5439
7155	8453 2614 5150 6686 2663
7156	4268 11641 11702 5300
7157	3659 3071 7248 7189
7158	9985 8885 7530 3651
7159	10666 781 2101 10155
7160	4179 4208 4520 3963 10757 2658
7161	6625 7833 7248 9659
7162	4762 2165 1931 1035
7163	2460 3695 285 11026
7164	7667 469 277 461 6846 6315 1887 3664 5962 6948 3571 8873 7597 10098 4528 1280 9236 4261
7165	3192 5679 7248 5001
7166	4942 9964 2603 1264
7167	3978 3967 4259 2491
7168	6339 11177 11062 11060
7169	4163 4166 3383 5860
7170	6526 3548 4492 5835 4482
7171	10230 9229 7328 8751 9898 5885
7172	8573 4353 1800 2271
7173	9244 3017 2109 808 5259
7174	3363 9466 6691 9821 2335
7175	2056 11157 2066 3386
7176	4871 9446 7978 9448
7177	5088 11662 7454 10740
7178	4746 4922 1264 661
7179	3710 6744 5275 1577
7180	11538 8571 11311 10960
7181	1941 925 5233 2102 663
7182	6864 8442 9117 10575
7183	6720 327 11145 7066
7184	8079 1334 11431 10407
7185	4388 5966 1374 5490 10167 6585 5995 8607 1880 4061 2744 6944
7186	123 3181 10545 3180
7187	11576 10772 11579 11578
7188	9285 4706 661 175
7189	9758 3450 5487 8585
7190	4705 7058 11124 1734 123 6512 9759 7056
7191	15 9883 11580 145 99 16 3286
7192	8339 399 10120 1487
7193	3621 11608 11861 644
7194	10558 11280 10883 9745
7195	8751 9760 5830 6217
7196	1271 5714 2247 3074 8264
7197	11219 10325 9100 10541
7198	808 1490 1053 2309 1751
7199	6221 4179 3234 8122 4469 6668 8971
7200	7397 10642 1313 312
7201	7010 144 11700 3184 9417 11161 5624 7908 167 25 5504 9695
7202	2412 4833 6781 5947 4729 899 9694
7203	3237 11240 9124 8783
7204	597 3073 5248 897
7205	4038 9540 3861 4259
7206	3624 6109 9083 4542
7207	3835 6731 9096 10663 6190 6206 8482 6835
7208	11162 1555 5035 9462
7209	5692 973 9237 4837
7210	1260 1678 983 1641 1855 1507 1441 1642 237 1405 1472 737 1483 1360 1249 1905 1303 1404 1480 1319 1482 258 783 1679 1690
7211	6380 5501 6138 5437 9814
7212	4798 7414 8404 1039 2502 8766 9726 1135
7213	899 8485 4302 8871
7214	9426 2602 2140 11333 2413 2160 5195
7215	6598 7833 11663 9659
7216	10886 11745 11707 11361 11731 11363
7217	3384 4407 10845 9207 10118 9729 3118 10846 404 6207 4376 3574 10847
7218	776 3026 2980 445
7219	6425 327 10021 8681 8679
7220	5110 4574 7015 5581 8190 7178 2862
7221	4073 9931 11335 9549
7222	6404 8709 4728 9545
7223	3264 8167 3671 6314
7224	10263 2369 2090 715
7225	8493 6529 10351 10030
7226	9001 2675 7310 6585 7311 8734 7306 5041 4973 3035 3766 7309 5281 5817 5419 8043 2117 6752 10405 5439
7227	3741 7248 4573 4976
7228	10872 10488 10887 9500
7229	9689 1007 6512 6281 9694 1067 5675 5676 8964 8583 11024
7230	3745 1229 9477 5980
7231	4471 4026 6948 4678
7232	7281 7010 3847 9247 289
7233	7555 9301 8616 6857
7234	1351 7844 7170 8837 8841 7169 7168 7319
7235	7906 9103 9428 10827 8337
7236	3302 4886 1278 2208 3343 1051
7237	9332 11317 4728 9135
7238	9937 1785 1042 1978
7239	11554 11553 1135 11402 1240
7240	11768 649 6267 3560
7241	5493 8618 4031 2990 366 4223 1274 772 616 5489 754 960
7242	5378 9340 7513 6919 7981 7517 8838 1995 3878
7243	25 1509 68 1614
7244	6964 11424 6963 6992 6833
7245	11108 7765 11224 5509
7246	5377 3947 3656 3979
7247	7013 3961 2341 13 7444 6443 25 2911 3132 5281 7897 6314 7340 46 806 3718 8974 3671 4868 2425 6880 4120
7248	10525 10362 9326 9325
7249	3107 4254 7546 10325
7250	731 3293 8631 1060 2978
7251	3285 6298 3720 899 9727 2966 9667 812 6388 9711 5309 8505 613 1798 4336 9570
7252	2828 2222 1111 1836
7253	7329 8771 9854 7920 10286
7254	939 5371 1183 1887
7255	8952 5260 11686 5274 7677 7196
7256	8054 10062 479 2129 6716 6009 277 10103
7257	6096 10046 6428 9518
7258	4775 5485 4623 2154 7697 2059 2163 8041
7259	8899 1827 3944 7777
7260	3691 4493 1098 2327 9239 1455
7261	1754 6884 7423 6566 10317
7262	480 4785 5999 6503
7263	10992 6729 2542 8824
7264	2744 2570 9501 546 2398 1331
7265	3423 7349 28 4056 6396
7266	6014 57 9665 3327
7267	4536 10155 7098 5436
7268	9538 9124 9196 3220 3907 554 3406 9358 5830 8043
7269	4574 4038 5259 5732 7951 3351
7270	2222 10219 5253 6251 1433 9893 4285
7271	2190 2808 294 1114 1653 613 3035 1846
7272	496 9228 9603 4503
7273	33 10699 305 11081
7274	10560 7478 10559 10401 10517 11856 5149 10406
7275	7547 7910 63 145
7276	9791 9461 8996 8953 7863
7277	7213 8705 10315 6357
7278	10427 6973 10511 8775 5780
7279	11155 1843 185 2026 8794 160 199
7280	4590 6690 4050 4891
7281	8303 8307 9458 8301 8203 7253 10242 8231 10100 10239 8348 9766 8302 8315 10245 8204 10393 10244 7150 10344 6632 9171 9169 9457 9170 9403 10246 8314 4138 9398 10241 10243 8309 10238 9767 8258 10392 9401 9397 8305 10237 8308 10343 8378
7282	8237 7653 6716 1837 7775
7283	5165 3523 1147 1928 4275 6886
7284	924 10935 8405 6853
7285	9693 4407 289 3376
7286	4536 10210 5743 10213 4850 7060
7287	1761 342 425 534
7288	5034 6903 5676 4254 2379 6085
7289	9547 8573 604 2460
7290	11634 7906 160 157 11426 11636 11424
7291	10277 10791 5246 11317 2993
7292	688 458 1762 758 1685 176 3381 664
7293	11261 10343 11383 11022
7294	1360 1485 1273 737 1282 1512 1404 1304 1040 1302 1482 1303
7295	151 9525 807 4831 7342 2996 2999
7296	491 1114 1817 742
7297	9504 10524 8547 8421
7298	7327 6138 2936 10793
7299	8862 11554 10313 876
7300	8158 6474 1800 4397 458 8268 3110 7863 2753 5665 699 4667 7217
7301	567 5296 2710 1552
7302	7292 7572 7274 830 10892 10595 10807 11173
7303	223 407 519 552
7304	5468 2785 11912 4550 10474 9578 6221
7305	11590 11805 10946 7577 8090 8073 11803 10187 11806 11917 8474 11816
7306	9972 11759 11022 10247 8281 10352 11758 11516 5203 11074
7307	9442 1332 9134 7679 5216 7828
7308	1729 1810 2416 6544
7309	6462 10570 683 11075 4224 8601 6573 3139 9332 11575 7908 9417 9105 3922 533
7310	2076 755 355 7512
7311	925 3303 236 2122 1352 1048 3463 2070
7312	6222 598 11001 7378
7313	4395 4022 5762 3681
7314	3380 4865 4520 1289 5693
7315	458 2291 7220 9689 6796
7316	10152 3624 11423 388 10176 2917 2583
7317	7539 6837 8495 7348
7318	5807 6713 3588 7999
7319	7291 3529 11538 3401 6735 6974 11594 8483 9541 6836 3443 11539 8775 6980
7320	10336 11899 8504 10592 4550 10982 9848 8505 5780 11654 11064 8502
7321	2754 7296 2881 6009
7322	7556 10772 7268 6760
7323	4273 4897 8742 7863
7324	6461 8048 6270 8047 8049 11637
7325	7660 10789 6937 2394 8913 5621
7326	1369 2213 6202 1720 2041
7327	6896 5364 8035 905 280 229 9232 8165
7328	7209 2540 161 2819 6181 7792
7329	6212 2536 3795 9771
7330	6938 2482 7425 9643
7331	3391 2604 4632 2603
7332	2067 9727 10352 11909 10031 10383 5578 11471 9278 11065 11067 9285 10833 10629 9260 10379
7333	518 4407 1812 8125
7334	4923 5555 781 1026
7335	2299 157 2685 10484 3662 2212 6240 2601 719 2567 9081 3994 1927 5096 5074 864 7704 10483
7336	8778 431 3532 3152
7337	1023 4876 1017 2032 399 3930 3864
7338	3905 4977 1597 2397
7339	1394 2698 699 6753
7340	9569 4242 5088 1204 5590 2463
7341	7009 9234 7333 8772
7342	4534 7718 4295 8873 4275
7343	9718 1359 5281 10233
7344	11341 5120 11404 836
7345	3979 5902 2054 3002
7346	11702 11443 10912 10871 11664 11693 6740 8668 2114 11861 8624 10906 11694
7347	5860 5308 9178 5316 10925
7348	11108 6979 667 7954 1897 7747 10386 6258 3331 7376 3487 2194 948 3579
7349	348 7850 7842 2889
7350	6092 3684 7386 1243
7351	9229 614 6948 390
7352	4574 2993 3143 2660 808 8137 6054
7353	6228 5654 5308 5401
7354	6217 4475 5375 157
7355	7150 736 5475 6562 6926 5472 2159 3941
7356	5450 5074 8447 6744 6536 7527 7005 6905
7357	6067 2460 5014 2651 3999
7358	3977 1698 1048 21 2094 988
7359	8421 9588 10997 10136 11610
7360	10899 10562 11599 9646
7361	8091 11461 11207 11252 8810 10665 11093 7994 11189
7362	7677 9320 8198 7701
7363	6573 2084 10402 9695 5163 7080
7364	8783 7140 1718 4546
7365	7248 11548 5830 3406 10891 10458
7366	2575 3895 9795 9158
7367	2573 2376 7582 5699
7368	11346 5012 4497 3019
7369	2501 10865 6079 8740
7370	8823 1774 1337 7716 9477
7371	11542 11390 10370 7713 9352 7019 11669 6613 5939 11667
7372	4440 4706 356 6116
7373	5213 7245 8012 11682 11536 11667 11724 9711
7374	3293 10553 11421 4714
7375	152 1022 581 10528 5624 1615
7376	9515 10884 10915 9514
7377	6713 10519 9684 10905 10612
7378	11770 10690 8015 9437
7379	587 6551 6584 8768
7380	1352 835 6306 3233 1374
7381	5518 2081 3405 8707 11509 2540 9688 10464 3285 7164 2813 5165
7382	5910 1702 6329 2463
7383	689 761 10401 10374 643
7384	5519 9280 6009 1374 10521 2412 312 2128 3889 1487 1852
7385	4017 1537 277 3043
7386	11237 11791 5120 10794
7387	539 341 5907 7459
7388	663 5190 3298 1978 2339
7389	1928 5 1313 3097
7390	8402 9048 8881 8423
7391	4451 856 6222 7831
7392	11321 4113 7315 7717
7393	2092 10325 2404 7484 10232 2439 3131 9930 2438 2342 4389 11124
7394	7263 9270 7467 7881 175
7395	11057 10835 9500 6609
7396	8050 8854 9823 5050
7397	5042 1332 699 11471 7061 10200 10861 11205
7398	6009 7036 596 4647 10283 1374
7399	2165 9228 8125 2989 11335 1811
7400	9899 9711 10865 7277 8445 9701 8442 10721
7401	9779 7342 10122 5624
7402	2000 9029 2024 349 6756
7403	8593 5217 10362 4997 96 3589 4416 8343
7404	11497 3000 24 10122
7405	6565 10377 7346 5172 8628
7406	355 11404 7356 10210
7407	10571 2106 3018 11810
7408	589 734 193 1509 673 1308 9779 6097 133 1207 1240 3888 3288 2031
7409	8356 7000 5676 11421
7410	8359 10468 5675 10460 4254
7411	9695 4622 5117 7541 10570 916
7412	3982 6474 4279 367
7413	10014 3044 992 4917 1751
7414	682 6552 8353 8444
7415	2559 1207 4437 11234 4940 9442
7416	5127 8311 1561 3942 9335
7417	7686 6392 3436 6059 10110 5568 52 10163 3641
7418	11366 6138 11745 6257
7419	4436 11217 2170 2459 11402 286 2417 5772 7010 5768 11403 3567 3515 10056 5940 5447 4889 394 5263 1524 7441 11214
7420	11637 9823 8621 11649 2837 11734 8388 11628 11492
7421	4376 9592 2094 9370
7422	632 786 1130 660
7423	5438 6255 7030 4331
7424	9391 10881 8751 11228 10484 10376 8964 10378 8776
7425	1222 6339 2041 679
7426	2304 399 1487 1576
7427	11159 11431 10155 10760
7428	4254 4267 11313 5380 6258
7429	157 11423 10649 9214 6327
7430	625 519 743 800 799 535
7431	9904 1662 532 7002 9912
7432	3393 8838 6690 2041
7433	7474 7799 1559 2314
7434	4073 1359 355 11498 1769 5665 5420 2383 1983 3525 1293 4466 1764 3460 4071 1580 6125 135 8218 2535 1579 8365 3074
7435	8142 3449 1048 5439 2347 781
7436	8749 1107 2346 6820
7437	9237 6737 11234 11819 11587 11558 10398 11640 9232 10375 11209 10514 8923 11914 7496 11654 5962 11535 11027 10592 10982 6979 7290 10724
7438	5298 1439 5761 5275 2917
7439	3765 5521 6171 4670
7440	5539 9204 355 10205 5178 661 5423 6993 4402 3759 3734 3685 3762 8168 11270
7441	687 988 1114 935 1143 1091 1511
7442	9672 2845 7792 5902 7789 5578 8501 10895 10920
7443	1943 355 2962 7781
7444	10496 11168 10506 7652 7881 9727 5320 10031 10441 754 7063 7789 10397 7541 1140 10597 7540 10497 6499 3877 9157 4745 10349 8442
7445	7383 10574 5099 4776
7446	9756 10533 11488 9755
7447	6426 2309 1792 6646
7448	10300 11474 10771 10301 11784 8661
7449	1608 6798 8629 7954 602
7450	7770 7769 11435 7760
7451	2625 4677 3498 2391 3497 7330 8054 4762
7452	10175 2041 11318 11319
7453	8280 11096 7805 9157 11217
7454	10178 5504 11200 10210 8115 7345 7961 2834 10952 9087 7026 10950 7265 10182 10949 7812
7455	11311 991 4071 1754
7456	461 568 2485 2883
7457	6652 7701 9087 11099 8198 11478 902 8547
7458	361 9039 639 6308
7459	8283 7241 10511 11593
7460	9724 6018 4859 8908
7461	779 1060 4867 555
7462	10338 5962 460 5432
7463	6470 7216 1 9769
7464	621 807 133 4344 1509
7465	901 2920 7121 4153
7466	10204 11338 3612 10057 9247 171 4471 2575 9561 10464 9523
7467	7251 7546 11920 6444 6144 3220 6287 3758 3639
7468	9879 1216 10712 7297 10538
7469	8089 4026 1811 2769 2460 11317 4259 2470 289 3376 8729 4940 6935 8125 7003 406 3128 3590 2993 10129
7470	9721 3053 8167 8322
7471	6512 10039 11425 355
7472	5014 7005 3516 318
7473	1520 2575 1654 4621
7474	11058 1509 10689 5434 9153 1307 11110 6735 10500 24 8467 8486
7475	7973 8811 2420 3697 8634 2074 4568 8564 7108 5435 11183
7476	2965 6781 4303 2496 1018 1435 276 772 7597 5331 2519 3221
7477	9932 1577 5665 3826
7478	4127 4706 175 261
7479	6906 2472 10064 9028
7480	10427 4844 2114 5748 3323
7481	4768 4450 5815 2480
7482	8828 10278 10805 8507
7483	8689 106 105 104
7484	4603 4399 7238 6411
7485	11589 10981 10507 10813 8488 11689 9234 8805
7486	7307 11077 6222 4706
7487	1654 435 955 410
7488	11623 6677 9472 9422
7489	4461 2213 7081 5005 6885 3099 5729 8911 3291 6766 1868 4905
7490	4204 6337 5907 341 4783
7491	10833 9950 7513 10788 10024 6673 11212 11208 9120 9089 11098 8924 7219 11066 11542 11305 8796 9290 10496 11684 11179 9461 10892 8261 9460 10584 11065 11589 7512 11541 7020 6994 10426 8866 11817 11226 10723 11220 10351 11683 11057 10958 11027 8489 7980 5830
7492	10122 7248 5812 7342 9659
7493	1362 4191 7557 1769
7494	10795 8047 11156 11498 11115
7495	10870 9730 11790 11523
7496	9343 6425 3161 175
7497	3131 2010 3227 10047
7498	1415 5287 3258 8993 10702 2046
7499	2220 3932 2350 10079
7500	747 1009 220 567
7501	3695 4064 4157 6615 4259 4955 973
7502	6988 4508 10332 1918
7503	1771 11235 10470 1924
7504	11616 11614 10524 11551
7505	11665 9822 9509 4542
7506	6224 9461 10119 9641
7507	2304 4829 1625 8469
7508	5504 2874 8838 5790
7509	5665 3846 5504 4546 7504
7510	9063 7334 9459 9130
7511	9835 3838 4271 3223
7512	4284 5169 8105 1421 3177 2912
7513	11873 10157 11805 11163
7514	10364 11665 4254 6294 5665 11410 886 10627
7515	1881 3340 1264 792
7516	10714 10262 11233 3967 657 11211
7517	5257 5051 10427 2459 4153 5180 7156 10121
7518	4120 9422 8390 5624 3307 24 11303 3991
7519	4798 3195 3346 4209 1975 2379 222 5372 2950 1575 6851 5192 1151 384 1212 1135
7520	5093 5139 5213 2115
7521	10637 5073 7515 6051 8725
7522	541 1357 1206 796 1430 3287 4883 1609
7523	7496 1659 4464 1615 5624
7524	509 6638 2801 7337
7525	10714 6055 8785 11906 8504 11639 8467 8503 7416 11368 6732 9153 8774 9695 11540 6838 11543 10036 9366 7333 10569 6735 4487 11133 10723 8404 5830 5651 10560 11183 11738 2567
7526	649 1081 1486 1004
7527	265 5014 2459 9532
7528	1735 192 6295 3741
7529	11679 8639 3924 6364
7530	6745 6746 2092 6019
7531	4348 4395 5407 5222 5350 4056 1671 4575 5148 3128 4396 6366 4022 5034
7532	11767 11500 11742 5129
7533	9153 9547 9173 6974 8862 10070 9893 11212 7272 11079 10375 10496 10381 7773 11248 7619 6208 7176 8481 10784 7384 10037 7789 11639 11056
7534	10909 10882 7501 3341 10877
7535	1558 507 734 2246 5012
7536	6218 9203 4245 2930 2696 4300 348 11464 859 11462 8538 6222 4070
7537	11009 10864 6983 11014 4873 5470
7538	4908 394 4906 7092
7539	1151 222 3194 3443
7540	3195 9791 6957 11628
7541	2540 11554 6764 1397
7542	4407 5165 2460 289
7543	103 9857 116 105
7544	5474 8485 10348 10560 10883 10402 10174 10895 5830 11574
7545	829 707 903 752
7546	10325 10623 11219 2967
7547	7373 9352 9467 9382 5644
7548	8112 3049 9420 9179
7549	11153 7558 11154 6865
7550	5698 5705 4627 4268
7551	8509 896 3319 4321 6511
7552	8339 6987 1222 2941 8938
7553	3662 11336 8264 4027
7554	3200 4254 5074 3356
7555	5770 7887 1222 4895 787 2322 4002 3034 9987 4945 4435
7556	10071 8994 7338 11663 150 11603 11497 11374 3570 9988 6504
7557	4267 9072 7554 1675
7558	1942 1367 2722 7044
7559	7333 724 5304 5638 4475 4828 7288 4314 3648 443 1101
7560	2986 2634 1702 7756
7561	10929 11097 8463 6974
7562	9398 9402 10392 9170 6951 9403 8969
7563	4776 4034 341 5436
7564	11425 68 7338 1743
7565	6085 2920 5596 2868
7566	7598 2242 7597 9531
7567	1503 8417 2575 9510 4704 11234 700 2540
7568	1800 5504 8041 10946 3351 1898 11798 2683 719 10178 389
7569	11738 1164 2863 11055 4464 10750 1215 7494 6973 800 11291 10315 6203 4971 2946 11672 11293
7570	1332 5848 9018 699
7571	9381 9595 9681 10519
7572	4478 11633 9009 307
7573	9681 949 7536 7275 687
7574	6163 5519 10316 4306 7307
7575	2460 2396 1606 2379
7576	9770 4948 6734 5072 301 6005 10617 4747 7588 11403 11271
7577	2801 8268 7248 9008 5687 1290 2212 7288 11020 9090 10099 10210 6799 6638 10955 3516
7578	531 4166 3177 10981 10846
7579	4043 1730 1023 4232 2610
7580	8124 9237 6857 9099 10689 2120 9097 11129
7581	4760 5635 6139 1619
7582	11014 11031 11105 10658 10277 7875 11033 9419 9415 9845 9749 10765 8366
7583	8317 8318 3293 7707
7584	10106 1995 3926 6565
7585	8562 3695 8701 11388 11124 11227 2599 8354 592 9237 6536 3668
7586	11415 9694 11612 6339 11628
7587	8043 10189 409 3622
7588	2717 390 1364 4896
7589	702 1425 1487 1359
7590	6808 4946 5439 8236
7591	6741 2400 8434 9591
7592	8966 8717 2167 8962
7593	2846 3613 4375 2162
7594	11828 8645 11555 11626
7595	10808 9437 2540 4980
7596	3381 4204 2971 2575
7597	2595 366 742 6471 5937 11636 5665
7598	2966 3254 1722 8384 7142
7599	8584 8523 3353 3298 341 8836 10511 8516 11451 9363 6217 10182 9385 6719 6471 199 10517 7513 7377 2575 11891 5378 9757 6079 10456 8582 10400 6474 9726 8514
7600	11271 6942 469 10034 10899 6893 2743 11214 10908 11361 4665 255 10079 7198
7601	932 3209 4590 4259
7602	6736 9203 5014 9904
7603	6092 4218 6070 6138
7604	4542 6810 7928 1682 1524 2634 2236 8168
7605	4508 773 2460 973
7606	6602 7646 625 1116
7607	1035 1216 535 1143 1034
7608	6753 7312 6756 8732 8730
7609	7111 7313 1898 6750 7110 1986 6026 5960
7610	11123 6944 10059 10185
7611	2181 4837 2657 728
7612	889 123 7204 6842
7613	2073 1870 319 8787 2648 3347 1442 6450 2307 2459 3867 1174 2128 1180 3346 2291 3307 1643 2851 2477 8686 4774 2855 405 905 2505 328 2476 3096 1827 1168 4001 4578 4117 4350 1176 5032 3026 1063 1985 1150 2745 1685 4762 2618 4197 1175 531 4415 4297 1627 1556 3177 4357 1030 213
7614	9402 9403 9767 9398
7615	7771 4453 5566 1965
7616	214 2801 6638 2676
7617	6485 9918 6169 7133
7618	3143 4581 7686 3982
7619	7745 11108 1150 7080 1694 10347 11182 11402 11310 8189 8282 10348 2181 5234 10372 5795 4545 7374 10399 9921 459 9359 11066
7620	4407 9210 8758 7005 2846 8165
7621	1333 8639 7683 4863
7622	1287 237 3967 1767
7623	2896 4689 2039 3499 5132
7624	9500 9198 8701 3224 9781 4254 3741 760 9057 5512 5352 7016 8425 9494 5695 8421 10886 8862 8938 3989 3428 7512 8942 9520
7625	9332 10411 1542 5311 5483 2181
7626	3652 886 3787 3717
7627	28 3861 963 9319 2898 7951
7628	7644 779 1626 2085
7629	8141 9032 8235 9029
7630	4040 5233 6550 585 10427 1208 11123 10797 6735 11876 6835 5026 5578 4445 2531 10325 6696 3956 3881 6837 7182 11076 398
7631	2560 5054 8434 5687
7632	9390 9461 11339 9359 7346 11210 9153 6149 11687 10586 9921 10514 7063 9989 11819 142 11817 8468 11025 2099 9975 10723 3675 230 11027 4706 11581 8934 8446 6975 11305 5504 10671 9234 7533 8467 11740 7374 10357 11678 1893 6658 9131 4384 9105 10024 5426 11533
7633	10687 9430 925 10992
7634	6801 126 11737 4331 3228 10580 8365 6691
7635	2111 5970 6350 4496
7636	1705 9569 9405 995
7637	5796 9548 9155 4686 9295 9760 4948
7638	257 177 3134 1402
7639	11054 2848 4051 6909
7640	3976 11271 5840 8639
7641	10747 5106 10436 10820
7642	2299 5108 9694 1928 8752
7643	6249 9483 8420 5275
7644	1027 2337 6474 469 8717 1773 2207
7645	169 262 3139 248
7646	2182 5772 6572 4344 3967 1893 4590 24
7647	4022 355 9668 1284
7648	10962 1718 2379 9378 8372
7649	8809 11386 7812 9698
7650	8403 5276 3886 10011
7651	3436 5014 11125 3437
7652	2715 1930 4330 5352
7653	6354 10820 10706 3426 8317
7654	6690 10958 6974 7518 10315 10957
7655	2110 11469 2340 3415
7656	250 246 4221 3526
7657	9083 5735 9082 4797
7658	11037 6898 11026 2993 11645 6962 7392 4335 2297 11311 4745 1 8685
7659	2363 10092 2866 6611
7660	1280 2274 5685 5417 1327 1426 2435 4957 780 3285 8044 1348 6895 2741 894
7661	334 7513 6919 3043 7233 5377 944 9134
7662	8421 8426 9502 8952
7663	1114 1466 1515 1136
7664	876 6978 840 8893
7665	1114 3768 758 10104
7666	997 1114 4042 3339 1918 5856 4562 4389
7667	3136 568 2883 2564 8739 7307 1822 555
7668	11560 4460 8642 10470
7669	3224 531 2425 5257 5011
7670	6276 9065 7526 6443 6565 8339 852
7671	11237 1518 10577 7638
7672	5245 2731 1616 5412 5154
7673	1260 1478 1680 1479
7674	5712 1591 7248 6187
7675	10696 11471 3280 10700 11639 8488
7676	6505 2871 8838 5766
7677	6468 858 2122 6295
7678	3861 8449 666 3203
7679	2121 8054 10182 10197
7680	8125 10685 7248 6567
7681	9559 11141 2422 8093
7682	10269 11084 11628 7651 8791 10370 9175 10957
7683	11516 6258 11141 9162 8502 8483 11817 9332 1411 9276
7684	1489 3047 9471 2676
7685	2828 6737 4259 6450 1643 2993 7491 6814 10685 2568 4979
7686	6998 10807 6099 5063
7687	3844 6919 11150 7517
7688	578 9570 4819 11354 10828 9711 10495 8503 8502 9237 5578 10398 6497 7330 10689 11673
7689	1584 2963 11398 11399
7690	9954 9955 9952 10898
7691	7788 10590 7002 1950
7692	6940 1783 2460 3796 2222 6474 1584 4102
7693	840 422 742 797
7694	2998 11364 11893 2999 11362 10195 2997 11623 11372
7695	3371 417 1297 1625
7696	11049 5437 10834 2540
7697	213 728 614 1044 9003 1345 2092 6060 9004
7698	5397 2974 2376 7193
7699	3641 4161 9124 6341 5745
7700	2874 1825 4277 9513 9269 11653 7388 11724 8468 9268 9300 9153 8791 5117 11244 6731 7243 9230 10689 11538 11243 11208 11245 9270 7689 11006 6735
7701	2292 3946 4977 7443 3643 5717 4299 3871 4581 682 11423 859
7702	11695 11696 10639 5205
7703	8442 9556 7527 6242
7704	661 4528 3944 9554 9592 263 4647
7705	9930 6398 9126 9461
7706	5603 1368 7321 1932
7707	11698 5439 6287 11662 301 21 362
7708	8946 10528 8013 9422 8139 10609 70 15 10298 101 11288
7709	10515 9229 9694 5931
7710	2220 1279 1002 896 176
7711	10278 8507 3655 8307
7712	3783 6411 2249 1135
7713	5422 9662 8722 3604
7714	2301 9377 6905 8393 2147 8592 6826 487 2207 7122
7715	3177 7624 7626 7623 8009 7425
7716	11135 10583 11831 7398 6467 8479 9187 7652 11060 1411 7176 7512 8403 9983
7717	8775 8270 8319 10892 10689 10592 11676 8752 6835 4277 11267 1599 6971 8506 11672 8796 9276 10726 6190 11675
7718	5145 10919 3740 3989 8510 471 1204 9484 8843
7719	1200 2966 7720 9631 8845 6059
7720	2829 8244 9924 3975 6420
7721	4226 685 4327 725
7722	9225 9575 1202 11055 11231 11546
7723	3741 1292 2381 7043
7724	1248 5235 4281 7607
7725	2465 2611 6251 5954 2967 1866
7726	5893 6448 5991 4881
7727	8750 11622 11620 10889
7728	2241 2508 2383 5132 1099 7049 1589 1186
7729	1103 3522 7880 1177 1635
7730	6648 5082 8496 1163
7731	4507 6639 2010 5144
7732	1437 11426 6408 2149
7733	9126 3216 7965 7158
7734	8125 6498 5314 7228 1698
7735	1116 8546 8125 2460
7736	8812 506 8618 10886
7737	4268 7990 1486 3099 6188 9819 6330
7738	8457 6392 8440 6982
7739	8654 7747 8147 1515 7907 9085 5797 94 3139
7740	9778 10047 9518 10258
7741	6789 1828 9115 10114 11000
7742	2342 7175 1506 3967
7743	9616 10874 9451 4105 8417 9486 9739 9809 10487 6161 9527 10961 9152
7744	3174 5416 6800 4187 7122 8446 1988 4328 4185 10388 973 1655 450 3651 3506 6799 1734 1224 3249 5153 3418 953 458 9528 4189 1416 8094 9200 6802 6801 2543 240
7745	2887 125 3088 2805 3982 11287 199 11423 4812 4294 5334
7746	11553 11411 5929 9523
7747	5885 9205 1627 7435
7748	6022 8973 8920 9295 663 3925
7749	10263 5229 177 4466 9287 926 250 5117 10055 2575 423
7750	9689 9667 9688 6010
7751	9892 11354 253 11228 6971 11854 8497 8270
7752	3752 7583 6557 6622
7753	1916 842 1114 535 973
7754	3082 7430 10163 9592
7755	2304 3086 6585 3637
7756	11424 7452 7150 7261
7757	4532 2112 1346 3351 472
7758	4719 1929 1625 5483
7759	6605 10486 10421 11017 6322 10420
7760	11026 10811 10363 7630 5040
7761	5787 9918 3084 5929 11030 4740 219 10819 8043
7762	3371 3921 4014 3118
7763	7823 9470 11619 8410 11706 11614
7764	10772 10094 10097 10095
7765	10513 8514 11780 8515
7766	6848 8802 9742 3808
7767	6110 1245 902 199
7768	4376 5077 6512 1359
7769	6411 8935 2342 5612 6385 5116 1284 6561 2577 5693 6834 5836
7770	464 501 529 783
7771	8310 8348 9767 8378
7772	5000 6971 1599 8775 6499 8463 8495 8483
7773	10320 3111 4576 9692
7774	1480 11212 1477 11213 3424 2641 3390 5313
7775	330 2893 4393 334
7776	5281 1739 11561 6986
7777	4733 6142 1316 3982
7778	4358 1099 473 472
7779	8144 9123 10983 8036 4161 4163 5830 9723
7780	5057 478 7045 2071 1602 532 1099 2647 5548 725 895 5165
7781	4549 2404 4216 3366 8356 6470
7782	3599 7797 1804 2425 4443
7783	2221 3488 1027 8630 8897
7784	4602 8583 1654 8442 4604 6574
7785	4632 2343 4980 10940
7786	7843 8574 2383 5239
7787	1359 781 5145 6030 3982
7788	1083 747 1034 973 935 536 1265 1116
7789	6872 5210 409 8773
7790	9187 9332 7237 8479 9230 7373 8939 9290 11182 10929 6640 11228 7690 11305 11866 11530 10024 7317 7229
7791	34 1504 11374 5624
7792	8126 1146 9439 9095 2694 7787
7793	11421 7529 4012 11423 6327 11426
7794	6794 7388 5109 9574 9113 7572 5233 10586 3390
7795	10338 5019 4386 4388 4303 6551 6574
7796	11199 2577 7038 3858 1347 1042 6103 9461 3341
7797	5729 4762 11376 6749 6954 11502 891
7798	1801 3965 3065 41 2582 2350
7799	1918 758 949 1932
7800	4477 5404 5295 5286
7801	5932 9892 6972 8466 1694 1159 2099 10252 6440 7591 1411 9276 9175 9894 7275
7802	9018 6128 7851 1009
7803	10609 6768 7712 11431
7804	4045 6991 9201 10525 10696
7805	5291 5290 7630 5292 8796 5295 2787 7999 5294 5288 9690
7806	8657 4538 1348 5648
7807	3651 9684 3981 214 5949
7808	464 536 519 207 791 533 645 244
7809	6569 9846 6992 11422 8141 7998 6862 9143
7810	9387 8195 9276 6910 3273 10828 5577 9570
7811	6777 5014 5482 320
7812	3312 9620 614 6461 2536 2530 9967 612 1825 3193 2511 3732 6037
7813	11232 8500 10108 8491
7814	11245 7234 11513 10985 11026 11515 11244 9542
7815	240 10535 8520 5623
7816	6097 7832 4584 4843 10045 2895
7817	5304 4555 6285 1222 5790 2795 4269 5735 2567 5788
7818	9050 9425 8801 7758
7819	6885 7960 5436 8138 7961 5081
7820	1740 4609 102 10359
7821	5480 11412 560 1750
7822	699 27 3415 136
7823	5627 3592 5726 5994
7824	8883 9414 1801 9555
7825	700 4804 4471 5989
7826	1427 823 6605 10760
7827	10388 5955 2902 2965 2540
7828	4762 6118 1294 6470
7829	157 10664 4659 1932
7830	3306 4802 3651 285
7831	9406 9523 1937 9087
7832	355 1890 9688 3999 779 1603
7833	11923 10007 11181 11919
7834	9899 11053 11212 7393 8505 9187 11380 10013 11272 10519 10589 9183 2794 216 4401 9574 11207 9441 11135 9755 9540 10333 10356 5073 7219 10584 11066 7784 8528 11133 2929 11056 10383 1559 11054 10021 11208 9137 6861 11179 8565 11065 10335 10135 6733 5887 7980 9131
7835	10291 898 10353 2993 3670
7836	533 7458 649 7703 4488 7067 5274 536
7837	160 144 11431 7723 10528
7838	9004 9005 5511 9003 6468 2777 7883 9007
7839	5592 617 8885 3296
7840	8498 4886 6155 11232 10672
7841	10029 2794 9638 11065 10970
7842	1731 3944 7607 1734 2137 2463 3741 8724
7843	6267 6034 1865 4254 6295 4056 2611 1702
7844	86 180 3282 9783 10367 2589 8336 8284
7845	7872 10962 3180 10946 4783
7846	1891 4609 9821 3492 4896 6521 2999 2710 2998
7847	11236 11673 983 2931 11880 7255 2669 760 1257 11526 1079 1241 1542 1380 10772 643
7848	6781 8648 11183 6009 730
7849	990 4153 722 4728
7850	8988 10320 5944 10431
7851	2917 6763 1832 2423
7852	7707 2906 6252 10525
7853	9406 374 2680 2308
7854	6400 1410 8126 4082 321 592 3862 2966 4233 1374 2041 3768 4277
7855	6072 1990 11214 4581 284 10908 8365 6826 3507 355 2162 9770 7971 11174 6046 9856 2321 171 6987 8362 11809 6962 6991 1815 8747 10922 9950
7856	772 3982 5947 2774
7857	8944 2967 5608 6791 3227 5418 6250 3055 11177
7858	111 8633 3121 4580 7660 2499 7832 7338 4344 2341 8804 3671 6116 8656 806
7859	2662 7515 7098 7307 2023 10232 10220 5379 9211 481 5543 11029 11028 1739 6950 10149 11393 1828 10243 10897 6985 7304 10230 8817 5767 9929 9928 8852 7312 8717 10916 10227 3401 2661 4762 8253 7446 10228 10409 10900 6948 10709 10879 4402
7860	7723 7622 7861 11636
7861	4830 9385 10865 8747 6162
7862	1746 8377 11060 2501 2838 9648 7206
7863	7499 5721 7498 3451
7864	5134 5113 4415 7728 1084 4254 9237 6903 2470 4218
7865	1929 1076 1654 244
7866	9281 11543 1509 9161 11669 6735 10520 9354 2394 11389 10703 7375 5400 8503 11526 6573 9667 7182 9162 2181 4277 10669
7867	3858 9820 7014 5813
7868	1249 1040 1259 1281 1109 1319 1250 1094
7869	11164 570 9220 10489 2675 8721 11202 4896 1335 11160 11215 11402
7870	2766 3571 2759 3438
7871	8689 8079 10148 4599
7872	11109 5238 678 3516
7873	5219 1177 2279 2084 5218 8758 3506
7874	6208 3571 6835 11915 10720 7494 11185 8479 9921 6731 4826 10760 11600 3897 7747 8243 2366 6190 2448 11060 4224 11353 10992 6529
7875	1653 7554 2460 2906 8934 4259
7876	11662 11157 6315 2131 11341 5869 2402 10162
7877	8038 2247 6346 7091 8049 1475 8076 7867 9007 4209 8075
7878	6222 3646 450 6417
7879	11570 9613 9938 11480 11481
7880	11404 11214 11215 11060
7881	9041 4628 8080 11431
7882	11587 7526 9321 10883
7883	8477 10014 8630 8646 8637
7884	1988 3346 1528 173 3177 2509 3668
7885	1173 8842 11609 8631 7880 10412
7886	7288 8094 8633 8365
7887	11501 24 10122 806
7888	7503 10030 538 915
7889	5590 7006 4849 5328 896 486 1828
7890	611 1468 832 1112
7891	6241 6059 8441 7823
7892	4119 4497 7297 96 4498
7893	285 1702 5331 682
7894	5861 5260 5274 6249 5267 6248 4212
7895	6380 1153 8208 6412 3967
7896	4344 3671 63 11603 5975 6601 3570 101
7897	1209 6412 2459 60
7898	9122 2337 9199 4762
7899	10074 2510 6470 2614
7900	3352 4367 1627 1318 5068 5391 9667 5738 4720 4359 5028 4475
7901	1445 1760 3040 3636
7902	8949 8872 9351 11077
7903	2976 4439 3227 2292
7904	875 3651 7229 7297
7905	10377 8597 2993 7720 9232 6262
7906	5012 10977 9566 11784 9718 9720 11490 8800 10303 9561 11704 11240 7194 9333 9252 8508 11370 11427 10645 11889 9523 11007 10576 10804 11143 9254 11632 10425 11350 9251 6725 8560 10644 9559 11888 11459 9560 10805 10802 9562
7907	11542 8920 8480 9388 10675 10711 11685 8899
7908	9061 10935 8405 6602
7909	427 781 4115 6005
7910	1066 367 1539 5259 2540 5327 3560 2873 2053 6181 1355
7911	10123 9698 5065 5670
7912	2846 1828 2155 1981 1827
7913	8997 3518 11281 7496
7914	8068 9083 9720 5864
7915	4857 7066 10170 9029
7916	2657 4493 1312 1663 5150 1597
7917	781 2186 3351 2199
7918	4977 5298 4574 11129
7919	2539 9083 3346 274
7920	11783 311 8295 4047 7670 10070
7921	10426 7707 6205 8899 9165 1370 7002 9476 578 10338 9167 8976 11639 8934 10981 8446 8887 11436 10377 10742 9775 10653
7922	1928 2128 6004 8241 3442 8174
7923	7777 5462 3158 6005 8266 2247
7924	3879 10965 8308 4847
7925	9173 7069 5514 6044 4324 8574 7507 8774 4966 1910 8338 7685 8435 10876 7447
7926	1227 4011 9107 2369
7927	362 4638 2635 3755 2447 8783
7928	4052 6250 1216 9370
7929	1966 5814 8976 3581 11542 5830 9638 5915 9273 10894 5916 9636 7242 9157 10700 11210 10723 8939 10689 9173 7652 5887 11077 2165 8272 10426 7107 6152 11675 7243 3677 10707
7930	10228 2150 521 10229 8370
7931	2462 6767 10535 313 11325 603 8599 5439
7932	9709 6711 4009 486
7933	2227 4560 4045 6075 4031 4976
7934	7513 512 7454 4768
7935	3669 4038 6896 199
7936	3494 5802 6127 10243
7937	10229 6847 3629 10227 6106 9977 8777 10751 9225
7938	277 717 7545 10784 1977 3140 5439 3571 2181 9666 9679 304
7939	7833 9659 3139 7248 10527 618
7940	9395 9230 11026 11463
7941	3282 2664 24 3403
7942	7189 11399 2299 3681
7943	3736 9237 241 1995 10148 3295 4983 2515 3700 8078 3104 6079 10155 1114 2743 11160 894 4478 1983 2828 4407 8660 11019 3339 5372 7117 5439 5165
7944	3739 3304 1359 612
7945	9267 5676 2404 5677 8039
7946	2165 4318 502 2614 2828 2446 2544 592
7947	11360 10903 20 2211 8778 11117
7948	6173 10506 6518 10507 9850 9853 5812 9851
7949	5132 406 3741 2232
7950	2534 902 2375 2891 2097 7423
7951	3643 3546 3946 6141
7952	9510 9897 9513 10640
7953	7512 7011 11607 9231 8446 10653 4227 10982 10511 7503 7373 9899 11389 9232 7006 8897 10830 11912 7291 9638 10336 10865 11027
7954	4566 348 1958 4071 2957 199 3546 4299
7955	8403 6905 6019 7274
7956	4802 8152 10757 973
7957	2950 1007 1790 3291 5518 2543
7958	7341 7092 11091 8466 9581
7959	9229 10938 125 7135 5644
7960	7980 10462 2873 5216
7961	11614 7915 9526 7579
7962	517 519 567 1460
7963	460 3285 3109 3276 2378 11304 3371
7964	8593 6620 10063 7122 3048 5947 10060 5539
7965	11425 4453 7764 4935 7328
7966	2207 3908 4528 3019 277
7967	10400 10070 5356 11654 10703 10370 9974 10561 9225 8897 11212 9583 3285 11864 5887 11886 4259 4979 10441 10854 4978 11676 7006 5996 8244 2978 11185 10356 9231 8938 10569 9547
7968	5034 8565 9700 10247
7969	3291 5372 2263 6399
7970	263 1078 1934 308
7971	4166 6938 10024 10683
7972	6005 8399 1455 8175
7973	11507 5638 277 2181 625 280 3676 3773 4790 4869 1121 10883 4652 678 1000 590 3588 1576 4508
7974	8311 9396 5475 9399 8315 7314 3495 7148 10239 6627 10344 5804 4325 10245 5472 7136 9767 4144 5473 9458 4136 9403 6715 11022 4132 10237 6630 9371 4095 10343 7155 8314 8203 4874 8301 8348 10522 6633 8305 8300 5470 10100 4135 9170 10242 5448 9400 4129 4146 3578 10243 4145 4138 5479 8378 8306 9436 4134 10244 10238 5004 6635 11107 4128 4142 6629 8307 9435 9401 6636 8303 10101 8363 5805 7755 8313 9397 8204 6637 7324 2487 3941 9169 8302 8312 10246 4143 7556
7975	9453 4512 5450 3444
7976	9142 7318 9015 9014 8094
7977	1457 1352 1665 2968
7978	2630 2465 1463 2295 1643
7979	11923 11836 10223 10257
7980	5440 3755 3527 3150 7109 6676 9429 11419
7981	11898 11914 10629 8505 11819
7982	6805 8771 1163 10911
7983	2826 7769 158 157
7984	2965 41 356 2135 4031 2599
7985	10179 9134 8555 4775
7986	6419 6721 8670 7476 9479 8640
7987	10777 10544 10093 4516
7988	4776 2949 5985 5975
7989	7141 6184 10637 3935
7990	3173 963 8963 6948
7991	6209 8964 1912 8502
7992	10379 1771 8783 10176
7993	1616 5184 7523 3736 6873
7994	9175 4292 5146 2731 5142 5561 5412 5382 10118
7995	4989 6207 11087 8467 10540 8493 658 9285 7255 6973 6805 1140
7996	5944 4210 4610 5566
7997	6772 7937 239 1074
7998	10155 10210 11637 4789 2038
7999	247 627 807 412 845 168 255 182 256 990 1925 350
8000	7427 8157 3698 4936 6739 4622 3386 3761
8001	6963 11425 7906 11636
8002	4172 8218 5665 6425
8003	6374 2994 1457 4126
8004	2852 2845 2433 2851 4254 3959 10943 8035
8005	11196 8546 9571 3112
8006	6587 7305 10507 567
8007	11645 11644 2041 604
8008	9129 10372 11791 2022
8009	3227 284 7372 3131
8010	1318 3648 6565 10699
8011	9205 445 8834 2389 7788
8012	6408 5624 7338 620
8013	5679 10864 9379 4504
8014	10381 8553 11651 9899 7245 11026 11516 8892 3858 11562 11220 8920 9387 11493 11535 10984 11705 4728 11184 11389 9870 9234 11272 9668 11914 9384
8015	692 1605 11404 5137 8134
8016	3651 4762 8967 5964 2966 5146 3371 2978 6474
8017	8230 8732 11782 8652
8018	8009 3942 2482 9507 4031 7092 10477
8019	1264 9680 3924 7975
8020	6147 9959 9340 11112
8021	417 928 800 649
8022	6654 9736 3694 7841
8023	10713 5372 10981 7151
8024	10889 9137 11239 8822 9225 4407 11220 11071 1837 10565 10729 9461
8025	11418 6741 4077 6508
8026	1131 2206 6421 3975 603 450 758 4628 1693 6204 626
8027	3436 840 2384 2158 2030 690 2528 385
8028	4332 8703 6691 9630 10102 7239 6411 3411
8029	3330 7890 3444 679 3019 2364
8030	10106 8218 7692 9726 596 7348
8031	2866 722 2954 2066
8032	1826 406 531 4806 2540 5401 8627 6746
8033	3406 10888 5233 8921
8034	3402 531 7715 5430
8035	2558 3395 298 5429 5275 3695 1487 7119 285 5259 2435 7769
8036	383 9915 8964 5675 9668 1135
8037	3285 6281 3476 3613 569
8038	2485 3285 4592 298 1035
8039	5703 7349 8854 2094 1050 4570
8040	9759 8468 11600 9105 11182 11724 9671
8041	9651 10841 10876 348 7051 9442 9127 4911 9126 11179 10859 2531 8852
8042	4470 2163 5009 2151 1044 3651 4461 2154
8043	2579 618 1506 2228
8044	3083 8165 1332 4071 961 1359
8045	8017 1359 6638 11636 2491 4811 7723
8046	10290 240 11591 3628
8047	6989 2485 2175 2851
8048	6062 1196 4183 1220 7201 3418 1889 6059 11267 3110 2964 6745
8049	9105 6358 11645 7063 610
8050	922 2683 1641 2635
8051	4447 4468 3449 6621
8052	1116 417 518 285 2917
8053	6048 10577 11268 10055
8054	8501 7080 10032 6298
8055	2510 11345 2540 3651 5219
8056	8429 355 3046 8066
8057	3608 575 427 349
8058	1227 8806 1999 495 4094 11343 4776 5047
8059	8620 9356 5300 9424
8060	6251 3182 2419 597 2295 1487 2605
8061	4493 2232 6781 4878
8062	2695 4352 2143 3203 2297 9134 3386 1851
8063	11285 6990 9891 11423 9821 4012 7926 7736
8064	9928 10366 10711 4327 8357 8973 1889 10704 2412
8065	10670 6220 1299 9228 2036 4604
8066	2201 4215 2256 348
8067	7403 8751 11404 11842 10892 2627
8068	2067 2543 5987 3418 9332 6732 5377 10589 8486 8330 5383 11674 5376 9460 5358 461 10606 4399 2021 1869 485 6670 8485 9576 399 10024 4183 2615 8765 10426 5371 11817
8069	2809 2001 531 1245
8070	9558 9617 8113 7803 8413 5368 5662 728 4410 7275
8071	10407 6013 8071 10199
8072	2706 11614 2626 9501 3137 9731 8953 729 10915 11099 1466 3907 10893 9502 11551 2702 3575 11903
8073	11554 10558 9548 2838
8074	4455 2789 1553 5430 2377 8046 3947
8075	5031 7517 3161 8071 9121 11158 6749
8076	2595 1114 6392 4233
8077	10307 1338 4642 10137
8078	288 285 291 625 634 407 533 422 608
8079	3955 2724 1443 1038
8080	961 6513 11879 2299 4749 597
8081	4326 4416 7670 10177 2129 4952 5706 6342
8082	2199 2399 2616 7508
8083	9134 9502 10024 2346
8084	11278 11221 11772 11481
8085	5046 9152 6506 3215 10353 862 2255 11098 6042 3754
8086	2918 3959 4979 5450
8087	6185 10548 8144 10354
8088	986 1834 180 176 1545
8089	840 1584 1264 2735
8090	5556 7261 10372 9395 9275 139 11890 9156 9543 6733 5476 7260 10606 11179
8091	11162 8105 6111 9004
8092	4259 4390 11028 11179
8093	3770 214 1558 5012 4589 6037 1721
8094	6287 2135 8339 1487
8095	5101 173 2920 11406
8096	9307 4355 199 4113
8097	9603 11424 9547 9106 705 2460
8098	5665 3157 2472 1240
8099	568 277 3925 2416
8100	6367 2206 11377 2184
8101	4584 9618 7660 1133 6306 9348 4198 5006
8102	9617 1811 8787 6392
8103	7356 3103 9352 7026
8104	6388 6050 3468 3599 9436
8105	1349 2207 2533 287
8106	9759 10784 11110 2675
8107	4633 10712 9132 3346 4160
8108	6266 652 5339 9626 6231
8109	4667 8228 8339 24 6191 5426 6527 8527
8110	6690 10053 924 2890 9345
8111	7058 6440 4927 3482
8112	3981 1811 7005 6905
8113	7597 8403 8789 2320
8114	8337 2876 3750 10556
8115	3356 2370 2956 8138 8079
8116	4220 781 3197 3967 4276 2878 7226 11428
8117	5665 3834 3203 5714 9341 11599 7520 4534 4560 3015 3391 7862
8118	24 4071 8125 619 4093
8119	10909 10876 11372 8219
8120	5723 3509 1042 9480
8121	2617 2523 1764 5316
8122	6096 7807 2744 3703
8123	5778 4209 4710 5105
8124	7694 8266 321 6489
8125	2229 5413 330 4272
8126	1195 8171 5590 3253
8127	2577 7995 5588 428 699 6767 2525 1008
8128	6896 176 5097 9847
8129	5424 5648 3651 11369
8130	4070 1353 665 234
8131	9201 9077 4525 9205
8132	4219 497 199 3257 1359 3298 173 1048 3707 661 922
8133	1928 8497 10474 7784 9974 9120 7134 7688 10984 7281 10631 8482 7994 11231 3285 8596 10500 11476 10982 11110
8134	7188 3431 8419 9201
8135	6208 2091 1308 4027 781 9083 377 2890 3140 1764 2247 2
8136	2733 6392 23 8124
8137	6748 1811 3533 11698
8138	11116 3911 9532 10177 6672
8139	9391 772 9092 7354
8140	4790 5619 5591 6480 8082 5090 5952 6225 6911 5778 6654 5641 4629 7090 7091 4558 7183 4758 4209 4628 3818
8141	2936 2828 6948 6218
8142	10804 10562 10770 10139 9600 10576 9692
8143	5830 4254 9233 562
8144	2510 8144 5401 8143 4279 664 4728 8442 5369 7720 2069 1060 9194 6470 4167 8238 4411
8145	4556 3091 9999 6314 9471
8146	3486 3526 11764 6555
8147	3387 3713 2309 9346
8148	8330 3861 2135 2611
8149	3346 8095 7117 283
8150	3329 9256 5848 5233 4944 4706 8996 5616 3518
8151	11002 1489 4925 10309
8152	2670 5450 6474 1459 2327
8153	9032 7052 8075 7053 9100 9031 7083 7062 7078 9045 8465
8154	4533 781 11403 851
8155	506 754 2577 3605
8156	1520 3015 6939 9158
8157	9430 3651 688 4286
8158	4812 7522 2128 4242 7130 904
8159	1994 5947 2967 3747
8160	7355 11425 8337 8141 6936 9173
8161	11281 11272 5442 5732 6409 6959 11336 1928 9062 8239 7854 5026
8162	4045 4979 5911 3391
8163	3560 5052 1363 5396 3680 2540 5973 4000 5890 858 322 4508 488
8164	11394 6638 10949 11795 11815 8390 10158 40
8165	6856 2027 5150 1264 4183
8166	11521 11699 10364 11500
8167	7085 10191 10064 10947
8168	5911 5257 5731 3351
8169	11025 11056 10854 9260 11085 11066 11067 7072 11052 9544 7393 11252 11208 6872 11670 10788 8793 4766 10418 11226 10786 10584 7346 11108 10427 10791 10356
8170	9694 6160 4102 4762
8171	11213 10512 11793 1065
8172	8195 277 6173 6176
8173	9240 9460 10444 10273 7267 9892 9547 11884 7384 9670 10506 10205 7248 10443 10873 7881 5018 7512 2011 8752
8174	6474 8128 8041 9900
8175	7857 9902 7856 4888 655 9879 8230
8176	5309 1659 2904 1811 4839 4340 671
8177	613 709 944 710 2702 2355 942 1078 2019
8178	3285 58 2940 5659
8179	1396 11632 10677 11281
8180	4084 3560 7873 6718 7739 8276
8181	10962 7196 2967 1702 4509 9309 11300 8612 7462 7216 5609
8182	11168 11363 4219 6089
8183	7435 6275 7661 7745 3808 7747 11404
8184	3963 4768 10368 9712
8185	1735 3571 656 6425
8186	3502 8026 1332 4061 2128 1312
8187	11339 11348 8865 10540 2874 1318 10560
8188	1591 11771 9427 8788 2037 11404
8189	1221 4365 7966 4467
8190	7545 4424 2021 715
8191	2351 355 1605 3276 3074 6948 10525
8192	263 8781 8360 8136 10523 2106
8193	5313 2636 7072 7693
8194	9287 11467 10608 9482 6388
8195	781 5435 4776 5436
8196	694 9933 10060 9028
8197	1227 7039 2063 6474 3875 605 1867 1918 3073 3735 1569 3476
8198	8368 9659 8086 10817
8199	2447 1428 443 9760
8200	6264 4811 6266 9631 4816
8201	8583 9667 8920 10933 9199 10650 9090 3844
8202	2282 8603 9486 2575
8203	3224 7364 4150 3400
8204	2447 686 8672 8533 8564 61
8205	2022 4443 5368 5376 3122 7068 8574
8206	5812 4344 6116 6504
8207	111 1509 9999 7987 10309 10942 4721
8208	4529 6706 5679 5520 6680 5618 5836 3410
8209	6619 6652 5924 5830
8210	7809 6576 9760 2575
8211	9908 10581 10645 5197
8212	2145 3046 5138 3626 5865 4490 2633 1116 5196 2849 5634 3521
8213	10569 8012 6206 7405 6203 11533 1140
8214	5860 2943 4267 6398 5197 5839
8215	10500 9231 10700 10498 10596 7784 9237
8216	5500 11865 592 194
8217	4644 9549 3298 2962
8218	4972 5281 6938 6875 3188
8219	2355 419 1332 269
8220	1928 1658 10067 1396 180
8221	1518 390 4650 1135 5504 5591 5638 4254
8222	11679 6260 8041 9261 10171 3017 7923 8959 9744 7553 5143 9262
8223	10689 10669 11077 10670
8224	842 10888 1084 1070
8225	2200 4670 6235 5101 728 6891 4390 2972
8226	2699 6088 2128 3889
8227	6511 5507 1722 2873
8228	1929 3651 3917 587 285 2037 1362 10462 3981 9918 8458 8125 4833 1780 6057 1048
8229	8964 5677 3127 2917
8230	52 8582 2978 7219 54 5740
8231	8327 11613 11622 10573 10999
8232	9134 9557 4678 9442 7513 5502 4148 11060
8233	1146 1801 3695 1083
8234	9277 7334 9269 7265 5584
8235	11170 11234 7517 2022
8236	1369 5435 5439 10754
8237	2957 9186 9185 7679 7548 9196 1200 5259 7424 1756 5321 9192 8538 682 7818
8238	11305 9626 10683 11150
8239	6380 7560 5945 8751
8240	4570 1653 3636 9140 10663
8241	11713 11475 11549 10647
8242	11087 11541 11668 11673 4329 9639 11543 4428 8949 11337 5734 2079 3860 11093 11758 8929 10985 11655 11267 7662 10426 11666 9461 10724 1215 8964 7784 4528 8796 10955 3897 8654 300 10723 10881 10711 11804 11526
8243	11054 9542 9183 8899
8244	7940 960 7512 9237 9204 5397 9201 9332
8245	9638 11220 10895 10499 11471 8504 11173 11305
8246	7832 3888 5169 6948
8247	8790 11630 8375 8024
8248	10848 4911 9229 6603 4812 5363 1688 5248 2894
8249	9077 9078 8175 7349
8250	320 3131 1351 3668
8251	7993 10270 8603 5435
8252	526 3243 3816 3374
8253	7332 2060 779 3289
8254	7037 8405 3663 175
8255	2887 2361 1140 1964
8256	5259 5552 1935 3600 4069
8257	4071 4083 1783 7798 4402 4697 6832
8258	10971 9452 916 8501 8773 3896 8466 8770
8259	11328 8387 4706 514
8260	8550 4633 2496 4634 10654 8572 3304 925
8261	2042 1606 1574 1711 3362 304 2540 3291 7058
8262	8904 8910 9998 7003
8263	11233 11243 11529 6974 10958
8264	7878 6019 7383 6009
8265	3277 2899 883 4107 280 3502 2600
8266	33 7274 7317 9167
8267	4259 1386 11168 7820
8268	1490 471 2510 11343 3524 1595 3301 2421 3359 2283 1497 6312
8269	2460 133 6095 10816 9863 2342
8270	8618 8527 7114 3298 6865
8271	5890 728 7855 4344 2383
8272	6724 5071 4550 3591 11053 7903
8273	8421 6414 8952 9502
8274	9802 4332 10995 2481
8275	4973 649 2137 3020
8276	7668 3391 4941 5056
8277	11671 9332 9135 11085 11084 11435 11110 3280 10686 8402 8245 6819 10606 11179 11006 8506
8278	267 2540 4680 3245
8279	8199 8816 9938 11872
8280	3693 2097 5118 7053
8281	4598 84 78 8139
8282	7742 680 2866 1312
8283	781 6187 9837 4767 9427 7415
8284	4074 1721 6048 6094 4732 9170 3391 6685
8285	4115 5779 41 1696 5137 7283
8286	8126 3651 3048 4470 9848 2908
8287	4399 2744 5706 7805
8288	4026 1828 1827 779
8289	7716 6655 8149 5489 280
8290	2155 1402 1419 3303
8291	7188 10427 5764 9546
8292	9529 5321 7822 4706 2442
8293	1608 1408 8632 8236
8294	6283 994 7352 2399
8295	415 2190 6514 625
8296	4613 10950 1929 70 7183 9779 5952 8996 9885 9038 11431 8628
8297	5927 6964 6992 11423 11424 6476
8298	8682 4769 2602 9560 3926 9523
8299	8325 8353 1557 4628 8908
8300	4045 3391 5556 7046 2647
8301	9007 7864 10019 9743 4204 9003
8302	9201 5135 10638 6183
8303	2434 1509 5885 6765
8304	6967 8365 7477 8024
8305	9815 8895 2019 9816
8306	5490 5489 5458 341 11116
8307	629 533 315 519
8308	10024 7513 4052 3720 11179 7686 1616
8309	899 5378 6391 4254
8310	9205 2395 4504 11638
8311	6264 4987 9634 8445
8312	10512 8894 11197 8751 8125
8313	8970 7494 9207 9162 10241 8486 1411 3401 9278 9098 9637 7092 8775 9175 9362 10883 11053 8466 7253 6971 9544 915 11527 9173 4134 10426 7541 10888 10393 6497 11524 7337
8314	10637 7775 2177 11410
8315	11182 9461 7713 7018 10869 11108 4622 7334 7881
8316	4379 3944 6698 10216
8317	7326 7918 1918 7666
8318	3790 5300 2995 11467 7887
8319	6584 9354 1197 2212
8320	2978 6550 7102 4633 1083
8321	1055 2126 1353 5333 2373 3692 2540
8322	8006 8919 2818 4230 3176 6378 480 3311 907 2013 4038 8882 4765
8323	9583 5556 4885 7691
8324	5547 1615 1504 1613 3967 301 5277 621
8325	10215 3023 3999 11806
8326	5924 3905 10962 4649
8327	730 5014 2681 10000
8328	9823 10548 3637 2675
8329	4546 10849 459 88
8330	3296 3695 6938 11364 2432 11365 11373 2412
8331	5246 3641 5275 289
8332	4165 8714 3088 4413
8333	8006 5906 9587 3099
8334	2478 7930 24 2993
8335	11063 11688 11575 10274 7405 9156 8493 8480
8336	5830 9120 1800 173 9122 5374 3270 4574
8337	7348 1135 5281 2839 4178 461 3136 4424 176
8338	5439 3972 2606 8989 3867 4876 5458 5490
8339	10090 4687 6510 5728
8340	11334 2593 4387 5612
8341	1117 8152 10825 1653
8342	4091 495 7661 9341 7057 6040 2965 7863 6615 7056 6236 2094 7146 6690 5521
8343	692 2295 1918 7387 0 2460 1736
8344	7003 11131 1811 9184 5859 3178 8959 7188 1929 9179 8443
8345	7513 11179 8751 2083 7111 8899 4419 1688 7686 10961
8346	6998 4954 10955 1922 2432 590 10330
8347	4508 1827 7060 11636
8348	9107 9405 2535 1426 2978
8349	3699 4371 3457 4496
8350	6392 6535 1114 2460 10378 6820
8351	10106 6685 4380 9229
8352	9688 6067 10671 9076
8353	4876 1117 1928 661
8354	8009 5266 3858 581 6357
8355	661 5941 5277 7696 9900 8717
8356	9936 11215 3460 2252
8357	9097 3642 4776 9024
8358	4652 1135 2342 7801 2903 7842 4088 801
8359	6072 3463 647 3336 6074
8360	3739 1066 1074 692
8361	5717 5875 5876 5874
8362	4584 9450 3888 1737
8363	10780 9778 9256 9518 10258 7807
8364	3139 190 6425 5504 6327 7156
8365	11097 9344 11638 6403
8366	7147 2128 329 9237
8367	10997 11099 7677 11519 2898 8760 9493
8368	4831 24 5812 4344
8369	7248 7354 10527 5433
8370	8501 8500 5000 915 5320
8371	7833 9226 7342 9659
8372	10935 9461 11817 11058 7571 8479 10895 5203 11305 6980
8373	11421 157 8266 6963
8374	1372 1851 692 401 1922 399
8375	6819 9113 9840 156 3773 6084 8096 6767
8376	7851 7902 9835 7846 7835 7893 9215 328 6424 9783 10979 9218 6128 6841 9217 8588 86 11553 348 11601 8162 9219 9216 8389 6256 6653 10978 7841 7426 11554 8996
8377	8148 3662 7952 3497 6275 4810 3026 1988
8378	9207 2459 2711 11123
8379	4706 3529 3376 9452
8380	5837 6566 8286 9179
8381	2540 3680 8534 2137
8382	1584 728 1374 1663
8383	4048 533 9284 8403 842 626 11244 11349
8384	6138 11404 6141 3588
8385	5624 4831 8833 4843 4609 5665
8386	3148 6499 2342 412
8387	2347 315 1802 10620
8388	842 606 1076 1114 535 999 625
8389	5737 10285 902 9080
8390	7648 6823 5792 2041
8391	4104 9029 6470 9315 2282 7349 1764 7511 1575 10216 5117 7790 10222 7099 4924 3119
8392	6099 9591 8354 11503 8751 9615
8393	6339 10411 9030 3121 9031 10071 9999 4785 7987 92 9996 81 10287 7197 7751 7531
8394	1562 654 2887 2361
8395	7248 24 9431 5624 46
8396	5976 12 5782 51
8397	11569 5999 11637 11662
8398	8547 3131 6477 8186 8220 3227 8219
8399	899 9189 321 7584 7820 10016 4252 9191
8400	4775 9232 7873 157 1359 6512 2112 5565
8401	9902 11197 7857 9871
8402	247 178 1254 176
8403	2175 2567 5568 1279
8404	10646 4108 218 2955
8405	8887 4019 5275 1224
8406	4828 11634 1963 157 160 10935 7123 6611 7977 10231 3741 4045 10902 7459 7794 7976 4053 2412 8629 11425 2845 5073 3692 10879
8407	835 8225 2531 6214
8408	9133 97 7248 8717 7828 961 6474 11092
8409	10431 5566 10041 10320 8663 10389 4615 7194
8410	6474 175 6751 9528
8411	5399 3371 8442 5565
8412	4706 3139 157 1745 436 5926 4454 2325 9516 11404 2347 6788 5302 1400
8413	1889 828 993 559
8414	3612 246 3626 6079
8415	3897 785 5208 11291 1140 7745 10349 11538 11433
8416	11614 8581 8198 11617 11620
8417	2282 9501 7143 5267
8418	2752 333 2376 3159 6638
8419	289 1734 6978 10702
8420	3056 3759 1720 1772
8421	1330 6957 491 9299
8422	2114 3962 2517 2374
8423	11700 11890 9148 9352 7908
8424	11729 11921 125 8873 907 2657 1140 3204 3081 1145 11447 6083 575 315 4371 303 6650 6512 677 447 730 251 11141 256
8425	10024 11152 11305 11220
8426	2459 1426 2370 3955
8427	11546 10348 8498 6596
8428	536 648 535 528
8429	5652 9575 8096 1048
8430	8276 9134 7833 7513
8431	2120 4728 6459 1734
8432	10253 2128 6534 896 9239 6550 2165 11599
8433	6492 5566 10728 4669
8434	1084 4322 2181 968
8435	9072 11112 8414 1626
8436	10336 9975 11081 11126
8437	5479 10227 6631 10100 6632 7436
8438	3525 3529 2792 256 3792 2553 2690
8439	5650 4876 5850 6945
8440	9189 5027 11234 7477
8441	1318 2567 7535 7637
8442	11498 8426 9504 10574 9571 8996 5665 10631 3329 5652 10521 1359 11415 9688 4432 10898
8443	587 9255 5989 597 6217 9237 2022
8444	2531 9941 9614 1035
8445	781 1620 11229 2171
8446	11578 11576 10096 10774
8447	11388 8071 1758 902
8448	6137 6497 5020 9386 6496 3401 857
8449	5874 2085 4809 10879 8268 7560 2657 10902 543 7234 6669 4819 5876
8450	11117 4776 3139 6806
8451	8926 10807 9302 916 7669 11575
8452	9030 9100 9028 11813
8453	5731 4406 1643 9229
8454	1706 2064 4752 7943 3973 3935 3892 3853 1787 4259
8455	5837 7228 7240 2806 7822 321
8456	3352 7486 10995 10823
8457	9232 7006 285 4508
8458	8421 10999 11295 10913
8459	9027 9026 9023 4296 5040 9025 6911 9024 679 4806 7333 10040
8460	5311 9105 7745 3961 266 9120 11700 10262 6457 3389 2911 6573 3897 1140 15 7688 9672 7908 6258 7255 7747 1182 10720 8484 10569 9417
8461	4987 2510 4470 9818 1852
8462	10762 10909 1794 8346
8463	10572 10886 9501 8412 8547 11614 8548 9502
8464	9441 9523 10694 5653 5371 7577
8465	613 8710 7122 3504
8466	3287 5641 3139 4885
8467	1133 11339 2171 10760 11076
8468	11179 7010 7273 9183 11854 7272 9574 11133 10357 10426
8469	355 11214 4958 4557
8470	2621 2193 1937 188
8471	8555 285 8736 2378 3128 8845 2127
8472	6067 1019 3304 457
8473	5175 11503 6986 461
8474	1962 6516 6025 1654
8475	3364 8928 2726 8929
8476	11423 11253 11635 162
8477	2001 3450 700 2614
8478	6512 2029 3741 11442 4701 483 781 11414
8479	8403 53 1073 6941 7414
8480	531 3428 5296 9775
8481	7686 2071 7356 8313
8482	9268 10030 11348 7277
8483	7362 348 6621 731
8484	6810 10886 9134 9769 3059
8485	9177 6380 2415 4339
8486	6536 6887 8657 1584
8487	63 116 103 115
8488	1921 970 4049 3967
8489	1668 24 5504 4603 4292 781
8490	8763 4859 8686 6830
8491	1914 1204 2980 3861
8492	2735 8517 769 5147 8704 405
8493	729 664 1056 5406 635 1312 861 723
8494	11649 8071 7863 11404 8838 9356 1961
8495	7209 7207 3465 2515
8496	4320 229 7888 6671 7165 8888 5419 2516 781 2130
8497	3758 7771 11404 9077
8498	6927 7412 6047 7413
8499	3304 730 2148 955 2285 2128 2097 2659
8500	3304 10642 8604 5147
8501	6104 4084 2451 6512
8502	11159 808 5259 6138
8503	842 760 1467 840
8504	3734 678 1294 760
8505	11731 8381 8222 9437
8506	10922 10933 2501 10228 10908 10229 10231 2517 10906 8099
8507	8794 263 1772 347
8508	11435 5624 4831 1509
8509	4759 4110 2670 4347
8510	11835 10257 10007 11918
8511	4309 6222 3695 284
8512	4917 6911 802 5430 8509 2894 3044 560 865 8152 2358 992
8513	5165 4028 4648 4811
8514	1537 7564 7386 2181
8515	10077 1048 369 781
8516	11116 3636 3197 11765
8517	2179 875 3870 4477
8518	4043 11566 2575 1781
8519	8668 2654 5036 6182 5209 4071 7104 3104 8237 8834 6019
8520	3967 784 619 2326
8521	8991 7006 6792 10520 7347 6904 10703 11078 9390
8522	8705 8126 9538 1224
8523	11636 8054 6287 7632
8524	9681 4307 2924 2926
8525	7167 1339 6685 5416 5445 341 135 263
8526	173 538 1650 1834 786 4948 3967
8527	4508 9447 6222 7235 6449 6220 3311 1151 1083 5369 1918 8751 4407 5328 2459 4728 6028 8896 722 8344 3982
8528	2575 341 5204 11404 2731 4292 280 10748
8529	7039 8483 11075 4550 6815
8530	10973 8874 11766 9919
8531	11378 10628 3691 11127
8532	9864 10122 2579 5624 9532 131 3264 127
8533	879 3953 613 1469
8534	2571 6555 11084 7946
8535	9753 11251 9824 9823 11220
8536	667 1132 463 1761
8537	7248 2219 8465 8044
8538	3707 2640 1264 32 3479 649 689
8539	8688 8874 10411 8073 8589 8578 9216 10409 8519 10416 7893 7841 8869 8525 7901 7846 10167 10218 10407 7983
8540	2604 8672 1638 3697
8541	8015 5800 917 6418
8542	1608 176 6289 7534 3721
8543	11424 11690 10976 5992
8544	2711 4508 1652 3855 7154 1814 4015 2357
8545	1330 1592 6443 471
8546	1144 4826 1426 3926
8547	3822 4336 4838 6290
8548	2795 6058 11502 6987 8441 11499 2042
8549	1439 5830 3228 173 4112 4271 9276 4264
8550	10460 929 10523 3356
8551	5259 1277 2165 6905
8552	6913 9332 9135 8852
8553	4075 11305 11151 5785 9687 11026 5078 1411 9636 7907 1035 2603
8554	3317 9992 9995 9993
8555	6694 1800 388 5550 5177 897 6496 2225 6048 5588
8556	2740 1461 553 535 1116
8557	2535 6697 472 3346
8558	8071 9229 8072 5436
8559	7248 1946 6561 5773
8560	4785 3346 6353 2540
8561	10778 10534 6415 10939 7266 9331 78
8562	7309 5624 6314 8974 9347 153 8012 2982 6180 4926 6306 6504 4925 6145 620
8563	5122 8665 7649 5792
8564	4601 1986 9623 4254 3637 8035 3504 4056 1312 11664 6235 3270
8565	3310 2041 6138 6396 8092 5638 8242 1328
8566	3131 2604 2010 4126
8567	7333 10700 9302 4220 8865 7019 10696 758 8926 7008 11279 8924 1825 1163 9921 11541 8491 11697 11305 11535 8105 7107 10492 10869 6732 6216 2861 10493 10723 11758 11655 2604 11817 8286 4229 355 7010 1284 11209 11353 9203 8478 8495 10024 11063 4166 10931 7745 9273 10275 2917 5830 9895
8568	5311 11855 11894 11838
8569	6403 7088 8963 2818
8570	5429 5439 4215 9483
8571	9174 8019 9166 7815
8572	8728 5275 1073 1929 2237 2951 9084
8573	2651 2241 4508 10525 3575 1827 3944 1734
8574	7770 4298 533 5075
8575	9044 6690 3531 11084
8576	10571 9282 11287 9733
8577	1359 3177 2295 9213
8578	9708 2646 8356 9461 8490 9406 5435
8579	10807 11273 5830 11702 5780 11053 8793 8502 10707
8580	7423 7647 6371 136 4239 678 2969 8627 28
8581	8745 6195 8100 6291 6196
8582	10043 1224 4388 3195 3967 4805 2133 1826
8583	3994 1192 3171 3241
8584	5343 5331 5774 2120
8585	7608 7109 6862 9143
8586	1811 3315 9688 6411 6730 3386 7188 2163
8587	9711 8502 9582 6835 10696 10981 10985 11179 8798 10398 11434 9515 11540 10631 7019 2067 9514 11063 10842 5830 10711 10520 11831 11640
8588	1238 6303 614 2459
8589	6924 9798 5830 3220
8590	4628 9099 6473 261 5436 985
8591	1983 8543 1396 1674 3679
8592	1597 3947 6607 2535
8593	5455 11320 6393 11318
8594	10653 3180 9378 3575
8595	3443 3346 3193 2067
8596	896 1880 5610 472
8597	1898 1088 1316 9688
8598	11636 6592 3118 4023 6759
8599	9134 7307 3120 6499
8600	9000 3861 1561 11111 6396 1222 5830
8601	176 5810 3376 3951 2460 7321 8045 8046 9354 5875 4080 4239 2092 4126 4913 7004 8121 4837 1852 1599 2631 5610 973 5442 5847 5877 2866 8993 5874
8602	5917 8081 6353 4015 3384
8603	7879 3196 5717 3036
8604	7855 592 6606 1643
8605	1083 1995 1585 10373
8606	1631 925 7122 690
8607	1035 554 1569 5665 5811
8608	57 8539 6009 3692
8609	1094 1109 1040 1249 1250
8610	1135 3336 2130 4515
8611	10824 8928 8897 4750 3127 8929
8612	7503 4622 9260 7341 6205 9290
8613	661 7720 4411 2295
8614	5083 11235 6097 1443
8615	11450 11650 7394 4837 6500 10462 5432 1654 2926
8616	895 894 300 3861
8617	4435 9408 4436 1222
8618	3411 4233 7175 5606 2265 3569 7709 4406 7738 2039 6632 7394 6636 9188 6380 6637 7134 6896 1167 2482 8895 6220 6289
8619	9897 7952 6849 5665
8620	3233 10197 3761 341
8621	5459 5253 5492 3614
8622	4488 4548 4489 3743
8623	9714 10316 1654 970
8624	11421 7833 7007 7248
8625	8862 7713 11026 9281 10981 10370 8866 9153 10375 7219 8491 6836 9359
8626	3098 4284 3651 1631
8627	1098 8481 6055 8483 6499
8628	10123 8862 4878 9467 7679 3351
8629	1534 7141 2061 7742 8392 4478 8934 1258
8630	4670 9124 10099 3967 9657
8631	3065 1450 2432 2510 590
8632	11093 11424 7803 11024
8633	1929 7554 7776 7005
8634	8938 8908 2360 9473
8635	9837 3099 5960 1365
8636	11480 11628 11359 2762 10167 6037 2381 2973 8158 6287 3464 4188
8637	275 747 274 207 1462 581
8638	5065 9659 6267 3937 5433
8639	2045 3238 3757 5775
8640	4264 5608 4271 1487 669
8641	6081 11032 5504 756
8642	2319 3925 133 864 1326 1577 41
8643	7281 5275 1024 28
8644	9088 2640 9592 3623 5692
8645	2128 7577 1929 1832
8646	2969 612 5233 3410
8647	3325 2748 1767 5890
8648	3351 8908 2966 6851 2416 6944
8649	2457 3069 2128 5205 2064
8650	5504 10175 9684 8783 6205 9681 11326 8796 8809
8651	7673 11004 11704 8663 11350 9735 8661 9333 11236 11475 11474
8652	7817 932 443 8917 1276 1537 2314 6682 7101 5316 5318 5988 7737 4692
8653	5648 7227 4911 7232 5297
8654	495 8357 8354 8353
8655	2777 10726 8967 8717
8656	11449 5712 11716 11141
8657	10584 11670 11168 5125 9113 8487 8261 11067 10313 5887 8866 11133 10598 7903 11059 2856 9972 11211 8506 11072 9366 7908 8286 9574 10785 10252 8798 10400 9
8658	289 1604 6411 2460
8659	10735 7057 11271 7500
8660	361 3347 2199 2616 3293
8661	45 1756 3376 3860 6221 317 2066 5450
8662	1889 1886 2441 1950
8663	8285 8933 8085 7965
8664	3346 3439 1566 1561 3560 5020 2659 3156 4478 7105 5073 2550
8665	8066 9359 1928 1795 6202 7878 1384
8666	2862 5259 10191 2647 5832 285 1966 5970
8667	130 4569 10411 6925 9025 6097 6601
8668	5297 2788 2993 444
8669	9241 10996 6396 8406
8670	1315 2642 4016 2018
8671	10888 7333 9099 8871
8672	8562 6027 956 4254
8673	3292 2851 6869 2277
8674	6929 7975 2248 6943
8675	6164 4038 4493 3285
8676	9134 10861 10825 7513 10714 10704
8677	4827 3401 9083 11315 2913 11237 11395 11214 11425
8678	8918 8066 6672 9406
8679	6044 9461 3785 10145
8680	8244 4832 3571 5109
8681	3039 862 9821 6428
8682	8328 11663 10527 7248 7833
8683	9365 2089 10041 8444
8684	3003 8996 10265 7837
8685	8773 10427 4883 11724 6209 6408 7541 11052 1163 8497 11066 6648 8483 8866 6499 8865
8686	9709 5147 5441 9902
8687	11636 3741 11256 8996 10874 3572
8688	10802 10770 10804 10803
8689	8330 4225 10897 6470
8690	752 4442 8852 9130
8691	11173 8936 10923 10983 471 1597 8938 6527
8692	10229 11022 10227 10823
8693	2657 762 1608 473 11025 2299 9932 1083
8694	1155 6851 4324 2058 451 5252 1025
8695	995 8879 10035 8764
8696	8721 10258 7803 6312
8697	851 473 472 995 3744 779 1706 10943 2735 10865 5040 899
8698	10158 11498 11108 5125 6512 1284 5160 3899
8699	7088 8280 7092 9359
8700	9695 10669 1661 7437 4224 3937 25 48 6573 6996 10671 228
8701	2105 9413 5599 183 1769
8702	10846 8330 4338 348 10983 5811 6009
8703	2657 3892 1991 2531 2295
8704	3331 3034 7513 9160
8705	8113 10160 5428 7414 11345 11067 11316
8706	157 5513 4953 3177
8707	461 3628 6224 6574
8708	2978 3088 5281 7461 2808
8709	4310 2131 1332 7281
8710	6463 6452 7959 6274
8711	4828 7378 3298 4245 3982 2500 652 6295 3409 4989
8712	1627 6217 2993 4678 8735 3695 9647
8713	10257 11832 11834 11833
8714	10220 4704 8256 10491
8715	1228 173 1172 2962
8716	9149 3859 1833 8704 3982 2463 7565 10097 123 4572 10114 7802 10520 4839 9851 11309 4340
8717	2890 8434 6233 5044 8161
8718	2197 5197 2782 1352 8814
8719	2399 6474 781 5106
8720	1223 4584 362 8848 136 620 4344 3526 3961
8721	6298 10405 10892 5468 3139 7508 5641 7527 7619 5513 2666 9512
8722	2525 5060 10365 10396 10291
8723	781 4259 592 3861
8724	8080 301 6013 2041
8725	4981 6956 5955 8118 8827 4987 9051
8726	6877 4283 4198 5652 4873 4612
8727	4259 6750 280 1918 2531 5219 1886
8728	5107 11077 10400 11911 8480 7789 11055 8487 699 11097 10583 11655
8729	3280 5233 9058 2426 7705 3075 5537 3966 3389 10372
8730	672 45 5857 10848 9136 1707
8731	4962 9505 8316 8980 8949 6770 8854 9490 6216 5231 4845 10487 8921
8732	7540 7903 7747 10374 7994 11697 5781 8264 10809 8500 8466 11512 10507
8733	1116 7006 10675 8125 6200 7372 2482 1575 3944 5092 1756 284
8734	531 970 4071 667
8735	5498 6228 6938 10808
8736	10487 10486 10202 11619
8737	11153 6009 4603 11305 775 5379
8738	1688 5919 8219 8220 9328 2251
8739	2416 3215 8395 8532 8626 1794 2967 8847 8999 7510 9129 5350 8376 8394 9316
8740	8818 901 5999 7377 3981 3188 4175 9144
8741	2181 6713 3149 2545
8742	7372 4472 6403 4498 8841
8743	1734 8909 9919 7072 9310 11041 8895 7612 9536 6300 10787 5076 8104 8908 10445 6550 7820 10079 7778 7655 8132 9595 4271 8011 9755 11823
8744	3391 10355 11212 6218
8745	9632 11065 7216 9668
8746	8404 7011 9557 8924 6207 8692 10030 9234 8488 11654 8502
8747	1995 1246 614 5204
8748	5460 6101 2299 6861 2543 6931 9482 6905
8749	6475 2961 3605 8816
8750	2948 1318 3845 4277
8751	4045 9093 2185 11392 2346 10197 1352 5179
8752	3376 4592 3436 10714
8753	6782 11569 1555 8776
8754	5550 2123 4938 467 4811
8755	10370 11212 10641 9229
8756	5925 10095 10093 10550
8757	635 664 2004 484
8758	9329 9164 9288 2749 8689 4922 3040 2554 3818 3876 2688 4697 4923 2920
8759	4412 10548 4167 4166
8760	5818 1667 4933 4932
8761	4477 2184 2086 1913
8762	1144 8718 4706 2966 5145
8763	9659 7833 911 11663
8764	11320 11123 1072 7750 257 7745 11321 673
8765	5374 8036 2889 3930
8766	1730 5665 2555 3530
8767	167 11663 7248 10527
8768	5712 7832 11355 806
8769	2766 5259 4346 5275 2379 2158
8770	8337 10258 7803 5982
8771	2604 4394 1537 5839 9227 466
8772	8152 453 10844 7715
8773	3707 4797 4940 2920
8774	2895 68 6601 5139
8775	10536 11443 8717 5492
8776	10592 7531 6972 11074 8461 11697 7975 5103
8777	1512 1259 1481 1109 10891 11616 11300 1360 9501 1642 9073 10872 11290 1686 10998 1478 9924 1105 11612 10488 10486
8778	1898 1453 11339 5614
8779	6111 5161 6714 4707
8780	7154 330 7168 7171 9625 1226 5333 9447 5442 8844 7431 9994
8781	961 1583 9473 1410
8782	5422 10188 10811 1662
8783	653 1761 1152 643
8784	6090 15 167 10527 9659
8785	9304 4581 3013 3357 8247 3186 6137
8786	3580 3004 608 3428
8787	4295 6512 11424 10478
8788	2958 6938 4399 9364
8789	5145 7435 4481 1799
8790	4936 5818 4540 4036
8791	7231 7240 4916 6497
8792	8311 10167 10343 7342 17 10244
8793	9605 5490 5504 6898 6900 1267 4209 1995
8794	3139 11530 3350 8650
8795	7837 10735 11811 9106
8796	10847 1312 700 11725
8797	3276 2689 1596 8841
8798	6235 4300 5379 9228 6556 4474 8210 8420
8799	3386 614 4941 5482 2846 2152 2155 5994 2133
8800	440 7654 9127 2531
8801	5012 6118 11591 11628
8802	8964 4365 4227 10985 6735 11123 11272 10570 6930 7599 9316 11061 7240 585 3824 6979 7318 11673 2874 9354 9894 5610 11022 11890 11655 10784 6208 4447 11684 9049 9380 11212 11683 10929 10714 11669 3150 11476 10726 11659 10957 1825 10569 7137
8803	8892 10538 8894 10537
8804	9230 9282 5331 11051
8805	8782 9202 8719 7568 9703 10219
8806	2578 1077 2763 1116 1095
8807	1060 8750 8132 10354
8808	9134 3471 6474 9129
8809	1643 2207 2905 3806
8810	8636 5819 1352 8635 8571
8811	4146 7584 5308 7497 7588 5109 5234
8812	10147 10209 11917 10153
8813	1421 4118 2685 2718 497 3536
8814	840 1966 4292 1111 3969 761 1655
8815	5367 9134 4299 5971 6913 4651 5283 9131 10024 9461 1397
8816	4876 9107 907 7006
8817	5501 5502 8918 2905 265 1569 1671 2149
8818	5802 4629 6338 7945
8819	4762 2866 6030 3695 4407
8820	7988 11688 8798 11530 10135 8922 9120 11095 11168 5689 8479 1487 6190 6573 6863 10334 10892 10672 638 11542 3639 8468 10441 7767 7688 8263 1140 11056 10013 11093
8821	2203 2185 1787 907
8822	10105 4703 9411 10925 10851 2675 6588
8823	3974 5712 10174 7509 1591
8824	702 593 410 657
8825	5812 5160 11450 255 6881 8872 5504 557 10263 199 11326 250
8826	1957 3285 5150 6426 5518 2123 2435 9549 4574 233
8827	6750 10696 8933 10459
8828	7786 6573 10122 10302
8829	5939 8402 11059 3389 5213 1875 10584 9764 10356 5641 9727 11061 10070 10275 9361 11085 3284 10373 3004 3843 1874 9894 10266 10386 8866 8765 11819 7063 2670 9711 8796 9260 9972 8793 8929 10313 9355 11067 10788 11510 11056 10031 11173 11054 5607 10595 11587 11091 836 10030 6310 7760 11079 8899 7219 11207 1817 2088 7081 11586 9388 10791 9359 2706 7393 11272 6207 7019 10842 11667 9384 5427 4662 4663 11052 5468 11065 9 4277 10596 11098 10786
8830	724 6231 3410 5610 5330 5001 6612
8831	4806 11432 11381 6343
8832	1154 775 5964 3118 4244 4696 1146
8833	11681 9702 8282 11237 9667 11226 7691 6904 9232 10689 11668 8442
8834	3482 6474 1722 1696
8835	5693 4735 1151 5967
8836	1745 2119 8346 6841 4848 445 5955
8837	3796 6887 8569 2081
8838	3966 2636 7537 917
8839	9501 8367 10524 9508 9509 9502 9505
8840	7026 9358 10054 9287
8841	10500 7391 2599 7008
8842	10144 8955 10728 10343 9435 6634 10454
8843	152 3789 4940 183
8844	8061 10147 4785 11448
8845	9649 3339 5068 2030
8846	11169 6267 3666 6750
8847	7742 1324 4724 8833
8848	3906 11065 8534 7788 10310
8849	5504 1820 4767 7352
8850	4528 371 6220 7289
8851	2496 6295 598 8821
8852	9183 7690 9713 5059 9332 9574 7243 2593 5609 10493 6731
8853	772 3225 4650 5868 6012
8854	8601 9130 9461 5097 11777 28 7754 9134 10886 9506 9085 3013 10103
8855	11025 9571 11543 10981
8856	11335 2450 1503 5929
8857	3207 982 3214 2443 4993 1502 2729 4043
8858	4071 3912 6985 5124
8859	2603 2316 2510 10111
8860	6121 3721 5281 6009 10948 6796 530 4475 3083 1329 5028 2001 8040 7295 2404
8861	11819 3050 9278 10689 6363 7262 9234 10714 7243 8964 7136 9293
8862	10525 10498 3637 7473
8863	842 3455 8270 9020 533 6821 7333 9021
8864	4623 1758 2041 2818 8318 4111 3758 6736 10575 8080 5606 355 4575 2540 5043 3734 7349 4705 6558 6474 2536 7852 8057 3832 2783 1602
8865	4835 2435 6303 1299 2614 1011 8633 2852 4633 4623 2485
8866	859 7132 1843 8695 4643 4881
8867	1772 8517 3628 8609
8868	10963 7307 7961 7669 8730
8869	781 8434 4045 10040
8870	4395 7044 4407 1932
8871	2567 1152 317 3806
8872	4616 7926 2019 2254 3889 8328 8266 1146 9286
8873	1948 3160 3741 7644
8874	4936 6439 3844 6342
8875	2701 984 8264 3424
8876	5383 2575 7983 9659
8877	2664 835 3285 9096
8878	6009 1295 5169 8450
8879	9325 2956 2398 9571 8627
8880	8989 8515 8433 2531
8881	3013 4092 6883 2874 5816 7333 836
8882	6062 7597 236 7598
8883	7962 5999 10118 6214
8884	11179 2854 5590 8117
8885	3099 6266 5859 7435 7424
8886	4714 3347 2103 3351 6392
8887	3465 4455 2878 4619
8888	10653 2575 5726 1936 11402 1073 11151 6883
8889	4948 7332 6173 10372 11554 11061
8890	5159 1165 2893 5099
8891	1359 3219 3848 9679
8892	8873 8446 3239 9743 5002 919
8893	7145 11666 8467 9165 123 7688
8894	2360 3215 2135 2359
8895	2638 11271 491 492
8896	9935 11024 355 8437 8929 6392 8903 8436 1279 7657 3938 7610 5225 5718 2482 8927
8897	4173 6886 2447 10752
8898	4518 806 4519 4734
8899	11694 9795 7274 10871
8900	1756 11198 7248 8115
8901	4520 2438 9364 5916
8902	5457 6509 5461 4347
8903	7922 5786 9560 6775
8904	8898 1638 346 6460
8905	2731 11448 7328 4259 1501 215 6612
8906	722 173 1811 6307
8907	4620 5523 5524 7913
8908	2367 808 921 656
8909	7952 513 8737 6107 6465 6849 827
8910	2326 4271 314 4166
8911	11751 10700 10877 7441
8912	6411 3276 3375 597 5779
8913	2480 1578 2870 327 1938 5775
8914	2600 5988 8917 7602
8915	806 3967 1489 3671 3091 804
8916	840 7514 625 3404
8917	4769 9203 11124 8832
8918	2145 11338 8813 10362
8919	11205 11763 6189 11661 11660 11787 10539 11762
8920	9335 1433 1721 3657
8921	7696 11116 5706 9201
8922	6837 10499 10569 11831 9391 9547 10598 11627 10427 11179 7669 2099 2451 578 9362 11544 9695 10689 10406 10380 7182 9094 8691 2550 5363 11064 3965 7224 7533 1159 7789 6806 4409 7545 7297 10315 10888
8923	8685 579 732 2312 983 531 3287 596 368 7392 515 183 2163 2132
8924	3944 9643 9127 9549 5281 2022 5140 9461 359 9229
8925	5835 1837 5329 8173
8926	320 7860 8168 2538 355 2295 9569 4837 2531
8927	5246 10549 6392 9112 3293 9929 9661 199
8928	7707 3347 2032 4153
8929	1310 1635 682 2287
8930	6968 11017 6613 5478
8931	157 11636 9821 6862 8337 11425
8932	2662 5859 725 10118 700 2720 978 3385 2661 9379 9016 2540 5593 228 472 355 5311 4941 5309
8933	417 752 7743 11376
8934	1725 581 9475 2299
8935	8462 5968 8502 1968
8936	5911 9689 3481 6585 3583 4749 1372 5053 136 2325 6638 4866 3346
8937	7388 127 11724 140 7258 10386 5449 11098 11059 4550
8938	5150 3799 4743 3225 5647
8939	1690 11058 3287 11055 11212 3389 3175
8940	2092 9181 5859 9179
8941	10302 155 3647 154
8942	4676 2985 1305 1899
8943	10182 5883 11797 11795 11590
8944	4837 2510 7991 1525 925 3942 3733
8945	7624 2610 7623 10044 1422 1930 1271 3406
8946	7248 5307 5372 7069
8947	2246 5797 7371 5939
8948	1027 29 7973 8646
8949	6811 9732 8743 5462 10610 6646 2885 1039
8950	2531 1406 4508 8152
8951	8456 8457 11620 6526
8952	2871 7119 2836 5634
8953	11412 10779 11441 850
8954	3288 7164 6403 8539 3177 6474 183 4468 4603 5941 4640 7406 3588 846 2236 1766 6288
8955	4204 4673 3504 8043
8956	8847 9205 9204 8420
8957	4259 6158 8514 567
8958	7582 7587 7584 7581 7822 5012
8959	10923 11739 9665 9755
8960	10410 1537 9007 2876 133 3118 6714 6483 4876 10408 10411 2337 5647 11480
8961	4225 10607 5031 1665
8962	581 10338 2967 8892
8963	2318 4494 2814 663
8964	6864 1688 5989 5756 3131 3976
8965	9115 3758 863 1662
8966	5378 5371 4399 5375
8967	1345 11729 4875 484 9246 2150 3136
8968	6617 2285 2460 7387
8969	10565 10654 8623 10946
8970	11764 10209 11855 11920 663 4776 10251 10164
8971	8357 8782 7748 8862
8972	851 9661 1785 2735 919
8973	11293 2829 11340 11294
8974	167 392 2540 236
8975	2175 10889 4977 9791
8976	6306 1506 3688 5580 3528 9857 1829 1743
8977	8908 11345 9815 863
8978	507 11636 840 184
8979	10087 6901 11174 3825 8288 6064 11093 8068 11339 11060 7801 8260
8980	224 6075 7715 3692 303 8242 1329 8153 8149 9545 2352 8165 11130 2865 6995 6172 8724 6295 2880 1356
8981	5476 3537 2595 4520
8982	6062 11090 8574 8105
8983	10181 10185 9020 1744
8984	4297 7971 7985 3821
8985	10223 11835 11918 10007
8986	7122 5859 1756 5207 5284 5287 6982 5291
8987	10740 5638 10073 8722
8988	3397 6306 370 3264
8989	7300 10983 2424 3651
8990	3390 7032 6982 11230
8991	9238 9209 4399 9459 8339 6258 3215 7089 9127 5367
8992	9212 4071 7117 3666 9363 2890 5270 657 5996 5478 7506
8993	2917 1098 781 3562 1002 4451
8994	4233 2992 8898 8124
8995	9192 6200 284 7377
8996	5691 10774 10802 3810 9254
8997	2555 7128 4706 2658
8998	7118 9414 5138 3324
8999	8144 3861 663 9123 6367 9815 10660 3293 10590 2660
9000	11118 9868 11161 9368
9001	2651 4178 5989 8354
9002	5731 9281 7383 9542 3942 4917 9081 2932
9003	7376 9894 9240 8271 6152 8811 9672 9965 6205 8502 6310 140 9230 6204 8316 8263 8654
9004	2005 2319 2485 540 3073 2063 10861 1487
9005	2704 1932 2622 280 3373 594
9006	2577 5152 11625 11483
9007	5439 1509 11323 8390 3738 621 10122
9008	388 4706 11064 8830 6735 8503 9237 10888 257 10983 11055 9290 10272 10504 7267 1743 628 620 9355 10569 1215 10918 7374 1489 2536 2099 6055 7920 8441 8484 8272 11233 986 8805 11667 8489 24 3581 10495 9137 3746 7224 11226 177 8920
9009	9300 7360 9529 136
9010	9743 9643 1035 3099
9011	2128 1890 5266 5459 35 663 1561 6549 6588 2023
9012	560 2357 6475 3734 5713 4192 7091 3997 1318 1465 8070
9013	4070 4428 3321 4478
9014	6623 7882 9688 1726 2213
9015	9105 1743 4556 6573 6996
9016	7545 8320 2485 3326 7209 587 823 9229 8156 1779 448 3103 9385 6217 135 3796 4999 5427 2906 7459
9017	5445 6522 547 8564
9018	6621 11179 5368 10984 5204 11226 176 10962 5371 10982 11030 11220
9019	7673 1253 544 5434 6497 5117 3401 2088 9654 1097 9207 11039 11010 5610 7137 2992 8505 263 11033 10892 11008 5007 10247 9098 3389 738 2909 8819 9203 8193 9514 9286 4361 6496 11668 33 1006 11034 11890 9620 7018 5687 5345 9747 8277 11543 5847 9096 6731 6693 11013 8263 7010 9240 7784
9020	9705 3178 10704 2787
9021	5841 4396 10908 10899 2925 801 10512 5182
9022	11357 11719 11618 10898
9023	10879 4352 11145 6880
9024	3105 10842 405 5427 11019 10113 7122
9025	9145 8096 10093 10757 6096 2062 11647 5652
9026	8609 2670 2447 2540
9027	3963 3999 6080 2967 5584
9028	7122 3963 5204 9025 2041 7976 4407 769 9607 10369 5150 6643 6078 384 2765 6826 4833 4948
9029	663 1033 1761 2236 2378 1359
9030	6861 7309 6589 4248 3762 3291 578 10689 2978 8755 6835 2848 1597 2105
9031	2100 11586 9620 7038 4207 11123 11022 11666 5426 11097 10108 5910
9032	4718 660 1528 2226 2404
9033	6283 3469 4875 2242 592 4459 6009 3741
9034	9487 9526 9507 8778 10353 10913 9504 7791 9491 9311 9511 9490 9317 8395 1437 9501 4603 10890 11361 9494 8101 10924
9035	10397 11586 1694 9175 5938 11434 6296 3389 4883 10687 11672 9921 10372 11789 10588 11671 2856 11825 7745 7082 11461 11476
9036	4911 6474 3979 2757
9037	6648 7539 11057 7694 10262 9547 10401 916
9038	6269 9694 6560 2865
9039	1910 10906 11198 9556
9040	328 234 320 203
9041	11764 10757 7722 1475
9042	10391 10142 10341 10562 10226 10599 8988 9253 10770 9692 10295 10390 10431 9599 9609 10389 8808 8297
9043	8067 11384 3277 7968
9044	960 380 1264 1035 946 1507 814 1052 813
9045	3131 3227 6953 3099
9046	9087 2101 2670 4475 8034 9919 7722 5815 1359 7854 172 3001 5837 11227 3447 3582 8406
9047	11029 10039 4428 5776
9048	7513 6805 7414 1176
9049	3131 371 1852 2153
9050	11438 10997 11551 11686 11615 8847 11554 8996 11630 9508 11099
9051	6173 11676 11674 11512
9052	8867 11809 3291 10531
9053	10554 8166 3798 8151 9069 6893
9054	178 3924 7442 6018 8442
9055	6066 801 8518 4607
9056	3083 1316 7640 5002
9057	6357 7162 5246 366
9058	9344 1722 6796 3999
9059	6905 7085 8752 9993
9060	1769 8096 5844 5350
9061	10023 7198 7735 3556
9062	9769 3641 6029 8517 2010 7686 6007
9063	9559 1442 9560 9523 3432 11361 269 9819 1527 8751 9561 11428
9064	9023 7701 8958 10040
9065	10757 6277 9207 5571
9066	6585 2545 237 1433 6830 11131
9067	11917 3776 10063 8876
9068	7132 10657 8028 4725 6671 52
9069	7398 321 4461 7681
9070	7637 10148 8593 9142 1534 2302 7630 9461 2307 8787 7876 2663 638 7052
9071	8899 672 8940 8125
9072	6217 6220 1888 4728 6222
9073	9806 11026 7274 6474 10174 7062 6582 9223 8523 8860 8517 11078 9461 10259 5633 11780 11220 9310 11133 9394 10510 11027 8795 11136 10357 8512 6906 8596 8544 6155 10819 9707 9701 6998 8480 7134 10275 8936 8339 10569 7188 6022 8299 8522 6578 9574 11789 8311 8478 7007 6585 9351 5052 7292 9983 5185 11383 9207 9206 10008 11339 8949 6514 9202 10395 11252 9153 11243 7945 11574 10427 5721 10403 11020 9234 11817 8510 9390 8796 7213 11844 9290 7009 7658 10724 10342 11087 8583 10024 1227 874 11249 10629
9074	7245 1330 4426 3660 3641
9075	4771 4757 450 5048
9076	7520 2756 1935 472
9077	764 5988 7994 905 8107 341
9078	7347 6904 3677 9653 6837 9230 11094 11546 8939 8486 7784 10920 7224 8899
9079	4047 10098 9210 5332
9080	8842 1332 2962 2967
9081	2728 8700 6660 6210 9525 4677
9082	4505 2153 9062 4295
9083	10444 11067 7393 10717 10400 11077 9 11439 9711 11654 11168 11098 9260 10707 11179 10356 10383 8798 11061 11909 10724 7219 11066 10587 8489 2062 10313 8866 11054 10788 6152 10785 6149 11546 9727 11208 10791 11026 10675 6310 10786 4384 11173 11688 11207 11640 10982
9084	1591 6146 5712 10045
9085	28 2866 2196 6231 2531 10879 10228 2296
9086	11251 7943 7942 3153
9087	4745 9664 11641 10166
9088	3311 3298 4519 1828
9089	4983 6306 3597 24 2531 2614 6601 6363 2747 133 1601 9477
9090	2899 4027 10939 1271
9091	5613 7407 5205 157
9092	2428 3604 2032 2128 5147 7299 2094 2561 5100 3169
9093	5941 808 7436 1048 6443
9094	1837 10725 10631 8777
9095	348 1437 6138 3692
9096	4342 4242 9447 11177
9097	10670 5014 5219 767 9689 10669
9098	2456 3213 840 3230
9099	8532 2505 6611 6613 1826 1828 6009 5328 355 568 8538 779
9100	3063 4607 3066 840
9101	11217 9370 10605 11215 10074 7266 701 10606 6512
9102	9501 9493 9573 9504 9503
9103	10185 4493 7558 11116
9104	4203 5165 1931 10845
9105	758 2577 1687 2525
9106	5368 5438 5428 9004 8615 9012 6217 9421 8424
9107	2586 2589 3215 2587 1523 1129 3973
9108	5152 4436 4435 2170
9109	8478 9361 2425 7388 7148 9275 5449 11061 3287 7063 9544 11537 4550 11515 6733 9772 5666 5313 391 8791 140 10275 3581
9110	11179 10585 5362 2532 5919
9111	8676 479 8176 4947 505 8175 2750 2818
9112	991 6061 10739 7315
9113	5308 5929 8788 3204 3228
9114	7078 5708 6213 9540
9115	5311 2616 1999 4156
9116	8951 11438 11519 9374 10915 10432 8426 10884 10132 9451 11898 8778 8183
9117	833 375 515 3528 783 1891
9118	3598 7098 8556 7069
9119	5866 929 4300 1594 11360 10747
9120	7513 4069 7833 11511 7517 1014 11179 11509 9441
9121	10859 10862 5089 7546 11471 10861 176 10860
9122	2599 3858 2494 5350
9123	9975 970 10044 2284
9124	8299 9758 970 6110 8532
9125	3319 3695 4762 1627
9126	404 3725 3173 6075 8517 9688 8758 9043 4153 2064
9127	3057 4900 8194 2993 1602
9128	4118 4484 11158 3273
9129	781 4353 6274 513
9130	11222 10366 10745 10746
9131	1799 5689 3816 9771
9132	7384 4328 8409 3660
9133	2169 5670 6827 6945 11125 2631
9134	10126 10213 5138 8420 8416 394 11828 1598 6414 11404 8421 8247 8458 2575 10081 10107 10185 8440 9602 7121 9177 6602 10154 9535 5382 10148 3351 7470 8419 8029 7504 11069 9334 11622 9469 7823 10214 4204 2898 3440 8785
9135	1462 10784 2136 2481
9136	3023 1245 921 4577
9137	6030 3628 4189 7775
9138	7673 9134 10285 4528
9139	6563 8204 9908 9398
9140	10160 11719 9585 11614
9141	199 3638 5085 4221
9142	581 4254 5478 1487
9143	6511 11737 11768 2967 2831 1958 11746
9144	3376 10129 7387 3384
9145	6740 8136 10311 8777
9146	11821 10622 10623 10676
9147	1248 4837 8666 9275
9148	7185 237 172 2319
9149	348 2377 3558 4073
9150	10821 8592 11022 3436
9151	7084 5695 6351 9401 6562 8465 7866 9169 8080 9400 9170 10176 7150 9012 9399 9075 5806 10442 10183 9074 6419 9034 9037 8301
9152	6200 8134 899 11173
9153	11663 8073 11164 10187 11580 11431 10169 9033
9154	1332 801 2878 406
9155	2240 1561 3544 2620
9156	11666 11025 11418 139 11097 6499 8557 9286 8462 11096 1591 10275
9157	8805 6960 1851 11848 2648 7696
9158	10412 10170 6342 10087
9159	7347 3858 2557 1163 9513 11018 8433 2100 1140 10262 3594 11600 6836 7416 6208 10351
9160	3607 1734 1597 3574 3177 5372
9161	11196 10984 8122 10853
9162	2257 4671 8047 10167 11100 4091 11478 8558 6974 8885 10157 10087 10784 9736 4783
9163	5219 1702 2771 9385
9164	6097 806 807 9473
9165	614 5959 3855 3326
9166	7248 10099 2866 2528
9167	8584 6812 10641 8583 6646
9168	5419 6950 8613 1576
9169	5934 2342 7489 5437
9170	4136 4137 4131 4130
9171	9127 1161 2022 8822
9172	563 261 885 1434 1916 883
9173	3569 11681 10663 7341 5434 10262
9174	2248 285 7229 4497
9175	8851 7513 2022 5363 328 9129
9176	395 269 274 182
9177	1710 2181 9970 9175
9178	8206 2652 6826 4854 4386
9179	1085 1377 842 1497 821 649
9180	1643 518 1114 2643
9181	1279 8833 7225 1151 52
9182	3103 11765 4927 3326
9183	7981 9237 2022 135
9184	7288 8627 1722 4259 5429
9185	10298 7338 11748 11851
9186	9659 4869 3888 3926
9187	10045 1218 620 6937 7832 1223 4868 807
9188	8821 4767 1615 1676
9189	6858 5386 2042 11654
9190	1337 2540 4650 4946 1756 3824 136 2961 5300 507 7486 6576 781 6699 24 4339 7330 8526 2609 2358 2577 4180 2195
9191	313 625 909 947 842 840
9192	3571 8755 8618 7810
9193	10981 11544 7281 11017 9232 6206 9234 10983 6979 7512
9194	7555 280 8168 1583
9195	10341 10320 10730 10576
9196	10834 2799 11208 8735 9068 6526 11153 1216
9197	8042 9015 7382 9170
9198	387 1135 3195 8436 6120 2379 10049 4327 8920 5646 8928 6403 289 3823 3651 3259
9199	8493 8811 8463 7019
9200	840 1204 5550 3528
9201	8181 2731 1366 9473
9202	1662 9626 8522 3088 1487
9203	5892 7262 4962 3110
9204	91 2415 71 15
9205	5430 4921 2355 332
9206	6042 6138 3825 2342
9207	11832 10007 11833 11919 10257
9208	7078 6343 2181 590 7249 9659 7674 10931 409 11670 10467 743 9337 10569 33 11892 11232 1495 8462 11091 8162 6497 9120 9983 7248 3140
9209	804 378 621 584
9210	11085 11102 10919 11086
9211	11438 11610 11519 11731
9212	9346 2300 2296 10301
9213	5921 7300 2404 4715
9214	8136 7384 6474 9014
9215	10318 5786 9628 9629 9812
9216	1359 1414 4740 8838
9217	9310 10858 6803 10861 10993
9218	4671 6009 535 5363
9219	180 8533 7506 269
9220	8533 6620 3031 2311 8535
9221	5439 1701 5127 4716 5665 7163 8938 5007
9222	4436 1222 8362 9178
9223	5236 10422 471 2036
9224	10605 8466 11110 8483 8481
9225	4692 6511 7108 8248
9226	11791 11492 9961 11587 11637
9227	10897 96 2936 7072 7414 10816
9228	10184 10217 9214 9656
9229	7745 4183 3806 5935 195 708 7749
9230	7297 7394 1654 3651 7484 3588 4259 10829 4031
9231	9638 1083 5717 4508 661
9232	9662 9799 6883 5334
9233	7638 3489 9461 7760 7480 6801 9769 5000 11177 5001
9234	8535 517 1918 3861
9235	2540 3291 3199 9179 3401 4876 2521 6903
9236	621 1979 6991 6360 2218 4590 1776 2228 1446 7201 805 5830 2403 5373
9237	10045 111 5782 130 14 9472 102 3091 6306 8849 4344 8655 9471 7338 9883 3888
9238	6923 5378 1730 9538
9239	7028 2377 880 4025 7636
9240	1215 3418 1918 10557
9241	10109 4054 2226 5712
9242	6544 2393 638 4776 23 5629 2783 11797 5181 5189
9243	4259 894 3251 8443 7512 2072 2369
9244	10724 11074 7237 9653 6981 7792 10247 2181 8596 11700 10401 9574 9165 11653
9245	7419 7464 5660 4295
9246	5600 2693 2005 2207 9443 3745 489
9247	6698 6138 3001 6396
9248	6279 4537 3831 6055
9249	6496 5610 399 4666
9250	10369 6357 6191 5246
9251	1074 318 891 7941
9252	3228 2056 1966 2524 8938 2657 8933
9253	3320 7232 2379 9483 7234 9481 10683 9177 8750 1135 1506 3861
9254	10946 11646 9548 10908
9255	7379 5295 1966 2987
9256	4535 6560 284 2325
9257	4386 1537 953 4649 4982 3442 892
9258	2741 2108 2415 1235
9259	1651 2299 1083 1734
9260	404 1787 2614 4876
9261	8994 8136 7733 5422 11042 10567 8722
9262	6362 4025 4917 4914
9263	9679 9665 7849 9666
9264	9825 9827 9836 9826
9265	3734 1748 5556 5119
9266	7905 4442 5069 3809 4543 2181
9267	7088 7002 8272 7560
9268	9229 8320 3152 11025
9269	11904 11535 11688 3284 8091 9175 6149 11676 6258 11476 4384 3280
9270	9465 1697 3785 797 3099 1913 2586
9271	5830 3131 2890 9210 6426 3305 6783 7475 9231 7644 1643
9272	5494 4647 6851 4279
9273	4560 6948 2771 4477
9274	157 154 5624 1614
9275	497 7181 2762 4424 6059 1099 10233
9276	5537 11545 11830 9284 11854 6971 11195 7346
9277	1918 4509 592 4259 417 2711
9278	2059 3925 7074 11179 11080 2168 7946 6851 5014 3246 812
9279	3730 5265 2173 5926
9280	590 6671 10157 11562
9281	10008 11095 6408 8751 6872 10689 10595 10700 11673 9701 7988 10918 11212 10726 10274 8459 11543
9282	8600 902 1665 1509
9283	8606 10954 5985 5979 11754
9284	5135 3474 4036 7082 8997 2654 5708 7863 6342 7062 5572 5709 284
9285	6342 3425 7378 7300
9286	8108 5428 5956 3008
9287	787 11522 4622 379
9288	4285 2022 5150 5707
9289	822 713 1035 723 750 664 800
9290	1745 10481 9850 9852
9291	1986 7199 7145 7248 5929 29
9292	1314 2909 1460 535
9293	9474 9109 8939 4745
9294	9882 11810 8043 11103
9295	7780 7005 10865 7185
9296	1099 7630 10020 1334 7627 10466 7626 2798
9297	2634 8232 3999 3560
9298	440 2654 2005 10922
9299	5957 6843 3663 4536
9300	126 418 1662 2993
9301	5367 2022 9126 5371
9302	6892 7949 9744 9706 7957 6614 893 11356
9303	2912 3008 5962 6879 4880
9304	1369 8751 8354 1443
9305	24 4344 8849 3345 8167 108 46 63 91 149 30 70 111
9306	4102 348 5466 6496
9307	2460 9076 1702 6713
9308	1307 4584 6341 806
9309	2409 4252 4845 10415
9310	1114 11506 758 553 2465
9311	808 769 2131 2896
9312	7670 10539 2012 11660 6426 3752 11788 2575 11205 6189 9694 4838 7686 2010 4722 5170 9345 5944 2942 4610 11763 3861 7303 2440 3111 11206 11661 9480
9313	1643 4407 1209 5628 5850 2066
9314	4598 6638 9460 8063 5439
9315	10230 10228 10229 10232
9316	8970 8969 6627 6631
9317	1077 4993 758 4455
9318	4762 10829 10744 6613
9319	7226 11339 7239 10253 10232
9320	3761 3233 8192 10983
9321	1662 6318 6079 6257
9322	90 4699 674 2717
9323	3935 5084 915 5080
9324	6652 113 120 103
9325	2184 6102 1988 2128
9326	899 4876 9203 10955
9327	3351 5002 8591 4775 9442 2181 6871
9328	1065 8744 482 1359
9329	3741 1195 1145 2223
9330	5263 8612 9938 7685
9331	3641 6782 4560 9229 2175 7122 6655 2873
9332	6337 677 450 7941 4475 2567
9333	8129 6289 4678 7297
9334	10696 9803 10845 10011
9335	5185 8593 728 5193
9336	11791 4542 9480 2591
9337	8017 9202 3860 9273
9338	2993 581 10322 2412
9339	4836 8115 1433 3349
9340	7248 3121 3746 10879 4091 3264
9341	4036 4566 7538 2646
9342	10375 10274 10483 10689 10484 11210
9343	2162 6264 5933 10549 9539 1643 9969 5885
9344	1916 3967 3482 4352
9345	3058 10163 1783 6948 2866 284 6341 9327 419 10177
9346	5280 5712 6315 7527
9347	10388 11387 11337 10566
9348	1480 1273 1641 1478
9349	5817 1402 1386 3283
9350	157 1083 3603 512 10182
9351	9625 3437 3436 10693 4018 925
9352	9246 5001 11214 9797
9353	9283 9286 7825 5254
9354	3783 6390 11636 7439 8853 11424
9355	7720 2593 2658 2123 4157 2657
9356	11526 11758 11760 11524
9357	5331 7012 2735 4234
9358	7333 808 1135 2040 2404 3996 5175 1227 1744 666
9359	5780 10377 10378 11091
9360	11758 7275 7019 10475 9116 11543 8785 11025 11592 10381 7994 10714 9278 8752 11541 11672 10698 10923 7635 10842 11544
9361	1010 2658 2285 3505
9362	7514 3068 7512 4544 6764
9363	5861 11361 10872 8421 5212 6414 7703 2875 10898 11622 8548 11745
9364	342 136 575 8783 1297
9365	2341 11288 11485 10767 7967 150 4821 10934 10940 15
9366	7225 11463 9638 1402
9367	1312 3538 10290 8957 9884 9391 4917
9368	7347 728 768 7141 9107 2369 9 7039
9369	4875 6403 5658 10590 2114 8321
9370	8726 10929 9387 8939 7789 7237 11076 6974 7330 5940 11097 9099 8319 1411 6148 10619 8462 9639 10631 10029 8446 8243 8501 9137 11025 11129 9972
9371	511 3651 1722 6262
9372	1452 2546 3792 1506
9373	5568 5918 9643 9008
9374	1654 2976 1833 1366
9375	8664 8578 9530 8661 11680 11013 3662 3593 4788 4786
9376	8502 10381 11542 7072 10261 9137 11655 5830
9377	8499 915 5474 3204 8464 3050 8500 8491
9378	4220 5426 5504 2708 5327
9379	4948 6218 1864 3110
9380	2700 1264 3073 6201 523 7391
9381	10498 2815 8212 2188
9382	2064 2092 4011 4038
9383	7526 6568 4284 5634
9384	11671 4706 11081 10984 8487 7747 11173 10540 11906 445 7333 7019 11095 10259 4550 915 10918 10503 2099 6891 11627 5699 4776 11581 2845 6838 5902 11080 6640 8479 5894 11493 11272 10427 7224 7119 6614 8488 7009
9385	7227 7233 5053 3944 6958 6689 4666 4742
9386	2946 2136 6512 228 24 3141 7248 5213 2394
9387	9051 6474 2151 4634 9485 2184 6126
9388	5062 11168 8268 466
9389	4106 914 6950 8939
9390	10122 6610 9472 136 9430 15 3152 7686 8217 7775 7338 5624 4609
9391	8251 11196 3641 5246
9392	6856 4070 1080 28
9393	270 169 3139 845
9394	5098 3981 5432 7976
9395	5324 6799 5185 5528 54
9396	7920 10750 3585 10672 9514 9164 7908 107
9397	4859 10899 5894 6251 10908
9398	10221 11109 10222 9315
9399	1798 2416 285 355
9400	646 207 697 1741 625 1256 1112 1461
9401	8785 7578 9631 9281
9402	11203 11082 11073 11222 11204
9403	585 682 11404 7515
9404	2890 4386 2967 820 5065 925 1068
9405	4435 10152 6720 9004 6111 6344 10210 5439 4466 2041 10153
9406	5580 3264 10298 807 3718 8913 6306
9407	4943 8534 3973 8536
9408	4072 1435 1059 1719 601
9409	2163 8750 7885 6944
9410	7850 9002 946 6605
9411	4424 1135 5175 1428 9438 1649
9412	4529 2460 8125 6220 5372 1918 2510 3351
9413	4776 7957 11690 7941 4643 10603 7636 6452 6897 11824 24 10965 4831 9761 11156 11385 8248 2234 8918 7934 10966 9785 8737 11158
9414	3758 4564 6626 3617
9415	1067 2181 4305 9582 581
9416	6542 2996 5854 2777 5624 229 3189 7488 1893 6472 7248 2881 3789 236 5665 2394
9417	10601 10229 10228 6417
9418	11271 3707 4305 6574 4854 1035 2795 2425 7513
9419	311 388 581 608 526 2124
9420	8441 8459 7274 10665 7088 9713 11086 11899 11688 8316 10807 7242 9957 9967 6980 5233 10895 11914 10724 10502 11249 7292 8280 8438 11079 8922 9558
9421	4706 3335 2059 2021
9422	5125 4745 10992 1945 2577
9423	3944 10735 1224 4876 55 10737
9424	9429 8438 4911 4024
9425	7294 1422 7901 2146
9426	6511 4446 5741 1416
9427	289 4678 7387 4845
9428	2238 603 1276 371
9429	5117 6152 10675 5504 409 10262 11349 7329 11830 10932 6151 9582 3897 10570 10378 140 6206 7337 6972 7334 8497 9417 5449 8861 8775
9430	3371 10549 731 3291 5150
9431	2830 6781 8318 1537 5259
9432	4855 6351 701 135 3745 4791 3371 2179 871 3566 172 7107
9433	11215 10057 9289 8422 8112
9434	5020 8938 5147 8517
9435	8838 4007 7653 9120 3984
9436	5434 5651 9543 10786 6529 7237 2618 9273 10259 6976 7082 11052 11059 7129 7087 9364 10031 10313 7669 11056 8784 8775 9671 2048 9558 10888 10598 11061 10030 9362
9437	4706 7317 5538 8751
9438	808 9779 4725 3560
9439	2670 612 5501 961
9440	2309 6451 6671 3947
9441	9232 823 4667 2786
9442	7844 7170 7845 7171 6706
9443	2292 1313 3523 2137 3301 289
9444	24 11580 5812 7338 1447 4721 79
9445	4352 8166 4405 1810 6830 4389
9446	3256 289 3525 2315 1421
9447	9677 7173 5926 2373
9448	10097 11468 10265 5001
9449	9501 9598 8547 10996 8952 9494 8413
9450	9501 8847 9493 10913 9490 9487 10872 9502 7677 11191
9451	5159 5286 10589 1663
9452	4876 8795 7219 3971 35
9453	9202 2856 4216 9746
9454	7258 9835 8981 8356
9455	4447 8126 4512 11020
9456	10651 1734 6219 4217 4281
9457	6468 4353 1771 1946 6652 4759
9458	2993 4776 341 10232 11277 9237 11274 10961 2575 11237 11563
9459	11773 8643 8644 11774 11569
9460	4060 8061 7090 3209
9461	6082 11136 7585 7622
9462	151 10071 8012 92
9463	1022 4212 5424 3926
9464	9616 1116 9091 4802 9688
9465	6373 7164 7629 8373 6059 3795 7630
9466	5665 8289 8599 149 5439
9467	25 9532 236 24
9468	1129 1922 647 534 842 883 244 968 963 884 649 1761
9469	4293 5994 866 4017
9470	3128 446 2523 6935
9471	6340 9713 10714 6152 7085 8042 7540 8751 8555 11025 11589 7262 9230 8503 7747 6154 9102 1772 10171 7784 4227 10671 915 11220 8445 5814
9472	7833 9659 9412 10527 8873
9473	895 2766 585 614
9474	11304 4720 8796 3224
9475	2212 939 3346 1864 1318 3981
9476	6339 2575 1214 4160
9477	8377 7838 4930 4929
9478	4542 3209 4404 2599
9479	10772 11680 10777 10776
9480	9319 9320 9324 9322 7287
9481	9292 3170 5447 6760 10646 4366
9482	8466 10077 4884 11195
9483	10376 11098 9278 7063 7020 11209 7136 7072
9484	2579 589 4706 6358
9485	7117 8094 254 2819
9486	7947 10038 6748 9663 5390 8451 11690 6274
9487	5295 5178 6511 5435
9488	9926 2593 5353 3860 5608 1702
9489	1738 1390 7686 277 9461 2207 10748 2105
9490	5747 8089 5947 3884
9491	11382 6764 1746 7840 9831 8237
9492	9441 5362 10683 3156 7513
9493	7297 8166 7679 1729
9494	6009 5244 1659 2510 2204 2135 2035 5165
9495	9104 6059 1577 8873
9496	11084 6904 8923 11587 10985 11724 6204 9854 8751 9695 11022 7137 10714 6296 9713 7234
9497	6483 4158 1945 3072 513
9498	4143 3901 4134 4137 4325 5479
9499	5609 8018 2133 5353
9500	4464 4803 1615 596
9501	7642 3530 3653 25
9502	657 370 183 178 266 4065 1382
9503	9546 4554 3311 1264
9504	10804 5846 2842 6178 2157 6368 4812 10485
9505	2453 4811 4876 700
9506	5177 133 6753 5077 8730 561 8731 3967 1387 8598 6752 175 8599 6751
9507	88 5419 10755 8796
9508	6416 5346 6718 7528
9509	4344 8139 67 4923
9510	3878 989 9729 6373 2924 2201 4833
9511	3485 6090 9790 8970
9512	8262 4310 1060 614
9513	3860 4259 1498 3360
9514	4706 5077 6691 699
9515	2548 731 2669 4833
9516	11592 8264 8771 10511 10595 6596 11673 916 8443 1599 10703 7129 5578 11594
9517	2577 530 6475 3949
9518	11084 5904 6045 1837
9519	10891 8078 10890 5801
9520	4480 8404 5757 9473 5830 10107 4271
9521	9281 7267 11096 8277 6767 1569 6008 5434 3389 9273 10707 11077 8442 10842 11667 4550 11681
9522	8895 4983 1135 7242 7563 1898 876
9523	1811 7282 3560 4980
9524	10015 5890 10507 11138 2351 1766
9525	7814 4762 2940 2808 4499 11291 4983 10908 8601 7686 11290
9526	9062 932 11309 1024 1184
9527	1218 102 122 24 101 7708 11175 5439
9528	2005 7696 2485 5270 1135 6098 4312 3303
9529	10007 10257 11832 11834
9530	1063 730 2546 951
9531	1103 2292 6117 7248
9532	1538 329 4903 420 2112 3989 896 992 776 8512
9533	2295 533 2599 505 766 765 629
9534	8402 7388 5938 11507 1761 6481 10750 3426 7691 11738 7072
9535	10422 10068 3461 8035 8555 1735 5900 9640 3352 8036
9536	9439 11092 9195 199 8409 2320 4572 11397 9177 2129 2969 7859
9537	5100 6607 8938 9591 6173 8010 10434 3979
9538	5504 8639 2208 5650 8843 6995 5490 4045
9539	6915 4794 6647 5697 9033 7096
9540	4812 6426 7554 8923
9541	2063 2967 731 700
9542	2124 7878 3195 5840 5065 3944 284 9440 592 4633 2067 9667
9543	8551 8751 8468 9417 10229 8601 305 9091 8441 4550 6729 9975
9544	1848 8912 3048 9984 4045
9545	1235 5949 1266 11404
9546	4027 7873 5041 9053
9547	8113 4996 840 5040 86 8897
9548	1948 764 7854 7495 2890
9549	4670 9724 568 2485
9550	11371 517 2462 286
9551	11472 8125 8873 6220
9552	6162 4696 2897 11131 7554 2317 8605
9553	1898 3924 772 2206 2978 3768
9554	10400 10398 7435 6474
9555	7228 1995 4410 6497 526 4277 6496 3566
9556	3281 1761 9640 864 1867 596 11024 9953 736 8524 311 212 2041 7156
9557	10386 11059 11052 8489 10881 10383 10032 10584 11339 7393 10031 11380 8506 3585 9 11252 11061 6497 8866
9558	10962 10911 6836 8785 11887 10516 4456 9303 11476 2100 9515 7376 8487 8939 578 11539
9559	2614 2085 3306 905
9560	11079 10791 9388 10783 11831 10511 9974 5005 11535 11065 7006 7814 1193 11305 9390 10383 11602 7243 7378 11088 9960 11220 7229 4978 10037 10356 8938 5609
9561	10520 10696 8144 11347
9562	9327 3695 6221 8604
9563	4477 3805 7428 7429
9564	8189 9759 10920 7745 3140 7280 3389 8403 11075 5453 11072 10008 9417 6996 9286 3331 6975 7137 5394 11681 7694 11188 9083 9895 8188 6205 11476 9175
9565	7183 9037 2184 8076
9566	3220 3943 9033 6938 3228
9567	11650 1561 1264 1689 9688
9568	8788 512 8838 4511 6295
9569	5580 3967 3671 7401 10867 9338 3910 10255 10866 4843 6116 4584 2267 2336 3550 152
9570	2866 1048 6425 2609
9571	899 1584 10865 8751
9572	9689 7248 480 8610 8562 7141 10538 197
9573	1439 568 11733 3999
9574	2267 3927 1509 3600
9575	2460 9628 8251 9481
9576	9277 10757 9416 10772
9577	6465 10012 7889 9909 2922 10011 4977 3852 4833 3048 2324 359
9578	3982 6844 9051 835 8940
9579	6222 5027 9097 11222 3254 3734 4670 6662 3588 11134 497
9580	208 9431 5504 2265
9581	3992 11149 9134 1640
9582	4045 5827 7088 9918
9583	6804 7947 6452 9354
9584	5773 2295 2813 10057 1359 1222 7491 10054
9585	341 3978 2575 7731
9586	5379 7685 8421 1318 9527 9492 8547
9587	702 2243 2137 6940 614 7132 7162 7188 3294 5363 6208 703 7121 8152 1627 3056 663 10377 10829 8973 10715 3511 4169 8729
9588	9321 9302 8105 8942 8367
9589	11354 8499 4464 10031 10275 4146 11751 11628 11436 6203 1694 10877 94 8770 3389 10077 2675 479 6743 10992 4883 1713 8481 1163 1135 10583 2567 497 786 563 1577 371 8470
9590	9203 10009 1264 10102
9591	11520 11666 6216 10381 10828 10382 5203 8446
9592	7382 7377 8124 7741
9593	10908 5495 5902 449 3261 9211 1866 4714 216 5069
9594	5203 9543 6206 11093 9395
9595	10231 6030 7860 3351 348
9596	4623 1837 277 1537
9597	2874 10378 10957 11225 6980 2942 8273 10510 10958 7747 11640 11233 11017 8862 9609 4596 11230 10348 1968 10981 10347 5781 6904
9598	2394 3671 24 9036
9599	5102 3 8126 2299
9600	6484 11580 7832 111
9601	996 995 1706 1705
9602	9474 5439 4876 7219 2540
9603	7681 2564 4461 2485 5654
9604	6474 9282 1359 355 5972
9605	2616 9685 10154 3611
9606	7686 7788 1715 1755 10968
9607	5142 9461 7514 11404 11132
9608	4558 7210 5523 7185
9609	10128 3660 8116 14
9610	349 194 3692 5387 2575 6751
9611	1083 7545 6474 7558
9612	466 5638 5727 4743
9613	1888 2302 2566 1166
9614	2967 2662 2236 10752
9615	815 45 2626 2984
9616	2599 2018 2333 3301 3300
9617	5332 5003 10048 5001 3177
9618	4933 10746 7838 7837
9619	3195 2902 6030 8707
9620	1910 862 4837 4701 4574
9621	9153 7148 11267 5427 5426 7155 5651 8486 10687 6151
9622	4546 3273 695 10417
9623	5670 6220 7380 1091
9624	8123 9870 4259 3695
9625	4923 6915 9026 10615
9626	11859 11413 11412 11767
9627	9608 8955 7194 3900 1607 8427 6760
9628	6527 9416 6553 6122 11067 6421 9981 8473 891
9629	1034 2456 533 649 1497 1463 8862
9630	4706 2023 10722 2916
9631	1279 2249 2165 319 2831
9632	8736 7025 3415 2834
9633	7517 9362 2967 1396
9634	4395 171 1263 5663
9635	8534 10820 7269 8852 6258 2613
9636	5466 267 11266 374 11267 372 289 290 5209 2460 250
9637	11363 4517 11361 11373
9638	11731 9330 11409 3165
9639	3341 1519 10079 2554 5954 8021
9640	5468 9417 10496 9157
9641	1880 1014 2239 172 485 6031 9540
9642	617 1988 7142 5450 10166
9643	9137 11744 10717 8938 9578 6363 2845 5506 11259 7297 11758 11540
9644	4898 5612 9475 6474
9645	10279 8225 11431 8827
9646	2416 4254 9063 6903
9647	688 6697 1932 9235
9648	8487 7080 9260 7081 11084 10894 11243 7119 8488 8503 8489 4040 7789
9649	7328 8320 4204 10022 9358 469 7145 4437 3031 10199
9650	4254 456 2540 1928 831 5784 3702
9651	11364 11365 11362 11731
9652	7219 4463 2379 854
9653	758 1931 781 2463
9654	11698 9004 7584 7777
9655	1929 6018 7383 422
9656	64 98 84 74
9657	700 7130 9928 5259 10525
9658	9706 3904 9105 9695 10569 11349 10374 3903
9659	1948 4051 4328 3572
9660	1135 7300 2193 4055
9661	2568 10229 9963 8783 10232 3142 10230 10228
9662	5697 2401 11553 7054 11456 11164 5820 7560 11479 2122 5694 10951 5546 786 8643 10832
9663	4182 3454 2266 7431 4473
9664	1602 9872 4031 7922 8549
9665	3881 4647 9453 6814 3999 878
9666	7707 9115 1170 862 8842
9667	4706 8320 7927 2061 7448
9668	1662 7442 8996 6896
9669	9338 5782 155 3718 9267 154
9670	10653 10670 10669 10336 11025 10865 9232 11589 11744 11493
9671	2874 6013 4434 6690 4896 8051
9672	11675 11096 8919 3806 9701 11673 10760 9387 6173 11026 10252 8805 6153 10498
9673	2029 4399 9483 7162
9674	11464 3408 11802 6474
9675	842 1713 28 751 2128 823 612 1035
9676	4688 3633 2921 3591
9677	2109 4876 4804 4694 2759 5478 8136 2857 7600 9663 9239 8110 3354 4695 8111 3761 797 254 1860 6233 863 2908 8105 3233 2567 286 2208 5050 1962
9678	2969 698 1402 7475 2129 1135 6701
9679	257 3394 417 1468 534
9680	7928 6526 5359 11179
9681	7144 10811 5504 7517
9682	11117 1764 10077 5435
9683	1955 4562 2524 1581
9684	5674 11373 6894 8615 8614 5417
9685	5903 1591 3485 5712 5128
9686	8169 2389 5539 4706
9687	387 4242 4259 6020 8894 1643 1279
9688	8390 10527 596 3922
9689	4412 4248 5640 4491
9690	24 3570 807 1740 7502 4622 246 11002
9691	4304 1886 1890 3293 663 10422 3437 9713
9692	1748 1410 3173 481
9693	5281 1279 2599 9568 2969
9694	8717 6075 8517 9389
9695	1065 11852 11856 10499 3291 11858
9696	11721 4453 9320 9323 9322
9697	1533 880 1693 1128
9698	10342 7341 1771 5940 9306 3239 11517
9699	4867 2567 3128 6724
9700	7894 2718 264 2421
9701	28 2137 6425 2237
9702	4132 4128 4143 4131 4142 4133
9703	11818 1380 2210 9419
9704	11093 9695 3389 11516 409 8461 915 3280 11724 9352 11905 10418 11348 5117 5504 2250
9705	10608 4454 11849 8189 7349
9706	2431 926 457 4311
9707	11681 11675 11640 8717 11220 7006 6150
9708	3571 2404 3908 2963
9709	173 2501 1616 9080 6138 3298 10718 2181 10719 8005 6613 1818 4503 4319 5184 9223
9710	6222 3215 885 2585
9711	10584 6996 10348 8501 4228
9712	144 4584 5985 5624 6306
9713	127 4091 130 146
9714	3791 806 8717 1489
9715	10669 11179 8826 9569 5891 11435 10361 5310 8577 10708 7328
9716	1093 278 1761 7579 823 4277 5665 2308 781 2494 2986 6791
9717	8577 9201 7145 8257 10325 7603 5422 9295
9718	1987 11361 11060 1521
9719	1358 2253 1324 4611
9720	6020 4201 5713 4537 2462
9721	2749 9858 7405 5000 10717 1163
9722	3119 4585 8845 548
9723	1722 5001 3173 2103
9724	8560 8320 10264 8561
9725	744 3765 6894 535 5631 840 5125 5409 7319 2577 6966 649 1143 622
9726	7063 10869 10516 8403 11026 7006 11305 10894
9727	1406 9390 11671 11097 7295 10356 11654 7358 3139 11653 11272 8502 10498 11184 10707 7541 7669 10865
9728	3346 2404 817 2424
9729	9316 11067 11681 11208
9730	11544 8437 8921 4109 6979 8929 11248
9731	10720 10560 11267 10669
9732	70 6306 13 3264
9733	9011 3351 5246 859 11566 2640 339 567 307 8845 4666 4574 4018 2272 1911 258 173 1422 545 8033 10140 8627 2648 3136 8357 3651 4920 1929 2156 8285 2404 2599 10114 8751 405 4028 11329 11197 7869 4254 1374 6590 8816 6948 9994 5738 5633 3664
9734	1764 1332 8438 5439
9735	9511 11496 8421 9809 11622 9486 8181 8953
9736	5059 1643 4508 3641 3944 3785
9737	1793 2171 11114 11119 7258 1395 5970
9738	8130 7169 8930 1655 6706 7640 7173 7001
9739	4948 11502 8920 657
9740	11506 6739 4789 4071
9741	1785 2176 180 608 1462 821 274
9742	5476 6967 2822 6430 6274 27 6454 4690 5513 6060 3431
9743	1960 9936 6967 8412 9096 5504 8455 8574 7248 8961 8391 3130 6287 8457 5383 899 8689 7144 8413 7759 2080 10375
9744	9022 8688 9023 9635
9745	6276 7238 3586 590
9746	5284 5287 5288 5292
9747	525 1114 199 4667
9748	9461 5362 8852 5379
9749	11778 10671 2815 8228 1851 555 3352 2993 2306 6412 4830 6536
9750	8853 11422 9939 9846 1238 8831
9751	1653 3440 7907 4973 2195
9752	7121 8886 3446 3320
9753	9668 3949 2723 10908
9754	4795 4793 4970 4627 124 2263
9755	3433 11510 7092 5504
9756	6647 4254 2022 7980 7512 9132
9757	5238 8425 4536 7701
9758	7803 11633 7355 7906
9759	9071 9508 11622 11719 9497
9760	1827 1828 4718 3182
9761	4767 9688 6585 4015
9762	692 4028 2848 7970
9763	9165 8468 9164 9 6190
9764	12 85 5624 10127
9765	3006 3579 5881 6602 1762 3471
9766	3470 2123 417 554 2128 1487 2590
9767	4940 6060 2918 7176 7591 6806 2749 28 1433 6059 6940 6938 712 5807 7289 7185 5808 7210 7435 204 477 6771 7410 733 2956 402 4948 2917
9768	14 4609 44 8974 12 250
9769	2177 6834 10377 2178
9770	9614 1983 172 781
9771	9463 11178 4521 3352
9772	772 3951 9488 5375 1088 10893 2938 5917 9461
9773	2931 3595 3904 3903
9774	10937 11214 6512 10055
9775	3437 9420 1060 6220 3386 2978 4389 6164 6054 472 5676 11309 7227 2463 2147 4676 4633
9776	9888 10226 10138 8589 10804 10805 10806 8579
9777	2310 6470 3664 7373 2363 3907 7178
9778	566 534 610 631
9779	5710 4473 2163 4812 2428 8666
9780	1518 179 11019 7792
9781	3321 5731 6746 5065
9782	3139 6206 8819 3389
9783	2035 6213 6746 8933 10842 10324 8539 8590
9784	10805 10803 10801 10802
9785	4039 2024 6300 9506 4263 9322 11438 8410 2384 678 661 8455 5686 5516 2920 7464 8419 7419 7063 5737 6949 5469 3005 4334 8577 2041 7040 4864 1172 579 1528 9501 9504 3429 7703 4693 3707 8952 3674 8221 8180 8847 7891 2752 7702 422 8109 7024 9520 1817 9958 495 8769 9502 5798 7467 9493 2944 10002 8198 4297 5072 8953 3523 7591 5665 10748 8412 5074 9487 3536 590 469 10432 5861 4768 2215 8615 9341 8181 1168 9508 8421 1676 4042
9786	3959 892 764 1424 4815
9787	7603 9964 2125 189 6285 5822 7367 7680
9788	1264 6884 8604 3739
9789	46 10309 24 5624 7342 5975 2394 4831
9790	8536 6185 4163 7720 6535
9791	3012 8385 8709 3748
9792	4260 8650 7724 3220
9793	3327 2071 3762 7130
9794	11296 10875 9538 9473
9795	11181 11836 11833 10007 11834 11923
9796	11060 11730 9659 10527
9797	4820 3319 5268 2540
9798	7837 10005 6049 7836
9799	409 6784 5173 4091
9800	7625 5277 1749 3191
9801	864 699 4011 4603
9802	6504 4831 7751 4583
9803	11882 11869 11614 11732 11908 10997 11620 1107
9804	5011 5747 8119 5467
9805	5622 6380 10446 6935
9806	8778 7102 8220 32
9807	11088 5474 11245 11080 10373 10426 7006 8467 7405 8493 11244 8484 10942 5504 11243 8772 8771
9808	11549 10645 8679 8681 8678 8682 8675 8680
9809	7189 6149 6148 9183 8369 10017 3481 10229
9810	4153 4293 3588 8564
9811	5135 4480 2592 1264
9812	5607 2508 5556 8943 6838 4813 9628 8942 5167 10992 11640 7357 4368 4663 9653 6240 10400 7277 6474 1226 11538 9727 6411 8413 11539 2670 3903 11702 11574 4989 10174 4797 11537 11047 9827 5426 4908 6554 9302 6556 7915 10962 9490 2649 7205 505 6008 7007 11599 10370 7195 579 10570 8434 2225 8180 9087 8405 5735 5788 6363 6853 6699 3527 7229 7238 5279 11295 4706 11639 10021 7779 2816 6649 7563 11906 4247 4361 6239 5013 1534 7809 1589 10684 7467 5201 4815 2100 421 4293 9491 7210 5736 9225 2729 8412 7349 6555 6370 8425 1694 8877 5837 9493 8224 11224 9500 5021 8944 10371 7280 5261 4920 6236 9503 7732 368 338 10877 10961
9813	1116 535 786 1399
9814	937 6299 8328 1669
9815	10557 5717 5401 7876
9816	812 280 576 4317 1710 3339
9817	407 552 630 534
9818	11484 5339 4284 3433 8400 6929 7007 5514
9819	6453 2168 9475 5636
9820	9372 3418 1850 7600
9821	10705 4008 8118 8333
9822	5624 1359 1673 6660
9823	10711 2295 10205 1898
9824	3412 8602 9156 4349
9825	7931 10735 509 6992 7770 1623
9826	5324 2416 3124 5219 2819 7919 2967
9827	4471 5998 7569 10076 5913 8320 1359 1735
9828	409 10263 11418 11310 11209 7699 2094
9829	551 6420 4756 6422
9830	4641 7227 7242 4234 3390 4390 4705 1584
9831	11361 11616 11366 11362
9832	974 815 516 535 969 607 1116 1211
9833	5700 261 3280 1115 597
9834	10000 3339 7707 3293
9835	2419 1102 3351 2239 8832 6219 9517 4321
9836	884 962 5781 6310 2952 1934 53 1761 3212 881 1129 883 1461 3389 5699 1542 9278 1262 7255 5780 968 10349 1311
9837	6286 9916 8897 8576 9912
9838	8692 4388 8455 8942
9839	3522 2028 393 2510
9840	5994 8919 6253 3846 9181
9841	3903 9659 8230 7248
9842	9286 1920 2546 11764 7455
9843	6816 6454 980 8246
9844	7998 8267 7906 7803 5849
9845	8918 255 9235 2780 9002 7928 6187 4957 4545 348
9846	6373 7509 1487 2155 7765 180 567 3227 3380 5830 728 10972 3878 8043 5383 2611 7279 4204 6913 7513 7236 7654 2658 835 6227 2010
9847	7468 8952 8424 7462 7701 8198 11361 5260 8547 11745 6413 5861
9848	6724 5067 5021 2688
9849	11237 6295 9558 10367 11791
9850	2432 1654 3295 3995
9851	7328 4615 3299 8674
9852	3134 758 705 724
9853	7403 11142 3889 7506
9854	2109 1351 1441 808
9855	9523 4690 9560 9559 8784 1805
9856	2764 4607 10315 8442
9857	8033 5716 6261 4819 5326
9858	751 821 750 608
9859	1116 2256 6452 8087 4881
9860	10411 5456 10157 10896 10225 11609 328
9861	4461 605 6744 8904 6826 7122 2118
9862	5953 7347 5228 9033 9286 8588 11217 7574 3023 8286 10151 4628 6256 5722 7459 8474 11119 5436 10449 9687 11164 6343 7019 11466 10418 8578 8281 5776 7835 7747 7426 10158 7841 4627 11116 7029 5704 4793 11667 10175 5773 5884 5525 8874 10978 4789 1845 4059 5778 9888 6128 4599 9277 6347 7846 5090 9355 4209 5452 4777 6334 11601 8277 6346 6529 8465 11815 2472 3923 8870 6653 7847 10169 10409 4272 7086 1413 11516 4269 7868
9863	2600 5882 1940 5012
9864	10622 7857 7392 4728
9865	9760 6339 9275 1222 4246 937 9029 7474
9866	507 5790 1412 11636
9867	6574 3978 3981 953
9868	9473 7512 8594 2976 6311
9869	2439 7828 3626 2441 2995
9870	8114 3088 4414 9658
9871	10728 11712 10337 2450
9872	8280 9231 300 3677 9711 9230 7081 9581 11592 8861 7512 11026 10418 11210 5468 9290 7063 7134 7376 6155 11135 5449
9873	2911 8382 7338 9643
9874	10963 5379 4643 6243 10908 10899 10906 355 1940 3683 10838
9875	10506 10711 7669 10700
9876	2443 10323 11124 10325
9877	10984 4977 4109 10819 11552
9878	11555 5439 806 11101 3531 9898 136 24 1615 1948 4760 11404
9879	11790 11060 5417 5673
9880	7155 7088 11761 11086
9881	2039 10179 2071 2105 9332 9035 10170 9135 9173
9882	10577 9785 5467 3879
9883	8286 461 3501 4319 3889 6529 4955
9884	1777 1303 1480 1301 1856 1108 1481 1678
9885	510 1136 758 646 1049 749 626 713 744 833 842 567
9886	8522 2965 10702 2326 5331 7116 5292 1917 5708 6766
9887	6474 213 6638 1184 597
9888	8989 11435 9551 3976
9889	5908 5319 481 5313
9890	5108 9183 8119 8331
9891	8238 8027 4911 2865 5386 10671 7383 682 6519 9688 6159 3651
9892	8356 3626 8929 6938 3088 7560 5420 2663
9893	5245 8294 7876 8295 11726 9362
9894	8717 10443 7571 10669 1968 6359 7255 10689 7092 10700 6731 9636
9895	28 3576 29 1083
9896	747 567 739 608
9897	3765 2649 7702 4400 6903 2801
9898	2993 300 10984 5624 5246 5709 4478
9899	175 301 5675 5677
9900	3690 1135 7494 4412
9901	7597 5125 10835 5531
9902	11885 10376 11515 10375 9265 10717
9903	1599 6973 8498 5082 916
9904	9585 2753 10522 6636 1359 1327
9905	8207 3573 2975 472
9906	9384 4508 1918 2321
9907	6474 473 9018 8980 9484 585 6891 4071 6549 8833 405 11529 6119 9595 661 11480 6276 10847 6782 4528 1039 6287 5521 9835 427
9908	1584 7442 6474 899 6305 7217 2114 1067 6325 2606 3341 1359 8753 8925 4071 531 4575 3766 862 3612 11281 2118 11274 4254 1263 11168
9909	657 263 661 6474
9910	4129 7209 3730 5422
9911	4696 1722 4393 2181
9912	10239 10643 10245 10244
9913	8794 4633 6810 282
9914	3193 9928 1493 487
9915	1222 11508 10057 5231
9916	8576 11099 10961 4374
9917	8617 7319 6275 6431
9918	9536 6551 10227 8333 5178 10231
9919	5136 7175 3202 2327
9920	8760 11720 10878 11099
9921	6678 9203 61 3001
9922	6474 10398 899 8908 7647 1117 5571 10400 657
9923	6217 8751 3889 11060 10315
9924	2629 4667 6270 7061
9925	11324 5604 2660 6917 1801 6392 10670 8633 1827 317 6126 1731 5459 10826
9926	9693 2719 1596 457
9927	8848 10045 11445 5976
9928	10055 10056 7422 6298
9929	7686 6220 970 6222 3225 4500 7117 1720 8125
9930	2799 11390 6905 1561 506 1524
9931	7011 7749 7747 7745
9932	4536 6934 11807 5943 5007 963 11816 9036 1923 7699 4057 4265 6351 4349 1813 7352 5987 7713 86 9372 11068 4599 9012 3564
9933	5231 6275 5873 7159 8088 8803 348 6933
9934	4946 4634 4859 307 6400
9935	10095 10097 10093 4689 10096
9936	9273 8822 4508 1712
9937	924 168 1421 10644 5265 11556
9938	9523 7712 4453 9376 9560 7415 9352
9939	2497 2809 5858 9230
9940	531 5305 3981 2785
9941	3435 5452 2894 2395
9942	7447 5422 9052 8736 10193
9943	11835 11836 10257 10007
9944	3236 1414 1897 1540
9945	9134 8593 4876 7429 9442 4031 4833 1135 10728 9138 8278
9946	7878 8939 4040 10493 7784 8281 300 8819 7745 8505 7009 9543 8921 11476 11655
9947	9157 9417 9105 4609 708
9948	8604 7657 4943 3844 366
9949	7150 4137 2486 7551
9950	1814 758 4263 1947 0
9951	6771 2755 2541 6638
9952	3701 5303 6084 4591 161
9953	6474 1279 11126 7741
9954	10804 11771 9345 10806
9955	302 771 936 528 789 285 204
9956	11460 6903 4254 10925
9957	1412 11423 11421 1815 1324 2826 6577 1358 2253 4513 1327 3819
9958	11116 919 4896 10794 1864
9959	1734 10179 7382 2460
9960	6790 11097 3107 7962
9961	6425 6755 8599 6757 6753 6751
9962	5341 2088 3229 3298 7214 4825 441 4364 1727 632
9963	418 652 653 238
9964	8898 7188 5400 472
9965	7784 9157 10723 11091 7792 10833 6258 6206 9978 6173 10605 8506 8504 8445 1825 9653 7243 5230
9966	4178 5295 9101 7554
9967	5368 9134 5382 9461
9968	6352 4783 6356 352 435 2108 8838 6381 2358
9969	1734 676 5450 4191
9970	10014 5999 1151 2966 574 5450 4102 2485 6803 11399 7151 1889 7378 10863 1734 11396 417 5297 1928 4919
9971	2041 557 6392 10981
9972	11327 6285 4447 3630
9973	2196 316 2373 1118
9974	573 519 1531 4768
9975	4462 4352 3298 5020 1279 8129 6307 1264 6966
9976	2575 5882 1940 8405
9977	10364 2250 3650 11633
9978	9408 4359 10637 899 3215 9406 1928 8177 9484 4830 4776 7044 9068 11085 2417 8112 9547 5435 3211 2094 4893 4859 2232 9058 2575 11328 507 4367
9979	1125 7732 3406 8230 5445 9745 4991 8136 10721 8107 10279 7628 1332 199 2473 3316 2575 10899
9980	9805 7326 2532 9704 4741 3837 10756 6054
9981	11063 11819 9234 11080 10514 2084
9982	3131 3607 2010 2843
9983	2449 3070 1228 5020 3786 2222 770 2558 2967
9984	2287 9577 5106 2485 3692
9985	7398 5422 598 8902
9986	9456 9106 9751 9654
9987	5182 10434 9901 6261
9988	5388 8833 10972 9922 10520
9989	2379 8403 1910 5040
9990	7561 9011 1332 1051
9991	7391 7246 5244 913 2032 1614 1948
9992	4666 9905 4670 6763 3358 8469
9993	535 973 1034 988 744
9994	11494 11705 9667 10669 10716 11095 5699 11025 10714 8899 10689 11248 10516 6732 9395 807 7878
9995	3816 8075 10946 7062
9996	2243 9271 3240 3487
9997	3259 920 7707 6137 3031 10012 1537 2295
9998	626 799 927 535
9999	5175 5439 5266 374 1865 7181
10000	8125 371 9127 9193 9384 1948 8440 7092
10001	8 8995 8885 8442
10002	4982 8385 2568 10679 2462
10003	8500 1965 11123 1879 8483 11667 6974
10004	8424 8421 3054 8714 6184 7833 9513 11099 8240 187
10005	4232 704 312 4168 3057 7118 1903 201 3887 3476
10006	4506 383 6129 8193 9626 5660 5627 3338
10007	6219 178 11726 539
10008	6156 9 5018 3280 9361 11515 5469 8798
10009	5409 3624 5708 7975
10010	9493 11296 10150 10158
10011	6306 149 112 303
10012	7192 2953 4440 4441 2540 7047 6564
10013	10354 7686 2540 11027 5634 8144 10548 8032
10014	10006 6581 661 5610 2967 6474 6585
10015	529 1078 797 927 1132
10016	891 3073 2917 312 5488
10017	11734 11606 615 10735 7216 11894 10481
10018	6841 4123 6108 9532
10019	3581 8922 5236 11079 11243 6943 7669 1769 5471 9583 94 6980 11244 11688 10992
10020	9081 4383 2913 3097 5758
10021	4897 2638 2080 1945
10022	1140 8485 11006 3605 3943 3723 888 3786 6206 3526 220 7690
10023	6300 11010 11007 9820
10024	176 1511 8909 2118
10025	10336 7016 3789 11724
10026	427 7014 5518 8729
10027	4026 10660 8379 9868 10286 10861 2768 2844 4667 8071 10922 10935 3046 7814
10028	10551 1928 7922 10006 4337
10029	1312 8159 9281 1625 7864 8128 6336 8471 6781 8568 2304 4715 325 5520 5058 5598 8161 7122
10030	8726 8021 6396 8996
10031	5624 221 8974 8139
10032	2614 835 8400 2428 614 289 722 1084 4785 7697
10033	9366 11516 9637 11226 4896 8929 8493 8319 10500 314 4534 11655 5165 6973 1487 11168 4577 11697 11546 11909 11526 299
10034	1932 744 758 1116 603 1900 1918
10035	1083 10114 1931 823
10036	9083 11765 6515 3282 11649 9082 6736
10037	3722 9051 253 3215 4094
10038	2552 11199 10024 10084
10039	8832 4442 4290 3869 8884 6129 3632 5486 3917 8724 4455 1393 2663 7686
10040	273 2796 815 4202 7328
10041	9330 6143 4233 1897
10042	391 7146 7224 2888
10043	5510 11030 9097 10579 6550 10744 3177 10189 10937 9350 7517 10780 7149 6609 11149 2128
10044	10535 7707 2907 7233
10045	9557 2097 8944 9301
10046	1759 3759 939 2095 1320
10047	3913 8328 5796 8210 6947 6597 11296 6323
10048	3109 1625 4419 2993 280 1828 2482 1826 285 5008
10049	9560 6520 5211 10077
10050	1420 8086 3346 9863
10051	5302 4100 2920 11296
10052	3028 5256 5947 4343
10053	4843 129 24 3967
10054	9358 919 4992 6474 10897
10055	10690 10691 10451 11187
10056	3099 5432 3861 897
10057	3511 6137 8440 896
10058	180 900 43 5872
10059	213 1242 2614 6536 4153 10329 2998
10060	9329 9363 9628 471 9629
10061	9232 4974 520 2846 8887 1917
10062	4811 2311 992 9992
10063	7260 11052 11066 3585 4884
10064	3764 2223 4876 8634
10065	10720 2993 9667 11368 1651 8897 9711 10785
10066	6392 8837 897 10163 6470 3188 8594 3861
10067	7213 4775 1653 11418 10163
10068	2086 6255 2020 409
10069	7303 4849 6396 10752
10070	7248 3937 7833 10527
10071	11133 4076 9191 6267
10072	10680 11880 8742 4116
10073	5245 2616 3641 4390
10074	6432 7231 3503 8289
10075	9051 8709 2606 3861
10076	173 3026 296 3484 3627 5277 8406 4451 1698 8838 6286
10077	2710 1876 1437 1986
10078	1118 6474 8717 6377
10079	5453 8553 7635 10498 11592 7262 11077 8934 7747 8861 8899 1339 5017 10698 9042 9285 1700 8505 9237 6230 11403 5450
10080	199 8418 9058 9178
10081	5665 3139 282 9716
10082	24 7968 10944 3710 10161
10083	10140 9769 5158 7686 3832
10084	8156 8601 8157 8158
10085	6882 6158 3767 8105 4472 11293
10086	716 8104 8895 8626
10087	5990 2785 2328 7474
10088	4545 5165 1952 2460 682 1222
10089	7491 11000 3291 11179 2614 823 2295 10342
10090	4628 10375 10150 8006
10091	6497 9551 5007 10165 7163
10092	943 992 636 1988
10093	229 3378 7794 11425
10094	3468 2607 4508 7707 5353 7188
10095	8607 4704 9930 6260 6066 899
10096	9659 7248 6713 7833
10097	6165 2710 3356 4203
10098	2756 394 4362 10120
10099	3150 764 5151 5114
10100	5553 4449 3455 5638 1290
10101	10850 6045 10982 11640 10315 7479 10849 9974 11065 5342 11184 6557 9538 3371 9965 7358 9387 8486 11781 1411 1244 8443 4042 10853 10587 6038 1264 11544 11516 9234 1224 10511 3152 10512 8502 11586 6904 8895 10724 9557 7480 4040 2549 3664 8753 9137 2606 11380 5123 8922 9546 11070 471 10854 6910 11080 8043 3989 11248 11529 11476 2993
10102	7823 7179 4687 2860
10103	3585 3605 10583 10030
10104	7309 8035 7312 1784
10105	2846 8473 1992 1537 2946 2030
10106	2458 597 5813 4407
10107	8925 1191 4672 11123
10108	699 11275 2041 4465
10109	8009 6122 8905 9452
10110	5500 11502 4581 7444 4751 8007
10111	10158 11118 10945 11814 10187 11431 10183 664
10112	5287 11309 4819 5295 3301 3497 7294 277
10113	8890 6849 2181 9975
10114	8646 3003 7973 1230
10115	6492 7824 9537 4210
10116	5178 2373 2158 3351
10117	3651 9901 2786 6948 9805
10118	621 3688 9471 7248
10119	11404 3083 6949 1615
10120	5481 7503 7583 2616
10121	7377 8252 363 10338
10122	8173 10128 10711 10700 10361 9930 11208 9928
10123	3603 2208 1114 4943 2514 2175 874 7001 5065 2579
10124	2503 4837 1736 1877 4256 1918
10125	5469 5932 9637 6733 9461 6298 11868 7376 6971 9277 9274 7082 11668 11819 11025 8871 11079 10896 5887 9049
10126	6251 5484 11636 10861
10127	6512 6905 5669 5074
10128	4254 5439 9406 5665 9030 7867
10129	4509 10458 7213 1583 1279 7382 2459 6826 10069 8124 7644 6172 4560 2630 9142 897 449 2604 10068 1919 898 450 11652 10926 6392 8758 7720 8787 6550 3736 642 1267 6124 1015 2989
10130	11373 9174 2425 1170 9814
10131	9277 4158 8389 7615
10132	10962 9572 5728 1491 9860 9362
10133	280 9313 3982 2788
10134	3600 2456 3076 1158 2023 671 3389 661 589 1121 703 175 2181 1650 228 2336 482 6358 2038 1296
10135	2978 24 10086 7209
10136	8893 2036 8894 9070 10538
10137	5445 1264 6680 1986
10138	10007 11491 11832 10257 11834 8658
10139	3173 5095 3560 4177 5046 7396 4647 4876 5518 5144 3972 3543 1858 6447 3573 8627
10140	4678 10615 4859 305 8291 5971
10141	6496 5704 5884 5722
10142	4253 8879 8811 6200
10143	2671 7374 4534 6380 2165
10144	11498 3015 5936 6138
10145	10345 10047 11180 9948 10258 11253
10146	2416 7123 2032 3442
10147	4437 411 4646 897
10148	9287 9935 5975 10059
10149	5170 6663 11206 11205
10150	1837 6474 8742 3203
10151	5870 9029 11643 11645 7074 5770
10152	3028 5450 9651 7372
10153	5532 3431 7044 5271
10154	5929 6608 1048 3796 10078 8085 2752
10155	5178 1570 2369 11283
10156	242 645 711 1048
10157	8094 7922 5944 3038 9229
10158	11515 1694 11670 9514 11006 10723 8922 11600 9362 9424
10159	11800 2012 5233 6691 2135 1160
10160	4449 932 4051 6638
10161	130 9659 7342 8946
10162	11168 11045 3117 7288 6104 7959 5894
10163	4022 4395 6366 4348
10164	11048 11376 10311 7497 8530 9634 4825
10165	6768 6713 2137 8237 1312
10166	3177 2942 1783 5439 526
10167	3131 4551 3603 1800 3435
10168	9375 3015 10987 10988
10169	6129 9626 5669 5726
10170	1849 3670 11287 5563 6344 5599 9800
10171	11103 9643 889 11101
10172	3801 10981 4045 6392
10173	8631 4352 4477 3720 1734 2346 234 4038
10174	3772 7119 459 5003
10175	10527 9659 7518 7833
10176	7248 621 2394 7929 7930
10177	10158 11127 8672 11287 11060 9033 2207 5106 7706
10178	7389 5254 6853 341
10179	3293 2978 2169 5087
10180	612 255 2778 823
10181	8893 10883 10906 11084 9643 3651
10182	6372 10852 5108 10984 832 5747 6369 10849 8729
10183	8179 6585 4876 4254 2319 2631 585 4403 1695
10184	3757 10824 11404 10825
10185	10364 8865 7260 10406 9671 11672 10784 11272 6055 4963 7092 10349 9543 11504 8282 4464 1207 11061 7599 11055
10186	1289 5750 772 1222 2243 3528
10187	6998 4941 215 8812 8977 3341
10188	3803 4158 5579 5580
10189	7248 5587 10527 10045
10190	3722 1652 11064 6891 10588 8774 11098 8796 4324 9273 4679 11087 7781 7273 4362 4361 10584 10029 9895 11184 11505 9461 4277 9899 4001 9639 2169 9975 10883 9173 11339 9672 8793 9893 11537 10786 7560 10911 11056 10383 10791 10788 11059 7072 7376 11575 6467 9574 8805 7272 6735 10313 9515 9 9571 5774 11670 7002
10191	1040 1282 1440 1259
10192	7883 1068 9630 5523 4327 2722 6520 8436 9631 7753 6955 9276
10193	8608 5060 9245 6392 11133 9235 8712 5643
10194	9214 414 8882 6791
10195	5970 4566 6202 2287 9049 8822 2325 1867 537
10196	11081 2989 4837 6411 4828 8751 10844 1929 3376 11653 9871 8729 612 2535 4642 7188
10197	1663 300 4469 400
10198	7833 9659 7248 9532
10199	10315 3346 7122 8137 2416 4675
10200	1629 3743 1810 5490
10201	9008 4343 6335 4706
10202	11672 9300 6659 9173 8574 10723 11093 10812 8865 10560 11065 11513
10203	6009 2510 6979 10362
10204	1073 473 3540 3573 5961
10205	2943 9359 6188 7673 9656 9363 6286
10206	10498 9128 8901 8437 9126 7980 4478 7700 5411 8928 5408 9358
10207	299 53 240 838 2594 4496 3686 2999 258 2587 2586 2996 245
10208	9558 7920 9352 8403 3843 7405 11270 6648 8264 11054 11688 7087 9978 2181 10484 9292 8286 11673 11066 11587 11667 9059 9672 8494
10209	535 625 536 758
10210	4833 3118 4832 10419 7545
10211	9226 9422 10284 7751
10212	10884 10910 11214 9510 10938 9494 11505 11271 9486 8425 10555 9867 4552 5040 9526 10178 11415
10213	1066 8010 7715 1060
10214	9788 10771 8799 9151
10215	6824 10109 1977 1767
10216	8933 10886 10651 7145 11087
10217	176 823 1502 612 2710
10218	2866 8514 5183 3436
10219	8662 10803 8507 10802 10806 10801 8807
10220	1263 7366 1531 6912 5739
10221	9574 6218 241 949 11000 3518
10222	691 7142 2416 4000 10307 7644 8089 2866 1193 5482 9227
10223	1312 2603 6618 700
10224	3873 1272 1443 50
10225	11440 9748 11038 9750
10226	8892 8894 10537 10538
10227	2185 9581 9688 1898 6614 7092 6658 511 11724 1929 5471 4233 2083
10228	8357 8352 8555 4911
10229	4370 9891 2041 6990
10230	1152 5980 4657 259
10231	4300 5599 4070 1921
10232	3113 3884 3878 902 3380
10233	6411 6730 7188 7245
10234	3878 3856 5747 5108
10235	2061 3849 9255 7993
10236	2966 11101 2614 9941 2081 3547 3422 3291 1865 9940
10237	806 8700 2513 4361
10238	1984 8900 7974 6873 11131 989
10239	6613 6067 11639 468 8594 6433
10240	669 2342 6426 7805 5731
10241	5400 11892 11022 9148
10242	9204 5939 5371 526 11383 9203 7545 6473
10243	9365 5691 6492 9349 3771
10244	1201 10122 3677 9284
10245	3046 157 7219 811
10246	8734 9574 9757 10534 10457 8598 8599 8730
10247	6907 10362 201 10780 4026 1653
10248	7364 4524 3273 7248
10249	5003 1720 2557 722
10250	10163 9652 2321 6530 6528 7066 752
10251	4389 333 4967 9994 10512 8511 710 3840
10252	2137 3248 5334 384 5819
10253	6930 901 924 2553
10254	3038 2542 6367 6527
10255	6790 6617 7517 5165 11479 5661 8897 7515 11498 4837 11637 2502 9152 6948
10256	4434 5770 5775 4118 3899 5229 246 5230 3034 5769 3528 3433 669 5557
10257	9955 8789 10085 9663
10258	3139 6403 11305 8679 9852 577 6076
10259	2697 4147 957 3992 1714 2491 5060 5597 2495 4343 5426 6938 1898 1655 1401 1963 7079 4560
10260	569 1294 8356 8354
10261	8532 9808 6101 7720
10262	8125 2966 5259 614 1312
10263	3627 3700 4798 2769 1929 9822 2924 4566 4099 11058 3333 5949 7326 4996 7373 3301
10264	5151 4958 2466 8929
10265	3301 10470 355 7322 5109 1222
10266	7991 6434 9324 9580 873 2149 9533 8383
10267	744 519 1114 626 1157 999 1091 758
10268	11349 9231 10711 11886 10724 7072 8479 8922 6298 11168
10269	3266 2909 2709 3389 3180
10270	9690 4812 1987 4342 5150 5106 4839 2659 1865 4094 3351 2432
10271	5699 424 2342 603 11700 3706 1599
10272	1138 3719 1443 11206
10273	1032 1079 625 1885
10274	11441 11411 7364 9291
10275	3132 9811 577 7248
10276	9929 2880 10137 2342
10277	7091 9018 6338 10164
10278	2851 4551 1632 6458 9502 9486 1170 1629 8145 2991 9660
10279	3806 10077 1924 3097
10280	11403 10580 2057 6606
10281	799 535 10812 10315 8919 634 9310 2420 536 609 9316 683 842 9328 10723 9578 6613 1104 4051 4550 11061 749 11077 7234 10981 7578 7496 6229 11055 10653 7087 9153 3571 10520 519
10282	10521 2540 5299 7146 9475
10283	11363 9502 11300 8548 8953 11290 11099 1856
10284	11053 10383 5434 10313 4824 9290 10791 8137 10757 286
10285	8320 10472 10228 776
10286	11663 7248 7833 10527
10287	3663 384 6947 328 8919
10288	4123 2370 2393 4345
10289	4560 10863 11425 11711 7770 8552
10290	2275 5073 1072 7990
10291	6131 6080 6280 5929
10292	4038 3281 3885 1264 2531 2079 1736
10293	8442 435 8886 6844
10294	2675 2314 5012 8732
10295	8377 9613 1544 545 1035 2416 603 183
10296	4263 3273 2899 6664
10297	1402 7279 9073 3511 4254 8184 2567
10298	472 1889 677 4011 840 4949
10299	251 263 3770 6496
10300	1653 3762 4608 770 180 5012 863 267 5130 2658 1827 808
10301	11417 10423 7045 8152
10302	8565 2169 4291 1011
10303	5439 136 3844 5665
10304	6289 3716 5218 5401 6796 5645 3319 2535 3347 3890 410
10305	8884 8615 7783 11855
10306	2024 1433 5074 137 148 2041
10307	4650 2575 3381 6147 4719 4259 1585
10308	9249 8287 3767 8328
10309	6719 4718 5309 9182
10310	5065 2687 5457 5946 11324 7144 6790 5461 8933
10311	2124 5438 1889 1135
10312	10968 6275 7947 7952
10313	3853 6817 5209 3595
10314	2131 5026 8357 8353
10315	7908 5775 3329 1384 284 3158 1341 8189 425 395 11505 2762 1443 415 285 3901 1425 7519 5554 2428 630 7599 1035 1097 940 328 10584 769 8838 650 1421 402 1392 796 7455 1620 955 2874 947 1749 299 10349 288 2581 2541 667 10372 170 803 6880 2077 5580 263 2188 411 286 8484 9432 1628 175 11507 242 9779 8243 4091 5445 557 1588 264 172 4706 4622 1095 2295 641 6457 2383 5634 479 646 559 621 3526 900 133 1861 1935 474 675 4349 1305 1033
10316	10011 9873 817 6366
10317	2448 4355 5040 5436 6638
10318	3981 8567 10427 6067
10319	8124 1643 10745 9607 3944 10746
10320	9264 9903 7857 7859 9879
10321	2660 2066 2043 10316
10322	2540 11169 8144 2139
10323	9513 6203 9514 9512 6529 5203 3389 9515
10324	8862 2562 10869 3284 3287
10325	10586 7745 11545 10347 437 11189 11066
10326	9105 3899 9039 620 2226 6472 11533 5624 8991 11225 5117 3091 6513 11230
10327	4011 5117 4948 702
10328	11566 10679 1374 10927 8885 9016 1171 10384 4977 10944 10515 8631 3290 2299 2206 9014 285 8629 1279
10329	3937 9540 127 9339
10330	6779 8842 7707 3304
10331	3158 8380 2650 2684
10332	4941 8908 3547 8895
10333	8243 9961 9576 11249 9965
10334	4191 5348 7236 4054 5507 4863 5492 5490
10335	10928 10894 11088 9461 7772 11461 8940 9356 11179 7497 10962 10842 10807 6117 8485 10982
10336	8005 5518 1161 6340 4685 4289 11281
10337	10561 4263 4461 2320
10338	289 688 700 1286
10339	1378 1379 616 1552 830 258
10340	7558 2005 7435 2746 3943 1734
10341	2286 2540 3048 5576
10342	1918 4279 1625 4554 4553
10343	8927 8436 8437 8928 8902
10344	5187 2358 339 5028
10345	3742 212 9063 6494 10059 240 6088 11214
10346	8604 9506 6366 9362 9700 8114
10347	8643 6220 11215 4762 9849
10348	1244 3043 3764 11274
10349	8915 6565 7764 290
10350	2113 1225 1467 4785
10351	285 1220 7107 1060
10352	10720 10024 2099 11817 7224 10786 10724 9116 10398 8486 9099 6838 10883 11640 6190 10070 578 11084 5607 8272 10313 10723 8865 7688
10353	4402 5258 2906 5343 3128 2525 670 5423 4405
10354	1160 3795 6278 7863 10953 424 2582 3988
10355	3700 3028 6079 10549
10356	334 5420 18 7317 1659 4765 5140 1795 2379 2528 4024 4387 4911 1800 5759 5485 2775 2657 1810 2263 1135
10357	5382 9442 7266 6228 6118
10358	6549 863 1352 5245 5246
10359	6274 1712 4554 4881 7011 8660 2351
10360	403 1964 1193 3045 3188 3190
10361	173 4706 4782 1156 1135 2030 4896 10247 2540 7055 4923
10362	2939 6674 1142 2211 10478 1992 11346 1751 5687 5259 5943 4424
10363	876 4178 8329 3106 9201 2993 9202 8908
10364	45 1312 9134 7742
10365	7907 1060 2416 728
10366	6069 1562 3139 7248 5093 514
10367	6013 5405 560 3979
10368	7670 5311 1809 996 4367 8854
10369	4774 3969 5024 1007
10370	9385 4233 5014 3860
10371	3594 7297 9083 4509 3555
10372	7571 8504 10896 10670 9727 7273 8659 10406
10373	6417 4771 3975 3777 450 4755 4756 7939
10374	4948 10417 10129 5014 4437
10375	1902 7562 3444 4390 767 5429 2677
10376	4768 4628 5006 24
10377	8874 10187 8870 4786 10937 10409 10150 4090
10378	157 9891 2325 2179
10379	8341 4630 891 7959 3760 2610
10380	5439 2181 1928 7207 7208 5815 3601 4891 3034 355 34 7210 1222 7185 3139
10381	3284 4885 8819 10430 5700 3167 5504 10174
10382	9983 11858 11862 8230
10383	1293 2381 1294 7251
10384	1116 1114 1929 1143
10385	2505 11060 2583 7869 2460 4807 2155
10386	6746 5331 8660 1541 7188 7214 4728 213 2599 1889 7106 3359 1116 3912 7378 280 2917 4804 2614
10387	3095 8086 9474 2975 3890 8750 444
10388	8952 9501 8414 10524 11363 9513
10389	8555 4035 8622 4837
10390	770 1627 661 479
10391	9568 8826 5382 11152
10392	11220 8949 6092 9626 6052 9190
10393	5468 8601 3389 3240 7539 7346 1634 3581 11093 1852 8263 4550 8277 2767 2181 5320 3300 3287 180 5556 2995 3066 8405 1140 258 1280 657 8479 2927 591 5750 7019 3041 390 3509 1890
10394	8354 11198 10566 8944
10395	5652 10218 8519 11875 11115 6084 9996 5952
10396	9647 518 2482 9327
10397	1794 5266 6172 2975
10398	9033 5037 344 2614 10985 864 951 6736 5672
10399	11766 11753 8408 11751
10400	11794 3156 11404 7600 10215 9115 277 4671 10182
10401	263 11294 10472 11296 7 8798 899 11292 5079 4698 5419
10402	3341 199 4104 481 8889 3533 3935
10403	10895 7598 8113 1349 10808
10404	5288 3277 8330 6701 9992 11460 7845 5289 5286 335 5284 11376 9993 5291 419 5295 4917 2893 11377 5285 10943 10328 1675 944 5909 541 5259 7844 9994 11375 7154 9995 7171 331 7153 4915 334 2907 6706
10405	2567 3307 2193 2417
10406	3713 7248 7727 6135
10407	4859 6741 7968 10164 1222
10408	7631 7630 5489 2523
10409	969 1157 1091 776 519 744 748 840 625
10410	11124 3131 736 3227 2010 11471 8325 9485
10411	9894 11244 9306 11245
10412	537 4612 1828 9797 3291
10413	10736 10737 10696 5929
10414	2647 7045 7174 725
10415	2295 1116 4875 3978
10416	772 9461 1654 7006 3547 829 4234
10417	4886 9277 4550 4224
10418	9997 10163 7854 2247 329 3098 2877 6585
10419	6691 6915 10605 11749
10420	1518 22 6488 3695
10421	11785 6562 3111 5944 7714
10422	10580 9141 10568 7862
10423	3741 730 2552 4010 7362 6621 3651 2147
10424	7163 595 2412 7220
10425	6360 4993 4966 7004 7242
10426	2938 4529 8568 8569 5091 9210
10427	11552 2540 10525 6799
10428	3676 10545 6861 3236 9780 4895 2041 7602
10429	3786 1643 576 1035 1688 1091 2460 3628
10430	3692 9134 9938 9441 9133
10431	239 8858 310 5880 1918 238 6051
10432	1838 1145 3619 1195
10433	8441 9065 2346 314
10434	9172 9939 9298 9103
10435	5229 975 661 4049
10436	3894 3195 7423 5300 3537 4180 4176 5338 495 6904 983 4492
10437	10920 8491 10928 11244 10981 10982 11084 6258 11245
10438	9179 5309 5321 321
10439	10319 8755 3203 372
10440	10219 10169 10040 8047 8072 11805 10795 10182
10441	7982 3725 3358 8144
10442	11831 10929 11655 5427 8277 5830 8448 8919 11586 11168 5780 8481 11211 5016 8459 6148 10696 4277 11651 10619
10443	4233 9684 9681 9936
10444	3756 2543 4022 2899
10445	6641 9192 2700 2531
10446	6895 11277 11290 11274
10447	2899 2098 2417 1387 4016 4101 4276 1503 1322 2034 2583 172 133 2715
10448	3096 9129 11339 11383
10449	11217 7764 11214 9277 10053 5801 1222 11820
10450	917 1928 781 8586
10451	8772 4487 9636 10588 6230 10506 2084 10498 7388 11231 9581 11593 6904 10259 9316 10842 8271 4227 8270 10586 8991 10520 11057
10452	1960 5356 4259 9202
10453	10382 2874 5750 4200 3284 7333
10454	7827 7751 10127 64
10455	6209 9193 7585 9186
10456	1135 6312 3861 211 320
10457	10776 10546 10775 10544 11355 10094 10545 10093
10458	10128 8912 8908 9984
10459	6457 11675 11819 10397 2398
10460	8492 8493 1163 10030 7539 437
10461	6271 1652 5227 1073
10462	1596 5432 10860 10780
10463	5275 4153 355 1803
10464	6205 1781 4316 2984 11404 2784 2540 11001
10465	7916 2460 11212 3678 11403
10466	1811 7130 1852 9229
10467	6373 10379 8469 7853 8333 8332 10548 3651 6907
10468	1865 2974 5211 3159
10469	1330 1596 6619 5328
10470	9051 7562 7172 7769 6585
10471	2095 2684 2133 958 840 3011 367 3500
10472	9823 8352 3108 6566 4672
10473	10188 10165 7531 5619 10430 4353
10474	11160 6841 8031 8445 3305 11081 5176 6734 9760 11628
10475	5259 7508 3177 6825 2125 7524
10476	4550 3517 11910 11212 11026 7291 11587 9234 9230 10346 266 7540 7503 9232 11127 11184 11272 9384 11081 11179 10037 3875 9461 5607 9237 8922 10714 6710 10621 8498 8480 2067 7275 8489 4634 9225
10477	4027 2347 8818 1801 7686
10478	3648 9202 9206 6676
10479	11341 11649 11637 11481
10480	10309 4584 3888 4843 7751 46 11374 5624
10481	3011 8753 2050 4173
10482	7975 4719 1596 597
10483	9134 7981 4255 9152
10484	9952 6558 1726 10983 3704
10485	5716 5717 9768 5718 6530 10841
10486	808 135 4460 1650 6430
10487	3861 6392 5191 10377
10488	8079 5722 5090 7096 10040
10489	7784 5165 4956 9969
10490	1070 1626 5787 1047
10491	6341 265 8042 1985 7686
10492	4088 1594 4676 7159 11329 7803 5020 4958
10493	3728 11600 11550 10998
10494	4142 8049 8756 5915
10495	1654 6392 2394 3443
10496	6761 2602 2145 2413
10497	9729 8049 8036 7054
10498	7590 2540 9178 8035
10499	4656 5568 10307 8956
10500	10989 5612 7361 10102
10501	4670 1671 9538 11376 11198 11471 11089 11001
10502	8612 1228 11156 10167
10503	7961 7948 3807 10739 7953
10504	3976 9914 5074 4776 555 4808
10505	542 2682 1279 4923 7745 6284 173 9630
10506	11116 8036 1537 5418 7490 8161
10507	5434 5410 4706 3001 4719 3482 9755
10508	3383 2580 355 1204
10509	4628 7900 10003 11246
10510	6195 2412 5911 2154
10511	4353 1167 10084 3650 157
10512	211 4472 4470 4507
10513	3436 9661 10590 3488 8893 1176 3293 471
10514	4650 1091 797 3816 3875 8076
10515	2463 9515 11425 1933 3861 7666 4354 8101
10516	11267 4376 8838 10937
10517	28 596 2801 7356
10518	195 8442 6072 8929 7385 5843 28 4940
10519	5783 5280 5046 6251 8883 9597
10520	5526 6063 6301 11277
10521	2367 581 7019 5435
10522	11059 11056 11065 8866 11068
10523	967 8517 7517 11305
10524	3878 3329 2460 125
10525	9202 9203 1629 9937
10526	337 339 1750 2354
10527	4667 3204 2586 808 4923 597 3073 3838 4042 3061 2592 1431
10528	690 9724 8379 8909 9820 9919 1663 11498 781 7132 8912 8776 9485 8908 11041 5190 925 11221 11560 6536
10529	3793 2599 2023 3018
10530	4508 4657 4659 285
10531	8634 7746 2030 9874 9115
10532	3339 7175 1318 4958
10533	11184 10981 3768 11557
10534	9501 8201 10901 8417 9328 8368 8626 8952 9490 8185 8415 8416
10535	7655 3220 11142 11295 10962
10536	931 1525 8417 5947
10537	79 1182 4843 807
10538	1610 257 285 8353
10539	1662 3830 4000 4365
10540	2149 576 2651 7019
10541	3501 355 11604 4941 5145 7169 5618
10542	3692 277 11406 10013
10543	8402 7335 1910 6636
10544	11205 6663 6189 5170
10545	9192 2146 6425 8815
10546	11663 9659 7248 10527
10547	5383 203 6133 328 1772 10683
10548	7459 7447 2428 10811 1397 11417 11404 4002 415 10187 3866 8156 9022
10549	1970 5376 5377 8851 10998 10025 9134 5378 9461
10550	7681 7448 1828 3372 9959
10551	8779 10351 1603 9283
10552	946 1114 519 1119
10553	8871 9125 9097 7586 7581 9128 9132
10554	2973 6606 5699 9582
10555	8461 10030 7539 11700 6361 10484 10483 10032 8494 3401 4883
10556	5730 2616 2726 3275 4037 447 1422
10557	10998 9491 5120 5013
10558	7545 9320 4653 4300
10559	2195 3834 6512 4688 8766 7794 2342
10560	11404 3924 7561 11101
10561	9794 8089 4762 2318 9668
10562	8711 5277 555 2105 10055 4876 11443 4947 11141 10053 8751
10563	3925 1456 5223 5435 3571 718
10564	11779 10845 11378 10983
10565	8674 2602 8358 5196 6761
10566	9267 4004 10092 7503 4064 4297 4834
10567	935 934 1076 744 988 903
10568	11668 8872 11527 10881 10689 6732 6735 11093 11512 9156 7689 9231 9388 11027 4277 8897 11097 11230 8503 7250 8479 9232 8553
10569	345 699 2878 2686
10570	7709 7970 4092 6687
10571	438 1290 4762 293 8481 7503
10572	4300 758 1685 2315
10573	415 2536 8717 3233 4471 6837 172
10574	137 11649 8245 160 10055 10832 7496
10575	5759 8537 8533 5919
10576	6741 4468 10309 2257
10577	2253 1358 7963 2254 1928
10578	7181 3468 6581 10559
10579	5549 6931 6643 3588 5659 5754 6396
10580	10713 1798 4293 1616 4402
10581	3131 3660 1919 8106 11305 3982 1814 8794 171 4161 3861 4857 7398
10582	3872 3526 9476 9447
10583	10259 1067 1147 6735
10584	6295 8250 11133 1966 6744 5021 5759 9203 2064 11137
10585	5101 4541 1584 7120 2482 5281 3542 3801 8515 5738 4407 1332 4575 7475 2593
10586	10068 7121 7116 2540
10587	2749 4692 1567 1333 7141
10588	10889 9515 9487 7116 11619 10870 2782 10153 10890 10887 304
10589	6394 10807 8480 11529 11831 11542 10342 11027 11544 9923 11079 11182 11248 6733 9921 9383 10520 8193 7652 11129
10590	2130 491 8517 6099
10591	151 4556 145 5624
10592	3232 5599 263 1135
10593	6277 1864 6512 11426 11423 8881 6506 1928
10594	9883 3053 7316 2895
10595	5276 2998 9122 5757 3943
10596	11427 9530 10941 10771
10597	8747 2675 4670 7297 2041 7248
10598	3516 3628 3664 11879
10599	2444 8693 7552 4220
10600	5384 9857 7994 11568 11527 9695 6836 9285 2943 11697 11235 6647 7020 9417 8116 9512 8083 7280
10601	5580 6013 7091 7952 8043 7960 9018 10031
10602	4272 240 2793 3125 7073 7109
10603	7987 5812 4831 4821
10604	739 1854 1114 844 464 536
10605	3982 581 8885 801 2019 3981
10606	3508 4523 11636 986
10607	1977 11050 11250 11450
10608	5672 11605 11737 11637
10609	11432 4727 8854 6343 2653 9007 10151 4810 4776 11478 5574 8239 7300 9380 2575
10610	1911 9570 9240 5449 7571 280 4490 6817 10315 9556 6080 6805 2703
10611	9733 7483 8121 7673 980 7594
10612	9995 7822 9574 10327
10613	1653 5648 8442 6019 3641 8330 2087 401
10614	224 892 3792 417 240 2715 925 3741 4194 2540 4775 9141 2379 2152 3844 3169 1844
10615	11511 6203 11434 7773
10616	25 1467 1521 370 1612 621 238 993 806 1509 807 804
10617	9425 9050 8324 7758
10618	568 10541 925 2135
10619	6583 2287 9095 10291
10620	382 625 607 1264 3792
10621	6392 3391 7398 8753
10622	9461 7361 9442 8825
10623	2993 6217 3589 8897
10624	10769 9157 7792 10605
10625	1501 7199 9785 1960
10626	9881 10613 8911 10847
10627	3202 355 3346 2128 2613 2917 5423 3035 5060
10628	7030 9165 5848 8531
10629	8873 9852 10613 11355 10096 10775 9229 10546 10544 10776
10630	217 241 210 288
10631	5767 783 5761 10520
10632	302 1527 660 1761 1047
10633	11833 11677 11834 11491 8658 11832
10634	8285 10696 10180 7978
10635	2141 770 5225 907
10636	9395 10299 11226 4884
10637	7500 3346 5776 2813
10638	6015 2782 3300 8244 7828 6034
10639	7398 3668 3131 5637
10640	5585 1227 10740 2337 6400 10736 277
10641	9284 33 7261 10070
10642	8350 7803 6882 9256 8721
10643	781 9517 517 5807 3629
10644	6704 4256 4257 2585
10645	9565 2022 9332 6506 10678 11467 7577 341 9560 8044 8284 9135
10646	3651 2846 617 6380
10647	2829 4876 339 5906 1406 8240 4018 4038 9125 1338 1138 9461
10648	7414 4530 6564 11219
10649	932 5719 1224 2042
10650	1627 1757 4179 1728
10651	6296 6614 9316 5924 5938 7176 9300 3158 9156 3274 1443
10652	10185 605 10669 1689 6887
10653	11282 2908 8611 3817 9513 6182
10654	6421 4753 4755 6678 448 6420 2342 4757
10655	3252 4343 4368 3152 4587 4450 4063 4007
10656	966 2045 2110 3584
10657	945 930 177 539
10658	3291 1918 1964 1706 8749 1514 2154 1963
10659	7009 6838 11830 10595 4622 2099 11080 11212 11058 11886 7674 11589 9957 300 5887 7691 11837 11825 7789 7747 8505 2059 10380 11892 7688 10983 7669 11655 8486 9232 11653
10660	4598 11104 11408 11582 5688
10661	739 3734 786 2377
10662	2412 3083 7640 11505
10663	2675 5610 4457 5106 9737 6922 6948
10664	7828 9595 9154 6196 2784
10665	24 437 8484 7250 9618 3121 890 409 6573 1792 620 11055 1614 621 3967 3397 6116 3671 3264 3888 3389 584
10666	5571 7811 11360 7529 4977 4183 4706 4965 3839 4079 3748 2782 2002 6437 6549 5246 11092
10667	1264 453 2640 781
10668	308 515 1467 903 760 632
10669	497 4633 8650 3346 11098 9048
10670	10331 7004 10525 10699 9870 4526 1773 10163
10671	2445 2706 2939 567
10672	758 1660 10580 2320
10673	2474 1509 10689 7430 8125 5906
10674	2978 9709 11570 925 8061
10675	11551 11616 10913 11615 11404
10676	1154 835 2029 4345 28 1244 2540 3057
10677	5221 6435 3943 2607
10678	4102 11364 6214 9556 9505 11318 1103 1969 9490 9509 682 9496 11319
10679	2817 4516 3485 6090 4501
10680	2721 777 5665 9710 596 3582 619 7248
10681	2432 8984 8731 6754
10682	541 2418 3043 5846
10683	1506 1548 2875 7885
10684	10740 3772 10252 4274
10685	6635 7528 6631 8311 8970 8300 6637 8301
10686	1034 1216 1690 3117 533 2471 649 1271 525
10687	10906 5237 11696 7774 4737
10688	6192 6158 2437 11696
10689	3641 5638 2287 8657 383 7811 485 5656
10690	9729 11198 11224 10580
10691	8641 2874 8645 781 8644 21 5644 7062
10692	118 119 11710 120 121 110 117
10693	6733 10583 8717 10021
10694	6055 10726 11697 8765
10695	5936 4837 7630 8646
10696	6668 133 1676 24 579 3967 9338 1252 845 671 2734 2896 1612 426 5439 590 1615 5100 6480 3533
10697	3436 2295 2531 3304 1431 2296 925 750
10698	9647 7234 8938 9409
10699	5259 769 2819 316
10700	840 3293 3301 6142 5450
10701	2642 2101 815 1106
10702	8382 3570 3671 6415 151 807
10703	4422 2152 11328 2208
10704	11819 9274 11830 11094 7533 11914 7384 9424 11831 6208 8282 6204 8271 10374 10510 9967 9105 7317 10918
10705	5155 4352 8166 10378
10706	5060 4560 8945 9592
10707	9649 10416 7558 4838
10708	217 9282 3860 10353
10709	3963 4318 6536 2540 9856 700 6170 11329 7554 497 11478
10710	417 875 257 235 2588
10711	2727 10186 9805 5894
10712	1359 781 2577 9004
10713	1622 4573 6009 4327
10714	619 8218 7561 587
10715	4380 2148 7974 6357 5887 567 10290 4950 10521 3539 4320 2406 8845 9822 1719 489 11043 7402 6995 1889 28 5270 10291 802 2137 2650 10263 2420 10511 6054 2896 6512 6081 6341 2316 1964 7698 5259 542 11044 8136
10716	9920 4215 577 133
10717	973 9327 1338 5264
10718	3070 9582 10924 8751
10719	1083 9231 6737 10714 9384 7975 9387 8934 11511 9249 10984 7878
10720	10945 10604 11163 8998 10201 9037
10721	3311 417 2083 3809
10722	2022 1929 5960 1902 1566 7814 3088 3651
10723	133 11269 4390 841 3441
10724	7275 9570 1215 7295 7245 10984 1445 4227 9638 11653 11054 9293 10726 9639 1693 1891 1892 11005 1694 9237 7383 9395 2731 9383 9895 10981 10588 10495 10689 1466 11471 8779 8487 7393 9667 1159 3897 10982 10671 11096 8565 1128 5474 10272
10725	9315 8960 9222 4099
10726	10199 7654 10724 10362 8851
10727	1060 4126 4153 10123
10728	5716 8171 5919 5328
10729	11033 9751 11037 11035
10730	9988 1218 7338 69
10731	5374 11402 10519 5556
10732	6429 5331 953 8278 1083
10733	3114 973 1932 7828 9255 7122 3574 5053
10734	10802 10770 10803 10806 10804
10735	374 1103 8043 8367 886 4833 4475 8098 2311 8105
10736	10827 6096 3363 9786
10737	5840 3854 5706 11221 10163 8724
10738	9905 2497 4007 6263
10739	9371 6767 447 6881
10740	1690 2283 864 861
10741	11635 806 5665 1139
10742	3218 3222 5772 3551 1550 3208 2685
10743	4055 3505 5175 6059 1734 3664 2614 2295 2531
10744	10389 6089 5524 8262
10745	8565 8448 9417 8484 9232 6904 10982 6891 9161 10510 10931
10746	5038 10897 5638 1811 9638 2032 5542 3651 6831
10747	10407 8074 10210 9175 9023 9022 10182 8875
10748	1068 9090 2900 9719 5412 891 2774 1038
10749	9086 10235 877 1102
10750	942 10163 6470 4814 2135 6009 2330 10517 6574 6010 5012
10751	10143 7155 4400 6246
10752	7318 8152 1279 5832 7575 5649 2358 495
10753	3452 10187 5581 7511 8689
10754	663 5715 11787 560
10755	2165 9023 3598 9038
10756	2348 3463 6270 2731 8756 136 3275
10757	4820 1356 3860 6160 6905 9042 1702
10758	5438 9133 8328 4473 8052 5439 4467
10759	4086 1583 10661 8648
10760	2181 9383 8842 6550
10761	4837 5955 1228 6713 1116 561
10762	2460 3376 5827 9229 6220 6665
10763	5157 8166 2788 10983
10764	172 558 2818 661 2163 8627
10765	1556 282 5571 5397
10766	3889 1654 4397 10678 1332 6285 183 3853 1615 10361 1390 1707
10767	10257 10007 11834 11835 11923 11832
10768	8144 1695 5725 8910 6907
10769	2890 2675 1928 8252
10770	2519 5011 1537 3777 4019 3224 10403
10771	10699 7360 11653 11471 11134 7290 11673 10342 2066 9161 9667 10707 11127 1162 4277
10772	1828 2540 1826 6948
10773	416 277 7054 8609 3560
10774	10757 4017 7599 5311 3461
10775	7248 2769 2489 6652
10776	7219 5259 4876 9142 767 3351
10777	9641 9201 8404 10128 3386
10778	4299 10668 3678 3469
10779	5164 3894 3386 3084 6860
10780	1264 7794 4761 7795 5392
10781	4339 9078 8537 2236
10782	7127 2002 8749 6089 7965 1800 894
10783	2138 742 626 244 1445 2135
10784	3054 8714 11857 11457
10785	3356 8542 8854 3932
10786	3166 5080 6059 9017
10787	1653 6025 530 2640 1002
10788	5795 9486 5799 10886 6322 9418 10884 8548
10789	11410 11734 8643 8644 11916 11920
10790	6689 10648 3149 4686 7826 11769
10791	9965 8791 8949 10606 9895 7002 9278 5434 9359 5427 8273 1694 7878 7747 3581 6361 11207 10352 11390 8939 10714 9667 7330 9460 7136
10792	11695 7649 4848 8000
10793	2134 8607 898 1841
10794	7678 9544 10070 8468 6206 11054 11065 1928 3897 11052 11066 8494 8793 10503 10313 10786 10717 9512
10795	2531 2765 1734 5245 619 136 4153 5219
10796	7367 6995 5159 333 6700 5167 944
10797	4581 6138 5565 3571
10798	9007 7863 8071 10087
10799	10218 6525 8980 8981 8524
10800	9591 5955 779 6512
10801	9512 11707 11519 9515
10802	11208 9694 1800 10947
10803	15 1219 9472 10071
10804	1359 6342 872 5367
10805	9582 5435 9616 11092
10806	6967 8099 10702 7791
10807	4558 10140 9769 10157
10808	7517 1910 9083 7512
10809	6732 6733 11671 10688 11220 8923 8446 10985 11305 10629 8964 10724 10982 7019 10269 9234 7330 9 11529 3408 7383 7333 9390 11673 10375 11135 8751 10013 11179 7237 11654 9727 2463 7784 11027 9091 11831 6207 11817 10631 11538
10810	6627 6512 6630 7633
10811	3436 3641 6197 5568
10812	3264 3688 7248 152
10813	7734 2720 5021 7461 8043 1332 808 5043 1585
10814	2680 2070 3100 4306
10815	4336 3121 2460 6221
10816	10214 10055 7770 6222
10817	2614 612 7117 2128 6948 3298 2967 1066 823 6550 2135 2978 2599 5259
10818	7137 9100 9021 7866
10819	9137 8486 7678 8920 5609 9237 10511 11883 10888 7747 9 4766 5814 9162 6148 9332 10351 6190 9361 9695 9107 6732 5000
10820	3846 5994 267 3914
10821	9299 2921 3893 5216
10822	9626 5974 1662 4738
10823	6221 776 4798 7555
10824	9113 7072 11235 11507 10720 9361 916 7348 9364 11094
10825	8402 8157 1039 1038 8339 1832
10826	8804 9116 8510 1325
10827	6311 655 5014 2967 4352 2490 2208 2989 3842 7382 2037 8753 5140 7322 3391 1279
10828	3103 11628 11649 11765
10829	6940 3618 6080 9642 6131 9684 1349 1244 2962 1858 5051 7646 2565 11030
10830	7011 7513 9794 10689 2131 6474 1116
10831	7575 5712 4183 4528 2295 858 455
10832	11435 4369 3707 11372
10833	11455 5179 7513 9018 4832
10834	7010 6499 11235 10711 9383 1140 6975 7018 3240 10374 11270 11526 8503 11674 11096 11669 6648 9687
10835	518 9919 9570 3760
10836	2016 822 6991 955
10837	1332 6448 7950 8233
10838	11346 11418 6330 3311 41 5612 7581 7318 9092 7075 9693 10500 2658 10197 7403 6218
10839	11352 10803 10141 10285 11714 10226 11473 11870 11035 11351
10840	11859 2879 3073 1084 795
10841	6631 10392 10242 10643
10842	2851 1435 213 3035 2123 4372 7248 4633
10843	9183 321 3343 3424
10844	8868 5363 3695 415 781 7025
10845	11594 10595 2559 11025 9096 11657
10846	1567 699 8050 175
10847	4092 2212 9684 2326 7579
10848	11450 8465 1359 1433
10849	10865 8480 8441 7253 7375 6971 1706 11078 7272 11058 2874
10850	2583 6143 1714 4045
10851	9106 11513 10418 10911 10869 10030 11061 10873 229 129 11486 11758 6457 11394 10496 10772 10962 11688 11713 11673 7248 10767 11435 1223
10852	2890 1156 4400 1851
10853	4979 4388 7244 11419 2662 7247 2611 5839
10854	3600 621 9462 3888
10855	8326 8927 2135 2611
10856	1455 3490 5263 11693 9107 2965 3373 2320 1931 1911 2956 456 2112 2639 3478 5735
10857	1279 10484 9341 7026 1284 7122 6994 5074
10858	8514 8609 9461 11220
10859	1313 5511 5938 2585
10860	8264 170 4936 8455
10861	3468 9824 9460 4271
10862	4867 5049 7380 9737
10863	8442 4461 5939 8862
10864	2032 2657 3497 5333
10865	2713 3738 4595 1871
10866	6618 3288 9332 9945
10867	811 2070 9557 5439 8122 11270 5143
10868	2750 9684 10565 9481
10869	3874 5891 4027 8980 9058 3046 4958
10870	10953 661 417 781
10871	7792 5281 3347 6795 7328 7246
10872	1088 5755 1529 4945
10873	8938 1222 6606 8068 2583 9329
10874	7814 10861 7341 3651 7624 4254 10780 3505 8472 8534 1565
10875	6199 6881 9204 7176
10876	1204 11406 2350 846 1331
10877	5910 11846 11735 11489
10878	897 10202 2964 2445 7843
10879	577 1220 1420 8610 5556 4678 1149 9589
10880	4180 4521 6214 355
10881	10072 1258 6896 3888 5277 7657 2135 1414 1417 6838 9205 11130 413 620 4195 7967 1586 3037 5439 4323
10882	2550 1345 3960 2485 3035
10883	4683 5591 5280 9427 9791 4581 3943 3689
10884	1597 6549 2042 5245 5572
10885	6929 10227 5435 8043 341 9931
10886	11091 10231 9229 5732
10887	1931 3822 6683 5388 4979
10888	8793 2675 10596 11054 11252 11689 11052 6358 11724 8810 8281 11921 2608 6017 2953 11059
10889	6855 953 5635 7686 2510
10890	305 3048 910 9299
10891	5402 10759 11282 7019 1330 2165 2174 11061 2475 6178 612 2482 846 2948 11067
10892	11188 11005 9 2756 11656 6309 11075 6648 10726 5439 8487 2250 7250 8281 11533 5125 7237 2519 9273 4706 11380 9950 6296 5743 9096 4884 5233 916 9574 8243 11729 10275 3197 10372 11922 8717
10893	5173 9134 2291 5325
10894	2736 2230 3610 1336
10895	423 747 2058 1035 1376 586
10896	288 660 429 407
10897	9350 5374 7498 4271 2022 9355 963
10898	8899 7382 973 4233 2681 5911 285
10899	10306 9779 11538 10764
10900	10229 7140 10228 690
10901	9512 9961 403 5697 9893 5775 5954 5640 10606 11220 11831 8441 3494 157 11507 8776 11817 2710 6792 8402 9366 9461 3495 2250
10902	9470 8980 9506 10640 11718 11686 11415 8426 9513 11707 10898 9511 9468 4892 9526 11612 10887 10838 8901 10486 10872 10996 11551 10133 11458 11519 10913 8414 6900 11622 10487 9491 11613 10997 10889 11416 11871 10835 10999 11719 10836 10891 11908 8982 4922 9809 9512 10878 11619 11191 10874 9304 9509 9499 9492
10903	24 103 6504 6818
10904	5672 9733 11692 2493
10905	8615 10572 10103 11373
10906	11830 9961 9173 33 10894 9672 8404 7497 8574 7374 9571 11349
10907	1009 9539 5115 8366
10908	3293 728 2295 876
10909	24 5975 9338 5624
10910	4047 9201 10826 10962
10911	4474 6894 4254 6219
10912	10105 776 1424 4387
10913	4426 2058 4680 5503 517
10914	11362 10178 10938 11361 11160 11373
10915	9134 11832 8658 11834 11491
10916	2314 10079 8938 2273
10917	2675 1800 24 5943 7210 577 7801 6138 7009 1996 6396 11778 4344
10918	7630 8165 7869 4045 6392 334 1374 8753
10919	8515 381 4749 3618 284
10920	9387 3763 3107 6759
10921	4148 2657 4678 4088 3875
10922	1010 1918 1277 2287
10923	6181 9339 7219 5812
10924	973 3193 1279 2862 3311 5297
10925	4552 11425 3364 1942
10926	10721 7524 8754 4317
10927	614 4176 3651 9869
10928	3433 10883 11215 11069
10929	1118 328 7610 6342
10930	6936 11423 164 11426
10931	396 673 1390 301 791 1389
10932	10486 8412 10488 8411 9491 9492 10487
10933	9535 5634 10118 9570
10934	5936 5489 10782 10479 3349 2548 1537 3641
10935	3227 9529 382 10877 3373 1898 4694 7328 1034
10936	3136 758 2854 1235
10937	1170 2181 4623 2359 3116 2208 1804 6851
10938	1685 530 1798 3472 280
10939	4460 3571 10532 4381
10940	10489 8337 10649 9103 7621 10223
10941	2311 437 8472 6671 5084 7788 6742 3156 4648 1411 5038 7513
10942	3292 6550 277 7116
10943	2145 2160 8679 5196 6761 2140 2602 554 8813 6787
10944	898 5216 10513 10291 8517
10945	1299 8815 3711 583
10946	9567 7580 7476 4962
10947	10757 6652 5744 11075 571 9413 10711 11602 6298 5471 4750 1621 658 4313 4263 6529 11655 8270 7148 4924 9648 7635 6207 10736 1223 266 10983
10948	3125 7423 5576 10105 10370
10949	2682 5347 1662 5212 3989 5145 5643 7434 2599 2719 5835 6330
10950	1694 11600 5476 11761 1914 11750 1161 11270
10951	6474 11702 3867 4973
10952	10605 9284 9671 7705 5230
10953	1108 1477 1472 1806 1473 1641
10954	2875 4776 341 11417 11794 11890 11807 6058
10955	1083 3371 904 285
10956	5615 5896 9321 8397
10957	2527 8838 8083 7863
10958	11505 9187 11507 11697 11504 11817 9332 10357 7690 7255
10959	5178 10892 1663 11779
10960	10970 7317 5434 9364 7376 10379 8479 8752 7006 8528 10791 11212 11133 10895 10070 5939
10961	8320 4376 4899 3423 4333 2704 3551 3430
10962	1374 1069 7014 5051 2658 7799 5572 257 2164
10963	4265 2314 481 3076
10964	4462 7119 9876 9558
10965	1881 2566 4607 3882 7009
10966	250 8998 2273 445
10967	168 265 11250 6890
10968	417 5665 1918 4254 4984
10969	2660 5270 9030 3861
10970	6177 6173 6175 8191
10971	374 3528 5504 890 1088 4681 2749 5203 372 3140 178 125 1741 965 4172
10972	381 3554 8385 10668
10973	6536 1251 1083 9213 3051
10974	9556 7981 7604 9729 7512 9919
10975	3636 9140 10220 5125
10976	355 4071 3586 4259 9248 6059 4718 2638 1667 10652 758 233 652 1948
10977	1079 1136 840 1205
10978	776 758 206 713
10979	6435 5638 3257 5281 7763 5825 2540
10980	5964 7435 7805 8739
10981	3580 177 2927 2629
10982	9133 1948 11028 2417
10983	8996 1090 7870 1454 9020
10984	808 11252 11654 11659 10383 10030 9727 2896 10313 10031 3287 6815 1811 7784 1060 264 11207
10985	11689 8530 4649 10666 6085 10527
10986	2022 9129 8852 4204
10987	7315 2207 6433 2350
10988	8928 10643 10562 11011 10226
10989	3622 11108 894 362
10990	9704 7886 8558 9865 9311 7559 9590
10991	7266 6424 8328 5924 1222 5230
10992	3651 4028 4069 3967
10993	9639 5230 8921 6150
10994	1227 6507 6025 11852
10995	2267 1829 1669 7723 11636
10996	5025 11715 4591 11827
10997	2671 1085 949 2701
10998	11074 3982 10386 10031 7669 6310 10584 7705 4550 8866 9356 11075 9377 6173 11656 11659 8272 7347
10999	9769 691 8933 10329
11000	2762 274 7989 199 832 1816
11001	3783 6242 8709 4735
11002	7394 28 3031 2285 11584 3514
11003	3566 3215 7328 3282
11004	461 8981 7806 4385 7320 7281 8456
11005	3516 4661 298 5350
11006	3506 2766 721 5247
11007	9134 7517 7980 8194
11008	136 9282 8268 1135
11009	1615 4706 5854 2546 5119
11010	7864 5842 136 3918 4906 4628
11011	8560 11214 9490 5262 8774 10055
11012	5109 10878 9468 2890 7280 11364 11363 11159 5899 11372 11824 11281
11013	11628 1594 10283 410
11014	1222 10155 6339 4076 10227 10231 6337 7010 11506
11015	6006 11199 1928 673
11016	11107 2487 9457 11023 8970 9458
11017	4259 4305 7855 7299
11018	5141 4551 4431 6458
11019	11491 11677 10223 11923
11020	3943 5757 7675 6923 4075 8826 7517 1639
11021	11137 9179 11133 9183
11022	7837 6267 8024 3945 5391
11023	9201 3083 9033 9029
11024	5386 10689 2505 6989 10624 8842
11025	614 754 536 971 573 2641
11026	5717 11399 10315 9634 5755 5286 7000 8531 6395 7936 6655 7424 9780 10843 5308 9184
11027	8240 341 4749 10780
11028	9233 4574 8125 1734
11029	1135 280 2360 3380
11030	2531 10561 700 11212
11031	10688 11168 1100 11339
11032	10720 5504 6154 8770 8481 7360 6155 11724 11516
11033	11034 2269 11035 11036
11034	10760 10627 2623 1071
11035	5610 5664 6110 2958
11036	5965 752 6698 499
11037	3243 11022 10426 11257
11038	8325 8288 3013 8085 10204 4041 8626 9022 6632 4762 4443 3090
11039	3741 6342 1497 10153
11040	6498 4340 7352 7240 3126 28
11041	10336 5474 11173 8466 10869 11819 10348 5427 9638 7009 11057 11476 10714 8544 8261 10684 6732 8482 5230 8480 11697 142 9541 5995 7229 9137
11042	2668 9411 5041 2169
11043	2579 7248 4195 376
11044	8125 9981 10790 3992 6518 2316 6560 2323 1332 9941 9811 9940 9938 812 11561 682 2753 1910 7765 2506 7788 10921 838 5796 5858 9980 7558 6228 2657
11045	7359 7738 9048 9461
11046	4353 7083 11431 8079
11047	9769 1977 1666 11492 9833 11791
11048	10876 613 3386 10625
11049	11202 162 10046 11633
11050	9073 8547 3455 8180
11051	8429 7588 9165 8286
11052	8414 9512 9809 10838
11053	9491 7469 9588 9490 9495
11054	8158 4776 5435 4204
11055	699 2055 6638 7961 2233 6452 1501
11056	10030 9727 1091 10313 11059 10356 10383 10031 657 10865 11061 10883 8478 1140 8491 10592 8502
11057	11622 11099 10999 11706
11058	4345 3138 2428 2828 1299 2963 5489 730 4389 8675 2141 3190 4876 808 1887 2614 597 4011 6989 1867 4346 682 8679 6861 1993 4054 905 2712 4445 5178 2658 9592 2432 1851 3732 614 8573 2032 7697 7102 6585 4388 8681 6474 4393 5461 7368 3950 1826 3999 1828 4038 3346 2599
11059	8108 8455 8325 8435
11060	3631 8557 9482 3194
11061	6949 5098 7936 7168
11062	3705 4195 4323 3600 133
11063	6138 419 6524 3018 6699 1877 8456 8152 7715 1135
11064	10892 8832 3391 8751
11065	10200 9417 8798 5117 2206 11659 10605 11657 9137 8500 4209 10374 3901 11507 10037 9983 11168 7064 256 6648 11211 8466 7540 9583 915 10405 5888 10299 11252 10606 11190 4784 4272 6977 3572 8501 6836
11066	4941 5353 11025 8753
11067	11404 11625 11649 11734
11068	5250 261 9535 9957 348 176 5404 9733 7024 249
11069	10775 4252 11099 8996 10773 11363
11070	3569 6979 5830 3843 2391
11071	5331 9084 9974 9476
11072	10399 11349 6497 6974 10382 8478 10507 11921 11724 7261 7241 10397 10031 10911
11073	11464 11084 1135 4273 6059
11074	11173 9248 4343 5445 4399 8540 8676
11075	9441 864 9668 11305 11179
11076	11 812 473 4289 4117 2612
11077	10166 8633 2292 8555
11078	10163 223 4470 6474
11079	5308 5859 9179 11370
11080	1761 881 884 885
11081	3905 1931 7776 3376
11082	6380 5886 7378 5589
11083	8218 481 5242 6425
11084	8861 8660 3223 7205
11085	6917 9659 7248 2416
11086	3695 10616 8125 2245
11087	11386 11442 9026 2462 8996
11088	1076 744 1135 1264
11089	1615 5665 8599 175 6848 445
11090	2033 10852 6535 4584 1209
11091	11548 10054 11462 10605
11092	5642 5815 7679 7026 6178 6959
11093	7770 4368 1210 2321
11094	5125 5997 8321 9250
11095	8577 8220 1615 5481 8695 368 9473 5624 8952 8434 5823 369 183 2136 7196
11096	2966 664 7262 7037
11097	11076 8503 6835 11494 8528 7250 8487 10008 9667 10688 11607 11022 11006 9286
11098	1740 9339 807 6116 6306 8322 24 3888
11099	9242 3999 2366 287
11100	3991 7792 7751 101
11101	6438 6000 157 4612
11102	1292 2671 4107 902 4944
11103	781 3967 7138 533
11104	1277 3866 2919 10528
11105	2460 1929 8536 4528 8042 289 8125 3376
11106	11671 9231 6149 7341 3692 9332 9302 6735 7275 11064 6640 11651 9514 6982 3139 9391 8861 11476 8939 7496 11516 11449
11107	822 1449 772 1131 1448 1474
11108	3908 1654 3651 6874 10863
11109	2066 1035 6694 6474 7396 621 8796 3972
11110	9288 5439 10057 6294
11111	3821 8524 5111 4004
11112	8821 7506 2802 8125 6991 7178 6289 8476 8095 7493 4462 9101
11113	2299 3083 3980 4958
11114	4254 579 3098 1721
11115	8280 7088 7496 7527 1825 1135
11116	7617 157 11058 7402
11117	4036 7770 2743 10757
11118	4241 4819 1390 5154
11119	1656 1315 5439 970
11120	9538 3088 3271 3785
11121	9367 4948 3431 9018 4272
11122	2535 10508 5065 9516 5164 4696
11123	7342 7925 2599 8218 3937 2993 6585 7248 612 8024 11566 4595 9930
11124	1625 4474 555 1083
11125	9579 6102 3195 1364
11126	5331 9889 7108 1166
11127	5590 1276 309 9467 9210
11128	2676 3675 11456 3674
11129	2394 806 3264 1240 4609 3671 1489 5624 11 1239 621
11130	11049 2063 10528 11170
11131	3339 4649 9231 548 6922 3862 8165 3906
11132	2135 4667 5193 5190 2063 663 731 3177
11133	1164 909 11088 7148
11134	2956 5281 4242 2498 6736 9435 1209 6213
11135	431 11155 1332 8997
11136	8102 3154 7558 4594
11137	7417 6392 5162 9203 9087 3534 8556 3094
11138	10764 10765 9925 10658
11139	8786 9056 728 9155
11140	4876 3108 3613 2122
11141	10333 11682 7063 2132 10252 11884 8489 1615 11065 10570 10598 11087 10402 11666
11142	3889 8996 4230 699 4259 7872 6698 10552
11143	4649 176 2765 7630
11144	8073 9065 9092 7219 1256 8783 8519 4876
11145	9120 5668 9135 7336 6919 9332
11146	6256 1918 6214 9755
11147	8548 9501 3466 8198 9502
11148	3331 1941 3389 7331 2684 5218 3139 6154
11149	3265 1722 2008 2531
11150	11611 8421 11718 11745
11151	8546 355 973 7301 8868 4075
11152	2525 362 678 1873 3526 601
11153	7295 10380 10382 6207 6973 8506 6361 11433 6296 4040 11494 7348
11154	10017 3296 2064 8889
11155	3164 3319 472 11309
11156	9740 9145 9776 11307 11583
11157	11410 2598 2575 1635
11158	781 1990 2963 1475 5259 769 5142 8048
11159	10898 469 6378 1313 11030 1002 9510
11160	10012 904 2866 973
11161	4259 7327 9488 3340
11162	8666 4309 567 9688
11163	6009 5106 642 1437
11164	10711 10285 9651 7671
11165	5427 7092 6148 6930 3389 3429 7011 3284
11166	1458 2429 2428 1971
11167	8196 10718 4509 9881 9975
11168	9446 7948 8148 8916
11169	8071 11598 5504 2256
11170	1093 401 2155 2064
11171	6293 1961 136 5439
11172	6835 10272 7373 11091 9667 7002
11173	4715 9097 6552 8556
11174	11729 5634 10726 5363 11447 6220 8125 11747 9047 8447 10177 9010 2406 6993 9694 2460 289 4407 1929 1734 10711 715 11075 6222
11175	3407 4552 10984 9423
11176	2259 9032 2160 2293
11177	8555 10177 1635 4775 5450
11178	6496 6498 7228 6497 3120
11179	7688 3424 2991 4950 4949 11837 7493 9091
11180	6587 728 6449 2135 7763
11181	7364 136 7898 6386 2799 7185 10469
11182	4140 11410 9029 11534 9771
11183	2168 5947 955 4543
11184	9187 8824 2747 3300 4798 2782
11185	11093 10379 3122 8116
11186	2066 5574 6133 4170 7804 7428 2613
11187	5259 3190 4407 3651 1734
11188	4850 10063 11418 10060
11189	3427 7691 4384 9277 10030 10375 7072 10383 11533 6148 8544 10785 11517 9362 6155 11059 7388 10684 3897 5610 7745 142 11217 5230 8441 8482 8785 10174 8964 7242 8188 10791 10313 10504 9366 8459
11190	3061 11098 2874 2518 2718 8272 956 268 8838 667 1262
11191	6791 404 2579 6209 6613
11192	864 1768 3103 7038 4335 2452 6992
11193	1918 585 1236 1898 1931 5350 5332 800 10974 592
11194	6021 5561 11740 7755
11195	9183 9538 4192 7784
11196	2953 5774 6232 5437
11197	8297 9908 11143 10801 11036 7577 9560 8304 7194
11198	106 99 7248 7642 63 107 105 104
11199	6889 11505 758 4762
11200	4020 5989 2799 6407 9015 9014 1696 1073
11201	5868 902 1854 4972
11202	1082 946 519 760 1211 782 536 758
11203	5543 9229 5295 2169 6871 3999 9688
11204	3228 1770 5378 1135
11205	9545 925 8564 4713
11206	3257 6464 7383 6020 7015 7948 6903
11207	1791 2900 2540 7778 3293 3304 8998 1103 8035 9643 6224 3298
11208	4045 8449 8938 701 2993
11209	3223 3543 5857 3383 3228 286 6121
11210	8534 10917 5342 9235
11211	6735 9107 8504 10352 1164
11212	3151 1297 7865 7797 2508 6395 2901 2957
11213	943 473 3710 8895 8909 1419
11214	7182 7253 11575 10135 7188 8243 4622 11759 11676 7018 8752 628 10560 1163
11215	4465 4466 3159 5397
11216	10500 11894 11124 642
11217	195 10109 5484 6147
11218	1569 3154 2041 2068 4178 7259 4094 2575 2113
11219	10525 1666 5628 5289
11220	3682 5815 4768 7206 7208 7205 7863 7198 10084 6059 11498 8024 7210 9586 11072 6828
11221	2482 1264 3930 3344 2917 2966 4211
11222	8597 10654 11314 10377
11223	11855 11591 2575 3978 8890 8862 3796 8894 8892 5370 6366 8873
11224	8556 2629 3427 1071 9904 10184
11225	4391 4837 4327 6009
11226	1470 9099 2142 216 4265 2225 2725 6561 1064 3215 901 4566
11227	7747 6559 8503 699 6776
11228	7024 8631 597 1860 8572 10603 4437
11229	4344 8913 2997 3264
11230	2959 2041 1701 1093
11231	10258 11425 7906 9553
11232	11424 4012 3949 11425
11233	7307 8856 8732 8652
11234	9501 1064 2388 2426
11235	7026 4229 6071 3497
11236	613 1114 410 822 772 775 529 783 1232 797 1543 837 581 649 313 749
11237	180 3925 2207 6895
11238	10777 9150 10095 10776 10096 10775 9145 10772 11355
11239	4931 6812 4933 7752
11240	11207 3371 6220 1397
11241	6452 8838 7958 6032 6274 7934
11242	11343 4493 11596 4978
11243	2207 3979 8717 7863 8997 6339 592 10086 1418 8159 9185 11115 11139 11800 7389 6340 9187 11138 7583 4919 11799 5505 7819
11244	8730 8731 8652 8598
11245	3048 10316 617 4528 52
11246	6823 7648 6824 10109
11247	9928 468 4254 3296
11248	6089 8526 7594 827
11249	5785 5748 1969 6422 5665 10035 3989 5896 1263 6779 3966
11250	114 107 103 113 105 116
11251	3119 1537 10452 5593
11252	7629 4341 1116 9632 10792 8717 9410 9621 4737 10897 6783
11253	6129 3846 4830 4743
11254	1068 5367 5859 5383 7435 6258 7520 4399 4183 1100
11255	6528 2113 6275 2372
11256	11548 10155 8080 10606 7203 11162
11257	5088 8357 5837 3213 9131 9461 2102 5732 7516 9125 9134 5224 8194 6598 9122 9121
11258	3397 3545 99 91 49 5152 10284 3369 75 9287 5712 6936 6679 3645 4595 5801 1222 2755 3367 70 144 1829 6146 10605 129 3927 7897 5812 145 8946 6512 11548 10056
11259	6402 10056 9857 5452
11260	1901 2742 1911 758 3343 8442 2796 3476 3737 1048 3342 1947
11261	10333 7424 11076 5938 10401 9179 8501 6361 6190 11231 10698 7272 4622 6055 7903 11674 10520 9667 9672 4040 10669 10981 10982 8504 7358 8484 2099 6152
11262	2614 4635 863 7847 4235 7923 2610 8594 808
11263	1130 519 527 2642
11264	2135 1616 4667 1764 925 4324 2616 3889
11265	11507 10056 9279 10055
11266	8881 657 9085 9152
11267	11226 11059 11056 4550 10313 1135 11067 11207 6512 11065 9109 7393 2872 11208 11685 10584 10383 2983 6891 11098 9764 8866 10833 9 11052 10596
11268	5881 1264 2102 2233
11269	560 1055 2054 3979 10879
11270	1734 4056 7686 1623
11271	9975 8835 6120 5594
11272	204 1092 616 530 1211 1076 689
11273	6548 3695 7828 9641
11274	9764 10030 7539 7347 10031 5320 8481 8272
11275	4390 4084 195 1597
11276	9004 9406 10147 8047
11277	7108 10638 10086 5370
11278	371 4560 6137 5209 9313
11279	10888 8777 8956 2540
11280	2586 1950 11688 7937
11281	9694 555 10129 7753 7985 503
11282	1046 191 1045 2315
11283	1876 3229 11827 4295 2059 2351 4455 3797
11284	2296 2163 3908 7094
11285	3303 2510 5494 3605
11286	1497 1127 800 1463
11287	9345 7714 4722 5944 4610 11004 3111
11288	3800 348 11281 10886
11289	4413 728 6171 6301
11290	5887 11028 10204 10724 263 10525 9763 4470 7122 10025 2137
11291	3392 3401 6836 9290 9275 9098 1164 2979 2640 2458 7330 9972 2935
11292	9359 9165 11461 10923 5453 5427 10920 5506 11084 6976 2181 6148 7497 5743 10380 9571 11086 2683 10262 7253 7347 10379 3567 8838
11293	4803 6453 8150 5439
11294	5311 7613 6383 8929 8786 9753 8436
11295	1032 1492 950 940 1536
11296	2321 2485 1332 581
11297	157 1945 11271 11402 6378
11298	6746 5134 2313 11058 3333 497 2416 255
11299	2212 6205 5311 1921 7747 11545
11300	2868 2162 5573 1920
11301	5812 5173 7638 3455
11302	3752 6138 3671 4259
11303	178 3144 7962 3077 4575 2041 8134 846
11304	2411 2269 3249 4547
11305	9925 6348 6346 6347 10482
11306	4709 6828 7978 3081 2640 11559 2016
11307	5765 6403 7670 5399 5762
11308	5575 6208 2135 5039 781 178 2336 6678
11309	10879 9097 4715 9563
11310	1003 667 2219 630
11311	9078 6773 11155 2342
11312	10291 11317 2169 1298 8755 4258 8989 4280 1615 6016 6701 5843 3641 11318 8515 5123 4919 5071 3121 9443 6702 5198 1675 7385 1191 6668 2611 8514 2105 5049 216 1107 10012
11313	2614 2585 5221 885
11314	7643 9087 7013 5674
11315	11238 461 305 4528 7119 10369 3925 5712
11316	3460 9524 6058 10479 11326 10148
11317	5282 11392 4259 978 10145
11318	2718 2095 1839 850
11319	2147 2120 4608 1035
11320	7239 7226 7230 426 9427
11321	417 1116 592 1917
11322	4032 10185 8997 11411
11323	6342 7944 307 9642
11324	817 4277 7988 10484
11325	7648 5121 2578 11554
11326	9666 11492 11404 11420
11327	2082 585 263 2610
11328	5761 5439 19 24
11329	5659 8383 10326 11154 4938
11330	2728 145 229 131
11331	4936 1849 9642 3957
11332	2834 175 3579 225 2749
11333	460 6799 4183 2005
11334	2969 3110 4539 4502
11335	4259 1852 2786 7392
11336	5216 471 2524 8514
11337	6333 7335 11189 4706 10406 2670 781 11190 6334 2206 11348 11530 1140 6975
11338	11220 10809 5652 348
11339	4566 4315 632 5424 1429 5086
11340	6896 236 229 20 376 2273
11341	8934 8861 4224 10029 4550 10587 11026 11627
11342	7762 2694 6268 5439
11343	8124 4352 4974 8570
11344	11165 6647 7097 7261
11345	11335 9332 8296 5383 7900 6923
11346	2638 3888 9339 1928
11347	3237 6812 6811 6048
11348	6051 2891 5420 613
11349	3372 8341 887 2164
11350	2536 1865 2540 6136
11351	5065 8610 6139 9700 8125
11352	1205 534 988 795
11353	11837 1682 11403 6971 11425 3897 4622 10374 6216 8744
11354	9489 9559 9814 2801
11355	8929 9268 10404 10828 10698 7784 11096 10629 9231 6309 11899 11267 6596 10726 10842
11356	3376 752 7387 1734
11357	5775 5664 3040 4118
11358	315 21 629 3666
11359	2094 4700 4893 6905
11360	8301 8303 8306 8204
11361	2207 9658 7428 4294
11362	8629 4953 7108 1971
11363	3652 6911 2847 2750 4353 3033 9032 2879 880 6626 6013 1129 883 8035 517 840
11364	2423 99 10060 6414
11365	1670 1516 4665 10214
11366	11463 10899 11120 9885 8081 673 11317 11643 2973 7284 1928
11367	10115 9568 10026 11220
11368	9680 412 6512 6862 6386
11369	4961 11078 1702 6396 2890 757 3381 5046 3868 5131 5995 7564
11370	1433 2456 186 1899
11371	5947 1339 576 4407
11372	9414 8883 7414 2987 2889 7601 4324
11373	823 9722 5633 1561 615
11374	10536 6768 6220 9668
11375	7523 10165 8072 8065 10158
11376	2866 2092 2411 664
11377	3663 3945 199 172
11378	7026 4776 4834 5642
11379	4463 7331 564 4451 4323
11380	5438 8230 8583 2419
11381	6220 7005 2993 752
11382	9500 9490 9797 2035 8123 2397 8125 6918 7820 7279 2412 7145 5002 10362 5365 9486 4014
11383	9179 9187 3581 9960 2874 7560 7009 5434 1584 11231 5503 2011 9061 5797 5527 10809 9240 779 7376 94 9544 8717 7272 9557 7398 1332 5830 7416
11384	11425 8065 10219 7553
11385	3085 479 1279 678
11386	8223 11869 11391 11706 11618 11496
11387	3888 7248 10616 10533 11001 8938
11388	511 612 1804 6750
11389	6221 4806 8165 1734
11390	6556 2548 5271 5252
11391	3437 3436 9838 472
11392	6138 9612 8890 3351 2906 9614 4126 9597
11393	2993 4075 6317 5614
11394	8873 10557 9412 10613
11395	9430 11563 3147 8122 10984 2680 2517 8990
11396	7676 5971 11598 5504 2125 1073
11397	8484 10935 8461 6749 8784 11237 10501 6977 10560 7908 11185 10665 9079 11673 6208 10078 11892 11348 10372 9356 6203 11675 11057 11587 7020 10379
11398	10667 581 9088 6585
11399	6655 2440 4742 7198
11400	9081 8842 1332 10661
11401	9862 3900 10173 9674 9673 6492 10142 8954
11402	6483 9169 9341 6628
11403	8871 10398 10698 7978 3285
11404	3844 5568 7108 8881
11405	3258 2665 10580 2664 2471 3242 3611
11406	8563 8629 8896 8631
11407	2416 8408 9729 8325
11408	10002 9373 7869 8819 923 2246
11409	728 7328 7231 9155
11410	11235 7794 8269 10737
11411	2032 739 3806 524 5444
11412	1662 3332 2966 8320 355 1962 7800 6303 5601 5929 135 1068 3319
11413	819 1476 821 1515
11414	3450 3572 3814 4049
11415	6101 11872 11287 661
11416	11019 8323 1226 2226
11417	10548 10529 9929 901 8442 9200 7122 3325 6683 2765 5401 9230 9192 6713 8144 6214
11418	5568 8922 2967 1039
11419	3231 7586 7581 10015 6028 5726 7587
11420	730 2111 7828 8456
11421	1626 911 10735 2498
11422	348 1910 3635 2242 2089 423
11423	3840 4620 1702 9592 1093 3046
11424	1826 10163 1828 2064 11698 11662 11479 11628 10177 11498 1890 2505 11828 9437 11637 11145 11448 11341 11449 2128 11146 11555 11665 10757 9010 11691 11786
11425	2419 2342 9714 400 4432 1918 5949
11426	6269 11404 9860 682 10648
11427	5313 619 285 3577 2165 2960 2897
11428	8043 11128 11598 341
11429	5402 8897 8385 1073
11430	4812 10164 634 747 2460 3493 609
11431	7511 309 815 422
11432	9455 6571 3119 1712
11433	9142 2419 3300 7122
11434	7017 2435 2613 2123 2432 5836 11865 5945 2614 2658
11435	4804 9085 9317 9556
11436	5261 7433 7432 5268
11437	9647 8535 11089 9590 10863
11438	4715 4379 2412 597
11439	9688 776 9998 8568
11440	5770 1222 7266 556
11441	316 2706 1491 1401
11442	4259 907 10479 2002
11443	6827 3182 1867 1020
11444	2844 808 1865 752 3296
11445	5363 8751 8353 8444 2056 3289 3844 2479
11446	24 2394 2579 5439
11447	8351 6787 8815 5197 8814 9596 8679 8813
11448	8497 8997 10371 3280 6190 2099 8495 7333 5469 6343 578 5426 3287 136 6836 10024 10958 9620 6837 10259 8054
11449	11764 267 5326 1525
11450	3405 5089 5363 4980 5717
11451	7725 2795 2692 11916 1948 3284 2402
11452	11108 8838 6542 5504
11453	5812 7248 7682 3782
11454	10804 10803 10805 10802
11455	531 461 3296 8555
11456	9424 9450 11229 3271
11457	10032 8770 8461 5696 11654 8871 9764
11458	6286 4103 4280 2517 5524
11459	2816 3300 10843 6669 1403
11460	2604 3210 5053 3942 5363 377 5370
11461	8040 7521 2228 1898 4126 7811 5331 1929 1092 5370 8514 4675 5367 5810 2063 5410 10171 8717 8627
11462	11094 8627 8795 10711
11463	4289 1518 3734 10579 678
11464	5974 3833 779 10590 8898 2557 10369 10362 6858 10455 3679 1143
11465	3062 4375 1817 1032 1062 1488 2708 1897
11466	8717 4574 8194 9134
11467	4336 3109 3768 3981
11468	1304 1040 1512 1282
11469	1311 445 993 2031 272 620 246 264
11470	10426 9042 9925 10828 10687 7018
11471	2567 1948 4447 5340
11472	1414 9175 1427 9656
11473	731 6580 2319 2606
11474	9028 1929 8090 6219 2762
11475	341 11305 10024 11028 7513 10186
11476	11135 8352 2715 2057
11477	8644 5712 8643 7478 1591 9615
11478	6255 1237 7088 5424
11479	7814 1392 426 1328
11480	6496 5559 1549 9684 3442 1658 5326 7231 4225
11481	649 2417 1216 1633
11482	2811 6267 8485 8283 11866 11494 4350 7139
11483	2570 10019 758 1931
11484	2302 2404 3504 3664
11485	7242 1869 11085 6258 7512 6650 495 7341 6036 11471 11064 7403 6152 5756
11486	4313 4127 1386 661 1737 2956
11487	1395 8769 4731 11725 5941
11488	1851 1987 1798 2593
11489	5222 9826 8980 3215
11490	619 7072 3867 3307
11491	6254 5099 11064 7822 1030 7584 2181 5815 9011 7403
11492	581 769 2640 9065
11493	11622 6249 11619 8413 8548 11617 10898 6018 9512 11496 11099 9526 11613 10998 10487 9491 11620 8180 8416 11686 9470
11494	4051 4449 4534 1818
11495	7122 4056 3641 6851
11496	6342 195 7394 518
11497	9343 6250 10939 9645 10534 3794 7307 168
11498	5259 7770 6030 2041 1929 8625 1366 1263 10808
11499	8594 10188 5321 7641
11500	2611 7248 1643 7494
11501	274 1550 678 5772 590
11502	6167 6851 2771 8471 10340 873 8635 8630 8637 9743 2067 7019 581 1794 6586 6109 11369 857 1655
11503	2906 4031 6075 1889 4866
11504	2358 2893 2575 944
11505	11708 7883 2836 8524
11506	11621 9488 8547 8420
11507	728 3386 5109 2819
11508	1619 7248 7833 8596 9659 4295 4534
11509	2410 702 3099 3131
11510	3939 5576 6612 2572
11511	11673 11667 9670 11098 7241 7007 11669 11670 11666 10373
11512	9205 1322 9204 4559 7039 8717
11513	6693 3849 7264 7025
11514	5401 3925 720 3504
11515	1683 1157 380 812
11516	4550 7262 1090 1439 9286 19 11019 4277
11517	7660 118 7316 121
11518	8934 4082 4197 721 3829 97 3472 4992 1800 2765 5761
11519	8259 2435 2818 6826
11520	590 2347 3666 6582
11521	4255 10158 7126 6919 10063 5367
11522	8279 7583 7451 7981
11523	289 2056 3797 4030
11524	6109 7489 4833 4326
11525	1411 437 8773 5608 7248 4410 2874 6853
11526	5542 1975 10358 28
11527	6018 3692 5025 6411 11404 4346 792 4700
11528	9742 1176 4158 2514 10332
11529	456 1386 11287 240 6638 10879 699
11530	1707 9506 899 613 2837 5807 8211 4605 5145 6411 5496 5202 4985 5504 5498
11531	8753 9709 8 9649
11532	7842 7579 9022 4295 314
11533	10257 11628 11404 11698 5759
11534	5597 6143 2795 468
11535	10232 8886 2041 10228
11536	4254 1889 4979 2993 1691 2593 3298 2463
11537	4807 10984 173 8122
11538	9327 1869 6172 10151
11539	8488 2735 11212 7691 9460 7785 10669 11389 9923 5612 5607 11353 7988 4706 6585 11220 7241 10510 5188 9858 8528 6972 10726 6055 7784 7669 6803 9120 8281 8746 6153 1694 2536 7219 11533 6363
11540	8777 10315 3049 3978 8197 10339
11541	7833 3264 8337 7248 6862
11542	8892 3351 8027 1702 2790 8862 1898 8893
11543	757 6499 3868 1882 6207 7009 9085 4622 11237 11535 11212 7317 8462 8480 11017 5000 10583 3472 11091 8659 8494 6838 8273 7234 2590 10506 7274
11544	9688 1627 1264 4259 5246
11545	4812 8938 1500 4449 8460 9362 4425
11546	10668 328 11403 1135 9667 11271
11547	2110 5544 136 1925
11548	3647 6685 1223 555
11549	611 840 519 626
11550	758 5529 7410 8299
11551	1035 9379 6523 3858
11552	1616 11529 11639 5274 10895 7747 7349 7277 10008 10595 7703
11553	933 625 840 949 1076 829 1114 226 964 935 1083 1653
11554	321 10228 10051 432
11555	7857 8403 10863 322
11556	1889 1632 757 8125 2005 7545 4082 1608 4259 1076 7180 229 4508 3768 4837 1631 3073 2415 642 531 2577 1264 3351 5153 4574 1791 2451 5430 3944 11117 2924 3742
11557	3143 11315 5926 5172
11558	10861 11471 2042 4461
11559	4974 5663 2547 1710
11560	3899 8486 8443 11234 7789 10984 9164 7503 11655 6926 7383
11561	3391 682 7005 10984
11562	8473 5609 11132 1407 1717
11563	6512 7355 7794 6819
11564	7248 9828 7837 5327 7836 3955
11565	9596 10451 9265 11703
11566	4034 3399 8087 6932
11567	6261 5717 4988 5020 4812
11568	6296 11761 5780 2597
11569	949 696 11529 1163 5083 10957 3933 9975 11625 1924 5880 1846 1854 772 11402 8798
11570	6098 8434 11086 9557
11571	585 5551 10227 8472 7720 6086 4404 2179 9052 10083
11572	10257 11833 11832 10007
11573	5816 1917 1116 11173
11574	3570 5624 621 3888
11575	1463 1143 2214 4542
11576	9132 4893 9442 5368
11577	5479 6633 6629 11107 4135 9012
11578	7547 8536 6935 2980
11579	5651 10653 7011 5468 10061 7019 11655 9383 8091 9672 10981 5830 11675 11471 9391 11914 11173 140 11688 8924 11639 11906 10714 10865 10703 11896 8923 8286 9542 9958 139 9167 9695 9895 10502 10983 9968
11580	9185 6197 8343 6527
11581	8043 10416 11158 341
11582	3753 4375 10258 10047 164
11583	9708 10190 11412 10780
11584	2599 6073 5512 6987 1653 5232
11585	9531 2803 6247 11723
11586	2295 5759 7684 7131
11587	11359 472 6583 11498 4493 2003 2505 2522
11588	682 860 3721 3809
11589	10631 3401 2680 7579 3651 10231
11590	3666 3257 2347 355
11591	5837 1763 5509 1048
11592	7374 7376 10892 10877 7262 9636
11593	9688 6861 3741 8751 5288 5294 9669 10692 2433
11594	8181 11610 10893 11622 9491 10903 8418 8421 9588
11595	7985 7008 2801 7729 309
11596	3319 3318 2189 5458
11597	1653 809 6009 7403 6810 9626 555 3339
11598	5515 8961 8200 8338 8395 7509 8339 6592 7619 8397 7507
11599	5845 2270 6487 5350
11600	758 847 207 2345
11601	2829 7787 2536 8094 1886 8583
11602	7637 5022 992 9643 2920
11603	7205 11042 11769 3657
11604	11269 3695 7876 3591
11605	3367 3368 2840 9532
11606	5458 4234 4958 4418
11607	2191 5196 2833 2160
11608	808 6306 3177 2978
11609	598 8885 1228 3462 1918 8758 7378 8660
11610	2917 3406 1734 2382 8532 1560 450 2969 2255 6560 7614 2242
11611	2853 9832 9823 7562
11612	7471 9503 8951 9073 7470 7701 9511
11613	3576 3872 4461 5830 2355 6375 4410 1264 3292
11614	2675 3329 5246 6051
11615	7250 10935 7907 10510 9137 1825 8483 10516 8105 10372 8243 10714 7134 7512 5537 10514
11616	11010 10913 9556 8434
11617	1800 6446 10121 10000
11618	3007 229 414 6059 10415
11619	6366 2568 4390 5484
11620	7906 1135 4126 11636
11621	2171 2496 5872 3935
11622	6791 1980 2760 7418
11623	4667 5623 8158 596 1789
11624	11660 6189 10539 5170 11788
11625	6244 10388 8278 9363
11626	4920 4915 4914 8340
11627	10478 5020 4259 6910
11628	6268 7828 4011 10908
11629	5001 2440 9481 3898 2441
11630	11227 5259 5741 11043
11631	1764 3073 2611 328 3026
11632	7248 10527 7833 9659
11633	3986 3351 612 9154 4411 7447 4259
11634	5724 1318 3049 6474
11635	10490 8219 8692 5504 8854 7885
11636	2320 2694 2965 2098 1122 640 823 276
11637	4448 8736 9094 6547 8067
11638	2035 2256 9327 286
11639	7374 10675 10670 10031 6190 4622 11057
11640	8035 7120 8455 8457 8071
11641	7775 9242 2599 2185
11642	1887 2540 8666 3435
11643	2482 4836 5731 3548
11644	11238 11288 3264 152 3888 6601 111 85 71 11907 3671 9721
11645	1918 8980 660 6621
11646	1759 577 786 5504
11647	5922 9341 8076 7062 5972 4003 5220
11648	11773 6403 2649 6493
11649	2077 168 42 2507
11650	11197 6392 3861 10826 9232 3582 5388 8442
11651	4387 10702 10145 10256
11652	3683 8331 10214 4859
11653	9423 567 3423 8838
11654	9641 2987 9235 7387
11655	8188 9287 8189 9286 6396 7268 6111 4049
11656	4004 3773 1288 1718 5132 2897 3215 1289 415 852 4525 7333
11657	1461 993 798 1761 536 1460 840 842
11658	8188 1222 734 180
11659	9741 2840 5712 3260
11660	11087 6913 10740 3455
11661	4344 3264 6306 2394 7157 4195 1489
11662	9741 9528 10984 4649
11663	3048 10944 817 4153
11664	4540 9006 5248 5360
11665	6626 546 6863 2750
11666	4508 1034 2041 9461
11667	4406 1756 7435 1898
11668	11816 1245 4546 9868
11669	2575 9936 752 661 2055 481
11670	11764 3491 1767 527
11671	11822 11139 11133 11845
11672	6704 6905 3122 6542 9936 4423 9203
11673	110 116 118 104 113
11674	4606 7380 1731 7248
11675	531 2978 1066 6549
11676	98 8500 1164 24 11583 7908 11890 5117 11729 6982 1509 10992
11677	10915 11620 11429 8414
11678	10400 8602 6720 8149
11679	5979 48 46 5978
11680	7513 8355 10565 3351
11681	8645 4068 10154 11413
11682	1865 808 4020 1583
11683	4971 3385 3136 1932
11684	8785 619 9060 7772 8173 7850 8432 10906 8339 6818
11685	2184 7519 6581 3193
11686	7748 704 1813 280
11687	10336 9126 7349 6499 10357 11091 9 7540 8467 94 11086 6732 6792 11005
11688	1617 1655 1277 672
11689	7004 2460 1116 1583
11690	4813 944 3830 4990
11691	11349 5812 6203 9683 10784 6204 6691 4483 3581 577 11188 3389 409 6817 2099 5504 8771 5651 11310
11692	4762 3376 7005 1487 10601 6342 2295 10529 1827 10525 10407 10281
11693	8996 10151 10491 4707 8178 6893 11428
11694	7328 7560 8371 9173
11695	3140 820 1344 1706
11696	236 167 5439 4062 9710 5899
11697	6487 6546 10990 9573 4458 9975 7361 2441 7385
11698	10876 4669 9520 8199
11699	4320 4762 8137 300 2540 8441 4290 4574 7397 4833 2296 2292 7303 3177 7491
11700	11663 5910 9659 10527
11701	10019 1487 2112 1409
11702	7358 9 9667 6904
11703	11361 10819 8044 4259 9316 1082 9322
11704	11264 11260 11262 11104
11705	1615 8006 10368 183
11706	9665 10514 11136 2012 11822 11133 11140 10512
11707	3248 448 1966 6417
11708	7696 4649 6608 3906
11709	11305 5383 4071 6801 9126
11710	1455 902 5565 10041 1124 3806 7707
11711	5064 7139 3311 2435 500 5824 341 2156 1184 5300 5933 5363
11712	2420 9447 9084 7620
11713	2607 7171 337 1019 6995 11100 10328 5874 2360 1336 5876 541 4903 3697 10693 7172 7475 257 7845 2032 1659 5680 6706 418 3979 4918 1022 1024 10013 5877 5875 5288 7321 7170 6512 7154 1001 7153 5020 1773 7169 2989
11714	10356 1083 3376 5237
11715	2141 7513 2427 2540 8751 4203 9207 731 7907 9134 5281 913 9461
11716	6266 7409 1196 11753 387
11717	3744 2540 4508 11179
11718	8924 9276 5170 6663
11719	9424 9830 4636 10131 9829 4238 3398 8289
11720	11060 3375 11674 5717 1928 9461 6411 11024
11721	3660 417 4509 3861
11722	5571 1602 3101 3596 2343 2675 6173
11723	5960 10582 6257 7127
11724	3999 4593 4226 11748 261 5343
11725	8752 11305 11831 10873 11545 8441 8717 6930 11085 9099 8798 11574 9965 5400 7376 11724
11726	1279 1236 2651 1643
11727	495 2990 2557 4607
11728	2196 5725 8858 904 1890 8728 1220 3386
11729	5574 1035 4957 3820
11730	3389 9557 10569 11056 3344 4277 11724 1076 11685 3433 4766 6298 2098 2369 11515 4706
11731	2219 10312 3477 2224 2727
11732	9156 9157 11403 7745
11733	506 11660 11763 11661
11734	8862 1707 9095 4835
11735	4056 5496 3276 779
11736	11497 8994 8139 4609
11737	7568 2165 2993 804
11738	249 169 274 7140 3726 176 166
11739	3942 10865 8125 11428 11502
11740	4071 5277 5941 7305
11741	2634 2604 6220 4259
11742	7188 6693 7436 6392
11743	9192 10230 388 4406 10585
11744	2036 3044 6047 1279 330 6643 334 9201 7719 2614 4001 6067 8716 8631 1116 541 2126 355 709 4942 3128 0 2893 2993 8715 3979 4647 6687 3442 1363 4024 3951 2459 1798 1608 5675
11745	10024 9461 11149 28
11746	284 7229 2169 7113 3697 4000 7130
11747	4071 9929 8489 7310 3118 3295
11748	9094 7008 9861 7312 9066
11749	3422 1729 9935 4958
11750	9232 7277 8486 9042 9576 10982 8565 10699 9713 10935 7658 8751 10443
11751	1739 3586 4478 717 10014 6581 1383 3609 484 472 3639 3794 1646 176 3891 2207 4254 1797 1391 9523 5819 2161 1733 3480 4424 279 7728 495
11752	3626 8049 8997 2119
11753	10525 11625 6826 11404
11754	5237 8249 5999 9775
11755	536 519 649 611 533 626
11756	919 8616 7145 5462
11757	9120 7653 2367 4189 5830 2005 9372
11758	10298 9619 151 10122
11759	9298 9256 6512 9103
11760	194 185 6756 2353 136 8733 5439 7307 2584 10939 7308 5041 3076 7967
11761	3371 1297 835 7317
11762	8389 4158 9936 3269 7287
11763	7198 2727 2903 3462 773
11764	7899 10222 9675 8558
11765	2463 6231 2540 3614 2482 2848 3296 284 1278
11766	376 1073 5439 5093 3792
11767	2883 9191 4166 6195 10790 11460
11768	10892 9484 10703 10928 10720 10717
11769	3888 10789 8913 10767
11770	10149 10155 10157 10449 10201
11771	4461 8826 6487 9459
11772	4583 6342 111 7430
11773	4610 7714 9345 7664
11774	7427 9454 9455 10288
11775	3415 2340 11188 10688 10225 10811 4158 11189
11776	4718 5350 4858 2137
11777	7568 6172 3277 5414 8532 1060 4982 4069
11778	4508 1264 2295 4242
11779	10033 4798 9931 8244
11780	9689 1866 2181 7130
11781	7598 11751 8524 11628 1243
11782	7191 7192 3259 11172
11783	5307 4389 2768 4242 4189 3890 1654 3304 9205 3293 9362 6667 9206
11784	11288 10089 8012 10309 8013 8322
11785	806 7248 11724 5899 11065 11349 3139 9727
11786	7727 357 2299 7876
11787	2416 10669 2092 4806 11267 7892 495 8166
11788	6271 9461 5375 3944 461 29 9127 8825 6095
11789	1666 2184 11398 10653 1264
11790	808 2854 3351 8118 2675 10379 2407 3386 4761 1654 1716 3613 1928 8330 10005 5507 1264 2726 6373 1722 5275 2813 8123 9461
11791	7478 1720 1781 479 2584 907 1634
11792	2164 11193 9524 7039
11793	2463 2092 9651 2352
11794	5213 10174 562 7415 236
11795	28 11341 10602 7766 10525
11796	8176 8774 10107 2891
11797	9719 11383 9559 3339
11798	7746 6349 4744 9248 9404 441 5064 2577 11240 11343 11198
11799	11099 11720 11614 11519
11800	808 1312 649 430
11801	2299 8538 4461 9901
11802	7132 1069 2460 1981
11803	781 9078 2993 7011 6217
11804	6995 10333 723 10379 9247 560 10936 7716
11805	2875 1942 9826 9835 157
11806	6502 8619 11250 2427 808 1865 96 177
11807	4565 7176 7248 11747
11808	519 435 609 407 2796
11809	5209 11478 11382 3526 2424
11810	634 7900 11085 5789 8011 7992
11811	10379 8132 5900 1002
11812	1265 3011 9589 3954 6804
11813	285 3695 3750 3942
11814	11239 11033 10806 371 5665
11815	6867 9343 10470 2170
11816	3531 9975 4284 8421
11817	2658 728 1487 2659
11818	6146 2882 11259 11466
11819	103 10527 15 99 4831
11820	8899 7380 9232 7005
11821	713 10116 1629 5784 1422 1420 5494 5600
11822	5610 7377 1116 7381
11823	11281 778 1907 404
11824	7723 10055 929 1222
11825	1721 11455 3813 1161
11826	4883 7264 6258 7262 301 8281 864 7770 7705
11827	808 2697 229 414 20
11828	922 1928 693 1036
11829	3942 5591 2922 6718
11830	7319 7118 10868 1367
11831	3111 8870 10142 9349 10414 8640 7714 6492 11531 9682 3900 9692 4764 10451
11832	7865 924 2052 9037
11833	2540 4936 5568 5788 11553 781
11834	8073 11159 10087 9485
11835	2281 9461 11422 9889
11836	11686 11364 11706 11707 11365
11837	8119 8333 8332 8331
11838	87 5600 1170 10177
11839	1133 3415 11591 11404
11840	6529 9096 11055 10506
11841	10032 10346 1599 9764
11842	2621 3393 3473 3379
11843	9066 554 6186 10566 3668 11147 5834 6644
11844	11424 9663 9705 4561 7928 9316 6826 2993
11845	11663 11730 7833 9659
11846	258 4300 220 1135
11847	4156 7117 4185 3450
11848	301 2862 4880 4837
11849	8503 11056 9167 9727 8830 6836 10911 11091 8467 9417 10689 10507 9512 9620 11911 6457 6209
11850	6527 6655 995 1574 1365 1367 7450 1378
11851	2866 728 6221 5014
11852	11123 445 1928 5439 10055
11853	9244 9652 8906 7229
11854	4713 8379 461 925 6588
11855	7018 4951 3683 4437
11856	10032 9060 10506 11667 11674 11512 6596 8773 11670 7713 5700 11511 8499 9764 10275 10507 8464 5426 7148 9570 11700 5476 9670 5018 915 10262 9978 11435
11857	10982 11906 11127 8446 11173
11858	7109 11425 6023 7608
11859	5109 3351 2579 8717
11860	1279 9708 8538 8014
11861	5594 28 3097 1814
11862	7519 5445 11479 5519
11863	8652 10457 2834 1674 2415
11864	1681 581 2412 3741 3386
11865	8523 1320 3285 984
11866	1544 1143 842 713 799 745 1114 2543
11867	5277 1898 1208 8627 6342 174 320 9375 7716 5706 11566
11868	2070 6843 3753 2687 2111 3147 3663 3235 8259 4773 2048
11869	11604 11566 7594 6849
11870	280 4670 7236 567
11871	11606 8693 7645 8496 2688 10316 11479 11404 5927 11605 8294 1665 1946 2720 11481 3186 4437 10205 5880 10077 6485 8735 11271
11872	8175 7349 9343 6756 8730
11873	1112 604 1143 417
11874	10681 8742 10766 4618 2953
11875	1584 359 277 7307 1208 7777 6503 605 7286 2023 6553 2002 10106 7248 6191 4312 886 7696 4867
11876	7770 9017 4782 6335 8038 4511 10795
11877	10336 9695 5610 6205 9091 1163 11673 8272
11878	4667 10639 8794 11266 2746
11879	11179 11027 9459 9130
11880	3128 1456 2073 8974 3735
11881	6134 5706 6066 1939
11882	8099 5021 5504 1421
11883	1330 11256 10742 3298 4078 10367 10478 6479 682 6295 3882 2972 4274
11884	5155 6392 6160 3443
11885	2652 893 5594 6380
11886	2092 830 2122 1497
11887	201 7387 1378 6574
11888	3663 919 7873 2475
11889	7477 5138 10737 6658
11890	8776 7822 7818 1073 6287 2769 808
11891	5277 9276 5281 9175 1116 3951
11892	2238 1631 5401 2460
11893	10177 6315 11250 1116 7777
11894	4574 10366 7164 8355 767 383 2750
11895	10791 10249 7141 11212 9929 10024 11305 11886 10313 10383 4875 11700 8934 5236 10785 8479 8486 8483 6186 9727 10357 11027 11059 9576
11896	10888 3692 8216 5002 4856 3007 1881 4894 8330 8539 5731 5843
11897	5209 1625 10224 3541 9668 8132 7472 4253
11898	8442 7328 4300 8697 2682
11899	9461 6474 5809 9134
11900	9859 588 5009 6266 4989
11901	7282 5830 4259 2746
11902	10372 1913 1214 11668
11903	5924 8035 5401 4598 3245
11904	1918 4979 8250 7606
11905	8835 3304 471 5259 5193 7130 663 9081
11906	11448 1734 5435 341
11907	6904 5311 7229 3389 7405 11494 9167 4886
11908	5296 2966 2695 2758 2445 6089 1997
11909	948 6030 4876 1140
11910	9704 8340 9308 8396
11911	10017 8823 7451 8971
11912	9067 11399 10371 10808
11913	8900 2147 6470 8440
11914	173 1422 93 6734 1701 4169 11061 3361 235 567 3450
11915	5916 6619 11369 2678 7481 2032 581 4069 7686 6273 9392 2845
11916	2845 9335 3641 10078
11917	6753 6755 8732 6425 10395
11918	5642 3870 8797 5855 7646
11919	2129 4254 2412 10984
11920	8757 7181 2605 11112 263 8257
11921	7479 8985 11399 9524
11922	3651 1627 3888 1654 808 10455 10011 1370
11923	792 603 1884 4509 9167 2421 1112 2734
11924	8493 9387 11080 10985 10631 5233
11925	10004 4433 4078 7220 4343 2308 7529
11926	8421 9470 8778 7040 8198 8953
11927	5377 1433 373 1072
11928	2993 4508 1643 3391
11929	11476 8319 11600 11096 11697 10929 2498 3849 6792 5995 4224 9513 9510 11524 8402 2742 11076 11670 9303 11898 11084 10911 9961
11930	7986 4546 4907 8356
11931	6267 2008 6474 7838 400 8567 7121
11932	8898 683 382 417
11933	191 5599 178 2668
11934	7364 1614 1615 1223 10122 7925
11935	1140 236 10583 11055 7375 3139 3915 11403 228 11402 11074 10483 1529
11936	3407 5894 11418 6274
11937	1937 380 596 2377 3342
11938	6777 371 6639 7072 6695 281 341 8043 2575
11939	555 3156 622 6221 4976 5493 3386 1976 11330
11940	8002 7394 11184 11404
11941	5295 6585 8740 4573
11942	5106 9540 6254 1583
11943	5331 5560 3217 9181
11944	2128 9729 11345 11342 9816 9919 8938 5826 5733 9815
11945	27 8336 10636 6792 7864 4780 4706 496 384 11272 1313 1215 7632 8838 6481 3976 11194 3016 6835 6732 4550 9974 41 11093
11946	4833 4650 1896 1023
11947	7077 3946 9855 4389 3504
11948	8842 3293 9874 1597
11949	209 2721 1487 1528 2294
11950	7355 2599 6936 7402 4837
11951	3088 3129 9427 1413 4269
11952	7112 6788 7111 6789 7110 6883
11953	4689 8727 5002 3741
11954	1801 10850 171 5014
11955	2193 9338 1615 8989 2506 4178 263 7592 760 6660 2225 1676 4821
11956	1998 11220 10252 8488 7245 11574 8273 7678 10400 10892 9102 10053
11957	10045 9779 4583 6504 3345 11767 3701 10954 71 9471 4821 3435 1622 1509 8096
11958	8264 5830 4550 6481 11702 4682
11959	1162 10587 7182 11081 7745 11607 1011 9234 10570 5741 10753 530
11960	8813 8815 8627 1791 2207
11961	5165 7378 3376 2085 8144 11877 10943 7828
11962	11578 10551 10774 504
11963	2128 357 2456 2919 1756
11964	11182 8071 1910 1318
11965	6380 7990 4407 9230 7548 7694
11966	8847 8952 8181 62 7145 8548
11967	5313 5765 5214 5903 5585
11968	9524 6730 3888 429 2731
11969	840 2590 3228 6517
11970	11636 7687 7723 5662
11971	7989 902 1643 7594
11972	2416 8238 8442 11141
11973	4776 10946 11120 8751
11974	6392 1898 2660 133 438 3376
11975	10928 10929 5814 10981 342 5666 7134 10653 1360 395 5233
11976	3301 9441 10696 3341 10362 2963 3775 6311 6893 7435 6611 10385 2531 7475 2647 4320 2128 173 366 2844 8385 7122
11977	1356 10656 3731 337
11978	4843 5894 10227 7299
11979	2206 8526 3346 5664 11518
11980	390 2865 8449 4984
11981	9277 8188 9285 9279
11982	8615 10432 8760 152 2279 7144 10524 5624 9505 8416
11983	1772 6902 8134 10140 8717
11984	10525 8526 10135 7117
11985	742 822 633 646
11986	2826 2616 10185 2303
11987	7688 10030 10689 10560 7348 1163 11349 7416 10397 9895 6573 11348 11189 10784 8495 8861 10881 8830 8261 7349
11988	1531 1553 4265 3045
11989	11249 9260 8861 7006 11078 6127 2067 10629 11248 10791 8897 6640 6153 6969 8478 10786 11173 11520 10686
11990	6887 8373 9632 7629
11991	6474 4651 477 10421 10606
11992	10240 5975 11022 24 10343 48 11657 7987 10449 10344 11217 11527 5782 11509 10442 5985
11993	6823 5792 6454 6821
11994	11009 11013 10453 1591 11011
11995	10349 10540 10992 11830 8501
11996	7003 3489 389 7188
11997	3328 2753 2570 4451
11998	526 2540 7696 5270
11999	3285 4832 8034 4528
12000	8202 11751 11375 8200 11753 11766 8199
12001	2620 899 7436 9048
12002	527 557 272 295
12003	2540 1569 5519 4389
12004	10108 11516 10269 10583 10687
12005	6588 7116 2085 3511
12006	3651 7005 3591 2975
12007	3388 3752 2984 6771
12008	3896 6794 8991 2186
12009	2510 5388 9546 5670 5807 2460 6855 6392
12010	10373 10707 11272 4550 8493 11655 8188 7713 8872 10031 8286
12011	1037 1761 1112 1096
12012	8910 4231 4974 9929 6054 7644 4056 4976
12013	8745 10935 9369 9473
12014	8831 159 512 7794
12015	4853 8403 11159 1651
12016	582 8485 10426 5426 7747 9203 8277 8484 9105 7652 7393 2034 8480 9391 11108
12017	3195 9382 1224 5002
12018	10687 8785 10597 9364 9164
12019	2314 912 772 2078
12020	10209 11334 5986 11069
12021	6440 1748 4071 11164 4073
12022	236 9065 526 4750 7406 7337 699 4924
12023	4833 1929 9473 7004 7383
12024	9131 11179 7513 7248 9659
12025	7246 3177 1991 10538
12026	7248 6160 50 5217
12027	7784 409 8485 11520 8273 11185 8481 10591 9290 8949 9541 11272 8277 10497 663 7242
12028	8816 1433 4041 3533 6997 237 7862 10010
12029	899 2524 4185 3989 642 1593 471 897
12030	11425 11767 10107 9821 157 10118 11742
12031	1313 8434 358 4832
12032	1487 8142 8299 10638
12033	1959 8074 1862 10348 1332 1163 855 2718 1599 8495 8499 2753 8491 9515 1164 2113 2133
12034	5062 8254 1318 3298
12035	4066 1582 7711 7541
12036	4630 11418 7803 11419
12037	11368 7346 11086 27
12038	382 625 626 1076
12039	5001 5371 580 3096
12040	3570 3888 7399 11487 6306 4584 11288 6314 37
12041	2107 8419 4124 2128 8548 5962 9002 8418
12042	2531 8538 8517 2613 5091
12043	8642 7661 1515 5234
12044	305 1999 4816 6662 4795 322 3510 4242 4695 5676 4818 136 9439 850 1952 4303 8399 2510 1903 5435 2575 5740 5266 1608 4567 7615
12045	7866 5095 11009 10152
12046	3664 8342 9314 2925 2334
12047	4678 11402 8385 2510
12048	8144 2213 9124 525 3728 2421 9013 9012
12049	10285 10805 11713 10578 11333 11236 10803 11143 11712 11351 10142 11847 11352 10437 11350 10297 8829 9986 10770 9789 10041 11785 3913 11474 11004 11846 10360 10730 8800 11556 8560 9151 2832 8955
12050	562 11856 11402 6806
12051	4776 11155 9033 4399
12052	6808 6372 3080 7630 9681 9633
12053	4480 9620 10427 4548
12054	4863 9174 6474 9473
12055	1602 10556 2460 417
12056	431 9531 9905 1594 4881 8345 9802 8284 7765
12057	1374 5665 2004 2545 862
12058	2575 4507 3692 2614
12059	9207 5089 1880 1386
12060	9131 8709 8071 7802
12061	535 842 536 2763
12062	8776 4061 8453 9429 9460 9128
12063	4476 5224 4729 8226
12064	3320 3297 2060 555
12065	5854 8234 3177 2969
12066	7550 7094 7067 7091 7096 1415 4237 7028 7260 2471 7083 6780 7500
12067	7528 6563 6418 6951
12068	4997 7686 3914 4743
12069	8657 263 10787 10563
12070	5063 1950 8208 11584 1500 3332
12071	3437 2978 3436 567
12072	7630 3732 5501 1267
12073	5435 1625 2605 1264
12074	1653 2819 480 5091 10498 2142
12075	8809 3278 4608 6604
12076	1140 8470 10699 9620 11095 11671 11075 11542
12077	4632 5857 3132 1928
12078	4224 7545 11324 1537 1932 7317 10560 10833 1800 1632
12079	9429 8931 7501 7185 7554
12080	7221 3444 5812 7355
12081	9062 7026 3982 3436
12082	11244 9160 9391 1825 9695 11897 9383
12083	7426 5394 10066 10409
12084	9852 9853 9850 1946
12085	7087 7092 10032 139 437
12086	9423 1222 2937 329
12087	2899 2836 3067 3433
12088	10172 581 9538 4966
12089	6411 2612 8627 531
12090	5974 4918 5010 11428 7010 502 4482 11123 8116 7330 802
12091	10870 1615 1634 5412 663 3257
12092	4671 851 8545 5770
12093	7364 7155 5712 200 133 8689 3144 6308
12094	11635 9008 5134 858
12095	2899 619 4893 1960 236
12096	3852 1585 2067 4759
12097	10780 10861 731 663
12098	6512 5770 7271 7883
12099	9656 5211 10077 926 503
12100	7163 7564 4285 4482
12101	929 11628 5817 812 3304 10609 6137 4598 9678 11464 11404 8049 512 9033 2175 10111
12102	6362 4123 942 7545 4920 4293 651 331
12103	3808 6095 6275 6210 7450 6122 6830 6300 6110 6171 11409
12104	3659 9560 7515 6638
12105	4726 285 240 263 258 3967 2540 3759 9011 2435
12106	8017 10426 6702 3174 6700 7855 339
12107	44 6532 899 2299
12108	1758 4972 6221 4762
12109	6939 3680 6396 3651
12110	5035 7116 4071 3140
12111	6537 8888 1808 7770
12112	10334 10598 9892 5696 10405 6055 8495 8479 4550 9848 10370 11067 6975 9581 11229 1163 10507 9558 7975 8551
12113	2982 1333 5389 465 240 4120 3910
12114	8130 4060 9048 7067 10981 9477 11585 6640 11071 9977
12115	7863 7019 5897 7483 1151 383 598
12116	9634 5048 6342 9768 6261 7453 6009 1322
12117	7536 11403 11271 8580 6099
12118	7660 6306 3968 7157 4844 9532 7422
12119	3297 479 736 11026
12120	3298 8743 6812 5223 7104 234 1333
12121	9606 8340 9316 5981
12122	9027 10074 9287 6174 9279 8265
12123	781 10606 1930 21 3280 760
12124	9838 4477 7010 961
12125	4345 4298 4071 2184
12126	2814 2181 1827 10600
12127	1769 9636 2874 8827
12128	8328 4335 3646 4508 6293 10055 7972 5077 2484 9534
12129	7004 8402 5262 1487
12130	9471 3888 3961 2998
12131	1696 835 5259 8010
12132	11347 11320 3435 9423
12133	9029 44 10060 3271
12134	10745 7544 6633 2803
12135	10609 3264 10608 69
12136	536 625 739 629 697 744 607 761
12137	6695 8756 7501 1588 4448 10250 2541 2024 1103 8150 8140 5462
12138	10899 10908 2207 10906 5988
12139	4655 10757 2644 1653 7537 7543 4656 6597 2609 6993
12140	1798 3322 7775 3613
12141	8557 10534 1064 293
12142	11126 8462 3389 1881 842 11065 11854 10313 1850 1267 11054 7250 7229 9167 5607 1236 9230 11135 10813 6481
12143	3944 11047 9232 1504
12144	8851 9461 10325 7515
12145	9278 6661 10030 8495 10374 9989 6203 11055 6996 7908 9417 10174
12146	7193 6512 2541 2202 5389
12147	3458 1876 1080 3580
12148	4920 945 4915 8049
12149	5372 1591 2267 2348
12150	8938 9659 8886 7248 5612 7833
12151	7757 9050 9740 9425
12152	10958 11022 4768 5400 1234 7257 11505 7874 9950 11402 11526 11890 8290 11759 9544
12153	4128 3557 3494 3033 3067
12154	1764 1362 3479 2187 1048
12155	6474 362 220 24
12156	2366 7313 9662 10205 4867 6344 7630 1068 2930
12157	3779 3341 1318 7018 4958
12158	6202 642 1791 5632 3898 3757 2383 7810 6580 3924 3215 3560 6004 9096 11091
12159	11426 5662 9220 11421
12160	1359 3152 3844 6919 11254 5377 7477
12161	2041 9277 8490 4973 5929
12162	7728 1064 8686 3950 2044 3444 5082
12163	2254 9376 6640 6883
12164	4876 7513 9441 1800
12165	5097 3997 1864 2326
12166	11591 8071 11498 11404
12167	10181 7266 7872 10212
12168	11355 10473 4576 5924 9530 8741 8427 11648 9561 4596 5566 3111 8662 8507 10437 10041 8799 9601 10774
12169	1963 8125 1597 5592 6137 2412
12170	2963 8027 5858 8330
12171	8143 3637 9545 6380
12172	7745 4884 2250 9542 11504 6363 7018 9232 11494 7010
12173	11404 11420 6058 11637 6060
12174	183 1015 5504 213
12175	7957 1530 5935 1536 1499 2912 2012 188 377 711 2038
12176	4715 4232 4242 2540
12177	2966 1222 9154 8132
12178	2798 9925 10481 7884
12179	8442 2300 2522 2782 7686 2614 280
12180	424 5992 6178 11336 3629 3724 5504 902 4235 9763 4545 5971 7330 1297 4665 7125
12181	1424 4406 1653 4255 4485 2379 10077 3229 3226 1151 1102 7654 3228
12182	3695 5246 4271 6328 3228 5830 7184
12183	2712 1772 6959 9931
12184	9077 1813 7552 7986
12185	46 9845 10805 10803 10802 5975 11707 1607
12186	8073 6267 1772 736
12187	7932 6759 7828 7003 7010 10324 8443 461
12188	11163 10442 5712 10196
12189	10824 3942 10714 10377
12190	9724 695 7411 4153 5686 8967
12191	1659 6984 3298 3579
12192	6274 11341 11404 11628 7934 11492
12193	8649 9142 2604 9650 8893 7003 6550
12194	2894 6701 652 331 6699 942 2932 4018
12195	744 1463 1034 772
12196	1401 1316 4312 2005
12197	2460 7375 2416 663 3978
12198	2181 10219 10948 1135
12199	9342 7307 5651 10939 7308
12200	3978 2565 5414 5550 3123 1264
12201	9282 11477 10925 10861
12202	3780 11399 10624 3890
12203	1011 1027 10247 362 8690 2956
12204	8974 11141 7338 11485 1744 6824 3875 9370
12205	2806 8928 8905 8933
12206	5029 423 3023 9299
12207	10408 4627 10371 1509 11837 9032 8079 4558 24
12208	6298 11086 7745 5469
12209	4774 4775 1772 4857
12210	280 1114 2627 285
12211	6483 1463 1933 1918
12212	5675 5676 692 7745
12213	9422 10004 11008 811 7353 10767 7417 3583
12214	4743 432 5281 2874 491 8517 471 2041 8967 5791
12215	3293 3272 5458 5435 3982 341
12216	7002 982 8320 10790 1654
12217	9960 7337 6173 5476 11084 5556 11059 3677 8779 6714 6296 11511 7255 8791 9695 5506 6358 5334 1164 5940 8281 8921 2670 7705 2597 7494 5830 11061 7176 6733 4214 10895 4004 10605 7713 9271 11512 8866 5208
12218	5172 6215 3741 10465
12219	1863 4000 2768 314 1928 1435 3987 4713 1299 1193 1388 2291 1685 1573 2861 3026 905 4471 1023 201 2485
12220	1753 10581 5197 8814
12221	11653 7018 10520 11018 7745 11022 9950 9391 10982 1516 11425 10499
12222	11645 10185 11623 11288 2996
12223	2071 2714 6692 6560 478 3719
12224	933 11625 3215 10034 6235 5381 6942 1236
12225	7827 7833 9659 10527
12226	135 4907 5527 3728
12227	3863 3032 4466 8886
12228	10670 9378 970 2549 2444 4733
12229	9809 9731 11438 11732
12230	8942 9319 9461 4439 6033 1244 2440
12231	1662 5669 5170 6189 6009 6663
12232	4004 2097 4297 6501
12233	7863 8080 10160 5952
12234	1930 6991 5993 3249 2304
12235	3142 2231 5322 2227
12236	8464 10698 8770 11494 11671 7975 10716 11674 2067
12237	1139 9796 9642 1284
12238	5383 5377 6258 2022
12239	3710 7435 10229 4388 5106 9241 1359
12240	2524 9229 9096 5212 1758
12241	6791 6967 7760 8761 8927
12242	8424 10883 8690 11280
12243	1290 6042 2579 9275
12244	8115 4952 7555 3371
12245	2017 3113 1811 3224 8546 1931 6372
12246	5653 5001 6549 3306
12247	2249 4109 3138 2831
12248	8887 2067 9577 4087
12249	9362 3071 5207 10174 10934 5208 11168 10593 5469 9670 5557 9806 9760 10594 5476 9156 9284
12250	6787 6761 5195 2602 3334 2145 2140 2146
12251	10756 9017 10213 9690 10868
12252	9273 10526 7437 7773 4884 10929
12253	10570 10583 10569 10262 11684 11058 11854 10108 409
12254	10844 10843 10840 10841
12255	4935 111 3088 6166
12256	3471 585 692 8520
12257	8776 10219 11300 10158
12258	2288 614 1958 3038
12259	8751 11179 10227 7555
12260	3672 4091 3888 4584
12261	7346 9417 11533 6974 11682 6181
12262	6597 7071 814 7537 1075
12263	899 6371 9461 2416 9714 9130 7517
12264	9515 9175 9223 10370 10070 9173 8281
12265	1607 10389 7714 4610
12266	10146 10729 9521 5566 1742
12267	5912 3981 4304 4696
12268	1083 6551 9688 1783
12269	10582 7618 1243 5936
12270	2526 2521 1122 6164 5074 5428
12271	4135 6715 7370 5822
12272	8495 2675 915 220
12273	9400 8768 10394 11023
12274	8035 295 960 11865
12275	1688 9461 11806 6905 1554 6335
12276	3776 5782 5903 145
12277	10412 6138 1771 5642 2342 11030 6396
12278	3917 7451 6984 9185
12279	1611 6520 4525 5248 1509 8380 6812 3844
12280	5947 5935 7947 6211
12281	3125 4537 5824 10290 2139 334 337 653 709 2357 3979 6700 1675 5423 1795 4100
12282	1687 1076 3373 4827 7512 1515 2630 1919
12283	6291 5585 5762 6695
12284	11361 10870 10878 8434
12285	5378 5371 5375 348
12286	4510 339 2064 802
12287	3982 2883 3868 718 2543 3620 2599 6800 3651 6940 1374 8365 8094 3142 1487 2128 1352 5192 2169 2485 6426 461 2351 9942 4608 3298 5 3302 5259 6826 3177 6287 6436 1663 4533 2319
12288	3663 9388 9134 8125
12289	1003 799 1496 922 1471 797
12290	5926 2851 498 355 2200 5435 11121 5467 1647 6141 1170 10742 5671 1646 3069 3422
12291	11870 10141 8290 8291
12292	2425 144 68 303
12293	7649 6289 7112 3925 5396
12294	1931 2611 3137 2631 2566
12295	3222 8696 9473 9236 5830
12296	11589 8758 7978 1299 60 5670 1102
12297	11086 314 5210 1954 802 11164 10019 5426 850 245 5940 7405 3381
12298	6582 10535 10516 10365
12299	1063 6305 3844 11431 11379
12300	8972 6754 4831 10457
12301	4407 4244 2469 2147
12302	7683 2072 11780 3352 11779 6814
12303	10336 4550 9848 11078 6207 9671 10717 7512
12304	11480 1813 11492 11570 6443 10752 3329 3612
12305	9 11060 7002 8949 5434 9120 4630 11761 8920 11208 7690 8319 7267 6732 11653 9332 11061 11135 7658 3741 6330 10031 6408 11541 11507 3677 10881 142
12306	9035 6363 9754 9065 9620 9631 8119 8752
12307	1902 4735 5310 5897
12308	11801 10899 11810 10641
12309	568 11562 4528 7922
12310	6290 5719 1514 5052
12311	9689 8149 9688 2412
12312	9461 2042 914 6919
12313	1873 616 175 4487 4966 10423 11513 9921 7119 8280 261 9759 4662 11085 5797 3167 5750 10478 1956 8850
12314	9454 4773 7952 6587 10676 1929 8125 5363 9922
12315	1245 2064 5380 276 4779
12316	7660 98 81 10284 9472 7987 7338 9988 9857 122 73 6097 99 10309 3091 14 80 12 112 11288
12317	738 643 848 839
12318	4948 7820 7403 7583 8111 2030 10118
12319	5504 7951 11348 5625 8122 9448
12320	4398 4270 4264 4259
12321	183 856 1308 734
12322	6457 4550 11697 5696 11683 8775 8772 6971
12323	1765 8685 4307 6160
12324	1248 5138 699 3755
12325	3376 10013 3276 7168
12326	1470 8365 1083 10865 690 10529 3861 10654
12327	10521 5593 2270 7121 2125 2731 10631 1960 11456 8330 9947
12328	5307 5859 5318 321
12329	2325 5970 6512 1283
12330	7966 8739 2376 199 2548 6138 5638 4711 2518
12331	62 6085 10310 8531
12332	4707 7422 3448 5625
12333	10527 3870 129 7248
12334	896 531 3046 3339
12335	8582 6514 4023 8920
12336	5412 10663 8233 9684
12337	11618 11902 11901 8388
12338	9789 10295 8829 8292 10096 8801 9986 10303 10296 9788 8828 9530
12339	3074 5446 4815 4177
12340	2736 1718 4828 10639
12341	2572 4083 3074 3327 2156 228
12342	10982 9998 10984 10315
12343	518 553 464 973 606 842 936 930
12344	1655 6851 2137 5568
12345	7850 7125 9700 2887 7842 10379
12346	699 3122 28 5242
12347	944 3043 992 4941 638 4911 2614
12348	5518 7245 4799 7005
12349	6691 9202 445 6690
12350	3806 9173 864 4011
12351	7166 7908 5968 10032
12352	1457 5658 995 9797 9657
12353	11681 8497 10527 8913 6150 236 7908 11700 3873 9659 11288 11545
12354	1060 3390 1935 2717 5073
12355	3888 4823 7342 3738 7338 4066
12356	4309 9699 7212 7569 3741 2029 7244
12357	6055 6733 7572 10896 8771 10842 11054 6190 9165 5830 9366
12358	7573 11761 5703 11676 7500 10971 8689 8501 5870 7461 11697 7020 5243 8775 8784 4206
12359	11482 11481 11404 11768
12360	9319 8920 4817 8434
12361	7777 1269 5538 1290
12362	8507 1607 6127 8429
12363	157 3511 2766 5830 1723
12364	9514 11542 5830 8866 6068 11403 8544 10483 9510 10351 9364 8273 11543 7245 7688 11898 9541 10935 11058 1694
12365	3428 4490 6258 5427 7980 5368 5755 5796 3432 1442 5379 5865 4555 5380 3303 5371 5735 7514 6609 4356 7981 8194 2022 7516 4267 5222 8004 797 6093 3215 9881 5383 7517 6947 5367 8003 2913 5610 7513 4169 1995 4262 5370 3577 663 5425 6527 4399 7932 7654 6605 5097
12366	2567 10339 2610 3233 4705 11255
12367	5882 6172 3841 9124 461 1369 4528 2485
12368	7897 9532 4831 147 9471
12369	9167 9960 9961 5781 10349 9892 7087 5607 5434
12370	8620 3131 9087 2010 8833 8893 263
12371	3140 5894 11776 5138 2284
12372	3273 237 3139 414
12373	2610 537 3125 3929 7745 4412 2505 385 7010 8480
12374	6276 1995 568 1557
12375	4576 8292 7714 3810 5944
12376	10060 7523 10063 10066 10281
12377	5592 3104 2527 4313
12378	5729 8036 8037 4254 4410
12379	6620 6621 7127 6527
12380	11632 8952 11586 4517 5925 10762 9306 9383 8459 4259 6112 240 7691 4948 6891 11602 5431 6733 11600 9571 9248 5630 5617 9502 11274 11403 6731 9844 8762 7470 11414 258 9060 4042 9804 1714 10375 11242 11644 11645 9561 7375 5128 10750 11895 9510 10962 11559 2009 2181 8953 9564 11389 7347 9292 10764 11859 7693 6979 2578 10370 9424 10467 11685
12381	9563 5213 7341 9565 6209
12382	11245 3899 6732 10896 3423 10500 3403 7272 11074 8479 6837 11461 7317 7237 6974 10371 3375 3342 8896 8480 6267 2448 11504 8798 10807 11681 2062 10606
12383	5281 9442 8449 2499
12384	1073 2129 2536 581 309 7146 1910 6928 10090 724 1654 11274 4464 2319 28 6606
12385	936 840 780 748 608 997 649
12386	6138 3834 5936 1910
12387	5989 1084 4912 2482
12388	6753 6425 6755 6751 6757 6752 8598
12389	5208 9327 246 3533
12390	2863 3061 3580 141
12391	10858 11159 11173 10861
12392	11072 4542 11060 9797
12393	4313 11696 909 2924
12394	8760 7701 7468 7465
12395	790 1204 4323 5624
12396	11046 67 83 10766 10682 10521 11045 11375 11849
12397	1929 4897 6550 4233 1772
12398	1461 8224 1591 4698 5712 11084 3543
12399	10329 10137 10656 1962
12400	1826 6901 1828 5014 10250
12401	4827 11200 2675 6306
12402	6218 4571 1772 9573
12403	2894 560 8477 10656 8153 8633
12404	8624 6207 374 4238 4129
12405	9440 5329 6888 9439
12406	7898 4004 8557 5084
12407	5344 1154 11313 6713
12408	6188 6122 7116 9152 8454 11585 8700 6009 8699 9379 11425
12409	10456 11793 9755 1065 11378 10457
12410	9501 8417 9492 9490
12411	6160 592 4825 2084 1332 808 4943
12412	7900 4550 6205 10383
12413	10216 601 1835 10757
12414	5383 8511 5371 8887 2712 6549 576 5367 8517 4399 1519 1616 1072
12415	11099 3217 7701 11161 8060
12416	6306 24 11288 3888
12417	436 5080 8770 5000
12418	6975 9 11226 10723 6980
12419	1828 1886 1890 6512
12420	5751 9134 1562 6919 5383 2460 5382 4064
12421	6680 3588 4575 6133 7522 5519 7797 8540
12422	2347 8268 777 911
12423	529 2611 472 1764
12424	3504 4432 1118 1918
12425	11276 11214 4598 9061
12426	3266 4693 4588 6540
12427	10999 10823 10886 10989 11079 10631 11342 9513 7801 10911 10895 11113 6896 11081 11271 10995
12428	11404 7717 1369 11410 11626
12429	7414 4474 5893 9070
12430	441 10031 11096 10030 4885 7063 5506
12431	3365 3368 3370 3364
12432	3392 6039 269 11669 3410 5559 8354 11655 6475 9383 10879
12433	10231 9017 4602 8749 10188 7815 7461
12434	8894 9229 1068 10761 3254 6121 9450 10035 4676 1076 8890 5857 10983 6213 4412 1597
12435	6543 7560 2208 3438
12436	9702 3871 5609 4982
12437	9126 11524 9461 11890 8273 6153 6152 6904 11759 1968 9232
12438	1329 5648 4380 8152
12439	8071 10249 6032 6452 7594
12440	7891 9835 9825 9144
12441	6548 2318 2722 1627 239 4859 1811 3352 7 341
12442	8415 8434 6414 8281 9468 11761 9503 7280 6296 7262 7823 8421 9598 9593 7465 7137 8778 5434 11685 10750
12443	2205 355 8151 8707
12444	7859 10863 7856 7858 7857 2987
12445	3578 9435 8300 9908 9170 9457 6951 6718 8302 9403 9398 7755 9399 11263
12446	10315 285 970 504 7187 7686 5397 2041 1654
12447	5989 9930 4094 2412
12448	6614 9638 11389 9899
12449	10762 10371 10069 11725 10236 11292 10068 11300
12450	4319 586 7019 4687
12451	3851 3888 2998 5782 11394 4580 620 9779
12452	292 2844 6526 5392
12453	2966 2425 310 2412
12454	2531 2765 5175 3664
12455	8580 4686 2317 4393
12456	5911 3517 4819 10483
12457	863 841 4743 9950
12458	7019 4566 863 7105
12459	68 3570 6180 1949
12460	11380 11207 10669 10699 11017 11081 7295 33 7878 10259 9667 11589 1956 530 6190
12461	4000 3347 10400 5960 3164
12462	5833 8844 4421 1329 1774 6261 802 4915 7169 7716 8149 7171 4017
12463	3674 9538 6689 9827 7205 4808 8982 497 8984
12464	10527 128 7248 9659
12465	4477 2993 4804 3376 4026 1585 1826 692 2460 1918
12466	840 9565 7533 8659 7685 10958 4745 6593 7903 2917 11536 6190 1827 6791 5202 7081 11027 11493 11057 6825 8819 10587 2181 1366 8479 11672 5665 2099 9270 5962 7119 1886 11389 7292 1455 1150 11110 6836 9023 9950 10405 1084 8278 11064 1066 6842 11066 10335 1213 10842 8487 7527 1214 3663 6837
12467	11410 9591 9941 9083 10935
12468	805 11404 4892 6576
12469	2993 4938 1643 2460 5763 3291 3285
12470	10518 8517 8523 1841 5947 6578 9086 898 5147
12471	8186 8577 8183 1094 8548
12472	5931 9770 3741 4175
12473	10390 10320 8291 11531 10337 5448 10389
12474	7599 9441 5381 1375 1194 3055 512 4256
12475	7280 10427 6904 10881 7002 7747 9583 11670 10714 9639 11724
12476	7459 6350 10155 4628 2575 10147 3023
12477	417 2152 9928 5218
12478	10754 8796 10788 8834
12479	1778 2675 2365 8810 719
12480	2540 6903 4167 6185 4163
12481	9508 10640 10524 10962
12482	6097 3814 5771 3937
12483	10587 10021 11627 7245 10511 10698 9234 11249 11600 5830 9237 5665 4224 399 11054 10530 10984 1162 5348 8553 9388 8565 10929 9390 1694 7493 11081 11060 9183
12484	5267 8182 5260 8847
12485	4130 3941 4136 620
12486	3806 4904 3757 470 5493 3089 1066
12487	9018 7300 5271 10831 2583 9885 8329 2110
12488	4584 2342 703 3888 3177 9582 702 10582
12489	6220 1581 6137 1929 6558 4999 2108 1722
12490	3128 11628 11295 5710 380
12491	2535 5165 5706 1772
12492	3013 2953 3769 7797
12493	7828 6852 2133 8435
12494	9312 4807 4546 11404
12495	4645 10 46 1500
12496	291 5478 5912 1408
12497	8094 8753 8610 5414
12498	11410 9283 3651 10263
12499	8252 9291 11271 10055
12500	7284 6331 6334 10759
12501	6251 8737 9455 728
12502	560 8555 8886 4287
12503	9626 10464 2482 1561
12504	3212 529 1762 689 1523
12505	10620 2962 3764 2835 11058 4287 2124
12506	1083 2120 8956 9667
12507	1548 10398 3920 4383
12508	180 8442 266 1437 179
12509	7317 8859 10164 5717 4709 4811
12510	2480 4016 5962 3431 603
12511	920 11046 6396 9733
12512	7745 8872 7273 6207
12513	157 5665 10890 9341 7387 6331 9058 11318 4649 7928 7430 7465 4438 6334 7458 4940
12514	4187 10381 10351 7503 11476 11681 10383 10373 6359 10696 11094 11052 4277 9513 10911 9355 10540 8470 11066 11059 10724 11098 11291 8433 11685 10833 8949 11600 10812 9581 11536 10788 11670 9583 11072 10791
12515	11219 5755 10230 9969
12516	808 10331 2648 9420 11001 1100 3558
12517	234 11270 6392 8575 5145
12518	8507 8429 8428 8056
12519	8317 7178 3297 3445 1332
12520	7866 9034 8615 8109 8102
12521	4548 4651 1069 301
12522	5097 726 8268 1837
12523	9596 8808 11333 11459
12524	4379 11227 8442 661
12525	2120 1738 7720 2801 1736 1216 2535 781 6496 4837 1725 4704 840 1952 3339 1313
12526	7281 2412 1200 355 3384
12527	7185 371 7210 7208
12528	9459 9568 9133 9461
12529	9513 9078 11639 8776 10920 11305 11738 11064 10024 6190 10008 6258 8805 8929 11887 6837 7599 11544 8504 9541 10992 9695 10896
12530	11309 1837 2615 8738
12531	2264 6754 136 4149
12532	2646 6665 235 9342
12533	2084 2039 2128 5709 1627 9633 877 5667
12534	11425 5890 8125 300 2039 2615 6071
12535	1216 1761 840 1004 535 868
12536	5396 1068 11219 10865
12537	3298 2138 3292 2175
12538	160 11117 1627 2404
12539	3189 10989 9502 11372
12540	11141 10984 11399 10848
12541	2840 7777 8628 6521
12542	5168 6261 7186 2460
12543	10088 149 7897 8322 10089 6415 8012
12544	805 6145 4344 4925 4831 5812 8946 10122 9779
12545	1833 2301 4877 4775 9642 8442 9198 4088
12546	2353 8717 728 5277 28 3035 180 1945 661
12547	2731 9951 10699 11446 10195 2350 980
12548	7248 4831 2267 11663
12549	6155 3677 7669 653 11684 6838 4784 4365 5940 3125 10583 3939 9352 4789 7972 4884 4696 10570 7237 823 11530 8479 2045 495 5626 5696 9452 11683 11524
12550	2176 2362 2128 3290
12551	603 748 186 821 535
12552	1657 5497 3651 3981 5786 5489
12553	4225 157 5502 8774 5501 2520
12554	7207 4962 1359 7209
12555	2611 3303 3237 2135
12556	7294 5321 11133 11138 7587 321
12557	2220 3291 4706 2041
12558	10923 10375 1135 3287 1406 2125 9582 7253 9957 4550 8544 10981 10895 4560 10029
12559	11495 92 8855 10700
12560	1898 7575 7372 4508 8317
12561	3445 4509 4455 500 4045 6168
12562	7145 7117 10308 2222 4523
12563	7706 3688 321 10052 7681 9230 9447 3012 11133 9581
12564	7842 6274 6227 5271 8976
12565	3952 2138 187 7923
12566	1406 1006 993 166 445 255 4622 11192
12567	6903 5665 5363 3792
12568	6120 1784 1084 1537
12569	625 4089 4328 2993 8938
12570	2510 8591 7122 7737 8517 5104 8827
12571	11816 3650 10216 713
12572	4728 7720 8264 3728
12573	5486 9271 2167 4944
12574	9243 3623 5869 2484
12575	5519 7119 7822 5445
12576	10155 2906 1756 2634
12577	1800 4566 5519 781
12578	774 3422 217 4974 4898 7529 9668 491
12579	533 797 713 723
12580	2542 1058 10757 11159
12581	11149 10917 2651 10356 11208 11218 9197
12582	1604 9501 8615 1362
12583	3767 2526 10510 2459 8893 7644 6588 1898 280 1643 9707 3048
12584	699 5435 327 6056
12585	11830 9417 8481 9666 1903 9665 6974 2949 11700 9679
12586	10519 5905 8934 7387 6106 6109 10917 10305
12587	5950 10789 149 7827
12588	6120 4762 9362 5370 1584 10563 9480 7686
12589	4094 10231 10227 4759
12590	5417 7311 8604 876 21
12591	3757 4126 1072 8761 5714 5941 2952
12592	2577 7307 851 396
12593	2340 9868 11404 3 1930 1879
12594	11067 10664 10665 2389
12595	7280 7148 7571 8478 8316 6208 10935 11683 8922 9512 7437 6205
12596	7099 9950 5127 11412
12597	7163 6496 7228 7019
12598	5120 10694 2440 10109 10151 11632 5121
12599	10474 10591 7635 138
12600	263 1115 362 579 823 769 1043 1234 621 370 1834 480 807 584
12601	121 7338 81 11303
12602	5455 9425 9776 9050
12603	2673 10774 626 6698
12604	9030 8474 10949 9031 5895 9028 5090 9032 10060 117
12605	10041 6721 5688 9426
12606	6734 11233 9164 11423
12607	369 6996 5547 10569 10382 3632 11228 10711 3284 10397 2486 2480 1578 2836 3381 2629 4028 4923 10583 3625 1140 3887 3866 11123
12608	2670 6733 11272 5887 7087 7261 11026 2597 4706 4971 11229 8492 1417 5954 572 3361 11243 4084 1562
12609	7306 5643 481 1860
12610	5229 9005 136 4338
12611	9115 8942 5755 8922 1060
12612	7214 2377 8205 6262
12613	3337 10542 282 7814
12614	7985 7883 6297 6841 923 4434 6158 7250 1522 6704 7025
12615	7869 3523 5450 7546 6009
12616	3886 7748 9977 2196 8986 7919 5821 337
12617	9956 9070 754 7769
12618	6340 11194 7632 9157 6055
12619	1894 4317 8527 4391
12620	4842 3641 4723 4528
12621	370 5117 5940 349 10382 11830 9137 2997 7639 8468 10349 7881 8493 935 10502 10441 11227 9989 11403 10499 11060 7261 378
12622	10608 6964 6187 11448
12623	3882 4389 4508 2222 2877 7212 6030 417
12624	8936 9707 5313 9316
12625	8598 5665 8599 6754 10456 8734
12626	1886 1828 2913 5876 1889 4437 9117 779 5874
12627	11841 2516 3965 11492 11842
12628	596 4958 2287 3346 8527 2978 8717 2528 661
12629	4219 2940 5719 1103 4716 1228 4699 7773 6685 2390 2890 3043 1117 10556 4106
12630	6306 2734 807 8217
12631	1233 1494 206 439
12632	3924 7720 4833 2416 6268
12633	10879 6979 10864 9636
12634	1656 1921 1390 2377 1741 183
12635	699 5929 11709 7511
12636	7699 9205 6940 9273
12637	2763 3432 170 3062
12638	2085 219 8069 1361
12639	6691 5894 7933 4706
12640	5344 2591 1517 6351 724 7564 3568 6030 6908 5548 5345 4429 10740 5002 5234 5581 4254
12641	1046 1918 2604 1981
12642	7014 4157 1734 6219
12643	4762 659 5359 7005 9134 7752 7380 5328 3054 7513
12644	9083 8122 8098 722 9068 7167 3029
12645	387 1537 4832 3126
12646	120 113 119 118
12647	3546 9814 4569 854
12648	2319 3867 4531 730
12649	4183 1928 1135 6800
12650	2611 8842 5257 6549 4407
12651	9291 10055 1359 8432 6499
12652	125 3651 1537 8832
12653	8101 5269 2714 9681 7481 7378 2459 8785
12654	1470 918 2296 899
12655	8938 7382 1165 6945
12656	3442 1764 2308 9968 3981 899 5281
12657	9123 4071 4729 2775
12658	275 3389 823 11234 8654 9892 10809 10873 9362 660 251 3139 476 554 2670 768 9167
12659	11819 11607 8503 9 11593 11058 11211
12660	2079 5706 5999 1476
12661	8700 3957 6799 2829
12662	405 337 1885 289 1206 1911
12663	2960 7720 1299 2208
12664	3963 10886 5186 10185
12665	1164 8462 8497 10032
12666	4902 6550 424 7102
12667	7836 11599 3054 3858 8009
12668	2710 5449 7040 3971
12669	11384 3989 8244 8917 6817
12670	1073 1244 7808 8403 2607
12671	3544 5077 2340 846
12672	8540 1970 8587 7332 1089
12673	1339 1865 3461 1724 5233 2314 3806 1783
12674	781 3523 11166 9823 9760 3376
12675	3490 5255 5830 7450 4284
12676	9183 8777 2540 3359
12677	7466 8838 1764 7024 7470
12678	769 770 202 5439
12679	617 3956 1279 1981 597 1251 726 4606
12680	4076 2418 7502 11879
12681	6806 10379 5468 8316 9461 8929
12682	5275 3306 4096 700 2681
12683	8771 2067 11654 10892 11817 7347 11208 33
12684	6208 1153 4026 4271 5609 6622 10637 3515 5266 1501 9123 6222 5504 4352 263 8886 6948 776 1671 2463
12685	5149 4007 6690 1427
12686	8058 8064 9017 8052 6584
12687	9667 11179 7374 9164
12688	8709 7229 6910 3861
12689	4976 5363 3526 2700
12690	5644 355 8354 3074 6488 8937 8355 4327
12691	3326 919 4949 5911 5767 4798 5341 5610 7058 1067 6195 5489 6196 8785 2284 5762
12692	10667 2485 555 8564
12693	9868 6094 384 4335
12694	6139 586 7489 4508
12695	10348 10596 698 6648 2675 9576 8791 7260
12696	898 1265 2993 1602
12697	10194 11211 8053 7246
12698	10631 3381 10761 2636
12699	1042 8138 11084 10826 685
12700	7745 11899 11535 10983 11080 8270 8805 11589 6732 11724 11133 8505 9290 6735 9137 7747 6979 1968 8482 11026
12701	2567 6671 7976 2522
12702	10989 4406 720 8460
12703	5638 11608 1813 9341 11103 11483 11456 11734 8699 1767
12704	8813 6761 6787 2145
12705	5827 1437 3815 5142
12706	10623 11213 11219 3836
12707	6748 9015 10166 10163
12708	9174 5452 7205 2198
12709	2694 3487 1609 271
12710	10246 10343 9402 9767 8314 8306 9766 8312
12711	1910 5754 5808 3835 433 5725
12712	11292 10891 10962 11300 11290 11340 11099 11727 11296
12713	8125 5450 3376 7142 6220 9232 1299
12714	6802 2428 6119 3982
12715	9502 8417 10891 10884
12716	8266 6751 9229 2874 2575
12717	10935 9957 9581 8466
12718	11839 11617 11686 11903
12719	289 1342 8574 9356 6975 1091 9547 783 7669 302 11057 797 842 9292 8787 744 998 7297 1142 7388 10501 7137 2067 269 6791 7503 999 217 610 58 771
12720	4705 5039 1214 862 1150 1313
12721	6571 5723 328 348 10393 3655 11261 10343 8204 9169 6419 4812 8311 11262 8305 7755 8307 7092 11260 8231 9171 9547 5007 2866 10100 3177 9398 6634 2606 8304 1772 11263 8313 9402 3654 2354 11265 9910 1417 11114 580 8303 8302 6244 2063 769 8310
12722	3849 10190 11102 2169
12723	9176 2769 7232 2059
12724	2092 7558 8014 2846
12725	8544 8976 9083 11600 6614 94
12726	8896 10689 8125 9 10720 10981 11054 8487
12727	1816 280 285 1234
12728	5373 7686 10427 772 4168
12729	9227 6904 4259 6392
12730	7998 7723 6819 159
12731	1570 7119 4223 2494
12732	3651 10896 366 4700 823 6159 1103 3346 4560 1918
12733	10401 10514 10611 10560
12734	7906 9553 2094 7355
12735	2379 7142 781 2862 3924 5450
12736	392 6867 9868 10055 9287 8974 10950 10158 5420 11145 4672 6451
12737	2575 9407 5467 8602
12738	7675 3723 9201 3144
12739	9101 8044 4811 2575
12740	10070 3897 10812 7092 7280 7082 424
12741	9835 9827 9775 9182
12742	592 9026 9713 42 4066 5363 10617 5957 8444 1936 1432 4035
12743	175 8063 5002 3291 4859
12744	1290 8717 2131 3278
12745	5225 11256 3732 699
12746	10608 10385 10747 10623
12747	9557 4574 5918 4381 4253
12748	5435 4834 6144 341
12749	378 6116 6472 7832
12750	1827 2823 2721 4312
12751	2460 9713 6444 3982
12752	3612 1469 5728 8210 5350 4399
12753	4756 10434 5719 4105 6287 5458 11587 10267 10744 2233 7939 1907 6452 4852
12754	4584 3264 3888 4344 70
12755	3444 7985 5274 4297 5161 8524 2062 2801
12756	8697 10021 5622 7845 4259 4729 5474 9636 9231 2192 11211 2119 11512 2418 11654 11729 7568 9385 2459
12757	11345 6014 2404 5297
12758	4357 4528 4870 4001 4081 2663 9918 7657 6067 1810 2288 9819 3752 3144 2768 2291 1772 3908 4153 3048 1556 3560 2295 2296 781 4409 2416 3571 904
12759	4359 4367 995 6773
12760	7383 11593 531 773 1118 6019 4175 6067 2066
12761	11649 11855 11637 11628
12762	1036 4335 533 842
12763	3391 5435 8556 341 9769 9126 4971 4776
12764	8464 11654 8768 8924 9232 3782
12765	1654 4953 1810 1653
12766	6511 910 984 7826
12767	553 646 2345 799 1119 649 3855 625 2415 1516 630
12768	6741 4023 6501 4641 1135
12769	4012 11421 7420 7633 8097 3701 11424 157 5129 11426
12770	10399 5504 7346 7241 7635 6204 8463 10605 2685 1159 11530 3284 10784 33
12771	4936 2440 2438 4453
12772	2005 730 6778 4442 10385 6094
12773	2459 2639 4483 2994 2458 2482
12774	9183 8457 5442 6288
12775	6835 6474 2485 3318 8514
12776	9839 777 5077 3562
12777	6205 3869 8724 8343
12778	4978 257 2123 855
12779	66 7342 4831 11356 6472 8848 9706 99 11860
12780	4841 596 208 183
12781	3200 4009 4948 6324 9568
12782	2394 9659 7833 11663
12783	2643 3215 3379 3343
12784	10899 1764 11482 10921
12785	656 1744 811 2610
12786	10983 4381 5755 8434 8716
12787	1374 2989 2984 2901
12788	2797 758 1744 739
12789	8054 1333 319 2042
12790	7425 5513 2681 2902 659
12791	8063 11237 5344 5347
12792	6757 6425 6754 6755
12793	621 620 9667 10671 11234 9848 10984 9639 11607 10030 4550 4227 10675 1307
12794	4731 8901 7577 5222 4776 765 5755 2022 10211 5381 3004
12795	24 5439 9620 5624
12796	8026 355 8669 2839 7831 3074 232 11628 4706
12797	8464 10032 915 8499
12798	6883 7513 6696 5638
12799	7328 2632 2030 4042 1972 5666 327 3473 2637 4235 3431 3560
12800	1693 1897 1874 1884
12801	3844 6220 5371 132 4845 3150 1048 893 10164 901 8062 11256 9429 3695 5372 2540 989 11102 5433 359 4259 9229 2167 1248 6222 7517 7514 8043 540 8279 581 9442
12802	2967 6991 3860 5622 5962
12803	7366 3501 4750 3999 5962 1406 1151 1734
12804	11531 8312 8315 8203
12805	1253 1005 936 747 1210 814 1486 833 1231 1275 742 822
12806	10260 10070 6220 9228 11300
12807	8194 5034 2473 3917
12808	6238 6890 301 7148
12809	2063 8514 7131 5461
12810	1067 9517 3058 10742
12811	3351 809 10196 8364 10809 11109 3967
12812	4365 8276 9379 5590 8330 5097 10454 5591
12813	7546 7686 9371 1318 7122 3932 8820 2540
12814	902 8416 1042 4509 2052
12815	4706 4508 3029 9232
12816	2154 1654 2531 1928
12817	6070 3049 2179 5119
12818	1410 698 3953 3862 3061 242 3271 1095 245 649
12819	4876 8203 526 9251 2094 5421 3963
12820	11596 10961 10835 10998
12821	6111 1439 3129 4435
12822	625 723 603 626
12823	10274 11670 10689 2342 9899 11667 10686 7878 7705 9 4464 7688
12824	1487 4486 2332 2388 173 1922 1526 11446
12825	6084 3813 5616 4156 2595 11829
12826	1868 6295 1770 2463 4407 6006 10314 5331
12827	7330 9417 11819 9711 9165 10381 7280 7374
12828	3876 5910 3931 6544 3587
12829	899 5052 5423 1084 1597 596 2188 10532
12830	2511 5350 2509 9346 2103
12831	3876 11039 9025 9040 4558 9026 10064 7865 10149 10154 7096 7048 9748 9022 9038 10148
12832	6526 309 4203 5029 8792 9152 6030
12833	386 2669 919 522
12834	10148 10951 10952 8080 9029 7078 10950 7866
12835	2967 2358 4567 7333 9466
12836	11196 4983 10850 10760
12837	3885 1918 616 781
12838	9192 6948 2981 4559
12839	5313 5474 10726 1840 8746 10443 1699 684 4228 10444 1635 2084 823 4550 3051 2067
12840	4338 1667 4007 10577
12841	8102 8441 2630 840 8899
12842	414 439 2268 519
12843	4033 3245 2639 1756
12844	24 620 806 1307
12845	8769 7444 4430 1615
12846	5989 1196 1060 2579 4493 4234
12847	9342 5544 4092 2594
12848	9459 8825 2339 5379 7513 9568
12849	445 254 3968 3967
12850	6174 4246 7421 8837 8054 877 5770 9795 9008 1549 9404 428 4706 28 4466 162 11448
12851	2480 9171 9004 10147 6563 7196 10182 11263 7431 5822 7411
12852	8920 531 5451 6887 7310 2567
12853	6922 9411 2181 4422 6710 7720 9657 4762 5594 8436 8908 11025 11376 5053
12854	3625 10707 11339 11079 11912 3629 10520 10376 409 11069 10381 11672 11655 6710 10351 133 3921 10981 10592 9232 10670 3381 9989 7302 10699 8467 3781 6904 6206 5117 11545 2365
12855	10628 11081 4728 6220
12856	10181 5568 11720 2980
12857	7972 8459 9019 11550
12858	3411 10305 6566 10427
12859	4202 8311 10442 179
12860	11423 6355 10323 6557 1333
12861	1110 2466 2704 2811
12862	176 9106 6488 7801
12863	726 6832 4204 10748
12864	9824 7210 8915 11381 11229 8984 9828 7209
12865	1694 10382 7009 8277 3708 11669 3389 11533 10269 9300 5939 8485 7072 10418 7018 8929 11476 8939 2597
12866	586 1045 1438 1577
12867	10999 4284 8426 11361
12868	4667 5763 3298 35
12869	7262 10892 10989 4015
12870	581 2041 6513 6138 11386 6396
12871	8498 8492 6499 8491 10031
12872	6370 7014 9627 6957
12873	6763 3512 3451 7562
12874	4603 3107 3856 4523
12875	5814 6155 6149 6151 6150 3677 6148 6154
12876	10984 1114 8965 6617 2419 5331 9758
12877	5433 11050 11386 2871
12878	9974 3989 5147 4899
12879	10514 4493 5648 10082
12880	889 1986 9901 11636
12881	2801 7122 2682 554 5643
12882	10962 11749 10859 9140
12883	2649 5267 7292 4631
12884	5665 11892 11061 4671 9514 2709
12885	1279 7106 3305 11402
12886	8230 11858 11852 11793
12887	11227 7444 10502 8817 10399 5830
12888	6698 4158 10197 7410
12889	7814 9838 3285 6054 2479 5450 4508 1083 5808 4407 7387 433 3046
12890	7980 4178 7512 1664
12891	9139 10922 3748 7121
12892	859 8305 778 8302
12893	2162 2762 3628 3525
12894	7102 731 4948 10963
12895	5787 3520 3825 2247
12896	7360 4313 3346 9473 2181 2593 9276 3173 607 3457 3503 3547 661 8283 4940
12897	8839 8591 8393 8592
12898	5257 7723 2890 1735 705 1928 6392 3963 1279 6425 1736
12899	11063 1021 9042 1011 8550 2851 8564 2535
12900	11623 5770 3334 6340 10170 8040 7246 6787 8259
12901	6028 7005 3339 8977
12902	1359 355 4056 4528 2295 3666
12903	4062 3944 4259 3660
12904	2124 2120 5121 1851 355 1822 11786 840 5311 9532 8043 7588 2152 10196 3618 9315
12905	7536 10283 8060 9480
12906	6384 4256 2503 6929
12907	4473 1255 2415 4813 3313
12908	3215 7248 7833 6912
12909	11093 1807 6214 6348 8842
12910	1957 1359 2936 3990
12911	2997 2996 8382 6472
12912	7991 5660 8268 8981 7359
12913	5284 5285 2012 5287
12914	2610 3710 8753 4275
12915	333 943 332 4921
12916	7224 4883 5504 9975 512 10928 6481 8286 7081
12917	3992 4166 1216 4171
12918	2658 2412 7745 7748 7122
12919	719 6205 5011 8630 8638 4520 11060
12920	11234 7908 11435 578 7693 7792 5117 10569
12921	8261 5018 8271 9157 418 337 11539 330 11670 331 336 333 709 8654 334 11512
12922	3305 2485 8627 4719
12923	5918 902 6552 4606
12924	152 11374 9471 10122
12925	3370 2840 3367 12
12926	8532 9132 2022 9130 1952 9126
12927	4668 769 4072 1551
12928	8754 1369 5414 9770 7748 10134 7907
12929	4407 10077 3695 289 7776
12930	1277 10547 7789 4284
12931	2112 4703 6336 2514
12932	10306 9364 10762 10962 11484 11291 10234 11340 11292 9362
12933	9807 8794 8752 11716 11092 2874 4126 1886
12934	496 649 463 266 628
12935	8646 1028 8630 9905
12936	3570 4344 4821 2394
12937	10427 11541 11819 11368
12938	8714 2583 6009 7546
12939	2528 2675 1359 2686 10433
12940	199 970 4959 4711
12941	8861 2993 8124 4461
12942	7826 8356 3628 5493 2540 9203 3048
12943	10344 7261 9371 8204 8313 8314 8302 10343 4325 10246 2489 8968 7253 11023 7712
12944	5520 7204 8841 9834 9826 3925
12945	457 9375 7615 9940 9626 1725
12946	1222 7978 6938 5949 157 2279 549 2657
12947	6009 1928 2113 10984
12948	3158 1584 2048 1987 4996 1721 775 7940 5571 6520
12949	8428 9437 9106 8429
12950	7486 6341 4259 7767
12951	355 5397 2165 9592 7686
12952	1170 6965 6944 8842 3514 1849 86 2606 7992 1118 2950
12953	327 7188 4157 4473
12954	7410 2276 9129 9370 9429 3340 5375 6919 3893 5103
12955	5929 9930 11097 11425
12956	5137 9082 7952 5793 6984 5052 9842 199
12957	2181 3378 2120 4119 4582 1393 4344 286 4445
12958	8847 6263 4861 8298 8953
12959	5304 581 4768 7445
12960	289 1126 519 241
12961	3524 1367 7032 5724
12962	7513 11197 4388 9441 4837 3285 2614 9699 3010
12963	3741 3761 8627 177 700 1244 6552 176
12964	1745 2987 2438 2460 1279
12965	1467 4971 4462 2590
12966	2541 6690 6277 2077 1559 5203 5819 5166 1558
12967	6312 725 8713 8822 6818
12968	34 5439 445 5204 5277
12969	8829 3903 8828 10681
12970	4259 840 581 2574
12971	4406 10984 6222 11604 2482 289 10865
12972	10308 7518 802 9913 3890 943 1865
12973	8938 4119 9116 11636 5041 875 4982
12974	359 2677 7152 5072 7543 6645 5615 8617 296
12975	11884 10892 11094 8488 11688 8819 11574 10349 11761 11006 6815
12976	902 9689 8667 2604
12977	2295 3891 599 2296
12978	11247 10004 11246 10003
12979	7219 11053 7255 8316
12980	1152 5830 7449 5020
12981	5462 8240 3663 6887
12982	11132 1898 7132 461
12983	7384 6372 8192 9614 7558
12984	8741 6668 10059 8742 8445 7529 10054
12985	3967 2814 2184 970
12986	8919 9137 11910 11273
12987	11386 5435 1060 4744 1458 10087 11585 4892
12988	8934 11179 11026 9 10881 11211 11761 2625 11594 7348 1734 6055 3668 11629 11339 10724 10670 11054 4608 1116 7908 2072 702 11558 10356 211 2100 2593 6296 7290 10992
12989	11313 5131 10507 10154
12990	4912 5192 9994 802 4914 7653 9236 5221
12991	3914 8597 5994 8355
12992	7394 9194 4352 3981
12993	11249 8405 6853 9
12994	7054 10239 9075 9012
12995	5271 4666 6295 5856
12996	2505 7513 7004 9038 6904 1890 8125 3346 1722
12997	312 5518 5050 4743
12998	2423 8879 2872 4704 5984 9115 341 3844 7638 2243 3833 3680 11877 11237 11796 11123
12999	5418 5419 3380 6894
13000	7971 7919 2361 7456
13001	7164 8827 2081 9784 7140
13002	7510 4810 7508 9318 484 5339 5728 6967
13003	5161 3821 2186 2198
13004	6057 3756 3519 4338 8057 4525 2246 6387 6396 2816 7722
13005	9285 11235 11684 10597
13006	862 6474 8582 4388 3489 5607 5346 1160
13007	779 2416 8885 6520 10846 2269 10984 6048
13008	1988 7181 5014 4153 9689 289
13009	10865 11676 10495 10842
13010	10918 138 9581 3391 7234 4384 9225 8188 11688 1518 11212 9512 8922 11077 11179 10813 6173 8919 3051 10883 9515 9337 11593 7878 9305
13011	2614 2599 2443 1056
13012	1463 2632 1980 1116
13013	3603 1608 2295 3617
13014	10024 9643 10724 11502
13015	1228 2509 7199 3560
13016	10983 7414 6095 5247 3926 2265 6239
13017	2967 5072 2169 2076 2120
13018	105 104 113 103 106
13019	9938 9597 7435 9535 2084 9612 5153 2131 9743 9613 9606 9624 4438
13020	11844 10757 7517 11821 11220 4043 2683 9175 9461
13021	1654 7656 5676 5282 7234 11087
13022	11123 7686 5484 6691
13023	3448 10898 3370 2036 7248 10870 3149
13024	1931 760 11185 6805 5797 7081 251 10583 2128 11738 8752 7784 10492 10807 10037 10892 4550 11535 7747 7599 2131 9989 11006 8544 9359 8283 9332 5940 9276 4409 9273 11655 1419 9968 8485 7384 9510 9224 765 5409 10594 11182 3897 9581 7347 8468 11088 10008 7690 8574 7496 9316
13025	6138 4151 4569 9841 5920
13026	8751 2129 10009 1750
13027	2998 1291 5389 4732
13028	2308 2801 9277 8093 2856 4886
13029	28 8753 4762 8125 4069
13030	3224 1998 6122 2920
13031	1216 2516 728 8385 1200 3371 8917 2092
13032	11596 11142 9502 9319 9310 11599 7764 9834
13033	11326 4831 5812 9422
13034	1405 1479 1477 1686 1250 1677 1481 1512 1478 1485 1680 1679 1360 1482 1273 1806
13035	1119 837 195 1203
13036	341 10799 2575 63
13037	6030 9616 11309 6845 8723
13038	1790 10126 1783 4246
13039	465 11410 2394 37 11628
13040	9424 6529 8949 6190 6203 8282 9098 8920
13041	8610 3664 2949 1487 6713 3710 9651 6014
13042	2966 7270 6196 6326
13043	10229 2002 9386 6651 6718 7018 4713 2873 4876 3401 263 11729 11711
13044	9514 3797 7928 10908 1487 10899 6241 9502 2207 2296 1820
13045	663 8563 2135 7394
13046	11637 11358 11492 9580 11591 4223 11598 9733
13047	10451 10647 11298 9596
13048	8627 10628 11127 10535
13049	10573 3736 9489 10746
13050	7545 8590 10498 11045 11920 10219 5547 699 581 2335 9276 1800 11404 2575 10811 11087
13051	2243 7033 4675 892
13052	5450 10498 1866 7142
13053	5187 4017 6995 10137
13054	8124 9231 6655 2848 6122 3522 4045 2993 8520
13055	924 272 2342 180
13056	6648 6975 5924 7267
13057	6823 7686 9557 7558
13058	3334 8813 8815 5196 2160 10581 5197
13059	9082 9083 6512 7947
13060	8532 7001 8753 4425 3391 8707 6935 7549
13061	553 6887 7489 4737 4495
13062	177 5855 3010 3046
13063	9515 9514 6149 10370
13064	4634 3346 4633 1828
13065	10230 6483 10232 10699 10227 10933 3401 920 4828 3143 9386
13066	3889 444 9238 9533 5361 6869 8083
13067	8172 309 2833 8171
13068	213 10121 3023 11208 2135 241
13069	8277 10380 9957 7275 6408 6204 7540 8319 9967
13070	1746 5710 6764 11815
13071	4473 3741 3633 6295
13072	7512 2904 6216 5618 6289 4366 6928 4411
13073	224 8594 8758 10290
13074	8647 1654 4804 597 1333 4300
13075	7912 9843 9826 9720 9562 9584 9760 10212 9719 9718 8915 3963 8983 9566
13076	3204 8660 1431 3208
13077	5772 5771 28 4436 10608 1222
13078	2138 1050 6461 929
13079	9672 3734 5838 7927 10185 2671
13080	3614 3881 1898 758 4676
13081	3695 10689 11179 7661
13082	4917 3341 331 944
13083	4937 2510 7005 3768
13084	1362 355 8011 862
13085	6363 2661 5371 2416 10812 535 1150 768 10252 9687 553 1653 5797 3069 5506 7273 625 142 10717 7063 140 815 138 2567 3221 6154 1059 9083
13086	132 130 4869 144
13087	11026 11305 11027 4277 11575 11684 11702 10274 8283 10495 9892 10357 11087 7978 11666 11587 9153 7277 851 10807 11906 6240 11091 11070 10700
13088	10943 11145 2371 11123
13089	2145 7642 4006 5950
13090	10456 10457 9755 8731 10535
13091	568 5984 2238 2404
13092	3135 1852 1898 2169
13093	9253 9251 1591 9252
13094	359 4226 3669 6339 9237 3667
13095	2085 6020 1244 10575
13096	11349 2540 11058 5117
13097	376 4065 2510 5032 4178 985
13098	7952 7947 6032 2234
13099	2036 3311 3306 597
13100	2631 4247 1023 5886
13101	8010 7716 7715 8152
13102	6241 7922 6520 7796 2652 1042 1728 3437
13103	917 1359 8633 8344
13104	7002 9231 10689 9268 10830 11094 9968 9638 9461 9514 10671 9667 7745 10520 10842 11592 10675 9927 11077 7561 6296 11653 11173 4000 7988 7787 6971 11027
13105	1866 399 8974 1409
13106	8094 3707 10821 9717
13107	1589 389 2508 938
13108	6013 11162 5698 9747 9037 11431
13109	4357 1025 7092 2291
13110	9237 10671 9167 10723 4040 9137 9383 11653 11913 9042 11715 7009 9102 9281 10699 9995
13111	609 494 3280 1545 422 535 5427 186 11505 433 33 608 499 11504 7713
13112	9131 5821 5764 5783 963 5585
13113	5517 3842 7600 6134 6853 8136 7337 8405
13114	6754 8599 7187 6572
13115	10057 10055 5501 10053
13116	9918 3966 11645 7928 6287 8460 11442 6243 8219 9529 6317 3144
13117	8274 2125 3694 8178 7297 6922 9559
13118	2897 508 9291 3933 8212
13119	8516 10879 4541 6440 1332 1181 1702 4566 6704 9055 4834 4575 3142 10010 10902 6959 7026 1180 5145 4249
13120	4254 6522 5331 2703 963 3383
13121	8123 1929 6560 8446
13122	10258 10155 11720 10774
13123	8811 7130 8660 2981
13124	9431 7338 10767 11501
13125	11499 3146 1615 5584
13126	6287 355 5142 3272
13127	2248 1567 6058 1891
13128	2577 10077 8257 6645
13129	10461 8996 5042 7091
13130	6732 9332 306 11310 11607 6154 11476 4550 2181 11075 10929 7745 5504 11461 5434 4464
13131	2335 11637 9059 9248 6226
13132	9789 7664 11531 9608
13133	7245 8467 10411 5887
13134	959 2435 2152 2432
13135	5792 9560 3597 8457 9523 9485 9247
13136	10510 11080 10707 11087 10591 9167 5556 8282 11533 7248 11914
13137	8482 300 5471 1140 11516 11075
13138	7177 6957 8053 3351 4240 9843 3307 355
13139	6918 3166 5363 5532 2066 6954 1826 6944
13140	8854 6559 9064 9824 9045 10065 8074 8049
13141	891 3788 3429 899
13142	10900 362 136 3198
13143	6342 1772 6598 3026
13144	8745 5732 736 3227
13145	5520 10542 4705 4094 2575 11061 8115 2369
13146	3651 7663 3741 9475
13147	7281 6222 3624 1184
13148	5321 7327 9183 11131
13149	3748 599 591 3588
13150	6469 11853 8815 3481 8964 8963
13151	9417 8924 9667 7007 7200 4622 11909 9391
13152	4056 8752 3878 4564 8119 10899
13153	9911 3351 541 6411
13154	9442 9729 9130 7005 8938 1651 876 8014
13155	3131 657 2463 7001 4125
13156	4509 2715 5117 3381 788
13157	7327 2567 3567 5067 3976
13158	6425 3086 5667 6550 7970 802 1173 2855 5056 5270 2128 2510 2377
13159	8717 229 20 6997
13160	10572 7143 1475 10819
13161	9575 10845 10983 7831 10695
13162	2404 3586 2485 2005
13163	11088 6640 11217 5017
13164	635 1116 1430 3075
13165	7252 10192 7005 9535
13166	9203 5295 1227 6477 7030
13167	9659 7327 2219 6617 7248 10984 285 5812 11425
13168	687 567 519 625 955 626 1236 530 775 377 616 696
13169	11273 10809 10030 11087
13170	1264 2399 1918 899 5540 4502 840 1940
13171	779 3725 6957 2155 1886 1060 3677 9198 8896 96 7720
13172	7370 7413 6716 8179
13173	2087 5189 5430 8477
13174	10177 1827 8532 5323
13175	10760 6457 9727 8446 11367 11729 10983 10475
13176	28 4071 769 3319 9643
13177	10929 8717 10507 5506 8489 6173 10888 10636
13178	2753 5796 4013 1773 6198
13179	2657 2315 282 3925
13180	3889 9733 9048 9824
13181	652 339 4544 3007 5329 6497 5610 7228 4775 7519 4815 3796 7716 5345 2003 5128 6137 9201 8921 3698 7793 4189
13182	7213 7722 5883 2485
13183	11644 6657 3728 10469
13184	8996 8889 6565 1660
13185	672 4804 6221 4259
13186	2657 3621 7486 6585 8352 1663 502 2029
13187	7686 5741 9481 7229
13188	5791 5396 5482 2814
13189	2917 24 10248 664
13190	6005 2095 1294 3163 202
13191	327 7230 699 4704
13192	760 225 274 837
13193	4544 6520 702 1662
13194	9568 9699 9441 7513
13195	862 9545 4376 1060
13196	3009 35 3290 2415 5667 6811 7945 1734 20 4178 4349 1116 9521 9784 6285 3152
13197	5075 6755 6752 6751
13198	9429 1124 2613 2993 3047 740
13199	2644 2679 2590 172 983 274
13200	1405 1304 1282 1481 1485
13201	2531 2295 8897 2459
13202	4982 5374 1918 1932
13203	263 2780 7185 6683
13204	5735 7079 7070 6240 8099 8178
13205	331 374 166 1234 709 890 207 336 1541 1054 533 981 1742 340 419
13206	2659 7492 5810 1707 5708 898 2063
13207	6456 6455 8387 10446
13208	7328 5812 10321 4821 3967 2982 3671
13209	731 9990 9531 10350 1932
13210	1516 1495 5116 649
13211	2599 9617 11227 10291
13212	6311 970 9109 199 3146
13213	614 11133 8857 6948
13214	8929 7348 10911 10376 8448 10894 1761 11085 5630 6974 10272
13215	10583 11883 353 3389 761
13216	7387 2575 6222 781
13217	8870 10187 10175 10180
13218	883 814 187 1761
13219	2416 3346 3391 1092
13220	7745 7669 5814 7330 3139 6972 3677 9234 9230 10842 6735 8277 10653 8929 11134 7335
13221	5825 172 2459 9546
13222	481 8437 2770 2575
13223	7030 6670 4706 10067
13224	3825 8368 8396 3261 6434
13225	50 150 11374 9226
13226	4501 10004 10003 2817
13227	10936 8180 10890 9487 11707 5274 8418 9490 11622 10996 9501 10997 11361 9495 8684 11615 8421 9493 11099
13228	9889 9962 1470 8987 2729
13229	56 2585 535 902
13230	312 462 2866 2460
13231	9129 6503 10622 3405 10875
13232	3473 4571 285 1832 731 663 3298 888 861 2135 5269
13233	7382 10917 6229 6905 5814 7235 7225
13234	9257 4716 4806 10757
13235	7630 7281 6690 4706
13236	1705 10379 7802 3048 9638 10981
13237	9127 9131 9129 9442
13238	808 6550 8394 11220 7679 9568 9461 7512 7686 7886 8367 9341 8701
13239	3773 6357 7971 4016
13240	10753 10387 11341 10006 2575 10319 10174 2207
13241	4736 2540 10230 3588
13242	11123 11219 11614 10325
13243	2379 6075 1584 4863
13244	11479 4650 1409 6688
13245	4183 892 11313 925
13246	6054 1851 1898 3505 1828 4082 730
13247	1597 6031 4574 6137
13248	10172 10741 4603 6288
13249	6079 8249 2517 3753
13250	461 2424 4098 6470
13251	3668 6196 1598 6201 6291 4837 3628 4812 511
13252	7820 3497 8379 11608
13253	94 5417 8576 1982
13254	2633 3393 1241 993
13255	8330 348 7233 284 7380 3695
13256	902 3548 2958 2397
13257	6415 10122 7338 30
13258	5504 3208 3216 2507 3210 9522 6764 5940 7545 427 2683 1064 4601 3205 2924 3284
13259	5379 11702 11148 11641
13260	545 11803 7653 1142
13261	8279 4045 7248 9860
13262	5087 1176 925 2978
13263	9291 2416 10315 10314 9728
13264	9329 11410 2329 9605 8754 6392 6222 765
13265	5498 4158 8389 327
13266	6992 6082 11421 9220 8853 5662 10046 8337 7803 7420 5652 8267 7633 7421 7109 6964 157 11426 7355 6862 7439 9143 5129 7736
13267	8651 8870 11155 6690
13268	8458 7579 4461 8176 8376 5504 2149 8213
13269	6392 973 6408 11055
13270	2463 4508 781 530
13271	6786 4560 10021 9430 9841 7229 8242 9484 5453 9685 7006 7188 7988 11653 10983 9711 8597 1222 7155 11729 916 8443 11697 10595 1623 9046
13272	6853 3003 11837 860
13273	6058 6202 4514 8764
13274	3564 8790 4933 5818
13275	9473 9085 9681 10019
13276	3689 5830 5097 6940 10367 9189 10028 3838
13277	2002 5169 6709 4534
13278	2053 399 208 8731 5884
13279	3646 2447 9077 4107
13280	731 1814 2124 728 1487
13281	2506 5633 1814 1116
13282	11423 498 2810 6069
13283	6767 4108 4400 3562 1133 2602 2171 1560
13284	11101 2212 3411 11267
13285	4345 7122 8094 6100 2135
13286	2535 7181 1744 5246 4344 1509 5812 5624
13287	2663 3522 11169 7974 1627 11186
13288	10797 9003 10182 9004 10608 10795 11803 341 11804 8896
13289	10427 7087 9274 10484 7688 7539 4622 6838 6499 6208 9120 9854 6731
13290	8306 8231 8307 8204
13291	328 6110 2447 4958 5436 6566 9088 8037 5105 2819 2279
13292	11499 355 5465 2936 1433
13293	6835 8271 9091 9207 9094 5506 6155 10726 7010 6359 10426 10672 10377 11096 6190 1840 11272 9201
13294	4545 9940 10116 1537
13295	7264 6704 9061 725
13296	10809 4550 11179 3288 6976 10371 11079 7376 11228 7148 6151 9268 6735 8491 2781 6975
13297	9441 840 243 9128
13298	8903 8436 449 5899 157
13299	7248 8862 10381 11179 7010 7002 8934 1825 8273 6733 9366 8929 11668 7280 11025 10356 10598 8089 10511 7221 11237 11539 11054 9461 9383 7333 7792 9515 11065 7784 7245 11226 7988 11212 6732 8810 6731 2670 9302 9099 9541 9355 8286 7281 10724 3805 11685 11027 9513 10596 9388
13300	2577 178 699 135
13301	5419 1701 5420 346
13302	6838 10372 7334 10336 2899 10381 8286 5830 373 11600 10606
13303	2577 230 7160 7391
13304	8355 10839 7753 5252 4833 1330 4964 7216 1374 321 5571 9178
13305	10461 8996 6255 11553
13306	5439 2723 10948 4114
13307	4302 10635 9372 11411 11442
13308	4979 5610 2039 5594
13309	4955 10935 4948 10793
13310	6681 7707 8532 6966
13311	781 9587 7122 9170 341 5259
13312	3656 3285 1675 2566 1583 3731 944 332
13313	5333 3476 2899 5618
13314	6015 1649 4359 6834
13315	8351 9682 4764 10451
13316	10231 1787 6730 11054 9206 6630 6360 6411
13317	4706 5922 2874 8838
13318	9291 1463 1627 6826 661 3377
13319	4812 11796 4471 10840 6864 4970 9276
13320	1312 2135 2510 730 1795 2005
13321	10584 11093 6208 2874 8726 7261 6735 11074
13322	8924 7512 8199 9826 8200 7205
13323	5518 11080 9232 7258 6381 9968 9542 7005 3762 10631 6732 11516 7229 7006 555 9046 10703 11065 8811 7243 1665 11025 10981 11640 8504 10895 280 5700
13324	11223 11180 11636 11635 11422 7794 7906
13325	1811 1644 1116 1898 1544 738 545 840 1698
13326	6887 8595 4573 11049 6396
13327	10544 9203 11617 8434 10998
13328	8859 3061 3579 6284
13329	9879 21 5045 11345 10537 10715
13330	1454 2133 2531 958
13331	9229 4254 3054 8241
13332	6262 5486 992 6026
13333	1615 136 2629 3430
13334	11916 11774 11637 11790
13335	8866 10723 11088 10351 9967
13336	1734 4442 3540 5960
13337	7264 9191 5169 8821 4738 6015 2278 135
13338	6451 1659 2357 3080 7236 4011 1730 1379
13339	8443 6775 9520 2326 8142 6550 3741
13340	7178 7606 7012 2303
13341	7512 6241 5519 3589
13342	10127 16 875 10622 1918 1653 6666 8139
13343	5386 3795 8929 3806 2286 2995
13344	7561 5889 8486 966 556 8483
13345	3207 3214 5665 781
13346	8593 1928 10525 2540
13347	450 3104 4772 7382
13348	204 4486 5515 2289
13349	4534 3538 2548 3588
13350	9848 7745 9557 10336 7274 9570 8405 9060 7292 10032 10670 11025 8491 8487
13351	4326 10831 11317 3710
13352	1412 1938 786 7282 1516 2874 2167
13353	10723 8504 8502 11075 7599 9636 6731 7273 9542 6052 9637 8506 11207 10589 9653 4706 9639 9137 9179
13354	8238 7259 10675 300 7087
13355	2840 4095 4137 4131
13356	11333 9707 11437 11187
13357	4299 5726 3589 6129 6092 7326 6253 815
13358	1359 3272 3560 9681
13359	6887 6277 2671 6470
13360	11628 11774 9716 11534 11772 8644 11709 11737
13361	559 8996 773 6396 199 4535
13362	5563 2720 4053 2921
13363	1918 3349 417 280
13364	4718 758 2625 3211
13365	9984 9649 7804 10289 10130
13366	8158 11479 1470 11411 10687 3769 11392 6978 603 11637 2680 3514 1118
13367	11730 7248 10527 9659
13368	2575 9404 3269 5435
13369	5824 9081 10962 11290 960 10858 6143 10861
13370	4880 3455 282 571
13371	10233 3753 8846 2308
13372	9198 1060 355 5773 2540
13373	4973 10967 11042 8339
13374	4358 8788 9699 699 8526 1606 4605 11123 4173 892 1734 4232
13375	4330 2299 2944 10651 7760 8899 3785 11403
13376	6824 6455 5122 5583 6821 8387 8665
13377	8419 3338 2877 3693 11274
13378	11490 10241 11489 11847
13379	8866 3401 9268 11575 9727 4706 11069 9165 10596 10750 3389 11461 9364 11245 8316 525 10495 11885 2899 5797 6788 8654 10812 10503 9276 10444
13380	11592 10377 11052 11098
13381	7025 11628 7545 11828
13382	4244 2092 5513 2162 3062 1419 1426 2431
13383	2351 2416 495 2460 4508 4346 2657
13384	760 646 786 997
13385	151 98 11167 110 103 7929 83
13386	5208 6203 11348 7669
13387	145 73 6601 136 3888 6774 130
13388	5809 9659 10527 11663
13389	2162 355 6251 3222
13390	4263 2460 8816 5363 1720
13391	7948 6849 6046 2973
13392	891 4147 8584 4411
13393	3726 4598 2820 3782 11318 11095 8744 9258
13394	28 4328 29 2985
13395	6863 7984 1716 5568
13396	6853 8142 8873 6220
13397	518 593 625 815
13398	11155 8556 8688 10201
13399	8198 11616 7465 9509 8181 9511 11361 10197 8958 9493 7703 11363 7470 9593 11119 6413 9501 11372 10524 8951 11794 7677 7704 9508
13400	1116 1643 1698 1135 1523 1762 2683
13401	2815 6074 2891 4032 7111
13402	973 5348 5322 7188
13403	840 3811 10479 4549
13404	9201 1722 6218 3734 5344 10043 9354
13405	9134 9168 6485 9056 9441 7322
13406	6460 5646 4837 10714
13407	199 8457 851 1700
13408	10317 8225 11346 2165 1100
13409	9523 9561 9559 10694
13410	10997 2250 9165 9046 7261 9672 11720
13411	897 7296 478 1761 7018 7658 10757 577 2554 6408 9361
13412	7668 6392 7707 4625
13413	8905 7935 6274 8928 6748 8907 7686 7951 5991 8901
13414	4069 1940 2466 8597
13415	74 7556 4968 70
13416	2121 11173 11149 4079 4715 11179
13417	10748 5997 1960 6317 569
13418	2840 8996 102 3364
13419	6836 1738 1918 958 9354 664 4191 1898 7721 5054 1117 10498 2137 7033 8926 11179 2124 8502 1140 3123 9976 596 2745 4837 1583 613 11063 2099 10587 8263 10629 6837 7789 9207 4977 318 3173 87 7784 1312 4972 1664 9096 2272 585 7188 7994
13420	864 4705 827 11060 358 10427 8914
13421	11733 11664 11749 2029
13422	1552 2641 2643 1934 7030 1884 535
13423	11917 5708 6780 11159
13424	9390 10381 10378 7006 7533
13425	8999 2797 1510 7097 4129 842
13426	10675 6979 1116 7398 3897 1911 2802 2609 11574 6036 9078 8261 6735 9638
13427	5356 6619 7765 3031
13428	3314 6785 2482 5200 3282
13429	2010 5068 2998 3000 3780 4246
13430	8577 3236 373 8990
13431	10705 8898 8934 8704
13432	9633 7630 6341 9016 328 9015 7627
13433	3271 2085 485 3288 6751 5439 6755 173 661 6479 427 269 5041 5241 7039 2556 3307
13434	10362 6617 1114 5594
13435	616 782 758 500
13436	11168 10379 11085 11086
13437	2523 1643 10109 3679 6576
13438	163 9821 11421 11424
13439	4706 4650 781 157
13440	8442 3154 7184 4574
13441	2505 4493 7423 5225
13442	3088 1662 6797 6459
13443	1582 2245 1885 788 2220 184 2870
13444	7984 3319 6512 157
13445	11402 10516 10372 10397 10496 11545 2075
13446	8122 1827 4290 8940 7271
13447	27 9462 6691 4706
13448	5876 5874 5877 7512
13449	1734 3844 3169 5755 1902 5762
13450	7117 8895 4647 9929
13451	10024 11817 10357 8897 9234 8505
13452	7248 7827 7338 175 6610 4609 803 3264 2341 9988 6306 1959 10282 805 7929 7502 76 136 3791
13453	9052 4408 1918 3526 4901 2482 3359
13454	3098 4408 1814 1082
13455	613 5257 7088 3537
13456	1170 2567 504 1172
13457	3423 6837 172 8522
13458	2614 3271 2899 3867
13459	2614 9680 10163 583
13460	7818 7513 10554 10564
13461	3510 4438 4962 4259
13462	7243 4461 7720 2292
13463	1690 1954 3341 1112 2738
13464	259 10206 10234 7981
13465	10669 9688 2917 3346
13466	1305 2181 4373 2873 4005 977
13467	24 1717 5169 6680
13468	7159 7781 2602 3648
13469	5921 5401 5363 762
13470	1712 8389 4067 4158
13471	1638 906 686 899 2853 3982
13472	481 2377 1433 24
13473	2485 6989 5573 6988 5930
13474	136 620 9267 3949
13475	1928 1216 5269 9268
13476	10565 4511 2750 10842 8821 10948 598
13477	9332 8848 9659 63 5976
13478	8403 6406 10973 7298
13479	8207 11424 6833 6577 3403 11421 6082 11633 8386 6327 7438 6862 8266 5901 8267 6963 6992 7803 7861 5662 7931
13480	9129 3224 56 8129 4972 7475 7229 11404 355 7186
13481	266 251 11435 3280
13482	8266 844 8267 6819
13483	8309 8305 10245 8204 8258 10244 8301 9171 9248 10243
13484	10620 747 5624 988
13485	5199 3171 1571 6724 8781 1190 3330 6785 5071 4638 3261 6726 6727 1568 1188 3355 1189 1192 3314 8360 570 3984 3313
13486	2583 5439 3277 3967 5277
13487	6474 10228 1627 10400
13488	11037 10731 8606 5976 11040 10770 10805 10803 11039 10802 10066 11036
13489	5227 6299 3901 6297 1222 6445 5768 5230
13490	8356 8353 9662 8428 9195 9626 8832
13491	6617 2124 6054 614 1312 554 2123 664
13492	1083 9282 4667 4259
13493	285 502 5989 4243
13494	3904 3255 3709 4501 3903 4516
13495	9161 10398 11212 10418 11380 7635 9395 11209 11435 9306 8466 9303 6971 11476 7503 9284 11349 9510 5474 10380 10379 9671 10506 9302
13496	5484 6265 5333 10227 1039 5339 9817 6720 9407 1638 9930
13497	3727 3798 3832 3317 2535
13498	248 261 2829 325
13499	6616 97 4776 5246 8071 4424 1723 4699
13500	11191 857 6549 10618 21 10757 3295 3641
13501	8695 10371 4909 6592 7619 8785 10583 8691 10717 5504 11055 9153 6481 10873 11291 4831 9695 11348 11537 10807 7081
13502	1734 9194 7776 201
13503	1232 800 1464 352 973 274 1265 627 933
13504	4251 4548 4489 5438
13505	430 594 626 565
13506	9280 7545 5707 6135
13507	2611 4549 5601 2919 6585
13508	8125 10676 4244 6191
13509	8550 2611 1597 898 778 6550 596 3768 1418
13510	10978 11840 9215 7893 8589 11794 7890 7902
13511	2941 4858 2095 11184
13512	9192 1299 7130 3193
13513	3299 8068 3356 8783 8365 8165 341 11628 3507 9001 4958 665
13514	1116 8125 1151 4318
13515	3436 2135 4560 2978
13516	1203 789 533 790
13517	7251 8473 1929 11432 5449
13518	5370 7381 3860 6378
13519	1461 1532 1129 1531
13520	2727 11541 8172 5567 11900 10896
13521	4636 2618 11109 3578 3695 7056 8193
13522	7745 9921 8482 3051 7405 10717 9277 9395
13523	1274 1264 2147 3628
13524	5665 673 229 7248
13525	2185 4601 7686 9648
13526	5804 6627 8306 7551 5479 6632
13527	7886 5138 9314 3110 11791 8201
13528	5104 7833 6029 7248
13529	2780 8848 9471 2022 1761
13530	4460 10518 3169 10406
13531	2856 684 2896 1356
13532	7926 7109 5662 6833
13533	9024 8525 9885 5782
13534	1116 815 1552 1442
13535	8237 10187 4846 6222 10188 341
13536	11241 9523 9563 10977
13537	2575 10624 1859 6063 613 3797
13538	519 637 821 523 649 800 1211 187
13539	9193 1928 8938 7051
13540	10536 1073 1290 5504 8039
13541	1414 6659 2888 3138
13542	9356 8505 7561 11293 7002 11535 9237 6979
13543	2342 7387 5755 3944 3261 5036 11778 2504 8611
13544	9681 9473 7498 7499
13545	479 1332 4912 3768 1973 2131 2319 907 399 2696 2528 10077 779 1415 1418 726 7722 3293 1419 1816 325
13546	3142 1608 779 8995
13547	8130 8753 8862 10707
13548	5199 3356 2090 3355 6727
13549	5452 1522 2170 5229
13550	4230 11399 6449 9459 4406 2459 2993
13551	5436 3984 7288 2079
13552	10773 10775 10774 10777 9149
13553	3937 7833 7248 3671 8167
13554	1313 5707 11152 9128 11153 7145 6738 7248
13555	1886 5102 2975 6750
13556	6478 9514 9302 7298
13557	2659 5135 415 10879 5609 1012 8550 2851 8564 8629
13558	1244 10992 11274 1222
13559	3860 4121 2247 1232
13560	996 5779 4384 7006
13561	4482 1764 5478 4373 5780 2915 4236
13562	7338 9988 10309 5812
13563	2631 1865 8751 10696
13564	4922 9031 9024 3313 5351 8053
13565	2069 10324 772 1606 8700 2648 5896 7696 2814 1517
13566	5383 5379 5024 9166
13567	9782 2805 11458 2636
13568	10609 3575 1764 781 2691 7271
13569	3303 6751 5259 5439 183 2540 3298 495
13570	6643 1151 8681 1279 9107 1862 10721 3305 5676 3926 3035
13571	8908 8895 8938 8909
13572	3443 2604 8914 2143 4213 3944 6066
13573	590 395 1834 179
13574	9291 8447 4259 11554
13575	7122 3743 5913 6535
13576	7248 11157 26 10151
13577	7384 1705 8861 4706 9096 2099 840 6838 7009 995 6658 9571
13578	2728 9919 10845 9447 10846
13579	5439 11664 11749 11733
13580	621 1222 6847 10700
13581	8334 5404 11426 11423 3320
13582	455 9300 3293 10404 10334 10839 2092 4875 6989 7291 8035 5324 8715 3436 9542 11077 411 7234 899 2978 10699 2614 9359 8487 1799 7644 8458 4015 1135 6617 3978 10510 1151 2169 8125 7707 7647 9234 10713 2379 10561 10061 3118 9282 10720 8897 10511 3677 3376 10474 11207 7726 8036 4153 11463 1332 10370 9688 11729
13583	2261 731 2731 3352 899 10078 852 7146 1325 3320 1554 11412 2751
13584	3526 11323 11360 11326 3788
13585	11209 4520 9667 11510 3591 11904
13586	5129 2171 7707 7007
13587	2538 4191 2851 9051 5106 6295 810 2169
13588	8717 2890 5389 6214 9250 5393
13589	11240 9782 7793 310
13590	5230 7119 2125 11747 3291 157 2463 1918 11061 1946 3928 347 11098 11168 7333 4902 3585 9636 4800 808 11689 11211 4061 10598 3924 6686 11067 10313 9406 11226 11670 7393 10386 7006 11059 7009 6233 973 4045 1409 10383 2459 3898 7545 11922 289 1917 11183 2775 10426
13591	2060 2890 1055 2139 691
13592	5085 8252 11471 4390
13593	1332 2169 8582 1176 1933 5999
13594	157 11636 11633 6512
13595	7643 11771 11137 7604 8449 4106
13596	810 1774 5189 7715
13597	7623 7626 7628 7627
13598	6388 1348 2420 1437
13599	9127 9568 9134 6661 5439
13600	8427 10804 11680 10941
13601	4516 4722 8366 9537 11870
13602	779 2675 1800 10001
13603	5063 5109 719 10340 8152
13604	1771 6757 43 6720 6250
13605	8042 699 9020 4510
13606	2016 8488 6153 4042 7493 9542 10896 7088 7234
13607	7121 1537 2958 9280
13608	2036 2917 567 5185
13609	5825 327 5158 6948 2302 6545
13610	3149 7002 4045 7051 3729
13611	9667 2002 9688 9258
13612	625 1083 1076 930 1211 536
13613	765 4706 264 422
13614	11343 1799 4475 5028
13615	7513 9441 4271 11523 7517
13616	6764 7248 127 2940 11235 1433 1822 4111 4875 3080 7026
13617	8895 11041 9482 9481
13618	555 3351 3944 7210 7205
13619	2482 1653 10845 10676
13620	7087 10348 10494 7374 10929 6267 4147 8485
13621	4362 289 6735 10273 6153 10272 4550 938 10501 9120 8442 722 1932 797 1682 4040 2576 2992 3476 2100 752 5938 1264 10606 1842 2901 8929 7374
13622	164 9778 7926 9518
13623	808 9134 2846 1635
13624	3874 7647 546 6950 2738
13625	6883 8996 11431 5439
13626	8339 6402 7507 9507
13627	330 7721 7132 8633
13628	2154 1886 361 3243 835
13629	2676 8713 3438 989
13630	9490 1244 2980 5418
13631	538 10126 760 787
13632	10958 5394 5117 3640 371 341 3166 2575 10506 6457 498 4776 11574 4614
13633	1230 3236 1960 2492
13634	10315 7404 8164 9480 10100 2041 2801
13635	2536 973 1918 2540 1851 1827 1663 2866 6551 664 6857 2460 1035 840 3291 2304 1208 2416 6940 4254 2455
13636	7753 11050 9881 11698 9560 9151 11645 11713 9246 3368 11410 5254 9532
13637	3726 1291 1928 4706 6559 513 5439 1822
13638	4323 5371 4518 4245
13639	9627 792 7564 10521
13640	5928 2863 667 5929
13641	875 6259 6089 858
13642	1038 2158 2536 6364
13643	4002 10748 7535 7249
13644	2711 949 1263 2805
13645	3570 807 8382 3091 10122 70 4076 4478
13646	6520 7797 752 8885
13647	2427 4686 638 7697 8152
13648	4598 3306 5335 7775
13649	6913 5418 10889 6777 3599 10829 3605
13650	2959 8604 1359 278
13651	11789 10981 10378 9173 7136 9156
13652	8842 11000 779 4560
13653	7517 2022 9541 7513 7981
13654	5439 2244 6638 349 7307 7486 185 1065 6102 2814 481 4841 5440
13655	1682 5908 2342 387 4071 11022 2021
13656	1114 1034 536 744 586
13657	5014 7742 3443 8838
13658	3653 3873 10127 11495
13659	6133 4706 6124 5934
13660	2243 2099 3834 7873
13661	3581 262 11212 3427 10842 3967 2557 1874 3389 985
13662	2531 1388 2786 4408
13663	10100 11769 11141 11770
13664	2459 8583 8633 4343
13665	4859 7836 10067 10207 5422
13666	5277 5439 6811 3237 4259 2974 6520
13667	10757 6267 7720 5989
13668	4687 5755 5402 5826
13669	4957 4437 3520 2946
13670	6568 6059 7863 5405 7527 5425 6607 7677 2599 9306 5469 1859
13671	8491 8464 437 8478 7540 10031 10032 10382
13672	7091 7360 11522 9078
13673	11492 11717 1928 6942
13674	9535 8702 9938 9743
13675	8049 10531 10759 5040
13676	1035 1543 815 840
13677	3067 2482 1702 4249 1116
13678	1614 2580 9158 4609 5584
13679	2331 4494 2346 3720
13680	3050 10247 10503 9165 9337 8498 10812 9292 10030 11058
13681	1415 2875 4036 1996
13682	2348 1274 3861 1035
13683	4287 5065 8166 6029
13684	7396 10231 4532 5954 726 339 3470 8703 10 2929 3298 5522 5065 472 199
13685	551 1340 2357 656 2054 6702 3975 418
13686	3589 4479 9070 4892
13687	2263 3298 4056 8920 7595 2989 2660
13688	10736 3587 9902 10735
13689	907 7517 5894 7980
13690	7822 9189 173 9186
13691	8056 7266 136 9825 7500
13692	4626 9065 10099 8539 2377
13693	9316 699 9018 8559 7222 11498
13694	2858 3787 5778 6339
13695	1653 330 1783 10257
13696	9689 5518 2135 7117
13697	1276 9006 7026 1870
13698	4574 3045 4165 6632
13699	4920 8859 9713 4762
13700	7926 7109 7736 6656 9143 11633
13701	11498 5445 6991 9536 3770 11440 7013 7098 3988 692 5372 2114 4649
13702	5178 471 2514 9668 2183 8686 6515 5047 1621
13703	5946 5337 9090 6751
13704	7512 4620 3412 7523
13705	6534 7933 9742 2162
13706	1284 11210 6055 9107
13707	4686 9797 6534 11371 3359 11396 8891 28
13708	5598 3742 11219 4990 10329 7454 3588 8123 9971 7184
13709	8410 5274 10136 8424 9508 10487 7470 9502 9492 9501 10524 8547 5267
13710	5538 9251 11028 3988
13711	7109 11767 11180 157 5662 9821 6964 5616
13712	8818 8524 6993 11423
13713	9290 8491 5610 7541
13714	5921 7483 5113 4830
13715	2540 4706 5439 1718
13716	7164 5564 2342 7117
13717	9134 9461 9362 10090
13718	4051 3921 1332 3099 5519 431 233 4776 5445 2830
13719	7142 1183 11019 2084 10152 1799
13720	10132 2867 5267 5516 9590 8953 9323
13721	147 11486 8390 6313
13722	2133 1428 2710 1425 3638 4042 3515 4056
13723	736 690 1584 2128
13724	5562 2701 9554 3344 3662 5296
13725	10084 7404 7583 1352
13726	4528 2788 10905 3741
13727	11228 10684 1912 11225
13728	8353 2811 4934 3446
13729	9570 9557 10504 915
13730	7652 11636 7088 6512
13731	1929 1824 4038 2115
13732	10580 2289 2022 10235
13733	1420 10076 8320 5631 3162
13734	970 8042 7263 2229
13735	11410 10467 10772 10421
13736	5240 4352 10248 2894
13737	376 6894 8798 6059 9520
13738	3967 10405 7689 6457 6906 11076 6979 3331 10399 10397
13739	1433 3901 1248 497
13740	731 2733 2969 2531
13741	4706 9857 9339 11453 5624 9883
13742	2349 236 619 1780 228 3952
13743	4088 7382 4848 5298 1910
13744	5104 6222 4574 2482 973
13745	5313 6589 9513 6523 536
13746	5020 8445 157 7570
13747	9637 8280 6359 9278 8924 6361 7010 8271
13748	151 152 3671 6097
13749	5647 1290 8165 8132
13750	10604 9990 9991 8918
13751	6205 10639 8922 6952
13752	4371 4836 1041 4680 2625 2993
13753	8875 1553 258 5026 4065
13754	6125 5672 1983 5671
13755	10154 11078 8403 4775 10201 10783 9953 5717 5089 9010 2981 10148
13756	9203 4837 2540 1654
13757	7138 1504 4480 2374 8867 3040 3657
13758	10976 167 3963 4592
13759	764 2041 7122 10445
13760	6847 3103 8196 9733 9196 10888
13761	5370 5425 4177 5427
13762	5412 7248 9617 5142 4555 8093
13763	6287 4835 10660 9423
13764	3664 10385 3435 9928
13765	2642 5830 10895 11086
13766	7006 2460 8710 289
13767	9665 520 3231 4588
13768	2953 2726 405 7740
13769	7461 2051 4783 8069 3622 6757 8157 5546 2676 4760 4158 3646 10167 7308 9001 6756 3817 7863 7141 4922 1387 8158 8695
13770	1799 3944 1722 2295
13771	5858 5731 6380 6411
13772	14 13 3364 1218
13773	9294 5364 10356 11554 11450
13774	7335 5932 6208 11520 8468 6529 3585 6994 6203 11854 10441 10386
13775	498 2132 375 1808 3152
13776	4667 9482 7108 9174 5334 7103 2375 5439 7102 7414 8323 6501 9481 823 6550 5326 28 9176
13777	5041 1984 3406 3300
13778	3588 9946 1682 2875
13779	7913 10108 9632 10074 11347
13780	616 7247 4775 1030
13781	2804 4411 897 7272 2128 10781 7188 1828 9725 3978 7003 10079 1035 461 2495 9377 8904 1374 5595 2155
13782	7423 7186 6797 7386
13783	3695 4055 3712 758
13784	7681 2238 1279 6034
13785	4581 2537 3924 11506
13786	3057 11633 8194 7002
13787	8144 2967 9429 7707
13788	9688 317 1209 462 925 6198 3285 2606 7414 8471 2396
13789	7479 7480 11460 1591
13790	8200 9704 7559 8397
13791	7851 11806 5014 11824
13792	9090 2084 8436 9502 4693 8198 8416 6432 4242 2414 9323 6729 9493 4331 5010 8928 7882 8944 4246 4555
13793	9288 2816 2402 9285 5638 9287 9535 5041 7805
13794	3152 6392 2204 5036 6526
13795	1902 297 5590 949
13796	2611 905 810 3390 3748 6474 7294 9706 704 10613
13797	3365 1829 3288 2555 3072 166 8487 63 2580 283 1334 2928 11168 1830 6808 11228 7039 65 3553 8506 6169 572 3287 5794 6408 2856 916 2219 140 11211 11248 6690 3139 2267 11380 1738 265 2000 8489 3331
13798	9 2845 9695 9687 10813 2510 2969 1995 2576 10583 8483 7292 11759 7994 10911 11524 19 2658 5651 8775 1934 2319 3177 7274 2659 8487 2123 8551 9620 2657 2639
13799	10374 10616 9580 10183 6233 10614
13800	8913 10605 7248 6306
13801	2959 5703 5698 3907
13802	9213 5973 8927 5031 7907 5388 6520 7010
13803	9127 9461 5379 4455
13804	621 3671 6314 1799 5377 661 3570 3888 8390 71 8012 8974
13805	9145 9147 9150 1661 1564
13806	3748 307 6263 10283
13807	1084 185 251 5311
13808	5158 10790 5881 9966
13809	11188 10584 8479 11228
13810	8639 1637 301 7520
13811	2798 9133 1335 11152 11179
13812	3392 2904 1873 1921
13813	797 11876 9811 1918 604 10158
13814	11264 6563 11107 7415
13815	8996 11472 10845 10846
13816	7248 4066 7833 11663
13817	1083 10677 6889 9247 11297 4603 4259
13818	2605 3227 3099 7386
13819	5590 309 9708 5097
13820	11078 6276 5593 11128
13821	9230 10984 9791 1651
13822	1994 2128 907 7198
13823	2735 2897 8704 3997 3982 6411 6276 9229 2502 8927
13824	4921 4293 5989 5833 653 339
13825	2568 2735 1918 6137 11001 5331 6054 606 2152 531 3339 6750 7005 1735 9689
13826	535 606 793 791 643
13827	9572 6525 6810 5444 750 9538 4977 9684
13828	3166 2135 11184 1625
13829	7653 7688 9122 3780
13830	262 3389 6659 271
13831	4836 7435 6301 9229
13832	10733 2993 7115 11179
13833	6349 3817 6925 1159 4199 5695 4787 6333 4789 4795 4784 7542 4159 9032 4788 7541
13834	2041 4976 3651 7814 8262
13835	7686 8908 1898 11342
13836	5929 2041 355 4888
13837	7558 11702 11198 10856 6334
13838	9168 9055 9056 7018
13839	2459 6034 277 5155
13840	3139 1332 3151 2967
13841	10086 10412 4077 10577 10413 3695 5074 8997 1327
13842	9362 3677 11538 5117 6596 8819 3162 3092 10370
13843	116 7248 103 113 11175 104 2062 115
13844	8226 11253 7439 570 6096 10258 6877 9430 11078
13845	389 1474 1449 1253
13846	8773 6640 10570 8466 7533 11653
13847	5280 1455 6194 4493
13848	1769 3047 6723 2024 1362 2025
13849	2005 1766 7290 8793
13850	3982 5460 5490 9346 3967 5497 183 228 5572 1656 175 7124 4397 5439 1864 5458 3789 3085 3292 136 5504 4395
13851	6035 5590 2112 11259 4366 5618 4360 4363 3476
13852	1918 635 1917 722
13853	201 157 10697 7491
13854	472 8722 4038 4979 1369 2459 2564 2479
13855	4376 8689 4716 2107 3217
13856	2996 621 43 9779 2998
13857	9937 1433 3861 6392
13858	529 180 840 274 535 696 649 1543
13859	5007 5013 8933 4602
13860	7565 5051 1766 9353
13861	7470 3161 7463 7537 7464
13862	8134 5487 5484 9881 1631 6524
13863	10904 11732 11908 11363 10913 11615
13864	7946 1695 9985 4011
13865	4843 6111 24 5621
13866	3673 5117 935 675
13867	3605 8240 9064 6676 7133 9544 9043 8809
13868	8932 8949 9722 517 3844 8928
13869	9192 3022 5886 9229 7344 7685 2575 1988
13870	9951 9954 9865 4587
13871	80 4580 845 4843 4344 1489 69 4067 4584 2341 3993 2713 3888
13872	6036 11272 11220 11672 4487 7082 8470 11476 11639 9153 8283 8479 7619 9510 10583
13873	5350 2153 1381 8521 851 4277 9586
13874	3139 807 2998 2881
13875	10923 10520 993 10869 4550 10629
13876	10805 10802 10801 10804
13877	3635 6538 9843 9064
13878	4701 4478 5954 1374 6130 2712 8189 9193 2278
13879	3539 7692 3414 1567 1271 9033
13880	9574 731 9693 10704
13881	8406 10719 5890 8101
13882	10683 7512 11305 9459
13883	7860 358 9569 8720
13884	9835 9833 9823 8985
13885	11674 11507 10606 11217 1222 3324 11639 10892 11505 9231 8448 11094 6835 11512 7258 11084
13886	3570 807 620 71
13887	7122 1312 7927 7582
13888	6853 5992 9446 7947
13889	5562 3910 4936 11642 6857 5965
13890	3278 8243 8500 9366 7337 11270 3793 8462 9695 1787 4365 6573 678 1433 2899 3572 2481 170 2135 2063 778 4401 916 11435 11689
13891	4876 2839 1615 1008
13892	9434 9303 9304 5328
13893	919 2019 876 7062 1800 4665 238 175 3098 410 1151 10078 2162 2182 10472 6304 1894 7804 352
13894	10631 3588 4471 11430 2242
13895	10047 2137 5849 10649 7906
13896	6739 660 8074 6506 6879
13897	898 7286 6673 4493
13898	9535 4484 3559 496
13899	858 2393 5689 5422
13900	10989 8908 5883 6301 6300 9919 9974 7244 3408 11246 9282 9110 3154 1986 3128 1890 3375 9389 9706 7003 8295 2994 11041
13901	8770 8773 8495 437
13902	5665 4958 1813 7248 3055 781 1195
13903	10555 8417 5274 8327 5249 9489 8419 8953 9809 9488 9487 8421
13904	6214 9241 1053 3830
13905	3774 3264 4556 3888
13906	7928 277 9804 8750 8419 8452
13907	8550 8163 3605 2187 5277
13908	9024 2801 9022 10040
13909	4022 133 1344 2957 2404
13910	8032 5330 8572 5692 1137
13911	7463 7466 8185 9487 9373 7196 10910 7704 8181 9598 9504 7464 9508 11719 8415 8421 8953 8180 9730 9489 8423 10880 9328 7701 9497 11291 9087 10450
13912	7513 10714 10824 9604 6138 9856 4414
13913	4436 2209 6683 4623 1222
13914	1034 222 1035 1091 1114 1235
13915	9237 4609 11700 10520 16 7241 6152 4246 2571 14 11671 10516 11081 10503 9547 5814 10036 10374 6156 15 11674 7035 6153
13916	3975 3298 2412 2978 2803 9364 8634 2575 808 3518 3308 4577
13917	711 649 1210 534
13918	8567 2917 6906 2993
13919	11199 2466 3471 2704
13920	9547 6613 7666 8460
13921	8980 8981 7246 864 863 5345 3054 7024
13922	635 1205 3020 533 417 168 1076 174 3539 1605 949 815 285
13923	3677 6878 10422 8097
13924	3284 3490 5471 3389 11173 10273 3342
13925	3273 9689 3319 1914
13926	4526 394 5422 3215
13927	9784 11255 2041 11471 11802
13928	783 625 464 315 840 378
13929	103 109 104 1218 105 107 106
13930	3307 1402 2967 4250 1704
13931	4630 1990 9404 11384 7865 7390
13932	1458 4435 7503 9279 8054 10150 4741 1222
13933	11174 1325 4328 5302
13934	5501 9461 2114 795 6568 1422 4642 6399 3838 4280
13935	9548 4214 11251 3844 3999 5975 5231 4376 5538
13936	7503 9165 9923 10342
13937	3680 6133 10904 5065 4318 9657
13938	8487 9083 9362 8462
13939	8036 6220 9237 8514
13940	1035 4902 4461 6323 4204 6594 5367 9558
13941	9505 5415 8757 4259 8043 6905 6051 9509 10855 9502 258
13942	10366 5259 4989 2943
13943	11547 11154 9568 11220
13944	54 2764 2399 2022 9568 4367 9626
13945	9486 10913 10891 8951
13946	6054 3177 4390 8105
13947	11376 10023 11375 11147
13948	7234 6222 1918 4728
13949	5282 5533 1703 6605 7266 3943 5350 6644 7017 321
13950	2167 404 1519 2428 8751 5615
13951	374 9742 3879 7594 3040 7248 5665
13952	11636 2298 11419 8047 2575
13953	9544 8493 6190 8492 10785 8504 10371 8467
13954	10216 11120 341 10174 9100 7630
13955	11192 3389 7221 7137
13956	11528 5575 8557 8169 11461
13957	7815 11347 1184 3521
13958	2371 7831 11237 1709 1437
13959	8576 1655 4514 11371 3993
13960	7289 823 3342 1434
13961	3593 7846 6685 7712
13962	7328 4070 5417 7792
13963	2671 10806 10801 10802 3927 10805 3449 10803 10578
13964	619 5567 6514 2212 1410
13965	6755 6757 6751 6425
13966	5962 10536 8339 8777
13967	2347 5725 10329 2901 10012 10656 1993 5399
13968	8749 7117 4320 2331 6511 7167 6139
13969	11475 9333 11427 10300 10301 8664 8801 8800 8662 8663 11474
13970	6392 5439 7787 4045
13971	1591 5903 2128 1326
13972	909 3999 5219 4001 3951 4075 8921 5443 8758 3871
13973	9303 9418 9302 9304
13974	2336 7574 8390 24 3993
13975	988 706 280 763 1091
13976	10489 598 10258 157
13977	5041 2529 2 1556 3302 4127 10580 671
13978	10441 9912 7544 5265 9918 3103
13979	9784 7263 2427 9807
13980	4531 10054 7523 5439
13981	6974 3342 6972 3705 2869 251 2327 1767 5624 5775 623 1048
13982	11503 9916 11502 9910 9911 9904 9914 9912
13983	127 4120 9988 11497 11374 7338
13984	3858 7169 2975 831
13985	11543 7219 2011 183 9085 5830 6975 7134 10626 5468 831 5609 11220 7002 11530 5938 10372 9082 8441 5607 596 11210 11837 8793 7376 6837 479 9893 10507 10506 11494 11539 5439 7907 7403 7512 9274 584 11587 11084 3664 8717 4071 1212 8283 11558 7087 4706 2770 236 2105 7277 8400 5449 10883 289 9083 3380 9461 9571 5117 7416 3048 1918 11526 133 2033 409 10024 7261
13986	5491 5248 6426 6025
13987	2575 6433 1323 4948
13988	6177 10073 6175 10074
13989	10764 7577 11104 11408
13990	9082 8943 5552 7842
13991	1986 3944 10984 1145 4678
13992	5504 10502 11471 9961 7881 9957 11688 10813 11540 6648 5578 9603 6975 10583 11640 7920 11681 9958 1163 9270 9975 5125 11738 8485 7713 11088
13993	10402 6190 10401 10406 7347 7374 5651 8503 6838 8752 2597 7007 11270 8263 10501 11079 7182 11538 11026 11339 6735 8717 11095 11094
13994	8534 8473 4009 5417 4649
13995	1122 8948 6377 8980 8984
13996	7248 9351 10586 11053
13997	11063 10511 11078 9387
13998	10036 9637 6339 11061 10788 4877 8281 7713 9273 9274 8075 9029 10435 11651 4277 7264 6979 11022 952 7789 8996 11505 11812 5233 5504 11724 10606 11354 11245 11523 8784 11504
13999	11081 8691 9542 11848 11220 8923 10507 11540 9231 10671 6805 6640 8486 4622 1162 11544
14000	10380 1761 11095 11702 7831 7347 8463 6499 6206 300 9275 7745 11505 9098 9983 8862 7405 10397 8467 6058 11627 7541
14001	6955 6953 5029 9652
14002	6215 5943 8449 4124
14003	11348 7295 6010 11655 11673 10699 11220 10259 11227 8811 6838 7691 5506 8485 370 10869 7920 8949 9137 9639 6155 10335 11671 7688 7789 10333 8506 8486 6906 11533 11095 10888 7347 7033 8479 8092 6731
14004	197 1039 808 10191
14005	1340 3455 2494 4242
14006	10230 10081 11262 2295
14007	6018 5458 8094 10525
14008	1643 6691 263 496 4117 9592
14009	6691 374 4552 281
14010	136 1487 9918 11214 8201 8200
14011	7123 5259 7486 7130
14012	603 622 417 748 382 1119 510 783
14013	4961 5397 3194 4706 838 5275 3443 4973 4787 2534
14014	8714 6821 6823 2946
14015	3346 779 3195 3889 3760
14016	5512 7394 7548 7275 7688 7234
14017	4744 1134 3486 178
14018	3632 4456 1972 649
14019	5576 5380 11220 5060
14020	7545 8299 7561 6781
14021	2008 7088 2318 2293
14022	7716 8010 3835 330 3323 7274 7232
14023	1988 7364 5245 3300 6944
14024	3762 2281 2029 2715
14025	9427 1591 9837 10914
14026	6438 4616 3776 8748
14027	7282 3549 7398 7779
14028	4027 11616 9730 11615
14029	9448 11172 9842 11662
14030	6117 5636 5153 8787
14031	2741 2573 3321 2098 7863 8158 4186
14032	4749 7116 4163 3836
14033	2822 4166 9179 8445 331 9198 5859
14034	3888 4451 3092 182 3600 621 1771
14035	649 689 1552 2467 625 1118 1032 648
14036	11190 11367 10348 7245
14037	5504 5799 5624 10065 184
14038	1988 744 1435 362 377 741 608 1653 2477 4882
14039	9784 1625 4103 5905
14040	3132 10470 416 2387 9379
14041	4201 3153 825 2917
14042	9850 10674 9853 10480
14043	8766 6063 3967 10034
14044	9502 8847 8952 9508
14045	10139 10802 11239 10276
14046	8882 7092 2795 10899
14047	3190 9688 8627 7956 10622 1018 4226 11399 10671 11398 5369 11397
14048	5208 11025 3585 2875 1840 266 1406 3792 8899 9126
14049	8927 9122 854 8403 8720 8722 3925
14050	3278 194 2454 2709 5116 983 495
14051	3598 7414 598 10263
14052	9640 568 10880 11624 7986 9247
14053	6845 6158 10291 2614
14054	2766 2379 3976 1135
14055	3935 619 434 5665
14056	10555 8224 11570 7969
14057	10011 4803 8152 5201 3999
14058	8353 4854 8352 7741
14059	11628 4449 3834 6135 9856 4534 5240 3588 4295 5638 2342 5562
14060	10388 10824 10714 10825
14061	5852 1335 4896 379
14062	5851 7338 6591 99 1489 803 25 6306 1949 3961 6504
14063	8610 3048 2592 5609 3960 5234 6423 11186 2782 7443
14064	9900 6098 3089 10170
14065	6199 5970 5450 7142 5040 6713 1928 1514
14066	1239 24 2849 584
14067	10712 286 9232 1359 9201 2181
14068	8604 5401 10984 2134
14069	5852 9092 10694 5229
14070	6558 5413 10055 801
14071	7926 7439 5849 5662 7736
14072	8617 2614 9212 5927
14073	10981 1694 11211 3548 9558 9667
14074	7563 7242 291 5165 9438 8857 3359
14075	5792 6455 5204 11327 6454 11109 10109 615
14076	4254 899 384 6182 5754 2887 6029
14077	9967 4622 8765 10506 9148 9167 10711 2250
14078	5161 912 3124 3085
14079	2412 8739 4038 3795
14080	2412 9405 896 2435
14081	5977 6122 5624 14
14082	10811 4272 7937 8998
14083	4508 2640 875 5172
14084	6276 688 7971 9650 2744 1437
14085	5184 1616 9910 2134
14086	730 3351 6508 4528
14087	6416 10393 6562 10056
14088	2412 5123 1264 4471 6524 1595 4240 2531 2338 2133 4704 5706 7657 6905 779
14089	4242 1783 4650 3892
14090	844 522 2624 1264
14091	9643 2125 5762 6392
14092	1143 842 380 815 535 973 782
14093	2675 4277 9064 5120
14094	386 935 1991 1698
14095	10675 4584 8167 8972 3888 24 10089 9779 2394
14096	9357 4233 877 4264 9122 4271
14097	10570 385 7356 4066 2874 8414 1769 9480 8434 786 5774 11402 2710 608 479 10583 9271 574 2776 2094 577 11476 3073 192 3344 10372 6853 155 6891 1797 8708 1527 11099 263 428 5425 10484 5624 2364 5937 528 534 594 10883 53 4695 355 10878 2739 2268
14098	9688 3921 970 752
14099	11279 11621 11060 1284
14100	4086 1525 2813 2628
14101	6703 116 2692 11730 15 120 119 5751 105 7248 7833 113 4089
14102	3234 5518 1726 5283
14103	619 8717 4660 9368 6892 6275 6024
14104	4997 4775 4887 672 4500 1151 5443
14105	839 650 1488 1036
14106	6496 4203 6497 6411
14107	11730 9148 11663 8235
14108	11902 11901 11903 9244
14109	3606 4153 1537 4477
14110	10146 11176 8983 5818
14111	5062 11000 8838 10457
14112	1053 1114 815 844 1467
14113	9253 10414 10259 6867 8231 4204 5117 6561 9156 5925 7979 4224 10690 8640 9596 5700 5210 4706 2996 157 6976 11507 10983 9426 9479 10378 9682 6173 10377 228 8351 7437 10981 1508 9880
14114	1083 892 6613 6863
14115	1114 415 631 5610 1878 11826 8274
14116	10171 10161 11022 2782
14117	4153 4729 1193 9461
14118	8548 7383 11423 5748 7701 8952
14119	8425 8581 8224 9500 9510
14120	5842 8445 6970 6053
14121	9130 963 9134 9461
14122	8483 6204 5400 33
14123	11220 5371 11198 4582
14124	7830 7981 3009 9769 9132 8697
14125	8327 2024 9283 7144 3277 2738 11191 4546 9173 8413 7487 2715 8897
14126	10386 10418 3050 3585 10584 11056 10030 11067 10911 10031 10598 11061 11065 10272 10717 10596 9544 11168 8544 9157 9764 11059 10021 10881 10520
14127	5326 3351 6231 4070
14128	6066 2606 173 3631
14129	8826 6923 9442 8825
14130	6736 876 3999 7248
14131	10024 10870 1734 661 3353 5011 263 8852 3341
14132	6690 6691 6380 5632
14133	11688 9894 11060 1694 8922 10583 11094 7188 10760 7243 11761 4885 1635 6149 7033 6152 11529 4384 1110 2985
14134	859 2369 6779 6550
14135	10177 5994 4053 10260 6253
14136	3845 3179 7776 1033
14137	8827 5646 10650 7943
14138	9558 6691 8883 2162
14139	6284 4999 1352 8214
14140	10201 11573 11164 2535 341
14141	9467 9743 8576 2731 9229 5654
14142	10368 10377 10078 10848 4775
14143	3897 7330 28 7081 6658 7317 7688 10714 10378 7561 8283 10560 5506 5469 831 10036 7224 10476 7243 9098
14144	3741 1919 243 1814 285 390 652 5353 1929 5507 3664 1917 722 5304 5785 289 1918 4148 1114 1524 2377
14145	10140 8945 8138 11736
14146	5435 1651 480 4990
14147	2460 9820 2269 8238
14148	157 5014 6396 6141
14149	711 648 533 649 798 534
14150	476 427 3855 3559
14151	842 1216 1252 727 821 795
14152	8718 10292 6541 6125 10767 7338 5624
14153	6474 7461 10638 9066
14154	4633 8094 10667 10983 8672 8842
14155	6948 8669 9438 3651
14156	8375 11432 8421 11616 11617 8953 9493 11099
14157	11208 7333 10024 11210 578 9364 7669 11538 8805
14158	1170 1176 1172 1173
14159	11676 11546 9274 2993 6222 2866 11640
14160	480 4480 3770 2813 2379 6426 4954 2843 6048 5598 4461 1785
14161	3455 4174 4126 2680
14162	1158 6222 9018 341
14163	2399 1876 2720 3318 2582
14164	133 6005 6707 7140
14165	4312 8085 10879 5064 8832 1330 8251 9569
14166	4166 9229 348 8144 9237
14167	8987 7382 4977 773 8398 6508 4525 4254
14168	168 21 4016 4037
14169	11332 3002 2278 10865
14170	10055 7801 11480 9864
14171	7382 4729 1794 5257
14172	2141 769 9645 1096
14173	857 1039 4625 2558 4188 3320 7561 1831 3739 7160
14174	1165 10879 10864 3301
14175	7059 3383 5054 3800 3970 6411 7545
14176	11012 9145 11578 9149 11579 11013 10295 10096 11680 9253 10681 10095 11034 11576 10776 11011 10544 9146 10018 10680 11306 10646 11712 10772 10777 11299 10682 10097 11577 9147 10773
14177	3395 1643 5065 11196
14178	10527 31 9864 7342
14179	4982 2460 1470 289
14180	7067 3194 10442 7095 8050
14181	1224 11224 10963 11092
14182	5838 5732 4481 9833 4455 9832 1944 7433 7432 9824 9825 9831 3169 7328
14183	87 3844 4281 5355
14184	3974 8842 5712 1591
14185	2647 5591 7699 10669
14186	6684 5634 2871 3981 2910 9659
14187	11637 5504 1394 674
14188	4898 5501 1291 415 5683 7919 6012 2316 8886 5911 6410 2358 3293 6196 2993 6287 5159 9363 1801 6291 5682 5259 1724 5897 3254
14189	3669 6409 1935 8065
14190	536 517 840 1495
14191	8198 8547 7462 9072
14192	6295 7770 1724 7697
14193	380 210 422 187
14194	2725 1584 4911 5843 2658 6487
14195	11628 9532 11404 11289 864
14196	3252 9443 3140 4871
14197	2188 4259 8134 6403
14198	11168 11724 10383 9727
14199	1815 3930 1781 9258
14200	4461 5372 4977 2829
14201	4378 8094 10891 7122
14202	11372 11363 7701 10996 8952 11362
14203	3172 5461 5457 5460 5503
14204	7399 3774 804 81
14205	10416 1423 1340 551
14206	3333 2780 5422 3307
14207	11124 4726 2404 9203 2207
14208	5098 4015 9294 722
14209	9921 11052 10928 10371 8485 11896 8448 11088 10894 8990 11056 10205 10506 8865 11515 11538 11670 10962 8478 7349 9727
14210	5464 6095 8575 456
14211	613 1018 1277 3346 4972 4001 2405
14212	9391 1772 9884 6013 7141
14213	2609 10086 9380 5298 7328 2575 2161 7863
14214	1561 380 377 1075 814
14215	388 7595 9392 10230 341 11156 5435 10231 10229 2399
14216	9810 6191 6380 9414
14217	1844 6867 6896 10366
14218	5782 11663 7248 63
14219	10022 8751 9229 3312 6503 3079 6253 6566 6400
14220	3732 2428 2163 1753
14221	5485 4670 3889 10696 7995 5707 10232
14222	5579 7328 4706 5439 899 9759
14223	9116 10895 9268 4040 8503 11738 10869 8811 10717 10506 11543 10707
14224	100 9118 8996 11554
14225	3296 7332 10479 5301 6482 779 6283 8786
14226	7464 1050 7867 10999
14227	823 3063 3185 5251 4667 6969 1217 2175
14228	6421 2446 2177 10556
14229	7665 10310 6200 8472 3505 10783 3274 10313 5964 10375 7768 8704 1376 11054 11092 5938 11058 2289 8705 10780 4649
14230	70 811 6679 72
14231	1714 6397 363 2158
14232	9578 7087 10351 5938 4550 7274 10503 10475
14233	11628 1781 2766 11221 9716
14234	775 7820 8555 3316
14235	5579 847 935 2793 396 1462
14236	11343 157 9941 7906
14237	300 443 2041 10809
14238	988 1143 1114 1110 799
14239	6067 3417 511 8957
14240	2081 3511 11218 3476
14241	6090 5944 3771 4501 3485 7719 5566 8800 10522 9673 4516 9349 11351 9862 7664 9790
14242	6768 3569 4412 7473
14243	6172 6019 7019 6906
14244	10379 1332 9174 770
14245	5398 5712 7712 157
14246	6482 2830 1606 2647
14247	11833 7459 9945 10257 11832
14248	844 260 178 199 259
14249	9528 8164 4047 7720 11332
14250	7691 11831 9230 11212 10587 9574 8938 9232
14251	10109 10155 4881 6274
14252	6774 3264 6145 2341
14253	3511 8572 1225 2527 8647
14254	3198 9326 1844 779
14255	5604 3346 5192 663 1898
14256	4202 9012 5895 5722
14257	11124 10049 8755 8436 1948 11633 10701
14258	4623 8442 7976 9230
14259	8428 10729 10941 10731 10041 10732
14260	9053 11628 7047 2579 237
14261	3847 1993 730 549
14262	2292 6807 4718 6009
14263	6906 7555 7563 5612
14264	4775 4542 8927 1135
14265	77 83 3653 85
14266	1252 3376 6671 6690
14267	1214 8008 10014 9605 9613 5225 9461 4493 2528 7844
14268	1734 7078 11117 9017 4762 11917 11431 11179
14269	600 58 371 343
14270	2640 3128 4069 2490 1828
14271	8389 8215 2460 4158
14272	5363 11614 8614 6612
14273	4832 285 4153 10018
14274	8127 6039 9051 3088 3615 899
14275	2841 11060 21 4706 10349 7903 11108 2715 2705 884 10663 9839 2571 8467 11348 9671 10502 9303 6836 9061 9894 10583 9895 11349 8865 10662 1493 10351
14276	10379 6779 11092 9557
14277	7651 4576 9720 9673 5566
14278	6371 1734 10865 8920
14279	2514 1894 3099 2410 4056
14280	160 5591 1116 5890
14281	6594 3860 4119 9459
14282	9099 1140 7994 10483
14283	9704 9209 7778 8673 6568
14284	9823 1558 1298 6094 5815 8854 9097
14285	7997 2989 5211 9471
14286	8954 7194 8560 9600
14287	10063 10343 11242 10066 11759 9564 8378 4134
14288	2416 7122 730 2460
14289	10547 1996 8608 7118
14290	1647 1789 2017 4122 1527
14291	7162 3088 1093 3942 3048
14292	2969 6955 1625 1584 2958 1671
14293	11383 5435 3009 4523
14294	646 712 625 713 519 626
14295	3264 4925 4344 1218
14296	5601 1638 1299 8672
14297	5979 7248 5975 7342
14298	10899 11293 6750 1839 6846 10580 1627 10856
14299	1661 6472 9331 8217 11485 8012 6097 807
14300	3437 3436 11324 11184
14301	9206 7857 11136 9179 11140 9183
14302	9167 11085 10031 11229 3280
14303	10469 8975 6351 2938 5277 5169 10197 8875
14304	4972 2075 1135 10315
14305	10414 4764 9682 10142
14306	10214 8077 6815 3905
14307	5 3298 1731 1734
14308	10341 8290 10122 1722
14309	8534 4728 11026 4649
14310	125 10077 3567 8605
14311	8691 10070 5556 11761 10386 6853 8565 7745
14312	2084 10714 2368 4084 10631 10740 4961
14313	7602 6040 9448 10990
14314	2973 6049 9814 7693
14315	2135 452 3304 3661 7640
14316	1890 6918 8457 3743
14317	6046 5958 731 3298
14318	9148 11110 4550 10262
14319	10515 7695 241 7005
14320	2698 4876 136 596 5320 2917
14321	10864 11126 6706 8444
14322	8463 4550 10510 10032 11195 5968 10404 8770
14323	1596 7349 11060 11837 11541 1279
14324	6311 9993 1561 6025 10171
14325	9179 4492 278 876 1597 3683 1308 2614 6585 6126 5756
14326	1337 9422 11860 3415 24 149 6306 11487 10837 2999
14327	355 11547 3316 1737 1790
14328	8604 6009 5219 1722
14329	9506 10999 9502 11616 11731
14330	10605 10985 8462 6149 2250 1159 8482 9164 9395 7831 10584 1411 5210 8461
14331	876 4768 7649 9380 1158 5624 7256 8207 2308 2174 5665
14332	7831 11628 5211 3196
14333	3389 405 2135 10031 7705 173 10108 406 404 9543 675 10032
14334	758 600 1440 187 375 909
14335	2194 1229 7306 3967 728
14336	9581 11602 9638 11536 11688 9542 11890 9231 11587 11575
14337	6699 4918 5136 6998
14338	7289 6764 6673 3034
14339	9255 5005 688 3234 6185 2459
14340	1537 9442 9441 2369 384 3177 9568 6267
14341	4018 9768 2247 4017
14342	3302 6266 2131 5136 5404 3982 6261 3847 1226
14343	8103 8403 6800 7378
14344	10431 6112 9599 10344
14345	7147 3101 7133 6009
14346	9299 6602 2181 6233 4827 5735 9566 7107 2700 2425 8967 11269
14347	560 1213 5878 9912 5876 3019 1146
14348	1617 5741 6920 907
14349	8653 10832 3627 9716
14350	9355 10409 5615 10989
14351	4123 6274 7961 9763
14352	10720 4622 1694 46 7261 11819 11075 5434 11666 4384 293 9164 9105 5406 11700 9286 10349 7571 5527 11600
14353	678 259 240 590 2094
14354	7321 6421 443 7702 1820 891 6858 5837 2501
14355	5729 8353 4688 2806
14356	11803 341 11796 7135
14357	7092 4739 4871 2746
14358	7923 4388 4391 5759 5989
14359	341 3816 11824 9736 4237 5436
14360	2526 3433 1972 2988
14361	6426 2496 597 3450 2614 728
14362	284 4683 2744 6329 352
14363	8357 3442 4119 8353 3827 7922
14364	10558 1936 3694 2728
14365	10013 10010 10656 10012 2894 6339
14366	11282 4831 7287 7181 2136 1612 1614 8220
14367	793 2686 649 1217
14368	11880 6562 11015 4994
14369	11430 1514 5020 2967
14370	6488 7188 5147 2524
14371	5857 7380 5014 4837
14372	3377 7110 7126 3372 7115 2566
14373	3664 2154 7188 7164 2510 2208
14374	1229 2204 5706 2001
14375	1489 7338 24 1633 11486 9422 10767
14376	3963 4438 4940 7044
14377	6920 9124 4169 4163
14378	5892 4631 3633 2459
14379	4231 6275 4829 7948
14380	10935 10662 11291 7975 9162 10247 6836 10726
14381	7151 682 1060 7357
14382	10197 7971 4931 9022
14383	4332 8444 6368 7231 8782 8949 4876 10232 1614 7238
14384	7666 7544 3351 9360 10263 10377 10609 8833 10608 10134 11266 9528 7990 10271
14385	387 808 7630 663 2966
14386	6547 10158 8717 2243
14387	2303 7114 1735 2446
14388	2283 133 2785 1032 1093
14389	4574 5038 8041 4508
14390	1402 8532 11289 2050 5392 4704
14391	4875 6871 96 7756
14392	7651 449 6544 8462
14393	8685 6132 3691 6662
14394	4548 768 2567 590
14395	9230 6904 2349 11720
14396	10055 8629 8379 10636
14397	173 5244 5212 6224
14398	8000 7099 9406 7648 5435 3119 10109
14399	3123 6396 2466 859
14400	10705 5573 7553 5807
14401	10728 10390 10393 4994 8430 10453 10101 11263 10389 11011 10343 10392 5712 10801 11242
14402	4499 4498 2459 5343
14403	1525 246 6298 3389 10606 9975 10029 11530
14404	9709 6381 3861 6357 568 3293 5275 10340 1643 2568 6948 1851 3854 1597 1890 3386 4554 3906 2311 4010 2128 4406 3304 4254 5005 10849 4 8627 779 4762 7644 1625 7122 6917
14405	1745 7879 6788 3163
14406	3243 666 7144 9489 2616
14407	2399 1736 9237 6842 9482 3960 3026 9483
14408	1370 5998 7720 7343 2181
14409	10077 7487 5625 2672
14410	7297 4163 4412 5430 3194 11097
14411	9033 11116 5949 9760
14412	3274 2597 10809 4266 11507 10274 9165 3204 10349 9270 10958 4267 10273 8074 8479 1694 11683 10315 8468 9972
14413	2021 9020 10216 5792
14414	11421 7803 7402 6512
14415	5108 9585 8237 5747 3878 5932 5011 6373 3449 9110 3884 8442 2967 7356 8118 3224 5862
14416	6075 5342 4031 8342
14417	1718 4157 1888 1898 311
14418	9200 7823 8778 8434 4406
14419	7730 443 2172 2254 3235 11425
14420	4413 3221 7665 6384
14421	3285 6411 4407 5910 4762
14422	10908 10899 699 4706
14423	8567 6797 6392 8894
14424	9462 2824 5002 2094
14425	8651 5556 4840 5439
14426	781 3534 5281 11346
14427	5233 8480 8574 10673 8503 11114 11655 10726 8505 10444 3051 9653 8939 2536 6022 6979 1968 578 7747 3059 10427 6497 10700 10315 9667 8445 10323 10723 10714 9636 3921 11025 10497 4040 11058 4227 6837 7688 9120
14428	606 2985 4259 2399
14429	774 3298 6729 5737 596 1975 2606
14430	2136 1661 63 1614 5812 369
14431	5734 9502 6715 1935
14432	10475 8921 10356 7652 8771 8487 8445 10828 9 9711 8506
14433	9459 9642 9130 11154
14434	9229 2995 4158 95 2899 6049
14435	1658 2076 1736 10478 4005 1060
14436	8964 7358 8920 4511 8280 10476 11892 9161
14437	9513 9493 11765 7032 2444 9501 11372 10524
14438	10066 6584 7499 7222
14439	4606 2208 1635 2866
14440	2685 5711 5801 1633 2887
14441	524 648 626 748 742
14442	10753 11089 8792 2071
14443	1958 9956 6958 4999
14444	5331 7394 6029 8945 8753 4244
14445	8890 2459 1597 1594
14446	1306 2811 2787 2399
14447	10185 8187 5435 7553
14448	8624 2892 1739 6788
14449	7546 7545 10362 1537 1466 3442
14450	10631 9223 11226 9204 9102 9205 10700 10784
14451	352 6550 9229 2769 2528
14452	7380 8116 8897 11207
14453	6551 8699 7670 4728
14454	5222 4265 1592 1846 4256 7582 1594 4257
14455	24 14 8870 9106
14456	1801 6948 776 2960
14457	6342 772 319 1725
14458	6558 8908 4031 491 6200 2007
14459	3695 10378 10987 6009
14460	6971 9270 4885 7920 10605 1382 4370 2849 4369 11349 4706 7503 2206 172 3033
14461	9756 11488 10533 9755
14462	1369 5980 5061 6691
14463	6632 10343 7528 5472 6630
14464	8938 8774 1616 3720
14465	9004 30 7228 3435
14466	5840 9967 9957 11898 11179 9927 11493 11065 11026 10669 11248 11702 11086
14467	9881 2772 4546 6664 9732 6049 4211 8277 10639 5593 2906
14468	3407 5325 4546 2143 4515 2181 9642
14469	2143 9134 3296 664 6542 7234 9461
14470	1537 2335 8253 500
14471	8413 7980 8085 7512
14472	7390 4693 2022 9229
14473	95 2018 8470 391 1698 7348 10671 1232 1233 7878 6361 7253 6216
14474	5028 11825 10219 11403 11274 979 10588 9558 7513 6244 10351 7515 6339 10441 2100 1422 2683 10606 2107 3050 10596 11476 1764 11558 3075 7512 3560
14475	5367 5802 256 1531
14476	3311 1915 4762 3339
14477	899 9681 5934 5450
14478	8491 9277 9356 7137 8286 166 8482 7269 8264 430 7155 5210 417 5449 178
14479	11821 11137 11139 11845
14480	8338 2517 3835 7947 7278 9602 5789 2454 4356 9455 6059 7480 2802 7069 7063
14481	8777 11406 9975 3228
14482	2013 11366 11364 11373
14483	1995 2749 2657 823 2135
14484	1698 6380 9907 2203 642 3359 3964 7398 1102 1350 2962
14485	10958 10606 9265 10483 7134 11403 4953 9119 10499 1825 9274 9164 8871
14486	9939 3267 7735 6512
14487	3695 8180 11614 9487
14488	7833 10028 5029 3508
14489	8546 4978 3999 6054 1654 4976 4974 11065 8899 8709
14490	8248 9080 7414 9547
14491	9173 7948 1801 1918 2234
14492	5070 8359 2260 10581 2413 8358
14493	879 4259 1929 7382 9709 2993 285 5857 2460 1116 289
14494	11110 8866 916 8493
14495	3215 6699 8152 710
14496	8424 10750 7145 10996
14497	274 238 418 1143 1127
14498	11279 11275 10820 10819
14499	10109 2874 4650 3455
14500	3500 3487 1874 1648
14501	9826 3919 9827 8996 9835 9828 9836
14502	2599 11740 11375 7924
14503	3919 7494 9407 699 6294 2575
14504	2181 8036 4776 8989 1330 1537
14505	6547 5974 531 4898
14506	2611 2734 3716 555
14507	10174 8484 10583 7348 395 10605 6974 10588 11672 4885 9099 8467 7669 10504 11225
14508	1060 9041 8162 6505 2963
14509	10918 7346 6836 10854
14510	10899 4461 4203 7607 2404 2295
14511	4560 4670 8037 5733
14512	10081 11278 486 11279
14513	539 4510 11319 5669 4953 11050 7318 4389
14514	1594 5538 2036 4462
14515	4177 3963 3704 1854 9975
14516	9412 4703 6114 8873
14517	7785 2109 8633 2033
14518	5594 2583 4065 9473
14519	2923 10632 11492 3965
14520	11025 10868 6073 9308
14521	1260 1302 1477 1282 1484 1261
14522	851 5445 7041 11168 3670 6680 6432
14523	9561 11173 1653 1888 6151 417 9727 10658 2487 8479 5374 10764 7635 1216 7540 8805 10383 9559 730 8772 7784 11538 10495 7072 8923 5088 4123 9366 11057 10716 9461 10397 9102 879 9225 10714 9720
14524	6498 6496 56 7228 4492 7231 1402 7240
14525	6662 649 9255 7521 531 4328 2482 4796 5331 2593 1896 2469
14526	6408 7908 11759 9512 11526 10911 6596 7280 9510 11524 8434 9515
14527	3067 9306 9484 4998
14528	543 1135 4863 876
14529	6055 11667 11080 4622
14530	2162 3926 3069 2151 1064
14531	10496 9670 10402 5696
14532	2406 1156 2408 4067
14533	4158 10945 11115 10154
14534	535 7782 6892 10368
14535	3612 10315 10937 3588
14536	1352 2029 1620 11467
14537	11208 7129 5506 8486 8445 758 11669 11091 3677 3383 1919 7082 5236
14538	7229 777 4978 1263
14539	10497 840 6837 8779 11896 5017 1076 6208 6359 11179 10896 9085 6980 11529 11666 470 6979 10516
14540	8442 6651 1060 10696 5125 10062
14541	4862 6272 7948 7949
14542	10892 10943 728 10786 10525
14543	11022 11389 10707 6529 5453 11017 8500 10570 6499 10402 8328 8805
14544	7087 11348 9286 7988 11890 11683 7337 7250 7347 9268 11168 7155 5797 4550 6467 9269 9276 7747 7503 8482 9167 11575
14545	5103 4175 7517 5995
14546	11291 1654 10563 11030
14547	321 5879 3639 8949 11399 1055 5328 7451
14548	10657 4124 7248 6585
14549	11404 9643 8196 9881
14550	7606 7484 328 8289
14551	6550 2135 10622 7857
14552	625 1536 1114 2628 2135 1541 728 292
14553	9230 384 11063 11913 4077 9234
14554	6528 7454 5172 7453
14555	11186 7 9929 2611
14556	7787 7788 8805 5218 6067 6796 9688 7878
14557	3504 581 8862 8382
14558	4499 5660 6503 8814 857 3079
14559	11344 7248 3049 1201 4002
14560	2683 1684 1866 612 2614 797
14561	2809 4182 3620 11696 4573 867 6558
14562	11404 9449 7947 6272
14563	235 3959 285 7720
14564	1970 685 955 6130
14565	159 2562 5890 7803
14566	4356 2495 289 6319
14567	2670 6274 668 5748
14568	1737 4918 4990 3889
14569	7766 7049 10412 4689
14570	2022 4876 3337 781 1615
14571	333 10655 9995 5450 10011 4979 1226 9884 10327 9992 1317
14572	9161 9695 9364 9362
14573	4873 3901 2322 4049
14574	10290 8674 8678 8683
14575	404 280 1996 772 1076
14576	1537 6302 4048 6887
14577	2531 4383 9689 1264 858 6187
14578	11304 5439 7307 3891
14579	2928 9471 9532 10527
14580	6606 2421 6991 2439 2440 7391
14581	8414 8416 8434 8019
14582	6345 9971 10461 10231
14583	10586 5580 8455 10971
14584	341 162 11421 10605 11642
14585	9122 23 11208 1509 11211
14586	2978 9483 2958 906 925 9481 9621 4252 10566 6852 2135
14587	875 8456 8453 8719 8313
14588	565 745 272 382 288
14589	11636 6512 2138 808
14590	6588 2084 9668 2036 28 9626
14591	6607 4504 2045 10149
14592	3373 11336 2992 8846
14593	4830 1549 3702 6138
14594	1219 1218 39 3525
14595	4046 10370 1577 11379
14596	2167 8535 7227 10984 8385 8122 10851 8934
14597	28 5489 4071 5490
14598	1222 4615 10055 4436
14599	1931 1277 1077 1268 697 536 1232 1236 780 1116 847
14600	1151 5652 4811 1214
14601	11465 10690 5688 11298 9596 4764 9880
14602	9301 9340 9881 7774 2452
14603	10865 5331 11694 8890 8035 9668 9181 9927 11138 9574 7589 5259 10186 731 11001 10435
14604	1839 11220 1459 1067
14605	10371 7273 10920 11293
14606	8438 8479 6203 8500 8820 7747 9417 9557 8785 10832 9968 9461 9362 5143
14607	6178 7837 5348 3381
14608	6740 11468 8342 10125 4014
14609	7268 8189 9291 4376
14610	4939 4740 699 11665
14611	870 1810 5353 3422 3926 10422 2433 4728
14612	5797 4550 5439 1708 5609 6008 4614 8468 1339
14613	8095 781 3007 6221 8838 3039 4805 1767
14614	4776 8536 2917 721
14615	2207 6609 5905 1983 10515 243 2917 5576
14616	973 625 1091 946
14617	5732 9066 4974 7008 7318 5962 9168 283 4720 7922 3932 1099
14618	4726 8165 2647 892
14619	4725 2196 3351 5999
14620	11729 3926 7881 542 135 3816
14621	11500 9939 11635 10269 11422
14622	10088 84 78 15 122 7338 111 103 10284
14623	230 973 3228 1918
14624	8897 5388 1164 9387 11848 7243
14625	3861 8752 2377 7381 4259
14626	10476 2794 7694 10378
14627	4562 9452 9482 9481
14628	6241 700 8118 4962
14629	3943 1071 2065 3253
14630	3346 5009 1135 3511
14631	150 2336 73 807 6774 11002 149 9471
14632	3480 4733 670 1390
14633	10538 9785 8086 9742
14634	1060 6946 949 8897
14635	496 7395 1948 9158
14636	9891 10827 1952 7736 3783 6819 7794 8096 6833 6964 158 8337
14637	5353 879 1046 3359 1584 2994 6307 946 2482 779 6871 649
14638	650 417 552 1035 625 1761 1062 822 386 799 928 798 830 840 883 535 649
14639	11622 11099 11720 11616 10913
14640	2155 1083 1505 692 9385 592 5399 9198 9192 9234 5610 401
14641	6837 10356 8445 8345 11515 7295 11381 9281 7373 4622 9695 11655 8921 10252 10810 10726 8488
14642	10047 10649 10827 11636 6990 7730 9891
14643	3711 851 2142 2181
14644	11191 11373 8327 1591 9492 11372
14645	4228 1763 4774 4293 4751 3982 2005 1145
14646	9098 6751 8622 7253
14647	11054 8125 9979 9255 9192
14648	2181 5007 5127 3317
14649	874 5042 5743 6606 1135
14650	2929 10259 8899 728 211 1372 10332 4153
14651	8050 6345 4782 1413 7076 8053 6044
14652	3255 2670 5504 8950
14653	469 1675 340 1382 2294 418 2293 251 983 637 560 335 331 944 1742 868 2008 2007 710
14654	7747 11897 8865 5445
14655	6764 4190 6552 5863
14656	6228 2730 908 8718 8806 8717 3460 3704 2829 5519 4039
14657	11498 17 11534 10592 10784 11326
14658	5096 161 3365 6169
14659	6363 7182 11669 8921 10720 10352
14660	997 3624 6142 11636
14661	5012 3663 2575 4552 6350 10256 4664
14662	2614 4507 6120 4472
14663	3815 9971 2693 6810 7122 3950
14664	821 567 187 275
14665	3106 4935 7840 7837
14666	9873 4941 8995 897
14667	4395 5298 11167 4281
14668	5153 6722 2399 5508 9276 5638 9658
14669	8588 5555 5400 5665
14670	10336 11471 5016 10883 3389 7088 9695 11349 11511 10511 10983 8565 10174 4393 11688 9388 9711 5468 7107 9543 8446 9278
14671	933 519 744 625
14672	7469 8952 8847 5274
14673	4600 6754 9568 2233 6425
14674	625 11093 7349 10726 11005 9268 11505 3711 1134 2743 5641
14675	6423 2179 2859 2634 2782 695
14676	7474 5117 582 180 301
14677	7243 9727 10721 11134 7242 3376 2460 5364 2461 7224 6803 9364
14678	3811 2614 7464 1722
14679	1928 11728 3955 2671 5198 6760 11689 10608 45 5199 8748
14680	4407 9597 6919 9941 8827 8225 11220 5365
14681	10380 6872 4886 8493 6035 5213
14682	6802 1204 4071 9142
14683	11836 10007 11181 11919
14684	1519 642 7435 3768
14685	1824 3026 1826 1981
14686	8862 11589 11913 11448 9237 9164 5700 11025 10511 10671 10970 10982
14687	2599 1058 3292 2076 2978
14688	1936 11634 6386 4589 6512 7248
14689	5251 5510 2586 4460 5516 773 3431 2636
14690	11857 11793 5936 7763 11858
14691	2877 11227 4056 2658 8532
14692	2172 2253 2596 1358
14693	7188 155 2895 3993
14694	172 3861 9769 1744 484 11028
14695	11836 11923 10007 11181 11835 11919
14696	11560 5005 10464 2993 11498 11284
14697	2668 4419 4542 1390 263 619 1676 5439 1615 2541 6465 9341 5277 9531 529 2041 2202 7593 4706 303 3177 7315
14698	4670 9642 873 10306 1649
14699	2641 2590 3409 2749
14700	2816 11197 585 4649
14701	2575 5555 1754 2889
14702	2101 3159 2541 2671 5665 8595 6475 93
14703	8230 10808 11339 10268
14704	10374 9404 10274 10807 11681 10504 2421 11243 11096 9232 11245 10406 11527 7745 10773
14705	1799 10708 10350 10416 8788 8157 10198 4253 3007 8444 9798 3860 3130 9002 2212 6107 10195 10168 10180 9001 2186 10892 9196 3289 11158 3524 10531 59 7624 7394 10162 10861 9921 269 10603 7627 8998 11157 11156 9690 4776 7630 10780 11155 2353 11254 7328 2185 4625 5610 5922 702 2720 9713 781 919 9991 2732 2345 3601 8355 728 6059 10167 7505 10706 9990 1800 3297 7868 10604 9274
14706	6892 6275 7953 7948
14707	9580 10861 10109 9966
14708	9777 6068 5260 7280 6414 5861 9593 9598
14709	11546 11535 11005 11545 8565 10720 11272 11505 11210 7088 5962 11476 11669 11208 9961 8442
14710	3877 8223 8760 8198 136 5893 7701 577
14711	5092 5922 1332 4718
14712	4650 3710 2181 752
14713	6412 61 1401 4254
14714	9891 6565 9659 7248 11663
14715	6043 8152 4812 1080 9346 638
14716	8436 7624 7245 7623
14717	1414 8944 7087 5672
14718	24 2726 8068 7078 5928 11550
14719	3384 3909 10187 10860
14720	4801 3762 205 3251 7214
14721	2996 8052 10209 9779
14722	7111 7115 8230 8990
14723	1299 5989 904 2459 1734 1851
14724	7676 2540 9517 9014
14725	9672 4598 7908 4622 6206 5125 10506 10507 7347 5117 10619 6176 8838 5938 10349 11402 8483 11511 10072 6481 8482 1164 5233 2167
14726	6339 529 1801 2796
14727	8101 8653 4962 8377 11373
14728	1035 1654 752 9154
14729	11294 8193 8269 8735 7119 6940 11293 8869
14730	5699 5426 10506 11419 699 10869
14731	8919 6306 5960 7660 9775 9091 13 82 2377 15
14732	8430 7621 10173 4896 7109 10112 9862 8808 8429 8428 7402 6082
14733	10088 151 8390 3091
14734	3191 10040 10411 989
14735	8672 6866 7441 4160 7122 11338 2066
14736	2658 3360 3379 4417 8554 6799
14737	7093 3047 6331 5777
14738	10888 11025 11418 9237 1936 11864 9387 11589 5208 10721 11676 11542 10497 10511 11027 11744 10516 9542 8765 9714 9231 7245
14739	9354 9134 7720 10959
14740	7745 10784 5570 11418 9356
14741	9024 4294 9023 8036 6169
14742	5894 5902 6892 7948 8914 7949
14743	2188 11383 5488 8593 8275 1881
14744	5372 7514 9127 9187
14745	11219 11021 11338 8928 581 10417 10388
14746	1080 9224 7231 7228
14747	8866 8461 10386 8489 10881 9 5210 916 1163
14748	7039 9115 1263 5439
14749	7847 9032 10154 9038
14750	2184 10583 1704 3959 3419 2972 5522 1867 1858 3535
14751	3686 2220 8570 27
14752	8772 8499 10382 8493 437 8495 10030 11060 1159
14753	2326 7517 4153 11502
14754	4118 3228 1542 5127 2909 5469 4168
14755	5336 5228 1728 11065
14756	9561 9559 9560 7725
14757	8145 3926 7596 5636
14758	840 21 1604 2451
14759	5435 5697 11049 10216
14760	1928 5589 7515 303 3215 4254 468 6923 5371 5368 4898 3868
14761	530 3173 3575 762 3921 10463 2150
14762	4153 3391 4870 566 4585 8125 11537 6855 8753 8124 11800
14763	9434 8178 6301 6527
14764	4324 4853 10441 11723
14765	7307 175 8856 6174
14766	3030 2234 2414 2841
14767	3982 3769 3196 11636
14768	3806 7089 11092 6943 10293
14769	429 4652 1593 9317
14770	7505 5417 2575 6059
14771	7863 284 5255 7725 8071 5280 6315
14772	1662 8444 5669 3129 5610
14773	7987 16 9422 9472 15 149 9619
14774	4065 5231 6456 8901 2227 2715 7649 7602 6459
14775	1378 10997 9563 1379
14776	7162 4233 8145 7434
14777	1594 3058 2295 1116 4502 6531 3505 7982 1597 5708 612 3859
14778	11116 4785 1517 8068
14779	8905 11297 10668 8927
14780	3254 11096 817 3641 6847 355
14781	7394 6903 4253 4254
14782	2877 5326 5401 5316 4413 2118 4166 4494
14783	3860 2993 4418 617
14784	4952 7444 4972 415
14785	2032 4457 614 3752 7383
14786	11008 9692 9789 10630 8507 10301 7672 10264 9349 11704 11351 8800 8366 10732 9601 9655 10300 11713 8560 1607 10731 10803
14787	8830 5578 11025 11504 9515 9306 7745 8796 7002 11542 9899 11234 10398 11544 11640 11543 11087 9513 11540
14788	9129 7980 9568 7512 6993
14789	3264 4925 113 1307 6472 2999 47 11386 621 3738 11288 8606 11748 114 50 2996 5975 10309 9779 107 106 8767 1447 118 9339 6677 9721 105 11568 120 10122 8689 9348 116 11175 104 3132 5978 5979 11002 10321 9857 121 2394 24 8012 3570 5976 6145 2998 51 2228
14790	2113 7328 28 7474 264 4258 3526 5148 5644 5357 5872
14791	6055 8495 1164 1159
14792	1594 6550 7546 5840 2236 1279 2540 3770 2978 7788 3346 9482 3311 1433 5772 2135
14793	1987 3158 5149 1999
14794	7079 7070 6320 5796 7876 6323
14795	7261 5578 7129 9570
14796	10228 10229 9898 9097
14797	9276 9131 4673 7831
14798	3802 6077 7484 7700 11164
14799	5383 4863 9459 9134
14800	7350 10827 9298 9943 9297
14801	11696 4581 6572 2238 8973 10059
14802	8125 5609 8410 3651
14803	8439 6369 8469 10048
14804	10122 6392 133 6006 10983
14805	7287 3204 10580 9883 1661 9988 3228 3218 8848
14806	4850 1201 9004 484 488 10757 5901 8054
14807	2969 7430 7999 2958
14808	902 3249 10308 894 6027
14809	10984 6905 6221 5219
14810	10756 8043 11090 1565
14811	2460 7869 5590 1837 9720 10854
14812	8480 11063 10352 4883 4622 10671 2167 7503
14813	10863 1204 1696 10438 4026
14814	3805 312 6751 2325 2412 6426
14815	583 11027 453 9101 680 895 452
14816	6366 5496 9312 8397
14817	4071 2788 3806 7297
14818	10446 3228 7492 3710 7145 8717 3223 11100 6246 8158 3676 9341 3321 5074 3927 7419 3926 6006 9920 5598 1829 1029 5948
14819	5805 11265 9401 9397 7719
14820	5363 10169 405 2138 8047 6343 3733
14821	2140 4017 10053 8996 8683 8677 8680 2054 11553 2906 8065 8063 1837 773 2943
14822	3485 9790 9415 3902
14823	4917 11210 11212 2165
14824	1055 596 4073 1544
14825	762 5275 3167 306
14826	8200 6214 1327 1194
14827	5439 7300 4108 3571 6765
14828	7699 7072 9276 7777 11267 4122 11418
14829	10410 10437 11011 10646 11609
14830	1352 1297 9135 3233
14831	6940 4572 8698 8704
14832	5859 7509 2232 10879 9307 5318 3346 6067 720 3741 4586 5311
14833	5331 6392 8125 10847 2993
14834	9868 8677 8681 8678
14835	11042 255 272 4598
14836	70 6097 2267 3527 3264 98 25 5782 5624 3653
14837	7418 6067 8321 427 8249 6425 4399 4650 9205 5371
14838	136 236 5905 1500
14839	4118 11168 8794 7072 9811 6950 5223 2753 10638 4158 2135 7030 3140 137 5510 4300
14840	10107 4704 9077 10631 9201 7801 9555
14841	1689 6613 7536 6288 199
14842	653 10605 4613 2583
14843	11355 11577 11578 11579
14844	371 4828 2735 3129 8357 6638 8123 10055 7012 6021 9291 9091 6214
14845	11649 11628 11637 11404
14846	4253 4259 4254 5668
14847	9118 4791 3973 1125
14848	7188 8830 9556 9293 10036 7745 9557 2181 9275 10665 7571 9544
14849	6909 6912 1790 9363 4631 1312 5011 2222 4745 6426 5867 11001
14850	10392 9400 10394 10344
14851	328 10124 5425 2580
14852	6640 4 8565 11058 664 10378 7018 11558 6792 11125 10404 9354 7346 11493 11025 5706 9387 11446 8926
14853	10158 7504 1393 10219
14854	3376 7019 5371 7188
14855	5963 5441 8520 9813
14856	5505 7882 5529 276
14857	4406 7295 617 7296 5401 1702 8254 4728
14858	10209 10202 10795 10215 11417 8048 7043 9885
14859	649 2632 1464 849
14860	5151 205 2299 2447
14861	580 161 10700 4072 10364 4267 11742 202 11180 199
14862	8094 5259 7878 3999
14863	1493 3355 3077 786 5079
14864	728 5638 4684 1060 3504
14865	2728 412 2998 10177
14866	5350 6938 8759 8698
14867	8861 8126 7006 7001
14868	1489 4344 1509 1239 1219
14869	1783 6852 6926 3951
14870	11597 10949 10281 10065 10066
14871	10766 6948 9667 10669
14872	6937 4584 4843 6097
14873	9023 9022 11582 8687 9024 10064 9026 9025 10040
14874	764 9769 6794 2614 2941 8940 7632 3504 9482
14875	7635 11700 9231 7242
14876	11351 10682 11714 4860
14877	11696 10722 9616 5165 2424 3247 2005 5211 6137
14878	9163 7568 344 5450
14879	7556 6628 6635 6637
14880	5439 479 3944 719
14881	3187 11087 8830 7241 11207 7072 7007 9085 5651 10497
14882	10762 10765 11293 11340 10962 4762 11300 1116 531 4259 11291 5755
14883	3976 3766 7117 1332 341 8165
14884	4830 11736 7454 10710 4259 4743 10137 7453
14885	1509 4076 621 1489
14886	8478 9541 8500 8466 7503
14887	8049 3495 781 3965 1324 6465 8066 5358 7527 10151
14888	1674 2131 2839 5665
14889	6030 5097 5280 4367
14890	597 3668 5258 4011 2377 3291
14891	6287 2321 2874 9932 9571 7010 9928 8354
14892	9234 6219 285 5348 5065 2651 1654
14893	6335 11645 7797 9023 4923 9025
14894	10981 5253 8247 6237
14895	2123 6387 9910 6938
14896	8157 10946 8752 8789 8067 4776 9067 10461 10877 10994 9531 4630 7863 10796
14897	9229 3969 2591 9689
14898	7716 5648 6075 8208
14899	4585 1299 4194 8827
14900	372 285 1853 234
14901	8808 9596 9682 8351 10451 10647 7979
14902	10926 2325 11421 2131 5047 9237
14903	1573 1588 2041 8883 1421
14904	5619 2937 3596 5275
14905	5756 7670 4650 6711
14906	5958 5887 6038 3478
14907	11227 9769 7072 10495 11305 6392 9384 9461 8264 9983 9388 11026 9387 11088
14908	548 2993 9724 4157
14909	8751 5860 11335 8458 8785 6244 9182 5307
14910	136 4944 6690 2421
14911	8408 9861 3478 6046
14912	2369 7742 8165 4254
14913	4571 7334 5560 7328
14914	10377 6425 54 6066 8119 7923
14915	222 7207 797 5675
14916	6710 6497 6570 5018 11064 11738 9284
14917	11055 8165 2975 486
14918	11572 11571 2565 6020
14919	7720 5691 9357 2984 10740 5509 699 4440 6838 7714 8330 4352
14920	2175 6799 1594 6558 7189 1597 469 197 3249
14921	10636 10030 4680 11252 10869 8717 10370 11539 10333 11831 10252 10724 11389 10992 10400 10923 10352 7599 6835 11231 7281 11817 10031 11305 11538 11179 7188 2006
14922	581 1754 7229 5588
14923	6996 10406 10784 10671 10726 7219 8484 9354
14924	6237 6377 4324 8912 7685 9084 3768 6238 8909 2459
14925	2525 250 4720 8268 7347 9022 10412 9004
14926	4128 2487 4131 11715 4137
14927	4976 10515 8586 2269
14928	7384 7907 11272 5797 6173 7330 6763 7081 201 10689 5814 7088 7416 11669 11627 6497 8600 6859
14929	9891 159 8721 8853
14930	4300 9733 1983 644 2388
14931	869 2791 9426 3708
14932	179 261 326 178
14933	7005 289 8442 9698 6009
14934	5228 11507 1412 3814 5610 1159
14935	8671 8625 7602 7478 11459 10118
14936	4373 5371 5262 4545
14937	9434 9822 6851 7849 3608 5612
14938	6956 7182 11069 944 10013 3979
14939	1524 7472 5040 3816
14940	4776 8714 5929 5928
14941	11053 11094 7255 11188 7337 8798 9366 9173 9078 33 6149
14942	7367 9568 7686 10525 11030 6982 11220 2969
14943	2764 4493 7092 4910
14944	7356 3703 10964 6658
14945	10770 11880 10041 11473 10806 10360 9151 8799 7417 10576 10804 10803 8828 7672 8476
14946	6919 7512 11821 1570 11220 11098 11136 11140
14947	2003 5150 3924 472
14948	3488 1816 2702 2619 3098 2094 1454 1924 2910
14949	9425 9776 8671 9740
14950	8492 8775 8466 6974 138 4091 11194 9711
14951	530 1798 651 1917
14952	11796 9406 10799 781
14953	1458 874 8597 10875
14954	11641 11823 42 10871
14955	1523 1119 814 1052 848
14956	5925 11307 2216 7757
14957	6514 466 10607 11271
14958	7962 657 2149 6522
14959	255 5203 246 301
14960	5574 329 10955 9961 11294 6905 9978
14961	10210 10951 10952 11352
14962	5427 5788 5253 4039
14963	230 6180 231 581
14964	3436 7558 3780 6931 4719 10585
14965	7248 4156 1214 7833
14966	7540 2856 6457 6055 1159 8499 6974 10570 7690 8770 4550
14967	131 10658 70 5975 145 4568 5976 5951
14968	8080 2070 8847 8413 2119 8412 3236 11099 4706
14969	4521 9202 10652 176
14970	5034 8176 6942 8274 6729
14971	9004 6344 10757 9480 10182 8019 10938 10149 6638 2801 1772 2502
14972	7747 11194 7250 10605 10269 11645 9989 9950 10957 6815 8481 8263 8991
14973	10346 10507 5117 4622
14974	176 8933 3747 4831 2247 3166 3834 2005 4649 1167 2093 661 6070 2743 4578 4218 196 3156 2212 978 10579 4053 764 181 6986 4301 4056 4005 317 1014 8739
14975	10046 1198 10827 10649
14976	3771 7371 7766 8293 9345
14977	7394 4876 4113 3963 6171 9083 3935 1381 1123
14978	5742 6626 4601 2855
14979	9390 11819 6203 10514 6298 7267 6258 9 8805 9384 1243
14980	963 7550 10101 6950 4343 9372
14981	11448 11476 5556 6835 11849 8488 11133 1067 9148 10609 9461 8505 9441 9134
14982	11485 3968 3991 8974
14983	10853 1887 692 2531
14984	10984 3695 6902 11399 958
14985	8813 10485 2602 8682
14986	4855 872 11359 4223
14987	7188 5219 8738 6552 4572 8898 2460 8885 8585
14988	10462 2161 3898 489 3928 899 7521
14989	5431 11008 7353 10784 3938 229 5133
14990	413 438 10066 362
14991	353 2002 10607 2676
14992	784 786 422 6332 626 625 607
14993	7268 10054 7266 7271
14994	2510 4329 5356 9134
14995	201 297 3376 4647
14996	11426 2208 9232 7368
14997	10695 436 9002 9439 10005 8918 8158 11155
14998	784 9657 223 1681
14999	7394 7299 2980 1083
15000	2681 7435 5615 6009
15001	5924 4123 9562 8238
15002	7041 7495 6159 5554
15003	157 6181 4049 3813
15004	8503 10784 11125 10671 10621 10021 10560 11666 10984 8765 10669
15005	9945 10411 7846 7426 7851 7841 11842
15006	11544 5556 10653 9578
15007	10151 10938 3986 8694
15008	5577 4546 2284 7383
15009	236 9422 7833 25 11175 1952 6306 17
15010	3057 8517 1593 471
15011	7110 7112 887 35 1374 6586 9230 2720 3532 8471 9095
15012	3288 3694 4323 5439 5241 122 199
15013	508 9220 10649 157
15014	11358 11569 9716 11838
15015	2427 4974 3732 5369
15016	2978 4178 2190 925
15017	3099 6222 7748 9113
15018	10205 2677 673 731
15019	6847 10373 5565 5040
15020	6120 3674 299 4250
15021	8776 7279 8407 2181 6422 7092 7938 8690 4679 5403 8997 7544 3110
15022	11152 11150 11220 9568
15023	10429 6754 3324 10956 11223 5965 8584 10430 5624 11767 10428 4968 6576 5684 5558 1335
15024	7005 4728 5633 3695
15025	67 3139 3888 1661 229 7338 9622 250 144 66 9226 9422 10309 5977 11394
15026	8184 4665 4876 8434
15027	400 2502 1928 5708
15028	9293 11825 7002 7018 653 11607 10726 10957 9099 337 5814 652 10378 4097 9098 6481 9137 11667 11220 7237 9203 2099 11671 11061 10958 11210 10511 6363 2934
15029	1072 3415 7037 4805
15030	8208 7808 7224 4575
15031	2967 1170 9822 3293 3857 3177 4545 8842
15032	6274 10014 6118 10906
15033	2575 11327 10368 5579
15034	5209 263 2865 11387
15035	6862 11636 6964 570 11422
15036	8039 7356 3085 7564 2212
15037	9235 2540 3889 6985 4997 6567 9438 4692 4351 6887 28 9931
15038	947 2120 1002 1277
15039	6906 9306 6431 10356 9578 6980 1825 5651 11348 2706 9603 10992 9848 5117 11654 11339 8830 11095 8448 5001 6732 10828 11005 9303
15040	11855 2756 348 7783
15041	7685 8397 6592 5477
15042	11399 592 10622 352
15043	10018 7997 1591 10803
15044	10275 10675 4740 11069 9695 6381
15045	6601 11580 2228 6166
15046	3020 228 2668 661
15047	1048 3279 4528 8846
15048	8116 3223 7707 301
15049	5356 4762 9134 9132 8356 614 8137 2239
15050	10509 11779 10611 11891 11780 8511 10518 6449 10403 8607 11399 10560 10516 11863 10514 10400 10512 11451 8518
15051	8124 1698 1688 7707
15052	922 973 1654 668 1493 1552 581 1137 625 1821 1115 386
15053	8037 2041 2319 2181
15054	10231 9629 11633 11636
15055	6030 2412 4254 2491
15056	603 934 1952 988
15057	9249 4273 4702 625
15058	9851 7884 9823 3657
15059	70 3888 7340 4609 2267 6462 4584 3365
15060	8653 11598 2746 8643
15061	8513 10514 10509 11780 3750 10611 10511 8509 10396 11863 11856
15062	2241 8539 6009 8330
15063	9297 7926 11636 9611
15064	4887 1818 8094 6776 10554 6051 2463 4755 2169 3016 9484 7798
15065	7501 10899 5955 11198 5260 157 7680 7792
15066	5848 3967 3861 136
15067	10216 10696 11571 10151
15068	7599 9305 10750 7785 199 7619 4254 1653 5308 10036 6538 4410 5940 2582 2603 10664 5830 9514 7927 5311 7507 8220 393 8205 6309 1463 6151 9042 10386 5345 11538 8468 8482 902 703 5427 3453 10021 631 2099 7082 6906 10372 7224 10724 304 7494 5354 11685 9179 4909 11520 7522 21 1528 2993 961 11702 6328 4706
15069	7457 9538 8998 8041 8434 9642 8871 5250 8997 9681 4118
15070	7338 4584 7956 806
15071	6138 3588 8266 6544
15072	11027 11063 8921 4224 8751 10670 11533 8441 10510 2100 6837 8504 10405 5887 9460 10520 10865 6640
15073	2028 531 1023 2032
15074	9942 8442 4670 4623
15075	8375 4931 4935 7840
15076	661 9354 5019 7153 7169 0 172 2765 5820 5322 11231 11227 7172
15077	10032 8506 7836 8505
15078	8429 9333 8664 8661
15079	2819 1818 7374 3612
15080	1068 4433 6137 9709
15081	722 3860 6219 774
15082	4718 173 6999 2357 5837
15083	3741 1436 1773 2032
15084	8554 10939 11266 6429
15085	1035 8436 2892 2092 2499
15086	107 106 104 1133
15087	4009 1798 1917 5106
15088	1911 6206 11179 7581 9161 9120 7081 8288 9390 5300 9638 6497 8924 4168 10441 9098 1811 8479 5940 193 6859 7669 11212 7011 5609 9230 9157 481 10377
15089	6220 2980 2460 479
15090	1343 5192 1184 5610 7117 2506
15091	8488 7503 7291 7878 9667 9711 8503 8770 11389 9234 9 10444 8487 3569 10506
15092	6299 7266 9277 9987
15093	5417 11019 10336 9175
15094	10892 11163 11077 7224 10589 7137 5230
15095	5718 4241 3908 3351
15096	1347 24 2675 2025
15097	6647 6349 8525 77
15098	4678 284 10675 1827
15099	11399 2540 10863 7720
15100	235 6191 1277 1930
15101	5862 5134 11173 3982
15102	1222 4435 10054 9618
15103	4917 8152 5187 6182 2054
15104	4636 5272 9680 2986
15105	7987 10071 6601 2062
15106	3878 551 2577 2592 9918 136 6422
15107	1759 9835 443 1051
15108	4804 1102 3575 772 172
15109	2522 4176 5504 7513 4949
15110	4025 8892 9638 8893
15111	2440 7328 9258 6409
15112	6606 9383 9078 9556 4672
15113	1581 5022 554 1348 925
15114	4300 942 11128 7496
15115	5174 3079 5983 1662
15116	6058 5060 8212 7087
15117	6392 9262 1811 7017 5275 2576
15118	2020 350 3967 3580 2421
15119	1174 6224 5322 4259
15120	1862 485 2435 1069 10865 9200 3341 3128
15121	11636 5890 4133 157 5695
15122	2917 8460 4542 10516
15123	349 5439 11288 1676 5624 1615
15124	9609 6791 7995 10376
15125	1631 2238 5130 3351 9480
15126	3844 9806 2784 1443 5225 8073 6254 10177 1359 2278 3790 8262 7560 9822
15127	7732 9266 8086 2181
15128	1441 339 7042 8783 3282 586 700 9173 707 1996 199 395 2590 429
15129	5972 8929 980 11089
15130	2548 3765 3764 6560
15131	11116 5040 3893 5645 7098 1811 4429 28
15132	11666 11688 7009 33
15133	10872 6222 8434 10835
15134	6470 6674 970 240 3752 2743
15135	9275 9230 2173 3280
15136	5149 3995 10756 3230
15137	9622 5977 7166 8606
15138	9919 3099 4866 2029 8938 2258
15139	408 519 1052 522
15140	11731 6527 11362 6568 8691 11363
15141	1771 435 9192 3912
15142	4821 11700 8484 3671 803 9105 6573 10511 9603 10252 9417 805 11546 1840 8976 4736 7444
15143	10922 10266 10928 10271
15144	9479 10414 10562 9254 9251 8293
15145	1583 6535 8794 10703 8136
15146	4679 11428 6054 7578 7673 872 6377 5905 9123 4828 11343 3860 8437 9556 8755 5363 8928 5573 4094 3664 4973
15147	4399 1128 4794 5357 5695
15148	127 9659 3139 7248
15149	1566 6724 5071 2950 1093 2069 6727 2109 5198 2358 8359 10992
15150	4042 10895 3862 3338 2985 11093 7384 4259 700 417 1222 6337 995 4390 7264 605 682 11060 10756 7072
15151	9020 781 8177 355 7964
15152	489 7518 4977 9100 2981 10527 7833
15153	4246 2425 4819 4811 2575 4809 9677 6571 7484 3101 338 790
15154	2577 5396 6329 3756 784 9173 842 2568
15155	10291 6219 6935 2287
15156	136 3256 11591 4165 1170 5240 7655 216 8137 4776 7917 7927
15157	8094 9377 4565 7960 10757
15158	5236 5939 8462 8492 6055 6499
15159	596 1504 4071 2142 5064 9436 4563 1184 10229 5134 3275 3734 8236 5714 8717 4640
15160	807 6480 99 3091
15161	3322 3278 8265 11506
15162	2026 754 2801 9810 3702
15163	10102 9793 1584 4299
15164	10895 11213 9122 8329
15165	10259 11654 7599 6499
15166	4565 2861 2029 4197 905 9346
15167	8774 11870 4628 4793
15168	5858 3610 2175 6103 5627 2154 9423 6076 3475 568
15169	598 699 7792 1323 1133
15170	1902 355 5259 3605
15171	7712 5712 7415 5903
15172	8919 2424 8879 8660
15173	1011 9377 7430 10676
15174	2614 7248 1402 2599
15175	3384 2084 6613 11607 3640 10621 9102 3224
15176	2686 327 8615 1222 6203 7639 11188 661 1738 3389 530 5555 7261 4834 6287
15177	9473 8006 11411 9681 9538 6343
15178	8325 2049 9729 6300
15179	4649 6109 4058 3015
15180	9799 9935 3604 6779 8379 1715 2327 8868
15181	8202 11388 3346 7595 4666
15182	725 2356 6498 1099 1138 5097 1837
15183	6834 664 904 3142 5426 7785 8830 6021 1308 4038 9701 5259 9592 11309 597 2657 6178 1901 802 4204 136 2963 9029 1763
15184	5210 11349 8484 3803 24
15185	3043 4931 11693 10689
15186	3942 5519 7329 3932 8165 9192
15187	8456 9585 8901 9065 7793
15188	371 7911 11801 8397
15189	11865 1096 7770 7030 581 405 786
15190	2376 10263 11716 9659 10608
15191	7078 8044 4624 5435
15192	7691 10597 7137 11435 6363 2099 6209 11348 6838 10784 5439 11058 3585 9695
15193	6936 9891 6438 11635
15194	6288 8445 6207 8503
15195	8607 11452 11781 8517 11891 8511 640
15196	7497 7346 2597 6996 8478 8791 11248 11070 10784 6649 7221 9989
15197	5393 8927 4424 1983
15198	11769 7724 8650 11770
15199	6380 2119 5989 6020
15200	8878 4127 8272 1263
15201	11 2998 3397 7248
15202	9344 10385 7554 280
15203	4254 4253 1702 6903
15204	2167 1150 5999 6998 688
15205	1911 1928 3065 2899 1856 4236 1116 9461 10357 3512 1696 11674 7512
15206	1055 4811 3455 8125 4508 2577
15207	3386 1349 7435 5283 4829 4109
15208	9566 9563 10696 11370
15209	9092 7406 10128 9973
15210	7447 8147 4716 6605 11404 3723 3107
15211	123 5812 9734 8946
15212	254 1033 659 1928
15213	728 6916 3759 10229
15214	3131 1837 6301 3227
15215	3737 972 8337 10046
15216	8752 9695 11433 6207
15217	2336 24 3922 2996
15218	9181 10641 2760 9814
15219	805 1613 803 1390 1661 2218 261 621 228 9346 176 1738 183 1615 2721 2556
15220	7443 11193 1547 1369
15221	808 2124 5830 6750
15222	4659 178 4070 4660
15223	5209 9631 7335 2105
15224	9204 11822 11136 11140
15225	5023 2063 663 823
15226	11663 9659 7248 11001 7300 2287 7833 172 6306 8564 882
15227	4409 3720 9358 2346 5266 4045 2885 4578
15228	1898 10315 4259 7162
15229	8404 9452 7875 9364 9561 4334 9560 8968 1691 9559 7410 8325 9272 200 6244 9523
15230	8220 8327 8219 8183
15231	4874 10418 4510 9170 4325 9402 4130 4145 4662 4137 9171 3737 4860 4550 8281 5470 4132 4131
15232	3870 4424 8929 678 4608 7002 3083 1359
15233	6691 7533 9362 9223
15234	2980 1035 8842 6842 8797 3999 4407
15235	7438 4877 1118 1569
15236	10389 10431 2289 10728
15237	6200 10913 7352 3231
15238	9178 5309 7425 6388 820 5312
15239	8004 7932 8005 8003
15240	10267 8451 10967 3663
15241	7100 10527 8689 4033 5765 2856 9659 2281
15242	902 230 6837 4699
15243	8225 1722 2382 5649
15244	1886 2092 1828 5191
15245	2631 1487 2993 2357 1981 3987
15246	5948 280 199 6006
15247	7016 6713 7535 2540
15248	11425 8386 8831 6512
15249	3389 10598 11226 9764 11052 5620 11056 10663 2794 3453
15250	10045 11288 8135 11501 11487
15251	9886 11215 11094 11269
15252	808 495 6953 454
15253	2540 11287 5636 4258 5501 5402 7696
15254	9197 7477 1729 4948
15255	6434 8368 5515 6593
15256	1225 1499 2867 1856
15257	6223 5660 6444 6503
15258	3416 4609 1661 8139 7338 8390 9779 9988 10127
15259	3072 2540 5259 5439
15260	7545 10146 11882 5929 5928 4235 11468
15261	9082 6938 9083 5134
15262	8259 6997 978 7677 10620 2501 9501 2186 7021 9897 826 4277 7806 8225
15263	5363 651 4812 10290
15264	4762 5292 1918 3741 9234 4572 7378 7005 4941 6871 2956 4449 4814 8266
15265	3094 1615 8161 7266
15266	5308 9179 7425 9574 7819
15267	3727 1353 1173 1172 9889 1175 3346 4674
15268	472 7797 6324 7349
15269	10049 10706 9668 3401
15270	3470 1486 1836 5526
15271	8071 7292 5504 6540
15272	4288 1407 1455 5409 5248 3816 10575 3948
15273	10913 10765 10658 11621
15274	11067 8854 5471 9359 11274 6017 6891 10596 11539 11094 9950 11059 9826 5427 8980 9099 7072 3252 3999 11702 11526 11052 11054 6319 6148 10383 11056 8793 10918 11537 7245 9424 9260 10313 3011 8981 8272 9044 10037 9098 1009 9364 10595 9293 9828 10629 7745 9965
15275	3391 3861 4233 4833
15276	65 63 6306 7660
15277	8137 2424 7424 7720 2926
15278	10961 11051 10540 8434 11219 9332 1563
15279	10405 9711 6614 10686 10920 8446 10252 10721 9541 7503 6735
15280	11423 9287 11421 9080
15281	8407 11725 11865 6217
15282	367 975 1974 3594
15283	5329 9626 5137 4962
15284	5612 9838 1055 5353
15285	7843 4602 7010 8233
15286	2791 5745 10798 4097 4776 7461 7094
15287	11097 5225 10922 7780
15288	8573 157 858 5701 3996 10669
15289	5372 9808 9229 10553 8165 10356
15290	10295 11756 9599 11299 9986 8023 7367 7370
15291	2587 1023 3947 579 4959 7219 3749
15292	3862 581 1572 9610 4573 1332 8125 1540
15293	2535 2510 5032 7142
15294	10122 24 218 11404
15295	9398 5473 10343 9720 9171 9169 8975
15296	3334 2817 8813 2413
15297	5020 10154 7058 1171 2277
15298	3671 1446 3550 2218
15299	1984 2568 1519 2234
15300	1010 7686 2540 8538 7752
15301	8631 2169 4119 1994 3386 1170 663 7435
15302	11619 11416 11621 11620
15303	10219 2379 3981 9713 8311 4448 5890 7833 7248
15304	9834 8152 4421 2932
15305	3651 2041 2375 8657 4221 2695
15306	8483 7493 7539 10506 10507 10346 10032 10380 8481
15307	6452 577 8046 7958 1222 341 8555 6748 1549
15308	4881 7933 7948 4643
15309	1538 9248 10001 7599 555 2575 6585
15310	6006 495 1634 3008
15311	9429 10997 7733 10910
15312	4627 8078 2070 9452
15313	11619 10999 11614 11686
15314	10163 8550 471 10177 8563 5123 2851 896
15315	8514 1150 2019 11197 2667
15316	8932 4919 332 331
15317	10492 7234 10333 10135 11671 6309 8919 6733
15318	3622 5728 801 6118
15319	10505 3388 1561 9643 1654 4461 4849 8938
15320	688 5399 3710 530 2352
15321	715 1602 8539 7377
15322	8218 10549 1470 2830
15323	2603 2510 9688 11604 4161 6186 1638 8572 4000 2131 5008 2612 8144 1019 5140 3301 4197 1024 2786 1264 2169 4166 9453 770
15324	10527 9659 11663 7833
15325	7557 4320 3833 10821 10822
15326	11196 10825 10714 644 10824
15327	3628 9239 597 1767 1068
15328	7852 1318 1569 405
15329	344 2786 8920 10109 7907 2540 9592 1099 348 4441 8827 5216 2135 6307 724 1931
15330	3243 2835 1279 4038 1048 5074 8151 3311
15331	2801 5595 4678 8594
15332	5933 6496 2003 472 2613
15333	6208 8486 6838 4224
15334	728 1524 2640 1828 1053 10230 2861 7013 3035 8354 10713 8320 2459
15335	6206 11052 9277 11093 11669 11830 9046
15336	1935 2514 27 1048
15337	3293 3298 8842 731 8619
15338	1383 4203 6671 4623
15339	3886 199 4139 3391 3252 1490 3666 3710 5246 3047 1067
15340	739 842 697 747
15341	7887 8245 5137 10288
15342	7529 5194 2025 2192
15343	9591 9623 9615 4399
15344	3215 6794 8339 11214
15345	8729 7174 6228 2128
15346	11512 6229 9975 7002 7082 7010 5609 10370 10379 11078 9558 9983 9461 6969 6529 10854
15347	7387 8897 4508 3695
15348	5911 10186 1359 8091
15349	8633 6003 1919 1918 7789 4647
15350	10178 8334 5638 10203 4297 10225
15351	3034 10055 7266 6173 10056 5772 11507 10054
15352	9591 6803 7720 1962 9461 8740 5489 6251 3768
15353	3932 569 3924 5202
15354	1982 1722 9490 1330 11256 8847 7546 7124 3298 1073 4643
15355	9912 1083 4259 11399 6220 2019 9604 11397
15356	1898 7696 2460 8735 1116 3951 284 8403 7224
15357	3300 7717 6079 7823 10268 1407 1764
15358	9824 341 4776 10080 3948 6598 6339 9018
15359	5554 631 7712 2575 981 2931
15360	1464 11636 1076 3661 4314 8611 8105 9520 8250 10117 2635 2909 5681 842 4101 3390 3980 2643 6397
15361	4315 8261 7330 820 9064 4536 7019
15362	8852 8094 4493 11477 6389 7117
15363	9948 3814 6878 6877
15364	687 397 581 535
15365	3888 7832 73 788 7930 7502 8012 1309 10767 10942 6610 6937 3791 1949 4344 7338 9618 621 4224 805 9721
15366	2540 4252 9760 7386
15367	7787 9592 3541 4948
15368	10334 10716 11054 6209 7243 11653 11091
15369	5525 10936 10165 11796 9039 11917 11806 11873 6908 10950 10158 6225 11799
15370	5435 5863 2610 4479 7978 1730 11276
15371	4191 1696 7229 6124
15372	6274 4255 4859 7952 5394
15373	10199 7301 9538 4776 11798
15374	5309 5859 7424 7425
15375	8707 6978 6062 8944
15376	6496 5841 6498 6411
15377	6948 530 1155 2196 3615 5014
15378	7100 2143 5999 5585
15379	7248 4971 368 888 1661 2675 6077 2910
15380	1740 10789 6306 24 11002 2341 6774 293
15381	11010 11531 8023 11258
15382	1926 4474 9982 5480
15383	38 10284 36 8946
15384	5624 1489 6415 6306
15385	1734 5216 10850 4406 9232 10462 8727 2014 9227
15386	4473 672 2463 1444 534 5370
15387	6540 175 9291 6980 1295 4849 8526
15388	10669 9009 6006 10177
15389	11707 8419 11614 11616 8414 11708 9777
15390	4299 5399 2312 355
15391	3494 1799 11061 5736 4773
15392	3349 1297 6029 4275
15393	10208 10207 10467 10067
15394	2377 8298 9033 581 776
15395	10982 2958 10156 10853
15396	197 6814 3133 4977
15397	8086 11665 4833 3750 6290 7184 290
15398	3656 961 3043 2117 8262 7869 4967 6030 5335 419 1837 2933 4018 1750 865
15399	9332 2533 3523 592
15400	11561 1696 1038 1039
15401	6067 617 2604 9534
15402	10841 7823 6234 2124 8413
15403	7682 2372 6690 3508
15404	10441 10108 7010 10507 11228 7033 11512 4550 10348
15405	7011 10250 9672 5102
15406	2057 3311 2059 2463 4998 4700 5518 3165 682 596 4309 3504 2005 1702 1044 5796
15407	8715 2462 7092 8071
15408	5259 2000 4533 4
15409	478 435 10177 5709 2124 7494 6054 4026 773
15410	11663 10527 7248 11730
15411	580 2683 1247 2703
15412	479 5820 5571 10459 4706 1771 9273 175 10507 10368 9062
15413	8926 9460 10494 11536 9637 10619 11272 1968
15414	1008 2124 1800 1798
15415	6819 7926 165 9433
15416	3729 6377 3311 7104
15417	536 739 1143 625
15418	679 1928 8593 434
15419	9423 3391 3276 7451
15420	11288 1238 128 4583 4091 3672 3363
15421	722 5370 6220 7005
15422	285 1146 2299 1279 8546
15423	362 6107 781 10580
15424	7370 7455 10564 8265 8126 7268
15425	1360 1104 1282 1259 1319 1249 1105
15426	4983 8933 9769 1811 10850
15427	8896 7859 9650 4169
15428	9481 9482 9483 9051
15429	6117 11842 4281 7276 3023 6233 2675 7095
15430	4108 2361 5012 1498
15431	2984 592 10104 2460 11022 2181 10214 7229
15432	6402 8291 10320 11008
15433	11441 5999 11112 3904
15434	9877 10618 7020 9118
15435	6359 3141 776 7543
15436	10768 8021 2137 4670
15437	7005 9928 8536 2540 5363
15438	9481 6274 9511 9493
15439	11023 9398 6721 11104 10393 10245 11465 10392 8670
15440	6956 10699 970 4987
15441	8901 6325 4574 7215
15442	2163 5435 1374 9155 3145 7105 5259
15443	11132 10026 11305 9363
15444	10672 11249 11669 10507 8478 9670
15445	5367 292 2781 2829 2599
15446	6076 8732 8205 9756
15447	8813 2602 10581 2146 6787 2145 8815 3334 10295 2160 5196
15448	5762 1116 3346 3999 3861
15449	6447 7630 11093 7628 8642 7623 7625 3231 2871 6928 3260 10699
15450	731 2611 2362 1865 585
15451	6379 11214 11216 9291
15452	11338 11424 11421 9164
15453	3442 2975 808 3057
15454	7248 5624 4584 4195 6116 11663
15455	5885 341 5266 8465 5275
15456	891 5927 4754 11876
15457	5553 6130 6880 912
15458	9235 6426 9133 9101
15459	2263 6091 11287 5435 6140 9810 4495 4388
15460	6222 2873 4796 3351
15461	11044 11043 11132 1654
15462	7077 9054 7099 2536
15463	2685 3403 2849 2705 557 2327 3843 3551 5775 2718 3967 369 2365 673
15464	4548 4669 8356 9483 9481
15465	10502 10504 8402 10931 11587 9927 9961 10671 5468 10315 8976 8776 10499 7494 11529 10503 9361 8468 7063 11544 11897 7277 1694 10379 4978 11471 9547
15466	4071 1800 7643 258
15467	6281 9134 10336 2976 9291 9559
15468	3202 7765 2272 8299
15469	9826 4929 4930 3945 7203 3255 3611 7328
15470	8354 4742 7414 8113
15471	8564 9405 10579 2969 8562 925
15472	6858 1918 11211 11676 8503 8486 3569 8504 9278
15473	5370 2944 2740 4971
15474	4233 7005 8751 1918
15475	431 1184 7239 2824 1101 7700
15476	5911 2059 7610 7611
15477	3339 7716 7122 2621 8747 5648 9353 2295
15478	3861 398 3059 4679
15479	8152 1329 5518 5363 6585 4084
15480	2299 8442 854 1865
15481	7514 10863 11270 11399 10622 10520
15482	285 4677 8124 9447 6220 3378
15483	7754 7343 9592 7741 5766 5942 11729 2181 8597 7683 448 8827 1730 2614 9870 2610 4526 5142 1738 8457
15484	867 9441 11179 443 7885 11807 10768 6801 8608 459 10899 5060 11129 9236
15485	6181 3937 9659 10527
15486	897 2128 1150 3619 2063 1222 4461 4238 2887 823 731 2153
15487	9929 1696 2490 2531 3649
15488	10606 1908 6111 9277 6445
15489	2791 1554 869 1893 6756 5041 8599 6752
15490	7248 355 5890 2993
15491	2944 5840 2169 8631 3073 731 5087 7606 3215
15492	1387 2365 9920 481 7683 10397 175 5041 3076 8659
15493	11126 8541 10069 8511
15494	8264 4158 274 9272
15495	8224 9598 4331 4957
15496	11663 10527 7248 7833
15497	2978 5840 3437 731
15498	4224 4859 177 2575 3389 10349 6190 7002 10507 8596 3024 9394 10506 9286 10584 4798 3139 3280 11053
15499	649 2938 1210 1116 797
15500	10863 5999 2989 4948 6713 1929 9688 5401 3376 3942 1204
15501	7648 11791 6823 6824
15502	11217 11553 3880 2948
15503	3560 6867 9276 7034
15504	5274 4258 4262 5267
15505	3985 9688 3741 2848
15506	6239 2830 1772 6379
15507	11628 2515 11626 11649
15508	2762 3275 3965 3257
15509	2041 11404 157 7248 7300 11359 11403 11271
15510	10073 11512 6174 10053 11801
15511	11179 6549 4670 7513
15512	4837 4026 5257 8669 4547 7429 3119
15513	2993 4972 592 8912 3340 6379 4069 5014 6938 1084 6392 5372 8938 2295 9638 1898
15514	1566 10484 4706 6731 5021 8281 1708 7994 1188 8854 2688 1192 10402
15515	7587 7583 9186 10015
15516	5794 2460 3177 6222 3844
15517	4636 500 11642 11645
15518	11505 10957 8493 7134 46
15519	1464 1131 1206 515
15520	10498 5216 8123 10641
15521	8522 2001 3734 2956 9679
15522	4973 3861 7057 2913 276 5462 5749 6982 2333 2540 9230 4898
15523	2175 5151 2613 5565 7317 5858 7188 11149 4328 10861 6367
15524	9293 11058 8502 3569 8489 10520 4040 9384
15525	9249 3637 11817 8481 2619 11057 7771 8374 3227 11179 8883 6837 3455 3762 1151 3982 1956 9355 2022 10426 7260 7498 3824 7019 9461
15526	5803 7551 8300 6629 10239 7261 10100 2486 10522 8303 6631 6634
15527	7979 7834 8351 4576 9029 4579
15528	5941 4521 8896 2212
15529	345 9424 1318 5610
15530	7761 8714 9519 6764
15531	8688 3250 4922 8854 786 7237 9023 7403 1270 1006 8953 3392 5153 4920 8434 7185 1141 4242 7328 5492 8074 5504 1445 1761 4070 534 9022 9513 6131 4915 3967 2624 661 9027 9504 9099 139 7200 8596 9571 4489 6208 5203 1488 8433 8421 10040 1126 643 7280 8687 1434 7019 3673 2264 10262 4065 5248
15532	11025 6267 11542 11575 9388 8486 1411 8551 7975 9961 142 11673 11088 7002 11831 10427 8487 11212 9620 915 10689 8482 11210 11433 1968 10588 10629 9461 9290 6836 9384 10499 9167 7072 7541 9547 7330 10315 11587 4277 11544 6467
15533	473 568 1605 1361 700 3298 2292 7558
15534	7036 21 1745 8087
15535	8996 10467 11553 10146
15536	5267 7470 7195 7465
15537	9555 8881 7828 8458
15538	11565 6474 10400 661
15539	438 266 236 3139
15540	3452 6416 5384 6563 6562 7020 3485 6951
15541	9059 9073 5311 5309 7300
15542	1506 6308 11663 9432
15543	3890 5830 6216 3057 8480 1215 380
15544	2663 9377 9295 4845 8722 11150 9117 8520 5259 4542 1631
15545	4473 1828 5910 384
15546	380 5478 408 5154
15547	8994 85 4831 8767
15548	5218 9233 4153 8211
15549	418 5860 1675 5312
15550	6699 4366 8710 10879 614 6262 4365 1981
15551	6974 10151 4298 8483 8269 8654 10760 4923 10174 8492 11144 135 856 8775 6173 11886 8481 6971 9670 1125 10503 11434 11212 11504 10584 4783 1419 11114 1602 11061 6190 11227
15552	6664 2295 2296 0
15553	1277 5509 2865 9142 2565
15554	8736 10947 7783 11119
15555	9005 8474 6348 7452 9007 7093
15556	904 11210 3999 4063
15557	9115 1059 11208 1725
15558	3594 5948 1728 5746
15559	4583 3102 98 5259
15560	11671 9167 11057 5476 5651
15561	5181 2813 4916 4812 2355 4837 2358
15562	11403 9975 11269 11404
15563	2342 1371 5284 4478
15564	6128 10224 4536 3100
15565	6392 2828 3861 3978
15566	2754 5344 2906 6525
15567	6577 11421 7803 6157
15568	9505 9730 8180 9502 9670
15569	6516 11154 10696 3624 10631 4832
15570	8379 10177 8565 5163 6135
15571	7003 4103 10590 531 7188
15572	5609 11544 8492 6975 6499 10351
15573	925 1999 1100 7980 4295 703
15574	11339 7797 864 7894 4876
15575	536 842 649 533
15576	5125 5378 9381 9380
15577	227 4065 2716 1264 9666 8717 2304 3717
15578	2890 8691 3511 2037 5073 5518
15579	6980 8403 11070 9046 10560 11909 11168 8726 11182 9165 4622 10336
15580	10906 6244 6315 10899
15581	1528 4793 7133 4178 6767 7098 8078 6638
15582	11055 2232 5266 2092 6549 3506 11552 11477
15583	11664 11521 8019 8216
15584	5291 11587 6030 3891
15585	8935 8318 11404 1518
15586	9825 1569 9827 8980
15587	5057 8288 3719 1417
15588	10158 6124 6712 11679
15589	4295 4696 11625 8641 8642 11782
15590	3224 6373 9559 9565 6369 5108 2464 2017
15591	5413 6126 6221 1333
15592	355 7435 6684 6953 8510 4603 6067 4430 7211 1023
15593	11861 3860 7525 2802
15594	2535 1722 1929 500 664 592
15595	7866 4599 4794 7078 7077
15596	4406 6272 8012 3162 6648 1851 7002 7006 10653 2612 10378 8773 2660 8497 2993 10670 1297 5388 11353 7540 5086 3332
15597	1489 3888 9988 11497 11127 7338
15598	5048 8753 3291 195
15599	1906 1407 4301 6691
15600	9234 5400 9541 1116 1840 970
15601	1506 3671 4152 806 5621 3264 2101
15602	5777 3177 4755 3381
15603	11241 9563 10977 10980
15604	8169 9207 11174 6456
15605	7627 7623 7624 7662
15606	4905 989 10195 5209 5270
15607	5439 4843 10212 1508
15608	1552 6226 10568 7389
15609	1060 7907 9661 6585
15610	3736 1588 2406 9716 10593 10202 8041 8556 8255
15611	2884 1443 9316 9322
15612	9345 4579 5944 5566 8560 11007 10297
15613	7723 10258 6819 10046
15614	11101 9481 8987 2809 8911 531 9134 9015 6950
15615	3526 10248 9668 8356 7460 8354
15616	1918 4056 1802 3805
15617	1659 10329 10012 10011
15618	5008 4633 11780 10511 11781
15619	11086 11906 11890 9083 9899 11671 11675 11574
15620	9391 264 2267 10061 3927 30 8264 1829
15621	8162 3170 8272 4362 251 8854 7250 1562
15622	7686 6172 7860 8720
15623	2105 5964 2380 5929 1864
15624	11491 8658 10007 10257
15625	11819 11600 10653 9085 10037 11063 10723 7988 7373 6996 11080 9578 9711 11210 9231 10842 6209
15626	892 7630 10735 6998
15627	9418 3861 4983 4233 10675 3884 8050 284 3878
15628	10792 7246 9429 11145
15629	11131 10800 10714 11000 7589 11283 11132
15630	5670 234 280 3285
15631	2206 6549 2616 7978
15632	9834 2228 7262 11636
15633	9134 1487 728 9568
15634	6127 1922 3699 4610
15635	8266 160 10422 6486
15636	10605 10055 10059 10606
15637	575 1843 175 9267
15638	657 6517 8249 10315
15639	11404 173 7383 7517 7560 1627 7980 2967 4493 5363 5583 7512
15640	2097 8215 6537 6382 2838 2948
15641	5605 2207 786 8590
15642	8158 11212 8717 284 5281
15643	4590 4948 10074 10606 4436 10605
15644	1919 874 5371 417
15645	10094 10093 10096 10095
15646	6694 7512 5360 5378
15647	1487 1662 4705 7974 2428
15648	1732 4420 2371 3908
15649	768 2154 1799 564 4750 823
15650	6462 3940 6504 8139
15651	6360 8627 891 4608 1068
15652	1514 6730 6612 7383
15653	45 2611 3346 1638
15654	1010 1299 2828 2068
15655	5001 9629 11100 4845 10311 2960 2463 3128 4899
15656	2975 7707 7513 11179
15657	11621 11706 11707 11620 11708
15658	726 3768 2721 1734 699 879
15659	7599 2160 10417 8117
15660	11125 10426 11220 10500
15661	3682 720 2516 1948 246 2296
15662	6694 11842 7792 6489 9760 5723 4458 11553 7914 4917 11548 11721 7912 11442
15663	11179 9441 2463 10520 2460
15664	8658 2062 11833 11834 10007
15665	10920 6346 3220 7729
15666	10700 11168 10696 11277
15667	5976 2394 5624 7342
15668	8920 6596 4040 6152 6209 1163 11905
15669	11437 10691 11187 10690
15670	6703 1868 6388 4219 2851 1810 4271 11212 5307 2599 4350
15671	6973 5453 9764 8775
15672	6133 1800 2757 2078 7917 5040 3388
15673	8484 6207 11602 10721 8482 7784 6394 167
15674	9206 9825 7974 7142
15675	5245 6549 5450 5246
15676	263 4728 2971 9282 10899 8532 11220 2286 4676 8833
15677	10535 6420 5438 7312 1941 10768 4688 11688
15678	9352 5609 11825 6148 7250 7087 7417 11463 11054 11586
15679	9719 9563 9230 7733
15680	8778 7933 11587 5994
15681	280 10984 2056 5165
15682	4706 10115 1487 11179
15683	1356 11404 5245 4470 3070
15684	1863 5576 4719 1755 2425
15685	2219 11404 2224 6449
15686	1584 2104 2268 1935
15687	4214 7068 5792 512 256 11179
15688	5027 5052 1811 3194
15689	6499 11676 8461 10032 7920 7691 437 11675 9362 10346 8488 915
15690	6154 11210 7374 5474 6153 8717 4384 9702 657 7383 10336 8446 9 8442 11653
15691	11112 11716 9437 11251
15692	1739 7123 10163 8863
15693	11788 11787 11763 11661
15694	11843 10978 11297 5436
15695	4737 1681 6411 4948
15696	7913 4648 1215 5332
15697	6504 4706 9929 6691
15698	9659 11123 10527 7833
15699	3618 4921 9626 5060
15700	5859 5311 8385 877
15701	9129 7772 9125 9131
15702	417 973 822 625 533 819 1076 974 946 547
15703	10904 11128 4455 10379 8041 496 11081 10875
15704	835 9882 2427 612 4046 2311 479 5081 2059 358 2572
15705	2135 4804 282 1863
15706	5773 5231 1439 1332
15707	10923 8938 1918 5756
15708	4337 6689 6004 5404
15709	2558 5277 1039 5266 6549 3641 1038 3043
15710	4972 2482 4508 5369 4634 3386 7005
15711	7915 6138 1643 4382 9404 8434 9504 8421 8388 8953 8547 7706 11099
15712	6274 9446 11339 11363
15713	3131 5960 5298 3351
15714	7663 4976 7251 2613 8842 1734 1702 3514
15715	10745 117 11190 10366
15716	5297 8379 4852 5246 8007 4444 3620
15717	6006 10855 3747 6221
15718	10564 5436 10870 8399 11198 4508 5926
15719	2269 1146 3360 1801
15720	8627 8550 6779 8842
15721	1463 821 1644 1266
15722	8649 1176 8631 432 9076
15723	6588 457 472 567 11040 3651 11039
15724	1318 5708 2346 6042 6490 6923 4476 2393 1712
15725	2866 8895 9816 3031 989 2459 6655 4729
15726	7260 2428 7317 5626 2670 11212 3160 1873 6396 8793 10583 1378 9366 10373 11738 4574
15727	10621 1221 11212 4622 1386 11208
15728	4040 10352 11368 6648 11675 11173 10714 10669 9293 11586 8495 10869 10499 6310 9281 11527 11688 7784 7002 8796
15729	5368 10870 11366 9494 5379
15730	993 1254 632 783
15731	6239 6461 3998 7503
15732	4904 3043 4914 6362
15733	9481 1055 2661 398 1102 596 6404 7567
15734	2023 5241 5589 4535 4127 7397 6059 5075 3825 6545
15735	9115 6137 9874 1917 5147 8879 5605
15736	9769 2797 6380 2221
15737	8550 8629 11881 8631
15738	10461 10580 5139 1577 7716
15739	5106 3264 6779 531
15740	1445 950 814 1075
15741	5109 4778 6932 6338 3925 4149
15742	6528 8844 9100 11386 6530 10843
15743	5295 10712 7173 6106
15744	3908 9282 3152 8433 9898 279 7997 2251 240
15745	4344 6145 4926 9347
15746	10815 10961 8996 10023
15747	1216 3809 3758 4254
15748	2182 5761 3614 5765 194
15749	8421 8618 8580 2570
15750	1734 1604 9792 1367 10525
15751	1487 7205 10714 8891 10764 8915 11425
15752	1671 192 722 5610 5810
15753	10044 8599 3412 7248
15754	805 1979 1272 6972 2713 807 3888 4568 1489 803 2341
15755	6203 10583 6837 3889 5233 6734 11402 11510 7358 8484 4886 7512
15756	7828 3528 4586 896
15757	255 375 169 168 270 272 182 11192
15758	1216 3434 2868 840
15759	10942 7342 9857 8656
15760	3818 5698 9218 9040 9678 7083 6911
15761	320 3858 4551 443 11347 285 10250 8137
15762	6137 9414 6690 9681
15763	5724 3663 9550 2340 2956 6202
15764	5507 5065 2917 8920
15765	7554 7246 1811 8584
15766	4623 7281 2275 3944
15767	2404 4837 3048 871
15768	5041 3291 8732 1704
15769	9173 2044 2024 4373
15770	8897 5050 9689 2459 7731 5401 7178 2287
15771	5123 2978 471 56 3679 3517 3304 5289 6779 1929 7117 3303 5008 4233 5458 823 3437 1811 1116 6392
15772	9332 9689 1663 11210 9120 932 7398 11179 11027 7693 9460 11654 7975 7182 10259 2424 8811 10357 5117 4084 3358 10726 2951 10406
15773	6520 4327 9634 10280 7884 2159 6395 1835
15774	155 2866 3544 6215
15775	5756 8145 6789 9851
15776	2175 10981 5246 10123
15777	11761 1541 8277 9671 8188 11700 7920 11683 7349 9286 9277 5504 6981 10262 3287 5476 9670 11310 10373 10584 8484 11476 9275 4629
15778	5133 11298 10599 5690 3938 5431 6112 7672
15779	10899 9408 1083 10908
15780	10743 10591 2236 464 9556
15781	10383 6296 10313 9260 3451 11067 9126 8489 7330 10386 10484 9571 11056 10583 5830 8866
15782	1437 4273 348 3741 2535 7238
15783	9749 4145 8203 5446 9747 11760 10645
15784	2212 1864 6287 9488
15785	2402 823 1895 2397 1514 4759 2683 2844 2640 3374 2862 1930 3948 1814 668
15786	1643 8717 6059 3020 7911 2599 2620 3472 4169 9665 1798 7117 4465 2985 1342 2751 970 1073 3128 5423 3943 3861 5043 5360
15787	11142 1196 2223 3085
15788	9391 10124 7513 10111
15789	2966 4837 655 1929
15790	6205 6149 4141 7256 4100 3677 7688 3423
15791	10041 11888 9151 8828
15792	2540 8646 1333 3173 4352 2412 2460 2122 5962 2419 3315 5396 472
15793	11121 1326 6460 1352
15794	2229 2744 2230 5665
15795	566 677 868 567
15796	277 10232 10227 7796
15797	1577 3491 2131 1369 6619
15798	9303 11536 11060 11526 10911 11685 5962 11293 11510 8949 6974 9361
15799	2207 11728 11689 8532 3177 8536 4528 461 4274
15800	1308 10109 11765 9083
15801	10821 8326 1039 2419
15802	4493 2133 5331 1083 8244 1988
15803	4863 1135 9093 3943 8959
15804	4622 7063 5117 8283 6972 10497 11210
15805	10984 10565 9838 10842
15806	10286 9062 6228 4385
15807	8143 9473 4254 8759
15808	2666 10262 11386 1935 10788 3498 8261 1898 8771 3078 8479 10717 5750 8264 11093 11349
15809	9456 374 9129 8688 1498 7517 7119 8838 5750
15810	4259 10227 11674 3099
15811	10257 11834 11918 11832 10223 10007
15812	6677 6484 5965 24 621 2394 8651 1446
15813	2681 7792 3223 6175
15814	4290 1243 4425 1490
15815	9919 2440 1826 2169
15816	2958 8796 6835 8488 4550 10723 10024
15817	7337 5775 6408 5610
15818	240 8524 8944 3479
15819	731 612 4153 5008 7561 2135
15820	8847 10155 8996 8043 9771 9504 11707 9501 9502 11164 11551
15821	2128 9319 3177 11269 2611 9320 2531 731
15822	2299 10587 10274 11837 11471 5607 11671 11505 11527 10342 11524 10503
15823	2650 2158 11323 2966
15824	596 136 88 55 1780
15825	3415 1938 447 1771
15826	1330 8145 596 2036 7122
15827	3133 10844 1986 4811
15828	9200 3651 5910 5879
15829	1654 4809 285 1086
15830	2606 404 2604 195 1378 1865 2435 2412
15831	9489 11614 10886 11372
15832	9125 9441 5383 5281 7248 172 2767
15833	7100 2913 6266 4082
15834	9510 6842 11099 7701 9502 9501 10143 7469 11642 8420 11720 10144
15835	10785 11512 8100 3585
15836	6798 1772 8252 5386
15837	6425 2803 2012 8404 9300 4745 7899 8603 2419 3963 5368 2256 8944 864 5665 9364
15838	9129 2105 6515 1315 1263 4574
15839	2021 8973 7553 8379 3741 10092
15840	10909 8873 6165 3151
15841	7052 8061 10189 9096 4204
15842	11661 11775 11787 11786 11850 11729
15843	406 741 821 626 510 7994 5830 4315 625 8282 2105
15844	2899 11538 8774 9975 7200 7616
15845	111 8012 8767 8390
15846	4647 6326 2917 2873 5321
15847	1055 7603 9652 10841
15848	6653 7280 7031 8450 8147 7496
15849	6920 6914 6134 3228 3588 3820 4058 5259
15850	768 1732 3049 282 4064 9364 7283 3998 5117 4707 1787 591
15851	4509 1811 9152 8192
15852	8125 3376 1986 10377 3861 3339 8938 4678 800 5946
15853	1035 842 536 782
15854	9179 2995 10567 1898 8513 2967 1053 9183
15855	10498 7974 3982 8933
15856	4483 9459 11151 4354
15857	9103 6002 7350 8404 7439
15858	10804 10806 10802 10803
15859	9802 8735 8449 8768
15860	10768 455 4947 461 10434
15861	4508 8560 10054 6685 1410 905 1781 6940 3421 4623
15862	2921 1662 5669 5503 9689 4837 1339 3386 10669 5461 970 5489 9688 10464 6940 4053 4634 462
15863	6605 11293 758 11831 11291 10024 9965 11471 7512 10272 11539 11088 11085 10873 3523 11537 11575 6258 11245 9514 5830 8468 7561 10896 11639 8540 11243 11290 9484 9957 11540 10484 8100 7275 7274 11274 5445 5519
15864	9521 496 7529 8687
15865	7078 5792 8080 9033
15866	3889 6883 9325 11665
15867	5165 2540 3651 3538 2033
15868	7649 7648 8000 6822
15869	2361 3638 9521 2887
15870	6605 9313 10883 8850 11151 1509 5371 5367
15871	3307 8503 8502 3437 6099 10031 263 3436 1785 2658 8504 253 6648 7295 2782 5506 1306 8488 925
15872	191 1918 4177 4281 1865
15873	8110 7002 5014 11173 1877 2460 4508 3548 2661 1332 2993 1083 10865 1114 3858 10921
15874	2223 7707 7378 6560
15875	6751 3802 2412 6940 612
15876	6228 9929 4866 3316
15877	3861 5875 7051 7686 8529 5289
15878	11314 10784 11284 11283
15879	3815 3719 7332 2647
15880	2269 7235 9966 6921 2156
15881	9837 11506 237 1506 674
15882	3438 4814 9128 3944 1734 581 6092 9818 9134
15883	1564 2336 5504 7401
15884	4245 1176 2917 4473
15885	2535 6991 23 5011 4018 8639
15886	10865 8504 10689 10503 10404 7373 10698 10970 11063 10511 9711 11493 7975 11593 10036 8659 4227
15887	4061 9008 6547 10607
15888	2059 10575 172 3151
15889	1279 1155 2459 7927
15890	10736 10609 11092 1135
15891	9855 8891 7686 1640
15892	9649 2830 10446 10815 7122
15893	2029 4645 5665 5462 1453
15894	2998 9836 39 70 3974 11012 110 99
15895	7360 1661 11700 6996 1599 8767 8484 3139 9105 3397
15896	1129 3206 2683 1332 3385 3886 1934 3341 3551 2480
15897	661 7344 7309 3892
15898	9037 6512 7078 481
15899	5736 5830 9122 8247 9236 8221 8222
15900	5913 11308 4869 7925 10187 10158
15901	2727 4437 7638 4948
15902	5054 9173 11399 4762 7245
15903	5109 7248 4178 2181 1948 9310 4972 8612 2753 8960 10689 4574 3347 9464 5481 8458
15904	4611 6438 4612 8096 4283 6000
15905	7544 10217 7356 9287
15906	1190 1189 1568 3138
15907	59 1263 7328 2729
15908	2115 799 800 626 5117
15909	2543 4562 2980 5273
15910	642 11425 7621 7109 7420 10046
15911	7010 5642 6440 5456 322
15912	7630 907 1419 2428 2427
15913	6751 7536 5232 4546
15914	6501 4373 1138 725 5560 1183 3327 2181 895
15915	2299 234 5926 6295
15916	10796 11279 11873 10423 11806 11807
15917	8924 4933 9330 4453
15918	10947 10210 4268 9893
15919	10050 5135 9651 5717
15920	6140 1971 1354 4495
15921	10381 10247 7691 10833 10499 5213 8921 8481 6155 6204 5814 10372 9290
15922	6326 4794 7205 6947 8974 6350 1661 90 1148
15923	8984 11422 8128 8981 6905 808 6948 9044 6020 6730 9228 7004 7383 3340 8980 10027
15924	3886 4193 3373 2156 1886
15925	9545 1951 995 1707
15926	1796 2603 1436 4457 5320 3748
15927	2670 135 8857 9797
15928	11027 11547 5375 10115 11806 10409 7517
15929	1811 8353 6066 11638
15930	8518 2832 8517 10712
15931	4820 9309 7328 8368 1751 3396 1763 2355 7410 6699 3531 4920 2357
15932	2599 4346 5065 355 2082 7560 4342
15933	6688 1662 5023 7256 1948
15934	4446 2448 4743 3294
15935	9167 4277 2581 3955
15936	7185 4672 1174 3042
15937	9979 2135 2824 7828 612 3151
15938	4837 6550 8880 10099
15939	7236 11553 5962 4837 7364 6009 10469 10567
15940	10992 7947 9477 1116
15941	10842 10232 6948 9483
15942	5383 9461 2022 9442
15943	11763 11660 11787 11881
15944	335 719 6034 11385
15945	7018 7 3692 9842 3558 10968 9066 1563 6466 9234 10969 4178
15946	2788 6688 125 2001 1269 1520 6686
15947	1084 1279 3208 4264 10702 4074 5783
15948	10427 11079 6976 11914 10381 11819 11602 10892 10932 10621 11895 8765
15949	1645 5091 9346 352
15950	977 7121 1534 636
15951	7260 7267 10619 8281
15952	4527 2729 6561 2032
15953	10061 8280 10962 11173 11127 9460 4277 7072 9582 5400 11540 7691 6209 7088 10357 9636 10587 10336 9556
15954	4691 577 6690 6817
15955	3884 11399 8938 9902 11792 8668 11255 9879
15956	8629 9795 1455 1039
15957	5629 8490 415 3734
15958	5057 8928 6640 6607
15959	10506 10689 11700 10507 6792 9162 9278
15960	6728 11271 4006 11216
15961	6872 5233 3284 6203
15962	11498 1503 6615 6520 8043 1764
15963	2627 8752 5654 6883
15964	10149 11917 11117 11431
15965	3899 8382 3391 3861
15966	7635 9273 8770 10374
15967	11698 7591 1391 7518
15968	4824 7705 5618 11226 3212 10617 6405 8780 7009 2171 4239 10723 5408 10039 9886 10869 9118 9119 10402 1332 661 10888 6844 3215 4458 7337 11669 11676 9275 7020 10727 10615 9273 2177 6216 11702 3705 10614 6652 3403 222 7964 7562 11309 3816 3227 11141 11520 2726 3493 1064 11527 1276
15969	5958 11800 8458 2967
15970	11816 11566 10797 11807
15971	237 11353 2208 6380 4091 5480 7011 7503 5999 10496 9636 11110 7034 6961 10346 6835 10689 7241 4706 11398 4149
15972	4622 7376 10703 6204 1706 995 1950 1007 11546 10698 3121 10377 11250
15973	5798 4166 290 1111
15974	8198 8415 7196 8547 8416 8223 8247 7462 8180 8951 8581 8221 8953 5260 8414 7823 7701 5274 8222 7702
15975	8726 665 2024 9371
15976	1407 2131 7248 5563 11771 4743 9461 96 10757 7271
15977	4931 7838 4933 4930
15978	3379 1917 5105 921
15979	8217 862 11344 2950
15980	11179 11220 6963 7906 7517 9093 4214 9461 9133
15981	4542 18 10242 8933 5755
15982	5854 2574 1073 3459
15983	9134 5624 8783 10122 9442
15984	10846 9694 7414 10590 3862 1643 10982 8909
15985	9991 4837 11158 10722
15986	3344 123 6512 5732 6668
15987	822 564 285 821 637
15988	5242 577 8589 8579 10080 3026 7847 136 10162 4664 133
15989	7359 5929 5231 8796
15990	7006 8487 2272 7878 7295 8805 10398 10400 1826 11607 10721
15991	1116 11403 2029 535
15992	10657 10090 10770 4045 10989
15993	9965 8921 8793 8811 7689 11535 9237 10299 10707 10723 11651 8483 11097 8446 11536 11539 11912 9231 11586 11627 5017 9974 10352 9285 6973 8899 9273 7669 6836 10703 6835 10684 11906 11681 10785 11057 9098 9269 11683 11884 11471 11675 11272 11248
15994	2491 4153 3082 1329
15995	4437 4891 5048 2095 2070 4531 3161
15996	8365 2063 4650 3628
15997	5040 4804 3717 2696
15998	2715 4167 4254 7100 5610 6380 5363 5676 4074
15999	11492 3663 11534 4803
16000	9710 3391 3376 4706 6222 4704 4508 5331
16001	9354 9424 9395 6994 6216 10357 5781 6732 11061 6733 6792 11185 7747 8277 6497 9461 3677
16002	256 1903 245 264 1909
16003	2386 2752 2385 2875
16004	2205 4464 3792 631 864 1240
16005	1997 2640 2497 6922
16006	640 7520 6425 10679
16007	9089 9823 9926 9091
16008	4508 2505 6411 8823 6865 6221 9956 4385
16009	617 2105 8795 3244
16010	5369 3792 7491 5363 2913 3371 6054
16011	5487 3371 5413 2302
16012	2993 5836 10209 10724 3861 9441
16013	10510 3456 4682 7063 10560 8494 11254 298 1124 5400 8791 10008 10894 8071 5504 6208 7009 10511 9620 11837 1164 2856 9359 7747
16014	9152 7462 9501 8421 10914 8684 10896 7667 10719 5267 10775 9083 5981 10718 9960 10774 8456 5262 6414 8547 11693 2740
16015	5242 3509 581 961
16016	8126 808 9574 5163
16017	1096 1270 814 1006 439 3280 253 1231 263 1473 1132 766
16018	2917 6691 4750 3987 441 3805 3422
16019	3727 3482 5942 279
16020	6173 5830 4550 11640
16021	2560 2095 2575 8379
16022	63 5797 4768 7360 5545 46 5434 6204
16023	2137 4125 7689 2710 7907 2795 386 819
16024	6118 181 1620 3582 2437
16025	1788 7543 2615 4896
16026	5215 3013 796 604
16027	6411 9481 9483 9482
16028	3999 7663 7017 6713
16029	5451 2049 596 2510 2531
16030	6652 11827 5690 2860
16031	6883 4352 444 8143
16032	5504 6061 9081 6059
16033	2094 679 8020 5317
16034	5514 7704 7298 7464 9305 8952 8808 9501 9809 8547 8807
16035	7997 9848 7006 9695 3507 8830 5781 11536 8488 7374 6156 8197 6904 11058
16036	10170 7237 5363 1487 483 2131 724 1811
16037	10693 6999 11796 8069 3269 3741
16038	4071 4186 2315 3864
16039	7401 6472 9857 2336
16040	2001 0 6961 3651 2614 6905 280 7234 1918
16041	8146 6274 7934 661
16042	1084 1918 1035 625 5331
16043	1236 2135 1143 861
16044	3139 2162 5902 9364 9351 10418 25
16045	1681 257 7659 1918
16046	2063 1143 4127 308
16047	9657 11459 9720 5785
16048	9134 2956 1534 8449
16049	355 10471 5887 2957
16050	10735 11329 9592 1931 10740 8963 4561
16051	9461 55 4812 4273 4014
16052	4468 5705 6652 6808
16053	3981 1929 2491 6905 4449 3863 6217 2123 9523 4562
16054	8012 11682 6457 6872 8481 11511 7773 11674
16055	154 6679 145 7908 8390
16056	7223 6739 6294 6690 4706 2590
16057	4991 11403 5571 6942 3158 10501
16058	6380 1961 284 9235 3340 5363
16059	899 2715 1631 4859 1332 3319 2575 9461 5169 2181 10669 7513 1048 4301 2243
16060	9592 5977 7166 6600 46 6625 51 147 5979 129 9622 9226 5978 5812 47 8946 66
16061	9459 9134 8165 7435
16062	10309 7401 10528 2336 79 3873
16063	2540 330 1887 6156
16064	7276 5275 8279 8020 6237 5245 8400 8345 1487
16065	7436 11562 3925 7122
16066	882 21 2435 6817
16067	10383 11178 6732 8810 11088 10398 10785 10584 11728 10788 11098 11059 8926 7393 9388 11380 9234 9764 8862 11207 1599 11067 8945 11168 11724 10833 11211 11065 10031 9260 10637 11053 7267 7039 10313 6731 11208 8793 7243 8866 7219 7693 7376 10252 10030 10356 11052 9727 9711 11232 11056 8506 9137 8796 8489 9120 10786 8277
16068	10098 502 7512 3748
16069	8696 2801 8037 5439
16070	8017 9202 10748 8786
16071	6982 1101 3691 4358 1841 9569 7130
16072	8231 8847 5055 10884 8993 11309
16073	2361 9055 9642 8101
16074	3139 1506 4091 1778
16075	6144 1422 8697 3957
16076	10836 6187 4463 9595
16077	258 619 962 667 683
16078	4715 4333 1814 2041
16079	6027 8610 1151 2814
16080	7542 10680 11003 10766
16081	1811 4650 1333 2033
16082	11092 4058 3178 9814 9769
16083	4647 4668 808 11369 1537 341 9062 5436
16084	4399 5382 5377 5371
16085	7248 5439 229 3396
16086	285 10362 5328 10699
16087	284 1591 5859 4948 9184 4216 6262 7896
16088	5780 5286 1697 8717 10724 6156 8504 2482 7002 1749 1403 2576 2747 3131 8949 3784 3227 11091 9107 7745 11817 6152 9284 10881 10598 11512 7373 11232 5295 6153 6296 2379
16089	6691 2208 10689 2966 7445
16090	2671 4259 6506 11467 3339 614 4069 5618 2986
16091	7181 4728 973 1659 1643 8145 1279 1689 7767 4508 417 3071
16092	11574 8468 8752 7088 7669 11025 11688 7072 11055 8280 7514 9269
16093	1811 8379 4254 6779
16094	10491 11152 10653 3417
16095	7315 6429 6613 2416 4407 1929 480 871 2966 2611
16096	3741 7729 11425 7582
16097	3400 10511 8938 10000
16098	3393 2287 2155 2540 3109
16099	6240 8178 10524 3005 8184 7677
16100	5942 6549 5246 8248
16101	6503 6222 2762 8616
16102	6983 1073 6474 3425 2063 5830 1745 3228 427
16103	1795 1023 1068 4971
16104	8923 8931 5745 8018
16105	10630 11889 7498 11900
16106	11887 10336 10723 9284 2330 7669
16107	7243 9638 7493 3677 4550 8273 11895 6152 7241
16108	3708 11605 1199 1100
16109	7061 5290 3351 2227 876
16110	239 9220 961 5363
16111	821 539 594 11507
16112	5738 2167 9095 7978 4678 5328 2765 1581
16113	10461 3217 3424 405
16114	4911 9992 4630 4780
16115	5367 11305 2029 5371
16116	9356 8933 4740 781
16117	2463 5 4222 4633 317 2813 692 4762
16118	10030 9541 5449 6976 11084 7277 6204 4550
16119	9080 11695 9940 11599 4324 10906
16120	8076 9058 7686 10169
16121	3497 2614 1235 3359 612 1972
16122	1330 1608 472 576
16123	8920 10938 4033 11251 6187 8975
16124	7136 9 8487 8489 9983 8771 8488 8434
16125	4863 3664 455 2379 4573
16126	8928 11370 4485 8927 7500
16127	5532 3805 778 5843
16128	1696 1045 3877 4183 480 8574 3206 4266 5960 8953 1873 3089 5645 173 823 4776 1245 341
16129	10561 11211 5848 11061 11461 11209 2099 11639 578 8601 9120 10723 9950 10398 4622 2850 10516 2899 10349 3346 11248 10376 10670 8551 7317 8485 11212 10373
16130	5665 9532 1988 3366 2675 4298 99 3638 4473 11399
16131	4637 4071 4019 7121
16132	6116 6474 5928 4645
16133	8425 9511 9501 9222
16134	4709 4989 3868 5339 2958 4069 4428
16135	11150 9473 1116 11220 11030 11547 2681 643 11154 9134 5383 8851
16136	5919 7654 9332 11030 10025 2022
16137	10696 10418 8696 8164 8933
16138	11527 11525 11023 11564
16139	10875 10896 5162 10993
16140	8774 5378 5371 5377
16141	6944 11860 7248 1721
16142	10919 6383 8929 10973 10903 4969 8927 8789
16143	6483 6285 4890 9435
16144	6927 2299 7163 6887
16145	10908 11635 7248 11403 9357
16146	7688 3151 5259 2412
16147	1612 414 133 10738 1615 1780 139 10368 10498 8601 6948 4451 229 10528
16148	536 5116 535 946 567 649 4039 4284
16149	3884 6287 8260 5747 6172 4623 9681 5145
16150	6172 1950 3905 1951 995 1706
16151	9879 11399 6019 7383
16152	9356 7747 8483 7245 10032 9366 9165 8480
16153	11385 10429 10004 10003 10956 10733 10430 10428
16154	758 3660 973 417
16155	2491 5366 3997 157 6104
16156	758 263 1716 9090
16157	10784 2141 229 10569 11759
16158	419 10951 4813 9625
16159	6485 3023 989 2504
16160	6475 4399 175 11425 970 2890 661
16161	7820 7589 321 7582
16162	3978 6585 3431 7788
16163	2143 2866 1851 592
16164	8751 10697 7630 10701
16165	3673 9897 9644 9755
16166	8054 9003 9018 10199
16167	8365 5082 3224 2683
16168	10329 6164 2610 10170 10400 8920 5450 2922
16169	2305 2371 4403 5241 2295 4717 5065 4979
16170	11098 11232 11080 8479 11248 10606 11640 11535 11542 9364 9161 6732 9049 10918 11524 11574 10720 9281 11249 11084 11702 5449 2067 9983 10008 8929 11904 6230 9895 8551 7416 10883 11681 11536 9098 11538 7221 6733 8402 7792 9967 10723 11750 6640 9046 10511 11096
16171	10178 8053 8063 6353
16172	11738 11033 4212 10485
16173	7119 4331 7356 3859
16174	7219 7338 5275 10292 4611 8068 45 5954 6324 2816 1831 7214 38
16175	4978 1150 3431 1910
16176	9001 5075 8732 11156
16177	5226 5172 4299 7670
16178	1381 2640 1933 9094
16179	8706 9105 6504 10089 4821 1586 3345 9348
16180	5350 9414 5843 8173
16181	6122 358 5040 5155
16182	3696 1025 4155 3488 1028 3134
16183	1408 6295 4521 1135
16184	11671 11538 7269 6904 6059 11094 11179 10717 11494 9727 8710 8819 3135 7330 9667 7374 10500 6975 8938 6497 11515
16185	8041 3129 24 2358 341 10191
16186	7796 4741 2924 1048
16187	7383 11125 3695 6018
16188	11404 7686 11498 1906
16189	5058 10055 4686 6541
16190	11761 3228 5320 8654 2899 10386 3389 10501 3899 7255 7773 3581 2703 3066 3280 4865 699 4824 4864
16191	10075 4906 9301 4598
16192	758 828 821 1049
16193	6504 9721 7987 9999 8655
16194	5665 3714 778 1787
16195	4649 3507 1264 1799
16196	408 645 288 528
16197	1510 866 217 234
16198	8449 1649 8906 9459
16199	8936 4958 2351 5020 2165 7435 205 6070
16200	5589 3870 5638 3825
16201	7615 3559 6824 8287
16202	3391 8134 352 10925
16203	2804 2612 2923 854 2181 4506
16204	2344 6890 3760 6639
16205	2768 2124 2966 2993
16206	11092 10234 320 11131 2482 9234 9363 1292
16207	6203 6207 8483 11110
16208	6332 4599 4202 5090 4199 4060 1912 3919 3024 3818 5705 3819 4159
16209	2176 7686 578 9058
16210	19 3714 2353 4090
16211	1139 213 3291 297
16212	3436 2967 3437 585 1312 2531
16213	4859 7523 6614 3588
16214	4944 4637 11767 7529 8739 8259 4436
16215	4189 862 1230 3433 1126 1487
16216	6721 7351 8670 7580
16217	3641 7246 2463 1035 2222 3695 2460
16218	7307 6756 7306 11235 6016 3751
16219	7053 5777 6270 2115
16220	9361 98 10118 1555
16221	3876 4831 99 6591 3937
16222	1862 1035 3221 10669
16223	6220 11135 8125 11140
16224	9327 7378 3351 3534 3847 289
16225	697 901 626 1114
16226	2906 289 2041 2376 2890 6948
16227	10580 260 3110 8636 9000 10859 6119 4183 5142
16228	4347 8821 6054 6509 5331 1734 9235
16229	5250 6898 9675 28 8347 7904 7899
16230	823 2622 6083 5233
16231	11923 10257 11181 11835
16232	3422 2305 2512 7219 6101
16233	10627 8035 5219 5218 318 213 2851
16234	3345 806 5624 9471 10122 11374 10309 24
16235	348 10099 6216 9229 9502 5363 10906
16236	8341 3486 9516 2729
16237	11253 10047 8386 9891 10649 9611 6862 11500
16238	3307 7214 4917 1615
16239	7005 3401 6884 8442
16240	675 291 285 288 10605 290
16241	4031 172 3380 6883
16242	7644 3371 1597 1958
16243	11244 10348 10992 11074 7388 11349 9153 7261 9 10347 8264 10402
16244	4193 3364 2369 4609
16245	3779 7097 11404 3505 3967 6690 6058 5085 7461 11815
16246	8539 7649 3237 8387 11404 11637 5890 6339 699
16247	10864 8962 2085 2423
16248	6948 5052 9586 682 9571 8651 2041 7997 7825 10610 4407 4082 363 5391 4102 970 2299 9235 3663 7643
16249	2657 1694 8243 6836 8785 11086 9161 10561 4340 10586 2856 5533 9107 11055 7881 6835 5434 11182 11510 8491 9965
16250	4876 4036 1984 247
16251	10908 10820 2122 6404
16252	3075 9695 10935 1694 4790 10873 8819 11511 11681 5411 9269 9268 10923 9921 10435 8281
16253	11887 10896 10495 10629
16254	7356 6040 8165 5439
16255	11535 7539 11058 7376 9153
16256	6093 5403 6161 3796
16257	5247 5162 6014 11305
16258	6797 8442 7188 2531
16259	2540 5409 2030 253 7124
16260	2138 8194 1790 1332 6132
16261	11212 8144 11471 2735
16262	8266 6819 6083 7109 7633 8161
16263	5008 9029 5670 7188 3963
16264	5568 8842 6003 1782
16265	535 1881 903 417 521 187
16266	758 4259 1347 8790 6290 1887
16267	8996 9327 2993 8125 1983
16268	3971 4476 3972 4625
16269	285 9230 9200 682 8014
16270	1487 6662 3055 8627
16271	10456 349 1065 11488
16272	2366 3329 3582 7813 2208 3165
16273	6030 9446 9842 10968 5992 4661 10038 4658 9455 7958 4510 8450 4192 8451 8914 6466
16274	7141 2917 8756 199 263 851 5450 10786
16275	4841 3688 2728 6872
16276	1154 3906 4345 3926 4388 2290 1803 8473 8488 4649 1561 5858
16277	8870 8874 8077 8090 10187 9029 9019
16278	6108 6111 4562 8188
16279	3690 4884 7148 6872
16280	7533 10981 9153 578 3401 6497 11126 9161 7010 11085 7571
16281	8442 414 5552 7586 6520 2093 877 9232 2645
16282	6442 6327 157 11425
16283	2776 6589 7023 4236
16284	769 1715 862 1815 8149 8937 1653 3925 5401 2491 8190 4470 2295 1590 6746 7555 1264 3560 9327 6884 2593 4069 6939
16285	3696 8593 11399 3566 4329
16286	8680 10146 5755 11468
16287	8829 3938 5801 9151
16288	4376 341 2897 2517
16289	2585 7036 4407 4259 4267
16290	2614 4607 1487 1381
16291	10109 11108 9175 7256
16292	24 10784 10593 10594
16293	1629 2917 1841 6745
16294	4666 7917 7527 4246
16295	2313 2685 7348 5580 11267
16296	3300 2266 1573 6698
16297	3878 2257 2464 2070 10449
16298	11524 4034 9932 1615 6561
16299	5245 7181 10462 2950
16300	7514 10318 4300 8717 10304 8105
16301	4612 5652 11286 9948
16302	10899 9442 11028 11751
16303	8125 9232 3442 1114
16304	7384 8701 5683 11569 6372 9938
16305	5229 7350 8386 7608
16306	4360 277 1537 11240
16307	7775 6030 9847 5967
16308	8165 9343 2751 11404
16309	1936 4452 5997 811
16310	8199 7427 9614 4911
16311	3434 2841 3064 3463
16312	3125 4308 314 4681 1517 2853 209
16313	689 1883 1911 1974 606 783 586 1035
16314	9160 10118 3238 9159 10081
16315	5450 7788 2967 1330 4776 1739 10670 2135 3298 10689 6713 1538
16316	1374 401 2012 2496
16317	2460 7234 8254 3349 3695 7609 5756 289
16318	9835 8911 9648 4536
16319	6658 8891 9556 7739
16320	5182 4755 8323 5088
16321	5262 1332 4084 10426 4876
16322	7248 9659 11663 11730
16323	8296 8276 8278 8318
16324	2946 10973 2051 305 3561 3869 11129 1243
16325	11700 37 10778 1433
16326	536 1116 743 7512 4070 6744 5528 1463 1199 4242 847 463
16327	10309 11170 4716 11603 4335 7248 11663 4295
16328	10274 9159 3090 1761 3271 10313 3207 10584 11724 7260 11270 7333 1997 11059 4049 9161 7267 7705 2705 11168 11761 2763 11075 246 2749 375 2595 11476 11052 11053 7512 11061
16329	11047 11092 10820 7078
16330	1486 973 1460 1932 1461
16331	3908 4045 3641 1204
16332	864 4316 1665 968 301
16333	2553 5439 808 1670
16334	8165 9200 5342 371
16335	4920 1226 7715 2893
16336	1762 836 2029 5172 661 3021 481 3507 1920 5513 1493 6297 5277 998 2935 619 1780 3061 391 3008 4204 1814 4396 446 5504 2927 3797 4971
16337	7466 6068 1594 7463 7677 11099 8547 8548 6597 5582 8953 6414 6044 8421 8434 11720 10555 10997 2557
16338	9201 7517 9173 7513
16339	237 5109 4775 6342
16340	5607 9277 7539 6648 8504 9576 8708
16341	4580 3053 17 8382
16342	4262 5381 11448 1129
16343	1643 519 625 739 842 1236 649
16344	1248 2459 3683 2529
16345	11663 7833 7248 10527
16346	2675 2037 9287 10055
16347	439 395 262 11192 422 264 246
16348	1142 738 822 940 840
16349	11865 2093 5281 8651
16350	2024 857 5360 6810 4052 3706 5417 8942 9856 4703 6396 10860 4058 8937 3840
16351	1638 959 2616 1995
16352	2648 1606 1184 5057
16353	700 9090 1487 728 3560
16354	4448 9541 6216 10443
16355	4163 2894 4919 9097 802 3351 2934 1734 2500 639 652 3423 1031 3502 5830
16356	8785 2116 10008 6244 10962 6243 4559 10371 11702 9968 5256 11538 10894 6242 8283
16357	872 472 11777 11764
16358	11909 11848 11589 10865
16359	11332 8832 8618 3566 8405 6392 8299
16360	2583 3296 7922 1890
16361	5225 7 859 811 2540 309
16362	9373 9512 10490 10002
16363	1352 5775 6991 2379 3154 715
16364	8896 5830 1928 8764 3561 6920 4051 8861 7814 9919 3371
16365	11492 9962 11335 7820 1529
16366	3029 4181 8751 2765 11235 8354 8010 10024 7144
16367	613 585 1584 8860 11212
16368	5326 3077 3328 5599 6544
16369	7650 3129 1487 1881
16370	1196 9979 175 7784
16371	4614 10362 10087 8998
16372	8148 8737 2426 7957
16373	2997 3000 1439 355 1212 1928 1160 173
16374	2965 3177 8708 6153 8483
16375	2570 7845 6033 6198
16376	10274 6208 6296 11537 11702 11600 8433 11672
16377	486 11404 1594 8580
16378	10456 10534 10457 8731 9078
16379	7117 10853 7213 4983
16380	7362 6138 1920 1135
16381	363 10420 1643 2165 4461
16382	5995 5210 1135 1565 6309 3707 2454 1855 227 1909 6209 3280 3389 248 2752 33 3284
16383	1228 4102 8043 2290
16384	6496 6 411 1734 9203 5593 1487 5010 5337 1083 4405 2787 4407 3379 4975 2482
16385	2996 6306 151 5624 24 2997 9665 3550
16386	8068 5161 1946 7783
16387	8895 2092 6954 2416
16388	433 614 4045 690
16389	8899 3304 7756 8842 5401
16390	4504 4590 4144 4050
16391	7858 1928 9123 3759 11168 10737 4762 1917
16392	5916 5234 1698 1898
16393	1560 6690 58 4736 5217 5563 5934
16394	2575 10172 3267 4077
16395	8275 8360 4966 11168 8559 8504 9234 10920
16396	8539 3763 4973 2134 6287 1889 4177
16397	7042 7040 10106 5367
16398	9064 9825 9097 8854
16399	1333 2608 6450 4619
16400	9574 6118 858 4084
16401	5812 24 287 4344 6504
16402	8402 5938 2080 7072 8220 5269 4827 1875 3354 6480 7494 3509
16403	2535 1129 8555 11234
16404	6923 5377 5379 6919
16405	9727 7341 10726 8871 10888 10401
16406	8904 1456 5278 1369
16407	4263 5321 7424 5316
16408	4012 11425 497 3411
16409	3695 2866 5947 9694
16410	1775 3693 9501 1359
16411	8295 4175 5915 7303 6861
16412	4224 6836 8433 1140 8838 7405 8482
16413	1887 5130 1828 1347
16414	2685 1562 9936 2645 9279
16415	2829 2646 479 4541 5969 2134 4259 305 2347 2782 4071 6009 3826 3628 3868 3614 3669 5083 2004 2154
16416	6904 5114 2996 1757 2682
16417	2616 6339 6518 6013
16418	5147 3633 5665 8717
16419	8938 7433 10353 7010 8909 9152 8908 8794 2575 9205
16420	4041 4519 4369 3525
16421	855 6987 10525 9784 1745 399 5831
16422	1403 8110 9071 6568 7525 4300 6265 6530 5089 6261 6624
16423	2522 5518 11607 2526 5450 8166 2510 9650 808 1264 6861 4633 5568 664 11864 319 3270 8758 3352 4719 1734 4117 2419 1968 6613 2866 904 7005 11399 6488 2936 11116 2951 3139 11629 2828 8125 5331 2287 2183 2993 6392 213 9227 2033 5014 9930 1279
16424	202 11062 4447 6470
16425	11624 965 9510 7915
16426	427 2449 2877 823 3511 2683
16427	6498 8597 8986 970 8125 9091 9643
16428	3162 4528 2499 468
16429	1005 1231 1552 1049
16430	376 136 6694 6993 5165 7888 2082
16431	8903 10118 7240 8436
16432	9275 9345 9788 5772
16433	626 625 747 609
16434	1087 1922 1400 842 649 2792 3792 935 3389 2680 535
16435	7300 8252 4153 5911 5686 7737 2459 2072
16436	3982 6697 8758 5450
16437	8927 1039 6300 3263
16438	2149 8927 2893 4912
16439	4323 7916 7306 10292 362 91 6703 2105
16440	621 807 3671 6258
16441	4574 3719 4242 8928
16442	4478 9477 592 2019
16443	8306 3790 8203 8307
16444	7491 6362 8477 2936
16445	9558 9702 11895 11670 8442 10929 11059 11067
16446	8424 9801 9591 7648
16447	892 2270 5709 4839 4071 9592 9688 7413
16448	7582 2355 7581 6974
16449	8119 5108 5747 9536
16450	9128 5371 7513 9125
16451	3304 3437 2967 384
16452	2829 4837 11541 2683 2420 7253 1643 9383 9359 2984 7745 6148 11688 7689 7494 1827 7292 6853 11666 2289
16453	635 1468 955 776
16454	2295 1787 2296 3371
16455	5023 11424 7550 5042 4282
16456	10322 2628 10714 9234
16457	5468 6209 2810 4645 2393 723 625 8105 11404 4334 6309 735 10686 11672 2398 2098 5995 428 9277 7249 6258 299 8544 927 3459 272 1694
16458	10379 8793 10785 11065 11207 9260 9234 8796 9764 8866 10383 9 10313 10032 10791
16459	8183 8186 8220 8327
16460	3510 5080 7397 7666
16461	233 1299 2063 3741
16462	3549 4281 3073 2965 8459 6373 7739 1752 2497 9344 7503
16463	10773 10545 5014 10774
16464	5837 8006 2479 4359 1671
16465	9173 7265 9270 1599 8468 8771 6573 8772 8480
16466	4218 1514 1731 4259 6527 4290 5587 10895 5363 7737
16467	174 1227 4636 1891 2136 367 3479 1875
16468	2786 435 2926 6967
16469	1750 1031 945 943 710 944 333 890 338
16470	10026 9130 8194 9134
16471	1084 6948 1072 7377 1981 2651
16472	8216 8299 7186 263
16473	11021 11338 10388 4573
16474	550 6648 649 7360 763 797 5233 6975
16475	1102 6588 7833 10689
16476	3774 3961 1218 6204 5978 6601 48 6518 3362 43 807 4195 7827 806 6069 6314 3888
16477	4204 9760 11632 4859
16478	10484 8484 8139 603 447 7994 3186
16479	6686 7019 5648 1222 1932 4250 4359 5325
16480	2100 310 699 929 4777 11827 1357 4636
16481	7173 3304 8956 4762 6071
16482	4534 8875 373 4617 10154 4787 133 5966
16483	622 1691 1116 747 1438 758 935
16484	7519 6376 7538 3440 8745 3909
16485	8012 7347 1411 6499 7092 11892 10896 8865 8282 10507 9695 9274 9269
16486	1208 10077 10748 10078
16487	9882 3967 6842 7783
16488	6531 720 3695 1500 5597 1279
16489	6902 1251 2476 617
16490	1132 1761 199 554
16491	3224 5001 6316 6372 8333 3878 2464 2967
16492	10309 3091 6116 9339 122 2593 8390 8855 9618 6306 9999 10942 4584 806 12 7987
16493	3574 1719 3992 2491 2460 970 4042 3408 1608 4836 2465 1702
16494	5184 10478 2567 8405 8572 1490 3087 10590 3802 3186 5956 4586 9951 1616 10455 3050 9577
16495	4539 4223 255 2247
16496	237 9008 3013 6277
16497	1373 8385 6708 10077
16498	4230 10675 7380 6172
16499	5371 6613 6913 10816
16500	3458 3482 3004 2554 3500
16501	7430 6110 6020 6759 7498 8980 8557 9377 10315 9058
16502	9950 1266 11831 2640 3038 10172 10357 9179 5285 9332 4487 9337 10842 10426 9461 11607 8189 7691 8935 1140 10957 8504 4304 11209 6359 1988 11210 7273 10589 10698 10696 758 10495 7907 6276 1265 11211 11133 8964
16503	1216 7474 1487 3889 4724 6042 3651 4254
16504	1114 1232 1918 535 1696
16505	8382 10570 108 4152
16506	4263 1918 7165 2716 2044 7203 6490 3065 1279 2469 649
16507	1076 606 909 284
16508	4407 10865 10654 1107
16509	5530 5153 6581 8455 8717
16510	10293 4239 9906 4295
16511	5914 3511 5497 4080 5707
16512	9532 1564 6145 3888
16513	2062 6512 11827 10608
16514	11322 4103 8979 4087
16515	8286 10483 6872 9636 6363
16516	3391 10853 10849 11207
16517	11660 11787 11763 11881
16518	6105 4140 423 3584
16519	3279 6668 2006 4946
16520	82 1871 5950 77
16521	8327 8952 8953 3898
16522	4798 10525 6991 7122 6287 8094
16523	3261 10468 5071 10523
16524	777 907 175 679
16525	8507 10437 11003 5690
16526	9476 10652 10371 5246
16527	4548 3463 5001 4517
16528	7869 2003 9246 5489 9192 1584 10511 10865 8127 24 3606 3402 472 8707 1538 4977 6863 1937 4896 111 4609
16529	11018 6344 10861 11471
16530	11674 9156 11026 10675 9231 8504 7784 11904 11095
16531	6517 4348 1910 3523 8047
16532	11332 2153 10919 3599 6474
16533	8823 1636 1637 3696 6799 4624 8639 7686
16534	5258 2137 1374 1114
16535	2250 9636 9892 9230 7241 3151 8596 9161 11076 4883 7689 7658
16536	3311 1537 779 5573 2510 6532 8892 1167 8668 4013 8891 277 8894 7777
16537	2412 5487 1960 554 1200 2846
16538	11026 11681 10812 3975 5681 661 10503 4754 449 10252 11885 448 7928
16539	7356 11378 11857 11856
16540	1538 1726 5458 5193 5008 2122 1754 738 6474 3320 3457
16541	2855 11272 3663 10547 4674 6425
16542	10861 10883 1615 10886
16543	11011 931 6636 7253
16544	7229 11512 7349 7018
16545	10665 11335 10103 11168
16546	8751 8354 7517 8894
16547	8772 1599 9230 8773
16548	4488 5504 6208 8772 7337 10402 10108 9137 11418 6731 10606 7237 10540 10589 11504 11671 6975 142 11463 5427 9541
16549	11404 9660 10487 9503 11619
16550	3679 10409 10209 2289
16551	2407 5634 3130 2421
16552	4296 6236 6396 8138 5564
16553	4585 5561 3057 1410
16554	8833 10502 10701 11220
16555	8743 4379 852 11378
16556	4635 1595 7686 2819
16557	10016 4508 7821 7589
16558	4536 4624 3644 9408
16559	28 5134 8441 4045 9469
16560	7660 68 2777 1509
16561	6380 2416 7790 1374
16562	4209 5856 4254 9308 10379 9230
16563	9923 6274 1126 3030 3399 4546 11418 2706 1855 529 9950 7182 7702 3002 7007 8773 395 5313 1376 10812 960 6205 3877 1163 3062 3005 448
16564	10924 10147 11092 10075 4942 11297
16565	11144 8273 10983 2975
16566	8198 11305 11535 2707 5434 9275 8316 11389 4550 11272 8483 8441 7011 10375 5117 11600 11587 140 11027 7677 3897 9461 10785 8480 7465 3280 6205 10883 11066 11681 7745 11639 10877
16567	1196 6748 445 4862
16568	4217 5971 3695 5830 2491 2459 1594
16569	10895 10796 10798 6256
16570	10908 4073 4839 11800
16571	11224 3423 5491 472 4345 10193 11124 9855 3797 2432 6547 2829 1248 4091 3311
16572	8667 7246 2066 2128
16573	6392 8536 8535 8873
16574	5328 11292 7876 11727 11300 9461 10371 7294 11550 7512 7514 2022
16575	3427 2768 5207 2642 1236 3381 1897 1814 5383 758 3215 7248 1698
16576	7768 10056 3496 11269
16577	9709 7686 6478 7072 6750 9320 9698
16578	8089 8238 2611 3925
16579	9113 5633 1537 9363 8996 346 218
16580	4978 10514 11673 8899 4295 9854 6152 11081 9235 10274 10982
16581	10665 11403 11498 11637
16582	674 11807 1996 2139 2531
16583	7922 1170 5663 8550
16584	8374 7327 5955 4931 4933 7837 11872 11523 6447 11269 7836
16585	8543 10383 8752 7081 10313 138 11914 3574 7981 9383 4270 9110 4730 9391 3981 3351 8934 7241 8923 8041 11025 7384 9681 6834 11027 9134 6875 6529 7006 6159 8505 6372 11639 3389 11156 11249 9536 10036 9096 6732 6642 9042 9703 8897 7745 11535 9 10791 11054 11056 8443 6300 8029 6733 6207 11001
16586	2993 5860 5318 1986
16587	5885 6576 6707 4273
16588	11179 6904 9232 9667 7561 10723 10653
16589	6425 5277 6138 1414
16590	10957 9356 11759 9702 10894 8920 7383 7878 7978 10958 11339 11189 11179 11524 10723 10357 10374 11079 11188 11669 10495 4952 11511 11666 11541 9667 10714 11027 11675 1968
16591	377 10336 1891 524 10935 11494 10334 355 9237 8189 11227 9234 6883 3581 3948 395 535 1000 8461 786 425 422 10346 11493 10077 883 7920 294 3389 534 11435 808 3061 11530 11212 968 411 760 1237
16592	2708 3432 4909 1448 2706
16593	7280 3537 4277 8721 9167 4338 10047 2180 7267 10258 9978 2181 255 3466
16594	5591 7028 9019 8171 11411 11412 5661 7868
16595	9634 944 8565 8564 2855
16596	7850 9155 5755 5384
16597	9460 3753 7500 6891 10958 7082 10662 7527 8281 8938 7512 10313 9126 10894 11403 5607 7002 10983 10024 3817 9974 8193 7619 11081 4268 8459 3911
16598	11398 10291 11212 11452 5147 10509 10405 11126 10628 10403 10404 11863
16599	286 3968 5332 3899 7398
16600	10760 8080 8927 6317
16601	823 1135 1734 289
16602	9001 4706 11518 11083 11179 11305 9816 8912 7005 4597 8911 9591 8940 11149 10175 1267 10090 8909 9984 9919 10899 11608 9380 10908 9229 11001 7991 10657 6210 9724 8895 1042 973
16603	11386 1276 2977 289
16604	10639 5265 3174 8891 2037 3889
16605	9155 2675 8717 5439
16606	6513 10506 8865 6976 5320 8771 6971 10030 8483 6977
16607	1990 177 973 32
16608	7546 3046 1035 2540 8511
16609	512 4093 1867 281 2973 531
16610	2958 2595 10411 772
16611	9074 9075 7158 2874
16612	461 3139 3732 3296
16613	1772 8049 7628 10985 11097
16614	2153 267 5450 2122
16615	2165 2416 4167 9438 7907 4413
16616	4477 7554 1388 10879
16617	10870 8925 1887 1827
16618	8417 6983 8429 3422 8925 2236
16619	10061 8488 7384 7018
16620	1265 2569 1469 922
16621	11123 9973 10536 10426 10336 7213
16622	355 3684 6565 3816
16623	24 370 3139 1389
16624	7818 11136 321 8255 4722 5165 7822 6137 9574 9190 5147 10925 3900 10861 3981 9188 7581
16625	6914 7978 11626 1318 1569
16626	11717 10121 5786 4442
16627	1574 2399 2993 7319
16628	4344 6306 4926 3888
16629	2866 2316 3011 1254
16630	11616 8434 8778 9501 10487
16631	2379 2749 6538 1974 1676 1755
16632	9823 1902 5724 3973
16633	461 304 8071 7019 8223 5274 8434 9587 8006 11158
16634	2615 700 7638 1297
16635	11000 9129 8963 9612 11132 11305 10090 2012
16636	1978 2133 2968 1917 3304 3293 2134 2123 4714 2866
16637	8012 2998 803 1489 4831 1564 9779 6306
16638	9876 2024 2188 7294 6725 360
16639	5374 417 5866 4166
16640	4218 8996 1354 4385
16641	6192 2299 1847 2078
16642	2088 1915 2467 5407 1917 4371 3215 2633
16643	5275 8631 1170 8567
16644	3550 7832 4843 3888
16645	8149 4812 10669 9667
16646	1264 1917 1363 5518 6802
16647	2641 3139 2863 9575
16648	596 1867 1237 6751 9423 1139 7940 1150 6266 10215 8845 7170 2814 3748 2526 383 1539 583 4606 5244
16649	3320 8604 3177 7213 9557
16650	10882 9468 10732 11362 11295 10901 11363 10999 11361 10780 7195 10524
16651	10475 9541 11516 10443 10474 10444
16652	3204 2588 316 1339
16653	9541 6481 7978 8896 11543 5696 2099 9703 10511 7229 9542 9653 10475 11912 7745 11081 9689 11389 6732 10569 8564 8012 8565 657 7920 1825 2067 78
16654	11108 9164 3389 11921 4886 781 6206
16655	5397 2376 1498 214
16656	1974 6099 10651 9013 7579 7260
16657	5435 4720 4917 4689
16658	8215 5862 6233 2594 3486 6852 9573 9770
16659	7338 8063 3963 3922 2723 5173 11580 9988 11497 6896 4783 9040 5751
16660	1264 3652 1561 1031
16661	9127 9238 8593 5378 9129
16662	11504 7349 6906 6930 9703 11537 9285 8919 6055 11505 6359 11507
16663	7306 1012 1023 961
16664	298 4977 8252 8965
16665	9821 7474 8276 9863 2299 11636 6565 3057
16666	1139 1279 4455 2607
16667	8118 3380 5108 3884
16668	149 9422 6306 9883
16669	6898 5550 4971 4409 6266
16670	3858 289 4431 6220
16671	4612 2172 6084 5684
16672	10546 1224 1839 4156
16673	5075 3098 5371 7512 2545 6258
16674	6124 2893 3979 4719
16675	4340 2394 9856 67 11
16676	3869 4642 10130 7328
16677	4509 1214 8165 4157 7720 2611 8842
16678	1218 7338 6306 2336
16679	1880 1569 4705 1244
16680	9152 9585 6117 1725
16681	3427 4781 9406 7461 5261 4908 5436 11019 5268 4587 9952 4669 6720 9087 9370 9026 8108 8050 5435 9951 6232 9408 8038 3269
16682	3444 8524 5161 4768
16683	7947 5991 9663 8916
16684	2188 4007 2580 2002
16685	2181 5968 6208 6971
16686	1318 5783 5587 1943 230 3930
16687	5853 9140 4420 3674 3763
16688	2535 5246 2022 6039
16689	9347 4926 8139 4925
16690	3798 2311 6426 1374 2231 3195 5248 341
16691	4827 226 612 3096
16692	9473 8774 1116 1077 5371 5504 1696 9791
16693	839 842 1444 626 814 723
16694	6618 1663 7944 3768 2066 229
16695	10146 10197 10757 8246
16696	5624 65 151 987
16697	9860 9437 9106 8381
16698	3688 6145 4926 5782 99 4925 151
16699	2224 7248 6191 9732
16700	7006 9694 9476 9583
16701	5038 3318 394 3346
16702	3855 5793 3341 9681
16703	1655 234 3042 1958
16704	1814 3902 6769 5836
16705	10900 2665 9755 9950 6339
16706	1364 7387 10624 7858
16707	1918 5097 1713 692 2460 3861
16708	2540 8633 1799 10121
16709	7792 3564 11837 11232 3560 10635 8810 8467 11225
16710	8354 9668 7576 3300
16711	3381 913 7770 3663 3487
16712	9134 9461 9127 6913
16713	9627 10623 2611 10028 10609 2599 4327 11347 3325 6686 10761
16714	4979 6449 2819 7676 435 1826 6018 8181
16715	925 5568 2967 5450
16716	2399 1573 6077 2038
16717	5158 6120 8460 10104
16718	9235 554 2536 10369 10438
16719	5891 621 2478 9619
16720	3976 5015 555 7122
16721	4649 1565 3906 3505 2561
16722	9204 8518 9859 8512 10404 8609
16723	359 1833 9607 7232
16724	5929 2613 11155 6584
16725	9567 5801 9706 3737 7573 5870
16726	9248 7711 218 1147 215 1800 1230 9946 554 3710 11649
16727	11782 6446 530 3181
16728	10325 2575 10077 775
16729	4204 10478 5500 4991 5947
16730	9200 8320 3370 11126
16731	8457 8123 11377 8455 10877 1722 11305 1811 10984 10683 8122
16732	423 8361 7779 7773 11090 8401
16733	11404 11156 9091 1837 11492 11087
16734	11153 11220 1116 9133
16735	7676 1151 1663 2951
16736	621 3570 80 3789
16737	7329 9533 3122 8201
16738	1654 1734 2137 415
16739	2874 5830 1163 4550
16740	2675 748 366 781
16741	5918 10464 6681 1133
16742	6449 842 783 799 738 713 794
16743	10699 8505 8502 8717
16744	130 131 127 145 144
16745	11156 6256 6111 4857
16746	6715 7875 7874 6418 11133 6636 9364 8909
16747	8485 3401 6640 11461
16748	2141 2774 4038 1643
16749	4693 2348 1764 7249 2226 2415
16750	103 6462 7708 113 10045 76 8484 98 109 37 122 121 6679 9706 11495 69 7908 11175 10127 11453 107 1272 3397 15 25 9339 11568 9331 11356
16751	6168 901 7538 2550
16752	1928 6163 1487 9724
16753	6123 1602 4515 2402
16754	2540 4683 4029 1151
16755	2750 5689 8580 7916
16756	3000 8856 7248 2228
16757	8125 10513 5741 4943 5363 4439 9709 6578
16758	1503 2022 4928 1561 2286
16759	4909 2459 5277 1615 482 3076 3503 3432
16760	2514 4806 8835 5999
16761	3848 11797 5673 7840
16762	5828 7494 11674 513 8920 11675 1524 11676 10670
16763	6410 6195 5911 8938
16764	9494 10910 11618 9506
16765	445 11159 199 10370
16766	8427 8430 9564 9563 8429
16767	11372 10915 10880 10893
16768	263 4061 4042 4989 700 419 4508
16769	9155 445 4923 5117
16770	4859 157 7513 5662
16771	8751 10077 1787 1415
16772	7006 2404 1811 1137 2966
16773	1787 770 404 769
16774	6095 3351 2531 4775 8604 3311 8039 894 530 4174 8042
16775	10585 5765 5762 11030 157
16776	7863 6944 449 9000 7072
16777	6258 1462 6626 3027 603 955 10499 9332 533 2480 6838 9417 11208 7018 11179 758 11761 7010 840 1495 625 7019 11586
16778	4859 10651 2284 11277 10109 9557 7248 7833 9975
16779	4119 3560 4876 2104 7356 6311
16780	8959 9229 9589 6301
16781	3804 11665 11776 3379
16782	1281 1249 1094 1108
16783	8651 136 7831 2179
16784	11187 9426 11333 10690
16785	194 1386 3666 2703 1760 476
16786	168 272 177 176
16787	9395 5571 6572 376
16788	498 9480 9769 9681
16789	6247 6452 11752 8914
16790	7245 10807 11789 10370 9638 7242 8553 9892 1009 4040 11079 11685 11600 9268
16791	596 799 2445 758 3283 649 1256
16792	6295 736 6535 5053
16793	2256 8403 8020 2527 5049 11400
16794	3386 6217 7805 61
16795	1521 824 1630 603
16796	7383 8911 867 8909
16797	3610 970 4836 10529
16798	11539 10370 7022 3897 3519 3229 2036 11761 1691 341 10234 9800 1025 10958 2536 6375 5830 9950 7678 6733 6731 1035 2917 5797 7273 7237 11674 4706 11080 2586 7292 7095 11681 1073 5889 10272 7459 2899 1166 3125 9107 8236 9461 11537 199 1028 9672 10798 11655 11402 1031 11293 1093 1654 3389 7882 4240 4859 9167 1328 1026 10507 6363 5259 4277 6974 8482 10426
16799	2577 2920 3665 1572 479
16800	1976 3 3099 2153 5432
16801	5696 7347 11096 7080
16802	6295 9332 2649 5371 9229 7293 4082 5311
16803	2593 5744 5370 3861
16804	2157 4432 11421 9902 486 1332 8232 6905 1608 2404 3664 3168
16805	3886 1187 5351 6998
16806	2353 2094 1780 2545
16807	11723 3827 4056 2491
16808	5191 10895 11404 11628 9531 5229 11480 5295
16809	7797 3150 6756 9882
16810	7833 6166 9988 7338 11497
16811	10496 10929 10570 11061 7653 11057 11226
16812	7281 11404 11359 11560 11498
16813	3346 1332 613 1547
16814	4065 1236 626 610 5360 1233 5948 625
16815	11810 11431 11271 10951 11120
16816	3797 7122 4978 7309 2459 2720 2843 5277 596 983 6755 3294 1868 1570 2434 2041 2776 597 1893 5248
16817	5303 4883 8371 157
16818	10236 10946 9152 1716
16819	6270 902 4973 1969
16820	739 1091 1076 280
16821	2532 7890 5672 2136 5790
16822	339 534 1937 408
16823	5097 5190 5013 554
16824	7763 173 6622 7058 10168 1422 3503 8187 8868 6993
16825	1346 350 4656 4372 2851 2852 4633
16826	3628 4190 3763 5526 5518
16827	7670 2157 7683 5624 4952 10689 3678 3590 899 10167 4633 9929
16828	1703 8941 2417 2377
16829	4225 6926 1804 4928
16830	7330 5102 5534 240 2402
16831	864 4574 3224 5369
16832	1279 6486 5331 1877 4704 3376 1722 4259
16833	4820 2994 1898 4306
16834	10258 6001 10489 3324
16835	6207 10397 730 10356 10377 10981 9639 11026 9727 6457 11510 10498 11545 6209 9711 9230 11594 6204 9270 9232 7747 9237 11237 11353
16836	2096 4650 7025 8524
16837	11106 5903 2442 11246
16838	9005 9007 5619 10461
16839	6512 7402 7926 11426
16840	4399 3227 9463 3099 9229
16841	10757 574 10793 4481 2670 700
16842	938 417 285 1035
16843	1278 8672 2775 2066
16844	388 7229 2254 8054
16845	5439 5303 11203 11082
16846	10087 4876 4186 6430 136
16847	1002 1492 1114 586
16848	3834 8917 6939 4534
16849	6298 33 10687 11108
16850	7286 5062 3996 1745
16851	7349 6550 6474 3139 11440 6616 663 4126 11031
16852	5944 7714 4610 5566
16853	8410 8987 7145 8416
16854	781 2790 230 445 5075
16855	6411 803 4678 688 6548
16856	9073 9511 9508 9505
16857	6983 3323 10448 4521 2497 10796
16858	2419 11426 5934 460
16859	10551 11521 11767 5699 8500 5000 11180 1879 11741 8478
16860	9467 9012 5440 6350 9013 5642
16861	11473 10771 5944 9691
16862	10757 2837 10467 3663
16863	1654 6262 8168 4572
16864	3191 10670 5218 452
16865	9179 2181 8529 8370 1135 2616
16866	5253 6324 2668 2584 3300 6318 2657 2340
16867	992 8565 1011 3685 670 2496 5168
16868	6629 6632 6637 6634 6419 5479 8312 6630 2488 5475 11524 10394
16869	8148 8916 6932 355
16870	6896 1489 10309 10528
16871	10983 1811 10702 11001 6683 10984
16872	6237 9247 2935 7389
16873	5012 2034 1184 1734
16874	1116 10586 2608 9848 10474 10629 9384 2800
16875	3708 1928 7223 136
16876	596 4051 4107 1390
16877	4406 9569 321 6065
16878	10571 4252 4300 2041
16879	7248 805 236 4609 803
16880	3741 722 6007 5896
16881	6810 10835 10055 11217 6339
16882	2118 4952 3710 7547
16883	2342 8140 9023 2415 11179
16884	7833 7248 10527 9682
16885	10805 10801 10804 10803
16886	5550 898 3972 1528
16887	7271 2369 4828 5134 4636
16888	7277 6948 8445 8131 2526 6411 3177 10000
16889	6609 7181 1135 10315
16890	10865 3641 6549 8229
16891	6168 5435 1576 4776
16892	9279 9401 9760 9020 9400
16893	536 603 938 607 755 683 382 1211 535 3567 649 1377 1034
16894	8102 823 9777 731 6657 8403 2063
16895	2801 6638 9052 2953 5929 1706 870
16896	8058 9784 8432 5692 8998 8060
16897	10580 9181 907 6904 11739
16898	9165 10583 8776 10935 9355 10008 9858
16899	11060 925 5112 2978 923 3497
16900	4321 6222 6214 2320
16901	1713 1002 6797 5432
16902	4417 1615 6270 7592
16903	10717 2067 11546 10561 11058 10495 8486 236 167
16904	2683 4277 2641 1953
16905	5828 2342 6091 724
16906	10917 4977 10367 1359 11025 5962
16907	4182 8871 5234 5297
16908	11360 11115 10799 10153 3237 3278 10724 11029
16909	11767 4004 9821 157 8337 11699
16910	10228 9386 2359 6640
16911	931 4845 3058 10895 9187 9429
16912	10702 8080 2936 4948
16913	6410 6291 6373 5911 4461
16914	11465 8640 9479 7714
16915	183 5304 1615 661
16916	5128 9145 9739 10437
16917	7383 2404 8299 9712
16918	5761 9684 7010 11096
16919	4659 11315 10020 11826 11626 7809
16920	4473 5049 8460 10724
16921	4191 4940 9874 2238
16922	2123 2109 3695 7122
16923	10037 10629 10405 8528 2856 3981 11674 10506 10497 10982 11658 7009 11629 11669 6613 11639 1701 6151 10418 9423
16924	10139 10805 10740 5779 10769 10801 2671 10804
16925	6443 11569 2577 277
16926	7379 6464 6439 8125 10991 8753 1116 9200 7201 3254
16927	671 7410 7593 11199
16928	6835 10689 6731 10703 4876 9231 176 10671 11327 6737 10091 6837 9230 10570 10500
16929	728 6341 11644 6067
16930	6524 4362 3982 4102
16931	799 340 934 463
16932	2192 5350 5251 5371
16933	4284 6522 2575 7234
16934	187 537 1312 3652 576 874 289 896 616 1858 285 732
16935	8065 11679 4523 10887 2924 10889 11323 6316 8539 3636 6060 1745
16936	9281 10336 10348 8273 8446 7224 8923 10427 10760 10595 10540 8091 11668 10497 9061 9638 9237 7245 8934 10347
16937	6208 10696 7329 9356 10501 9079 8319 9153 10174 10380 10929
16938	4434 1359 3650 4435
16939	2978 2164 5379 9375
16940	5277 8717 4475 4149 229 5439 1528
16941	10683 3088 11029 781 10724
16942	10697 9621 11139 5456
16943	303 10120 2765 3692
16944	10928 10402 6904 10561 10894 7275 6195 8282 10670
16945	4691 9025 8832 11435 6058
16946	646 689 741 789 534
16947	10400 10516 10560 10406
16948	10042 2867 2634 3465
16949	4038 11110 4155 808
16950	3304 2135 4679 1221 2174
16951	6883 5833 4263 1615 4988 4864
16952	2123 1932 6041 2769
16953	10368 9592 3889 581 489
16954	2352 5297 6066 1421
16955	11467 2575 5044 2663
16956	10272 11230 9292 11053
16957	1608 10895 6181 3560 10874 9066 9065 10164
16958	140 7878 2084 9232
16959	11553 11628 11404 1767
16960	11707 10996 5267 11686
16961	9968 1159 9390 1164 8501 8462 8491 6803 9388 9542 9232 6499 9234 10356 10370 10070 6858 5968 9225 10928 9384 10587
16962	9827 9531 11751 11766
16963	10156 24 9037 10185 10160 7098 5439 10060
16964	10158 10214 10200 8997 5789
16965	11837 10036 8165 6150 11666 8504 7978 4040 8503 8659
16966	1420 5599 3741 1151
16967	7269 6733 9638 9570 9557
16968	2197 450 9002 3526 4475 5693
16969	1286 1654 2443 8822 7122 904
16970	6951 6416 7150 6562 5806 11023 6718 5804 7528 10392 6717
16971	857 501 11404 6672 11492 11591 9741 221
16972	1514 9681 4976 8729
16973	10072 7952 7953 10074 11404 7948 8843 371 10067
16974	3064 3463 3394 758
16975	7122 4863 1341 3291
16976	6973 4227 10352 5047 9160 8491
16977	7809 9827 6406 9834
16978	7014 11405 1547 9198
16979	4847 8802 5894 7951 8916 6452
16980	5362 8548 2320 1421
16981	11001 5015 7276 1629 4324 4106 8878 9203 7193 1170 3761
16982	10124 9187 321 3662 5332
16983	4940 905 8009 4153
16984	3244 11058 3389 5449
16985	8165 4103 2828 1635 3437 213 4380 1548 3139 1310 10670 3617 6220 8125 2165 7569 5604 905 11425
16986	11505 9277 3013 10417
16987	5565 3304 3293 5165
16988	7042 9356 9008 136
16989	11719 1579 7726 5357
16990	4166 7905 9536 3296 11557 1059 5275 4705
16991	2257 1408 6690 5869 133
16992	6748 7935 240 7951
16993	7001 7357 2630 6765 7828 5856 6034 9378 9234 6764 6224
16994	731 663 6070 3298
16995	10447 8353 7808 7236 7248
16996	5892 4751 1413 251 6537
16997	9532 8013 85 9033 7786 4344 9039
16998	3967 11758 11081 10984 3897 11848
16999	9480 9881 9568 11791
17000	4161 4412 4167 3408 2436 4254 4233 4264 4163
17001	7707 4633 2819 892
17002	6190 10511 6596 8489 11127 8488
17003	7122 5928 8295 4631 3840 4351 5308 10069 3603 5929 1147 11122
17004	8953 8222 8421 8952 8221 8847 8247 7467
17005	6094 4955 4191 5169 6058 8554 4076
17006	10289 2540 7119 9093
17007	10023 6938 9207 10757 7294
17008	2438 2441 7233 6938
17009	11615 10898 10835 11731 8847 11706 10996 11614
17010	8873 2128 6426 1487 3641 1415 1889
17011	8016 8296 3111 2489
17012	3362 1625 1279 4199 3079 7825 3954 1928 4506 2398 3608 2209 1289 1626 7205 4184 644 7328 1196 5456 6643 5867 6544 2701 1906 5457 880 1263 5106 4295 3370 6987 1402 5797 4908 5680 6049 4293 4090 2310 2007 1744 3575 6553 259 2020 754 4924 2215 4763 2653 3477 872 2700 1166 3715 1767 5452 3925 1822 5586 3012 1222 4751 2676 4951 5920 682 5892 5217 5699 6710 882 383 5278 1540 3703 4118 6770 6174 2349 1582 6277 802 701 3034 2671 4490 2446 2314 3167 4788 240 2060 4736 1865 5215 1785 2821 3825 3407 6991 6142 4535 3574 1714 4789 2518 887 5551 3023 2126 3748 1994 3624 214 6132 3818 4955 2370 6138 1511 2980 631 26 3566 2369 7410 1551 1308 3591 253 1699 2294 5768 4303 2940 7185 3588 2071 2039 2574 2840 4068 6666 5886 4774 4534 5765 5994 5573 5986 3919 2220 1808 3614 6077 2343 5532 1103 4794 3327 1050 238 2675 1577 178 6828 1818 2121 3571 5975 3702 234 4460 4151 2090 5436 5296 4493 1945 2726 3935 303 4374 2037 4668 3931 3438 5987 2801 2851 5535 3882 2773 277 6493 42 7204 3530 3170 11778 5231 3387 2813 3095 2654 3877 5546 1971 860 546 5501 1306 5399 3908 5627 3060 6043 5917 1335 4631 5563 4791 5791 7289 2363 4604 520 4665 3723 2263 3775 5267 3468 200 5697 1288 598 1763 3773 4577 6175 4356 5208 4320 5531 251 10834 2202 1715 7203 505 1152 2023 3549 2645 3926 3643 6037 4078 2344 2049 2419 4352 2154 6279 3159 1805 7620 236 461 4437 4570 2309 466 133 4786 229 1101 2417 3914 2872 3729 4423 9659 3546 2012 3659 6674 272 228 4783 4218 4236 195 2862 2869 1580 5534 902 1809 4324 3691 1603 1149 5638 2828 5730 5202 5639 46 2024 467 6639 4464 2292 5226 4385 213 2897 3026 3634 2887 2188 4887 3918 5571 5930 2648 2955 4557 5872 4895 3706 1362 4690 843 4948 2541 4299 1246 3451 2293 232 3368 4153 2548 2540 6443 5635 1330 4438 2583 212 504 348 1546 5274 3932 5158 1828 3015 4743 5250 1068 3489 3232 905 3596 2008 4194 2408 6135 2318 4204 4913 1748 2176 3902 4893 6931 5517 2485 2302 1421 2009 1722 4697 4449 5275 3048 1720 3834 3302 5979 4894 455 5828 4640 4875 1565 258 669 5640 502 6771 920 5976 1299 6193 4627 3031 6863 274 4963 4940 6801 5094 6087 4049 2908 239 4790 6176 5249 6133 5152 2581 5472 2224 4952 1772 6367 2041 2190 4220 3833 5030 4037
17013	9664 8698 8704 5731 8583 305 9209
17014	63 64 152 7248
17015	35 619 4876 5504 1941 228 3139 5117 3714 6719 8218 5439 7328 136 8717 8520 4205 8718
17016	5890 1837 8449 8679 10485 8678 1359 8683 2191 8681 8677 9878
17017	11441 2158 7161 8074 3394
17018	320 3251 1010 1035
17019	9871 9667 2460 6985 7856 4069
17020	8194 4296 7513 9461 781 7406 355 10151
17021	8618 4619 6883 7233
17022	5929 6887 6470 2101 11341 10922 9257 6597 8294 7005 5928 2536 4808 11060 10435 11404 5644 11483 3752
17023	3139 1387 699 7773 269 7348 11110 268 9432 926 5234 5665 136 301 10263 4062 5504 3967 6639 424 349 133 1065 261 190
17024	11060 6055 10107 2037 9442
17025	9626 4521 8354 6503 8977
17026	779 9237 781 10055 11193
17027	7671 3013 10070 9490 6889 11257 9493
17028	950 3511 4944 719 3626 896 3097 4205 3581 11400 3351 4435 2917 10077
17029	2865 2412 724 397 3151 7485
17030	10600 10925 9614 10821
17031	6456 6455 8246 8000
17032	5180 55 6891 5865 4174
17033	590 7962 6546 3710 4769
17034	2796 1762 1114 11159 1143 1032 822 1116 255
17035	9835 9825 11024 2389 4545 4040 4546 3841 5578 2212 3706 180 1318 5755 907 8502 239 1864 8601 8485 1419 8838 5003 781 3126
17036	2301 6111 5877 10057
17037	5620 4859 2437 539
17038	2506 7933 2789 2683 931 762
17039	9439 6287 6228 4647 1176 6449 8533 7991 7741
17040	6705 2440 6474 2029 2958 4022 10398
17041	6380 724 3741 6136
17042	11556 11846 10643 11009 11853 11355 11549 11034
17043	7201 6613 9391 2399 6978
17044	214 68 1323 3130
17045	3695 2847 5592 10515
17046	8534 1663 1734 1627 363 2124 4649 6160
17047	4394 10590 7519 8125
17048	4789 5641 3298 1170 1176 5193 2889 2169 1761 2851 3304 4365
17049	1487 2681 8758 4406 9237 62 8669 9231 2139
17050	4759 11162 7644 1986
17051	5749 4189 1361 2536
17052	2920 7104 6888 447 576 9455
17053	3172 3098 1520 5117
17054	10077 3090 602 10684 9461 4550 8468 11084 10918 7260 469 5468 2425 7725 7274 2718 10813 11607 6980 7081 5469 9085 3389 10935 11077 11126 11587 7292
17055	5898 7206 4269 3644 4970
17056	4027 1426 6550 3346
17057	11096 10219 9202 11123
17058	5510 7535 8803 10500
17059	9331 31 3671 2228 7660 6306 10789
17060	11229 355 9576 8805 2993
17061	1240 2235 7187 4195 1959 134
17062	8896 3651 495 4070
17063	4505 4260 9249 3015
17064	1289 518 773 2041 9429 3295
17065	5038 7720 6613 3713
17066	3010 7598 769 11360
17067	661 3935 2122 4755 7855 2393
17068	7248 308 1099 3719
17069	10778 10127 48 6625
17070	9494 11614 11408 7701 9500
17071	995 289 3942 3037
17072	9461 1618 2190 6292
17073	6786 3364 3984 3355 6313 2106 11506 7248 3356 3994 7339 5199
17074	4104 3531 4322 9770
17075	8263 8270 6596 916 6996 10894 10032 10918 8498 7497
17076	5523 359 4237 7798 7084 7078 6565 9792 2272 7055
17077	7650 8759 4836 1865
17078	4051 8125 4320 6137
17079	7952 1183 1864 1662
17080	3431 5367 4686 7252
17081	1932 263 445 261 272 240 244
17082	3982 3504 6851 2129
17083	2140 3984 6728 10298 6761 10526 7338 3983 3314 5070 11531
17084	7690 6457 9332 7691
17085	9778 8853 6819 7633
17086	3628 4667 1374 1816
17087	2135 7868 3298 731
17088	11476 11897 6974 5434 8481 7007 11006 8281
17089	277 3610 1723 3504
17090	4012 7736 157 7402
17091	9231 157 9237 7571
17092	7214 1146 2181 1161
17093	1829 2917 1803 11413 11441 3376
17094	8946 10127 5812 1614
17095	3641 616 2042 1038
17096	4840 5888 3631 10195
17097	8337 3353 7803 10649
17098	3908 6497 5334 3951 3932 3526 6496 728 5613 2128 1928
17099	3139 2062 489 3671 5797
17100	10315 7686 7104 2393
17101	7922 8397 2829 4704
17102	4696 8895 6917 11702 6067 5372 8938 5458 3889 9816 8936 9235 5860 11410 1251 7821 9704 1279
17103	10675 6220 2482 3193
17104	10464 8905 10590 10753
17105	2971 6295 5941 4839 4440 9301 2654
17106	11627 11094 9187 6906 8505 10675 5932 11575 7527 7080 11545 8770 7358 6204 9366 3280 10920 8316 10812 722 3389 8272 9848 9582 8486 6150 11077 6052 6838 932 6497 9759 2503 11510 2084 11182 6732 8264 10024 9183 10932 7329 5902 5468 11129 11546 909 4352 6309 11168 9514 9354 10865 9332 2468 10970
17107	699 11498 10187 11404
17108	8936 10114 3955 9708
17109	10045 3888 8656 6504 111 4580
17110	7594 2198 4853 9449
17111	9761 8146 8555 10177
17112	9659 4625 11663 8628
17113	1574 28 6874 1367
17114	1060 461 2485 5858
17115	10515 1359 4719 5323
17116	3588 1811 9573 2111
17117	300 7333 5638 4381
17118	6992 5849 9143 5586
17119	9390 9148 11533 10984 10580 10484 3373 1825 11091 10696 10596
17120	4706 1042 3798 1278
17121	1659 3539 11075 9051 1734 6011
17122	5665 4859 5245 5272 2227 366 8738 1318
17123	11254 11271 8071 11215
17124	8920 5145 1352 3898
17125	7398 7819 8897 7006
17126	2338 2634 4263 4962 1537 4376 6675 7284
17127	539 3314 1583 7759
17128	9947 135 344 9535 2492
17129	2899 404 3528 366
17130	4514 1060 6550 902 1369
17131	1653 4652 3566 758
17132	7437 9357 5427 10427 3139 11461 7503 3284 11064 7349 3051 7129 6975 5453 3389 5230 11245 5066 5468 10386 3331
17133	11907 63 10467 136 1586 10527 8812 228 5439 11642 11643 4451
17134	5483 1278 4166 7525
17135	5846 1048 8244 3504 4876 4502 6633 6368 4967
17136	4073 10464 3824 2459 8967
17137	1083 5333 7185 495 9891 2540 4949 800 7328 7321 2630 1898 3734 7299 8748 1918 1929 11426 1632 812 6396 2675 5233
17138	4644 9613 10632 7696 11027
17139	2727 2073 10861 5606 9463 5252
17140	3929 1561 3620 11280 5956 3463 2966
17141	808 773 9042 2482
17142	1725 1001 9010 8125
17143	10211 11469 7662 2046
17144	9300 10371 10030 10962 11831 9276
17145	9134 7513 6919 9461 9125 4814
17146	1264 3133 2540 3387
17147	4562 2893 808 4233 2193 663 9344 5014 7720 7188 581 5281 10559 3202 576 6885 492
17148	10218 8077 1487 6480 6335
17149	8811 9629 1204 6905 4562
17150	4736 3001 1902 937 2705 8294
17151	1135 2873 2379 2485
17152	10043 11277 4497 3252
17153	8393 11836 2131 2646 7491 3802 7246
17154	6917 6903 1083 6771
17155	8923 7033 10720 7988 10372 10726 7243 7273 9162 8470 11390 11586 7200 11544 7241 10689 9281 11353 5125 10985 9290 9161 878 7978 8486 4352 10427 5629
17156	4426 11132 11131 3676
17157	10895 8551 9424 11079 9581
17158	1883 4727 4726 3319
17159	11397 10852 7857 6574 10851 10984 2299
17160	1450 4984 2969 2966
17161	11281 431 11278 9011
17162	6020 871 5882 1072 1865 4571
17163	7921 8738 6884 4055
17164	1921 24 5782 428 2889
17165	6793 7075 9021 6292
17166	8819 7436 6601 8337
17167	4406 9856 7319 10908
17168	9461 7698 4543 4704
17169	8442 10692 1287 8938
17170	779 772 2019 10179 5217
17171	5287 4009 7382 3198
17172	9652 11055 8504 11252 11189 916 9107 8489 11913 6906 3130 2084 5000 10377 5881 3967
17173	402 1471 1676 519 2208 525 634 830 481 4706
17174	5968 8493 11189 11640
17175	1631 7235 7227 9117 3304
17176	3425 9884 3768 10946 10033 6160 3318 8538 7139 1859 173 9453 1973 3762 1903 11865 5145 3669
17177	9725 11499 11078 1264
17178	642 10464 9694 7034 9546 5053 8862 9086 2181 4477 6681
17179	7531 9027 9557 9024
17180	11213 10514 7000 1514
17181	5580 301 2684 194
17182	11221 11855 11765 11894
17183	2945 5233 8286 9346 10506 7994 3858 2944 11173 11738 11182 9237 7669 11116 5938 10759 7255 3476 3544 3950 4300 9137 5940 7405 3152 6208
17184	779 2969 195 3084
17185	5020 2123 2510 4011 3293
17186	7394 476 8125 2376 8534 1811 1368 3950 4461 4904 5665
17187	7403 2204 6284 9190
17188	9997 7810 6619 1333 7382 4593
17189	10266 4669 10876 5267 7462
17190	11024 11616 3636 11295 5504
17191	973 4243 10900 4667
17192	1502 661 5776 9175 4786 4789
17193	4094 1307 8010 4584
17194	1329 9688 6075 1359
17195	4402 6536 4979 3376
17196	2555 5862 5373 1802 1135
17197	7374 4050 11079 7275 4550 6287 11245 11173 4393 11244 1102 9638 1 1344 1286 2379 3467 1285 4546 993 8485 11078 2005 7375 10561 3792 731 10398 3346 53 7211 7348 2816 10854 5673 5504 3092 1911 11539 9967 305 1960 11640 2485 3657 11055 1643 2863 2421 179 3298 3073
17198	10523 1753 8360 6724
17199	4768 4449 7326 4345 10713
17200	2379 1437 7513 9964
17201	9961 5439 6913 10271 9083 9507 6606 10886
17202	215 5281 2340 1064 2659 3361 2117 9550
17203	699 5304 9175 1891
17204	626 789 1043 1234 417 1114 783 1113 630 608 735 1233 830 308 1115 544 742 1267 927
17205	2671 4591 4295 4534
17206	11480 11773 11481 7876 11717 11772
17207	4579 9596 8670 10451
17208	6170 10589 6707 3826
17209	10468 11720 9936 11686
17210	11271 2115 1615 11402
17211	10212 10181 7075 7868
17212	9163 6922 5033 8442
17213	4763 7700 606 3563 1106
17214	312 585 858 5503 1800 6411 5568 6511
17215	6392 5275 1116 5331
17216	907 2207 5439 8718
17217	5249 5861 3005 7677
17218	10304 3468 2988 6688
17219	781 6691 11628 10078
17220	3888 10528 4609 2982 9891
17221	2993 3999 7188 3195 2611 1734 3741 5259
17222	4439 8065 3582 10950
17223	10151 10219 10201 10175 4795 10157 10471 10149
17224	10218 9087 3918 11164 11495 9489
17225	8194 9131 9461 9132
17226	448 7939 7938 1779
17227	6111 3003 3046 4657
17228	11288 9216 2998 9422
17229	435 3664 3981 1639 3784 289 7004 3958 6446 5054 6730 4666 3944 5134 5103 1898
17230	9659 10527 11663 1406
17231	6778 4802 1774 6397 10844
17232	9579 7224 10685 4976
17233	2036 5175 9623 9591
17234	2582 3518 11636 10077 2575 724 6013 8840 9827
17235	898 9477 9271 5053 9702
17236	8768 4613 6013 11663 9659 3009 7833 6469
17237	3518 5075 6690 3708 5929 9406
17238	6301 8388 9804 10890
17239	7643 2379 1898 7394
17240	10795 10229 11809 4851 11917 11807 11875 11525
17241	2478 6743 42 1116
17242	4232 2508 3840 5439
17243	9708 1768 9144 11269 7862 2041 10757
17244	7255 8264 235 5117
17245	6781 5378 508 7514 5361 6901 6923
17246	9659 10527 7644 2316 6988 7248 1731 5101
17247	8283 6208 9153 1752 6733 10957 10148 11006 11515 7375 10381 9989 3512 11095 7374 9672 11676 5609 9157 7745 11529 3581 7349 578 9960 9424 10726 7182
17248	6251 4310 4551 6458 4437 4676 9556 8967 548 2399
17249	1507 9775 3537 587
17250	764 7307 8806 1149 5048
17251	4609 86 4666 5045
17252	10010 3390 6701 7152 10424 10330
17253	6810 2714 5027 3588
17254	740 752 3057 1928
17255	1140 181 10030 7405 5215 7689 7134 7503 6838 8493 11348
17256	10649 8337 9518 7795
17257	511 4183 487 1595
17258	10373 7136 3389 10703
17259	4254 5383 7002 5309 6252
17260	4403 462 5155 5219
17261	5216 391 4977 7434 1561 4478
17262	8560 5801 10434 10469
17263	6380 9592 9481 10842 9812 3674 9225 5363 9881
17264	8771 8468 4622 5968 5208
17265	473 2386 2187 3275 1381
17266	3220 222 386 3373
17267	11403 8235 4756 5918 4757
17268	1053 4447 9964 955 3731
17269	5021 1420 2259 4844
17270	1637 10371 3696 6515
17271	11636 6096 9297 10827
17272	7406 9091 9973 2731
17273	1113 1143 1114 625 903
17274	11425 10391 4207 725 6713 7625 2071
17275	899 11335 1073 11287
17276	5114 1397 6371 6374
17277	1815 2978 6550 3417
17278	10231 10617 9119 2562
17279	3630 3437 925 700
17280	3097 175 3509 7283
17281	618 2717 3139 4508
17282	8236 1125 4888 7285
17283	11126 10365 8510 8513 11891 10559 10516
17284	5505 5311 7216 8210 1696 4929 773 1035
17285	10386 7237 11005 11545
17286	3254 7726 3924 2689
17287	9229 5097 3298 6834
17288	752 1749 10868 2410 2063 2560 1347
17289	7002 7063 2099 11027 5362 8243 7446 10812 10506 7517 9085 11208 7513 10502 9582 11510 4774 11639 9681 8443 7514 8696 7635 7515 2845 10070 199 9570 8793 6836 11066 11057 4533 11179 7749 7081 8851 9442 1940 7747 10379 2022 10699 2042 11207 7478 9974 9131 7748 6919 4056 6342 11817 347 8479 9461 8798 27 9460 7745 9133 9452 11539 10357
17290	4622 11097 11056 11515 8659 9359 10982 9268 1452 10507 7496 5434 8263 10894 11546 6648 10583 11403 9270 891 578 8506 2080 1694 6776 11504 7416 11006 2099 10496
17291	3015 3741 7560 1095
17292	3385 2899 4706 3469
17293	2651 6392 243 2624
17294	6190 5750 9361 11087 6904 11061 9570 8871 6155 11091 10346 10723 8478 9582 6975 9671 7405 6035 9232 578 5504
17295	5798 7222 7492 8109
17296	9460 1664 11064 11153
17297	240 4582 4732 2816
17298	7643 2993 3745 10659
17299	2614 3691 925 4051 2135 3759 4727 2123 6251
17300	899 226 1035 2049
17301	8928 1670 7010 5149
17302	7315 7515 6649 5153 11637 6119 10871
17303	1146 3029 10899 339
17304	7081 11086 10375 11249 7376 10501 11208 8441 11544 11088 8544 8282 8923 6151 8919 9207 10928 10008 7092 6904 8497 9383 11540 6148
17305	8604 8106 6290 7938
17306	3984 10287 8628 5712 8780 2323 1607
17307	5104 9412 9262 8873 9261
17308	4304 11179 10585 9134
17309	4520 2626 461 713
17310	8404 8732 9755 8068
17311	9859 7848 784 29
17312	10757 2038 10890 10891
17313	9545 925 2339 5767
17314	11553 10929 7474 168 4628 963
17315	3791 8078 3851 3091 6350 10148 1489
17316	3346 2135 4634 5373
17317	2967 1170 9461 10683
17318	10650 5097 5591 5967
17319	10443 9231 11080 8922 6156 935 11672 751 533 6481 10982 8805 1703 10500 9079 6267 6154 742 11272 11866 11540 1544 7331 10376 586 10865 8601 1469 739 8480 8938 11654 10981 10670 1345 604 8468 5814 7255 2181 5607 8485 9049
17320	8833 7526 7791 7885 7274
17321	8995 2005 6357 4528 2419
17322	8453 8929 2536 2917
17323	4779 3061 4408 700 4593 4765 3819 336 5029 2128
17324	10922 3348 11092 10858 5614 10861 10755 10692
17325	4739 11254 10167 2502
17326	11076 11673 5830 10786 11674 9637 1116 11056 4030 9162 11052 8866 5613 7241 5301 10696 7881 4438 11226 3139 7346 9727 9383 5302 4850 6083 8929 10315 10347 10356 10313 9332 11067 10598 11065 11208 10426 10383 7393 6359 8796 2682 11098 10881 6901 9711 7330 7784 10788 10584 9161 1524 6207 9273 11054 11207 5506 10714 3581 9460 758 1668 9461 8263 11439 5300 9120 8486
17327	2068 3844 1887 1827 3177
17328	10258 6878 11180 8349
17329	8355 7156 8094 8832 4762
17330	4888 1764 8524 4300
17331	1222 7232 497 2181
17332	9705 10971 10053 133
17333	11305 11061 9974 9 11817 10357 9703 7393 8443 10785 11017 11207 10724 2084 10021 11027 7088 9085 11066 9260 7219 7376 8441 10791 10400 11220 11025 11052 11179 11056 8402 11535 11054 11211 11574 2067 8793 11529 10492 11831 10313 11471 10493 11212 9582
17334	2364 3171 6726 1190 3266 3261 7159 4414 3983 3994 3984 8359 1188 1708 8781 9291 8360 1151 6786 10055
17335	10721 8481 7773 8462 5117 229 9316 6974
17336	11680 10774 10544 11355 10773 11577 11576 10775 10776 10095 10097
17337	3689 1620 798 9241 6267 10106 5234 5665
17338	11673 10669 9667 10357 9484 10502 10247 7272 8467 10272 8551
17339	6991 2162 175 2125
17340	11190 3499 2874 6971 11059 11270 10275 2670 7713 7360 10596 9162 9019 2209 11095 10397 1952 11402 11656 6838 9096 10584
17341	2685 172 3014 9020 7978
17342	9162 4115 3389 11211 3897 10349
17343	7833 9659 5665 4706
17344	10455 2030 7978 5999
17345	10534 8354 2115 3346 10209 6344 10914 6367
17346	10899 10090 10070 10381 9718 2022 7513 11079 9134 5850 10906
17347	10388 3721 10694 10417
17348	2190 2358 6362 331
17349	1612 1828 2412 5608
17350	4561 3721 11722 9531
17351	1068 6342 1744 2531
17352	10584 2116 9534 11066 8659 11700 9290 9972 6173 8468 6204 9316 6190 6208 11270 10812 10583 10930 6206 10402 11005 11228
17353	8041 7248 1987 8689
17354	7857 3571 2866 3026 10177 2459 11145 10163 1030 8041
17355	853 4468 3398 7529
17356	5418 3584 9178 5318
17357	10847 5535 10983 10846
17358	11117 175 10147 2394 6429 11235 3448 5405
17359	3661 1539 4173 2540
17360	700 2540 1151 3647
17361	1764 7927 1264 8125 9872 10780 9139 1717 6222 4079
17362	10897 7549 11492 6222
17363	1135 1695 5281 8933 3431 4859
17364	6507 3888 4859 68
17365	1653 9995 9993 6528 10050
17366	6076 2502 7777 2077 2897
17367	172 5106 5615 195
17368	3889 2595 4157 5583 534 840
17369	1038 2435 5487 3796 3861 2173 2165 6549 10043 1332 11379 11117 5245 10692 6426 9890 5353
17370	892 3188 4508 3297
17371	11226 11077 11208 10788 10707 10670 10786 11053 11067 11207 11061 10675 11054 9541 10275 8866 11546 11066
17372	894 4541 11123 4407
17373	6858 9582 6055 9384 10506 8811 9570 10670 11593 7403 11537 9557 11129 8404 7512 6036 10703 11094
17374	4253 3057 7343 7530 5239
17375	10608 11448 10609 4745 6964
17376	8946 6101 11596 11604 11566
17377	3417 9195 7982 1597
17378	1116 6392 3861 6222
17379	1852 4299 3926 5325
17380	8240 2663 3054 7837 4412
17381	7072 6205 9148 199 10935
17382	4762 6396 1772 1661 2604 10177 2395 317
17383	1513 186 1116 649 940 1061 780 536 611 366 1114 753
17384	7670 4388 4761 1549 2070
17385	10151 10413 9216 10408 10461
17386	136 6955 1167 531
17387	3992 5756 3786 6919
17388	5356 1918 1710 3347
17389	10513 3437 567 3293
17390	4390 4649 234 1819
17391	7996 6018 8646 4661
17392	2441 5206 10562 11531
17393	731 3768 567 902
17394	9614 9113 10323 10325 11808
17395	6328 6731 10108 9702 7920 10540 11230 1758 8263 7745 5830 3401 10299 9352 491 7881 10418 4845 8926 11229 735 7253
17396	10683 11070 8136 11300 10886 11739 7854 10838
17397	7435 5259 9595 10016 7585 321
17398	2075 393 3346 7694 7248
17399	5780 7255 300 8319 8919 9395 11761 11587
17400	10651 2600 4044 7650
17401	5830 7234 2137 4164
17402	11334 11585 9975 2013
17403	5976 8848 6600 46 5951 9622 5985 9427 5975 7833
17404	3048 3376 6905 6303
17405	2505 554 5091 2118
17406	4504 11129 4546 4872 9930
17407	6806 7155 8481 4324 10935 8272 7745 8403 9961 8402 9958 11084
17408	10672 10723 10399 11054 11270 11724 11594 11078 9727
17409	6222 6019 2681 7383
17410	11302 11448 11471 133 6972 11066 10377 5320 2899 409
17411	693 650 1234 581 793 687 798 759
17412	2810 7478 11125 1823
17413	3348 2380 2877 2540 3293 4634
17414	1359 8584 4085 1998
17415	10807 10036 11123 10983 8506 8949 8752
17416	5383 6213 8354 9690 5729
17417	10303 9692 10237 9398 9734 3111
17418	231 1286 1287 1709
17419	1929 8897 8125 2121 8265 7271 7872
17420	4259 5363 5325 3452 11342 2571
17421	1083 2125 226 999 1850 840 2268 6099 2590
17422	6213 7579 7228 8113
17423	3269 7848 341 8071 4776 7851 7863 11709 10531 951 5778 11159
17424	10940 10292 10634 10934 9706 5624 36 9331 150
17425	10682 7752 1629 328
17426	1928 7342 258 9713 6081 8751 11742 176
17427	8934 6905 4425 9638 7233
17428	4803 1414 2545 5035 229 11425 265
17429	11791 9512 10889 8437 9204 8929
17430	11087 11284 7248 10147
17431	7237 10435 1135 2567 3300 2379
17432	6302 11169 7657 6094
17433	10841 6088 7454 10844
17434	5160 7578 6406 6024
17435	4879 11643 11300 3100 7079 9421
17436	10164 5960 2599 8064
17437	4493 1715 9597 10249 8936
17438	4952 3890 384 5172
17439	7482 2346 4045 10086 6379 6057
17440	2864 4298 4376 3588 11373
17441	4259 7072 1838 7248
17442	4897 6730 9535 4284
17443	10381 9695 9362 9173 10606 9223 7405 9364 11666 8830 8939 11668
17444	5259 5644 1009 1839 823 2599 3146 6779 7907
17445	7998 11424 11421 11636
17446	10681 8519 8074 10951
17447	10152 328 8071 8538 7517
17448	8868 6440 9950 6993
17449	26 3371 3916 1918
17450	8070 10158 8869 8074 8519 8072 8465 8875 8870
17451	6136 8520 7188 6066 3306 2960 7211 3631
17452	6883 1917 5364 4508
17453	33 11237 11245 10397
17454	5033 11425 867 3523
17455	8838 1928 8974 183
17456	10179 10161 3942 1804 9998
17457	4401 9161 10348 7176 8779 4706 3389 11402
17458	3391 5188 2885 5092
17459	5439 9318 661 8341 8368
17460	10210 11295 4901 8403 5247 10912 9362
17461	24 3694 6415 8012 40 11487 6660 37 2997
17462	9232 5183 5034 1151
17463	4517 3067 4508 4520
17464	2735 7162 2510 3908
17465	3389 9739 6173 139 3967 272 1332 6255 2128 7305 6974
17466	9575 9920 2890 7249 7831 7478
17467	11141 2452 5998 7512
17468	1804 6285 2084 11343
17469	10528 7338 10309 11623
17470	3474 6224 812 6034
17471	8460 6202 10799 6662
17472	10884 8421 11429 9503
17473	11476 8493 300 5609
17474	11123 10426 9223 11895 11837 11433 11512 10247 9201 8442 11225 7669 9091
17475	4149 314 567 8974
17476	669 11053 10726 11705 11507 6229 11066 11272 10313 9260 11052 11671 8796 8938 9581 9292 8793 6251 10588 4663 10356 10584 5427 11533 10791 10383 7188 11098 5666 9711 11674 9276 10786 11059 11067 7081 8443 11056 9570 3389
17477	6340 2212 3351 2164
17478	3273 4706 7248 4323 3966 3688 7217
17479	5188 9210 9665 1625 1654 5439
17480	9498 9499 9593 9526 2369 8412 8952
17481	902 1458 4254 6903
17482	3550 10954 5624 10528
17483	10344 11421 11423 6418
17484	4608 6236 6938 5605 7743 5981 4356 1500
17485	8838 2353 2247 5685
17486	8594 6059 5417 3937
17487	3173 2101 10055 1359 5567 5246 2540
17488	24 1615 11122 8114 3779 3539 6305
17489	5281 9830 4536 9829 2834 5446 2085
17490	3960 6536 4402 894
17491	11060 692 1924 5302 2152 4084 5947 7332 355 11336 512 6327 7260 5333 7907 7034 1348 5785 7358 5780
17492	463 567 1683 1110
17493	4509 6378 4259 4080
17494	2321 9083 7435 4461
17495	4517 9534 5527 9319 4519 9320
17496	2658 7813 3880 4946
17497	2541 9288 3088 7846 8873 10286 6013 3902 7248 9659 6620
17498	3423 2495 466 616
17499	11103 1776 4449 2540 7706
17500	3304 640 731 1122 1332 576 1841 7149
17501	909 2379 2056 1734
17502	5876 9332 9729 9354 8929 7775
17503	10983 6671 3695 3982 1654
17504	11154 11139 11152 10015
17505	10181 3659 10151 9891 10185 8652 10216 3372 4706 1792
17506	2393 9076 7554 9483
17507	3678 28 5945 3186
17508	8225 10494 7006 10717 6732 8280 7241 11471 9727 5781 10670 10514
17509	10111 8043 5593 7414
17510	11067 10861 3636 7974
17511	5431 10898 7353 6112 11372 3938 364 4045
17512	5504 6474 1508 4876 132 1181 11907 10071 2858 307 5965 4094 781
17513	8506 842 9091 8502
17514	417 2125 1284 1916
17515	11564 11759 11758 11526
17516	11768 11498 11606 11455
17517	4360 4510 5925 5668
17518	8072 4692 10375 3598
17519	6111 4363 1583 2433 282 1783 8173 5175 6030 7921 5693 309 3110 4365
17520	3570 1614 3091 75 3851 34 2031 12 4595 1218
17521	7743 277 6993 9313
17522	3651 2531 6380 3295
17523	4528 7276 4907 3835
17524	11551 11611 11619 9489 11622 11725 8422 8423 10555 8411 231 9646 11296 10911 11686 8184 5798 6406 11719 11706 10898 8577 9731 10573 8183 11615 11416 7467 9470 10999 11745 11455 10998 10891 10872 11720 10765 11415 9492
17525	8065 6335 8064 6337
17526	1775 9934 1760 7328
17527	6861 6030 4126 11792
17528	1126 5439 3533 1834
17529	8482 10507 7747 7269 8811
17530	195 6376 8449 2941
17531	3888 807 1218 10122 8382 3091 3570 6306
17532	3434 2637 2703 2704
17533	2036 1841 5568 6511
17534	8929 7431 7433 7441 8372 8436 7793 8782
17535	9465 10458 6928 11387 11652 10289
17536	7615 4127 3218 5341
17537	5812 5173 3825 6136
17538	7869 3288 2095 5240 1548 7814 5115 2501 2375 902
17539	11363 10974 11364 9492 10640 10132 9513 11745 11362 9507 9496 10486 11366 11893 11292 10450 11901 3139 11902 11731 11617 10997 9526 9527 9731 10488 9499 11245 9502 8543 11908 9495 11622 10996 9510 9730 11871 11243 11611 11361 9487 10487 9505 10133 9504 10432
17540	11759 9541 4886 6815
17541	1959 134 4322 4323 2235 7187
17542	11404 7779 9486 9893 9514 11243 8388 11415
17543	1023 3908 9813 4837
17544	7207 9828 7206 7204 7203
17545	2731 7494 7280 8420
17546	6220 3376 2208 6397
17547	11168 497 864 3777
17548	4284 5270 2668 5259
17549	4994 8462 4550 11758 4622 11530 1164 9764 915 3578 10382 10174
17550	4465 10760 5652 4616 5129 5616 6816
17551	3036 9849 11691 11665 10324 11404 4292 7122 5501 3311
17552	6472 183 3888 1780
17553	10347 7669 10540 11195 10013 11189 6648
17554	2217 3894 2263 1389
17555	11067 6158 1725 2663 5140 902 6321
17556	5590 7099 8715 5591
17557	6938 228 394 2743 7141 137 7307 851
17558	6282 2860 6953 11599
17559	1158 220 781 3888 931
17560	2453 7210 5963 1998
17561	1068 10928 1038 4767 820 1537 7002
17562	4048 2637 3832 4972
17563	186 7232 7234 7300
17564	5938 6979 7482 10981 3131 4639 136 4277 8922 24 4735 258 11168 3139 11897 11886 4081 8785 2986 9695 6150 11819 9384 5478 9390 7745 4259 5939 4235 2410 8964 11830 10675 8438 8994 10592 1159 11545 8316 7571 7405 8486 11434 8264 11182 9388 10336 11831 9362
17565	6817 8194 28 4114 9134
17566	7906 11424 6936 496
17567	1973 7289 4804 3303
17568	1373 4585 1929 8696
17569	10910 11099 10999 8413 10998 11362 10133 11372 8247 10878 10886 10891 11612 10996 11361
17570	7248 2299 7122 4808 2459 4546 845 8998 6203 2189 1866 7833
17571	4776 10153 7185 5438
17572	3351 330 4528 568
17573	10656 9379 4421 6066 3178 5543 10575 8477
17574	10347 5652 5117 3139 371 5453 5699 6733
17575	506 3790 7750 1606 1123 2237 6259 3422
17576	8581 7677 9291 8415
17577	7513 11040 4798 8094
17578	10122 4831 1307 99
17579	10605 10177 11045 11145 9010
17580	8832 9213 817 3437
17581	28 10417 7175 7781
17582	5278 9910 9918 1945 1800 199
17583	4584 4609 1965 6187
17584	3874 3964 2311 2485
17585	11120 2187 5904 899
17586	7005 3559 3130 7285 3594 590 285 136 4963 4812
17587	7300 10199 5610 9931 5464 6549
17588	8619 9824 2212 5740
17589	6474 4594 9282 11092 3641 10548
17590	4703 10859 7801 10860
17591	10232 10231 10229 10227
17592	1369 3311 2819 7382
17593	7301 11154 10228 10933
17594	2084 7493 6735 11527
17595	11832 11834 10007 10257
17596	7224 5607 8929 11179 7280 8927 2271 797
17597	4209 7632 6794 6793
17598	1727 2510 3291 728 511 802 2765
17599	2060 11654 9440 5344
17600	728 4557 175 2784
17601	8721 7906 160 7617 7420 6575 5662 9143 9159 9160 8349 6878 7926
17602	488 1748 215 1429
17603	896 2438 4307 2440 4897 2439
17604	11060 7602 11062 8744
17605	7927 493 9081 10602 2162 9363 5913 6527
17606	1750 4097 3176 1673 4648
17607	224 10669 7141 808
17608	2567 5058 2141 6568 6396
17609	5500 4889 8472 7188 755 8131 4071 7720 8094
17610	10982 8774 11463 11673 10377 9958 7376
17611	8721 9220 10489 11253
17612	1264 4065 5392 136 3944 7222 8404 7728 7146
17613	1487 4891 3968 5710 1135 619 2427 8620 2670 778 840
17614	11557 4667 1489 2336 4300 10541 1223 8527
17615	4359 2966 269 3095
17616	4686 3710 4216 4985 1744
17617	1703 5361 1643 2181 1666 4408 4542 1827 1890 2459 1702 4485 779 9201 3424
17618	11250 6137 5959 570 6905 11328 7681
17619	10843 2269 9634 5135
17620	5504 2615 2094 11272
17621	7092 6359 10892 7010
17622	1107 1264 7393 4242
17623	6841 8141 1222 4328
17624	7489 6132 10315 4320
17625	11666 10757 9164 11674 10552 7007 10726 9983 10665 11670 4621 7182
17626	11045 9173 11099 10279
17627	3695 5245 9874 1827 8252
17628	6222 5353 7475 7581 5611 7451
17629	5975 46 5976 5977
17630	5361 9128 3588 5382
17631	781 2540 9441 1089
17632	6529 11700 9105 5208 10377 8466 409 7691
17633	1359 11636 2575 4070 9383
17634	5439 4785 1880 699
17635	6933 6274 8087 7951
17636	4680 7748 7745 7747
17637	4278 2865 9591 7248
17638	11143 9692 11532 11258
17639	9357 10367 10188 10146
17640	2041 9575 11089 2845 8912 4789
17641	5062 4704 3861 2474
17642	4627 3364 3365 1965 2840 3366
17643	10562 11785 9609 11757 11258 11299 11712 11743 10576 11350
17644	5890 10108 10506 3253
17645	285 11498 9429 2599
17646	7425 4723 5314 2421 9180 3891
17647	6275 11502 3504 6452 11218
17648	552 948 799 1441
17649	6305 5439 8444 2956 6017 11272 8516 902
17650	4261 4830 10969 3836
17651	10305 4528 4337 1092
17652	5213 33 2597 9164 11108 11380
17653	2416 325 2165 1608
17654	7833 228 237 7248
17655	7512 7560 11671 9695
17656	3445 7574 11404 862
17657	1832 3131 5245 1039
17658	5952 4158 6767 6484
17659	3828 2540 7403 1918
17660	2421 7317 190 781 185 3955 1065
17661	10219 7975 341 4776
17662	10501 10191 11651 11125 8679 9957 7376 6733 10671 2067 10669
17663	3922 5624 806 2819
17664	95 1100 4536 5614
17665	1135 9838 576 5900
17666	8480 8405 9167 4277 11179 8491 7745 8752 8501 8263 9354 11066 6853
17667	3221 3628 7108 3437 9461 3741 4528 3930 3074 6411 4186 2492 3651 2609 173 2962 2264 5637 1419 619 7517 479 4832 2967 2181 4071 2614
17668	96 2128 10340 1056 9138 3187 2966 5050
17669	10983 11001 8028 736
17670	2160 5195 3334 8815
17671	6287 4678 8166 2128
17672	2055 6539 2657 5371
17673	5778 5111 8899 4834
17674	2155 4854 3811 5989
17675	11662 11480 11782 11776
17676	632 6952 7027 9022
17677	7884 8125 6222 7380 4528 2564 4278 3695 2005 2210 876 3397
17678	9118 11424 8084 4702 11431
17679	11564 8363 6715 10243 6633 8348
17680	11767 4004 1622 4831
17681	2137 3187 4437 5336 5957 388 3741 6905 1945 2577 6503 8396 8887 9332
17682	10441 10786 2055 9513 599
17683	11444 198 6421 1515
17684	8328 5885 9279 7456 3400 4591
17685	4872 3651 1194 3351 2311 9282
17686	4191 9896 4812 6140 7333 10427
17687	7246 6807 11552 10120
17688	9393 9835 9827 3329
17689	5259 701 10525 7122 724 8538
17690	10891 9505 8412 9087 11619
17691	6837 6775 8761 5706 10567 895 10103
17692	9264 4498 4977 769 661 4573 236
17693	7907 9592 9178 5610
17694	8287 9828 6748 3460
17695	3335 8019 932 1781
17696	3789 8246 6456 3220 9912
17697	1702 2962 2109 2171 1851 4765 1800 2873 670
17698	4460 6345 8048 1616
17699	9660 9777 9499 9498
17700	2657 8342 4564 8897 8343
17701	6914 3213 6323 7655 1135
17702	1931 3359 4028 1264
17703	561 6617 772 5422
17704	2866 2033 3076 1776 316
17705	1154 4811 2277 2060
17706	611 1211 519 1253 632 712 749 821 950 608 742
17707	10884 8778 10893 9513
17708	6154 9275 8319 7009 6155 9285 1688 9120 7713 11210 7337 653 11530 6408 11075 6205 2181 11272
17709	2453 9206 4686 9205
17710	10632 27 9257 2041
17711	3264 4344 4609 5782
17712	11146 8722 6964 11147
17713	1822 1560 6808 3298
17714	241 285 407 382
17715	1466 9529 1002 4113 1738 1643 1629
17716	4009 6948 6697 7695
17717	403 993 6063 8361 4783 439 5665
17718	10258 7803 8721 11426 10827 10046
17719	7058 2156 5058 5438
17720	8281 7994 7155 10703 8481 8483
17721	7437 7503 966 7635
17722	11087 1264 1152 11651 11184 9232 3548 7393 8837 10588 925 11653 9260 7330 7607 10675 4978 11066 11705 11226 5370 11059 11054 4111 10498 10596 11207 11744 10383 10842 8810 9230 812 8964 8866 10313 8897
17723	2980 1297 487 486
17724	2135 6164 2967 2540
17725	2459 1002 1833 3890 646 770 630 1298 2571 5835 2369 592 1091
17726	1940 3795 2744 3120
17727	3999 4244 4593 10462 3351 2491
17728	11537 11538 11433 6975 8919 9292 4277 9351
17729	1828 9102 7907 1060
17730	2423 1409 6355 9287 10149 9289 10151 3918 10055 4198 10155 6351
17731	2298 5392 2041 7037
17732	11244 8659 10399 10723 10426 10672 10981 10807 10373 11666 11058 2067
17733	9362 6467 11664 10104 2585 6944 8294 9772 8743 2022 8295
17734	4704 11710 10608 10109
17735	9134 157 7517 7513
17736	9232 9237 8911 6918 9724 8908 9234 4706 9229 7348 445 8895 6218
17737	7419 7144 10696 8616 11311
17738	10606 11098 7745 3719 6930
17739	9936 4546 4545 11431 7324 11371 8769
17740	1947 3834 3214 3015
17741	8842 2962 3437 2974
17742	24 144 127 4178
17743	429 2599 1264 2190
17744	3046 992 9092 1060 5756 709 9129
17745	7863 11117 11254 8996
17746	4944 617 6220 10631
17747	7512 1135 2379 4503 1627 7513
17748	11629 9276 7375 8776 5474 7572 1140 10008 11896 11194 9388 11817 7333 4187
17749	614 7394 3311 3376 4259 7006
17750	10671 11471 10669 10444 9667
17751	11569 10440 3407 2696
17752	2168 9138 773 454 8244 1988
17753	2594 4064 773 1932 2754 3498 2035 2715 2491 1918 1035
17754	2999 7488 6472 2228
17755	4089 8596 6529 7277 3389 2181 8770 11353 8773 11536 9316 7261
17756	8468 10586 8819 10873
17757	10748 7513 282 10673
17758	1506 8163 7500 8162
17759	8270 4622 9161 7908
17760	321 7681 6503 4658 1929 9287 531 5894 1563 11271 7281
17761	6143 1765 898 4169 4837 4437 8040
17762	5712 1591 2882 3974
17763	9315 8071 8155 11254 10416 9736 8396
17764	664 700 4943 5259
17765	10805 10803 10802 10806
17766	11331 10683 10754 10997
17767	7667 1176 3136 9547 976 4551 953 893 8701 1258 9222 2967 2339 1770 8104 4395 1999 1114 6099 10116 2606 2608 6287 902 1537 5281 6642 8753 1957 7282 5271 9142 7745 8750 6222 8341 2320 3085 4670 2727 3419
17768	5473 1602 10760 7010 7491 2079 10227
17769	6919 5371 7515 6913
17770	8601 8861 8811 6457 6853 9541 6055 9671 11052 10333 10935 10507
17771	5765 5585 10865 7100
17772	6683 592 2460 8857 613 3293 4509 3651 1118 7869 4562
17773	10953 8434 10886 2263
17774	9694 11628 7857 597 2083 10580 699
17775	2421 5275 2681 4524
17776	5319 3606 417 955 2703
17777	10032 7541 916 10031 10474 10703 1411
17778	7544 9592 5548 1626
17779	5002 3437 823 3488 8783
17780	9257 11326 11323 3110 10683 5420 9770 10105
17781	10211 1244 4642 9505
17782	8111 10052 8750 5306
17783	7472 6926 348 8330
17784	823 5190 3885 4166 4169
17785	7085 8555 7486 2112
17786	8872 8553 4968 9230 9232 72 9237
17787	8770 437 8463 8773 8461 8466
17788	423 4192 4112 6179
17789	185 190 482 9343
17790	9573 9733 7088 4211 4369
17791	9897 321 4406 7378
17792	3385 10928 9578 10717 4001 10894 8865 7009 10507 542 2794 10662 10401 11913 6190
17793	10519 8777 4917 6713
17794	10740 11404 8769 4545
17795	2874 2395 11271 5808 7102 2342 6518 1560
17796	4847 4862 6274 6460
17797	8717 10340 3351 4493
17798	1225 1885 3860 4080
17799	5847 4259 5665 3498 2581
17800	5363 4071 2135 2131
17801	10835 8248 304 2517 2247 8294 2497 9867 10371 9360 1790 10491
17802	5871 11103 7305 8355 4943
17803	9201 3088 867 9203 11123 9205
17804	330 10600 7891 334 4898 613 2614 11001 7408 4254
17805	2079 3633 7325 2066 3511
17806	7707 2169 7394 2378
17807	7513 7833 9441 9461
17808	5938 8465 2795 7028
17809	5994 6133 2164 5754
17810	2128 2657 3285 9261 1487 2059 8214
17811	5254 10935 9085 2360
17812	11442 6086 1312 10385 11411 1487 1665 8027 5865 5028 8921 4693 585 4941
17813	4461 4235 1359 2646 7333 2951 1103 5081 2485 2413 2682 2146 5085 2648
17814	3039 3889 4858 5540
17815	8813 3334 6761 2602 3192
17816	6396 6141 5789 230
17817	2179 7680 5958 8411 8410 9504 8220 9328 6315 8847
17818	6579 5741 2005 2557 3736 1174 9282
17819	661 2530 228 1929 3756
17820	1213 481 8268 6751
17821	4710 9452 6013 341
17822	8548 8327 8219 8198
17823	5918 11309 5429 5946
17824	7081 3453 8441 5610 1164 11217 8691 5781 6150 7337 5313 8964 3897
17825	7233 7247 7227 7232
17826	4055 4054 2243 6245 4393 7976
17827	2043 8053 8076 7074 7863 10086
17828	11398 7394 9229 1145
17829	4367 3832 3511 5009 613 4519 1497 5481 4735 3351 1931
17830	10631 10021 8261 7383 6497 9203 578 11476 5469 1811 10636 6258 10711 2626 1918 9639 10275 11654 9620 8861 7678 11097 11061 9927 4824 9099 289 6904
17831	2266 6471 9206 9204
17832	7233 1343 1428 567 4898 2615 5157 2613 6215
17833	661 1816 274 2772
17834	1359 6385 3158 5665 5890 2916
17835	1014 6295 779 1865 8639 2542 6938 2074
17836	8307 8301 8304 8306 8305 8203
17837	4535 11394 10283 2415
17838	8753 9089 638 9065 1808 9261 2926 661 781 9207 8283 7214 9411 9262 9091 3302 8029
17839	5259 5430 2559 466
17840	274 581 2425 812 6644
17841	6512 6639 8874 5525
17842	11600 8466 11837 10606 11419 138 11685 11673
17843	11725 8816 8169 10084 11291 10189 3462 3351
17844	4706 1577 8780 7331
17845	4745 9763 8202 6759 3146 7206 6839
17846	8811 11077 10865 9899 9387
17847	2314 2247 4542 1928
17848	4552 3069 4363 4735
17849	6208 8263 179 11681 9361 7388 9581 6457 11078 10894 10336 10570 3389 9175 7087 5504 3139 890 4277
17850	9367 7031 7782 7949
17851	8367 2036 9090 7713 8881 3320
17852	2884 471 2813 4781 2022 1551 1053
17853	2424 2509 2511 2311
17854	6592 6825 4714 6595
17855	1114 11339 1143 10372 988
17856	199 2342 7496 2829 11060 4088 9490
17857	1730 10743 10735 7324 10145 11053
17858	10232 10230 10227 10231
17859	1038 10353 9534 9947
17860	4762 7381 3391 4678
17861	2564 4291 1735 7188
17862	868 11026 534 7245 410 4310 7006 11208 1000 11144 7182 647 643 395 234 8765 1761 4537
17863	3908 2072 7364 6775
17864	6520 3055 1149 4971 3167 7859 5819
17865	8402 3681 6588 1597
17866	4562 3304 8044 3215 8842
17867	3332 700 11164 1929 1636 1898 823
17868	8717 6845 6682 6282 9595 6649 7819 8794 10445 10189
17869	8524 8414 8415 4768
17870	4792 10055 11441 5122
17871	2233 4107 4862 3030 886 4879 678 2680
17872	5250 5279 1270 1499 5735 5007
17873	2613 5068 2309 2128 2765 5328 2152 6580
17874	4121 613 614 6019
17875	11481 8933 11482 11776
17876	1591 7415 8747 5501
17877	8125 3048 6655 4254
17878	4940 9378 5401 11274 1722
17879	1898 5126 5646 4069 621 8595
17880	7500 9823 8054 4536 4586
17881	8314 6629 10343 10344 9766 8313 3578
17882	899 4070 5184 6179
17883	2797 2113 636 3044
17884	10211 341 8049 6343
17885	7151 11562 4528 7634
17886	2318 8086 9235 5363 10227 6380
17887	2472 6339 7636 8047
17888	2342 7842 472 8803 7850 7089 599
17889	8235 4045 9026 11442
17890	10698 11022 4706 10374 10398
17891	6747 4071 2801 2672 3329 4357 2061 1396
17892	578 11545 10070 7688 9079 11057 10379 11520 9085 7242 6573 8486 10406 10380 10405 6310
17893	911 11750 3393 11189
17894	11252 10399 6497 11189 11194 7616 9356 11348 11190 9164 11767
17895	9680 5417 2035 6613
17896	1083 1145 9568 6458 1994
17897	4650 3964 5830 6165
17898	7833 11663 7248 9659
17899	4593 5331 9230 5401
17900	7513 9441 7517 2416
17901	3651 6252 1627 1374 4837 6380 7797 1653 9237 2466 4406 6905
17902	5898 9573 1067 4944
17903	8895 8125 8873 10845 9262 9228
17904	4533 5085 9248 6704
17905	11068 10617 11419 3769 11382 7797
17906	9547 4706 7009 10484 10483 8838
17907	7593 369 7682 1390
17908	5728 10005 9241 9688
17909	11786 11828 11492 11776
17910	5407 4915 6628 4920
17911	8953 2520 8548 7027
17912	11397 4025 10863 10622
17913	167 4195 90 24
17914	11214 10054 5150 10122
17915	8938 10177 9093 6216 8794 10170 2727 8330 4715
17916	1480 1040 1104 1512 1302 1105
17917	7717 857 5638 10421
17918	8149 3603 1654 3692
17919	9513 9510 11099 10903
17920	7375 9148 6204 5476 10108 6152 7437 5504 9231 3767 7330 8920
17921	2495 1627 3921 973 9689 1918
17922	176 4977 5343 5808
17923	11879 10121 7981 8803
17924	4764 10647 9108 8351
17925	2663 7336 5491 7019 1604
17926	9962 10962 8029 11113
17927	651 719 2043 2917 392 1279 533 8225 1278
17928	1211 625 973 933
17929	10528 10309 7338 11288
17930	6754 1953 7110 426
17931	5439 4219 43 1671
17932	875 7236 10011 1659
17933	11429 28 9494 9175
17934	6345 8046 4271 8115 1761
17935	222 989 5532 1698 5720
17936	5302 5631 781 5227
17937	478 9538 6390 5583 158
17938	5230 11268 9277 1222
17939	4824 1599 3280 8466 9 7329
17940	3235 6932 9473 2680
17941	8888 3548 817 11038 6854 1200 5421 9163 5760 4228 8891 258
17942	7716 7837 2278 5137 10180 333
17943	9276 9387 7988 10427 7571 7250 11272 10370 3051 10750 11349 10588
17944	9127 9142 7117 9442 3391 2022 9461 10984 9129
17945	7709 6686 5222 7351
17946	11095 6836 8499 6598
17947	5504 4539 5708 886
17948	6296 4214 10499 300 6428 6815
17949	811 8754 4997 8627 5048
17950	4224 11339 10583 10686
17951	5558 7559 5203 5426 3167 5427 6322 7364 9382
17952	4518 4330 3098 2703
17953	7873 9805 8472 1631
17954	5123 2165 1583 10511
17955	5966 5517 3588 3825 7650 2921
17956	948 4464 3483 7301
17957	9237 9603 6889 8019
17958	2703 3342 8996 2890 531 4518 7527 4284 1135 3518 1910 3688
17959	2703 2573 519 564
17960	5446 4788 6889 3818
17961	46 5924 620 3961
17962	4388 10105 3637 6295 4704 9863 9126 8957 7876 7234 6580 893
17963	11802 5112 5580 4400 2312 441
17964	10780 2768 6427 11413
17965	3976 2978 2049 4608 1027
17966	89 3991 1218 1219
17967	1531 709 1095 7881 536 334 315 660 662 625 5453 3170 603 5940 651 204 7277 1874 9350 1003 695 1226 11226 5427 336 649 337 1875 652 637 945 1532 9514
17968	5402 10248 5592 931 199
17969	8795 5371 1991 5359
17970	10227 10151 10147 5091
17971	5717 3270 720 7168 6088 724 4812 6926 5001 5945 4904 7936 5089 7012 2524 8174 3346 4967 3713 10927
17972	7065 4965 5789 8407
17973	6477 10395 6478 8730
17974	8352 7686 9614 5312
17975	7122 6550 8014 5356 3861 7496
17976	7439 165 7438 10633
17977	741 790 5360 808
17978	10670 10503 10653 11683 11093 10689 11179 11079 10894 10502 11670 9695 11144 10380 10591 11724
17979	10777 7781 7328 28 4274 8587
17980	11122 5928 10694 11127 9511 279 5929
17981	682 2829 4246 4299
17982	10202 9392 8472 3885 3074
17983	371 6891 6356 5030
17984	2133 4471 2906 5259
17985	8349 11286 9948 11767
17986	11507 11268 953 7554
17987	9591 9613 8434 8760 6222 7143 8861 8777
17988	3391 1277 3128 8132 3960 7394
17989	10569 11097 9894 11586 9388 7317 7009 6152 8796 1825 4384 9351 3947 11671 7291 11088 9383 7895 4550 4558 10865 4248 10401 8783 11830 11909 10496 11592 10348 9541 9637 8929 10493 5666 5610 10984
17990	5038 7737 5145 4973
17991	213 2863 10316 6253
17992	4127 7117 10177 341 7307 2862
17993	27 5606 511 4775
17994	4758 14 9490 9025
17995	6233 8401 4482 11240 6392 8105 9718
17996	5075 3675 3782 4616
17997	2490 5753 5858 4940 1764
17998	5950 4925 6145 4926 7440 37
17999	4546 7145 5672 5790 8415
18000	3641 6274 8244 192
18001	5624 3961 144 6306
18002	2029 4267 4370 781
18003	10338 3862 4406 9384 7517 1654 4837 4762 8125 1328 9332 5165
18004	1068 5825 4320 5742 8555 6470 2068 2906 3641 2769
18005	8368 9323 3999 10913
18006	2874 135 1114 3257
18007	110 10309 4609 46
18008	2536 3594 4254 5340 5866 355
18009	8244 2845 704 3978
18010	10713 2736 7545 6011
18011	11746 11628 11637 11404
18012	10997 10893 9508 8548 10886 10913 8951
18013	8012 4091 8217 2497 7955 6837 4224 2105 661
18014	6327 11160 10200 9891
18015	4467 1654 3568 10381
18016	10402 10516 8512 6809 10406 8607 10517
18017	6815 7358 3569 6613 6735 10502 11819
18018	5706 11477 10166 1734
18019	7005 7425 5643 1616 8899 11331
18020	10315 11520 9225 11544 7635 33 11094 11575 11463 10511 10982 10262 11080 10520 7903 6229
18021	427 5245 183 1151
18022	7178 3699 9293 2086
18023	4876 136 8718 8717 6474
18024	496 3278 9515 4454
18025	7300 10908 4312 8737 8432 8170 5577
18026	664 526 1078 1761
18027	2978 3861 6550 9919 7387 2662 6681 7430
18028	8261 1825 7229 9965
18029	6641 7686 429 11267 2814 1706 11360
18030	5739 2415 4603 9065 4158 5445 6205 6576
18031	11605 11737 11606 5039 11341 11404
18032	8365 3436 3437 2640
18033	2567 6792 3777 4718 644 1025 342 6648
18034	5348 6905 3221 1083
18035	4071 2513 2533 2915
18036	2996 6472 2997 6097
18037	7099 10077 5504 10192 11121 6202 6460 9024
18038	7660 6306 3273 9699
18039	4163 4167 4412 4168
18040	7300 5273 5272 6779
18041	8438 10486 6594 9497 9070 11416 6595 9498 9493
18042	11053 11018 10493 10911
18043	10631 8997 9054 8117 10899 7695 11254
18044	7248 11663 1 10527
18045	1896 849 847 840 2079 3257 9077
18046	3861 8639 3924 1734
18047	8410 7710 11719 9501 8180
18048	2621 8869 6093 6005 7854 11761 6520 1934
18049	7770 286 6533 1060
18050	4798 4529 10415 8532
18051	9877 10617 9119 8084
18052	173 1569 3841 5655
18053	4071 2023 3669 2348 10086 1240 3519 1755 7307 5848 2916 24 4349 3761
18054	5343 2972 8735 3437
18055	6117 11633 6303 4254 4405 6174 3860
18056	2993 9158 1504 11127
18057	3423 3167 758 1688
18058	10525 2613 2135 2818 8842 5961 2967 3298 7122
18059	1706 5123 11129 7366
18060	6465 3808 6273 6275
18061	10352 5203 6296 3284 7229 5506 9972 6216 8263 7253
18062	6479 255 1847 11788 2094 1959
18063	157 11636 7328 2041
18064	10118 6607 6118 6605
18065	2890 973 8861 9192 6222
18066	5638 1828 7117 6109
18067	262 370 734 1619 1311 612 250 270 1291 513 663 424 324 845 2135 1056 1860
18068	9384 11476 8479 9278 7988 8899 7373 9927 11744 9160 9164 4801 11510 11173 9637 9461 10352 9153 9711
18069	661 6755 3212 6756
18070	8088 11315 10975 2372
18071	8690 8071 11802 8339 6531 4209 6592 4269 5694 6606
18072	1359 5439 6474 1398
18073	2786 3325 10865 8660
18074	9779 10789 63 10106 149
18075	10121 9089 1135 2402
18076	8602 9018 4785 6339
18077	1879 844 7451 6765 3458 2868 1270
18078	3792 1308 5139 5752 6501 3803 236 5214
18079	10728 11743 8904 10388 8930
18080	742 242 626 422 625
18081	11392 1675 331 802
18082	4065 1702 597 210
18083	6687 8364 5212 929 8121
18084	2896 7120 5187 1299 9993 4549 2951 2659
18085	10537 8891 8894 8890
18086	3845 2515 3333 6131 3665 6539
18087	7003 7610 5005 1898 3871 7188 4982
18088	2016 2985 2683 1986 2639 3115 311 597 1116 3247 2491 3408 3864 3221 3695 4983
18089	9072 8649 7571 8144
18090	427 5627 6691 1567 1150 2187 4139 5158
18091	7382 6411 5955 2459 289 3376 4632 6054 2128 1929 7744 2112 7491 9200 10713 1114 6968 2416 4554 2035 7005 6585
18092	6756 9756 9757 11488
18093	2208 1299 213 2744
18094	5208 1275 7188 10982 10981 8528 2776 8938 10511 9460 9234 272 6230 7182 7493 11055 300
18095	9302 3897 9547 7745 5441 4550 11654 5471 9085 9460 7237 5939 2100 11535 9515 5434 8404 11493 10379 11575 7019 11179 9305 8316 11540 10807 11272 9541 6309 5578 11085 8272 9332
18096	8640 9253 9415 2817 9880 3268 8298 11011 9790 8992 11299 11106 9752 9254 10873 7229 11015 11038 11440 3485 9251 11013 11012 9456 11105 9559 9747 11016 6193 9748 470 3902 11034 9750 5607 10473 11014 9479
18097	10748 1379 472 8244
18098	427 3268 4263 4836 3410
18099	277 229 373 10029
18100	5970 3780 953 5489
18101	9769 1295 4574 5212 9307 8797
18102	6382 8997 2890 11403 5065 9975 3612 11271
18103	7237 845 11076 11425 6187
18104	11049 0 9381 4011
18105	2309 4987 7037 8751 7765
18106	9559 9523 9560 8417 9561
18107	2930 8718 6696 7036
18108	10347 8488 1825 142 11054 10418 4550 8493 7274 11904 9157 8467 6055 9383 9160 10689 9638 11542 11896 6151 10596
18109	7831 577 6801 9083 8094 8365 5259 5262
18110	807 7248 10309 6306
18111	6036 8497 7267 8991 11223 6152 9275 9274 5939 5781 7009 6155 8243
18112	10379 6482 5798 6645 10865 7863 9538 10631
18113	1223 11445 1508 11501
18114	6864 4440 6027 11131
18115	9051 4493 4500 3691
18116	6987 2445 1332 4548 3855 4490 7231 431 1487 2388
18117	4107 6638 9745 2045
18118	1380 341 3423 5731
18119	9196 10387 11214 4474
18120	11890 139 10703 8506 7374 5750 5578 11018 3677 7019
18121	10740 8561 11870 10941 3486 5142 8429 9155
18122	915 8189 9286 7747 237 8270 8461
18123	8842 7140 10377 4562
18124	8696 445 5550 1148 3400 6638 5744 2512 6942 605 4427 7365
18125	5274 8198 7704 7677
18126	3990 11729 397 2941
18127	5566 8561 7714 6492 8954 5691
18128	1704 136 5787 5277
18129	4171 4164 6192 7691
18130	4153 4951 4812 1653
18131	808 700 2765 2295
18132	762 2663 7281 3461 1736
18133	820 1262 442 983 791
18134	1377 1471 723 1264 593 1077 417
18135	592 3128 5989 1929
18136	6808 5589 4525 4867
18137	7137 7678 11237 11194 8871 5839 11228 1879 10669 9275 9356 4706 11097 7674 10013 7358 11676 7335 11530
18138	6565 227 3967 4333 1386 4789 28 7500 329 4265
18139	11234 6614 7082 10629 8489 6497 10689 8487 6735 6906 7669 7690
18140	8072 11004 3060 11551 4964 7928 10300 10301
18141	11383 2037 699 4508 7249 11020
18142	8371 989 10063 10615
18143	3347 6961 10661 6662
18144	1688 8627 8570 1083 8125 2531 2993 2460 5443 1698 3285 9869 10356 6054 894 7821
18145	5920 4303 6545 6092
18146	5172 8539 4299 9263
18147	4205 7337 2531 11810
18148	8883 9414 7760 9555 7759
18149	11604 6295 6708 892
18150	6238 2590 10895 8175 2802
18151	5914 664 479 3550
18152	10057 5770 4873 11507
18153	9302 5254 2671 3286
18154	10677 8857 834 3925
18155	7890 9341 7100 8612 8574 11457 1103 2903 11359 4859 4079 3191
18156	4450 4067 4118 3789 4041 4039 3273 3433
18157	11293 10086 183 5439 5665
18158	8453 9152 10836 9585
18159	102 98 24 10127
18160	8991 8466 6499 7155 5320 8264 4550
18161	11425 10447 7794 10827
18162	11378 11858 11857 8230
18163	3189 3622 483 7345
18164	6187 5712 3088 4127
18165	4168 3316 2585 840 3953 3908 10426
18166	10718 10917 11092 10638
18167	675 7698 3305 3604
18168	2399 3304 1958 10735
18169	1827 8873 7361 2056 8899 174
18170	11441 11411 10676 4406
18171	2423 8865 6208 1835 10213 11057 7330 802 9029 10335 8443 8243 10726 9171 8277 5233 8500 7784 9667 10349 5002 9424 9639 4776 943 6408 2599 7267 9120 7595 9162
18172	8031 6079 5708 6009
18173	3339 4938 772 4406 4000 5585 1932 4508
18174	8452 7958 7948 8451
18175	7558 10037 7871 6198 1352 8750
18176	2573 4117 2540 5313 3887
18177	5319 5306 699 5307 5435
18178	1294 3695 7121 5061
18179	8494 10008 9872 8492
18180	4000 7181 614 2460 6067 4562 1737
18181	3131 5001 8260 3147
18182	4683 5032 1168 2963
18183	113 114 105 120 107 104 121 103
18184	3773 3676 4263 11472 6905
18185	9025 4613 9027 5261 2382
18186	5227 6111 5230 4436
18187	9032 9031 2540 11114
18188	8019 6006 303 5002
18189	4158 5546 7964 9129
18190	6295 2416 1828 2531 1898 4352 10983
18191	2614 2460 4080 5218
18192	7523 10032 8459 5968 11081 8772 1164 8461 8499 6971 9292 8751 9541 10165 6596 10174 7573 9667 8463 8805 10587 9018 11806 915
18193	4254 7696 3977 6998 8323 5945 4812
18194	11053 11387 8444 3069
18195	3773 9285 8689 1983
18196	4706 3972 2917 4749 27 6565 6691 4768 3482
18197	10692 8940 11001 10861
18198	9928 8244 9792 2510 277
18199	5781 7290 1944 821 11658 3280 1988 5434 7182 7784 3374 10405 4662 1035 1552 8506 3331 1236 11025 875 8934 10372 10540 5938 11210 10507 8964 9653 10520 10689 4978 8920 11220 645 8783 6706 2214 9098 191 2491 2536 11657 9461 3453 2874 10931 9711 9441 11831 1116 4885 1516 7087 5453 11305 7376
18200	8994 106 7908 10528 103 3054 14 10298
18201	4272 3004 7561 3557 4204
18202	5852 9289 11217 1222
18203	613 6496 3651 285
18204	11565 9096 1391 3924
18205	9248 9523 9566 9562
18206	5157 8634 5331 3860
18207	6991 2377 2672 9354 4071 4108 8796 4711 6071 4164 1327
18208	3995 5067 5074 1800
18209	6239 2033 2131 2507 8401 1258 10728 5225 1083 4541 3567 11712
18210	2599 8843 5461 2864
18211	8558 4388 7710 11409 7933
18212	10479 5984 9089 5458 8268 9202
18213	3669 4071 10600 3692
18214	7677 8198 7701 7703
18215	3662 4092 3723 3663 8933
18216	10189 5014 1328 8757
18217	3347 8717 8467 11627 9126 3389 2528 9460 1461 11006 9332 3523 3967
18218	11136 11844 11140 11858
18219	876 9573 7594 7598 8774 7733 10086 5571 28 2946 6274 3588 10990
18220	1712 7593 127 5071 5624 5111 3626
18221	10887 9502 11373 9492
18222	9027 6351 9021 9028 4627 4558
18223	6511 8035 1918 9445
18224	7347 6940 509 5541 6751 1960 764
18225	1439 6773 4404 2541
18226	3823 7881 7191 6883 4430 920 4327 5646
18227	5974 1851 2175 6164 1055 8119 10464 3981
18228	2950 6517 1248 5084 1318 1279 6991 4845
18229	876 3644 5665 371 661
18230	5062 2010 9668 5271 10692
18231	2804 6635 1135 8166
18232	9407 5625 7208 4741
18233	4852 10651 6849 1577 9429
18234	10977 11093 4065 11464
18235	1886 2768 8227 6392 8740 2804 2066 6832 3641 8165 7382 898 1898 11198 7808 7657
18236	5980 4896 2110 10947
18237	10032 11505 11526 5797 11789 11830 11658 3389
18238	7668 3191 2041 6967 5277 6549 5221 6452
18239	597 9474 3376 728 6003 7742
18240	571 961 11282 9645
18241	1614 68 3264 369 1612 100 5624
18242	5259 823 2614 6656 1995 4667 7113
18243	6287 7117 4204 2416 7862 41 6239 7686 8997 8391 8593 1487 10140
18244	2950 10899 3070 2324
18245	749 511 3376 3136
18246	8080 10409 8075 10211
18247	6619 8874 9028 497
18248	4456 4648 5938 5282
18249	8961 8938 8651 4706
18250	6726 8360 6785 1566 1192
18251	1150 2886 4738 7162 3942 6852 1838
18252	321 3484 7210 562
18253	7500 9427 10155 9837
18254	8947 3440 4046 3228
18255	10892 5913 700 973 384 6307 5176 5785 7630
18256	5484 4007 2082 7630
18257	11077 9572 5346 9570 8357 8751 8883 4808
18258	9978 10347 7496 11526
18259	4462 8774 1359 322
18260	11159 899 1457 2585 3131 3099
18261	10676 11396 10623 1060 10863 11127
18262	2819 5360 2030 6228
18263	11235 8980 8714 6940
18264	11696 532 5336 11317
18265	7720 9817 2022 3668
18266	5566 4906 3131 3227 9289 7257 10757
18267	8625 7313 9195 11026 10055 3195 2750
18268	8296 1597 700 471 8356
18269	8080 4550 7711 11162
18270	10015 11392 10230 11193
18271	1259 1261 1304 1472
18272	7512 3394 1643 2703 1953 3204 3346 7517
18273	10583 10501 11575 6151 8467 7137 8468 10711 8497 9278 7497
18274	9538 1410 476 8622
18275	8384 291 1833 3741 6713 6220 752
18276	5565 4623 3504 7005
18277	6146 2173 7269 6299 3888
18278	6682 5678 8237 9236 6924 3999 3222 3836
18279	11404 3399 6272 11341
18280	4643 7099 10265 7933
18281	878 3754 1878 1547
18282	90 6097 5624 7832 5782 10359 1949 1489 4843 7833 11663 7342
18283	6743 661 1350 10817
18284	6444 8872 7550 283
18285	6850 1627 2416 2829 2412 329 4608 2296
18286	9592 5077 4376 4795 2838
18287	6459 9626 3592 3254
18288	7701 157 10356 7402
18289	8485 11516 9175 11658 11006
18290	8320 3734 3560 9681
18291	4259 3695 8041 5669
18292	3570 3139 5624 6937 3888 804 9618 3688 6306 46 1506 806 133 1218 1614
18293	1538 10336 10580 11537 9485 136
18294	8892 8894 8893 8890
18295	10464 9626 8679 8677 10984 5669 6550 8586 9196 1165 8681 10529 10851 1749 3151 6585 8122 5178 6191 8355 2160 6825 5039 3346
18296	8277 6731 11093 6981 5400 8596 10502 6732
18297	10726 10441 7182 10399
18298	226 3861 4875 6392
18299	380 739 417 422 187 606
18300	10946 3229 4456 2265 3498 341 603 925 842 8736 2830 2135 4271 5366 1863 3205 5374 3228 4856 2628 2642 4506 1034 225 3223 1544 1898 1918 1466 1076
18301	11124 932 2165 8444
18302	11111 11335 11031 1519 4009 8700
18303	1670 902 2427 11796 8031 6266 1665 11729
18304	6491 8736 8870 9057
18305	1610 596 2600 5341
18306	5448 11027 3401 11096 7978 10357 9223 11817 9701
18307	5548 7047 2040 4358 7049
18308	781 497 7517 5382 4162 11028 610
18309	7156 6748 6452 6463
18310	1245 3875 2379 2236 2903
18311	3334 9419 8680 10548
18312	2281 10270 1781 8046 2121
18313	11878 11813 4282 3644 11431
18314	3329 6414 5504 8061 7463 7331 9819
18315	6729 8899 11172 5365
18316	4206 1206 3287 3952 5929 940 1211 285 1204 7348 6258 9105 3282 348 536 2618 5203 522 603 1921 2738 2874 3074 3068 604 2445 1359 2597 2670 9275 1615 495
18317	9523 9247 9559 9563
18318	4355 3730 228 781 5665 369
18319	7148 7134 5275 6357
18320	1470 9078 4508 3401 10259 11702 10724 6837 8752 7384 8959 10427 11210 8486 9364 6209
18321	136 4531 2575 389
18322	8265 1569 7387 7271
18323	9193 1754 2003 5275
18324	4551 8794 8192 899 6103 2907 8893
18325	3512 6206 11512 1135 8478 7646 8865 10024 8282 8922 1344 8441 9268 10034 3204 9359 11005 3227 10357
18326	41 5259 6690 6646
18327	7099 4776 7078 10984
18328	5367 11269 1160 4261 876 4122 9549 7248 10055
18329	3860 2295 2035 4153
18330	9502 8424 9503 11613 3130 10891 11729
18331	2862 1928 8083 3075
18332	7245 8481 8483 8273 6971 1599 1164 7262 8775
18333	626 1116 782 1091 747 746 742
18334	4706 3926 8986 9089
18335	8165 1822 9647 2866
18336	11092 5610 6736 7669 11279 1193 2993 4875 8353
18337	9422 10767 4831 15
18338	6948 334 2894 1597
18339	11208 5383 10372 1359 9568 5556
18340	4255 3860 3511 642
18341	4981 2866 289 7644
18342	5503 4347 10535 3180
18343	2166 1814 289 2460
18344	4846 1187 7560 7693
18345	3641 2460 8753 8237
18346	136 4706 5277 228 6190 4451 1386 661 3081 229 5400 10784
18347	11084 11086 10108 6731 11093 7747
18348	1002 1457 1918 2056 2035 4913
18349	7039 7474 8169 6250
18350	4256 4947 9455 7040 3219
18351	6446 7766 6030 7373
18352	499 753 408 1085
18353	2114 2400 5406 2022
18354	517 1265 1696 222
18355	6520 1778 1849 6426
18356	1731 8154 1868 9592 9794 1537 9597 8822 9605 10689 278 1584 7433 1627 9796 9591 7246 8867 5248 1928 6832 5507 4608 11550 4194 4508 461 9 7 8132
18357	7413 2437 987 5276
18358	4085 3098 2988 8603
18359	4284 8434 4693 2707
18360	3312 6810 1055 8844 4709
18361	1002 707 518 949 285
18362	11498 11404 11422 6512
18363	8066 11254 7866 8067 11421 447 8070
18364	7137 11579 3248 4776 10946 4158 9893 2575 9023 8269
18365	2558 1676 324 170 325
18366	1170 862 5123 3391 3695 3861 3862 8125 1333 7707 9917
18367	11060 3808 6383 6275 148 3103 4881 304
18368	6862 9787 9298 9297 9594
18369	2284 11111 3451 3326
18370	7078 6911 8080 11162
18371	7166 5624 30 4524 5107 2267 979 1829 98 10747
18372	3967 2573 1332 1873
18373	3787 2516 7332 168 445 2606 2923 5439
18374	5275 8897 7085 7918 4327 9793
18375	3339 6830 7072 5990
18376	7470 7014 3351 4259 8421 6541 8953
18377	11057 7072 9967 9361 5000 6971 6977 11134 10605 10698 11669 10335 5610 11529 9230 8441 7360 10334 8938 11471
18378	8165 2800 5556 4836
18379	903 530 988 533 1070 816
18380	9550 9784 10810 10811
18381	28 5756 1422 321
18382	297 865 11326 263
18383	261 10083 11393 1133
18384	10466 6009 87 11401
18385	10186 5391 10177 2611
18386	11399 5363 2540 2181
18387	4948 2037 5574 5727 9538 1524
18388	9601 11757 11531 11754 11756 11888 11889
18389	8476 9068 9318 5756
18390	9735 9523 9560 8427
18391	6829 7066 2135 925 5178
18392	7044 6018 5654 2992
18393	3156 6986 2162 2379 10935 11179
18394	10139 9692 10630 9691 9349 9345 11712 5566 4610 1607 11713 8015 11143 9151 11306 11475 10769 10770 8292
18395	561 272 270 166 248 11192
18396	10107 7391 1244 1072 7117
18397	7155 11671 6835 9156 7908 8461 7691 7693 9157 10929 10374 9290 10869 11074 10262 10381 10700 10570 11666 4224 11098 11819 11543
18398	4022 3211 1904 5222 9796 4431 11332 4395 4348
18399	2558 7341 7494 3547 8012 6732 9 9276 6776 7688 8478 1332 7881 8922 5932 10500 11607 9892 11084 8489
18400	5321 7512 7065 5350 4285 6913 7514 5864 11220 7513 5866
18401	10319 11760 9135 4166
18402	8731 8598 8652 8730 9755
18403	9636 8845 1045 2334 10315 2862 1958
18404	9027 1754 9026 8688
18405	6030 1463 3866 7210 10097 3882 341 1410
18406	9492 9502 11191 9501 10997 9852
18407	754 2459 2409 7472
18408	3769 7671 8847 4443
18409	6430 5667 6941 2731
18410	2516 8756 1202 19
18411	8566 4153 3981 695 10689 2993
18412	3372 6360 10055 303 9222 1125
18413	305 469 9215 3962
18414	8695 7630 10701 6085 3401 7686
18415	952 11148 9996 11811
18416	9916 9410 11242 7629
18417	2782 9863 8029 4319 7830
18418	7752 2672 11146 9131
18419	2295 1882 3440 613 1658
18420	7307 8845 11665 7707
18421	2819 495 521 2636 2873
18422	8688 10599 9868 4558
18423	5951 9659 3671 111
18424	10922 8736 8660 9100
18425	736 5989 597 7039 9020 2575 1503 700 9206 4672
18426	7644 3115 7132 5970
18427	2135 9057 7122 2092 1918 9769 7011 9780 7123 7720 1339 5594
18428	1055 5106 176 2131
18429	1411 915 1983 8771 3284
18430	4153 9015 9014 2460
18431	1371 7352 11813 1662 1251
18432	7512 2192 6825 6477
18433	8483 11005 11060 2874 10313 11702 94 7229 6805 9079 8443 6208 7405 11134 7571 11274 7691 10911 9558 11651 7572 916 8468 10494
18434	1473 1449 1512 1472 1479
18435	2128 4094 5114 3146
18436	1216 5755 1141 3528 367
18437	7887 9987 14 1222 157
18438	8780 10146 10208 10067
18439	1229 1363 1999 2082 4478 9937
18440	6881 2298 7072 7911
18441	255 10379 4349 11316 862 199 4491 11178 7356
18442	6474 7349 3796 355
18443	3504 721 3301 4775
18444	4402 2411 1798 1796 1279 4153 1918 6488 4000 4213
18445	10949 10470 11386 4776
18446	10297 5688 10388 10417
18447	1114 847 1081 511
18448	2697 6032 9577 6452
18449	9192 8804 223 5111
18450	11367 10474 8772 301 10723
18451	479 7644 9279 7073
18452	9572 9547 4948 3895
18453	7145 230 3129 11404
18454	33 10689 657 6206 8501 11697 10406 5400 11724
18455	9354 6720 9407 9621
18456	4400 1359 5439 4740
18457	11001 9535 10780 8458 4703 8460
18458	9152 925 2295 3298
18459	9229 9688 4633 3982 3651 10161 3668 3736
18460	10997 11290 10898 11291
18461	10746 3769 2746 9287 5119 371
18462	3797 5439 4042 221 661 1702
18463	7108 1597 6779 731 8550
18464	9083 1910 3863 5365
18465	4831 8946 4821 5812
18466	312 3317 597 4712 3865 1410 3439 6584
18467	4837 3847 3118 7716
18468	3724 1148 7982 690
18469	1953 6504 1047 4488
18470	9506 9509 9492 10997
18471	5103 11128 11726 6387
18472	432 1841 2521 2238
18473	7644 8443 1519 3294
18474	4040 11476 7242 11671 7669 6036 8443 10273 9207 5610 6859 11075
18475	1871 11305 8796 10021
18476	1179 355 8520 8037
18477	5452 3124 9802 9427
18478	9168 8115 10947 10525 8216 8260 682 9131 5761 8690 8786 2805 5940 8018 5371
18479	2850 840 2642 463 285 1352 380 2753 417 6388 1235 7265 2640 606
18480	4775 10231 4111 10230 5955 1193 1801 5665
18481	1820 10908 4307 6623 530 7533
18482	2651 7349 5234 4162
18483	7092 9359 10873 8282 7652 11076 6055 10629 10985 10252 8830 2100 7571
18484	7245 10689 11697 9927 11669 8503 11536 1968 2960 8765 8273 10699 11671 10669 11676
18485	4706 1374 9357 10580 355 8609 2089 11167 10304 6351
18486	1724 5845 5913 4592
18487	568 7247 2404 931
18488	11504 9098 7694 5696 11817 5556 11831 11434 7080 11217
18489	10030 9543 10496 7920 11349 10108 7908 3139 437 3389 9759 9284 10569
18490	142 3389 8772 4550 3284 7250 1411
18491	10948 8751 2318 5401
18492	781 3340 312 4015
18493	7631 4808 7630 2415 10005
18494	1832 10043 2238 5715
18495	2491 8777 949 8931 9383 4726 3301 4798
18496	902 7748 2237 2617 8624 7749 7747 1475
18497	8731 6755 6751 6757 6425 8599 6754
18498	2143 2196 6548 518
18499	2961 1932 3702 4100 2029 530 2540 4445
18500	10862 10922 10861 10445 7624 10114 9624 10692
18501	3278 201 11235 5423
18502	3861 3391 10984 3085 2993 3890
18503	9476 7938 4752 2072 2966 684 614 2196
18504	9276 10675 3569 10962 6891 8752 8772 11685 9557 11084 10662 11575 11074 7619 8501
18505	4087 1772 4459 7878 2166 5259
18506	4691 5400 2711 5208 2630 1545
18507	9320 3469 9774 2944
18508	7610 659 348 647
18509	7754 9190 3359 1812
18510	11867 6152 6648 5078 6996 10386 11516 11761 1163 8479 8865 11065 11402 10584 9107 11098 8493 11517 139 6973 8866 9895 7237 10586
18511	7010 7792 4487 9201 9950 9687 8964 8263 9091 10696 7019 8717 7747 9137 11066 10700 10873 5125 2100 9366 6150
18512	9501 8420 4596 8953
18513	4859 5809 7083 2801
18514	3889 6511 3806 1828
18515	10268 3895 11168 3588 3861 6252
18516	6881 3356 1566 4706
18517	2134 1204 7545 1537 6392 3140 592
18518	6748 5990 7949 4660
18519	2364 6889 9926 9002
18520	5717 7210 348 9305 8117 9860 5351 8782 7433 9303 9652 4990 5346 7441 5302 973 6495 9203 5014 9306 7328 5613 7206 8752 8434 9206 8032 6368 8859 9098 8980 9358
18521	10780 11000 7103 4639
18522	873 616 2768 876 3022 2917 3118 5900 3858 5989 3571
18523	11308 2829 2715 6470 4242 2760
18524	6724 3355 2260 11141 6668
18525	2435 8166 6357 5568 5178
18526	1413 7249 7099 3341 6344 5385 4179 8212
18527	4027 2769 730 2657
18528	4508 1182 5343 5365 1918
18529	3963 199 8751 141 10608 5402 8353 7282
18530	4811 1284 2859 1971 4817
18531	8155 8067 7862 8066 259 7863
18532	4407 1929 4263 9228 5363 2609 4508 4253 5503 1918 2961 5259 6311 4806 8840 3540 7486 8594 5391 2087 3862
18533	8141 4611 9220 11422
18534	7574 7531 3888 8080
18535	10114 5541 581 3442
18536	4006 11299 2833 2160 8741 6761 10526 10093 5039
18537	9253 8561 4137 9251 9254 8955 5446 8560
18538	4990 6549 1929 8248
18539	3937 170 5400 4706
18540	3209 3215 5946 2438 10868 11649 881 5225 2818
18541	4946 8335 6639 3242
18542	6788 829 7072 3541 744 3861 6949
18543	10042 8654 1036 1521 822 3280 821 1039
18544	11216 11444 24 229
18545	301 9937 5522 10113 5311 6836
18546	2515 6895 3097 6037
18547	10728 11755 9952 10022
18548	9383 7950 6272 7559
18549	11468 9766 7985 6 10143 10144 10265
18550	7248 5989 10470 9847
18551	185 9858 6299 6173 8188 11507 9286 10054 10606
18552	10842 10538 4337 9808
18553	568 9500 11622 4461
18554	8341 7526 6287 269
18555	4713 3982 3386 7554 555 5706 4832 904
18556	10338 2531 10685 3123
18557	8648 3597 2689 45
18558	4490 303 5027 4948 4548
18559	3404 1028 7325 6311 970 8758 10781 6885
18560	5504 11235 7773 9157 6208 5700 1694 9099 8264 10619 9544 7920 7713
18561	7797 1461 4840 1
18562	4859 8928 483 341
18563	1386 10894 1416 1726
18564	7517 7513 5175 700 7885 3680
18565	2030 10861 7161 7237 2389 1437 873 7679
18566	4259 4171 4167 5357 4762 5372
18567	7545 11214 699 3415
18568	6734 5929 7122 11635 846
18569	7248 8804 24 4195
18570	388 180 8944 7454 840 6999 9520 5504
18571	7028 10831 8293 10337
18572	4460 9193 8538 7249
18573	8703 6722 3147 2039 7996 4752
18574	7939 10267 10342 4752
18575	5120 10109 2466 5121
18576	1236 9545 840 382 253 1114 995 704
18577	1852 1851 3351 1989 3376 3306 2064
18578	4983 3642 2507 10079
18579	8152 7110 6706 7111
18580	10249 9681 9135 9473 9684
18581	7082 3160 4094 596 3888 10027 2998 229 73 4909 619 1661
18582	9659 7248 7833 11730
18583	10227 10228 10231 10230 10229
18584	2908 9142 10078 6009 6899 9591 4745 7966 8073 9614 5002 3963 8534 10926
18585	1537 3035 1973 7517
18586	1060 8709 899 9528 1918
18587	3774 3734 7447 6244
18588	1374 9769 6426 3311
18589	1615 5557 181 1614
18590	321 9187 7457 7585 7820
18591	9110 6301 6602 8752
18592	4608 2334 435 7370
18593	8872 5117 9671 6930 10032 8497 11750 8462
18594	4289 808 1880 2819 655 9010 7762 4083
18595	11425 7361 2675 7082 5134
18596	3178 1138 612 8152 5541 530 2648 10689 5970
18597	8000 6823 5792 6821 7649
18598	3944 4560 423 3582
18599	6823 8246 6824 7648
18600	758 3943 1643 2604 3085 6888 417 4259 188 3116 2917 1667 1046
18601	781 3234 2295 518
18602	7747 7188 7229 10873 4277 7690 6969 8805 8263 6904
18603	8473 10869 8270 8934 10865 9237 8922 9899 6122 8531 11674 11541 11389 11463 7658 8505 8897 11094 7273 4227 7472 1415 10381
18604	10589 10621 6310 10981 625 8949 7903
18605	3037 11559 63 7248 10527 9864 31 9925 9108
18606	9300 6993 5540 11843
18607	8777 9362 11141 9738 11278 10623 10987 10622
18608	10983 10846 9473 10167
18609	7630 10959 4011 9237 7546 4242 4836 11343 6860 8352 257 6417 4045 7613 5184 11440 11087 1191 3129 10191 5941 808 5518 1929 3340 2084 3306 8459 2818 10926 852 6411
18610	8537 1918 1116 8538 4941 2460
18611	6207 10483 140 7376 10484 10399 4885 7745
18612	3806 3300 3924 2365
18613	8152 3195 7808 8153
18614	11636 581 6512 8267 2376 11633 6442
18615	8293 9609 9599 10454
18616	2353 5439 2097 27
18617	10158 4889 5897 5145 2252
18618	9687 3789 913 11682 772 6258
18619	4743 1454 6905 5323
18620	2255 1227 7728 7490
18621	8149 6692 1336 866 8153
18622	970 6596 626 7920 2890 1326 611 7539
18623	2950 10103 5984 8086
18624	2009 2008 2294 3267 5435 2007
18625	9158 5440 2665 7493 9008 9133 7497 9531 7146
18626	6431 6425 663 8069 1729 3292 5436 4922 6439 8155
18627	10409 11478 11498 9248
18628	9936 8159 7862 11636
18629	9574 8894 8862 8938
18630	11059 6815 7745 4884 4550 5476
18631	2416 7981 1135 6244
18632	4300 8404 8708 11179 3389 5506
18633	8938 7019 8283 6206 7388 6904 1164 11074 8445 7348 33 9391
18634	11492 10831 11772 11649 11625 11598 10779
18635	4226 2167 1356 8153 7976
18636	506 9605 2750 4257 7590 192 1501
18637	246 10952 3019 9030
18638	5165 1654 11425 8962
18639	4399 7865 7513 10471 11163 1653
18640	11253 11202 10046 10649
18641	8593 6287 6366 661
18642	4492 4509 5323 4230
18643	1887 5568 3833 1918 6474 6392 1135
18644	9127 9134 7513 4745
18645	9500 8339 10146 8184
18646	10910 9491 11455 11341
18647	11257 11032 6896 10808
18648	7340 3345 1489 6166 10309 15 10089 9472 7440 8012 6504 11002
18649	9023 9429 341 7099 5306 4740 3963 9626
18650	5556 1608 11657 8773 970
18651	9315 8847 9954 6232 8341 9865 9952 7677
18652	10284 63 11374 11851
18653	6512 7795 9696 9395
18654	8646 5369 7679 1035 5863
18655	744 752 938 553
18656	10576 10801 9530 11104 9251 9735
18657	1734 9993 1534 2447 9346 1716
18658	1966 1826 1958 1981 3046
18659	5832 4812 7300 4508
18660	8864 4955 7618 53 2513
18661	5062 7768 3514 4888 1998 355 5231 1318 8806
18662	10374 10703 11515 11183 9515 10583 7255 9975 9356 11129 11310 464 6971 2135 10883 9274 10983 10982 6853 7265 8574 11179 11685 8483 8865 1694 11758 11063 8551
18663	3838 10846 11804 341 5040 7991
18664	3019 9916 11266 2415
18665	4045 4775 10981 4977
18666	781 9909 3088 4100
18667	10702 7387 8384 6222
18668	5934 1216 11729 3195
18669	1552 1931 2491 1601 1342
18670	7440 5624 4609 9331 5975 10608 9339 91
18671	5045 697 6559 625
18672	673 2721 786 823 663 5631 688 4373 1064 136 3139 760
18673	3079 6503 2818 3914 9626 9813 5994
18674	4706 8838 929 1359
18675	11640 9544 6150 8272 9711 11574 11655 11537 6208 6154 3707
18676	9670 8708 6055 1163 11705 8751 11097 7907 11684 7903 10032 4224 11380 9923 5524 10970 10030 10892 7107 9583 10983 9667 7539 11095 11228 7688 11058 8480 9120 11210 11510 8872 7253
18677	8967 4385 6574 9121
18678	607 11528 355 192 810 1878 958 5738
18679	9743 9561 9981 9392
18680	1632 2858 9452 348 432
18681	7466 11707 8415 11099 8434 5261 9503 5274
18682	5524 10928 6376 10899 9997 2407 2473 1932 3042 10231 10232
18683	1663 4628 689 690 2658
18684	3944 3139 8842 7503 2967 2598 3298 2611 925 612 1581 3437
18685	2135 9568 7517 371 9461 5825 2958 9441 9134 7394 4303
18686	294 402 213 1320
18687	7921 9955 9063 1137 9567 5593
18688	1967 1981 4694 1028
18689	2581 10977 9559 3758 9523 4323
18690	5812 4831 8946 2982 5624 10045
18691	4643 2495 3153 3174 2215 7538 424 4881 7952 7947
18692	3746 3825 4748 862
18693	3668 10477 10480 8777 9279 9145 8799 9287
18694	960 5693 8776 4672
18695	11026 10671 10723 9976 11537 10587 10592 8717 9276 9361 8105
18696	8230 5281 3301 5741
18697	2907 10400 5550 6289
18698	8942 8557 8439 8454
18699	10832 8196 9020 7792
18700	11787 11775 10527 11660 11661 7248 2675
18701	908 10308 3341 526
18702	3744 486 280 7107 9869 7978 6009 2540 8917 575 2130 3588 3651 2150 4818
18703	6235 8352 10060 5002
18704	5426 6301 6452 7428 9743
18705	10941 7714 10680 10681 5944
18706	6003 1035 7731 10291 8128 6730
18707	8008 3476 4551 3442
18708	6533 10600 10232 10129 10227
18709	7455 4822 7260 4794
18710	7402 6512 6819 9518
18711	10405 11406 8717 6160
18712	9864 9532 3961 5812
18713	3304 7984 3293 492
18714	9288 10605 6890 8038 8871 9032
18715	11286 4551 3858 8475
18716	1572 1973 3244 1948
18717	4977 2036 6321 4305
18718	2036 2034 829 2741
18719	5413 2433 3351 6380
18720	5230 5791 8158 4294 4534 4503 11801 8611 329 5027
18721	9840 4616 5243 9256
18722	5600 3930 8437 2978
18723	10223 11918 10007 11836 10257 11919
18724	3391 10099 699 6218
18725	840 1114 6675 7248 830 1035 4376 11553
18726	7670 11464 8948 10067 4433 7837 4078 10375
18727	6837 7545 2973 362
18728	8113 4324 8294 9592 8458 2417
18729	172 7472 5086 2131 1537 432 215 8881 5960 2453 2646 3651
18730	2128 808 3306 4731
18731	11361 11362 6470 11363
18732	4758 4159 9217 9215 10268 9000 9216 7901 3918 6331 4522 11874 8578 6350 9944 6392 9022 9642 9036
18733	473 1733 472 2819
18734	3233 3943 3761 5830 7260
18735	8784 5826 4300 10696
18736	11405 373 10019 2813
18737	11190 1498 7348 8498 1164 1163 11188
18738	4103 11596 61 3858 1720 4551 5856 3822 8145
18739	2819 1824 2081 3419 11207 8511 7707
18740	11412 11411 10216 10181
18741	5312 5308 3275 135 7749 984 1801 961 2305 2827 2156 5581 3041 5692 5311 4126 5550 5721 2599 1596 731 3482 3311 213
18742	10899 8938 9542 10906
18743	11402 9502 11843 11614
18744	11897 11249 11540 9164
18745	3261 3001 1776 3776 4846 2247 699 9393
18746	5608 5946 5364 2993
18747	8126 6808 11222 1983
18748	11663 3848 5142 3103 3036 2656 11810 11794 147 305 11917 7925
18749	10854 11226 11125 9461 11207 8796 9332 9460
18750	3381 3078 2191 1944
18751	6258 11673 6977 11675 9484 9558 9965 11575 11529 10507 8316 1716 6975 9460 11305 10506 2710 7245 11639 8466 10520 9574 2172
18752	5830 4881 8451 10355 1359 7240 10147 4190 3695 661 1577 1152 6274 1654 3083 7961 5458 8370 7959 8268 7947
18753	5989 6049 3316 1702 432 7491 1653
18754	229 1792 1661 168
18755	6756 438 6490 7638 5465 2665 3223 2387 2247 4302 5041 2386 11852 2436
18756	4037 5955 1437 4045
18757	4694 1798 5481 4410
18758	8080 7054 910 4845
18759	7512 9460 2022 11061 10032 11740 7405 8468 11678 5371 9921 10373 4438 11060 3381 9332 3806 11671 10357 4706 1465 11526 11738 11220 199 3930 6792 11674 9755 8500 5203 10588 9281 10540 11418
18760	11654 7382 4279 5245 4121 4508 6549 2482 7004
18761	663 3298 8035 2902
18762	3777 6093 6045 5981 4672
18763	10892 11078 11127 9234 4042 6152 11654 10869 7229 8934 9541 11064 6904 6640 10511 9137 6497 10418 11463 10636 8862 10426
18764	9730 8426 10133 10640 9451 9509 10524 9511 9305
18765	10101 8969 9171 9392
18766	9210 4480 10955 1750
18767	9827 5672 459 9270
18768	8913 31 7987 3888
18769	2989 11053 10259 6359 1811 10021 8819 8922 606 9085 10370 9225 9120 7878 6361 11510 6173 9167 7745 8899 2571 9544 11173
18770	60 752 2603 9240
18771	2412 3099 3131 337
18772	2895 1661 10309 24 80
18773	8187 9839 10750 137 8556 11347 6006
18774	9158 3362 619 5277 5439 11628 1994 3271 1941
18775	10889 11099 11619 11404
18776	11617 11902 11685 11099
18777	2324 3786 3301 1076 810 2076
18778	8990 1453 6565 4383
18779	6474 11260 10393 10246
18780	8922 11058 5957 7289 5911 9309 1258 4284 1073 9310
18781	4278 1518 7207 4463
18782	529 798 176 821 1516 782
18783	4976 2917 8667 5450
18784	11305 11025 11027 11088 11179
18785	9335 4299 9841 2750
18786	10905 10326 9205 11043
18787	7011 10669 11602 8243 11476 7908 11600 10932 8283 11909 10812 11077
18788	11293 11095 1254 11291 10247 9542 7348 11524
18789	10661 4426 9869 10590
18790	63 9532 3368 65
18791	8030 2047 3119 7673 2416 4814 9295 6141
18792	459 6932 8088 4600
18793	8439 8895 7669 2510 1429 3571 7156 11628 213 7057 199 5859 6367 8908 6826 4292
18794	7122 8550 8094 9453
18795	9000 2320 6512 7402
18796	7700 2780 5681 1610 5174
18797	8403 6251 11000 3928
18798	4762 11675 8154 9667 4153 11676 10671 6906
18799	3346 10969 4387 9448
18800	5765 2610 6051 7985
18801	5364 7242 3391 5331 9332
18802	9247 1946 10407 10212 5549 5226 9427 7670 11467
18803	5689 11511 1201 2750
18804	11860 9422 12 7248 7881 9779 6306
18805	10350 6722 8580 6894 7398
18806	1242 7162 1010 1151
18807	6239 10813 11529 5434 6055 5797 11087
18808	4147 7429 8068 1722
18809	8524 9166 3103 3480 11628 6616 7022
18810	4441 7441 9062 1928
18811	9968 9265 1921 27 11089
18812	7410 10590 11399 11130 1929 11421 8254 661
18813	11563 10855 11858 6203
18814	5230 6111 8188 11507
18815	2450 4333 4263 6172
18816	5275 6549 7626 7625 7629 9410 5654
18817	9356 4108 5160 6638
18818	8145 9613 8441 10189
18819	624 742 821 439
18820	4064 7666 6325 5971 4641 2343 3128
18821	7009 9004 1726 11554
18822	8270 688 7072 11078 8920 10373
18823	1083 4259 5176 6289
18824	6207 10670 6216 11671 10717
18825	6640 3741 1554 5450
18826	10606 4435 11507 10056
18827	2576 7361 10078 699 1433 2575 3088
18828	7216 2129 9824 10251
18829	9129 9441 1350 7286
18830	11649 1318 11818 11479
18831	7269 10606 10056 10057 10605
18832	871 5665 472 4724 5839
18833	2369 3177 6059 5275
18834	8580 6736 6164 341 1060 4158 2750
18835	10861 10925 2749 8442
18836	5117 11730 3897 8464
18837	6372 10113 2394 9689
18838	9566 9565 9562 9559
18839	9780 7130 2536 8883
18840	5439 4390 2350 9975 6062 5858 3906
18841	2707 2740 1713 2344
18842	776 2886 2703 1885 2445 3595
18843	9681 8919 11208 9483 9482 3924
18844	2205 6474 5998 3982 4254
18845	7221 6690 8193 6668 9522 3813 346 5929
18846	7805 341 2306 6779
18847	2238 8842 3293 587
18848	6499 5711 5737 9958 8109 1509 9002
18849	5721 10977 9718 9719 11240 10980
18850	1781 4246 3244 4314 3219
18851	5929 5928 1373 961 11179
18852	11691 11498 11560 11404
18853	3956 3570 6360 3888
18854	355 1091 1980 625
18855	4361 6311 5503 2893 338 691 1312 2032
18856	2186 4939 4703 2197 3849 5076
18857	2181 8379 9229 4431
18858	1284 3518 3329 1133
18859	11492 7935 4643 4881
18860	10122 7248 11663 9659 7833
18861	8492 10506 10273 11087 7376 3139 6529 9161 8503 8189 10030 11667 142 1599 10418 3280 2861 8270 11403 8493 9383
18862	11764 11481 11404 11606
18863	73 6677 3888 9287 100 4831 4259 40
18864	1995 697 3512 1128 3513 2586 1762
18865	660 402 758 1465
18866	10056 4436 9287 9279 4434 9288
18867	5065 5654 5275 2997
18868	11274 6394 11168 9893 11233 10726 11389 11302 9460 3049 11463 5781
18869	7288 6380 9101 7734
18870	7687 11421 165 6762 11636 7803 7926 9220
18871	5991 11326 2200 6410 6291 6201 6479
18872	1581 5746 919 8459 9134
18873	2425 9672 3498 6396 7813 8948 6471 5929 4508 7117 4533 440 9823 7410 5613 9379 9824 3215 7328 4042 2696 7801 8744 7986 808 7007 1764 5351
18874	4608 3285 3858 4000
18875	3734 2350 2041 613
18876	2540 2978 5106 3768
18877	1275 3877 245 5867
18878	7201 5829 9201 371 8320 2289 1907 10185 5091 8065 6331 6079
18879	9538 3022 11397 11399
18880	9289 5720 2786 8997 6713
18881	11855 11312 11725 10326
18882	4477 9104 8627 8878
18883	8795 10754 2546 6474
18884	5145 726 3221 312 3895
18885	10652 4406 11200 10984 5261 10146 6220 4407 8405
18886	9193 2361 284 8230 3093 3128
18887	4720 10316 10314 509 346 445
18888	7648 6823 11109 8387 5121 5120
18889	10918 10920 2068 1463
18890	10227 4156 10230 5568 6796
18891	6788 5784 3710 1918 850
18892	8689 10060 8080 9845
18893	1541 1450 1257 1526
18894	9142 1606 462 1723
18895	3706 11159 8074 3847 8071 3131
18896	874 5565 1490 6944
18897	6735 10726 11912 7358 9460
18898	4776 9022 7286 6191
18899	3588 6037 9318 11665
18900	2636 7697 5609 2429 3431
18901	6653 7394 3321 10356 10795
18902	6411 4352 1581 4607 2604 752 3734 2540
18903	8488 7274 9390 8921 8487 9638 7081
18904	9621 8938 9035 8919 11585 9919 2946
18905	674 2756 9096 697
18906	2973 305 9865 4669 8175 8181 8417 5748 1472 1286 4587 8458 301 9781
18907	3895 6004 8512 2110
18908	3063 213 1013 3137
18909	7516 5379 9133 8825 6913
18910	10649 7723 10827 157
18911	11738 10352 8785 7745 10923 6906 11897 6733 5469 11688 11543 8486 9967 9636 6055 10696 11673 7010 3897 11586 8470 10957 9364 9958 7784 7792 7789 11476 11831 7658 7082 11817 10379 10357 10700
18912	3407 6869 8206 2169
18913	7233 2993 642 7744 3651
18914	8890 2331 10311 7115
18915	1865 7916 5180 7215
18916	457 1073 11663 7248
18917	1114 597 1143 2621
18918	33 10496 9975 5504 7260
18919	531 10179 1653 5088 8862 2036
18920	11435 10570 2133 10511
18921	6470 11179 5383 9130
18922	1002 4021 2606 7594 1179 4003 2890 5441 8639
18923	11011 9692 9345 8292
18924	2733 2385 903 2434
18925	2019 772 1116 4287 1654
18926	4359 3604 5225 4271
18927	1714 9570 9461 4390
18928	194 11510 6751 11509
18929	1605 2644 1898 1947 1695
18930	2061 8968 3801 3831
18931	1116 3151 779 2963 1266
18932	8377 3054 5023 384 4578 1662 8714 11440
18933	7118 6895 8617 5836
18934	2027 9831 9760 4768 6687 7457 9806 10613 8754 6220
18935	11849 5139 152 2394
18936	4229 808 3145 4246
18937	5673 7494 7831 4404 6187 5671 10695 5674
18938	11588 11551 8434 11614 9508 10375 11686 11438 11800
18939	11191 8099 502 1930 8577 11519 11357 6375 4438 4814 8410 8421 3567 4909 8951
18940	11449 2298 19 9100
18941	6203 8467 6152 874 6207
18942	817 6904 6474 3340
18943	6436 6470 3142 11460
18944	8381 2474 8681 2160 5610
18945	5449 9148 4587 3389 8478 7337
18946	7514 8071 5426 4706 2540 136 973 5989 2614 8485 1432 1960 4410 3567 961
18947	3567 3393 4550 3344 3373
18948	2417 2189 4379 1135 4389 9052 6547 10959 4407 4876 5709 4318
18949	4861 157 7533 9201
18950	11719 9073 11718 10999
18951	9874 8842 8043 7246 1437
18952	4556 10122 9620 8660
18953	8194 6919 4428 7513
18954	5593 6512 1338 445 10159 9668
18955	1662 2442 1111 1487 3149 2128
18956	3663 700 7960 6293 1433 5145 6305 8996
18957	11834 11833 10007 11832
18958	8701 10907 9871 1887
18959	840 2614 907 1811
18960	222 812 2606 3622
18961	7819 9188 9574 321
18962	8184 9304 9303 9302
18963	9938 8751 6178 4242 7246 7673
18964	689 840 797 755
18965	7469 11588 11903 9809 9374 10884 11901 7195
18966	7597 5435 7830 8996
18967	5106 1349 5151 2036
18968	323 5364 1827 2846 1886 246 2416 3539 1981
18969	5332 4984 6260 3883 4877
18970	417 4718 1799 1279
18971	6366 2446 7122 4837
18972	6078 605 619 6753 4292 10790 2449 661 6839 1984
18973	8910 8443 9244 7612 7609 8904
18974	626 593 973 733 625
18975	642 925 3876 8842
18976	790 6104 3531 2610
18977	4520 3492 796 4924
18978	11689 11728 8254 7248
18979	5644 6396 5553 7650
18980	4670 3432 7142 8050 5454 682 8282 5259 3392 5450 2547 8583 6255 8666 8993 8476 2569
18981	5106 5960 11174 5172
18982	10552 1799 6083 5435
18983	6295 10883 7530 10370
18984	1453 1608 4598 1560 4758 5444 1705 9885
18985	988 648 1377 1236
18986	874 9280 2482 3386 4676 2455 2463 3892
18987	6207 8243 10351 10699 11883 437 10981
18988	1517 2729 1202 678
18989	9125 1952 7816 7586
18990	2485 2005 3043 11177 7300 1723
18991	4985 9098 4442 216
18992	1659 8777 6050 6459
18993	6343 6342 7902 7435 6128
18994	10807 4574 10984 5593 7414 9120
18995	5038 7555 4038 4399 10356 5379 1525 6470 5382 8127 6392
18996	9031 10066 10060 10065
18997	4829 3555 8550 3982
18998	10915 10573 1711 7248 11372 11191 11617 10913 11613 11615 11551
18999	10308 9731 9730 8798
19000	4896 3611 8242 8436 5638 341 7238
19001	6931 10229 10228 4230
19002	10109 7328 2234 3013 6994 7560
19003	8842 10293 2355 4118 2967
19004	1501 9455 2575 4034
19005	5401 2644 2379 3320
19006	11208 9972 8659 8919 9273 10724 11653 11896 7088 11063 11097 9460 9387 10036 8862 11897 7092 10516 6154 11669 8505 7376 9950 3677 6658 10703 10588
19007	8073 10158 10064 10411
19008	2540 3926 9294 3019
19009	11191 11615 7419 11391 10524 11617
19010	11360 5501 4004 846 2366 8006 1525 1318 6835 3692 461 5161
19011	2922 1635 9115 6126
19012	8491 9512 11349 10717 10381 409 7375 437 8493 4550 9989 915 11339 10854 8861 10570
19013	7530 7358 11599 7089
19014	7778 5880 9646 9510 2128 5569 8434
19015	6550 11198 1103 4495 4716 4250
19016	9652 11220 11514 9057 8723 11150
19017	7010 5955 11425 9083
19018	455 1221 3026 208 1135 2310 4457
19019	1114 842 435 374 649 739 744 1116
19020	8336 2416 358 3144
19021	3204 1762 2587 1814 1761 3032 3257 3456
19022	172 6781 7117 4805 8717 2243 3560
19023	11665 5307 9893 11171 6059
19024	9114 10884 157 11628 9367
19025	7160 3642 10834 10311 3828 7911
19026	2404 10821 2005 568 3156 4863
19027	1083 6962 7549 7489
19028	11025 5400 8872 667 8865 7713 2099 5780 2874 7920 11086 6363
19029	28 9890 10325 9204 10323 11256
19030	3152 1129 2589 2945
19031	10228 10232 3737 529
19032	11058 11062 11060 11215
19033	4988 4649 6266 8530 5135 6265 339
19034	4586 4669 5261 9865
19035	2412 4719 7122 4876
19036	10567 11378 11220 9178
19037	5672 7487 1976 2350
19038	7904 7992 9675 1591
19039	10910 11621 10999 8548
19040	1929 8122 6019 6020
19041	175 589 3139 1762 563
19042	5843 5712 3844 7342 5332 145 10757
19043	7895 7394 4091 8371
19044	7349 6753 5177 4015
19045	359 3293 5482 173 9874 3436 9481
19046	8753 9234 2993 10981
19047	4298 3241 4738 8402
19048	7820 7248 2416 7582
19049	7029 7083 7500 7459
19050	9838 5168 6009 1595
19051	10173 163 7302 9151 9673
19052	8294 11753 11766 7092
19053	9463 3742 2539 4112
19054	9247 4156 2005 10425 702 1786
19055	7142 2614 8666 4026 1264 1811 2835 5191
19056	7571 2098 9669 8422
19057	8872 9105 5651 6209
19058	6034 3346 6161 6940 5226
19059	7968 585 2013 9519 6015 4940 7413 2135
19060	10570 11058 11348 2099 10700
19061	6847 3313 7206 3984
19062	7307 6535 4424 7311 5500 8660 2212 4633 7310 7821 8516 10077 9380 8572 5144 3571 8550 2917 1657 1179 9342 3712 555 10513
19063	10620 7686 9424 3283 4042
19064	5662 7803 6964 7926
19065	7109 6476 11425 6833 6082 8334 11423
19066	3589 7248 5583 11663 5994 7833
19067	2557 216 2459 8582 5008
19068	5065 695 1665 7554
19069	9237 10362 2819 4982
19070	9231 435 11025 5504
19071	4706 9572 6691 1359
19072	7587 341 10189 284
19073	4137 3655 3654 3495
19074	9774 10133 8186 8185
19075	10878 9322 592 9484 8776 722 8455
19076	11442 11413 9898 11411
19077	1602 8923 261 9592
19078	9829 3160 9592 2953 6789 1537
19079	1024 6520 8194 5678
19080	2887 5435 2535 9803
19081	8764 280 1804 8565 6749
19082	3808 8233 3399 6448
19083	10201 4795 4558 7248
19084	11326 11876 2450 1103 2167 2431
19085	5229 4891 5770 1522 2322 6111
19086	11637 10376 10086 9643 9227 11410 9564
19087	11179 10683 6652 10024
19088	4698 9573 4200 10055
19089	7147 5752 1771 5277
19090	3854 6138 4051 6435
19091	663 3293 731 823 2416 902 8892 3511 4045 3304
19092	11391 9492 11099 9515 9512 9514
19093	1941 127 10309 621
19094	1662 5020 2978 1811 533 408 1386
19095	5434 6972 11914 1159 3050 11433 10174 10896
19096	669 2914 3169 7403
19097	823 6691 9406 7688
19098	11437 11187 11081 11333
19099	3530 3789 5139 3189
19100	8434 8247 10998 7939
19101	5439 5383 9461 4774 6894 4876 5643
19102	8683 5571 136 8813
19103	6561 9825 3644 5570
19104	2809 432 531 3346
19105	7165 148 612 1487 1139 2264 596 2543 3098 5153 2153
19106	6574 8442 10525 9870 6018
19107	11759 10684 11006 11668 9972 11574 10606 11510 11524 11511
19108	10864 5171 9929 10748 5624
19109	1415 6220 752 2614 4148 7160 4666 3768
19110	3547 3129 11407 8639
19111	11069 5535 10376 11349 7388 11110 10494 9361 11066 3139 10928 9230 6457 3389 4490 4491 4517 11738 623 566 4548 1233 9638 2268 11667 5504 11403 1440 7253 1911 4148 963 6207 1761 11574 9671 6973 8544 7773 11898 8468 1630 6206 2114 8467 1159 11543 8282 8772 10062
19112	2936 11442 7554 2306
19113	5855 10774 10775 10777
19114	6470 6059 2890 7646 10113 10005
19115	1950 432 1500 1705 1951
19116	11081 354 7686 1627
19117	10151 11417 11425 7331 4298 6638 5638
19118	7826 433 6633 6628
19119	7535 1581 8458 3040 1758 754 1264 5065 4254 4567 7928
19120	3371 2913 4508 5224 4837
19121	10973 11766 9134 11753
19122	10889 417 613 2412 1597 459 11638 3224
19123	4309 3976 6067 2455
19124	112 9331 111 9618
19125	10823 5877 7453 8878 5879 5135 10231 7320 2296 5088
19126	8928 8436 1426 692
19127	3504 10445 2694 11692
19128	6908 4598 8801 11004 11713 11474 11236 10770
19129	9481 5963 2460 5343
19130	10170 10163 1837 781 11271 9114
19131	614 3470 1651 906 4001 2159 1828 3553 2019 3431 3837 6768 2287 3376 1009 4318
19132	1171 1172 1170 1176
19133	4266 6755 2135 3215 6710 7445
19134	4227 7789 8964 5471 2067 9234 11864 8672 1722 3897 8565 1651 11629 10698 289 9637 10666 5506 6979 9544 11493 10689
19135	11096 4550 7264 11390 11074 8282 10274 8770 8485 11837 11068 2874 10896
19136	5934 2887 3591 2179
19137	6234 4520 11168 3962
19138	4535 5638 4295 1243
19139	8239 802 8370 2416
19140	6444 7777 11806 10680 5211 353
19141	9133 8054 1133 642
19142	11354 7494 6792 5830 7347 4662 8091 5651 5208 11750 9332 11080 11476 3389 7129 6971 8482 7063 4487 5427 7690 6640 7503 3284 9046 3331 8934 3581 7713 11724 10606 10383 5468 10881 11072 8862 9541 11627 5556 5469 11018 175
19143	8771 6206 11207 11887 11681 7745 6207 4900 8493 6853 8776 9303 8798 3897 10883 5013 5417 94 10894 8964 9165 10516 11070 8830 8491 11885 11527 10784 11017 6572 9967
19144	4073 8996 3404 6340
19145	4762 6948 1887 6713
19146	7517 9030 6777 9248
19147	2978 731 9901 925
19148	4734 9473 10370 10271
19149	253 9090 7010 404 619 8522 5059
19150	1048 2516 1903 5777 10540 2525 902 8087 1781 3596 6932 6273 133
19151	8492 8462 157 7018
19152	9050 8324 11307 9426
19153	1814 5013 4857 8868
19154	5266 8341 6241 3860 1643 4328 8552 2630 7737 1470 2993 4762 5372
19155	6525 1608 3250 7040
19156	9982 4352 3232 2460
19157	6317 9362 920 4458 7079
19158	959 961 2540 820 1764
19159	10013 2604 10000 9643 7715 1988 7787 9689
19160	8263 10511 6155 11110 8462 11098 8501 2692 7375 6156 8500 9764 7503 916
19161	11404 2041 7888 10315
19162	2311 4107 2363 199
19163	7420 5752 7906 8804
19164	11198 6898 11696 6192
19165	567 3437 8842 3384
19166	8872 10506 9645 11431
19167	1618 931 11636 3329 417 573 625 7147
19168	4837 11238 11423 7269
19169	5946 251 3075 2567 4972 899 3450
19170	8895 250 1929 8751
19171	7997 9127 9134 1945 7517
19172	11269 5929 10055 10558
19173	3641 11423 10961 11725 5826 1592 7769
19174	9099 11761 6055 11291
19175	6648 11516 7375 1163
19176	1996 5071 778 2106
19177	9112 1369 6737 5418
19178	840 7762 1931 2399 1041
19179	5462 1643 8524 1318
19180	285 5752 911 9097
19181	8048 11098 8047 11803 10950 10176
19182	277 2247 3889 9276 4767 10232 6751 11212
19183	11252 11530 1336 10030 11061 9285 11402 7393 11226 9260 1222 11504 10383 8793 1522 9275 8188 6742 6299 2170 9987 916 11747 1909 3076 9522 9937 10386 9404 9287 10275 11476 3585 3970 509 8866 10313 5770 7669 6257 6108 8466 1959 6297 1509 8501 11687 6840 11059 6424 9277 1409 7219 6173 11403 9764 10686
19184	8819 5830 142 10372 11511 9424 7335 7250 9120 11436 9395
19185	9724 1868 135 9897 9643 7881
19186	5487 6120 2181 4958
19187	2761 8838 619 5518
19188	9056 9168 7394 9055
19189	5123 2531 289 6218 3320
19190	9657 5108 8752 11001 9557 5747 9461 8145
19191	7358 8272 7745 8770
19192	2181 355 8739 7659 3963
19193	6274 7961 5991 9742
19194	5596 209 6669 9625 1553 6970 7940
19195	11225 10506 8865 10336 10699 535 8791 7082 11006 6974
19196	8717 5711 2163 2640 2380 2390 9201
19197	8338 9773 3833 2658
19198	6711 5096 9806 6708
19199	8845 4534 9819 6138
19200	1591 3098 10993 11404
19201	5933 7889 9538 6261
19202	2358 899 7045 2354
19203	6878 10046 8141 5662
19204	4694 7765 4271 6458
19205	2098 1279 3664 5809
19206	1813 10155 5737 341
19207	9898 10955 8018 10761 6395 11464
19208	3566 2384 10559 2957 8131
19209	2729 2758 2802 2627 536
19210	2659 2536 4212 619
19211	2644 8612 7451 11404
19212	11410 4973 2201 127
19213	5730 2051 6346 852
19214	7496 8110 7342 9322
19215	8632 237 1995 9694
19216	8037 7429 5981 8215 5569
19217	612 6411 7117 5573 11293 1898
19218	7833 7248 173 899
19219	11159 7266 1550 8189
19220	3298 2606 2966 3292 2613 9874 2660 6779 2135 925 3293 9928 823 2611 1487 5759
19221	5665 10157 7099 6267
19222	341 10169 11806 10062
19223	545 2511 2130 1981 9630
19224	2710 2374 6698 3487
19225	1267 1143 3837 3409 1852 2992 2599 5713 1497 4815 1625 5351 5327 1827 3860 1114 4259 3015
19226	10275 6255 8061 11058 3287
19227	6104 2137 5871 2615 2720 3866 3625 7230
19228	2129 2134 2085 1046
19229	11173 7046 10982 3437
19230	10508 2954 1800 2540
19231	8706 2895 6504 8656
19232	3664 10707 1643 3944 6281
19233	1077 529 626 1076
19234	11079 7689 5814 9285 10717 8365 11526 1552 11096 3569 1734 11671 6054 11674 8506 7011 11272
19235	6872 7010 7978 11027 7349 8188 11133 5607 8505 8899 11589 8263 9636
19236	11086 5426 10500 10021 8504 2657 7002 7072 5607 10498 7273 8489 7376
19237	9201 10627 9275 496 9726
19238	10507 7148 7262 9175 10506 1159 9164 5889 9285
19239	3504 5416 2883 4528 2485
19240	102 8913 78 9618
19241	8461 10032 8498 8497 11189 5000
19242	6731 11886 8446 10992 3576 8934 8329 9727 9466 11639 5610 3973 5388 10903 3829 4706 6733 10921 6485 6239 10386 4509 6310 10986 3151 11544 5151 5216 9958 1998 11607 11702 11904 11898 4550
19243	1246 7907 2622 10699
19244	399 660 4720 3183
19245	6601 11217 10255 1782
19246	6975 3285 7242 8504 8487 8482 9
19247	1561 2135 1312 2124
19248	8949 11183 5439 10174
19249	1583 7545 4799 685
19250	2210 4278 2791 4433 3106 8240
19251	6537 6382 3274 7210
19252	7818 4189 2611 2536
19253	8725 6491 6802 6098 4963 341 10151 11812 8030 3605
19254	2042 11866 9116 11541
19255	2468 1116 7842 7281
19256	4913 28 8751 9591
19257	1028 213 2109 731 2917 1027 1026 898 3087 925
19258	3235 5748 2047 9773
19259	606 10073 516 10072
19260	302 565 799 610
19261	9446 9449 6448 1501 7953
19262	8985 8984 6828 7208 9843 7912 6928
19263	3296 3293 4632 1918 2873 555
19264	9814 9385 285 7862
19265	11108 7253 11059 11061 5476 11058 10584 7405 7533 11060 10598 10588 11819 11517 7920 8791 6792 6733 10788 9351 11761 11674
19266	8269 8270 9320 9322
19267	1076 649 743 799 1264
19268	11641 7006 6905 2482 2239
19269	5490 8618 11339 5494
19270	172 2659 10185 3285 2658 2446 8996 234
19271	6680 5445 6139 5519
19272	1981 1663 498 6024
19273	3888 3280 2394 2580
19274	381 6961 6312 6251
19275	2802 4492 4679 1779
19276	6097 3738 24 1509
19277	9175 10514 11053 9083 11748 11108 7318 10378 8493 9153 9671 6205 7920 6648 8494 10717 10511 10406 9284 10382 7745 6996 9
19278	7248 5040 2775 11417
19279	7213 3215 6917 2022 9461
19280	9342 6670 7513 9665
19281	2924 730 10981 4678 8585
19282	851 7513 1352 199 853 641 5383 6030 1577 7512
19283	4528 11562 907 2428 176 2819
19284	6840 9279 5775 6108 9286
19285	10718 6723 4688 5160
19286	11274 6607 11281 11279 11528 11283 11282 10420 10421
19287	1722 511 1785 5439
19288	5638 2743 3588 6141 4973 152 4326 8838
19289	8996 5576 10469 9096
19290	8933 2806 8357 7297
19291	6520 9229 8609 4173 3118 10084 3641 2325
19292	10993 7598 9360 10855
19293	5703 305 2696 2969
19294	3447 10839 4094 1799
19295	1232 973 988 1076 1487 1905 2708
19296	4399 3206 3215 568 6690 4324 2967 6358 9733 199 1039 6705
19297	5362 2816 596 5735 11323 1702 3450 5377 1898
19298	1264 840 4464 1683 9895 999 5427 535 7023 380
19299	9617 7666 7558 4836
19300	3123 4313 5911 357
19301	4940 4031 11179 4693
19302	5449 11541 10689 11676 11671 7136 11182 8505 6497 10333 10918 8819 7878 9547 7383
19303	4610 11474 7714 5944 4722 6492 5566 11713
19304	1479 1680 1321 1677
19305	10122 10617 3400 7456
19306	542 1653 557 2666
19307	2128 497 6690 2340
19308	4259 2590 1761 4714
19309	3195 3626 7879 7328
19310	1076 2850 949 1919
19311	136 8929 8886 5439 11129 10714
19312	5363 9461 10103 8753 6527 3954 8443 6864 10968 7611 9805 8959 11305
19313	6536 1722 9420 7151
19314	6905 7229 8723 7006 10235 7668 3376 7686 1932 4437 823 6287
19315	11694 2005 1537 11199
19316	9592 9429 6957 2540
19317	1727 1235 7797 5336 5453 815 6396
19318	2893 3043 3044 1055
19319	6209 8280 6891 8443 5370 11639 11097 11533 8708 11079 10495 11539 11063 11027 11096 11697 6732 6296 10520 6980 7229 9231 9542 7234 7747
19320	7295 7375 6735 9689 7878 2875 7261 9366
19321	2450 10717 7372 10388 6199 4728 4311
19322	369 2993 4508 3792
19323	8073 8056 10086 1299 2287 4633 1014 8057 1021 2277 2828 2855 2291 3697 8037
19324	7463 5027 9526 9495 9494 7927
19325	8893 8862 7234 4399
19326	9336 9183 9179 94
19327	6070 7072 6602 11423
19328	7216 4406 9697 9416
19329	2041 1952 781 8169
19330	5372 4387 8753 10895
19331	2184 8546 4102 9210
19332	3908 2874 5532 3371 680 2103 1561 4725
19333	4774 10479 9280 3014
19334	1997 4055 229 285
19335	2137 8027 9152 7822 1849 8791 11138 9201 4993 6446 9183
19336	3439 2646 11164 11212 10449 10796 10210
19337	7514 9531 6913 7981
19338	3581 8264 1834 3139 7148 3287 11108 11190 921 1908 1043 1916 9989 11761 9285 3389 10605 2874
19339	6388 6616 5311 8166
19340	9188 4054 6443 7117
19341	2809 4742 4541 6178 8166
19342	6305 10400 3895 2956 531 8862 7092
19343	6997 6204 4195 2728 136
19344	2614 223 6552 9280
19345	4849 8857 5760 5439
19346	752 289 229 567
19347	3257 5412 4258 5937 7494
19348	4049 5928 1550 7332
19349	9598 8412 8423 8222 6248 10524 8778 8420 9073 9498 6414 8424 9501 9503 5861
19350	9480 3046 2773 87
19351	11421 11424 8929 8436
19352	8185 979 8418 2875 2276 8577
19353	2604 902 2528 3986 1349 1150
19354	1042 8824 4881 7953
19355	7621 7608 8386 6082
19356	723 630 519 2135 722 609 771 203 510 291 315 420 395 581 529 744 814 244 626 742 594 421 936 576 633 792 408 411 610 328
19357	2307 1838 4150 8717 5439 1702 2401 2887
19358	6151 1495 11672 6359 94 11067 3389 10441
19359	6172 2510 1654 9447
19360	697 645 564 649 611 630 519 536
19361	1073 5350 1369 5490 9270
19362	3165 8076 8997 5701
19363	7498 8622 2420 10734
19364	10928 8798 10520 10892 10381 11848 11087 10698 11697 11668 11676 10726 10716 3569 11006 7907 10711
19365	8921 5079 3781 8500 6743 7831
19366	8363 6416 8348 10451 8204 5004 4598 9171 5804 11265 5806 8378 4135
19367	5105 7459 9045 11728
19368	2929 4497 10212 6392
19369	5449 3899 6055 7063
19370	10113 8066 8718 5026
19371	1542 1934 2629 310
19372	7071 11726 10068 10765 10370 7081 9800 9844 8294 11727 10260 6320 11839 10051 8295 6947 10762 10236 7537
19373	8047 10199 6339 10151 10182 10192 7457 1766
19374	10419 1510 11279 699
19375	6764 10550 5042 10551
19376	7394 2111 11360 2838
19377	8162 10823 9041 4063
19378	5571 11859 9122 11882 11276 1525 11212 9568 5606 5919 4271 11644 11642
19379	9433 9552 9786 9787 7926 9611 9943 9103 9296
19380	8247 2248 8847 1596
19381	951 6967 6326 6243 7509
19382	8149 222 10161 10076
19383	7512 5830 4092 5379
19384	3368 6808 500 4513
19385	2818 1428 7036 2906
19386	7503 243 11418 5506
19387	4586 5858 2577 5065
19388	6551 8981 679 4386 2599
19389	1448 797 1703 2979
19390	267 1761 713 1121 274 1430 180 758 969 375 425 667 935
19391	2917 6411 341 213
19392	430 1078 519 407
19393	3895 8994 9431 4721
19394	5235 2460 28 11103 11425 6110 6512 1264
19395	3982 5181 6772 1011 4042
19396	1722 1898 1852 2510 2056
19397	2128 1437 4071 728 5708 2105 663
19398	4045 4728 4407 7741
19399	9277 4376 3088 5439 3662 10106 699
19400	9461 7980 1655 7513
19401	4242 10154 10735 6351
19402	8288 6334 11012 7971 1522
19403	10077 8238 2047 5581
19404	5830 11653 10591 7533
19405	2866 6121 3792 7117 1575 5282 973 6198
19406	915 5083 8495 437
19407	1277 1148 812 3128 1279 6220 6075
19408	7300 8295 9362 3185 2890
19409	8996 6533 7455 3925 5929 4528 5250 11553 10757 2207 9188 11554 9668 7781 6470 5738 4613 5046
19410	10462 6137 812 7102
19411	17 6415 8012 7797 3671 24 4584 9618 2394 15 8167 5624 6937 6097 7832
