0→0 1 2 3 4 5 6 7 8 9 10 11 12 13 14 15 420 40 295 166 34 253 242 1048 411 170 154 431 261 24 302 1460 368 381 322 41 148
1→16 17 18 19 20 21 22 23 24 25 113 114 115 116 11 117 118 381 384 385 150 565 997 994 714 633 414 753 917 968 143 161 152 317 126 557 157 2 558 786 320 603 602 931 219 896 821 1009 146 225 610 220 756 1064 932 324 571 562 923 340 147 153 354 402 904 987 344 752 140 123 609 1065 519 336 934 231 591 328 326 754 163 348 135 606 332 607 1066 162 985 396 46 365 526 38 110 71 202 473 367 260 166 182 880 165 360 656 169 68 204 506 1067 41 79 184 394 393 170 329 294 1068 175 154 200 36 250 80 277 51 191 13 308 323 257 362 205 292 438 533 5 199 248 443 1061 1008 734 1222 1460 301 1338 1452 1 1332 1417 1337 732 998 741 999 1506 1469 1454 303 725 1149 1455 996 1082 729
2→26 27 28 29 30 31 32 33 34 35 36 37 38 39 40 4 41 42 43 44 45 46 47 48 49 50 51 52 53 54 55 56 57 58 59 60 61 62 63 64 65 66 67 68 69 70 71 72 73 74 75 76 77 78 79 80 81 82 14 83 84 85 86 87 88 89 90 91 92 93 94 95 96 97 98 99 100 101 102 103 104 105 106 107 108 109 110 111 112 737 148 242 596 465 507 506 790 680 514 293 521 791 382 659 792 184 584 793 294 485 794 355 454 274 795 460 796 164 644 383 442 459 704 765 797 698 798 436 453 361
3→119 1 120 121 122 123 124 125 31 126 127 128 129 130 131 132 2 133 134 135 136 137 138 139 140 141 142 24 143 116 144 145 146 40 147 148 149 9 150 151 152 153 154 155 21 156 157 11 158 159 160 0 161 25 162 163 219 220 225 226 228 229 231 232 236 237 169 165 238 240 39 241 51 182 242 243 55 244 14 175 106 245 97 202 168 246 247 248 249 187 250 166 100 32 251 252 253 254 255 256 257 258 90 259 41 260 994 303 995 1346 7 1332 999 1452 1337 579 1500 1460 1338 23 668 223 1414 504 113 744 104 52 406 93 505 114 922 442 1373 321 326 470 289 986 91 620 20 720 315
4→164 165 166 167 168 169 170 171 172 173 174 175 176 177 178 179 180 181 182 183 184 185 68 186 187 102 188 189 190 191 192 193 39 194 195 15 196 197 198 35 47 57 199 200 201 202 203 204 63 36 205 206 207 32 208 100 209 111 210 211 212 213 214 215 216 217 218 315 1008 14 51 561 1457 1452 1498 1469 1420 744 1336 1337 1228 1500 242 4 87 1083 1074 264
5→221 222 223 224 227 124 230 40 233 234 235 239 31 142 261 262 138 132 15 318
6→121 263 40 157 137 31 234 252 264 152 227 265 266 267 124 268 269 11 270 160 271 129 143 147 57 272 273 15 274 169 171 275 276 122 277 278 71 178 279 94 39 253 80 243 280 179 46 51 240 196 281 282 260 3 283 284 98 285 286 189 287 288 13 41 289 93 290 291 292 36 293 294 190 295 241 112 296 50 297 173 298 184 299 110 300 308 32 48 311 187 325 244 45 254 212 108 91 337 339 63 82 204 341 259 56 345 346 349 75 352 355 356 358 97 359 361 66 55 4 373 374
7→301 119 302 303 120 7 121 304 305 306 307 309 267 2 310 264 40 312 137 136 9 233 271 160 269 138 313 124 18 314 315 17 316 317 155 319 23 320 321 152 322 324 126 139 129 116 154 132 157 326 327 114 146 328 329 21 22 125 330 140 331 24 332 6 333 334 335 336 338 220 219 340 11 342 343 225 344 143 147 347 348 161 350 231 351 353 354 357 170 196 283 360 178 176 362 363 166 175 364 365 254 366 367 368 257 183 202 369 165 370 15 371 180 298 372 34 182 393 394 395 396 187 5 398 399 400 191 87 401 48 250 403 404 61 52 406 407 54 177 256 408 409 410 411 412 345 413 56 414 415 416 377 418 195 258 419 168 420 97 255 421 74 422 375 423 43 424 426 210 427 428 429 431 432 169 68 242 277 47 189 184 308 294 434 435 253 438 82 60 439 440 198 442 186 433 57 443 444 445 446 49 66 274 151 77 35 449 4 450 451 214 452 453 454 14 455 84 456 457 379 459 460 461 355 463 464 465 467 468 469 470 51 179 243 13 292 471 281 55 39 41 207 206 36 473 201 349 474 200 63 475 204 203 209 259 476 380 477 246 478 479 480 32 111 215 212 208 481 482 483 484 162 218 485 486 487 295 488 3 489 10 490 491 300 492 376 493 346 495 496 497 498 499 500 501 502 503 37 286 59 110 85 112 96 504 79 296 30 75 506 50 507 508 509 510 511 512 514 515 516 517 518 519 520 521 523 108 45 44 531 197 276 533 534 535 248 536 537 538 539 392 417 540 541 542 543 397 544 62 545 285 546 547 548 549 551 199 552 228 554 555 556 229 623 8 606 624 625 626 282 88 810 735 653 782 781 390 216 709 109 621 811 573 581 530 217 812 181 813 190 528 988 995 744 994 992 1003 999 102 660 991 1125 976 958 12 1076 559 604 655 805 595 616 325 617 858
8→68 570 744 1346 995 7 154 42 474 281 61 181 323 276 260 170 264 370 31 285 267 1037 269 36 169 310 415 13 988 243 183 1093 15 47 535 669 124 57 71 40 46 10 277 325 688 4 486 14 480 110 103 450 292 432 396 184 290 116 528 127 138 165 309 1417 142 366 62 312 227 178 59 50 166 321 837 189 198 3 757 388 495 190 51 261 411 55 374 80 48 112 271 101 254 108 202 506 918 92 172 75 295 273 679 296 352 242
9→213 374 296 382 386 111 355 389 159 390 391 392 162 397 402 405 417 425 430 433 436 437 441 447 448 328 458 462 528 530 469 532 135 550 553 483 744 988 995 992 990 996 738 1093 999 766 584 1003 1172 1336 1337 1222 1364 1460 1492 1457 1456 1467 1498 1454 579 1487 222 19 751 412 1348 1469 569 1486 1561 1478 937 129 783 1589 691 42 943 799 630 1145 380 308 1148 607 801 717 364 324 341 862 489 485 1538 939 615 782 1339 710 217 350 1253 1020 1312 968 145 556 711 964 1592 970 187 105 72 409 117 23 1346 338 28 889 520 206 119 786 407 75 107 92 118 719 490 445 811 858 310 741 415 24 840 509 1007 1500 139 219 65 552 77 882 14 45 534 789 377 369 238 334 758 1014 372 517 104 562 488 40 36 46 230 1061 1048 1650 1656 157 450 994 1174 242 486 387 204 15 271 538 144 1660 861 575 754 625 109 326 100 63 714 55 1396 1342 471 620 399 487 209 1387 2 349 475 318 97 184 585 95 353 249 56 39 470 323 202 332
10→302 466 124 122 234 472 9 353 132 40 18 235 343 114 334 494 24 316 151 269 21 261 140 505 271 11 513 147 113 116 522 338 342 183 202 254 524 170 15 36 323 46 525 105 175 387 278 51 526 78
11→304 7 223 305 132 154 557 23 40 558 559 129 31 560 561 310 314 157 562 563 141 116 126 522 160 24 564 11 317 597 261 271 322 18 312 324 316 598 134 139 353 147 338 599 600 146 601 333 117 150 336 220 22 602 140 603 604 414 225 605 606 354 384 587 328 607 608 326 348 144 609 229 610 550 458 25 351 8 137 127 320 302 470 269 252 9 124 319 169 197 166 295 179 46 611 612 613 399 535 248 398 538 174 488 492 36 208 475 194 497 614 502 443 214 615 392 408 486 616 209 441 617 213 111 542 543 536 539 498 618 406 540 619 199 165 362 68 51 473 202 41 39 292 205 243 55 32 203 100 478 405 585 63 246 454 480 479 215 211 216 620 621 622 10 491 490 371 457 651 376 652 503 500 653 501 654 655 366 394 178 175 656 657 419 658 413 87 187 196 61 5 48 659 411 102 387 418 660 56 54 416 661 97 662 421 101 555 43 663 74 664 424 665 666 71 57 184 308 198 277 242 294 361 4 186 77 794 253 35 446 84 449 849 69 850 463 800
12→1 230 335 269 566 322 129 1460 1338 995 312 2 910 668 0 570 1048 138 113 381 157 9 301 139 11 23 326 147 563 338 233 31 124 154 268 141 310 333 321 22 151
13→301 567 119 568 302 7 381 569 306 303 304 223 570 269 8 142 24 261 557 558 252 137 312 338 23 160 470 126 150
14→572 449 573 417 530 461 574 383 575 217 930 629 40 124 364 260 233 296 355 173 46 1008 1014 381 390 176 347 1185 109 986 1076 812 469 145 1038 735 926 312 274 152 758 1332 115 305 894 366 138 146 301 129 1452 931 307 306 1460 363 240 981 546 303 162 475 482 604 659 861 1263 310 723 731 450 103 50 58 466 474 374
15→301 119 4 269 576 285 122 385 577 578 294 129 277 364 29 205 570 580 290 581 583 79 558 31 202 39 80 243 9 13 23 585 14 100 485 338 63 142 98 215 397 24 333 50 110 59 506 21 517 112 528 509 372 34 45 151 341 113 35 44 66 288 46 315 533 36 116 589 209 208 591 161 317 194 75 271 504 48 55 81 516 593 330 460 96 185 467 594
16→301 7 121 2 269 302 61 579 132 560 582 309 306 1 23 584 320 470 9 114 472 344 11 324 338 140 316 586 129 328 8 519 22 26 147 348 135 334 587 588 271 538 169 520 165 41 31 319
17→175 154 183 260 202 15 47 196 110 169 295 172 14 365 420 308 71 36 281 419 242 233 165 310 124 250 369 432 243 46 254 271 61 56 627 628 230 629 40 404 535 411 241 166 630 34 294 137 533 376 426 80 274 311 526 140 412 269 18 13 98 631 351 68 31 320 558 291 323 364 178 486 632 63 321 399 316 82 87 52 489 189 488 66 474 249 184 170 57 51 60 10 142 146 182 507 209 91 393 292 600 472 212 65 4 187 39 471 312 194 134 415 24 352 289 643 454 84 253 701 195 449 435 405 159 461 698 702 355 77 460 450 703 340 455 468 123 704 436 705 353 644 706 463 328 707 708 709
18→470 113 116 9 310 557 338 411 634 173 59 635 48 308 92 636 187 293 63 419 171 197 292 637 295 175 638 639 61 393 264 183 363 57 525 174 365 15 288 640 360 281 286 488 612 178 401 62 257 34 641 642 103 396 196 352 51 339 273 206 184 493 241 79 643 10 13 644 645 646 110 534 647 165 372 648 170 282 192 71 649 650 412 169 451 35 115 924 316 68 277 58 72 400 658 180 94 3 835 1043 251 366 242 181 209 585 254 692 212 1044 547 845 860 39 172 771 166 1045 276 364 14 294 213 381 1127 558 162 475 482 1153 315 256 358 880 546 266 230 132 46 234 145 320 386 23 199 202 36 204 65 474 208 243 55 1036 201 32 111 246
19→154 151 571 633 667 668 28 669 670 294 79 46 59 10 369 286 72 51 364 656 671 276 311 273 110 197 5 47 248 241 166 179 672 178 673 213 61 34 169 29 63 277 57 399 39 674 363 675 189 676 206 646 49 282 80 648 167 488 260 92 214 82 546 677 678 526 55 679 91 680 352 186 98 489 199 13 97 681 32 66 250 200 180 460 177 288 485 36 187 682 112 242 184 87 201 251 243 388 174 289 325 195 254 683 281 4 392 30 684 78 585 685 358 44 375 409 686 687 108 688 408 35 40 689 690 493 691 77 413 84 692 538 614 471 48 534 207 693 449 212 552 349 694 192 492 194 415 374 510 445 60 450 695 188 631 176 418 504 696 256 205 697 698 361 699 406 700 191 714 121 126 43 334 882 302 148 304 161 1084 83 96 116 831 278 31 318 56 943 307 19 342 900 1332 157
20→381 119 31 659 41 626 173 178 14 13 233 715 137 716 170 412 182 202 68 183 318 36 535 325 240 295 165 175 242 308 246 39 450 56 717 296 40 281 718 124 4 311 65 299 116 243 399 719 51 179 24 63 184 312 486 273 126 201 720 458 230 206 471 324 34 87 72 352 533 258 48 132 721 60 169 406 271 66 93 288 138 185 9 429 496 23 473 166 46 44 248 326 585 204 510 480 211 722 109 85 91 208 474 475 443 538 143 191 393 377 431 111 735 74 571 200 477 77 765 766 769 363 322 414 822 147 162 415 167 435 679 260 214 69 160 207 194 488 212 376 698 454 895 225 552 702 456 428 350 405 896 798 379 446 479
21→304 222 723 221 301 724 119 381 1 725 305 597 7 726 568 727 567 728 729 570 309 582 730 731 121 307 16 732 303 120 733 224 579 223 734 667 736 737 738 739 740 565 741 742 743 744 745 31 261 233 267 558 269 746 21 324 343 559 124 313 137 747 712 550 604 329 603 748 749 19 564 563 750 751 312 142 557 2 315 338 17 127 317 752 336 24 225 753 342 591 562 414 625 522 754 606 145 161 334 232 25 586 755 8 519 302 306 136 756 757 116 231 758 295 46 759 439 760 169 761 193 3 762 371 489 486 651 443 10 763 764 488 652 346 589 490 710 498 767 491 713 768 499 487
22→1 723 119 567 7 570 730 302 569 741 120 734 303 223 381 307 306 737 725 301 310 137 335 124 783 154 269 784 132 40 343 31 155 141 139 19 319 18 785 129 353 126 142 2 786 322 152 0 757 113 588 118 147 599 135 470 600 326 338 9 25 316 317 51 169 200 166 80 717 243 179 57 295 352 165 167 4 861 396 830 292 184 61 274 50 242 368 39 524 506 110 46 288 15 48 387 3 367 399 443 254 202 410 411 66 10 872 706 36 995 990 992 997 1007 1082 1061 281 294 488 199 49 47 290 535 176 63 404 507 41 831 175 495 688 112 497 534 464 548 79 480 91 517 325 790 173 324 134 201 615 680 68 248 107 117 374 446 384 520 361 491 346 140 11 260 56 204 698 32 55 320 362 438 96 523 81 349 35 258 891 533 794 206 498 999 115 931 23 314 24 571 340 1097 163 157 342 602 333 160 219 336 414 937 22 607 116 161 143 348 604 334 928 159 228 437 605 985 229 328 357 900 347 8 158 344 1064 519 1026 701 606 469 587 896 562 493 75 415 492 213 100 366 473 5 435 98 406 246 29 296 585 88 659 194 60 398 101 765 449 1099 214 218 476 212 503 540 52 111 14 397 1120 477 207 54 882 209 705 44 84 509 376 708 660 460 597
23→1 119 723 301 302 223 381 307 124 122 265 470 264 230 557 252 268 668 269 154 321 136 9 18 31 783 137 129 316 126 787 312 155 788 160 2 152 789 786 322 134 115 142 157 6 113 757 139 7 23 310 266 314 131 242 674 506 295 364 57 394 197 278 526 678 648 292 110 98 363 393 365 47 256 178 590 179 15 613 546 880 92 202 281 193 80 688 46 49 42 294 290 857 10 107 243 182 36 172 284 91 291 473 205 370 672 132 90 169 184 241 474 338 189 362 641 60 166 187 334 59 791 253 82 372 489 277 296 3 34 199 254 201 194 276 361 881 271 165 282 75 63 882 308 299 176 311 535 615 493 56 490 61 240
24→49 84 66 82 214 674 440 379 77 294 68 73 355 60 698 164 461 765 463 433 383 595 706 453 807 464 459 442 389 460 448 707 797 281 179 36 39 32 13 100 480 55 199 201 204 111 194 212 471 211 477 479 594 397 216 808 203 10 487 496 503 782 680 511 75 59 86 79 296 506 509 112 504 30 517 790 508 185 41 51 4 31 277 40 249 254 96 744 1332 381 994 725 124 560 269 9 322 24 138 142 883 470 152 714 139 340 271 317 384 220 129 23 314 347 137 338 607 353 143 126 157 935 320 155 321 348 324 160 862 48 449 312 140 419 798 110 200
25→242 41 638 535 91 628 412 234 157 233 9 40 152 269 319 786 155 31 809 314 597 270 141 252 227 668 317 838 137 129 261 309 582 470 223 235 132 321 266 24 840 605 324 338 842 176 368 845 248 641 404 254 630 71 281 61 251 165 204 110 103 411 93 175 295 202 364 57 643 799 243 277 196 182 656 365 178 50 360 473 170 3 296 200 179 184 169 39 177 271 36 187 658 257 660 480 372 92 698 173 300 547 450 34 246 533 186 847 292 443 51 219 159 334 6 23 737 26 522 348 624 883 884 350 870 995 990 579 734 740 633 335 46 205 79 47 13 185 250 346 65 352 241 82 94 299 464 63 488 171 240 393 394 374 362 463 199 449 10 1152 68 56 486 207 548 538 194 95 442 413 308 1048 228 1035 4 311 349 341 325 212 361 376 702 58 98 337 1169 474 923 370 794 577 201 837 55 815 85 77 214 446 546 1240 330 351 820 66 746 195 644 813 991 422 552 260 14 691 140 166
26→119 1 597 1044 988 992 1093 1172 1327 1222 570 302 223 1334 730 568 744 999 1346 1348 1387 1466 1500 1467 1460 26 169 1339 598 184 352 57 308 49 268 311 359 672 358 187 124 310 686 192 84 87 68 88 799 418 297 794 681 149 151 384 1513
27→1 723 221 304 568 597 744 732 302 570 727 535 91 257 411 396 178 679 284 124 299 106 558 154 15 184 295 308 169 814 180 165 166 371 815 672 365 68 816 364 274 86 176 674 26 786 668 130 266 319 788 817 115 138 335 6 0 327 385 139 818 149 2 322 560 320 314 234 557 141 789 819 607 820 336 559 310 132 317 384 353 821 151 599 148 261 966 137 267 7 155 915 113 252 840 321 313 134 967 626 968 472 606 8 921 969 605 970 140 123 971 20 333 315 324 118 135 916 972 926 844 348 901 761 273 241 697 973 394 181 638 296 173 943 246 641 693 372 71 49 243 260 771 182 974 387 930 167 97 254 432 627 45 48 370 869 871 189 5 277 89
28→301 1 304 568 582 257 360 243 325 138 169 283 264 94 187 396 103 331 58 823 824 825 124 295 372 352 45 364 178 335 39 788 137 5 172 175 668 273 832 305 7 306 557 1223 322 992 1382 831 1383 1417 686 672 869 166 41 205 535 276 183 10 47 635 1180 182 367 141
29→570 304 7 303 597 324 233 230 826 557 31 154 751 827 305 322 828 601 137 310 312 600 141 136 6 315 266 124 470 335 40 160 2 271 560 129 116 157 608 17 11 829 338 439 63 360 51 288 632 671 280 548 15 308 244 535 253 242 830 179 13 165 699 642 394 173 627 275 831 480 273 282 832 833 283 32 371 759 175 36 182 184 674 61 3 834 166 537 631 367 172 323 202 169 691 643 46 281 206 284 65 760 176 294 295 401 257 372 694 425 403 473 771 546 364 576 170 68 679 716 720 274 411 71 637 325 412 264 493 611 429 652 311 488 246 243 646 490 415 365 178 189 589 761 89 864 97 10 865 104 92 59 39 393 866 20 24 139 147 585 450 314 588 867 418 686 799 241 678 369 440 57 355 359 457 815 868 113 198 869 193 214 192 706 461 77 117 449 807 348 453 707 254 205 201 109 614 259 98 540 618 769 194 497 710 873 780 495 346 476 874 489 376 713
30→46 190 71 529 189 172 242 167 277 835 196 169 61 15 39 308 173 669 323 181 51 672 254 22 771 178 124 260 246 815 4 243 280 97 41 276 14 185 311 346 836 480 295 129 3 170 233 40 374 110 193 282 31 206 200 691 98 288 585 32 56 10 88 495 60 411 696 13 42 289 79 393 28 281 250 80 570 241 278 34 860 184 253 274 296 650 364 63 560 913 897 9 893 870 837 352 267 1016 914 59 506 720 198 487 490 504 207 195 679 372 57 813 489 269 204 338 292 533 445 643 349 100 442 50 950 112 488 387 72 612 337 108 92 297 321 449 186 48 440 681 690 66 68 418 91 271 55 87 69 325 493 199 485 317 168 1123 446 24 474 44 151 43 552 841 766 84 259 77 454 209 405 846 698 767 450 599 416 212 11 376 804
31→301 119 302 306 9 267 40 2 264 137 155 252 343 353 154 126 142 312
32→1 570 727 7 568 303 224 671 694 318 110 596 172 677 537 63 233 656 61 255 672 171 3 246 198 173 285 51 276 415 420 372 679 197 166 369 339 282 631 169 700 65 71 837 257 31 183 97 563 137 18 312 154 130 290 973 15 769 419 5 294 646 241 870 62 170 546 205 590 366 176 174 258 165 897 364 1037 435 248 41 682 325 180 40 880 411 202 450 289 288 254 1047 824 184 242 35 352 189 168 686 461 195 418 457 361 861 266 351 253 988 612 987 394 315 47 377 846 410 12 801 66 49 68 814 14 36 371 674 39 401 60 263 886 633 558 252 916 125 334 311 629 243 45 91 192 697 432 635 363 368 684 179 979 489 191 687 398 200 538 32 57 206 215 392 611 376 207 194 426 1378 406 407 1043 487 100 111 416 1148 218 1125 397 808 1131 356 1084 881 791 399 274 1123 798 353 542 891 541 1073 858 857 89 999 786 630 280 323 474 295 387 830 113 526 818 453 383 443 1205 319
33→579 0 55 40 486 379 221 347 41 204 199 207 727 31 585 552 302 137 219 730 1008 744 570 1455 1452 526 788 1 396 758 301 51 1460 364 61
34→120 737 568 728 729 739 224 734 667 743 736 368 1338 304 999 1466 305 306 722 169 7 1336 124 1 285 172 65 1417 415 241 239 1128 281 1452 476 2 570 234 526 233 1021 202 692 880 275 506 894 685 315 9 360 183 831 635 323 596 679 182 529 251 166 364 372 14 282 280 137 277 40 42 31 450 191 238 110 51 48 671 6 278 154 762
35→7 119 302 723 731 307 579 292 474 165 839 169 251 691 3 38 28 14 841 34 175 295 61 323 843 844 40 783 244 412 538 846 529 36 202 183 49 100 296 172 486 393 315 51 31 233 324 75 13 254 338 337 835 46 204 429 39 92 63 189 297 62 848 65 170 241 266 52 629 137 206 184 15 24 399 132 57 111 87 42 116 271 124 769 136 208 408 201 209 492
36→730 221 758 570 7 301 119 597 120 307 303 222 304 265 132 252 558 712 131 31 235 137 116 319 142 725 568 310 1 121 982 223 1044 302 569 742 733 723 995 312 0
37→302 7 9 233 115 40 558 559 335 132 561 786 118 155 312 136 31 138 2 142 117 157 124 137 557 784 129 322 269 152 338 271 827 24 329 125 17 134 522 11 334 219 348 147
38→301 304 1 723 725 568 306 7 309 121 305 302 312 138 124 40 233 252 155 788 557 154 261 230 141 668 137 235 31 386 9 122 264 861 322 600 269 19 862 157 786 142 827 863 129 125 271 25 152 116 320 132 992 990 988 1128 1223 1227 149 1332 1003 1387 1222 781 439 193 295 10 3 46 487 480 490 371 495 492 491 376
39→230 124 470 138 668 357 558 129 269 40 267 233 155 128 559 154 557 31 861 264 136 9 137 316 125 818 182 632 285 202 5 295 28 870 290 403 284 277 39 273 256 47 193 823 244 181 360 274 276 247 642 61 388 590 631 658 63
40→119 301 269 267 514 506 110 813 107 79 509 59 181 790 112 517 293 507 50 4 243 253 295 57 51 1008 302 230 9 40 11 155 147 338 24 161 153 220 219 143 142 31 483 349 98 80 374 259 212 375 1113 689 511 21 680 526 486 474 369 167 61 292 318 13 14 450 475 490 75 37 60 281 202 254 260 674
41→230 116 40 31 522 233 129 139 155 321 157 98 349 483 142 259 375 80 374 140 261 271 24 316 860 879 318 475
42→119 301 381 302 121 307 269 116 233 40 2 122 26 470 599 338 999 303 223 565 1000 9 155 31 24 315
43→301 7 119 302 381 121 303 579 120 137 122 233 124 321 142 136 505 40 132 343 317 31 9 558 261 269 338 116 560 316 129 844 862 783 757 588 125 138
44→568 579 885 40 124 31 310 312 154 137 306 142 353 7 600 886 557 2 470 324 152 561 319 155 560 20 335 134 148 157 11 9 472 117 139 326 626 24 6 333 338 610 469 625 48 284 843 850 166 179 175 629 585 399 443 4 292 656 68 257 366 94 56 51 535 180 480 169 33 61 450 39 183 36 432 552 14 887 404 47 197 187 41 253 632 32 888 205 596 184 271 515 167 204 215 506 473 474 488 208 87 199 100 410 485 889 706 98 111 379 214 327 429 383 890 452 611
45→301 119 570 7 306 302 557 264 154 9 314 321 715 394 175 788 36 170 152 271 353 304 106 138 387 277 132 92 61 791 165 15 34 169 294 205 71 260 179 43 308 363 295 83 10 183 4 101 122 273 938 861 464 13 124
46→7 730 302 738 266 267 122 157 786 271 124 470 321 155 269 313 633 230 142 328 340 759 253 59 202 176 242 893 36 178 68 4 473 254 525 268 818 862 151 924 605 783 127 600 22 160 354 148 23 9 838 225 159 315 163 623 607 348 117 147 351 146 153 469 603 353 934 135 24 145 626 935 936 532 560 40 937 229 284 409 166 169 631 58 443 941 432 535 942 249 439 943 51 368 180 243 196 442 181 403 371 672 709 198 200 845 250 572 944 57 945 214 175 260 170 37 517 47 697 94 946 648 189 187 880 32 450 311 248 947 627 294 62 515 110 948 82 106 949 938 688 451 60 638 103 950 109 212 547 192 195 449 39 13 440 83 63 674 325 453 594 681 952 259 702 953 479 171 433 873 201 461 168 954 362 107 643 207 460 446 955 956 475 208 852 72 534 866 218 556 464 957 463 485 216 851 958 867 584 581 959 960 84 961 379 457 397 962 361 465 518 963 512 964 849 965 803 497 812 46 474 798 778 1038 217 455 1039 1040 1041 177 112 92 511 910 376 162 689 1075 1076 1077 1021 800 143 126 586 758 897 1097 577 41 184 456 190 744 93 1027 14 252 1237 790 399 573 1238 16 314 414 785 641 211 788 987 628 686 228 1019 552 44 585 199 687 87 1029 1162 206 998 292 209 215 274 312 152 927 1420 717 477 1334 35 815 66 905 270 546 1452 579 1493 1033 587 380 421 326 366 621 352 519 557 663 668 263 921 11 18 1020 985 609 335 837 844 158 114 350 700 1597 1059 1450 1598 425 355 892 1314 265 890 1157 704 872 1296 604 707 750
47→893 318 547 171 880 339 4 676 894 672 167 415 683 230 535 172 132 323 396 295 243 51 238 3 46 59 122 62 31 815 42 387 63 412 240 719 411 173 870 277 95 125 311 671 897 175 693 36 486 914 79 631 280 613 180 256 325 61 39 112 261 91 184 37 104 308 843 337 285 82 118 461 66 321 962 511 72 293 1018 260 246 170 105 364 525 32 635 14 96 388 790 864 397 1001 50 429 1019 28 509 860 345 686 22 538 479 212 1085 450 193 354 901 347 931 223 126 41 1121 983 7 1 1122 92 154 257 379 517 526 34 290 658 93 138 632 282 493 233 124 943 48 183 202 1037 646 871 57 506 296 1084 241 865 273 372 252 251 394 656 1333 35 204 1036 137 362 24 147 475
48→1 301 758 119 725 568 728 309 729 579 302 303 601 322 312 113 560 230 701 558 137 124 266 40 129 24 150 132 134 343 263 320 116 261 321 335 9 522 329 384 385 338 324 151 314 152 898 899 900 155 136 11 353 160 754 862 143 326 608 901 153 20 902 903 344 146 159 17 220 147 328 904 333 905 571 340 906 907 3 404 36 13 169 535 257 248 295 325 486 46 281 197 276 179 208 288 398 475 611 474 534 109 432 443 856 908 891 492 544 209 619 174 397 194 342 533 399 769 497 408 538 615 767 498 4 88 715 34 352 57 909 38 407 658 377 35 910 650 445 87 66 29 911 912 341 148 913 794 44 793 846 465 202 836 165 84 206 306 744 1093 996 994 998 490 10 371 495 488 416 346 487 501 779 489 376 476 604 653 782 988 1061 1048 1223 1003 1255 307 591 315 8 317 749 753 225 1387 1342 1417 1420 16 1336 269 291 243 41 61 189 106 173 94 51 63 39 47 175 71 28 336 138 493 491 763 710 777 781 213 166 157 1469 1460 1452 1346 1454 1500 1466 1457 1487 1478 1493 122 1008 231 49 1455 1334 1259 599 731 932 2 555 992 31 98 483
49→301 730 1 302 142 124 316 154 40 558 266 598 668 227 233 122 265 840 132 321 235 137 335 116 314 818 862 268 252 319 31 786 322 269 20 155 338 11 560 915 470 312 9 261 113 115 310 24 139 886 916 153 917 328 71 918 169 175 257 363 187 248 590 179 202 92 791 648 492 308 611 292 110 59 184 364 295 277 62 296 919 34 806 196 415 352 86 288 198 360 180 61 83 42 387 243 5 63 170 166 526 49 260 10 182 533 55 407 41 183 401 97 929 15 47
50→730 570 301 224 121 381 667 16 579 737 931 142 269 898 118 153 151 932 40 26 31 261 155 338 122 588 234 24 114 599 21 113 11 910 150 140 933 923 342 486 372 940 791 272 527 299 79 93 634 880 811 29 1017 343 265 271 402 351 159 1023 330 158 161 1024 1025 925 927 472 228 896 268 1009 437 1026 220 143 862 653 254 278 506 34 1016 163 355 36 504 770 375 485 796 515 87 199 1027 77 943 397 1028 78 674 881 919 584 296 436 57 778 759 260 1029 112 204 408 1030 518 1031 479 35 707 1032 69 341 295 42 74 1033 41 249 510 843 1034 48 106 107 4 100 184 91 585 49 51 945 893 276 1063 241 14 294 92 687 1067 1071 66 242 207 1019 89 73 794 643 195 60 82 88 897 644 456 465 721 957 801 765 446 1072 914 451 361 706 1086 698 460 84 1087 1088 703 461 792 798 851 1089 853
51→730 570 119 744 221 7 301 120 381 223 307 222 306 568 723 303 302 731 579 16 121 224 309 732 582 737 305 736 667 124 122 252 319 31 310 920 138 505 227 605 130 141 113 322 809 598 268 265 157 558 668 915 588 127 25 264 132 131 155 137 783 154 239 136 9 234 2 142 861 563 557 271 714 135 921 321 910 140 134 922 599 235 19 0 125 261 40 18 269 133 23 513 886 351 115 923 334 329 586 822 116 787 924 118 925 926 560 324 149 316 315 384 927 928 602 281 62 394 183 489 186 51 371 71 242 257 363 168 166 10 248 290 107 197 247 295 250 673 87 523 57 165 338 370 66 346 396 438 613 59 92 583 254 292 504 112 50 55 72 68 415 488 48 492 451 175 882 75 202 995 1008 1044 988 1061
52→7 1 154 924 633 265 128 548 546 291 411 168 94 187 58 371 197 630 188 93 363 359 103 96 290 880 46 674 10 40 79 97 165 364 281 311 295 172 631 289 63 170 31 193 36 3 181 68 691 323 48 246 526 15 182 51 696 585 404 80 110 233 179 169 13 34 4 41 173 715 166 296 59 81 32 248 189 185 184 450 71 241 47 242 201 108 107 102 282 195 480 258 215 409 612 14 474 418 471 507 104 176 214 101 440 375 495 399 454 476 205 506 55 349 209 92 212 951 374 98 515 203 100 813 955 990 142 563 319 124 267 269 324 263 861 18 557 314 271 312 139 252 126 157 786 129 321 9 2 266 1069 317 351 11 155 22 220 357 161 146 6 862 354 153 20 160 24 333 219 148 1070 350 752 610 348 147 143 484 308 850 800 253 82 433 443 449 698 643 485 446 442 846 405 66 460 1072 77 461 706 88 463 851 379 584 383 448 705 455 798 458 1073 793 945 12 1074 465 292 199 213 362 207 200 194 895 475 204 473 111 866 622 571 554 479 206 208 481 552 477 390 162 620 259 332 808 397 218 211 812 488 300 346 491 498 589 376 486 487 416 497 711 791 50 462
53→301 396 181 596 242 268 60 269 61 261 352 110 393 57 263 137 295 51 372 62 59 39 254 364 403 267 535 3 165 371 656 668 196 815 717 124 249 294 363 92 845 166 190 409 183 184 47 234 243 289 91 178 265 290 31 641 21 292 36 93 48 97 697 132 142 176 175 281 415 56 253 172 100 41 171 419 34 323 274 1001 187 4 1002 95 10 633 87 15 629 399 678 375 258 122 450 321 246 401 227 13 470 113 80 585 202 43 897 108 45 52 251 11 555 308 177 338 68 411 75 66 260 40 674 349 241 526 200 515 109 799 173 1003 381 1054 870 189 46 266 63 384 445 152 311 82 451 151 14 195 1083 418 84 461 12 1023 744 322
54→301 119 7 568 302 303 728 121 223 381 40 269 316 9 861 113 883 31 315 118 980 467 155 132 139 714 140 136 143 116 505 261 701 599 124 606 320
55→7 570 119 303 420 631 295 831 981 183 132 42 39 63 533 36 24 473 219 55 32 13 281 476 65 11 904 23 79 320 120 334 9 169 31 138 623 992 1010 34 296 870 698 644 1083 398 492
56→119 120 579 737 667 261 132 9 150 122 513 783 862 124 558 269 137 861 321 338 472 23
57→302 744 381 568 40 319 786 2 818 561 157 269 558 113 138 132 116 155 142 118 129 31 160 315 862 472 219 9 314 139 324 24 6 114 169 295 289 205 674 193 254 291 165 242 10 488 102 404 180 68
58→119 758 570 1 307 121 738 381 723 302 303 728 582 224 2 269 920 31 122 861 263 268 129 233 40 19 353 322 157 116 261 983 470
59→301 309 2 40 155 139 157 219 228 137 244 267 596 63 202 172 264 46 41 71 178 11 51 124 47 4 184 91 92 10 110 34 196 308 548 48 815 87 80 79 324 169 674 83 246 862 97 189 100 295 399 126 404 204 129 23 897 142 254 9 504 84 475 199 36 177 175 209 57 294 167 190 338 259 185 68 375 98 207 108 215 585 836 66 450 330 699 384 406 473 476 460 349 510 161 352 339 271 85 112 253 374 176 201 152 24 403 15 255 411 242 372 691 281 61 276 32 292 13
60→175 985 160 312 158 317 23 935 986 321 269 484 138 135 324 348 599 623 271 129 140 24 159 143
61→304 339 172 364 411 10 246 635 41 124 387 154 274 13 250 260 285 14 244 36 178 420 173 276 535 45 3 257 284 295 631 51 480 310 179 97 202 170 823 655 137 169 193 313 762 371 559 492 443 346 491 495 194 498 487 500 604
62→381 301 568 31 40 137 155 987 157 2 9 24 338 312 166 36 169 13 315 248 142 109 613 317 443 206 46 179 201 257 615 174 295 209 197 754 408 214 492 533 280 136 7 1503 493 426 194 631 614 232 406 116 325 710 208 497 202 215 243 244 345 182 51 471 39 292 100 55 165 41 63 1036 65 126 480 32 28 204 200 877 14 207 479 11 68 246 326 23 474 111 199 210 552 362 380 592 808 160 895 587
63→175 40 254 51 124 561 233 310 353 31 135 154 9 558 252 326 316 11 8 470 151 24 340 25 599 384 113 18 160 134 162 220 342 117 626 348 231 329 257 242 39 75 41 4 295 165 56 36 47 202 100 182 248 166 183 260 250 184 415 179 14 412 387 57 241 91 48 480 97 246 169 32 201 352 45 864 193 3 10 63 790 61 34 450 691 590 200 429 843 345 848 376 408 82 611 487 84 209 433 205 294 43 1001 109 102 493 585 377 204 87 614 77 399 454 195 453 1213 485 208 1125 698 488 44 207 362 477 406 212 520 462 518 210 463 194 346
64→992 301 1 570 142 269 230 757 2 818 252 312 154 127 124 343 261 137 668 235 319 40 885 9 18 844 132 141 322 126 271 862 222 561 0 826 560 21 993 125 131 155 317 320 270 756
65→301 996 567 381 119 730 579 120 307 992 568 723 737 734 303 306 994 731 729 582
66→301 992 119 312 558 233 166 183 250 646 48 175 92 257 15 165 372 290 656 254 596 170 61 412 836 404 1004 310 369 360 363 415 142 364 91 629 255 97 34 83 134 839 316 431 637 168 614 393 315 555 191 56 538 337 101 419 1005 72 136 585 810 766 769 428 842 873 160 295 169 13 281 3 280 36 46 398 98 631 116 259 206 349 488 208 475 533 24 541 194 338 856 342 225 1006 493 246 292 63 40 51 39 31 100 137 326 80 41 9 14 143 204 543 479 323 685 672 880 675 75 979 871 238 173 260
67→1007 1364 139 302 159 269 11 504 9 113 1048 992 837 18 384 146 132 321 143 142 233 40 727 147 1348 303 349 458 31 213
68→301 1008 119 994 303 302 737 269 40 261 152 129 142 24 9 31 862 122 316 137 0 155 757 113 338 18 140 351 340 328
69→124 154 169 241 302 1 9 138 24 234 233 420 932 187 184 57 526 976 266 1011 90 1012 294 2 246 202 206 63 205 32 100 179 292 208 204 620 111 345 316 392 281 3 295 36 257 732 372 48 323 299 415 288 173 691 125 342 326 147 158 987 160 116 315 136 414 279 195 697 1092 123 82 71 321 560 883 261 68 325 92 848 201 183 171 55 200 209 214 808 353 18 381 789 308 328 783 49 51 557 153 17 668 1034 254 411 360 364 592 207 397 479 198 320 84 1048 62 0 103 178 333 94 474 175 681 340 39 72 335 555 396 60 132 97 61 672 232 786 927 47 412 419 525 352 140 1200 1201 1202 40 1026 755 599 4 301 850 290 450 1001 343 310 223 1225 471 1226 253 277 440 180 166 165 837 535 322 312 274 1015 870 368 22 66 1233 14 365 648 646 15
70→230 1009 394 243 1010 360 716 244 323 412 31 234 558 421 557 33 1 79 185 322 124 105 299 233 401 170 943 669 864 65 110 15 51 506 72 295 169 176 364 34 646 280 656 889 242 372 104 68 50 517 296 59 89 42 691 86 55 277 250 525 241 369 112 833 979 46 359 631 92 48 1008 658 61 138 290 183 257 526 339 56 352 62 187 57 400 860 370 276
71→255 409 886 5 252 26 286 62 257 678 672 929 973 198 65 871 276 679 669 596 188 843
72→302 381 1008 737 120 169 555 675 36 167 1014 374 1015 491 49 276 31 175 1013 182 419 295 669 183 3 596
73→1 744 268 122 132 271 113 9 261 1017 757 23 321 18 326 302 140 151 24 912 340 910 123 115 351 135 328 1074 350 56 308 92 49 72 295 61 4 296 323 184 814 839 299 337 46 260 34 99 44 214 294 487 280 377 204 407 393 584 765 1083 791 355 882 860 210 290 794 702 463 846 449 515 320 202 277 1147 43 100 48 79 353 341 84 1250 1046
74→990 142 126 24 571 11 155 157 321 351 124 152 458 129 135 469 328 159 1020 330 271 269 40 31 712 604 329 36 481 217 199 349 485 13 209 483 281 243 526 207 98 80 374 259 109 14 41 51 292 585 216 594 32 443 938 383 84 457 702 294 361 453 1021 47 308 450 354 461 187 644 463 359 448 189 355 168 198 595 311 678 274 195 4 674 184 253 242 279 1022 48 59 296 75 30 518 872 552 699 74 659 375 52 298 403 409 196 364 212 421 295 46 3 490 495 10 760 376 493 489 778 747 497 713 300 1051 43 471 860 352 45 35 387 89 110 509 293 802 112 50 96
75→701 136 321 154 558 31 261 324 328 312 754 9 317 138 265 155 315 124 132 129 316 470 562 220 160 338 862 23 139 320 522 135 24 302 326 330 230 113 570 307 363 350 11 737 625 384 519 26 747 748 863 295 189 166 13 364 918 243 63 285 170 546 92 254 280 411 396 202 181 527 692 36 61 715 432 41 169 197 629 656 183 284 165 190 175 172 198 14 178 290 716 273 308 47 88 110 517 32 325 207 200 242 394 29 722 112 49 57 182 415 352 413 80 184 192 281 296 450 368 393 1035 72 204 365 650 195 71 193 277 507 614 585 51 91 68 250 179 46 248 258 492 766 400 97 294 45 495 451 100 538 274 196 199 176 201 457 523 55 205 488 146 374 376 79 341 177 1036 300 288 471 48 39 947 504 98 535 658 419 108 442 349 486 418 674 168 66 769 681 194 56 404 82 206 4 702 173 286 813 552 406 101 346 474 111 339 253 208 555 77 806 491 355 109 185 69 487 1042 849 212 380 84 379 269 533 292 272 1083 612 251 10 475 1043 260 35 407 342 186 496 539 259 891 392 87 698 409 210 43 479 408 203 906 422 293 646 209 371 498 710 476 779 711 550 500 534 540 424 541 542 218 483 426 213 391 858 397 417 795 794 449 463 460 348 12 453 465 459 801 164 584 707 851 846 448 704 383 961 468 845 876 140 59 40 249 805 595 1112 44 908 151 912 27
76→120 40 124 122 169 187 0 860 138 269 18 558 9 134 113 261 268 912 140 115 235 118 316 321 160 148 151 340 472 11 789 31 1 338 24 326 353 1017 225 123 26 972 147 522 348 336 61 165 51 292 669 583 46 87 799 184 15 79 10 295 590 281 91 114 399 889 308 311 167 673 659 352 533 584 791 72 183 515 897 204 48 492 201 86 341 415 30 538 36 368 393 442 35 337 82 486 975 446 794 213 382 407 38 471 66 88 1046 43 44 355 531 277 14 643 837 188 299 562 560 322 68 4 108 315 34
77→55 155 267 230 323 60 308 340 470 351 97 178 10 198 881 506 3 596 254 93 525 187 190 798 281 387 585 372 75 195 709 364 44 698 77 474 84 88 109 143 14 1033 648 290 269 169 16 444 453 24 162 202 250 63 184 72 951 91 1205 204 124 253 244 1267 56 177 196 79 641 296 40 766 260 1048 43 175 643 545 50 51 185 486 188 555 48 181 450 274 300 243
78→7 119 302 742 120 734 16 737 303 724 567 997 582 155 124 354
79→739 233 261 40 266 113 235 138 472 268 124 315 31 269 343 9 132 599 18 321 151 585 830 42 387 182 943 364 843 669 15 80 172 292 28 672 880 675 166 517 173 278 248 242 489 97 1031 61 46 678 110 419 48 529 1037 506 37 281 363 670 169 372 254 1030 175 105 51 691 36 184 249 129 39 277 260 403 289 282 533 49 294 318 415 526 187 677 311 241 3 1049 950 252 369 646 253 207 596 1050 59 186 893 4 87 30 683 77 140 693 323 167 279 92 55 34 251 276 815 485 280 1053 83 32 674 1016 352 68 835 82 13 57 41 256 631 299 889 698 84 460
80→301 7 119 381 727 588 114 132 912 140 8 113 40 31 321 0 987 368 64 41 281 352 3 295 57 79 184 675 555 337 63 74 704
81→990 744 992 1048 988 999 994 1338 1222 1023 1003 1336 1337 1460 995 1469 1457 1452 579
82→1 301 302 570 303 271 385 132 142 924 266 138 261 40 558 787 227 757 151 122 26 140 113 268 157 18 353 910 143 321 131 967 598 472 136 789 912
83→119 558 671 318 42 15 529 63 388 1055 656 202 880 403 1056 24 295 864 65 769 28 10 691 48 66 204 364 105 699 51 1057 281 631 596 183 834 98 241 399 973 57 299 311 91 172 387 104 259 80 71 34 839 675 85 41 323 290 1053 276 59 296 1058 1059 238 412 122 260 700 167 124 974 170 837 61 246 92 1037 695 86 369 676 471 372 686 257 192 683 244 278 1060 897 56 243 14 835 55 248 515 670 979 250 251 943 308 132 340 791 914 526 184 49 476 349 325 363 339 382 261 280 955 292 84 843 679 759 355
84→1061 234 268 466 267 335 122 124 668 127 269 598 252 386 863 142 312 137 265 561 239 757 557 235 338 505 125 114 7 381 120 121 223 224 739 261 340 316 20 315 9 160 17 326 21 714 626 472 921 351 384 123 330 18 753 608 140 134 599 910 23 116 332 925 25 385 113 129 353 302 222 151 136 588 861 307 564 150 152 342 11 320 22 146 147 522 231 916 601 964 348 829 896 1026 225 324 437 701 328 149 132 1 24 154 558 321 138 967
85→995 301 988 1 992 730 597 742 7 1023 1048 570 303 121 120 744 381 307 305 579 302 758 267 130 138 31 335 321 124 265 154 132 155 788 269 668 131 234 268 824 266 330 261 714 757 598 561 319 840 235 922 0 263 40 315 18 142 270 21 343 134 148 152 626 385 310 157 160 1078 327 149 560 127 113 818
86→221 1 301 992 730 723 222 582 121 309 233 269 263 138 154 557 125 155 31 563 783 124 40 137 141 131 130 126 598 0 9 116 113 24 114 220 320 132 338 522 967 344 129 342 1079 17
87→7 570 224 132 136 271 786 267 155 31 757 265 789 21 137 131 321 234 129 2 883 818 343 40 122 154 317 124 140 9 840 269 912 861 150 353 924 160 588 787 113 324 127 157 151 266 118 472 148 384 22 1017 437 23 1143 328 11 24 156 117 161 357 917 333 143 625 147 301 233 116 604 968 308 92 290 110 4 292 169 288 15 274 51 443 62 179 294 323 297 189 299 717 242 285 260 716 658 168 281 87 68 291 1043 184 674 93 165 527 187 409 352 590 46 99 199 515 506 534 57 813 697 198 433 39 48 1189 176 650 178 185 1107 44 938 247 451 584 202 180 82 359 538 60 287 181 34 475 186 361 190 253 243 370 204 702 346 446 194 91 258 585 486 444 552 35 400 66 341 213 47 356 1190 497 108 546 806 30 355 1083 77 583 487 76 1157 857 879 43 416 457 84 480 498 911 63 436 991 454 721 508 442 514 88 793 1191 450 383 397 540 417 1123 164 14 965 464 621 1033 453 553 707 50 59 1019 13 37 1048 744 1338 115 598 311 1467 995
88→24 124 271 267 116 31 269 340 40 9 701 132 134 330 599 328 898 346 318 289 656 56 219 55 184 41 757 23 488 353 150 786 49 860 323 383 43 57 474 14 71 861 111 261 74 151 175 295 1250 790 204 113 596 338 38 446 467 674 242 4 277 93 526 352 87 90 84 66 187
89→301 119 221 2 786 723 929 994 988 1337 120 582 1 309 303 302 999 1455 998 1222 223 343 757 269 790 59 517 521 112 506 528 813 50 293 185 110 1114 568 1452 1100 744 1460 7 1336 1467 1128 1332 381 836 100 98 412 9 165 41 243 31 526 230 28 39 36 233 63 281 13 292 169 55 1036 51 142 40 109 244 137 146 338 480 80 312 179 14 68 207 397 32 388 475 194 201 571 111 474 349 24 478 147 200 209 477 374 11 212 585 210 246 215 204 326 211 208 160 471 259 206 232 621 476 199 987 808 162 332 417 217 390 161 552 479 485 1076 158 216 735 483 295 780 3 46 490 486 492 875 759 488 489 193 495 10 487 493 760 767 491 346 376 778 603 654 93 450 184 275 297 187 1015 674 242 241 4 77 176
90→1093 1048 221 1 988 995 570 7 302 597 734 305 730 738 307 224
91→132 302 321 599 458 1017 66 590 87 523 38 794 584 1083 44 847 846 29 361 118 451 0 917 801 122 113 151 355
92→301 1 784 31 1079 233 124 137 321 138 310 668 335 234 154 599 160 219 25 348 295 285 281 242 244 672 930 396 22 983 558 169 170 372 600 271 129 1095 280 943 167 257 65
93→995 40 9 124 269 335 314 312 31 219 154 139 2 160 18 126 315 137 129 522 113 326 862 7 263 316 320 142 599 786 132 6 586 11 470 338 155 134 138 1097 140 384 626 24 153 231 348 225 587 228 135 157 484 57 178 292 249 393 274 47 177 175 254 46 199 51 165 432 506 79 880 169 485 352 346 489 41 80 200 243 399 39 255 806 411 110 166 242 63 300 61 248 258 765 93 13 295 202 674 49 195 183 205 151 297 194 296 62 4 615 184 55 60 362 102 520 187 474 443 415 91 813 87 97 364 419 374 294 404 473 68 438 186 533
94→995 685 369 42 387 323 172 537 930 167 943 260 1030 683 41 253 631 169 493 175 1063 3 720 242 282 184 450 897 241 4 71 815 97 360 183 372 694 15 318 686 846 914 296
95→1044 301 988 995 732 119 7 992 121 570 307 306 381 302 744 305 1061 224 303 319 130 261 2 157 984 150 809 31 124 141 437 9 264 234 113 155 0 915 317 137 269 40 122 861 19 310 557 154 321 324 21 160
96→1 301 303 730 302 570 121 119 744 2 343 31 40 786 155 932 228 219 157 885 598 267 129 137 317 261 122 330 269 132 136 271 862 160 668 321 558 124 315 110 169 51 183 277 352 181 38 37 242 4 91 29 57 295 190 175 92 42 419 178 233 36 450 165 282 590 492 59 943 61 68 358 254 299 293 35 994 1332 1228 1456 1467 1500 1465 1455 1452 9 45 697 138 799 641 278 893 837 256 166 187 673 308 41 71 396 325 630 107 296 860 914 34 316 420 100 1083 32 112 176 268 292 18 471 151 204 14 56 48 1147 87 55 551 131 338 398 142 674 114 517 167 757 538 116 555 79 168 206 66 234 113 515 506 311 1017 99 72 415 49 478 24 346 106 510 208 67 414 199 791 215 504 82 184 11 790 108 118 147 1161 765 185
97→7 381 302 309 582 31 40 157 155 228 115 219 861 124 24 11 123 351 152 335 326 9 271 21 599 353 150 129 160 140 338 384 328 348 143 626 324 225 161 317 747 748 163 159 220 162 8 587 1020 550 57 506 169 260 80 178 59 196 520 46 3 1099 488 112 110 362 92 281 276 86 843 68 199 184 167 673 296 39 107 35 10 463 352 79 34 82 674 111 65 889 709 374 52 1001 614 50 51 445 813 14 13 487 407 201 89 515 250 504 175 214 629 98 212 790 164 56 63 91 496 108 364 461 210 72 688 493 204 509 85 585 45 203 70 30 75 99 97 195 375 464 460 798 706 349 422 66 794 109 418 4 707 421 453 208 521 491 397 514 346 1100 552 209 802 517 872 503 96 379 808 259 44 805 583 60 476 620 215 74 84 217 216 258 666 408 390 454 541 807 510 856 417 858 797 142 1334 1337 126 116 307 153 357 484 985 350 1070 625 1003 450 731 1585 121
98→1 1093 7 223 124 9 558 269 357 312 15 393 646 369 691 290 261 394 170 91 658 233 364 525 242 308 71 352 968
99→1 301 988 302 998 723 7 121 16 306 307 381 568 309 994 579 996 741 740 734 1008 529 679 91 364 173 372 476 281 13 169 46 3 295 193 489 760 493 490 10 495 772 491 488 346 376 779 778 713 487 457 194 618 499 416 710 503 653 497 782
100→301 142 401 672 364 51 3 596 61 189 396 673 204 679 894 190 183 31 254 638 372 175 411 15 4 267 79 14 167 40 39 56 208 880 71 387 277 274 269 80 170 292 690 241 198 48 276 656 251 527 630 187 242 230 181 248 515 42 184 352 281 290 256 10 493 488 376 486 300 476 495 618 110 517 112 41 302 119 338 0 599 148 316 151 132 24 1460 1008 1364 1452 714 9 2 314 1017 451 260
101→995 7 303 406 166 308 183 412 92 480 137 830 246 169 257 241 91 165 39 170 40 535 254 269 71 526 320 976 205 154 31 656 287 41 178 365 160 473 10 242 175 68 15 273 80 289 176 294 179 323 432 335 371 679 393 831 193 533 352 136 324 172 243 787 674 398 315 585 197 362 488 596 132 20 189 264 261 368 658 4 182 46 61 184 167 5 470 65 86 130 87 363 409 633 63 285 102 410 196 327 813 614 201 13 274 124 794 49 199 47 611 312 79 558 1101 104 359 333 374 415 295 75 202 326 134 260 200 48 194 35 233 475 60 451 249 435 349 57 561 292 471 177 110 583 474 612 632 443 891 142 195 935 338 411 129 51 457 1102 346 192 921 36 492 377 153 375 799 454 1103 100 97 557 427 460 486 33 214 281 98 422 84 6 698 23 449 148 478 212 487 32 584 1104
102→1008 301 305 737 138 140 116 271 320 321 24 9 330 338 142 513 334 269 126 150 137 23 326 21 25 599 332 987 153 757 571 603 161 147 328 1026 437 1460 7 1 302 381 121 565 223 91 558 1455 1334 306 470 519 923 291 748 11 701 467 317 261 160 134 1017 143 883 129 340 474 870 80 100 202 31 49 364 98 339 51 323 183 691 59 254 15 506 296 36 769 92 4 281 41 66 669 61 243 181 63 184 169 50 52 62 674 277 167 14 295 204 110 374 109 355 43 411 656 105 688 246 72 250 75 48 57 415 89 56 85 230 46 375 39 79 488 84 1001 493 517 165 77 86 197 377 214 525 195 13 369 55 65 290 349 32 504 200 471 363 81 399 514 422 185 509 487 380 406 74 673 615 510 403 489 207
103→995 7 992 40 137 319 335 142 23 152 633 220 219 484 281 323 202 880 242 4 1107 529 278 843 1108 41 450 80 629 443 183 291 63 889 897 693 260 39 535 339 366 169 364 175 486 254 45 105 493 91 253 95 655 167 956 30 940 51 538 184 299 50 60 59 47 89 374 34 112 75 274 683 165 214 72 296 200 433 104 525 790 66 1109 271 85 345 508 802 12 487 791 719 375 514 496 111 548 846 509 446 84 349 194 272
104→730 7 302 306 381 120 223 727 582 261 40 113 505 558 138 301 119 124 1 992
105→1 301 113 40 31 154 155 24 353 268 714 1002 472 157 122 262 142 321 271 633 3 1010 173 47 175 171 170 1048 1023 726 114 263 966 7 324 907 131 148 143 920 144 350 228 871 364 41 323 36 806 253 299 59 641 181 368 183 184 274 295 415 656 167 202 250 372 71 352 49 260 506 420 61 57 296 450 843 634 242 981 50 630 48 527 96 97 363 34 93 833 715 1043 45 525 43 277 629 791 409 206 110 454 291 187 976 292 108 881 196 4 91 83 10 286 92 375 1211 243 81 80 487 392 1147 240 101 185 325 346 87 204 585 471 474 56 258 504 79 75 418 1086 102 393 583 55 440 29 489 88 377 355 538 359 30 382 298 84 407 35 72 488 975 442 337 794 289 98 210 99 89 702 44 90 802 1115 100 208 509 435
106→301 7 381 302 307 306 723 224 223 737 539 31 334 43 570 734 728 731 743 740 505 142 233 40 1066 269 19 322 122 1118 317 268 129 137 310 558 861 115 261 9 316 783 912 23 116 271 132 560 126 160 472 196 520
107→301 230 995 154 354 9 138 319 155 124 40 310 2 132 312 333 321 320 315 271 139 458 470 353 135 153 348 350 242 183 656 166 525 202 443 196 97 57 165 387 15 91 47 179 295 71 56 292 291 246 450 68 51 253 41 14 61 184 34 629 486 169 48 480 260 535 195 393 794 191 209 255 544 186 140 134 200 46 214 379 208 102 435 55 87 540 164 355 194 1029 361 698 7 137 976 199 228 585 31 1467 141 136 600 786 606 357 1589 1457 94 1123 918 294 45 167 394 206 316 50 433 461 211 463 408 449 446
108→7 307 302 223 124 558 1 116 132 122 588 9 142 560 312 160 328 269 599 261 114 783 17 925 26 231 519 147 351 24 134 151 123 219 25 61 71 266 254 363 757 202 474 57 394 189 165 290 92 200 248 352 419 374 299 174 187 4 68 846 35 256 183 411 510 349 449 422 98 680 465 138 18 137 479 49 570 396 415 89 80 271 345 40 234 48 55 338 51 79 169 398
109→1 730 121 302 124 558 31 312 920 266 122 271 261 114 18 321 338 757 484 588 137 783 134 912 116 151 147 132 142 17 315 599 113 25 328 231 11 351 140 342 26 143 519 901 522 219 223 560 123 1017 340 269 0 169 925 187 394 165 92 13 207 392 10 167 570 24 9 175 889 396 183 61 295 254 296 4 59 68 51 352 202 488 243 398 673 260 108 57
110→1008 121 582 303 1061 301 307 120 223 723 730 381 302 988 994 999 119 998 568 579 1460 1346 1500 1497 1467 1589 1222
111→1 301 155 266 668 235 31 154 558 122 267 244 182 648 364 46 166 223 230 269 381 40 126 124 321 783 252 0 142 132 271 925 844 921 633 472 320 233 129 17 312 138 113 315 513 316 136 265 137 924 227 338 261 656 47
112→1 558 31 757 137 40 269 234 264 124 126 132 861 138 261 142 18 24 11 113 160 23 151 129 7 271 340 153 923 140 302 321 338 266 746 599 472 333 21 330 1025 712 26 123 147 143 328 519 905 679 1037 1251 277 716 3 635 36 880 71 59 369 526 169 299 658 363 672 181 173 759 51 290 276 172 529 278 178 249 364 596 80 183 105 673 943 683 318 282 678 171 273 488 92 279 242 107 855 233 57 34 174 202 199 674 311 254 98 940 372 281 112 294 72 82 187 15 251 323 280 506 61 244 352 50 165 62 167 471 241 648 835 177 175 247 1053
113→989 301 304 7 579 302 305 309 124 233 31 466 138 154 157 152 271 310 40 142 261 351 320 883 357 317 126 910 558 155 315 24 140 783 338 330 18 384 340 332 21 472 11 353 328 1124 8 334 143 149 701 519 550 484 295 596 51 759 183 63 281 41 387 277 4 535 323 184 13 202 166 46 61 15 185 167 282 403 175 193 249 450 176 3 169 393 91 33 71 79 72 92 253 1067 368 674 308 14 45 260 546 943 86 39 717 197 480 495 280 940 415 643 80 404 85 364 22 50 524
114→1044 1048 988 1 301 7 992 304 1128 306 1023 309 230 154 124 269 605 252 132 558 321 23 31 125 266 668 262 155 316 137 335 131 142 633 265 157 561 138 129 338 9 967 267 268 21 320 751 472 915 1129 264 160 916 151 219 310 1130 161 904 11 384 146 842 625 323 288 526 62 1116 370 674 167 251 51 679 233 590 257 669 308 10 396 364 173 815 242 249 170 71 47 369 272 92 864 717 799 80 486 290 630 286 254 277 256 295 363 372 973 260 169 918 93 180 612 538 292 72 339 178 393 192 179 979 400 176 66 420 697 165 181 368 496 241 298 13 388 411 46 97 656 190 175 55 166 61 394 197 346 311 387 614 535 250 860 34 533 444 56 418 412 243 546 460 294 510 36 434 202 333 57 947 111 91 415 1131 681 1083 416 35 715 409 611 253 410 419 196 534 981 100 172
115→92 596 61 41 48 325 282 656 40 261 317 31 114 132 124 783 353 269 24 155 322 757 268
116→1061 1 301 988 999 992 994 306 570 119 725 304 579 120 582 303 305 381 121 724 307 319 230 31 786 809 784 155 40 0 2 1133 19 157 1134 937 314 836 757 748 300 1135 229 347 1136 139 302 931 343 1008 219 822 723 1065 1122 876 3 396 642 244 122 239 716 63 363 250 265 252 367 45 222 54 137 325 717 92 693 683 598 368 1004 1137 1021 536 251 675 276 282 176 233 668 1149 597 1023 1093 1338 1222 1223 1417 1263 1048 1457 1498 1467 1346 1465 1500 603 1454 7 332 1366 97 1332 412
117→301 1048 988 1 995 730 7 302 1128 119 570 306 992 999 1000 568 299 295 527 170 48 181 669 51 41 277 15 870 202 4 276 672 13 198 39 281 167 311 816 5 172 572 244 364 62 173 411 837 49 290 166 197 631 112 367 1138 280 175 918 981 291 284 880 517 40 45 1139 79 47 833 285 1037
118→1023 1048 758 221 730 1 301 1044 570 122 234 385 268 227 265 982 262 783 124 335 127 129 321 155 598 149
119→1 995 988 221 1023 723 307 303 411 372 394 525 92 339 396 124 635 387 138 598 360 97 273 366 177 175 637 697 170 142 668 182 412 178 166 365 202 393 93 409 205 247 132 233 873 363 183 176 766 555 1083 415 56 87 820 34 61 590 418 72 630 337 169 253 4 358 274 192 189 241 275 947 450 308 294 850 68 672 730 295 80 281 13 897 276 280 612 36 46 288 25 613 248 206 194 696 338 483 631 349 475 538 208 109 174 24 98 406 325 679 408 769 374 259 541 533 535 1084 14 41 91 282 269 79 507 648 110 658 943 1019 114 167 669
120→278 36 51 303 115 506 676 555 381 302 723 11 157 261 23 2 585 199 552 397 100 538 55 43 66 77 0 343 202 15 4 65 372 119 139 95 240 142 24 173 414 387 116 384 79 167 57
121→570 1048 7 23 268 354 154 265 137 124 138 316 24 134 142 335 141 122 312 116 338 11 132 862 757 25 18 320 271 321 384 562 599 472 315 113 1017 8 328 340 151 610 135 117 231 1104 252
122→570 381 579 302 1008 992 737 307 9 269 31 40 230 160 599 330 155 142 233 138 861 137 558 783 321 271 261 757 338 0 266 24 124 342 135 21 11 351 746 140 899 134 116 150 151 326 923 701 931 340 1025 414 143 159 519 611 323 178 3 257 244 672 15 277 92 759 596 529 243 360 280 42 248 295 669 254 34 880 110 71 13 278 299 51 189 39 165 279 105 1015 59 57 369 36 646 46 372 172 678 364 290 65 242 175 61 281 80 288 506 202 170 673 674 440 250 30 346 52 91 10 241 450 345 188 474 68 55 192 79 798 196 411 209 790 496 363 691 485 87 184 204 615 339 95 388 50 182 66 688 1144 538 246 177 32 212 75 48 1113 56 260 349 111 676 680 375 526 415 208 251 479 460 85 699 407 504 201 352 462 362 374 489 794 318 390 41 698 104 100 392 592 44 1067 412 84 552 804 296 465 380 631 681 1145 355 955 487 187 77 453
123→1 736 40 124 0 783 322 18 353 31 122 261 114 466 269 268 139 235 330 24 338 321 155 21 343 9 129 757 131 132 219 271 334 146 11 340 351 123 747 159 44 585 199 507 202 766 276 299 101 308 634 48 204 506 295 290 372 110 691 282 415 51 50 364 167 277 79 3 399 65 112 75 55 71 183 493 95 32 674 176 37 175 15 242 187 352 296 108 260 254 165 293 489 41 10 63 517 240 100 72 407 59 82 248 184 843 14 61 534 387 111 66 57 84 250 49 791 189
124→119 381 994 306 40 142 301 140 152 335 757 312 147 353 2 269 11 320 9 132 137 157 19 154 25 31 266 155 316
125→1128 301 988 995 7 304 567 1061 992 723 319 31 476 13 281 411 264 157 560 124 329 137 604 169 295 495 10 488 480 443 193 491 492 3 603 652 763 346 500 497 496 487 654 655 713 498 194
126→281 31 230 243 28 412 41 40 63 526 142 202 233 292 13 51 80 55 39 32 552 259 24 9 246 397 215 585 126 475 109 349 68 474 473 471 209 98 374 380 143 204 212 326 11 338 483 244 14 124 280 295 3 46
127→995 1048 1044 381 302 738 121 570 223 307 992 120 999 1000 119 733 568 996 582 732 729 234 261 252 157 154 141 271 920 564 668 598 319 560 317 155 137 138 321 118 136 25 809 330 132 114 21 2 351 312 915 263 338 148 17 116 314 117 113 931 819 160 115 789 522 904 326 328 1074 402 219 701 147 143 437 921 912 633 159 28 182 61 489 3 179 361 527 71 165 42 57 488 291 1011 697 47 411 13 260 889 480 112 806 253 299 68 102 194 376 79 83 82 50 1003 1172 972 161 123 26 149 906 414 550 936 158 606 228 8 485 173 110 847 100 59 191 174 399 48 70 205 199 1336 1487 1364 1454 741 1456 579 1337 626 129 569 1469 1486 1561 1348 751 862 562 324 970 332 625 348 84 66 109 96 274 850 555 1373 590 629 256 1339 325 534 893 409 286 204 98 490 1083 377 1256 209 673 619 38 207 911 511 487 308 393 719 533 433 30 215 680 512 463 346 443 73 659 210 54 509 422 882 552 111 164 362 397 211 698 639 457 650 453 592 1351 77 213 449 666 459 681 975 456 405 939 802 78 917 710 464 427 425 431 446 298 508 615 846 518 436 99 705 1210 798 531 805 793 448 664 421 1071 1253 530 746 455 1592 783 20 937 607 588 458 1159 284 76 69 758 1500 766 1222 1061 690 1174 994 913 389 135 704 1462 438 441 75 515 861 514 1137 1659 366 151 18 879 1046 1067 39 794 584 289 538 521 186 657 1147 1650 269 670 49 249 122 277 276 1681 131 167 396 430 294 166 558 864 394 1014 693 202 43 266 53 353 95 790 355 150 292 585 31 470 195 248 254 334 715 23 407 341 535 62 315 791 124 44 89 101 169 883 175 406 242 108 415 1 9 368 408 387 187 40 1127 1099 523 35 92 322 32 235 372 12 786 479 342 10 382 97 435 184
128→301 1093 1 758 7 744 992 221 119 1008 999 1048 568 223 381 570 730 1061 305 130 322 235 154 131 40 141 23 252 266 122 137 31 321 599 262 522 132 558 136 230 233 269 127
129→995 758 301 1 1044 744 119 1008 723 733 224 234 124 265 252 268 885 230 122 267 0 558 605 788 235 31 598 915 330 227 270 668
130→124 267 558 668 220 818 252 136 139 335 141 31 322 601 863 312 598 9 154 137 559 269 310 134 353 125 20 138 157 505 261 784 132 338 786 886 557 317 135 266 324 271 235 148 862 320 351 470 560 126 333 412 233 191 169 182 11 783 927 7 152 945 831 172 180 830 242 672 165 179 62 193 677 393 94 36 284 489 63 323 286 675 257 197 759 240 51 364 178 98 716 308 46 608 59 189
131→134 326 316 140 142 116 9 118 23 261 137 152 269 24 139 592 470 861 320 126 271 351
132→1 1048 758 302 558 63 183 181 325 686 295 296 269 267 24 230 321 31 668 137 261 598 234 335 138 271 560 931 124 312 470
133→119 7 633 558 154 150 316 234 138 264 124 271 235 829 562 252 600 263 701 317 269 321 137 384 125 17 266 262 310 18 783 23 472 20 160 315 885 123 27 320 326 605 142 129 313 626 140 338 312 9 24 522 136 557 570 132 116 414 11
134→1048 301 995 120 121 119 122 558 124 598 233 838 265 154 230 263 234 385 638 286 525 411 833 197 716 628 240 187 256 62 546 658 981 648 953
135→1 597 7 992 725 568 732 307 222 733 305 120 999 723 724 582 193 137 46 124 295 767 490 3 489 169 492 495 486 376 10 313 487 493 488 559 491 713 763 1051 779 496 710 194 281 557 36 13 17 257 166 312 538
136→1093 1460 301 1472 1467 1 988 1342 1061 992 567 744 7 568 1255 1486 307 223 381 302 121 16 737 994 579 570 1455 1493 1337 1387 1417 303 119 999 1223 1222
137→730 302 723 233 114 49 149 35 169 598 242 369 472 184 71 303 321 119 674 311 241 155 269 310 124 560 384 599 314 148 123 340
138→1023 1 301 758 995 7 724 568 1007 127 31 137 563 40 788 334 115 910 134 980 24 263 154 789 266 316 155 157 317 19 122 116 321 757 268 132 160 142 385 118 141 809 304 840 371 527 634 396 1154 525 93 799 1116 1155 187 103 86 240 256 881 363 197 4 35 90 715 34 471 45 913 221 108 298 38 801 523 1083 66 583 44 584 341 43 361 12 295 98 276 612 535 613 206 281 614 36 3 208 13 493 46 169 538 426 209 857 611 338 443 408 492 194
139→124 36 631 364 170 166 360 242 672 4 173 656 691 39 1156 165 880 369 473 411 28 238 646 183
140→758 271 122 264 154 7 252 148 21 137 24 142 113 124 265 321 598 558 1201 141 234 757 861 267 261 138 178 242 198 369 450 1015 169 672 47 71 4 697 184 90 192 187 678 451 311 97 14 168 233 130 114 863 227 136 324 126 1150 266 519 268 221 40 1460 988 257 166 474 51 15 833 631 295 835 63 42 981 177 388 39
141→301 1 7 223 138 40 154 353 9 31 122 233 316 757 125 558 263 137 140 132 321 24 116 338 113 862 134 384
142→167 51 241 717 242 178 41 576 80 364 525 641 105 15 31 184 137 4 295 61 79 112 299 269 59 190 673 196 172 517 757 181 46 277 65 260 92 187 643 263 169 3 377 486 37 845 71 930 243 265 189 646
143→1 995 222 7 221 579 1008 121 730 302 737 120 570 16 381 307
144→995 221 7 304 568 154 558 313 319 327 1 305 138 252 124 310 261 466 140 809
145→301 570 302 51 92 14 281 183 13 308 295 122 36 674 34 233 202 61 138 169 91 242 182 167 100 254 9 56 339 292 55 166 288 31 40 394 289 68 49 420 208 41 412 312 1161 4 47 46 66 246 57 32 97 668 486 419 63 48 324 248 165 11 39 415 124
146→579 303 1 381 1048 14 814 184 183 656 274 889 39 276 628 242 871 719 166 535 97 641 189 122 717 91 63 15 261 337 9 93 834 634 880 175 979 109 167 318 170 31 41 60 241 843 787 672 4 171 22 715 364 206 506 243 346 335 140 412 1021 71 643 79 253 172 202 59 292 873 526 36 32 181 914 95 50 30 61 419 51 311 34 1084 450 40 104 56 101 35 110 387 55 677 178 57 524 372 596 278 233 1157 187 837 321 88 470 357 52 240 420 293 271 283 415 65 845 248 124 100 89 68 352 38 177 471 196 638 308 527 28 207 190 168 294 316 92 290 48 361 590 254 342 108 87 107 349 790 903 644 480 1159 339 688 112 279 548 84 411 199 592 204 296 629 72 418 454 451 855 1083 45 102 215 201 485 583 195 43 791 258 208 356 659 474 507 648 1113
147→995 568 306 340 189 260 274 13 14 629 71 40 880 269 246 289 295 439 716 641 126 517 75 1158 31 475 175 387 233 83 596 318 264 546 94 335 535 403 166 32 80 267 520 124 46 486 137 242 63 368 57 193 365 281 95 320 271 104 495 170 488 42 257 154 364 184 172 251 308 684 506 830 196 525 863 294 181 200 179 411 39 699 204 169 92 10 107 547 312 489 412 528 51 48 177 324 850 533 61 87 243 253 167 152 1015 480 311 185 515 376 100 41 399 195 4 420 97 89 30 473 250 82 1073 474 176 110 299 548 470 793 674 59 258 132 142 594 454 60 300 11 451 352 450 190 462 894 1083 220 58 694 337 516 148 201 108 449 614 512 380 698 361 168 508 346 1115 1104 813
148→31 13 412 323 41 165 299 295 683 56 913 175 233 312 260 124 310 169 499 63 450 72 79 297 281 46 113 208 39 248 95
149→381 302 120 224 113 31 142 1164 132 437 149 599 123 129 1026 861 896 1165 1166 1167 40 155 157 9 24 160 11 338 219 266 579 737 153 728 730 269 271 467 787 261 1168 122 51 39 169 14 202 80 100 585 98 111 208 63 204 475 380 349 41 216 277 460 184 35 242 526 241 311 384 82 678 846 88 798 254 55 78 79 688 89 1169 48 110 805 389 84 698 508 75 33 521 515 185 211 364 495 42 489 166 415
150→301 40 308 148 169 184 97 450 193 938 274 442 294 164 449 200 113 535 129 375 142 24 90 87 583 44 108 650 57 93 240 45 352 634 4 1083 1102 69 183 419 398 61 254 48 166 101 258 91 585 72 92
151→301 1048 119 582 994 723 303 744 1128 995 120 1093 728 741 568 381 996 305 309 1149 742 738 1082 306 743 734 739 569 1170 1171 1172 731 989 1044 1023 1008 1 1061 1003 597 16 992 988 999 1173 997 1174 1000 1175 1007 302 304 7 727 725 730 567 726 733 729 565 579 736 732 737 307 223 222 221 570 758 1176 121 224 724 1177 667 740 269 241 84 316 206 998 210 352 31 142 80 349 1178 375 4 204 41 126 40 55 51 202 91 177 175 735 526 44 382 585 504 300 290 183 393 254 15 368 273 372 178 61 233 92 364 97 363 261 717 883 34 415 249 411 407 18 419
152→1008 134 972 31 137 269 1017 9 144 317 142 8 114 116 152 935 470 231 118 338 599 384 588 340 23 316 150 757 18 385 219 862 271 332 606 163 113 153 747 753 143 912 987 901 353 330 342 135 917 328 458 348 147 25
153→758 1 537 278 672 154 394 596 252 260 176 601 943 600 178 202 106 845 124 1036 239 545 94 56 71 893 61 131 1180 299 947 400 419 277 282 175 684 395 1010 279 104 1181 415 182 170 248 269 137 284 46 247 244 1182 546 386 1052
154→301 267 31 24 266 269 124 139 252 11 522 558 302 7 138 343 122 116 668 132 268 312 137 25 315 330 223 1479 303 1455 307 1417 244 325 352 419 473 323 182 95 656 295 432 308 474 166 393 241 173 179 110 265 183 169 394 260 420 97 37 185 189 246 193 233 486 34 254 112 596 192 13 506 206 57 51 181 277 249 168 845 14 134 66 165 142 176 59 247 470 46 450 261 274 296 48 415 396 612 15 41 175 292 39 55 36 92 91 167 585 525 75 40 299 276 881 242 87 80 289 100 113 281 191 187 641 629 248 369 321 297 372 147 643 384 487 143 1001 630 316 202 496 63 184 674 1147 56 338 152 82 33 212 101 376 4 84 98 10 140 408 523 190 615 186 1019 454 688 562 79 491 215 195 9 271 374 72 355 208 209 207 492 90 375 345 35 766 61 172 1086 141 211 757 196 399 398 534 790 769 488 49 294 96 108 288 71 721 690 1089 256 583 317 431 136 493 613 1401 258 368 68 50 377 891 480 521 293 622 1125 533 1131 498 449 210 418 584 383 510 204
155→988 1 7 302 119 381 1044 303 582 668 809 9 40 233 31 271 557 239 2 124 301 788 915 227 230 1183 137 142 633 558 252 129 138 136 786 24 322 312 132 262 317 1184 334 638 183 175 166 62 339 290 46 486
156→36 295 3 302 570 137 598 132 1334 233 31 134 116 906 338 228 394 175 318 72 183 28 61 89 15 48 249 97 56 34 52 538 415 525 43 769 196 168 337 848 24 324 354 897 352 558 79 387 320 0 1083 322 668 235
157→1 570 124 262 154 142 138 234 598 155 40 271 786 62 672 630 253 51 403 988 824 243 1469 15 308 364 175 295 173 242 31
158→558 31 233 9 40 1017 351 263 24 343 588 269 261 316 862 338 113 0 140 160 21 910 384 789 321 148 11 138 844 923 912 342 27 599 151 1026 932 353 757 326 1074 135 340 147 1588 1478 1498 1452 1460 1364 1332 1224 1263 1228 1048 995 1008 1174 1093 1149 119 303 725 727 743 723 306 301 307 381 302 120 221 16 570 623 1327 123 920 132 701 783 330 714
159→119 301 1044 758 1008 989 1093 994 1023 1061 998 1128 723 1174 1177 736
160→301 302 1093 723 119 309 9 840 264 124 142 271 266 316 137 155 152 783 0 24 11 140 147 161 717 48 183 202 34 169 178 14 242 187 253 471 1188 1083 45 361 38 377 640 547 411 870 51 41 480 179 585 63 109 244 292 243 204 55 80 207 13 206 100 79 507
161→1093 1048 988 1023 224 1008 1173 995 737 598 130 310 239 137 505 270 124 668 132 261 268 138 122 557 820 271 154 227 252 265 925 113 20 126 129 262 141 844 330 861 18 235 561 1002 967 787 140 315 1186 151 134 266 321 472 470 757 9 21 600 1025 24 114 924 123 143 910 1130 966 23 385 340 333 1187 564 343 563 1167 301 809 319 788 1 1133 758 1460 1318 560 155 157 786 314 161 883 513 115 1346 744 1223 1625 1498 221 1337 1465 1455 1348 904 127
162→1 301 303 381 119 302 120 7 582 307 244 280 240 13 415 893 683 299 260 165 202 65 880 276 257 277 183 5 4 282 412 170 28 694 56 526 914 677 629 278 295 173 172 656 89 39 897 233 79 10 45 34 176 51 92 388 691 372 243 675 943 325 247 323 242 46 837 15 241 80 930 387 42 290 655 189 62 31 418 291 63 61 429 246 184 676 450 71 248 182 169 799 166 1128 94 744 175
163→31 40 61 241 132 175 9 233 167 202 65 13 295 35 178 290 411 179 372 34 269 470 507 170 46 51 15 526 48 369 184 192 97 450 14 57 60 47 84 82 36
164→1048 7 914 678 4 242 672 674 897 450 176 178 192 189 241 253 68 47 686 358 124 184 308 681 148 166 295 631 612 276 197 281 404 179 679 257 13 312 288 214 109 474 280
165→301 1 758 995 1048 1172 988 1023 302 730 304 1044 597 121 733 725 1128 221 223 570 119 307 565 726 723 303 120 1061 999 1174 994 1093 744 1000 16
166→303 7 1061 582 119 381 36 281 13 1417 476 264 63 39 943 4 170 679 295 189 154 598 138 230 2 31 124 786 267 137 40 165 28 252 269 558 1035 271 233 93 140 115 470 784 559 304 327 633 113 9 134 157 338 787 143 129 11 314 219 789 136 335 142 80 46 979 372 106 292 209 242 238 197 656 893 276 260 897 244 692 169 761 175 278 537 241 415 325 323 51 631 251 1030 830 282 394 535 683 547 369
167→995 988 301 303 119 302 723 992 121 306 307 124 137 40 31 558 269 134 9 154 2 310 320 322 588 155 330 321 261 132 126 142 160 18 136 786 139 114 148 138 11 116 319 470 21 931 23 118 324 25 472 757 701 157 338 140 113 571 906 912 607 144 219 562 936 143 599 24 934 135 147 1223 223 734 743 520 46 166 295 288 533 189 367 165 281 394 364 294 174 656 242 10 361 71 471 34 39 243 178 486 187 13 170 300 260 315 80 399 335 57 5 36 92 183 51 590 393 82 108 199 250 169 98 50 271 63 365 97 398 107 75 204 474 277 913 61 299 184 488 254 49 308 292 55 248 196 110 415 249 205 352 485 83 421 112 793 799 4 293 41 443 290 91 406 175 60 88 410 79 507 452 104 202 77 66 659 457 87 855 504 100 585 56 90 794 813 490 177 702 538 212 449 652 1022 48 445 460 763 253 491 535 185 207 35 680 688 418 68 32 1230 508 357 454 33 1169 84 475 377 513 203 419 631 337 194 341 152 374 446 450 497 629 54 487 349 101 14 495 195 332 800 246 925 453 808 542 710 191 1017 375 552 408 540 342 215 220 376 1231 476 455 74 975 801 698 646 416 259 459 805 663 44 798 1232 477 521 355 209 43 208 164 903 111 707 448 328 666 810 884 188 765 1332 1337 1336 182 15 674 233 546 53 59 3 109 648 506 584 258 380 289 102 690 407
168→1 1044 302 7 119 1173 582 570 579 233 227 840 40 668 335 122 269 124 154 1197 885 132 915 138 230 470 155 557 234 31 141 598 137 267 786 266 1198 563 0 1199 142 967 113 129 271 2 321 116 151 970 324 314 310 822 21 633 1137 160 912 384 338 147 787 904 169 396 1203 166 94 547 1035 172 254 815 276 395 275 291 525 1037 296 59 669 656 58 183 1180 506 71 648 545 572 49 51 323 285 311 630 179 526 284 529 1204 635 693 672 241 295 834 288 292 843 187 308 845 943 289 176 871 1223 717 1151 80 364 658 253 641 411 1030 674 880 242 182 3 92 372 95 167 257 130 670 42 79 48 870 173 244 93 715 349 83 62 294 894 240 181 1234 282 799 180 415 195 684 538 89 1235 103 34 1236 1055 950 243 283 401 373 197 178 1172 1332 1348 13 1417 1364 1361 1492 1454 1469 1460 1498 1572 1589 1102 268 984 988 4 171 814 974 546 57 274 28 973 221 671 264 1353 519 110 185 813 517 112 50 1156 638 642 628 287 716 256 981 692
169→1 988 1177 1003 7 723 307 992 302 223 381 303 999 306 734 570
170→302 306 321 31 310 2 116 142 40 269 9 137 384 136 326 560 153 132 24 23 20 271 348 147 626 159 228 831 172 611 47 585 36 179
171→7 307 121 31 141 557 263 157 40 252 335 386 861 137 470 233 312 317 9 322 261 136 154 338 599 124 316 113 310 134 142 114 25 132 269 24 18 602 140 271 11 327 559 160 21 757 321 220 334 605 2 150 143 626 149 320 381 333 342 23 314 155 562 754 129 987 158 862 603 126 330 384 746 326 302 6 264 315 165 175 367 277 930 717 67 112 1147 79 50 893 10 42 526 253 506 260 13 918 295 56 92 100 45 848 387 110 75 396 41 951 166 184 169 656 415 249 14 242 80 474 51 401 292 535 290 480 49 4 358 323 254 57 177 246 39 388 674 1414 37 248 241 48 291 32 96 93 576 450 60 84 34 352 206 596 55 196 393 189 629 325 517 98 281 63 83 47 364 179 170 471 59 195 61 97 72 66 185 419 308 1004 91 311 3 1211 412 372 377 204 200
172→126 31 139 230 142 233 40 137 9 470 312 326 121 338 24 342 332 11 147
173→988 1 7 119 302 730 742 243 39 269 398 179 248 183 295 320 280 166 134 165 943 288 35 341 49 173 687 276 233 611 596 1030 42 152 92 1036 51 132 251 169 1004 429 182 535 18 206 187 525 415 404 46 419 426 175 15 880 631 63 282 297 102 472 124 241 80 281 50 632 98 366 249 364 202 973 79 292 242 48 706 205 271 191 167 365 387 261 214 278 277 189 558 352 10 396 184 312 490 950 679 53 97 489 137 486 324 41 57 112 107 316 61 174
174→626 261 1074 159 35 77 355 214 87 1072 446 84 1020 266 610 117 698 148 888 353 124 22 379 154 321 449 73 456 113 454 361 851 821 384 485 600 798 917 357 453 801 348 921 460 532 6 793 901 468 584 469 1073 707 455 405 464 1192 12 1123 705 436 704 623 169 184 253 49 4 308 47 242 289 14 71 450 97 452 850 68 1086 783 846 352 799 57 66 187 294 674 88 703 195 794 320 90 114 445 440 186 777 60 435 164 862
175→1061 381 7 120 305 302 737 16 992 119 1 116 562 326 610 271 141 269 557 231 136 312 154 862 470 386 861 137 564 126 340 320 140 264 315 22 321 151 324 335 261 138 351 316 11 338 9 146 129 1074 310 132 161 24 23 333 414 152 603 163 160 587 134 599
176→1048 1 301 1061 994 724 7 121 304 302 307 305 381 119 306 1128 992 1173 999 744 725 568 223 303 582 309 344 233 2 124 154 142 31 561 786 312 138 157 633 126 310 129 40 137 152 155 116 9 317 269 20 1194 862 141 24 470 788 160 886 271 11 472 560 23 753 320 340 322 351 338 329 314 313 113 931 19 334 316 139 146 219 789 384 140 220 324 562 714 134 1338 1454 1452 1460 1469 1498 1572 1589 1332 1585 1476 995 1222 1420 1003 1417 1364 1337 567 1465 997 319 0 132 342 230 386 604 147 115 1321
177→302 7 305 310 668 24 132 252 558 124 783 9 557 262 17 316 18 125 320 1017 904 11 340 623 842 550 1016 880 830 10 183 691 95 403 683 172
178→1 988 1048 1093 1044 119 381 302 303 999 994 223 306 121 120 568 224
179→995 1003 303 7 302 742 999 120 1174 727 568 0 132 470 24 116 141 921 26 343 384 115 269 558 137 319 231 118 861 140 138 155 484 148 114 139 261 268 9 11 271 335 23 522 560 136 113 599 353 18 320 321 151 326 160 310 340 844 134 912 150 472 1074 235 588 972 1206 789 315 1017 901 147 348 821 350 607 701 1064 906 159 158 896 985 437 931 907 329 920 452 169 940 97 274 211 35 367 464 165 66 506 277 48 167 398 590 410 110 89 204 5 91 61 254 175 112 1004 50 100 49 846 666 79 107 791 47 517 57 184 1046 56 352 491 361 43 166 183 289 30 419 459 368 406 435 523 255 507 77 75 213 847 70 84 53 488 82 552 292 1001 485 4 1210 705 467 108 164 492 202 798 294 399 389 44 858 382 1092 102 1005 111 296 521 680 73 203 88 882 805 497 187 841 260 379 1090 453 25 12 76
180→1048 988 1 570 221 1128 223 992 290 631 678 175 169 192 635 241 1016 233 51 284 685 947 450 371 297 94 273 308 32 112 276 172 191 527 106 1205 771 535 506 396 96 637 257 166 478 860 55 252 394 154 31 871 92 312 451 1063 178 651 122 255 239 596 165 202 629 1207 242 691 1208 973 182 3 924 46 269 1209 244 880 180 365 265 372 364 393 669 411 525 167 558 546 1030 656 68 50 13 63 291 311 173 61 598 286 341 15 668 488 10 526 677 295 49 950 943 42 486 323 352 151 171 170 124 489 62 399 187 97 299 632 138 529 830 557 360 279 282 325 1043 278 835 887 266 251 204 280 679 1116 646 292
181→1048 1 758 221 1044 224 744 638 337 525 692 251 411 833 94 5 282 897 233 46 922 173 677 893 683 92 675 1216 276 835 824 894 669 62 260 270 1062 771 1016 323 124 1217 48 1015 1107 318 596 419 555 280 412 671 287 241 1218 973 696 106 929 169 387 526 943 154 388
182→558 116 557 271 11 384 862 252 315 261 321 134 470 113 904 472 148 17 757 231 138 160 829 24 351 132 147 571 310 338 332 140 414 1025 162 1074 626 559
183→223 88 276 242 251 364 835 894 897 230 63 679 142 278 1221 843 75 880 640 93 629 37 172 39 685 30 836 261 323 943 687 244 292 80 51 646 973
184→302 161 219 150 254 31 40 322 261 321 9 137 316 116 470 558 24 271 140 269 151 113 132 862 129 147 11 155 0 286 139 301 142 1417 786 1500 1460 234 119 28 348 157 994 109 308 61 79 14 95 364 97 202 87 848 629 407 183 52 34 49 187 195 242 4 311 169 184 352 355 68 57 60 66 82 450 1083 335 84 292 51 13 243 41 36 39 281 63 80 215 209 206 471 207 32 208 100 98 211 55 201 204 474 380 349 199 374 146 592 552 210 111 397
185→301 7 302 304 381 1061 730 121 309 582 742 307 728 224 120 739 565 31 40 154 138 386 601 714 142 558 130 9 557 271 137 861 132 563 116 129 124 317 233 343 757 322 265 71 172 169 178 922 308 363 136 197 253 175 254 534 517 112 57 39 79 394 294 295 207 880 559 167 257 110 166 184 480 290 63 46 506 430 366 91 205 92 611 281 113 15 364 179 371 185 297 37 673 89 61 292 51 843
186→302 730 120 1008 295 276 104 241 13 183 930 323 233 39 918 36 396 56 4 31 40
187→221 988 758 568 995 1044 730 234 1229 784 154 233 312 137 557 788 335 668 558 252 138 319 598 130 321 155 310 331
188→139 31 312 9 137 155 24 931 326 11 147 338 307 228 40 169 202
189→301 303 223 307 309 1222 558 124 338 137 31 40 269 315 261 23 271 321 152 25 11 317 470 314 155 157 132 219 351 599 334 24 350 324 522 308 92 364 57 189 260 243 880 183 930 1099 296 193 674 276 295 372 179 97 242 241 172 292 49 110 3 15 299 59 71 492 311 489 420 39 10 533 79 889 204 51 61 393 504 506 249 403 941 107 38 63 318 72 165 199 175 202 178 845 34 486 680 196 151 48 449 493 89 399 177 293 250 41 490 387 185 169 643 790 388 32 184 4 274 361 75
190→570 1048 119 301 1 988 7 306 730 120 381 565 302 307 303 222 992 723 999 1223 994 725 744 998 309 1222 579 582 230 31 233 40 786 1137 322 19 2 0 1239 155 314 265 318
191→230 269 124 233 18 31 880 691 529 323 166 254 243 172 184 3 646 95 138 183 182 403 109 167 412 631 686 51 41 282 202 48 292 295 1332 257 63 248 830 246
192→1 897 41 51 267 92 372 486 124 520 686 242 815 63 631 175 177 440 431 312 295 172 396 252 277 56 166 93 672 296 697 71 202 335 254 61 451 324 169 4 412 142 183 506 123 629 39 269 113 95 264 365 488 173 182 40 154 137 409 214 1132 673 627 205 171 47 233 189 274 494 364 535 281 615 80 72 393 31 178 289 96 533 179 85 198 561 292 204 320 116 361 352 311 140 108 68 253 316 46 656 266 321 450 246 112 57 433 271 872 473 174 419 48 410 75 243 66 790 813 13 293 308 973 249 200 766 415 184 799 538 195 950 79 170 132 248 151 36 387 376 546 418 21 288 548 34 250 669
193→119 1048 301 1 121 1223 223 307 1008 269 558 24 142 230 124 122 31 40 222 906 819 1178 154 322 321 140 131 505 787 138 252 1153 134 136 316 133 155 338 11 23 922 262 315 132 157 414 147 150 701 342 334 62 295 46 292 526 280 163 47 7 340 744 261 160 219 55 169 486 634 249 369 244 165 372 110 401 10 166 978 80 489 187 137 364 184 49 198 396 98 415 273 404 277 9 297 254 368 195 92 108 240 398 72 451 590 175 202 533 86 183 538 394 83 233 250 174 420 171 243 39 470 442 882 507 317 91 648 286 51 614 207 68 471 48 443 126 281 38 32 4 248 61 13 363 1004 630 41 938 204 79 196 474
194→233 31 558 230 157 40 264 9 343 137 269 263 757 11 316 271 140 324 24 143 623 92 273 278 295 672 352 1015 110 845 182 51 242 369 183 196 3 290 717 39 10 184 15 246 506 256 292 529 167 293 517 251 401 61 87 282 249 254 411 526 1030 1216 37 533 57 79 281 201 646 253 364 36 91 97 195 85 41 173 48 299 276 368 30 50 296 13 790 80 56 680 843 370 648 688 59 897 178 1242 34 1050 641 308 493 243 478 96 374 66 274 4 495 260 63 95 363 93 419 43 248 75 297 349 446 759 112 375 538 643 487 855 864 250 1084 345 894 474 836 323 765 86 207 406 206 72 84 383 681
195→381 31 40 155 319 304 0 302 1243 931 121 307 928 228 1244 937 786 230 1245 322
196→988 1 1223 732 1173 999 265 230 154 132 319 1246 151 113 118 701 578
197→988 1 221 301 7 302 119 307 994 570 304 121 305 166 183 596 535 269 403 499 154 169 179 781 252 15 165 170 275 193 51 393 92 295 204 426 63 175 331 187 556 65 137 202 443 233 68 526 80 404 292 36 205 39 31 41 620 206 200 13 412 470 246 312 9 199 40 243 214 281 342 142 203 709 471 380 349 454 212 160 585 194 877 475 338 480 374 987 594 220 23 100 474 201 11 98 1247 208 482 362 405 111 1232 146 478 1248 207 55 895 554 479 215 32 24 3 762 124 46 489 10 439 490 497 760 488 492 491 652 618 346 712 376 710 300 493 2 155 586 126 322 563 157 219 139 347 484 571 147 931 162 158 731 1469 1454 1452 1338 1460 1477 1467 1457 1588 1048 1222 1172
198→1 301 119 221 7 302 992 999 995 1128 568 570 307 120 727 567 1249 737 222 303 732 223 233 31 319 124 141 40 885 142 2 0 263 322 558 9 137 312 155 261 154 601 600 844 262 353 20 314 148 343 160 786 562 19 134 127 335 271 560 921 24 310 789 394 295 535 202 169 184 282 36 629
199→7 221 304 995 269 23 252 124 40 319 31 125 154 312 414 129 271 335 317 266 233 141 912 234 322 557
200→758 301 7 302 119 306 995 381 305 309 169 834 308 4 152 310 241 154 168 90 178 126 963 60 291 14 47 450 674 274 124 113 97 297 721 815 359 93 135 266 242 57 155 786 333 783 324 314 862 151 6 321 353 348 159 384 469 986 267 269 641 181 506 79 517 110 509 190 59 185 507 50 790 112 107 813 528 227 470 132 49 38 352 372 355 377 590 584 361 34 846 29 794 44 43 341 2 233 142 40 31 157 24 139 312 137 11 338 571 147 219 143 1124 332 51 39 179 41 182 204 36 63 202 214 246 98 80 629 13 65 32 55 100 206 292 480 109 412 281 165 68 243 349 380 200 454 374 585 207 485 201 199 474 215 404 592 212 209 208 620 210 808 1213 111 211 476 259 203 622 217 153 127 414 317 8 248 295 3 276 46 679 619 486 535 611 166 392 288 406 538 218 540 542 539 858 194 710 483 748 604 487 10 416 346 300 713 655 772 782 781 345 28 473 1148 216 477 390 552 1076 530 735 417 1232 484
201→1 988 7 302 301 304 224 742 570 381 992 222 999 995 1223 994 568 1003 741 582 996 729 1082 1228 303 737
202→7 301 734 742 597 744 737 570 140 116 31 133 922 788 142 22 24 269 141 9 330 137 126 560 321 40 155 353 271 472 338 599 129 862 21 320 266 326 11 152 910 757 819 153 6 624 324 26 328 350 519 8 354 458 3 110 290 46 978 176 278 1013 41 91 165 276 242 184 170 71 169 490 50 979 880 295 834 546 930 938 294 292 488 57 39 63 281 4 243 352 311 80 1001 282 393 517 520 87 404 14 187 943 1055 376 92 79 195 96 198 420 1030 10 1018 778 503 211 204
203→302 301 119 723 381 222 306 120 303 223 307 994 9 917 321 132 271 322 18 261 338 136 558 155 139 157 31 40 219 1124 229 175 251 396 56 248 517 51 41 369 173 244 281 202 880 911 669 393 290 169 28 295 365 403 204 57 39 112 323 596 241 61 178 683 79 184 897 89 278 105 24 490 48 167 96 673 419 142 688 910 4 3 646 242 75 276 345 50 882 408 691 292 1017 15 450 71 68 311 526 260 42 296 678 377 13 493 192 253 881 415 656 411 101 372 97 674 46 109 36 843 243 100 176 794 352 326 288 414 480 165 279 364 836 374 114 85 92 274 312 37 32 98 246 91 10 848 110 337 256 699 606 861 55 113 790 87 454 86 353 170 510 209 44 1050 14 720 63 182 123 325 735 11 813 702 140 889 60 1158 80 308 189 29 504 486 507 74 512 212 299 124 143 340 216 257 196 399 186 195 201 207 524 116 890 681 258 95 485 300 35 765 349 159 470 66 538 198 1231 249 161 82 53 375 397 200 199 379 509 384 43 698 341 160 208 102 659 585 446 84 1213 475 533 584 846 453
204→302 992 381 233 412 93 60 169 179 126 51 36 41 182 31 63 244 243 281 40 165 13 39 246 208 32 80 204 206 478 202 369 396 61 249 372 178 34 15 261 183 525 646 365 195 170 486 295 46 535 124 109 332 326 24 229 11 147 9 338 560 353 328 599 113 320 932 472 414 132 269 393 290 136 125 271 288 71 394 953 403 167 87 68 273 247 364 254 352 137 815 250 10 140 950 474 184 253 308 294 490 175 209 292 469 161 588 260 411 311 95 238 172 92 28 14 296 691 240 943 880 251 241 686 897 1403 55 555 65 429 196 187 546 585 43 318 374 542 91 450 198 392 201 643 177 191 495 212 408 345 57 813 258 47 650 207 49 947 779 375 48 860 562 951 355 81 663 66 802 454 84 164 406 766 765 431 882 376 801 614 618 538 383 659 340 652 44 479 111 17 211 102 218 956 460 504 515 718 462 349 666 705 903 410 160 1125 194 778 703 391 866 390 957 508 467 653 468 380 456 702 904 573 698 543 22 73 405
205→301 119 994 381 307 309 558 2 310 132 269 818 142 316 137 786 862 335 317 322 784 261 271 155 40 470 124 18 138 151 31 338 921 129 9 320 266 321 116 118 114 23 11 160 334 912 603 1254 926 22 342 385 163 139 113 789 219 20 147 7 1 123 302 24 328 315 752 340 148 904 146 80 243 193 489 363 311 526 308 46 169 323 200 288 39 178 295 297 650 166 918 10 260 170 364 172 488 299 51 292 57 443 254 36 13 189 487 399 165 61 548 294
206→302 301 7 1093 307 31 219 230 137 40 1 154 136 125 269 560 124 126 321 142 233 310 316 470 155 150 338 160 11 522 24 312 326 9 987 342 147 162 587 129 266 564 18 151 315 140 599 525 46 166 41 4 250 244 363 419 535 646 360 658 3 393 1001 183 1004 282 61 277 489 295 276 178 172 71 169 1083 179 175 507 372 296 182 241 187 196 656 15 49 51 323 280 271 171 207 418 100 299 349 84 206 251
207→1048 744 988 302 597 1222 1061 995 1003 992 121 733 727 568 303 381 732 306 728 994 1249 998 731 119 266 319 116 0
208→7 302 233 113 31 234 271 40 330 558 126 601 269 129 137 331 131 563 24 937 861 148 25 261 312 327 11 124 239 557 668 252 227 154 385 1183 282 295 369 943 3 187 57 105 257 311 46 92 110 548 270 1197 1229 266 307 268 20 152 1327 1168 603 470 925 787 437 121 513 326 304 225 737 316 347 160 564 1186 220 333 305 598 219 157 966 338 827 125 1304 9 747 122 924 381 120 739 1259 667 730 1 1332 1008 1255 935 626 315 161 21 901 519 340 354 1343 2 319 301 221 736 23 633 142 1124
209→301 302 1255 728 963 4 450 71 308 253 193 274 126 14 49 57 242 311 189 294 68 851 674 241 184 22 678 950 914 905 697 526 352 178 443 152 87 623 351 469 957 643 369 1192 84 186 702 355 862 795 919 224 29 485 644 796 1070 681 463 1210 328 896 1032 698 383 159 379 1011 354 461 306 16 742 667 39 41 412 292 243 28 36 13 40 31 51 585 63 629 100 80 9 230 480 233 32 24 142 349 207 204 212 200 473
210→1 301 994 295 4 31 103 10 14 180 285 1017 92 269 71 28 951 258 268 61 42 58 323 230 176 308 290 292 154 254 94 1220 50 588 823 122 366 102 124 49 546 179 845 806 393 240 187 533 486 693 947 93 68 506 39 189 924 364 668 296 165 690 372 63 404 142 241 66 247 166 114 1001 294 297 113 331 1096 930 948 186 51 249 242 52 799 650 272 36 850 13 169 15 283 266 132 34 270 82 273 420 91 1205 87 233
211→7 221 302 301 381 737 119 727 731 31 122 335 9 116 40 124 558 757 263 138 269 315 316 261 136 321 113 326 114 0 148 472 513 132 262 338 140 118 917 134 131 11 328 160 150 143 920 151 599 123 26 334 147 1017 966 972 167
212→1 301 40 269 230 714 122 265 883 558 155 271 268 131 24 157 314 11 787 132 21 151 22 74 349 31 142 80 98 375 374 259 483 200 929 28 372 880 166 170 292 63 1332 251 152 1460 183 59
213→565 302 301 723 1128 1223 223 1008 16 120 381 269 132 9 921 23 312 470 142 316 126 137 231 235 263 24 335 472 326 268 310 588 783 262 18 116 129 338 384 271 160 340 140 11 151 113 122 1017 633 21 862 123 317 602 135 987 26 153 8 328 147
214→1 221 7 302 999 303 119 992 1223 744 121 570 381 307 223 743 742 1082 988 1048 1093 1061 994 727 1172 726 1174 1008 1003 1173 730 1249 309 732 582 728 1175 1178 741 731 1224 579 998 1149 729 1177 996 667 301 1257 1228 306 723 740 1007 1128 733 597 1176 995 1044 725 568 736 1170 1000 997 565 569 1171 567 222 724 305 304 738 737 734 739 120 758 16 1258 1259 1260 1261 1262 224 1263 1264 1265 1023 1266 1222 1267 1255 1268 989 1269 1184 1270 1271 1272 1197 840 1273 1226 1274 993 1198 1275 578 1276 1277 1122 566 1278 1279 826 1280 1281 1166 1194 1282 1225 1283 1202 1284 1285 1286 1245 1199 1287 1288 1094 1289 1200 1290 1291 1292 1293 1294 1153 1295 1296 828 1297 817 1298 1299 1300 1301 712 1302 1303 1304 1305 1306 1307 1308 1309 969 1165 1310 130 557 1311 752 1143 1312 1313 1118 494 1187 1314 1079 125 605 935 1315 26 234 269 714 964 227 136 922 1025 1101 1316 133 239 335 266 564 668 861 933 226 600 903 1317 751 1318 1215 1150 920 267 252 561 1319 588 344 264 466 265 885 1320 235 1130 917 972 746 1183 354 163 1064 1321 24 1186 116 1080 126 1201 270 1163 310 513 1322 601 144 1190 331 321 558 128 386 820 156 550 818 154 1323 313 122 262 151 925 141 1324 327 505 113 783 1002 263 312 138 140 261 114 124 134 559 598 827 1325 862 844 907 624 599 824 470 384 757 271 127 9 231 11 787 316 142 21 160 20 980 329 923 633 838 353 338 152 985 320 924 18 315 472 132 17 27 340 414 225 137 123 905 927 330 232 591 469 149 342 910 602 562 821 701 1326 859 1009 966 1327 1219 402 896 324 437 1237 1026 1070 135 357
215→304 302 154 157 124 252 137 312 324 233 751 126 129 116 24 23 142 230 320 862 322 147 160 333 332 117 11 326 340 6 153 282 51 880 281 292 323 641 205 529 535 71 184 401 61 166 170 243 242 189 546 246 273 443 182 1108 202 190 13 393 631 42 585 294 97 295 864 397 412 368 450 63 432 248 85 473 175 325 191 715 274 411 196 486 176 57 492 80 177 14 209 364 207 98 169 289 254 288 435 698 178 349 352 487 181 214 488 538 470 418 204 201 65 179 48 194 66 32 195 300 611 474 399 200 100 208 215 206 374 449 341 1073 446 211 199 765 379 44 296 709 259 552 375 109 84 808 383 463
216→999 1 301 1093 1061 744 1222 723 567 302 1255 7 303 730 731 570 121 737 120 221 16 307 119 992 306 381 223 309 1003 994 568 582 1048 597 565 1172 739 734 988 304 1044 1128 1223 222 1000 995 733 1023 1008 727 738 989 732 725 726 997 579 569 1175 305 741 1007 1178 1174 1173 998 1171 1149 1224 1082 1249 224 1228 728 740 729 667 1170 996
217→999 221 301 988 1 7 724 302 730 995 120 1128 1044 570 305 727 224
218→234 113 124 265 269 335 668 598 9 116 266 142 271 261 24 23 3 814 677 182 189 369 167 295 672 835 412 299 635 529 1060 83 311 183 864 241 276 799 526 166 169
219→7 119 120 315 116 414 2 24 124 591 754 25 338 522 329 225 342 231 19 36 169 166 534 248 398 325 179 740 616 206 157 9 542 139 208 408 209 602 11 399 538 111 533 397 392 174 194 424 32 132 701 1269 215 100 203 737 302 330 899 519 936 757 506 79 110 301 725 1337 1061 1048 1336 1023 1342 988
220→301 7 1048 1 570 304 1222 744 154 122 270 265 234 94 103 638 1240 58 396 363 256 62 1356 370 1267 331 557 628 359 546 245 187 1413 88 1172 922 31 668 124 598 138 819 714 40 327 984
221→1 7 221 235 252 788 563 266 312 138 137 124 154 668 1197 31 265 335 598 19 322 381 557 233 558 227 141 302 234 600 127 9 321 239 561 146 327 157 599 149 261 522 314 340 1229 384 626
222→758 988 1 7 301 992 304 570 733 668 31 51 58 230 264 15 716 687 182 172 629 41 178 880 871 62 282 943 671 369 92 10 154 815 243 279 288 142 167 311 3
223→303 119 115 861 467 0 142 935 137 140 155 321 519 324 931 113 132 261 470 338 151 912 925 384 118 599 11 153 588 123 789 353 159 354 135 985 328 8 61 277 63 165 184 254 506 110 253 169 80 36 30 39 51 320 517 449 79 44 790 520 269 349 78 800 43 504 242 509 32 680 84 798 77 316 341 552 260 585 45 14 464 50 379 872 111 521 259 296 375 374 540 793 453 575 456 346
224→995 7 1 301 221 302 1172 568 264 239 130 124 268 558 312 668 335 466 269 322 19 116 129 886 252 1323 31 141 137 266 125 557 154 885 561 155 316 131 598 138 967 338 142 117 414 227
225→276 672 880 529 697 172 62 185 192 290 364 646 241 15 40 299 282 249 51 1001 41 260 345 248 182 65 13 80 387 46 656 674 14 322 98 374 474 206 534 493 349 209 194 488 408 208 397 111 483 538 259 696 257 631 352 242 49 93 66 57 187 277 678 311 294 176 168 188 799 846 84 77 184 195 1083 1146 698 363 233 92 254 558 633 235 324 271 113 266 154 269 234 263 18 261 116 899 310 623 160 340 338 11 910 146 24 9 147 152 599 132 1 302 120 221 16 737 268 227 972 472 328 934 348 701 135 625 117 350 905 526 323 360 375 295 166 181 34 32 325 39 108 412 61 100 183 450 296 42 56 202 700 339 167 981 63 769 766 55 35 1159 89 377 215 422 585 170 897 845 250 173 244 169 204 368 355 860 88 507 714 570 933 883 219 267 133 861 885 757 2 0 155 1153 224 7 316 334 414 31 124 787 372 691 72 44 175 114 1194 222
226→570 668 470 321 132 122 271 1255 40 1 21 116 9 757 118 333 151 384 22 113 24 11 147 261 233 586 28 200 51 36 80 63 13 39 204 244 243 201 473 246 212 32 349 471 55 65 585 210 474 454 209 380 160 475 216 14 100 629 208 109 259 476 397 215 41 650 189 308 62 269 234 137 281 292 230 155 143 31 295 42 1053 656 364 369 184 178 254 241 311 596 175 525 893 490 415 3 59 46 368 318 247 242 97 90 449 110 56 92 82 57 61 182 195 962 277 15 674 407 91 250 49 4 495 75 794 34 323 679 167 493 657 506 813 630 325 722 673 546 71 170 172 411 251 278 260 66 759 408 1252 547 930 43 77 52 72 48 81 84 873 359 214 538 716 274 296 799 766 187 527 418 779 836 361 78 489 460 508 355 462 507 573 644 422 374 383 524 33 879 512 382 1210 485 293 584 1234 895 659 615 514 376 390 44 866 405 483 315 286 352 93 108 185 171 698 79 450 134 555 937 667 811 1455 688 157
227→1 121 269 183 475 299 295 40 526 15 880 169 641 387 367 85 334 802 861 260 112 243 244 349 672 82 35 98 308 84 323 125 1053 62 43 296 59 46 843 364 241 3 372 717 51 92 315 363 715 184 4 233 55 204 36 292 31 845
228→303 301 629 61 367 187 175 364 244 34 683 403 411 91 176 368 74 363 48 387 345 254 372 419 97 92 1161 408 72 881 1083 43 1125 89 261 558 331 137 472 269 302 132 784 113 0 321 316 24 140 124 714 183 195 656 31 56 249 538 52 596 169 4 242 57
229→1 301 119 224 737 381 302 727 744 120 1228 7 121 40 230 137 233 132 234 921 599 124 269 126 142 786 155 321 136 330 783 31 235 219 123 920 328 153 1017 317 225 320 1164 18 116 324 134 151 896 266 271 917 113 11 603 316 342 701 157 118 25 314 114 9 23 315 926 928
230→301 1093 221 1 570 222 730 381 1061 1222 1023 870 979 282 51 233 1331 940 631 31
231→1048 244 178 15 635 254 92 835 387 403 28 683 170 364 93 412 165 845 233 256 298 697 372 525 769 61 948 791 658 413 766 250 1098 187 881 363 72 366 370 56 196 590 1157 1096 168 418 38 195 89
232→302 31 124 152 271 140 114 467 357 135 1091 126 470 469 7 959 714 351 123 385 414 519 59 506 110 185 79 507 790 187 352 451 14 526 57 242 169 4 93 450 897 674 184
233→301 7 381 309 307 1332 113 9 225 230 219 160 470 138 626 11 134 157 155 633 114 116 159 264 753 143 162 8 755 145 472 385 1130 220 147 123 386 519 749 469 161 329 146 604 350 336 31 233 23 935 24 124 20 142 137 271 41 58 526 61 674 691 250 175 193 835 323 679 401 14 352 411 699 37 843 274 276 42 546 4 318 242 403 182 243 258 202 529 3 208 166 345 36 372 56 62 71 629 57 412 13 51 870 172 296 889 251 880 646 364 185 893 100 91 196 281 295 167 63 59 836 432 10 260 474 1205 669 97 613 65 39 311
234→1 995 1048 230 319 233 420 372 387 834 92 256 251 1333 290 183 168 555 339 170
235→1 302 988 999 222 233 598 265 230 138 1255 1048 758 1023 995 568 1093
236→301 302 744 579 1228 309 728 737 306 743 16 1335 1336 1337 41 233 629 412 31 32 243 202 182 845 244 169 51 39 40 100 281 13 526 65 165 28 585 36 292 80 179 137 14 63 312 215 478 246
237→1332 1 988 222 992 744 303 119 1128 1093 1338 1222 1061 7 999 1223 1008 1149 1003 731 381 121 301 120 723 994 568 579 302 306 223 727 741
238→1048 1 170 124 92 697 941 113 57 913 61 668 672 308 555 132
239→119 1 1048 1338 988 7 305 727 302 744 994 309 252 9 316 269 558 138 122 233 19 322 307 223 339 170 296 369 154 364 290 14 202 396 167 363 299 132 187 51 646 134 71 308 668 295 323 124 260 61 36 310 412 175 1342 151 113 27 701 183 56 15 92 1145 13 345 261 88 860 234 147 24
240→992 994 1048 1338 7 723 301 119 381 359 393 474 124 278 32 885 290 291 880 656 79 122 271 269 233 1460 1346 1332 1452 1498 1487 1465 1348 358 202 165 109 243 412 538 40 4 175 230 525 196 51 192 535 100 276 372 52 169 137 13 167 346 183 207 93 251 189 14 295 191 110 450 241 39 292 526 403 46 325 845 318 260 249 254 37 364 56 31 281 63 253 36 277 951 91 182 558 208 166 34 57 154 141 71 296 409 699 61 506 41 60 68 187 881 286 889 242 308 97 128 480 337 365 11 87 311 248 489 83 284 471 312 178 80 177 411 349 355 488 3 85 940 48 246 415 630 495 29 509 294 140 24 142 443 185 633 204 244 1083 363 395 524 264 160
241→301 1044 995 1223 1172 744 1228 1336 598 546 672 173 679 93 387 59 1339 360 31 635 339 94 699 37 323 677 252 529 758 400 371 167
242→303 1 7 1061 724 730 221 304 119 222 568 223 999 723 1023 302 738 121
243→988 7 301 1023 303 1223 732 1332 154 312 331 558 138 31 233 124 557 310 137 2 262 333 122 140 114 40 155 157 598 314 142 265 818 132 9 268 470 560 714 266 261 271 113 787 126 1 269 969 353 234 385 23 24 886 116 513 129 338 22 139 21 342 11 160 143 326 150 123 302 340 223 147 219 330 904 158 351 625 295 641 71 525 244 166 172 92 246 175 183 285 290 48 179 251 242 169 62 184 13 323 173 41 34 277 202 94 42 629 171 189 187 63 170 91 61 429 806 534 80 619 256 68 243 14 56 79 368 393 308 845 15 646 4 197 363 214 292 612 672 39 356 473 281 287 51 286 486 200 411 109 93 260 791 493 364 100 339 182 254 948 185 549 108 435 981 240 177 769 1058 291 118 352 101 55 289 97 44 1043 168 440 72 176 471 397 274 585
244→1 295 15 173 172 635 13 124 700 181 323 267 415 254 71 979 282 48 950 278 696 311 845 372 1084 1340 843 897 412 339 257 251 672 281 93 411 596 233 175
245→7 303 302 223 120 1008 121 307 40 139 132 1017 269 114 261 324 122 134 24 150 321 140 11 316 23 155 513 118 18 151 271 384 143 470 113 219 328 900 437 340 603 148 353 458 519 1066 917 348 163 701 39 56 36 1083 241 77 95 3 61 798 228 1022 79 320 78 1279 138 294 374 375 98 31 896 210 142 804 1029 75 296 473 1076 465 1460 1364 579 1455 845 529
246→1 995 301 93 192 138 635 766 835 323 189 546 179 388 124 63 10 178 137 97 1030 474
247→1 7 302 570 667 227 412 138 244 596 51 369 71 675 290 183 526
248→995 744 730 303 570 253 672 276 192 527 15 278 1048 295 372 546 387 394 40 165 7 124 234 122
249→1048 1343 1 121 1093 1023 302 570 579 1259 729 737 224 996 276 323 281 198 387 254 880 15 290 940 1344 771 835 369 95 51 31 282 169 1015 56 250 48 57 274 41 167 631 80 951 1001 401 3 241 836 79 409 648 14
250→988 1048 302 730 120 121 155 169 641 51 1242 1021 474 679 677 278 696 265 31 668 4 234 175 14 364 142 248 178 244 675 202 308 40 173 682 409 274 1016 63 880 1216 295 281 529 672 630 526 251 95 369 897 356 1084 833 387 693 250 598 13 683
251→1 1222 119 739 730 1223 124 137 558 598 312 385 252 267 154 116 138 633 140 626 239 910 261 714 316 557 132 131 18 268 149 262 136
252→1 1048 1023 119 155 11 122 31 675 36 92 269 4 1060 51 61 278 254 1345 871 243 173 124 658 372 1084
253→301 1008 381 1267 927 840 142 265 40 1129 122 826 31 470 234 910 784
254→1 252 1197 122 668 262 558 234 268 261 265 984 310 227 885 809
255→1222 301 381 1044 1223 992 1343 744 303 570 120 121 224 223 302 1332 725
256→16 1 1044 743 339 48 893 345 691 278 251 80 318 62 122 1273 493 15 558 61 175 98 757 56 307 1346 998 119 740 567
257→1346 1 1048 1023 302 738 744 184 122 93 311 323 56 880 672 529 299 260 631 269 677 697 124 352 181 242 693 635 674 240 42 282 973 676 836 171 1144 675 358 369 106 51 363 387 696 871 190 244 372 91 170 686 256 669 169 173 1084 267 493 364
258→381 302 303 744 224 1268 40 266 269 142 124 122 268 18 31 115
259→730 221 1048 1023 1044 668 400 233 31 234 1 269 252 633 268 787 40 227 154 915 124 266 239 122 910 322 132 265 131 11 321 160 24 146 842 1279 332 262 342 166 46 36 295 631 3 13 281 201 493 209 408 534 406 710 206 496 111 527 1411 240 634 845 648 870 572 363 371 256 93 525 1154 286 168 187 881 359 799 716 947 188 4 352 298 372 108 34 471 355 43 83 87 49 66 35 44 173 42 943 41 242 700 251 412 678 282 276 61 183 184 14 270 140 450 894 918 672 59 526 897 260 345 628 529 871 387 176 308 802
260→7 1048 744 1249 381 302 726 242 683 167 668 169 202 48 51 63 36 31 189 166 269 61
261→1 1338 1008 733 1257 598 605 233 270 322 310 578 809 40 788 268 828 138 840 124 327 271 31 1323 264 560 819 331 155 113 312 21 1243 916 22 126 157 470 125 314 129 11 623 880 687 257 1349 15 4 387 13 166 771 369 241 278 282 167 173 1236 365 178 183 58 973 318 871 969 169 943 412 299 179 184 656 189 36 243 244 415 641 249 897 180 42 176 193 308 177 403 323 71 631 41 242 679 106 675 87 295 473 1350 674 280 372 95 94 251 529 56 75 1235 274 65 371 170 281 198 284 577 683 672 267 526 292 715 489 825 50 1351 677 684 205 47 691 1180 949 759 191 1014 32 868 92 294 696 364 345 493 951 68 450 104 637 258 46 238 549 930 48 649 409 837 769 974 815 648 45 10 194 311 1004 646 950 1218 260 192 296 100 709 843 1113 297 418 435 55 1354 207 352 272 1107 780 376 440 706 945 585 425 355 1355 779 324 749 488 1356 89 30 552 1033 431 523 346 490 1358 869 44 778 199 300 595 704 115 228 63 14 555
262→167 173 400 172 175 276 282 169 675 171 233 401 42 31 137 239 234 227 149 252 124 1 138 268 1226 642 881 192 845 265 75 296 323 577 56 182 672 656 178 270 692 678 364 290 870 249 843 251 59 372 278 15 685 677 1053 526 837 546 93 669 631 894 691 240 230 693 889 311 880 388 122 787 547 529 450 168 345 555 62 635 396 256 28 1084 648 260 658 92 864 979 286 1043 277 558 170 299 630 4 679 247
263→1342 598 331 227 252 262 124 234 335 668 132 2 261 113 558 230 266 714 313 322 824 600 265 151 315 115 235 18 472 0 134 563 385 140 160 1327 783 842 239
264→1347 1 1044 302 1267 221 758 1172 1266 726 1348 982 840 558 1324 633 122 239 1153 598 149 271 322 124 984 252 270 668 261 128 1129 784 268 266 265 141 885 234 1327 714 788 915 262 783 1243 113 916 26 118 818 966 125 1329 21 123 1165 578 472 1134 1122 967 1079 1197 17 631 628 401 247 92 290 183 1343 1048 1346 988 1492 1471 1498 786 824 980 669 277 973 395 1353 676 171 914 251 278 34 387 415 671 643 638 674 337 75 166 368 323 173 364 3 943 632 352 833 49 282 450 42 51 527 62 41 175 68 242 766 947 365 396 634 241 280 613 256 1018 845 881 1205 814 880 1339 981 953 4 167 363 420 359 871 1564 10 177 1333 1108 253 642 104 71 419 658 238 930 308 555 93 870 276 418 975 799 192 696 90 311 1190 686 843 1236 697 1161 72 372 1083 87 509 673 168 88 493 1116 299 1112 409
265→1 1048 1343 568 119 737 381 302 303 1228 579 1222 16 224 742 233 31 40 2 155 738
266→222 1048 301 1 730 988 995 570 1172 597 304 1338 7 733 120 1222 1044 1023 1255 1008
267→1048 303 301 121 120 1342 381 737 282 59 206 396 95 63 649 170 323 51 253 169
268→1 301 526 672 335 93 241 291 97 124 686 1015 816 242 187 71 130 154 678 950 294 169 184 450 598 176 411 396 547 638 845 171 103 240 628 234 94 1095 122 268 372 34 583 132 355 715 352 88 148 4 634 49 799 658 256 221 57 451 113 66 701 45 527 298 341 920 523 151 44 35 846 43 12 584 361 650 794 166 312 3 206 635 280 257 295 13 276 535 142 631 696 679 179 493 281 612 325
269→1222 303 1346 224 307 579 381 120 737 565 121 998 309 306 31 40 233 230 157 155 139 222 302 229 223 219 228 1124 343 28 308 169 48 14 546 80 674 184 183 352 15 369 51 295 243 172 282 253 371 36 323 240 631 59 39 473 13 480 65 71 951 360 56 91 290 177 648 694 276 635 167 412 55 175 41 401 98 486 92 880 34 57 246 325 49 493 195 179 68 185 42 251 1055 204 633 894 170 24 242 97 271 4 83 691 241 296 321 189 63 79 257 142 1095 699 409 269 506 450 848 37 365 109 18 116 551 248 244 345 105 192 100 393 46 165 249 50 720 672 339 374 372 187 126 317 137 140 132 987 8 129 11 153 470 328 353 22 6 414 384 162 472 160 21 338 604 513 754 326 324 143 599 862 354 147 145 159 896 752 350 437 934 161 519 357 329 117 284 364 202 280 555 839 526 250 652 1001 178 75 274 134 778 650 510 535 44 311 247 208 3 279 173 292 61 60 182 462 763 363 86 495 87 474 403 210 84 297 376 488 485 945 186 275 618 88 1076 77 259 212 504 260 199 460 487 475 780 479 209 380 976 548 854 43 533 497 815 10 521 207 759 790 511 340 288 1040 643 659
270→730 732 131 124 141 122 154 261 233 114 668 9 234 132 818 605 137 335 113 148 40 142 271 268 324 11 118 321 24 129 266 239 883 352 372 686 240 57 256 4 93 527 583 355 87 298 799 658 12 35 451 66 359 947 921 88 90 634 590 881 794
271→1342 570 999 238 278 914 1001 671 28 244 299 1060 700 555 973 183 51 280 260 1058 95 92 184 124 897 679 674 31 323 696 769 182 251 629 1084 893 10 670 295 387 943 669 1015 871 631 172 537 167 357 1037 596 682 403 198 50 242 1352 1344 695 835 1242 759 59 1126 311 1018 1145 96 683 276 880 1016 290 1063 864 106 526 364 192 529 345
272→251 175 39 124 470 100 321 51 80 535 301 18 157 31 137 271 261 40 114 155 338 136 342
273→1 381 221 121 120 570 307 1008 737 321 160 252 132 149 310 1326 134 265 316 9 623
274→1223 1332 301 1093 119 780 169 490 491 489 493 137 486 763 46 488 346 3 376 779 495 497 710 778 194 1051 589 476 604 498 416 496 767 7 500 781 772 713 653 300 875 295 679 98 109 80 281 475 142 474 209 374 349 533 614 136 538 24 259 483 539 2 51 31 14 40 243 388 63 39 292 41 182 208 246 65 230 55 32 380 212 204 585 162 233 157 219 241 36 363 172 42 185 269 260 894 4 717 242 311 308 253 387 71 631 646 815 61 526 15 403 251 276 75 372 122 257 674 110 92 411 189 352 91 250 171 691 759 178 280 93 254 271 843 943 97 339 683 630 699 839 450 105 56 170 889 59 85 34 431 52 813 196 72 435 321 44 517 506 43 337 345 195 507
275→570 302 1 167 230 835 42 669 635 233 678 175 173 260 830 13 71 396 292 95 308 631 141 672 277 62 290 171 170 871 242 973 691 137 364 156 633 182 142 548 318 930 843 558 282 250 247 51 249 1353 251 40 280 238 166 31 412 387 278 296 47 311 122 535 403 369 315 124 323 370 269 833 648 15 108 1035 1037 839 676 1063 612 1159 685 683 1208 180 699 192 545 848 243 1015 339 675 787 165 39 257 547 295 1053 366 943 400 91 252 284 34 4 198 264 953 415 929 1236 184 411 61 335 367 138 9 130 234 263 310 505 143 916 327 557 151 140 266 18 134 320 470 114 271 261 757 324 132 321 131 146 472 842 317 328 24 333 150 162 153 220 334 11 342 129 384 599 26 348 1205 525 656 183 401 244 41 178 598 169 3 253 495 46 488 759 480 780 493 376 489 491 779 476 194 778 652 346 457 487 496 416 653 782 710 506 517 50 79 112 59 110 511 509 813 240 546 291 658 845 577 981 630 799 286 359 1095 256 363 947 187 168 716 962 650 823 868 686 241 674 643 195 189 66 526 451 950 87 815 14 279 57 97 82 450 60 176 352 274 49 68 418 460 976 84 186 442 834 938 294 77 355 297 1092 357 440 681 1020 446
276→1 1048 301 7 303 1223 1023 1172 120 1224 121 744 1332 1255 1044 302 994 1336 119 728 1008 727 381 568 567 1061 997
277→1 724 992 7 1128 1249 568 570 739 1048 988 221 1338 305 727 1257
278→988 1048 1 1044 1000 1023 597 221 999 302 119 579 1332 1255 995 570 1249 305 307 224 122 171 154 411 953 845 363 527 62 240 268 234 648 692 1236 88 881 525 716 799 1357 233 290 15 339 656 93 178 256 372 387 170 646 596 257 951 412 835 941 251 365 364 61 273 697 56 48 124 1340 969 345 369 839 34 92 254 249 360 202 419 791 555 132
279→1 7 1048 988 1061 302 568 119 1023 725 744 381 1008 221 1342 570 303 223 579 120
280→1 221 119 744 570 472 130 24 252 558 124 327 234 922 1324 266
281→1 1023 56 175 204 28 930 635 308 833 1063 318 815 251 242 529 95 173 244 241 771 172 693 1119 631 323 4 368 814 671 363 692 1058 278 388
282→1 303 1338 1000 737 1222 1175 233 322 312 714 562 0 139 558 9 19 472 261 18 338 861 134 132 494 138 505 222
283→119 1 570 221 305 922 234 1324 130 124 239 321 132 142 266 18 125 633 131 327 342 472 11 310 385 150 24 135 169 830 955 880 308 672 183 295 171 280 167 1013 627 401 897 845 36 364 299 47 717 323 369 260 71 691 173 683 311 4 15 247 48 175 243 365 549 244 396 51 256 1095 525 241 250 62 679 412 198 337 411 631 358 257 208 450 839 242 943 95 97 635 527 42 393 806 28 843 1189 688 192 268 189 352 345 172 122 493 1037 1063 61 950 55 1153 297 236 240 815 407 246 168 949 170 658 339 238 409 419 360 282 669 277 1360 671 91 14 1157 951 32 92 368 977 979 110 290 871 870 112 372 686 100 87 325 882 833 930 287 296 79 558 387 388 976 362 648 692 981 363 947 370 962 187 766 114 49 274 938 279 253 184 526 178 850 289 451 697 674 84 868 85 978 835 230 233 254 249 251 56 646 255 637 134 72 89 34 415 1374 258 2 1251 6 1346 59 506 517 50 509 757 319 579 630 995 157 301 80 252 259 349 98 31 41 643 40
284→1048 4 699 15 36 184 175 40 292 14 278 154 674 100 387 183 95 51 678 295 93 169 1002 691 34 254 546 635 92 282 55 167 352 277 308 1018 1016 13 41 450 173 122 669 323 61 897 110 244 269 513 9 289 894 296 914 242 605 451 815 335 1118 938 643 192 241 268 321 126 60 87 193 178 130 66 311 35 84 189 794 1223 1651 301 1452 1338 381 302 1469 119 570 737 121 16 845 318 943 843 31 202 42 679 172 249 687 63 142 49 57 526 294 353 168 187 1192 82 355 152 71 265 1072 77 113 310 195 22 796 853 599 351 186 465 164 584 73 485 890 464 795 69 460 129 445 783 461 976 88 361
285→301 221 1 723 119 381 303 121 307 1332 157 51 387 31 889 267 282 167 40 276 299 172 46 183 43 130 506 450 10 674 79 296 451 885 836 281 15 14 360 253 401 45 372 182 230 137 184 39 80 105 292 142 175 411 189 672 190 290 87 13 409 241 641 250 41 4 243 42 181 34 61 97 339 132 68 308 242 91 170 412 668 364 631 260 352 36 178
286→1177 7 233 257 42 15 691 281 172 202 60 295 629 311 39 323 31 47 48 184 420 247 646 631 277 36 41 178 10 241 51 412 596 193 675 284 61 656 165 366 71
287→1 988 1346 1342 1044 1000 992 222 1093 1023 1048 1061 119 303 744 1222 1174 570 381 120 1173 307 121 994 1259 737 1361 301 233 268 137 787 840 494 122 31 915 558 269 598 234 1201 40 1362 142 0 754 314 310 262 315 155 912 714 786 132 984 126 113 668 261 266 11 116 334 140 316 414 118 114 1017 151 437 24 321 21 906 150 134 143 783 17 26 326
288→1 304 667 897 930 629 401 92 15 252 250 3 31 46 282 62 1156 13 372 387 612 360 1112 694 613 172 94 409 692 253 1161 184 308 51 154 547 185 759 187 558 124 557 14 451 672 42 181 122 632 679 10 412 918 175 635 555 196 537 396 141 276 363 1225 339 183 233 202 249 103 182 178 137 68 371 50 240 686 683 292 291 167 244 48 506 254 296 674 136 311 894 1353 345 535 170 845 598 545 109 310 815 420 71 189 65 268 238 242 256 980 40
289→183 15 281 59 166 110 137 40 91 299 41 80 843 295 506 325 173 242 36 61 202 535 335 175 122 154 124 92 97 46 193 182 57 241 292 13 138 51 246 179 39 75 206 55 848 165 703 100 480 169 184 290 132 310 79 254 419 32 4 208 486 269 191 43 134 177 56 34 369 215 837 50 7 48 889 210 374 204 315 296 407 185 415 44 377 408 353 406 380 200 326 81 321 201 533
290→1048 1 222 1093 1342 1337 570 568 307 121 40 1061 558 817 322 124 230
291→301 302 304 303 1223 119 994 1008 1332 381 306 1007 305 996 582 7 2 312 269 784 155 40 124 142 316 154 134 267 268 788 261 31 786 0 233 340 11 314 24 470 139 342 160 113 143 334 151 157 19 6 347 129 332 162 219 348 232 625 45 839 687 412 170 700 323 843 189 251 325 369 36 181 474 63 546 250 97 39 243 286 182 4 837 717 691 240 183 401 71 80 339 41 675 48 167 178 372 87 411 193 79 297 42 179 1022 91 364 1014 172 209 244 202 190 46 28 676 845 284 506 282 345 204 352 277 415 311 95 1030 652 246 32 57 184 3 187 34 56 296 49 292 109 525 486 254 471 208 715 110 495 393 86 98 55 271 44 408 1001 299 585 375 212 66
292→301 988 302 1023 303 992 723 1342 568 119 995 744 570 1332 994 1222 1008 31 230 233 40 139 155 2 157 319 19 343 736 323 183 41 173 282 92 269 880 48 277 13
293→7 570 160 784 558 269 234 310 124 385 0 322 235 137 132 138 980 125 342 23 9 321 789 24 143 320 129 149 472 302 1 11
294→119 668 265 173 369 275 178 14 274 192 526 289 242 277 897 93 4 198 450 697 189 184 187 352 87 256 91 368 419 634 92 629 61 387 254 372 175 257 196 881 364 363 583 630 34
295→305 558 598 316 633 494 235 787 263 126 24 262 261 757 138 20 125 414 17 321 562 132 969 7 564 146 18 340 160 328 159 747 338
296→988 1 301 7 724 1048 597 730 304 221 1332 570 1223 1338 992 723 302 579 568 119 995 303 1128 121 381 582 727 305 223 742 309 306 732 124 249 308 1161 396 276 175 172 717 526 411 252 184 239 183 880 233 51 1323 169 387 295 282 930 352 696 127 4 893 412 672 14 254 15 241 394 191 535 265 323 409 558 39 486 885 443 281 31 177 36 502 166 63 537 92 45 260 269 529 267 292 545 182 450 278 371 285 152 205 154 335 454 207 197 47 242 141 277 13 46 678 165 310 264 209 71 189 631 104 179 75 200 248 943 823 1107 41 546 56 202 894 368 480 3 55 18 50 60 137 61 473 193 359 562 171 80 261 215 262 93 140 90 113 325 32 487 674 818 413 187 398 1083 168 611 23 138 827 134 613 125 257 268 68 173 850 176 274 130 629 451 214 133 470 321 40 315 294 62 386 49 57 317 802 559 148 79 769 312 815 59 585 757 605 132 799 702 66 96 365 210 399 392 100 142 668 10 493 506 34 895 324 204 131 557 44 355 349 9 273 471 363 185 112 98 48 419 101 97 20 555 296 328 11 861 85 379 794 117 426 836 1033 22 538 440 351 212 416 180 341 433 680 753 626 410 258 607 460 452 1227 160 126 950 231 418 376 534 686 110 1213 397 271 492 380 129 463 509 186 1236 697 495 533 488 406 475 507 719 414 430 377 320 457 211 921 195 116 236 54 266 82 255 720 428 615 84 201 111 517 504 220 1031 24 540 829 348 326 21 361 77 552 571 461 333 149 405 147 659 114 43 384 123 544 199 69 698 353 869 472 498 383 594 801 449 298 479 1123 438 620 1027 476 1019 422 164 846 118 497 592 8 431 705 194 338 706 1368 811 259 623 1125 541 464 913 647 216 1088 402 862
297→1 1337 1346 301 1338 744 119 1335 1149 994 738 1364 1365 999 222 7 223 303 1222 1175 723 120 1366 1348 1266 570 381 727 565 307 1008 1460 1417 1454 1342 1452
298→1346 1 1337 1367 306 1082 7 1003 582 309 1176 1266 569 1369 1370 1222 1265 1332 304 303 1023
299→1016 244 41 183 97 92 845 51 165 76 1035 71 15 142 337 279 674 295 910 56 1030 974 98 668 280 39 308 914 240 323 281 169 260 48 202 241 387 299 47 242 103 635 450 31 843 352 269 36 271 374 184 368 715 506 167 278 296 346 363 50 717 34 1055 585 187 253 45 79 40 510 152 61 129 288 57 66 290 512 107 132 137 101 321 246 474 1147 110 124 75 533 422 660 55 72 176 209 292 89 509 109 189 4 860 93 399 404 524 44 11 293 698 102 96 14 486 80 204 382 375 24 30 140 359 793 68 1002 1148 108 508 650 22 688 802 511 487 484 431 496 77 341 53 297 160 471 210 43 1011 338 32 355 259 801 454 446 200 523 82
300→302 730 1 579 739 897 167 412 233 97 526 166 893 15 281 323 51 930 260 244 256 629 474 345 387 943 75 4 36 450 46 388 672 282 95 360 596 632 3 93 889 242 243 679 183 669 295 411 251 674 40 14 31 71 172 68 41 835 28 290 364 202 182 871 401 178 42 61 369 420 63 170 110 277 173 92 686 169 914 175 189 487 546 372 87 358 525 246 325 409 799 279 187 254 184 96 631 257 208 100 684 195 415 274 493 249 65 380 683 720 240 241 648 299 204 177 352 280 278 91 534 620 59 84 43 49 658 55 57 191 230 691 109 56 79 1037 34 273 192 311 506 289 697 212 577 646 215 1125 32 50 296 1098 419 54 250 488 408 185 174 294 1132 30 511 659 209 510 612 406 630 188 355 790 82 298 44 377 418 35 538 399 72 688 107 288 860 585 471 379 459 376 1213 1131 698 766 552 485 479 514 795 1148 570 374 349 98 716 80 363 375 805 164 9 558 137 132 142 269 261 138 252 338 124 11 148 783 18 266 134 151 24 626 136 342 316 321 935 320 340 129 519 160 330 354 318 253
301→999 301 1332 221 303 723 120 381 727 1174 570 758 7 119 1 302
302→1338 999 223 122 114 316 271 924 118 134 155 116 113 321 136 151 262 219 906 789 115 1454 1500 31 7 24 472 786 132 142 1469 1003 139 1147 11 315 9 269 119 1346 1460 234 558 233 124 744 4 599 912 153 261 154
303→303 1 301 988 730 381 744 119 309 394 183 62 295 51 948 387 4 526 173 42 880 269 1107 369 627 1216 684 72 558 254 450 130 172 267 178 1084 323 181 641 697 192 13 270 95 177 41 677 234 92 308 80 943 256 166 264 780 61 40 127 930 1353 14 683 687 249 56 275 189 122 241 674 669 325 717 364 546 291 243 250 252 124 631 398 685 695 175 893 529 363 251 108 15 979 247 630 596 420 137 59 93 276 184 1050 36 281 253 63 131 49 1037 260 814 171 287 248 352 288 637 180 238 396 509 679 271 525 451 278 672 299 938 46 55 415 240 206 947 555 339 974 75 296 261 169 1055 104 1125 871 633 285 68 187 23 493 495 1031 283 35 897 167 21 843 106 10 286 141 142 112 31 86 791 114 478 83 24 815 837 1001 676 678 419 1056 176 885 190 242 321 612 973 1195 89 527 696 48 311 962 1063 700 409 98 403 845 136 399 84 372 368 818 864 149 668 168 359 297 90 337 490 839 889 3 34 953 408 366 280 208 850 1205 1058 82 799 590 71 298 151 881 1373 951 534 613 1116 279 101 37 198 274 174
304→305 301 1008 999 1223 723 7 309 303 75 233 40 185 352 61 261 1014 181 57 535 394 583 629 183
305→301 7 1093 1332 119 303 306 223 183 205 165 124 251 364 28 372 56 691 646 369 250 170 166 400 61 699 412 555 182 363 318 298 345 92 34 415 244 257 254 558 175 632 180 255 873 93 420 629 178 393 769 48 630 273 91 429 138 202 315 191 791 256 398 399 590 886 317 538 18 263 176 140 132 410 196 404 187 848 1004 1161 316 334 72 134 910 697 136 411 97 258 337 87 101 419 377 431 614 195 339 585 12 882 362 799 125 88 407 43 102 570 1125 1043 38 664 292 65 13 137 36 243 526 51 388 41 312 281 39 246 14 9 480 68 55 169 208 100 179 80 63 1036 206 475 204 109 454
306→988 1048 995 568 301 1338 582 31 335 137 2 322 600 124 40 9 269 138 154 148 784 233 633 470 155 252 319 560 264 152 312 141 626 786 142 139
307→1 7 223 1093 31 124 269 122 132 134 0 126 926 327 271 114 11 9 151 334 924 320 599 470 342 353 623 921 883 129 324 328 24 1048 235 119 522 265 234 155 563 789 296 870 845 51 268 71 1240 629 369
308→758 988 301 18 149 269 125 252 230 239 270 122 1244 233 557 598 787 138 331 227 132 1002 234 268 265 668 863 558 809 20 494 820 335 315 885 1 124 2 116 157 633 322 1183 915 714 137 561 1091 966 312 967 626 784 7 304 266 271 262 786 22 601 9 1324 1371 1274 140 134 316 148 972 910 563 564 17 23 235 263 980 1137 924 302 838 883 562 904 120
309→1 988 1370 995 1222 758 7 1044 1347 262 142 608 124 319 1244 910 132 310 915 714
310→1 223 282 387 132 28 295 250 175 238 669 56 973 276 112 202 208 241 95 278 943 880
311→1 302 119 570 381 223 120 569 306 121 233 192 51 387 527 281 251 92 295 175 930 282 368 71 15 339 296 31 672 42 241 256 40 276 184 269 132 142
312→558 668 137 316 331 252 124 138 560 598 155 113 310 559 980 754 898 916 31 557 40 626 134 136 505 271 315 724 562 23 116 381 21 912 321 151 470 148 141 18 11 24 143 0
313→568 725 656 41 691 202 173 360 172 629 13 31 412 233 243 15 189 474 3 280 672 166 526 372 411 183 51 165 37 254 170 169 182 387 367 36 546 207 680 241 506 273 184 50 420 295 409 196 46 596 646 678 355 34 4 276 799
314→999 119 113 150 149 598 261 40 31 122 124 2 230 233 116 1002 234 23 269 131 321 132 331
315→1 119 303 992 744 301 999 994 579 1222 1264 120 570 1228 121 736 223 727 1332 381 582 302 16 309 306 307 316 116 233 124 122 314 2 757 40 924 269 142 134 861 227 31 261 21 118 343 9 1381 562 140 113 321 151 143 347 137 155 147 912 157 333 714 317 123 414 11 896 19 26 160 334 129 350 126 755 972 23 783 220 24 219 139 1002 115 0 326 701 862 917 513 384 27 17 158 927
316→758 1048 1 221 303 994 1008 997 568 7 1366 119 1336 301 724 570 723 579 1361
317→301 758 988 1343 119 568 992 1332 302 381 157 786 31 2 155 0 139 314 343 557 560 219 40 223 181 41 254 178 420 256 15 68 57 325 48 367 92 169 175 269 880 243 4 295 816 506 100 762 183 195 404 978 51 545 641 323 179 546 124 242 394 558 127 535 766 257 122 71 166 387 80 415 450 45 281 267 292 205 189 268 39 61 47 252 66 264 364 248 24 668 717 62 204 194 137 36 632 559 315 658 1350 432 669 63 202 258 141 140 116 316 129 317 312 626 11 136 470 142 126 324 23 132 334 266 9 147 328 160 6
318→1048 988 1336 1 744 995 119 221 981 478 311 411 833 15 672 175 577 124 182 404 290 489 284 280 638 1144 276 169 535 269 675 308 1098 241 180 45 412 695 51 41 4 1353 845 977 558 132 40 359 104 189 1083 529 184 631 930 834 682 1052 91 979 835 935 3 310 669 360 282 315 295 918 686 364 1031 1095 299 1001 967 976 1384 717 318 168 134 630 93 31 24 292 274 268 14 171 176 880 1188 394 264 526 265 136 167 387 277 576 63 372 94 271 679 409 806 208 242 628 97 371 815 929 256 612 285 83 366 691 433 850 882 668 950 415 715 79 36 183 837 924 1205 258 962 273 403 432 658 48 103 547 940 75 870 244 648 697 170 953 693 239 250 323 238 716 234 316 1352 297 137 68 130 766 71 646 527 187 47 165 240
319→1048 744 7 568 302 121 570 1149 2 155 0 130 141 472 321 819 384
320→1 667 7 120 304 301 995 568 570 223 302 988 170 169 323 63 172 412 92 233 411 369 942 34 56 183 61 124 394 691 184 51 173 14
321→1048 598 230 124 130 1276 31 270 142 885 40 558 1183 122 1323 668 138 154 828 268 239 559 809
322→758 301 988 1223 263 310 322 31 233 261 124 23 319 230 155 757 137 312 1 40 786 0 2 604 333 143 133 152 140 384 142 147 129 136 269 321 753 154 157 304 220 302 271 9 317 219 116 470 11 338 326 266 24 20 22 844 924 148 587 160 118 522 1143 340 115 381 343 121 162 8 348 158 749 146 21 13 39 80 325 165 182 596 46 110 75 394 368 295 192 167 833 845 91 48 257 172 450 15 180 415 57 717 177 173 292 246 837 196 166 200 281 352 189 175 34 55 323 451 242 206 63 529 535 109 918 692 61 104 112 47 50 181 51 92 169 4 41 204 506 42 517 45 253 547 635 308 243 273 170 643 10 3 480 187 7 363 411 14 113 71 185 285 658 87 289 364 555 260 98 97 179 284 546 36 377 258 288 96 198 393 176 674 474 35 720 60 953 697 688 209 84 93 409 49 100 864 486 443 32 488 508 1022 404 629 108 715 82 68 583 383 963 274 475 514 509 495 193 846 454 85 407 492 346 362 713 533 418 43 293 703 1385 462 496 655 1083 716 611 548 766 965 199 1086 375 74 465 445 294 485 975 1125 212 620 300 487 376 813 328 460 380 858 790 489 459 77 361 1075 698 215 455 808 798 442 500 585 722 748 463 355 461 538 390 985 706 849 417 428 477 661 446 479 27 857
323→7 307 121 737 40 31 261 269 116 147 24 151 338 353 11 271 123 519 334 701 625 61 889 42 450 296 14 51 506 13 241 41 110 15 167 100 48 202 674
324→988 1 301 1008 221 1342 738 569 736 303 570 1093 1061 989 119 269 124 910 131 122 235 40 116 252 114
325→7 2 24 329 8 338 387 100 889 111 790 41 362 51 46 296 45 506 547
326→221 988 301 1 1008 1061 119 303 120 222 989 1174 1335 740 736 1178 1044 1175 999 995 997 1003 729 733 223
327→7 1338 641 183 545 51 37 254 310 269 182 57 387 267 181 169 253 450 590 814 488 880 257 9 311 470 68 196 398 178 39 206 205 187 41 137 175 629 15 250 109
328→119 7 120 582 295 696 914 179 137 529 167 276 918 31 339 184 281 124 230 360 451 61 535 634 299 166 169 10 871 387 51 943 371 252 233 189 183 323 40 290 63 1037 1208 41 679 3 48 317 631 489 36 292 271 75 4 691 23 241 39 394
329→1 301 758 1048 1037 230 41 358 4 63 675 184 269 39 48 183
330→119 7 303 1003 570 558 9 136 40 0 789 352 122 881 451 4 634 132 151 920 355 87 108 57 912 341 590 148 35 113 34 1083 44 584 118 1017 43 846
331→302 154 269 268 414 132 626 922 701 920 1300 113 910 122 1326 1172
332→301 31 316 7 557 137 230 40 138 113 124 338 269 8 114 558 23 134 324 522 317 9 155 861 129 560 142 24 160 233 132 271 123 334 384 381 151 326 147 783
333→1023 994 1338 1260 7 222 744 1223 1093 995 1222 1149 723 1263 1336 730 302 303 570 728 999 381 1128 119 725 1175 223 120 1048
334→1048 744 730 733 233 1017 26 31 132 230 252 261 122 40 152 342 118 340 18 321 625 599 783 0
335→758 570 1044 1048 221 1023 744 301 1 1338 294 61 168 15 122 372 938 276 167 227 683 71 184 233 169 323 3 716 814 31 290 299 837 415 202 1353 94 260 870 605 72 1112 1161 57 341
336→24 219 23 137 912 129 0 625 322 148 437 160 328 458 118 21 921 336 347 1074 329 348 985 1159 75 63 274 179 394 181 41 51 256 387 493 169 254 50 295 45 630 167 202 415 806 836 260 185 71 790 88 487 525 346 294 715 14 175 39 183 92 791 506 3 893 352 308 843 61 110 1083 555 165 108 584 184 1060 1001 48 419 509 368 97 74 296 100 84 205 489 376 112 59 54 106 35 69 46 72 534 504 355 515 176 431 673 614 435 538 881 911 200 10 55 79 32 43 38 451 300 361 434 30 164 442 503 383 301 222
337→301 1 568 1332 992 1338 7 995 730 1093 381 302 223 303 744 997 119 121 307 994 1249 567 309 600 233 785 252 605 40 2 235 138 321 9 316 150 335 319 122 598 127 23 315 20 141 1091 31 264 269 124 668 137 157 234 322 113 353 11 310 116 140 21 160 907 818 312 324 147 114 327 1186 24 129 320 118 132 783 6 136 861 154 921 317 17 1165 155 328 261 561 148 134 126 751 610 314 470 985 931 562 560 231 0 384 348 333 123 340 786 343 19 8 753 912
338→119 1338 309 269 31 142 40 322 786 233 230 268 136 266 113 155 122 134 2 9 271 151 302 910 321 338 11 132 143 139 160 24 18 129 384 123 6 21 153 146 159 330 17 135 348 110 104 75 276 37 254 170 696 683 676 360 80 278 1145 893 814 318 57 36 65 183 372 897 83 34 248 1037 880 51 684 526 675 364 527 106 39 172 42 1056 864 202 61 412 13 280 299 1062 352 49 415 1107 345 894 59 46 596 656 175 670 173 295 316 101 387 1063 87 843 695 238 63 192 167 292 630 247 685 48 700 41 244 1084 189 184 241 506 176 10 257 359 178 419 1030 839 669 15 105 323 95 674 165 290 198 1144 97 529 950 450 943 253 555 240 93 643 1016 677 697 282 208 1161 32 92 68 56 187 3 256 930 975 251 55 914 471 590 955 1053 296 311 871 169 50 973 1058 517 629 836 409 281 308 837 325 337 672 802 1001 493 1205 185 691 96 260 1050 177 835 91 84 66 848 250 112 678 475
339→988 1 301 119 992 1338 730 302 305 744 381 7 303 269 505 342 316 138 558 31 154 132 605 786 150 2 124 321 310 312 268 714 9 266 18 252 235 137 113 271 753 234 19 326 227 142 261 126 338 155 160 140 924 414 131 330
340→988 1048 1 304 1044 744 369 183 233 412 178 668 466 629 396 656 310 180 394 598 596 413 170 951 138 318 1332 568 277 241 443 124 71 4 189 154 311 242 169 274 57 450 834 68 141 168 352 697 60 321 198 266 87 451 253 184 643 295 631 280 13 257 166 325 3 179 535 276 281 288
341→1 758 7 221 570 730 302 202 233 527 526 412 244 372 679 282 814 672 173 1353 943 296 369 973 880 62 234 396 182 638 260 295 175 843 124 1056 364 419 280 387 323 257 360 1043
342→638 287 268 870 171 285 154 62 256 264 953 692 94 103 411 1236 28 363 628
343→4 435 183 56 175 557 189 61 40 36 137 474 31 387 889 310 281 292 9 452 295 360 629 48 182 34 230 368 196 136 399 398 191 302 157 312 140 269 19 322 412 233 134 165 46 610 7 202 254 255 10 169 376 486 443 489 492 763 488 346 496 604 487 497 416 782 713 491 194 503 476 438 501 589 710 777 300 51 100 205 32 39 243 80 41 63 14 13 215 160 24 207 204 109 201 374 68 98 209 200 362 585 11 212 454 592 349 55 475 1213 211
344→302 305 301 7 309 730 304 568 154 262 281 4 166 257 13 276 537 295 169 80 3 398 474 46 179 325 259 201 349 374 280 36 98 710 109 288 493 492 208 214 404 611 399 614
345→7 302 301 381 737 224 9 316 142 118 122 24 11 261 22 132 271 513 137 126 321 330 18 21 414 467 338 160 147 23 437 458 1219 599 328 129 159 472 135 348 469 351 987 896 519 986 269 345 28 184 51 277 281 75 15 61 41 260 60 230 170 691 169 59 100 295 167 403 250 91 299 1378 40 506 311 474 243 325 352 251 254 98 256 63 14 79 49 242 80 31 92 56 165 399 55 65 4 35 13 68 214 375 674 89 837 688 363 187 487 208
346→730 1048 1 223 744 119 31 558 40 124 114 269 155 562 316 261 0 134 132 18 24 26 219 1017 334 342 340
347→1093 1 992 1361 303 988 597 1266 758 1023 1337 1223 301 995 1061 1149 568 725 744 730 724 7 1008 999 302 1228 381 1172 1263 120 582 304 570 305 733 994 307 1249 119 221 726 1347 1044 1048 1260 222 1222 1190 1324 230 131 233 128 1183 558 267 598 40 133 1388 566 1199 1362 130 1389 252 922 322 319 1292 122 505 840 31 154 1239 924 984 132 141 605 915 342 19 315 1140 786 935 0 1390 113 116 234 784 331 1229 157 137 310 313 606 115 968 18 6 745 266 1391 335 821 321 269 312 668 2 633 937 824 152 1137 264 263 334 148 557 9 626 980 142 316 138 140 600 139 156 114 239 886 11 494 17 783 271 787 150 967 125 972 1118 147 838 24
348→167 51 241 1016 242 1242 171 526 230 34 95 529 178 323 61 345 14 184 1037 202 290 696 4 175 172 39 369 929 42 669 31 694 339 295 37 631 318 596 403 36 3 276 699 75 420 412 1053 253 1205 897 260 243 278 646 41 679 310 97 282 780 277 170 837 843 387 691 1050 233 656 835 674 251 848 685 132 40 244 183 195 672 256 274 1014 914 629 880 506 169 372 894 720 89 57 308 63 471 388 173 46 91 281 889 534 364 558 204 930 682 1001 134 292 28 1208 48 269 13 311 85 893 352 406 759 84 474 215 684 517 68 55 98 80 182 65 32 100 201 380 454 349 374 476 210 481 214 209 592 585 485 397 111
349→119 1044 364 369 175 656 251 411 170 14 39 281 292 137 63 51 182 41 55 179 206 208 202 32 100 98 526 28 243 246 36 326 312 629 827 204 11 80 24 397 65 111 867 218 211 142 703 404 585 212 143 1213 592 201 380 349 454 362 473 207 215 200 1377 342 160 199 259 405 808 338 479 1148 139 230 40 233 31 219 931 228 121 789 1381 674 57 35 241 277 184 187 352 355 914 189 214 168 124 68 950 584 169 253 114 794 815 320 49 938 1393 432 861 113 176 66 672 195 193 279 294 274 84 87 702 308 698 151 450 71 623 266 465 853 321 311 1026 451 453 12 730 1046 796 460 77 765 164 890 418 1394 442 947 328 801 340 383 297 705 449 846 440 73 965 117 862 643 82 1075 461 467 361
350→1008 381 302 221 124 234 142 233 269 31 122 252 132 137 266 633 140 18 230 668 219 40 128 342 134 910 22
351→302 7 730 121 737 997 727 570 307 667 1460 1008 303 992 567 744 994 119 1617 1420 1048
352→1048 988 995 758 301 570 7 994 597 1223 723 304 222 1093 725 1128 999 381 120 121 309 307 738 1170 582 303 119 230 982 1199 2 578 19 785 1366 992 221 1023 1338 1129 1044 1 1362 0 786 984 314 219 932 157 139 1137 789 822 1122 563 926 227 845 885 394 183 173 549 244 282 400 287 733 1228 1249 1222 1172 1387 1264 1260 1000 741 732 31 558 262 788 342 113 136 598 334 315 321 154 755 132 11 263 605 9 152 141 312 18 910 557 22 269 316 138 155 714 261 968 668 131 915 633 235 912 234 601 753 265 1348 1342 1332 1263 1337 268 310 924 137 231 921 327 24 23 883 980 385 1017 143 1079 149 158 1333 114 568 264 166 648 322 787 1061 252 1346 731 223 319 784 122 266 1371 284 1206 124 863 93 371 870 577 527 572 833 62 240 525 256 628 171 638 1435 103 396 94 197 370 359 1002 286 1095 692 799 962 546 1240 363 411
353→303 1337 1332 996 723 729 301 40 31 155 343 228 243 292 281 13 51 41 142 14 202 63 179 36 39 9 246 80 143 200 55 32 100 476 24 65 98 215 349 11 585 201 374 206 209 208 380 212 475 199 204 443 109 397 259 808 217 477 674 87 184 178 241 914 295 46 486 488 346 604 489 778 497 653 416 500 82 242 1015 4 289 60 355 57 311 463 49 765 702 340 485 698 461 84 468 798 160 484 269 519 110 79 506 520 514 507 813 34 377 66 341 1334 251 116 325 50 28 455 552 271 321 376 449 680 1452 474 182 454 405 216
354→988 1 124 233 315 152 154 31 40 885 788 122 269 314 252 113 114 598 316 155 268 862 271 261 321 353 320 324 744 119 14 364 412 184 695 173 676 1030 46 843 1015 51 894 679 451 700 814 241 1016 257 1037 47 771 41 880 318 182 930 278 387 167 929 371 1216 1055 295 669 693 506 672 720 104 646 249 403 68 893 352 675 1159 71 631 1084 3 242 478 677 835 36 411 279 372 949 632 1058 86 282 172 323 277 596 37 943 294 1052 290 169 299 42 396 276 238 176 106 1063 177 4 75 678 192 296 189 273 529 526 850 175 833 94 797 96 345 253 871 61 955 674 311 450 48 198 555 92 759 91 1062 1345 260 806 974 57 815 95 89 415 837 684 206 100 288 517 280 50 682 87 1107 979 365 861 195 686 55 802 1242 791 191 426 79 697 1196 368 881 44 509 846 204 637 860 533 107 35 151 956 308 453 583 552 361 328 487 84 939 1160 346 442 508 779 338 341 538 215 599 1083 38 457 111 698
355→1222 243 282 671 230 685 323 167 677 596 369 387 474 50 1053 914 450 122 880 172 412 260 837 48 95 71 89 104 843 276 1144 40 672 555 953 870 177 31 699 256 1037 635 257 1001 171 173 943 372 930 244 691 113 526 124 669 1397 830 400 295 488 364 814 1015 238 1060 835 169 42 676 51 894 1205 675 308 693 251 1236 92 318 294
356→1048 988 1172 7 301 1338 992 221 568 597 119 995 1336 1334 994 302 306 1222
357→1044 1 119 301 1008 1338 221 568 223 730 262 786 819 1469 988 957 995 319 1421 182 65 23 359
358→1 1048 992 233 598 840 234 154 9 558 124 327 626 230 138 984 270 322 494 784 116 668 261 21 786 522 134 1276 312 151 20 7 1187 320 563 385 353 414 381 591 348 1313 160 159 338 350 285 371 94 256 400 658 546 171 103 240 411 62 572 58
359→119 303 1342 359 61 254 51 52 802 31 295 41 206 393 880 315 533 171 766 260 80 138 233 242 57 91 204 56 39 325 55 10 296 79 316 261 299 63 572 134 92
360→1332 723 1048 988 7 381 1338 301 221 303 744 9 31 137 23 40 160 24 219 338 11 347 563 605 320 314 598 335 786 321 266 124 148 113 129 151 351 350 1074 242 181 183
361→233 269 261 0 123 472 147 271 24 11 1460 40 235 219 381 150 570
362→1093 221 301 119 1338 995 302 303 120 727 223 291 387 242 396 930 268 372 62 4 169 260 323 676 254 276 394 669 61 843 450 269 256 860 175 132 40 51 629 845 1084 122 940 295 87 717 95 92 352 677 52 506 1205 478 170 409 49 116 182 274 167 41 299 250 142 31 75 296 240 234 150 187 802 943 56 837 184 1030 138 1001 134 91 79 1340 9 93 36 889 310 656 979 411 89 316 1058 50 315 864 355 947 48 975 415 174 688 420 814 1147 349 278 34 71 14 59 104 112 1398 55 321 69 848 24 974 382 673 96 189 81 881 26 533 72 406 30 538 101 99 368 418 100 1017 57 1022 474 18 353 38 108
363→1023 1048 1093 1044 1 744 988 301 1222 999 303 568 992 119 1332 723 223 1223 570 731 309 730 915 310 984 268 312 234 124 608 605 122 40 558 230 155 137 316 157 31
364→1 323 34 122 791 251 124 62 631 252 679 598 658 61 1236 250 672 41 256 239 308 238 3 5 850 175 450 396 369 282 360 669 93 173 836 646 668 1159 414 691 837 943 949 870
365→302 1336 579 1061 31 121 307 306 381 233 301 40 120 1048 1332 1257 786 13 281 1417 476 189 115 23 845 169 202 80 36 165 137 32 179 63 292 14 39 243 41 109 51 9 68 473 142 204 215 126 100 380 55 214 349 11 24 200 585 470 471 709 475 209 199 479 213 158 143 162 397 111 147 808 493 295 124 3 371 10 7 46 489 492 486 346 443 487 495 457 416 604 710 300 329 185 110 269 112 506 59 181 1022 509 50 517 790 79 21 813 514 293 107 166 897 317 338 614 288 399 116 334 8 231 522 417 782 539 540 276 696 93 372 113 4 352 451 590 240 108 914 256 658 57 355 583 377 860 221 66 298 341 90 44 43 870 178 576 637 558 668 683 92 15 284 951 411 337 275 364 525 835 394 170 419 48 97 367 555 254 366 168 247 409 420 176 415 91 290 363 418 967 1004 368 72 356 5 766 916 101 196 976 863 428 160 1414 1432 154 242 141 184 253 266 277 308 850 47 321 834 71 383
366→988 7 301 744 730 221 1223 995 1178 1332 582 306 173 183 323 403 260 415 165 537 831 48 281 197 325 880 631 202 372 973 95 166 40 1060 700 137 1236 242 42 193 122 669 243 124 167 311 1225 233 319 0 31 230 157 155 819 115 1389 139 314 668 269 885 130 886 310 18 317 271 141 266 114 152 24 160 321 142 916 113 131 125 470
367→1 995 233 122 668 319 1017 132 141 130 234 269 266 137 268 125 271 261 1002 263 557 265 633 924 330 861 113 321 817 56 183 1399 97 202 180 396 717 93 254 1400 394 634 91 61 848 140 555 505 525 791 72 337 590 799 839 881 766 87 650 48 538 1083 1155 298 1023
368→302 7 121 737 202 55 295 442 184 61 75 677 39 65 251 41 250 474 13 260 281 28 388 691 193 110 403 629 51 34 32 179 40 412 233 57 182 42 243 257 56 277 769 165 71 254 4 345 325 95 364 506 81 720 646 538 592 196 897 215 35 791 889 170 860 14 169 843 299 495 674 296 526 43 411 669 1001 63 89 689 3 510 881 802 311 96 369 480 766 278 91 652 112 66 529 82 524 242 241 673 85 10 274 84 399 246 206 104 79 282 517 355 80 98 380 72 276 493 46 323 339 1401 208 873 688 374 100 214 195 368 429 142 11 312 9 338 204 116 140 861 321 24 353 22 160 147 271 623
369→557 9 321 316 326 269 252 558 124 261 315 559 26 136 123 917 24 472 522 338 11 142 1332 132 137 182 318 92 175 48 15 401 257 170 61 230 941 525 249 34 412 38 415 339 166 168 187 766 656 646 697 56 290 91 791 363 1159 873 254 180 43 273 406 375 177 408 690 1155 538 407 658 614 637 364 36 41 31 380 388 243 474 345 100 13 40 39 206 246 65 80 55 200 526 14 471 201 208 98 585 174 209 111 349 709 215 207 276 295 46 493
370→1 7 302 1008 732 138 124 312 269 234 310 886 261 598 122 271 315 558 114 9 633 1327 134 8 11 1017 321 317 268 113 262 131 342 140 266 472 467 137 116 132 125 340 123 384 24 147 149 18 562 148 338 161 334 351 26 328 129 330 17 31 40 155 219 202 396 97 49 68 34 51 394 274 555 46 248 629 10 277 36 367 295 169 50 170 183 208 43 41 167 256 240 55 408 254 93 474 191 296 366 101 61 241 292 940 368 166 71 57 92 943 179 419 260 47 91 337 13 364 243 66 435 585 415 1047 192 495 697 94 527 63 165 290 294 547 534 634 1159 198 195 475 450 182 325 175 352 110 56 411 493 975 848 517 715 973 590 168 791 839 282 85 151 355 108 52 525 79 178 272 410 39 54 308 100 1156 1014 843 451 766 247 98 176 87 96 204 339 30 1083 504 393 399 250 37 420 48 542 297 88 478 1132 382 686 372 1401 298 947 538 630 690 488 510 72 29 906 486 422 35 82 981 377 509 656 487 90 779 416 32 1004 210 184 533 489 1089 896 406 805 316 235 84 1256 599 4 471 14 730 925 160 74 862 228 385 506 185 281 59 112 150 1161 398 453 794 1092 867 449 492 383 1125 75 206 346 1253 698 12 209 99 392 374 457 515 514 552 1005 215 365 465 479 644 431 664 1409 428 1230 33 259 407 44 476 1046 199 939 111
371→1 758 1048 1044 1023 119 1263 1342 1348 734 730 1008 738 1332 1387 1364 381 1255 305 579 728 120 1338 1093 570 582 223
372→1223 570 1093 302 1 269 31 40 230 316 138 124 310 154 234 157 262 1460 988 1467 995 1457 122 319 1500 1513 92 276 61 41 534 175 42 284 185 177 629 184 57 372 56 39 180 189 46 48 363 323 169 1016 396 4 576 260 97 15 277 369 183 91 450 830 409 178 628 278 295 62 672 656 969 981 171 108 953
373→1 301 119 1093 1223 302 303 570 121 381 307 31 40 19 155 157 1402 219 244 339 323 880 42 183 202 951 63 276 311 325 292 269 182 14 165 175 167 535 1015 242 137 692 260 39 154 166 248 170 335 717 72 257 173 546 291 679 243 41 1045 246 372 61 836 178 169 172 109 281 648 506 254 97 295 450 80 558
374→1 1048 744 302 739 119 1338 1223 304 997 567 1093 1061 303 723 568 120 223 1343 1264 1249 565 999 1149 222 992 301 221 1222 7 995 1332 583 526 165 525 182 202 308 63 51 4 124 474 92 138 241 471 9 369 547 257 668 312 412 372 839 451 15 91 179 154 629 205 256 409 415 46 191 295 184 71 48 41 166 97 10 337 365 339 208 31 260 420 206 292 47 87 169 131 791 558 61 175 68 23 632
375→988 301 252 124 269 558 230 234 984 31 271 40 233 137 140 142 51 281 691 276 241 182 930 184 880 387 323 39 694 290 57 396 409 246 36 238 65 1053 98 547 277 254 242 181 318 325 28 833
376→7 995 1222 381 1332 1249 307 306 40 335 154 137 261 155 314 31 301 116 24 324 269 11 328 132 134 152 271 757 9 610 139 560 321 8 384 225 160 353 147 144 219 901 484 329 1020 1215 625 985 748 166 535 51 432 506 214 4 486 169 292 165 13 260 136 196 63 14 295 296 48
377→1 221 1048 758 3 246 686 276 95 122 387 15 814 192 169 897 339 61 638 295 352 254 401 318 510 880 628 1403 766 168 267 1240 596 187 233 669 555 799 256 172 394 1010 675 251 635 282 1242 700 241 572 190 239 1015 388 411 173 93 42 323 525 280 672 658 166 132 835 871 62 243 364 257 124 290 372 631 298 845 230 1252 678 31 493 92 52 170 181 368 598 1154 369 185 412 234 242 178 167 57 171 297 815 690 648 656 112 558 308 268 41 227 419 943 818 415 546 51 182 1218 278 202 1333 235 630 28 806 1001 409 180 47 299 270 870 967 824 294 791 269 277 58 138 50 189 1063 864 358 526 177 66 370 56 72 49 84 823 837 140 674 451 881 279 238 14 261 1083 605 697 46 37 286 802 149 420 377 508 506 240 101 55 79 63 114 176 91 355 65 110 699 198 337 253 250 677 311 1019 889 265 1030 345 1095 947 184 287 36 527 363 435 296 359 1084 266 34 471 1161 59 106 88 321 1203 873 929 40 113 1353
378→301 988 992 222 1338 119 304 1223 995 1128 7 568 730 302 725 1228 223 570 309 120 381 124 253 169 183 103 191 352 557 4 233 182 269 63 364 189 264 918 175 36 372 138 257 394 239 717 335 242 310 94 166 202 629 252 91 45 137 154 290 39 204 100 249 40 535 399 13 10 178 308 288 281 47 41 450 51 14 292 184 365 325 295 412 411 61 243 631 274 24 709 179 71
379→988 302 1332 122 267 312 233 157 820 265 557 40 598 124 239 268 269 668 262 317 322 316 633 2 626 334 338 20 18 131 143 139 123 24 9 160 137 140 142 563 126 320 129 219 146 883 220 346 101 243 634 323 696 31 305 755 350 470 1 1187 252 787 564 113 116 561 384 473 28 80 182 244 169 629 14 845 36 281 388 39 206 412 246 51 202 165 13 55 41 404 273 63 65 526 480 205 179 471 292 215 1148 32 98 174 426 204 201 454 68 109 208 374 478 476 100 200 349 475 199 485 111 479 552 620 585 735 209 1076 212 808 217 194 665 483 259 427 622 47 450
380→119 1223 223 744 301 988 1387 7 1061 992 582 221 1 302 169 92 918 41 184 771 13 280 240 175 244 537 167 435 243 529 629 61 325 281 183 656 233 694 189 835 238 104 1016 4 720 290 474 1242 672 411 172 388 46 166 635 413 241 358 323 359 254 48 295 387 631 311 403 28 192 836 185 412 59 299 401 198 97 284 3 696 257 674 57 946 14 205 182 187 1205 669 15 691 318 364 979 170 953 40 686 693 51 288 450 678 1345 71 360 363 352 679 282 34 548 260 675 1236 42 683 356 1346 230 605 265 557 312 322 124 137 132 252 316 0 668 142 320 31 134 783 18 113 266 321 150 271 123 24 315 786 160 414 23 262 11 155 20 348 626 116 603 17 747 162 384 338 336 6 904 522 347 308 527 394 451 292 369 55 700 177 101 251 242 63 1353 1084 709 850 165 941 68 716 248 208 1048 246 65 178
381→1 7 381 222 170 173 165 864 674 265 930 529 943 276 124 311 243 252 717 364 299 51 845 239 677 3 55 668 41 204 154 257 93 169 56 234 274 71 672 628 10 182 557 949 40 183 132 61 176 254 535 91 167 92 298 277 368 837 171 289 1030 843 59 363 577 249 693 281 686 572 287 255 973 325 886 286 196 352 631 112 192 337 47 253 266 815 646 48 292 86 415 850 34 63 258 282 60 947 278 433 96 642 527 409 658 79 630 72 288 184 296 410 195 138 940 784 268 786 1194 809 75 372 236 979 295 323 260 244 314 135 472 547 371 799 359 1209 650 1405 1234 488 46 493 349 474 209 17 338 614 538 483 426 541 355 49 66 108 87 35 341 523 44 584 43 361 517 185 110 813 514 791 504 719 89 30 453 512 797 518 495 492 489 376 300 476 346 487 779 273 13 36 407 166 84 206 240 149 451 31 4 1255 612 9 342 1112 174 450 563 698 283 221 715
382→988 995 301 1332 303 124 313 267 885 269 137 154 142 470 126 316 324 6 353 264 9 160 340 24 262 326 220 114 113 714 328 334 21 11 143 351 338 384 8 147 385 626 354 862 162 135 484 437 348 181 185 190 59
383→1 301 1338 723 7 302 744 381 223 224 40 122 31 154 124 269 227 130 131 268 261 113 315 149 414 340 118 134 139 116 883 326 910 151 136 757 966 262 24 912 562 786 316 132 353 17 906 321 11 844 472 901 467 263 9 599 8 701 271 129 150 22 140 143 338 26 1009 229 220 921 588 330 317 755 27 148 1254 917 350 1074 791 590 183 54 62 167 277 478 3 101 387 401 182 583 318 93 420 79 292 408 323 47 255 44 296 911 36 41 843 84 295 43 38 382 978 289 913 4
384→7 119 988 568 301 994 744 303 302 1337 307 742 40 269 312 132 335 154 136 668 2 560 252 116 138 322 9 137 320 321 610 310 124 314 861 134 129 142 315 268 334 24 233 326 316 152 113 21 505 324 31 470 571 783 114 139 23 317 353 607 220 1164 135 11 328 862 925 347 602 519 1064 342 935 160 987 162 229 905 8 146 147 1077 157 155 338 219 153 161 232 228 587 182 36 63 292 51 14 412 629 202 165 39 41 13 169 404 207 98 205 526 179 204 65 585 206 454 473 55 209 1377 246 80 68 200 100 32 480 208 174 199 215 405 214 218 201 592 477 475 374 594 552 210 573 362 213 1148 211 808 111 194 212 397 895 97 141 189 241 242 184 49 71 674 87 277 1047 187 66 1086 294 176 433 4 47 443 359 450 195 1012 57 193 361 794 117 442 801 186 84 460 1210 945 351 584 383 457 890 77 29 449 333 463 164 73 159 468 453 600 698 963 846 446 644 379 461 384 706 459 1088 456 707 348 853 464 795 436 354 822 932 472 934 968 1020 986 985 458 469 350 1070 1215 1406 92 166 15 61 175 180 254 48 34 411 257 50 506 110 112 185 507 79 46 295 3 10 488 492 346 497 782 886 183 632 170 249 290 368 583 177 43 1408 191 659 255 375 399 410 1161 1099 1211 848 1162 52 408 406 18 664 666 1125
385→988 1048 301 1044 1332 994 568 119 597 995 1249 1336 1267 302 120 997 1173 230 31 128 233 155 124 915 714 132 154 558 319 316 784 885 23 267 786 335 1323 312 668 271 2 252 264 139 20 980 269 138 561 127 40 148 9 266 157 1388 886 137 141 116 324 134 557 470 314 626 24 307 1243 162 17 123 753 160 140 921 607 353 219 21 968 328 11 357 126 129 333 588 115 920 16 169 412 295 46 166 387 394 15 181 629 94 243 41 165 172 679 48 285 205 694 282 171 845 281 4 880 189 596 92 369 415 836 638 376 202 672 244 65 51 323 360 535 63 97 292 168 241 278 175 529 1016 110 675 14 897 627 249 943 818 678 242 555 248 452 873 631 611 42 34 799 751 635 57 432 526 433 198 806 182 887 87 173 36 411 109 318 184 486 835 425 277 100 101 547 61 257 585 693 677 197 60 816 178 364 55 276 47 352 256 250 871 183 3 32 206 284 366 399 195 192 91 253 478 274 170 525 1015 62 894 311 68 359 291 185 474 368 214 951 93 400 177 420 79 473 204 365 187 1407 39 258 356 251 180 404 179 29 401 658 1036 1084 208 495 325 103 674 77 308 246 287 215
386→267 134 124 40 269 557 141 558 31 327 137 132 154 23 335 155 138 314 6 271 353 11 8 1017 151 333 844 135 160 607 117 1020 183 535 169 15 181 167 173 97 177 396 629 368 274 432 57 165 202 612 68 47 292 41 242 488 56 61 45 14 42 36 247 136 291 185 34 193 55 585 71 419 769 308 10 209 46 176 254 415 190 258 480 246 199 408 179 91 802 433 515 457 108 416 80 384 294 110 191 261 321 452 164 35 362
387→1337 723 1334 996 729 301 233 558 155 122 343 1381 116 142 315 132 0 261 310 2 598 219 316 268 1017 151 24 338 11 467 599 147 160 26 25 1074 340 987 328 602
388→114 315 271 40 151 140 269 513 326 24 9 261 338 342 437 340 330 328 25 472 225 467 1026 51 282 202 100 14 248 290 352 206 35 184 56 49 91 92 208 44 474 66 72 247 187 254 48 848 87 860 538 110 459 1001 86 716 33 688 210 450 34 422 479 408 216 792 698 765 846 465 462 515 801 805 644 389 710 468 1043 31 228 460 79 68 519 896 207 321 599 129 123 135 1009 1215 927 139 121 219 1336 786 957 584 343 579 1452 188 324 783 113 221 448 381 348 1169 169 555 314 0 175 111 55 192 11 504
389→999 1048 1338 995 301 119 568 302 727 381 732 303 744 120 132 261 319 31 269 9 312 786 137 124 271 152 138 2 560 320 40
390→7 233 1 154 141 138 557 269 124 252 558 31 786 127 560 310 1194 668 788 136 148 322 18 315 302 314 600
391→758 1 234 271 668 31 268 633 142 786 321 885 261 385 598 233 122 132 171
392→1048 1044 988 1 1259 1023 301 758 1008 1128 1343 303 723 381 730 994 234 233 31 122 984 268 252 784 598 265 840 266 269 230 11 124 668 601 261 132 786 915 155 633 1332 114 18 262 142 505 316 321 886 40 918 318 36 171 175 628 323 412 292 363 48 254 396 251 63 631 870 506 241 394 39 250 172 71 646 93 629 372 192 547 178 92
393→992 7 1222 1337 1338 305 302 1128 120 1336 223 582 31 558 269 40 326 136 11 138 334 312 124 557 786 160 20 148 220 600 19 9 340 134 560 154 328 333 414 116 118 127 342 315 320 132 353 322 24 126 155 158 271 314 1017 626 263 905 162 142
394→302 222 1346 724 570 120 121 742 743 132 127 23 312 142 136 557 886 40 9 252 124 233 134 11 269 334 558 138 316 315 24 150 154 786 321 235 155 113 137 326 265 116 261 140 340 342 148 147 317 668 470 562 118 151 125 18 353 912 626 143 1017 271 458 338 8 505 327 231 559 228 484 1198 571 906 522 328 472 115 917 384 161 219 921 980 17 220 129 324 968 754 117 336 602 31 48 55 394 34 208 35 57 292 323 61 169 183 612 295 179 1052 352 36 14 165 166 249 629 87 656 91 308 646 51 411 184 450 247 3 360 66 182 254 10 632 243 535 257 68 84 80 280 387 32 406 663 46 175 79 400 419 848 191 488 362 337 286 98 187 100 200 195 631 367 248 281 41 242 263 232 753 606 625 755 329 591 160 347 146 587 884 20 1206 13 206 325 493 486 474 538 349 492 408 201 209 111 443 404 374 533 542 288 614 392 856 259 174 858 615 540 25 543 213 483 397 63 39 204 215 345 480
395→1048 1 119 597 1346 568 302 1093 1249 744 730 1172 999 1257 7 1338 303 221 992 1044 1023 995 412 257 352 95 124 233 672 628 979 256 182 881 1339 276 685 669 251 1018 169 1352 558 700 31 387 71 122 242 173 295 525 686 94 260 930 1013 282 240 58 973 1144 46 183 15 323 138 547 634 393 643 299 880 175 235 693 572 91 97 202 366 272 372 769 3 703 254 277 420 184 63 845 887 34 292 940 61 75 676 250 377 493 247 36 398 1161 683 191 41 165 432 154 112 100 814 385 837 1127 1002 68 47 335 56 116 141 45 368 534 474 321 51
396→24 470 142 40 155 157 290 9 233 0 11 302 169 744 119 31 316 235 338 219 931 46 292 311
397→7 301 302 723 730 1332 1008 1228 999 994 381 1334 121 40 335 155 154 142 125 470 268 269 271 124 132 562 137 316 1026 157 262 786 334 861 9
398→302 1336 24 269 11 132 261 124 342 137 160 321 116 123 143 23 271 113 588 140 353 467 18 340 330 153 144 324 231 899 320 469 896 146 9 114 316 338 1074 934 936 92 4 183 254 242 48 41 352 450 260 202 34 249 241 208 248 166 277 39 46 165 13 184 80 419 98 91 206 97 175 31 1159 415 87 79 55 325 167 32 36 656 295 674 56 192 40 72 68 296 50 179 299 246 14 387 110 715 281 471 848 521 57 409 506 61 411 769 474 688 44 420 552 406 487 408 83 398 534 169 496 794 375 100 200 210 629 673 293 51 766 689 349 796 1213 209 215 515 33 174 186 585 489 465 10 66 392 399 488 493 485
399→121 1255 737 80 483 374 259 98 1332 349 31 212 343 79 184 61 40 318 369 299 791 183 42 691 87 250 292 526 323 51 55 230 50 202 13 243 260 486 629 175 281 337 15 41 757 167 529 81 172 242 295 311 92 75 254 296 204 112 91 49 269 95 208 48 699 43 195 185 129 46 261 364 57 59 290 110 403 506 100 14 297 32 85 688 251 9 271 170 446 34 248 84 89 352 504 406 674 140 24 308 116 96 474 21 462 495 143 488 585 794 160 152 1115 293 836 735 351 210 514 44
400→729 1008 996 302 673 324 195 9 61 918 281 182 843 269 15 295 394 169 175 63 254 352 526 260 137 37 691 277 387 167 296 41 34 474 230 100 75 337 184 242 187 51 507 39 506 91 31 251 693 173 42 46 71 36 836 529 132 414 48 292 110 202 979 325 165 79 407 450 112 14 893 791 24 116 185 40 50 140 3 308 493 84 59 1055 280 89 253 345 510 311 593 80 364 32 1017 109 321 189 889 1001 55 860 57 1340 517 363 1158
401→302 570 222 120 305 809 319 233 155 219 229 228 310 13 415 724 725 31 119 2 937 1417 1263 1048 1223 1003 1339 1172 732 1128 628 648 546 44 1332 335 277 170 39 166 995 1257 372
402→1 724 221 744 742 723 570 121 120 223 381 737 224 307 132 414 558 138 316 137 322 312 1026 261 231 9 24 136 113 623 235 315 560 321 114 347 140 116 842 326 330 2 118 151 599 920 338 896 340 123 472 11 921 904 162 746 160 328 932 144 26 928 161 135 985 354 927 233 1253 147 1346 470 157 1381 228 302 822 7 77 448 449 1070 382 115 314 506
403→730 120 1174 224 311 242 198 97 897 176 672 241 189 868 4 369 526 815 14 686 187 643
404→1 301 381 570 31 41 242 558 181 190 596 254 668 51 243 92 486 274
405→302 730 744 1008 307 187 0 155 132 26 702 49 338 228 585 208 294 453 135 201 515 623 472 41
406→1 302 295 124 169 46 486 10 489 3 710 779 493 487 275 598 61 257 250 233 244 1043 251 290 364 558 92 318 43 166 254 360 691 420 93 412 180 345 91 873 369 178 411 419 277 265 241 674 184 71 57 4 274 308 358 292 36 63 51 40 31 41 243 206 478 388 204 475 98 207 55 208 100 68 585 201 594 374 397 479 216 271 30 719 75 1158 81 85 296 352 527 881 355 66 87 451 276 406 325 631 280 1061 1029 372 897 18 198 629 361 279 311 176 450 643 815 630 490 596 155 39 681 798 692 393 555 101 941 663 699 672 1015 938 60 289 195 763 653 453 460 515 512 15 299 595 339 387 468 175 32 526 34 837 1387 269 474 689 252
407→221 124 321 633 116 40 31 152 137 264 386 351 24 9 142 317 861 271 220 320 160 6 143 599 625 129 469 519 153 162 333 862 21 14 4 181 36 403 308 243 277 254 75 51 699 193 90 41 184 189 506 480 274 155 47 674 68 59 415 166 815 178 176 190 196 474 185 292 289 48 71 242 247 168 34 110 57 60 253 182 364 97 325 715 39 450 409 260 636 92 177 426 672 585 278 46 716 950 10 780 100 258 209 709 77 215 376 294 296 207 108 688 443 521 200 109 614 486 187 475 404 503 463 338 702 212 504 383
408→301 223 120 302 121 999 381 7 306 124 137 155 31 233 40 142 157 269 154 786 150 116 9 140 320 560 113 558 136 11 134 1194 23 19 219 310 513 139 271 114 143 353 147 24 321 912 132 414 338 340 148 472 626 229 123 344 342 467 115 160 153 231 8 146 347 328 162 932 623 606 161 519 604 232 625 15 281 41 175 292 61 394 87 39 277 318 183 55 36 51 110 254 295 68 47 179 204 189 4 450 165 352 596 415 202 535 14 420 243 48 166 196 290 80 10 242 178 97 169 248 184 92 13 261 77 393 411 32 419 63 187 79 486 396 375 380 253 533 294 474 813 100 109 311 46 406 91 337 65 506 538 201 209 56 195 57 349 488 34 212 408 208 504 98 215 765 44 84 52 555 374 717 487 837 895 698 515 446 383 177 492 71 164 479 449 86 216 170
409→1 221 138 315 1285 31 633 130 266 1376 414 580 1278 598 1079 995 230 824 141
410→999 1222 1 119 1061 1338 1346 1387 1364 1093 7 302 303 568 730 1342 724 222 1223 995 301 579 381 744 727 731 120 121 732 570 994 309 1173 307 316 335 269 598 558 0 154 312 320 147 2 786 116 268 122 234 138 157 899
411→988 1093 1044 1048 1 119 992 1342 995 1338 302 723 1003 120 381 223 121 305 306 743 103 526 4 94 373 930 51 691 241 172 679 110 166
412→995 1346 304 301 302 1249 744 5 356 433 47 420 1098 484 200 243 215 209 292 132 169 333 205 535 137 1414 348 379 471 183 641 196 56 813 425 294 248 538 154 102 61 274 411 72 1342 44 359 0 187 393 87 558 1206 138 124 310 40 319 235 149 271 136 266 31 142 414 125 269 126 113 150 600 24 148 22 326 560 9 757 787 328 152 353 340 714 324 129 314 338 968 342 623 334 123 904 599 844 118 26 384 467 458 912 354 357 159 985 91 415 4 189 34 284 15 1105 850 590 175 250 41 202 450 419 92 97 368 184 372 352 246 256 51 170 525 281 308 629 71 242 198 290 60 38 527 967 181 799 674 254 253 646 285 110 364 297 630 83 291 339 921 806 320 46 474 86 114 769 55 346 10 108 555 1012 316 79 88 407 262 848 337 583 99 289 613 486 975 487 1001 443 766 836
413→1093 758 1 267 668 261 268 301 31 93 254 122 253 62 181 269 325 132 173 41 473 527 292 291 256 641 277 61 167 110 40 55 142 36 68 585 471 185 79 190 506 757 680 521 451 352 634 4 372 34 113 88 151 57 148 66
414→301 1048 304 1 758 1172 597 1044 1348 303 221 1338 1222 222 570 119 1346 744 381 302 1334 233 1229 915 155 2 788 560 322 786 1129 40 784 157 314 219 1097 809 139 932 902 898 1336 1420 1337 998 16 229 1045 75 364 387 32 605 65 478 46 480 672 28 598 363 41 188 175 450 404 352 1339 173 51 631 396 104 189 124 394 716 149 3 4 682 880 679 525 137 837 166 335 292 253 165 296 287 63 242 313 316 1080 678 71 282 668 323 277 372 700 152 62 251 831 311 717 184 529 45 271 257 177 92 815 291 526 270 545 943 537 141 310 557 254 169 167 1037 411 693 771 178 36 761 643 172 318 116 55 278 9 61 699 171 276 285 871 264 295 265 58 239 214 686 308 1050 240 720 132 787 138 195 198 850 1252 60 274 57 419 658 824 39 806 80 23 110 87 1058 418 799 471 415 290 35 562 140 154 266 10 91 429 200 109 126 409 1434 68 185 533 714 279 488 489 134 208 85 263 473 321 100 312 136 422 477 206 211 317 248 408 503 325 349 164 328 215 414 6 674 1435 383 129 338 212 416 298 680 22 218 495 1042 11 297 392 147 490 346 90 24 435 650 950 199 1205 84 836 648 461 470 66 1011 326 431 863 808 705 216 348 111 801 345 50 360 14 509 160 194 783 462 324 538
415→302 1222 31 558 1187 142 137 233 265 157 314 917 134 386 786 22 234 140 124 315 235 230 966 24 139 268 116 40 8 668 910 1219 326 123 312 1130 143 11 136 522 381 598 138 160 414 18 862 23 342 129 1065 783 310 150 338 334 2 126 162 562 1026 458 896 987 754 321 147 384 307 332 219 322 155 1186 132 7 623 301 252 264 122 927 626 607 63 208 48 13 32 295 51 893 166 60 158 145 161 232 571 163 229 347 121 220 146 903 127 223 570 16 305 737 565 120 723 730
416→1223 988 733 1172 119 1386 222 1336 1093 565 744 1174 1338 723 998 741 7 992 758 989 999 242
417→157 40 558 124 2 252 134 136 310 155 470 140 114 312 24 169 173 182 206 15 166 1222 999 18 9 116 132 322 668 31 269 51 142 233 281 691 321 1346 119 381 223 570 998 11 338 333 219 147
418→1 995 1332 381 307 124 319 335 2 154 269 137 157 312 234 558 563 40 155 127 142 470 132 31 264 559 605 327 668 9 317 1187 19 578 138 385 23 271 148 314 11 239 113 519 263 626 18 353 115 143 342 326 147 129 220 140 472 829 123 625 844 357 117 338 742 333 219 162 24 1017 160 599 334 458 161 522 755 789 175 241 41 257 292 535 189 169 295 103 62 394 308 191 1414 180 409 173 182 451 529 325 172 450 183 880 388 272 627 185 243 42 249 1108 60 291 415 205 45 525 65 352 396 285 4 289 97 198 179 242 165 68 244 281 206 311 323 247 13 632 411 250 197 166 296 577 546 413 365 369 177 1354 253 364 360 367 56 697 51 548 260 171 202 195 387 48 555 256 109 168 240 287 14 61 398 836 104 363 170 400 371 248 246 34 474 39 184 630 194 643 32 611 254 613 656 823 87 850 658 419 454 1157 79 91 210 63 255 196 274 47 211 215 12 178 404 71 393 57 486 433 715 80 429 84 374 420 187 492 418 152 186 361 443 290 214 485 947 66 716 43 98 209 1043 46 22 375 477 877 93 355 496 288 891 36 35 346
419→1 1023 222 224 121 1008 570 307 527 240 183 62 3 412 233 251 268 388 260 242 31 170 4 281 230 930 396 387 295 845 558 642 323 171 122 814 202 138 394 234 61 534 90 466 175 506 93 833 377 15 769 124 34 41 243 372 629 864 286 360
420→1 1093 301 1346 1266 1364 1008 1337 570 7 302 738 579 736 1255 121 734 737 1082 119 992 728 222 387 526 41 1035 37 122 124 233 269 1275 31 310 234
421→1 1048 1093 730 122 227 605 668 31 558 598 301 124 787 138 40 910 234 230 235 183 420 94 526 843 943 308 286 638 95 277 525 253 527 175 717 62 396 92 411 242 474 97 686 56 833 42 363 244 1161 295 836 202 288 372 103 113 167 233 1253 171 981 870 287 716 692 86 240 949 658 370 268 881 187 192 172 576 132 151 34 57 352 355 49 860 407 87 43 44 377 38 35 523 66 1182 341 445 265 178 184 241 506 59 79 50 112 673 504
422→988 1061 1 994 120 1342 723 119 303 570 744 568 1332 301 1223 565 381 121 302 374 476 323 412 42 28 280 269 175 830 399 691 79 61 339 396 394 169 238 835 250 34 48 257 679 124 244 308 3 51 387 415 183 311 206 109 68 178 880 46 299 683 493 694 65 165 202 137 36 450 369 172 292 182 184 918 97 251 191 281 13 864 39 629 360 1145 63 179 254 295 403 166 318 11 260 9 364 10 471 49 533 406 82 170 375 325 334 526 1053 18 791 429 59 955 490 363 842 1009 393 32 534 24 315 215 558 116 243 132 633 368 262 274 873 38 41 15 760 377 273 98 337 943 134 200 100 1148 316 258 187 766 56 271 208 646 142 420 186 684 85 407 413 241 101 246 486 55 44 297 212 975 397 349 489 422 881 140 338 80 735 1131 210 585 763 43 147 702 602 475 834 778 496 860 507 1095 209 808 1132 665 408 747 504
423→1299 306 486 813 40 254 185 535 269 7 274 41 63 39 411 202 242 302 271 310 292 260 166 61 295 47 253 248 36 167 75 450 71 169 9 112 68 352 134 100 116 34 629 184 57 97 60 137 474 24 377 404 491 317 538 14 418 487 674 43 85 204 209 473 211 346 507 32 480 11 585 126 338 152 258 488 214 243 802 470 84 454 66 899 361 55 660 109 77 477 44 4 48 51 380 201 215 397 111 210 160 218 147 552 216 203 1076 479 200 383 353 82 328 706 389 357 379 446 449 460
424→7 742 326 142 312 137 24 220 160 11 607 147 158 162 338 9 470 571 987 161 143 23 169 36 202 51 39 14 165 31 63 204 200 215 32 585 179 13 362 55 98 100 208 211 209 476
425→988 992 301 568 381 7 303 1336 223 305 309 40 138 269 124 127 31 233 157 116 312 147 11 132 714 137 9 326 23 328 321 324 560 24 271 19 154 155 1097 144 470 316 334 160 219 231 158 338 161 522 519 146
426→7 1048 995 667 731 998 996 1173 306 567 641 173 814 41 13 656 242 167 638 4 92 295 412 364 277 233
427→7 221 724 1003 309 302 381 727 224 1366 742 138 0 26 132 920 134 269 926 113 115 114 599 231 151 928 18 972 123 1017 789 985 353 606 921 602 1300 316
428→7 1048 1061 992 303 1 301 995 1044 723 568 302 381 570 731 223 339 318 46 269 267 369 4 55 714 295 181 61 368 189 14 31 80 276 137 411 281 526 243 363 242 113 451 1086 672 97 124 71 184 274 450 168 57 241 68 352 187 198 87 308
429→7 233 31 137 132 134 155 124 40 114 113 138 261 513 152 266 269 116 353 24 148 271 321 757 330 147 18 351 818 21 143 610 338 912 470 6 146 905 343
430→223 992 1061 7 302 305 1003 121 16 301 40 558 31 312 316 470 140 9 124 269 116 321 136 137
431→301 302 730 31 470 40 269 266 234 233 310 261 252 315 137 154 124 18 9 560 160
432→999 119 7 570 120 233 134 140 786 155 40 116 24 132 23 321 157 148 269 261 143 317 113 137 560 0 234 154 252 124 322 757 626 384 326 144 338 926 263 147 138 115 714 342
433→124 266 320 265 230 845 240 171 692 287 525 62 648 1095 658 187 363 1431 155 722 716 302 579 1165 787 633 159 557 342 912 234 360 157 142 949 183 546 995 301 308 1102 1346 1460 132 387 1 278 0 269 140 114 271
434→7 1 119 1044 1364 730 568 1347 1223 1336 1000 305 120 570 723 726 582 731 994 1170 1173 1177 1176 729 1387 1417 996 1334 567 1314 1281 935 1292 1304 1199 1421 233 369 280 173 282 1422 1196 880 166 894 171 285 251 345 189 265 669 682 843 170 178 387 352 192 31 1119 339 529 672 526 172 122 276 897 638 242 15 627 670 833 394 325 243 323 1037 388 649 360 612 631 693 50 41 240 400 197 154 403 700 92 167 295 683 1418 411 401 596 364 839 318 183 254 1205 244 558 628 691 234 124 1423 95 202 555 412 889 679 168 274 415 1154 4 692 36 359 675 180 1016 656 94 299 138 451 184 637 253 439 103 547 535 42 368 277 974 249 714 1035 1001 1323 973 311 51 577 1424 687 93 193 893
435→302 138 140 338 316 11 116 18 269 261 150 134 342 862 160 151 312 142 1026 132 458 113 326 123 340 604 22 354 754 746 921 917 27 467 1017 328 384 701 153 599 225 231 295 175 893 51 39 13 75 31 41 110 4 100 40 241 95 61 369 56 325 3 55 276 166 34 260 258 973 80 1055 249 97 48 15 178 57 37 91 167 183 49 387 242 656 184 281 208 311 256 63 646 474 36 198 415 206 46 493 93 62 506 112 59 282 352 32 254 881 195 296 77 204 79 60 584 35 101 517 50 87 848 523 66 632 504 398 72 82 534 375 837 380 419 14 792 585 538 349 104 96 298 860 392 274 1031 790
436→1346 1048 988 668 136 312 751 17 24 127 154 863 141 252 310 148 757 353 980 316 885 18 818 787 561 134 9 132 51 420 360 412 167 13 656 371 62 41 202 5 36 165 284 257 169 295 631 3 474 80 197 281 679 206 612 109 769 493 538 488 288 214 349 399 233 61 282 277 46 166 916 558 137 15
437→254 71 558 535 276 198 246 679 918 943 257 1037 51 323 233 886 282 1338 988 1222 744 132
438→302 82 97 352 71 674 241 311 57 169 450 192 242 321 186 184 369 277 672 643 68 440 297 308 198 195 60 353 77 14 35 526 84 702 584 66 454 151 463 890 461 846 460 446 449 698 340 457 681 795 379 355 801 164 73 448 233 558 138 132 334 160 18 343 394 15 295 167 253 61 361 90 350 324 176 51 278 243 187 166 269 325 175 36 109 116 46 488 873 24 538 288
439→1048 1 119 302 1338 1023 992 995 221 1172 301 7 744 726 1044 1003 570 999
440→7 1346 1093 1259 1336 301 992 1332 723 1061 1003 1364 999 731 302 744 119 570 1008 381 736
441→758 1 1048 1023 1338 1267 840 155 788 1425 198 359 57 277 265 598 97 113 71 308 4 187 168 84 149 192 35 114 321 266 148 449
442→1048 183 897 295 41 15 631 380 943 270 124 242 178 39 167 182 243 172 1205 13 323 930 716 1426 450 843 10 184 894 318 692 694 97 372 281 169 393 411 364
443→988 1338 301 1044 1172 1332 7 1093 744 995 723 304 223 381 570 1249 737 306
444→302 570 744 221 1 758 222 730 1000 1172 396 122 234 256 171 881 93 411 187 62 870 286 630 648 633 265 525 240 910 154 168 359 363 86 313
445→119 222 1048 988 758 1259 570 1044 744 301 995 1348 1338 1 994 723 302 579 381 730 7 120 1336 261 138 262 270 915
446→1048 301 988 744 1338 1178 570 819 233 1389 130 138 31 0 558 155 321 922 124 137 140 230 131 338 18 149 129 24
447→302 730 121 120 307 305 175 352 474 15 51 202 233 169 31 40 41 100 28
448→916 310 234 335 564 269 264 331 601 863 1320 333 783 313 152 753 134 1101 142 327 818 114 608 458 113 160 11 151 353 140 24 610 17 968 20 320 385 901 1321 484 117 886 312 1304 558 124 154 600 266 557 305 570 304 411 387 295 94 831 3 189 92 1427 412 284 323 178 611 493 51 276 41 257 233 299 676 15 170 40 274 682 180 364 58 182 36 5 369 171 172 169 241 42 31 1205 46 62 670 202 246 880 487 843 367 166 47 720 418 716 766 410 71 433 110 372 242 103 34 97 282 65 585 294 185 1428 61 191 529 296 918 205 450 474 45 214 184 75 806 311 363 352 1429 100 279 108 489 256 104 528 454 10 59 255 200 109 1106 506 370 488 72 432 80 490 48 57 196 413 289 91 83 79 674 168 247 856
449→1172 31 128 137 155 124 233 301 466 1219 140 269 316 40 320 7 928 353 114 558 757 560 142 470 302 343 152 338 623 147 271 113 24 737 143 900 1165 11 980 151 129 862 321 861 513 8 126 603 18 357 917 384 1009 458 21 898 266 467 219 324 625 896 159 927 328 472 340 437 330 599 228 701 135 153 993 348 899 347 295 57 281 1111 254 770 791 202 893 100 97 14 183 109 167 41 110 387 75 296 48 45 37 59 277 112 61 242 184 486 812 170 473 1035 260 506 249 39 940 63 32 50 802 889 255 570 49 289 80 1067 399 210 10 493 185 517 532 79 55
450→1093 119 381 568 570 996 309 729 16 737 24 142 31 132 261 147 157 9 40 155 269 123 160 338 326 143 11 129 314 340 1130 328 472 407 51 14 39 292
451→1 234 269 124 175 202 183 61 1116 394 401 638 91 241 337 34 14 321 105 254 363 166 256 791 92 72 538 526 187 277 311 681 345 208 206 204 352 1083 240 66 49 312 870 656 1161 44 55 94 833 286 86 1314
452→302 1 1346 1338 1222 1259 1348 995 992 1172 988 303 1093 1044 1223 1332 733 1023 997 597 295 169 3 166 280 672 1060 172 154 546 880 242 352 92 691 758 230 830 274 953 372 388 631 1084 638 63 1430 894 256 71 1242 15 683 233 1061 999 567 568 1173 306 727 732 1249 740 994 725 1337 119 221 301 724 182 678 364 1190 183 697 243 28 178 1050 695 686 36 771 874 323 171 760 668 529 1095 980 596 679 51 1180 870 656 4 451 244 130 42 1181 308 394 1216 885 257 250 1103 598 675 1383 415 1352 251 31 277 311 260 175 694 474 1037 5 629 365 930 1145 138 39 110 396 973 692 246 124 270 893 677 412 296 558 1016 648 411 401 46 192 290 273 132 142 284 929 286 1437 184 40 943 835 910 41 45 1205 432 80 94 836 275 310 367 14 316 13 265 62 269 202 1333 58 420 91 10 238 100 393 56 335 198 632 493 113 674 108 555 843 168 696 1063 419 525 769 187 104 744 1387 1342 1336 730 570 731 307 381 723 120 1262 1260 582 121 1228 309 1263 222 1265 737 1149 345 644 170 152 68 369 189 253 897 148 526 47 90 911 815 1339 126 57 950 291 1019 279 241 353 294 149 35 66 82 358 114 1092 643 297 266 87 84 702 49 321 1210 449 77 457 913 195 461 22 123 73 968 453 164 129 1047 355 361 467 681 783 69 623 328 588 472 844 1075 972 320 379 698 446 137 486 7 759 495 489 193 1442 502 651 492 490 488 438 487 763 655 1443 439 491 603 496 764 443 503 376 346 779 618 652 780 194 416 501 589 476 770 497 713 604 778 767 747 761 559 762 313 329 1142 371 300 480 749 710 653 1051 777 772 654 782 875 773 499 498 711 776 775 768 712 774 781 550 1444 500 748 1445 845 292 165 478 109 205 65 281 585 206 1186 23 312 32 471 473 475 208 24 98 55 1148 1446 338 174 214 404 735 326 199 349 207 147 380 201 374 477 209 220 204 160 470 215 200 11 1398 146 552 1213 362 397 592 212 210 342 211 607 111 665 571 213 479 808 987 9 218 216 543 573 427 811 143 158 1076 162 259 144 153 203 594 417 483 556 79 50 59 790 511 509 757 517 521 185 21 1100 519 112 506 48 75 387 249 254 53 802 64 861 1447 30 1158 504 96 351 957 719 512 927 330 1009 593 805 919 389 34 377 151 658 860 407 38 794 83
453→1 119 1048 988 1338 1222 1332 1364 303 301 570 1266 992 306 1348 266 121 343 757 668 154 155 268 199 585 552 252 294 31 14 61 34 397 55 219 1464 7
454→988 1044 730 995 303 597 1338 221 725 1023 1267 1003 1332 1249 732 529 364 672 284 676 95 670 178 1180 835 360 36 1236 831
455→758 568 994 309 570 323 648 202 364 282 182 535 167 295 244 880 183 493 638 292 175 1431 124 187 310 95 643 369 256 41 240 299 48 628 191 137 360 308 769 166 206 646 184 169 180 92 173 278 450 110 668 4 165 393 40 242 261 14 632 312 31 66 34 373 62 61 98 93 287 325 46 39 72 363 233 629 843 488 80 91 257 243 527 5 89 547 296 52 129 57 787 555 7 116 65 688 585 277 356 881 55 951 56 171 207 24 248 32 474 715 9 214 75 11 79 406 328 479 353 321
456→119 1 303 992 301 994 7 121 302 381 995 1332 304 223 1337 309 142 40 319 154 124 233 312 31 271 18 269 9 316 261 24 140 668 263 137 2 560 134 155 11 116 310 132 1017 138 470 314 326 321 145 322 338 23 898 139 414 987 147 143 610 522 353 20 608 334 320 160 340 126 22 328 588 144 626 219 8 159 1097 129 384 225 231 571 158 599 17 623 324 458 229 519 162 161 934 165 183 166 179 63 45 412 535 394 61 182 169 15 39 242 360 249 367 717 184 13 36 209 450 352 41 59 97 14 387 202 1001 260 98 32 34 478 170 419 408 112 191 292 72 526 56 57 281 325 51 55 399 317 506 248 100 62 295 471 585 538 65 420 517 110 187
457→301 121 381 307 269 31 40 230 134 271 124 143 233 24 338 219 470 11 123 7
458→1048 988 7 1263 233 788 840 668 264 335 154 1257 1338 597 995 137 31 558 320 40 301 322 152 234 252 124 122 784 863 182 257 637 285 549 170 525 412 276 3 700 271 845 41 284 526 192 13 1433 178 173 275 175 165 1107 364 230 51 92 14 535 282 1412 166 396 71 1100 184 48 169 243 686 58 409 106 679 474 360 529 323 191 46 420 132 295 287 290 93 816 172 281 367 555 167 771 5 672 693 95 365 242 678 493 1351 658 769 372 780 292 948 57 62 601 430 627 36 880 450 633 1194 411
459→302 999 301 1 1332 120 91 248 46 165 4 1001 51 13 296 48 166 254 110 880 9 3 31 276 100 63 39 648 134 124 506 169 403 486 36 694 243 699 282 189 308 187 80 142 374 349 98 375 483 259 295 137 489 652 492 490 488 495 193 346 480 493 10 376
460→119 988 723 301 994 568 1346 381 1223 579 1 223 727 307 120 121 570 31 40 157 786 322 155 0 219 1381 931 16 527 183 1063 318 48 299 880 175 1056 241 345 889 1052 95 97 60 91 278 269 61 339 250 15 202 276 677 679 124 56 172 75 598 80 131 252 675 372 282 167 683 173 940 34 415 261 687 629 36 506 166 656 929 526 323 839 387 244 388 57 290 943 296 525 486 930 3 719 249 50 837 980 641 973 14 132 71 106 251 529 316 55 1032 184 309 1460 1467 1500 1456 1592 224 1490 1452 732 165 429 910 243 295 364 177 110 814 39 515 292 51 238 277 182 35 685 92 676 79 396 695 142 63 32 634 143 260 41 100 1509 538 181 1161 1053 280 1221 881 109 52 4 897 113 46 208 883 848 112 89 338 24 72 690 294 407 49 311 590 204 326 1252 1004 860 279 408 873 272
461→995 988 730 570 7 119 301 992 1222 302 1337 1249 223 994 381 31 9 557 40 315 312 319 605 154 252 124 335 23 310 132 784 116 139 142 886 1229 271 2 1128 129 134 558 137 317 136 578 324 600 353 1436 295 474
462→1 1346 1048 302 988 301 1044 733 995 1128 1417 992 1338 1332 119 568 744 1249 582 1007 741 725 1263 173 166 210 280 15 112 4 323 183 717 243 170 31 394 75 411 175 10 167 57 184 265 202 124 276 360 134 182 131 169 364 412 233 282 40 372 257 51 28 41 14 36 46 3 771 507
463→137 152 157 233 558 132 40 7 470 269 142 335 301 138 129 302 124 126 116 320 261 324 230 134 9 560 31 353 139 113 18 317 11 271 312 340 314 348 354 328 326 342 338 599 351 117 333 519 321 783 135 121 623 219 24 123 469 147 159 748 467 347 162 484 898 307 986 1048 1338 992 1332 119 1128 725 92 474 175 167 308 47 182 13 60 372 387 244 172 295 51 241 1037 202 82 183 675 629 242 15 250 672 292 393 243 691 75 403 535 63 34 450 369 97 57 14 290 48 39 251 166 184 254 643 165 281 585 404 110 36 41 323 412 4 253 248 208 96 258 277 411 433 100 204 950 200 169 406 207 62 49 193 260 294 488 835 195 61 538 769 112 72 352 170 191 973 533 43 176 486 44 80 520 646 79 98 68 409 32 506 55 66 299 443 1063 693 325 374 480 56 471 209 620 365 415 815 509 206 35 296 87 177 947 363 688 475 91 419 201 478 289 493 109 453 215 517 300 355 298 399 214 349
464→221 1 988 568 7 1338 995 305 304 302 224 730 737 121 171 282 175 951 596 189 4 930 233 675 369 167 656 173 183 364 260 635 412 527 299 360
465→302 221 7 1364 120 223 381 307 565 736 121 224 737 9 268 142 124 896 317 321 907 116 140 917 558 132 261 316 136 133 269 137 754 134 606 315 588 21 11 160 24 338 1017 599 972 138 123 151 912 127 326 18 783 271 26 340 906 118 384 143 147 23 1206 27 329 330 414 145 899 472 162 161 747 1327 129 1091 522 144 608 225 467 351 701 350 1020 901 571 158 987 604 550 231 336 232 814 175 202 233 63 169 36 51 165 41 14 345 31 40 39 412 201 182 474 207 206 98 68 215 243 454 380 204 246 208 1213 55 80 592 479 32 374 866 426 100 585 205 390 213 552 209 573 397 349 476 166 295 46 3 493 492 679 488 613 248 325 398 288 534 540 111 392 408 891 542 218 538
466→301 1 1048 302 992 119 999 1417 1346 1338 1223 121 124 31 558 310 154 137 140 342 335 315 40 138 322 261 235 230 269 757 113 136 24 223 157 220 152 115 142 147 126 787 626 519 148 116 155 266 11 23 921
467→1222 992 7 1048 381 1346 221 570 1003 727 995 732 1387 1260 1266 1268
468→301 995 988 1048 1417 119 1 1337 744 7 999 1093 723 570 223 302 569 381 306 1456 1467 1457 1460
469→1 122 31 40 437 269 137 116 234 142 9 562 910 314 714 783 125 757 152 19 157 470 861 7 140 24 316 126 22 160 414 321 324 381 113 326 158 11 21 143 220 26 8 266 129 519 161 162 883 338 353 328 384 340 899 271 229 329 513 219 862 121 153 16 330 159 348 604 625 351 299 100 181 526 276 323 257 4 14 192 241 71 35 49 352 297 178 450 1008 154 233 342 317 302 25 822 1020 307 599 609 332 354 469 228 746 624 135 667 923 484 402 318 41 13 92 296 1014 184 172 403 32 42 79 1052 345 596 292 295 63 251 46 110 183 411 48 529 281 83 815 3 39 282 59 480 170 290 311 1347 254 699 835 202 93 15 61 250 691 369 372 1511 150 261 558 748 263 1512 325 930 894 1205 674 36 56 28 677 98 672 167 889 474 1055 279 243 242 57 60 678 169 187 253 709 308 68 84 950 794 66 214 77 198 176 294 919 443 465 584 460 485 801 449 846 383 698 442 1041 73 461 1104 361 1032 320 702 644 957 379 1253 1393 448 1038 468 1011 807 246 51 412 109 65 208
470→988 1048 1 222 1337 1008 1223 301 1338 744 727 119 1222 999 302 120 381 1228 582 243 684 871 387 31 517 759 196 474 490 282 4 339 91 169 251 295 181 394 98 63 451 323 369 943 1063 973 947 48 94 699 250 93 1108 40 41 880 122 981 979 1043 244 192 299 80 930 170 13 104 682 843 276 233 675 166 1013 364 683 1037 266 893 1084 114 845 415 317 700 15 691 183 167 1030 61 173 412 720 175 278 352 1062 49 241 527 676 292 311 68 195 202 208 38 631 718 89 1196 124 290 372 249 273 326 897 632 164 583 526 380 51 260 308 677 1159 187 359 547 885 10 177 126 1014 955 321 404 294 127 670 3 30 165 298 487 836 719 36 58 37 182 673 471 629 1205 506 534 1145 271 848 50 140 398 242 368 137 674 377 79 643 407 168 1440 864 1107 184 253 419 678 113 280 136 134 97 85 312 837 1147 59 493 254 562 363 1161 26 281 393 176 646 555 596 411 296 974 933 105 815 239 108 338 110 881 69 24 1252 590 791 43 763 505 87 142 1002 263 246 802 337 429 112 839 83 697 371 486 235 56 524 118 366 316 345 204 938 805 46 34 240 42 99 431 1131 32 799 507 659 116 341 929 279 358 123 841 908 325 66 450 62 71 769 966 954 766 1377 383 238 236 131 57 86 453 488 9 143 8 921 288 100 297 639 1017 214 29 54 355 333 584 518 1001 374 1327 525 633 17 454 35 375 213 599 813 891 510 22 342 856 1106 459 975 655 906 743 696 360 1022 514 293 698 956 81 485 923 927 899 64 53 797 1041 803 1038 804 595 1169 389 289 672 950 274 90 644 340 472 846 1046 148 1253 151 794 853 647 702 961 384 449 457 460 913 862 681 798 705 444 701 1034 461 972 446 801 456 455 706 463 1089 436 103 1154 1354 237 1450 912 523 704 478 426 109 147 215 111 207 201 209 349 11 1460 1456 1055 95 84 261 1462 1074 911 1004 1086 462 920 172 1056 715 1090 789 1072 830 7 1457 1500 667 1492 1172
471→1332 1008 757 31 11 122 268 1002 40 151 269 9 271 160 267 343 910 263 633 24 334 143 351 181 277 51 32 93 1016 364 880 63 183 845 170 281 167 387 299 14 251 41 308 372 249 244 411 323 106 276 864 914 172 527 254 715 13 506 526 246 98 95 36 814 109 60 96 28 242 80 202 495 187 42 184 61 940 260 292 590 39 1083 717 295 189 643 363 83 1055 190 630 92 791 100 207 208 881 377 474 110 46 169 89 691 296 196 700 79 380 585 86 399 56 142 59 256 346 48 66 634 34 248 240 524 375 794 440 460 463 493 957
472→988 7 744 1342 999 1222 995 570 303 1177 121 582 1338 1334 1417 922 20 315 11 23 319 312 269 150 316 136 114 134 494 317 154 133 261 116 129 353 604 126 519 470 19 147 334 160 338 24 117 603 232 8 220 229 225 900 469 244 720 641 393 61 39 184 71 13 60 51 1108 175 485 289 535 41 761 182 183 178 63 450 40 292 242 474 14 202 471 295 506 396 394 31 110 406 179 35 345 107 34 370 473 46 253 260 75 5 363 54 84 1384 435 644 112 81 82 673 769 680 48 487 367 168 848 254 165 293 206 50 274 246 404 97 209 104 411 43 204 325 142 98 419 55 408 486 195 380 32 488 1377 296 1340 355 96 196 715 504 374 399 208 109 214 415 606 170 492 185 655 108 524 215 111 375 447 541 330 194 659 496 476 376 255 1109 390 477 248 461 100 660 12 412 233 169 37 517 889 201 377 102 200 9 80 509 87 801 462 59 542 89 689 495 210 397 1439 460 422 858 211 203 341 862 212 464 805 666 698 500 463 538 349 431 804 554 552 523 153 383 91 167 656 4 688 258 1067 615 77 800 199 521 595 520 454 866 585 479 793 584 361 453
473→1 304 31 233 403 269 282 41 257 14 631 880 276 717 675 387 388 184 1338 720 679 51 40 230 242 299 526 845 260 830 301 196 700 281 4 243 308 311 474 1332
474→1222 730 743 4 295 171 71 132 196 31 678 256 154 233 318 122 167 169 253 943 175 202 372 674 1014 596 629 628 42 252 638 1205 249 323 182 179 612 276 109 40 1338 979 278 656 848 393 529 535 893 367 176 189 363 388 398 411 110 91 152 394 339 280 759 92 65 557 308 311 352 415 870 49 291 41 141 268 243 93 119 632 843 493 930 177 555 257 36 672 648 451 250 1441 75 322 450 1083 105 192 282 193 600 97 247 59 432 170 165 312 615 486 281 199 1331 272 142 63 478 244 138 631 13 950 387 335 310 137 885 523 685 201 47 360 349 260 526 254 15 299 315 641 1016 614 68 205 325 538 79 241 1409 173 396 869 547 377 84 86 269 693 124 136 757 889 296 57 274 255 100 454 23 409 87 206 359 585 440 204 374 471 984 981 1019 200 1250 560 321 98 3 490 251 475 342 52 533 298 722 717 108 880 95 301 151 474 112 131 60 96 55 155 426 338 2 209 24 34 948 495 534 327 368 139 1037 74 277 515 673 480 185 284 470 414 83 61 399 799 115 22 10 720 1062 157 208 35 718 337 404 114 187 473 166 18 317 258 613 262 1115 294 769 647 80 351 5 882 113 716 246 46 288 340 1372 168 50 445 191 126 1030 702 314 487 813 62 101 463 1157 213 116 599 104 1104 366 467 518 333 1131 148 194 376 713 328 879 8 271 786 607 766 66 1042 32 89 203 261 789 198 211 408 248 921 85 434 129 134 353 39 931 306 895 630 1027 507 512 153 160 44
475→304 1 988 7 301 1093 1417 994 732 1332 40 331 824 124 269 154 132 31 267 113 9 560 136 470 234 155 324 126 314 312 335 142 818 1140 348 11 921 327 333 24 139 219 469 233 228 41 15 529 323 36 183 244 14 171 176 278 646 242 356 412 10 372 243 178 181 360 167 13 295 631 189 411 51 182 450 850 393 169 46 71 170 275 352 535 97 870 246 166 184 273 65 254 63 204 474 374 843 780 473 91 98 337 187 292 110 308 280 180 585 75 506 947
476→134 472 80 349 301 98 1008 483 7 142 374 375 396 32 71 786 155 24 737 742 124 269 668 137 116 138 140 126 113 40 316 262 9 234 558 302 31 598 122 261 136 132 623 560 125 114 340 321 160 266 147 320 787 271 18 149 360 242 4 63 365 751 21 334 338 714 23 987 324 219 599 143 330 354 25 328 129 625 384 159 588 162 701 747 1020 348 135 62 38 72 93 845 182 92 61 323 202 372 674 394 15 352 629 10 715 173 843 641 175 169 36 233 187 176 181 493 170 49 254 294 165 274 243 241 253 930 535 870 325 415 370 585 297 366 1043 364 51 195 656 183 14 3 506 256 281 292 55 13 248 839 339 450 94 166 454 250 474 34 184 48 277 407 648 91 66 108 409 68 769 204 97 717 411 766 56 487 630 471 525 172 377 399 860 57 258 583 538 887 178 185 488 100 495 260 555 486 408 35 380 174 299 451 101 368 296 534 1161 196 697 89 363 938 46 87 475 716 490 43 84 208 791 86
477→1338 1 282 3 323 672 230 299 10 137 241 34 250 700 41 48 951 233 192 495 269 337 674 63 260 403 95 184 517 173 717 830 257 412 15 369 411 815 675 308 1015 679 295 243 61 880 172 699 14 845 318 301 1332 304 46 493 489 780 759 763 778 779 875 710 631 13 276 80 475 281 98 474 349 290 691 364 387 51 388 31 40 32 526 293 790 4 132 355 83 1460 338 259 813 311 585 44
478→973 178 4 169 276 546 152 412 676 104 646 244 281 672 631 182 242 691 1236 679 94 299 885 124 93 670 243 596 251 930 323 1060 537 173 831 13 280 241 183 677 15 372 696 894 830 1084 943 103 42 238 369 282 699 685 401 1195 260 914 360 682 535 246 380 669 264 278 893 172 411 671 167 171 1180 95 40 915 31 233 2 988 1338 1023 995 1332 725 1267 1044 880 675 529 154 897 325 166 319 394 633 549 137 284 686 65 290 274 815 700 558 176 1016 635 257 693 46 836 63 189 780 252 364 366 51 555 48 269
479→1048 1346 1 1222 992 999 1337 119 727 121 301 222 1417 1093 1338 1061 221 995 1003 303 1264 723 1223 1149 565 730 1249 7 568 1343 120 302 567 1173 1332
480→992 7 302 1222 119 994 744 381 1364 1 579 223 303 121 565 134 122 155
481→302 1093 119 1048 1000 1346 1 997 1149 301 1338 725 988 1348 7 1061 744 221 568 724 994 1263 1008 223 303 570 120 732 1332 1364 1174
482→119 1 1048 1093 1008 1266 999 727 737 1000 223 7 1174 304 1172 732
483→302 267 157 131 124 137 114 9 269 1133 470 314 324 786 116 140 155 138 268 1017 233 2 152 18 261 343 326 11 607 24 113 139 809 353 937 522 599 755 123 571 219 338 357 143 147 159 701 225 835 638 63 36 242 61 40 3 292 169 692 480 244 535 251 93 943 202 387 278 506 547 167 254 308 576 364 191 50 32 189 277 596 100 39 371 56 699 184 51 421 350 813 650 585 552 199 477 31 142 374 98 80 375 259 483 349 212 181 175 880 295 166 642 172 110 717 248 546 1062 178 282 91 628 165 658 243 253 241 845 14 529 281 41 260 13 274 112 558 646 59 240 75 4 488 48 104 109 577 504 296 196 43 57 533 867 209 393 337 176 201 35 517 187 614 96 256 413 433 866 294 204 66 55 1458 508 211 1076 801 548 215 38 779 735 790
484→758 999 995 1048 1044 988 1342 597 1 304 568 221 302 732 222 223 381 1228 301 1128 303 997 992 1338 1417 1249 7 582 1023 1061 1222 1454 1387 1003 744 579 725 723 741 570 1332 120 1336 305 731 121 567 1337 1178 307 306 729 1455 309 565 996 734 728 224 998 1420 1334 1255 740 743 737 1456 1263 1082 915 31 1318 1229 820 313 598 267 840 335 130 252 885 312 234 322 137 269 310 1323 559 331 470 233 605 264 141 2 132 155 20 154 125 136 668 157 139 142 784 152 124 40 265 558 886 1283 562 9 316 809 786 600 787 984 116 916 23 239 327 270 19 827 386 138 266 560 126 320 271 148 315 328 261 557 610 149 160 262 319 785 11 353 134 24 114 342 317 1140 1080 921 118 1135 385 607 129 326 1392 561 564 818 626 384 863 140 1329 220 143 314 1243 608 932 1137 606 357 0 754 219 1328 348 822 625 333 334 414 146 115 926 338 147 467 513 519 1064 1164 1460 1452 1461 1467 360 103 1373 202 241 97 243 672 276 717 277 632 943 36 190 323 281 275 880 182 181 918 50 646 631 171 761 92 656 257 387 180 396 364 612 1468 193 260 173 242 166 830 366 183 63 372 394 46 176 290 393 47 51 295 48 169 439 250 371 278 165 352 91 962 679 642 41 273 175 474 13 284 179 108 15 170 412 184 45 627 493
485→1061 992 1342 119 7 1346 1172 1222 988 1332 758 1 303 994 744 1228 1003 998 997 1267 995 1417 723 1454 302 381 567 121 223 309 305 1337 1387 740 1255 736 40 31 155 2 219 157 931 228 317 136 142 557 315 8 753 338 606 116 24 231 335 268 126 561 149 321 129 610 353 968 607 384 348 354 757 21 519 132 118 312 269 1452 1223 233 458 563 304 414
486→1 7 1023 1223 988 1048 1093 1222 723 301 992 119 303 1338 381 1332 1364 168 94 171 187 547 234 93 154 981 396 103 122 58 363 262 716 286 359 947 962 1450 88 630 86 230 1354 650 132 352 372 256 4 355 87 49 377 860 806 57 83 113 715 66 43 341 151 44 38
487→1460 1 1044 1048 155 301 234 124 668 154 885 233 558 138 252 227 268 2 784 262 132 265 122 261 230 9 169 401
488→992 302 1048 1 1417 1223 1044 301 988 995 303 120 582 730 304 1332 570 306 309 322 31 598 557 133 319 124 269 234 505 915 263 829 150 335 1329 154 137 470 157 562 132 264 139 317 261 315 271 136 23 268 142 310 9 11 266 262 886 235 563 125 227 312 0 20 155 148 151 126 384 113 316 314 116 134 17 925 118 342 333 626 898 414 24 140 149 8 863 147 220 328 143 754 129 787 22 338 321 472 26 522 348 144 753 115 146 789 330 332 599 467 1327 340 972 906 153 347 979 171 63 4 672 170 284 535 51 1205 276 675 930 282 339 257 71 202 323 973 93 109 168 871 612 943 687 1414 839 178 372 183 92 173 291 415 13 720 42 260 3 619 233 364 325 1016 48 278 814 166 419 308 47 352 45 249 287 692
489→988 1 995 1044 302 1023 223 1223 999 723 1048 119 582 733 1465 306 579 994 381 307 1417 1337 1456 190 295 683 679 722
490→302 119 1061 1 1048 7 301 1338 1452 1008 1332 303 999 579 223 120 381 307 565 121 1264 558 252 124 268 137 269 40 116 122 31 142 312 261 924 11 2 113 822 316 786 155 322 138 134 233 0 136 342 262 505 19 757 143 470 151 139 326 353 114 24 926 132 338 334 317 384 140 626 9 571 125 972 129 320 148 1017 343 146 588 340 862 789 472 17 147 899 608 522 755 599 123 126 169 292 880 184 412 387 165 166 202 209 529 318 323 55 175 506 396 325 251 36 241 4 281 308 242 693 28 179 474 596 170 535 61 243 669 110 100 41 93 277 80 48 79 71 51 372 39 57 13 46 254 56 250 352 35 98 420 629 364 208 189 63 295 380 32 183 173 10 60 247 206 34 101 526 187 212 419 248 104 735 415 1360 554 258 454 97 1052 893 26 429 1014 315 486 378 471 207 539 201 109 393 583 590 394 688 631 29 244 50 111 296 404 210 204 377 584 44 488 205 274 91 697 105 164 366 837 480
491→1 113 124 233 140 1017 122 269 261 138 268 137 558 40 9 235 142 342 17 123 132 125 11 316 24 120 598 324 623 126 243 15 339 260 474 677 256 251 296 506 14 13 4 412 170 41 50 281 48 674 183 295 1116 49 889 403 246 352 92 318 63 167 75 112 280 87 299 359 110 529 372 96 411 311 187 204 802 517 451 35 206 65 71 254 97 34 91 46 325 546 79 450 57 184
492→758 7 119 1454 744 1222 995 312 124 319 138 315 322 266 154 132 598 234 137 1054 11 921 140 155 141
493→995 121 744 727 305 570 223 1093 999 302 1370 992 1336 1 120 119 303 31 267 1301 820 598 233 984 863 230 40 252 322 124 269 558 262 137 154 1137 122 885 312 11 134 310 1315 335 319 261 470 155 132 141 757 140 127 113 0 563 23 714 316 268 20 910 562 271 151 571 320 513 9 899 116 315 129 24 229 266 231 1024 321 328 118 1017 330 326
494→995 1452 570 303 994 1456 124 269 31 319 316 598 0 149 315 11 115 321 21 134 353 333 24 599 912 910 138 335
495→730 1044 744 301 302 223 7 120 988 1460 1456 1 570 758 1008 269 784 315 322 125 270 233 252 558 820 137 885 598 626 271 1002 922 1324 262 122 557 157 714 239 982 809 980 561 268 155 915 786 9 937 838 633 312 266 568 1348
496→992 301 988 264 261 124 137 132 598 271 127 134 385 265 122 149 141 154 118 113 24 227 1080 7 114 266 116 883 133 316 321 626 235 11 381 9 157 783 21 131 1017 155 129 148 679
497→301 7 995 302 1457 1048 1332 119 1460 730 303 381 742 224 141 124 132 157 154 9 319 252 137 31 322 116 310 24 271 714 269 40 320 126 261 861 264 155 313 321 140 333 142 353 324 125 899 21 11 987
498→1093 1332 119 744 1263 1456 303 840 31 137 1467 1457 1222 1460 1487 1498 1249 233 155 566 40 1465 994 19 323 629 301 57 296 638 51 240 678 529 401 260 166 835 124 1015 49 646 295 943 247 169 14 244 34 172 9 308 183 92 290 4 637 672 116 506 628 165 15 241 511 403 388 679 691 13 95 393 122 683 387 409 56 71 286 677 279 547
499→1346 988 352 66 672 294 184 678 369 169 674 241 311 686 84 198 526 187 192 57 35 584 450 796 1015 372 34
500→119 302 897 57 183 192 100 91 308 880 184 676 526 37 55 674 4 169 278 277 24 167 32 79 31 1084 34 835 843 295 36 116 254 260 39 208 261 86 14 41 110
501→119 301 302 1332 304 999 381 1007 303 994 121 120 223 305 724 579 1003 307 582 1417 565 7 1454 603 314 329 604 124 550 137 46 169 3 295 490 495 488 713 10 491 493 376 778 489 492 346 438 710 500 194 416 777 654 589 476 487 126 326 23 142 9 312 987 607 11 162 342
502→1223 1460 1 988 119 1467 758 1044 1048 1346 1348 1347 568 1222 1266 1008 1061 1387 1470 1471 727 726 301 995
503→995 7 992 568 1460 999 304 1387 1454 582 1338 303 579 1003 381 305 1007 1228 996 729 1471 1170 1472 994 737 739 1473 1224 740 1474 1475 1476 733 1477 1263 1478 1479 1480 1481 1482
504→1 758 1048 988 1023 301 1338 1044 1008 730 1346 579 995 1343 1364 734 182 786 267 122 137 915 138 233 124 558 494 252 234 230 261 322 668 785 1129 266 239 9 598 154 155 269 113 861 319 310 271 316 2 18 140 320 1243 125 132 302 143 608 789 937 11 21 351 472 744 1259 175 1015 672 277 295 387 364 638 36 394 396 814 28 596 65 95 31 243 290 691 635 1037 412 360 62 181 176 183 318 51 529 700 296 42 282 166 79 92 677 238 880 366 311 280 287 167 696 251 372 943 388 61 1014 169 646 184 172 1414 930 170 284 281 257 190 241 835 948 676 105 244 180 3 178 871 628 187 106 299 648 323 275 352 369 250 526 286 189 59 71 94 1084 1016 837 202 110 684 339 104 249 893 420 848 686
505→1452 1 568 696 260 292 577 1145 1016 175 1015 635 674 172 170 682 13 953 95 63 339 671 184 678 526 39 254 94 1236 1187 949 34 61 894 173 14 137 880 15 760 1060 672 244 930 893 282 41 251 277 529 835 176 596 281 1084 558 631 241 691 295 46 669 166 243 1242 51 1217 323 4 1488 238 365 411 42 450 473 31 628 189 48 387 36 372 1144 58 257 276 700 979 3 122 167 10 1205 278 308 403 40 371 230 374 766 683 369 242 160 187 897 648 1058 476 1216 299 169 178 676 11 1030 943 271 889 82 1103 780 513 670 771 538 585 720 658 364 509 1196 1053 28 759 30 719 297 808 973 836 843 72 204 686 593 96 547 274 112 310 659 699 950 142 296 104 98 837 868 132 349 517 80 85
506→1460 1222 304 7 302 1420 223 307 559 24 321 233 8 335 326 124 322 40 863 127 11 141 252 142 310 2 1323 9 312 786 132 561 266 239 557 114 154 23 155 818 315 138 134 17 320 137 348 147 160 327 753 928 20 314 140 338 113 151 470
507→119 1337 994 570 113 316 142 312 134 0 24 262 155 116 118 862 145 338 147 261 160 315 18 340 25 606 326 921 151 599 11 384
508→1 1222 992 304 1460 995 301 1338 1364 1003 1387 1346 568 1467 744 1228 7 999 726 1454 1452 731 303 1008 302 119 727 1093 723 579 1173 121 120 1128 1332
509→252 717 61 92 176 241 167 675 51 870 40 62 679 529 292 175
510→178 241 93 242 49 68 678 526 189 4 14 454 352 674 87 274 47 57 914 60 71 289 193 184 440 463 176 77 186 1041 35 361 435 214 681 294 799 195 82 355 187 66 418 405 797 698 793 453 485 765 697 311 450 97 169 584 383 84 449 436 12 460 164 379 461 73 1220
511→1476 1460 887 1 224 995 727 302 1420 850 169 308 310 189 335 274 242 124 60 47 195 450 214 320 443 799 289 561 464 14 361 324 294 976 453 452 379 449 184 12 793 550 767 623 253 41 175 943 234 51 205 295 137 46 376 487 194 491 7 495 489 488 480 346 486 713 498 476 416 710 777 182 165 13 312 292 63 39 36 65 9 80 32 475 209 362 200 243 40 404 211 98 585 215 55 204 11 24 207 160 374 199 405 397 552 212 111 703 808 326 479 259 246 202 179
512→1 922 40 267 234 558 31 233 598 314 133 557 322 138 840 924 130 1487 1008 744 1190 269 730 1470 1475 1479 1490
513→31 40 155 381 0 314 301 343 1164 121 931 1460 1346 119 303 1332 731 1008 728 1003 1364 269 140 122 7 142 11 24 150 261 579 1455
514→1 119 2 40 155 9 31 113 122 268 269 271 334 0 18 326 134 158 261 118 142 896 147 316 338 160 24 11 571 219 330 51 254 110 791 79 4 506 41 296 55 75 50 790 1028 504 84 802 515 81 33 485 512 804 519 792 698 919 957 277 48 507 508 78 292 202 14 281 209 36 39 345 204 207 100 215 208 243 63 98 32 206 80 471 479 474 201 585 349 210 374 212
515→151 599 601 396 233 9 160 755 147 912 123 340 472 1017 11 231 928 25 27 701 121 883 467 24 338 1460 1 124 132 235 40 31 494 505 321 598 261 315
516→1487 1486 301 302 119 303 1008 730 305 579 224 16 1455 234 227 313 268 154
517→1460 1 992 381 302 7 1223 301 744 1338 309 119 570 579 1337 322 132 0 40 316 757 31 142 116 134 124 114 155 335 2 9 312 269 786 11 126 138 326 315 139 113 136 470 333 263 151 147 160 220 140 626 328 24 229 1017 519 896 219 414 321 906 987 135 755 146 184 202 165 13 656 596 166 4 95 249 629 289 172 61 62 175 246 57 56 92 535 55 241 100 254 51 372 36 206 205 34 281 1121 295 47 48 248 179 870 96 292 506 398 432 39 91 110 63 415 59 831 194 183 411 169 52 14 208 60 109 474 291 399 41 258 50 49 32 429 352 35 523 1147 75 294 204 1161 380 454 79 1086 538 296 215 299 5 659 554 187 200 89 68 548 673 209 517 207 507 374 443 473 108 375 488 177 43 195 491 806 408 1089 66 520 615 87 521 487 715 584 98
518→1 302 301 570 119 381 994 223 120 138 262 271 261 142 175 18 132 136 134 9 267 116 315 312 269 137 340 124 123 147 334 326 24 330 861 11 414 151 321 160 118 328 27 146 384 899 599 166 187 648 113 612 36 420 325
519→334 260 167 282 40 325 480 31 49 276 97 95 278 182 843 4 14 173 292
520→1 1460 1048 1222 568 302 301 992 1332 1338 306 1417 223 307 309 742 121 1343 16 381
521→1048 1460 1 1467 992 597 988 1492 221 1172 1259 1469 301 568 1464 1346 303 995 119 733 989 1044 1348 1338 744 1170 223 305 730
522→1 91 183 670 1116 195 257 398 394 176 365 641 122 691 953 1208 596 558 1048 372 254 256 672 48 730 910 40 138 598 114 113 233 321 980 261 230 31 1093 301
523→1 221 301 119 137 1037 648 170 635 845 178 249 269 175 166 92 173 95 641 339 154 656 267 40 122 268 233 861 114 31 155 271 437 244 894 277 251 284 41 1216 241 181 254 169 696 629 695 172 167 202 669 198 352 276 411 86 260 15 506 953 296 364 51 295
524→1460 1 7 307 121 301 119 1454 302 570 303 1003 266 820 19 31
525→1 301 1364 302 119 744 140 155 132 40 316 118 2 271 114 11 24 599 338 862 26 160 113 1381
526→1492 7 1452 1346 988 995 301 1343 1342 1093 1222 119 999 303 221 994 570 302 744 723 223 309 1332 729 1417 1336 16
527→301 731 302 1 119 154 233 31 558 134 316 2 269 137 132 155 310 116 40 786 147 261 19 470 7 127 9 18 24 139 351
528→1048 1044 309 1249 1263 249 253 323 251 56 240 36 396 124 175 256 31 791 46 672 691 870 674 48
529→1093 1460 7 302 119 1 992 1222 303 568 999 1364 223 381 1483 1365 1480 1172 597 233 124 137
530→656 233 281 46 169 124 137 295 778 3 604 486 371 488 492 10 490 763 713 491 7 193
531→786 234 252 114 151 149 269 122 262 124 227 233 322 130 668 235 1 915 239 1329 1457 1460 988 598
532→7 737 302 307 730 381 582 1332 223 121 224 1003 137 31 559 316 18 132 157 134 786 140 154 261 143 114 2 235 152 935 40 320 147 342 610 340 24 470 11 160 783 324 9 623 271 896 603 467 861 384 328 113 314 607 599 139 220 626 162 219 862 123 21 1494 25 821 606 472 153 159 330 519 905 161 985 354 184 241 277 254 869 289 47 167 242
533→758 1048 1023 301 1267 570 733 744 0 1362 31 40 155 115 1243 267 558 123 545 187 1333 240 265 396 88 93 525 952 949 234 168 628 953 527 1413 385 363 269 641 190 110 59 181 598 192 242 1350 308 321 57 253 297 277 678 87 184 672 674 14 241 702 697 526 311 35 765 77 135 84 643 846 472 355 333 1218 797 701 449 468 384
534→1476 1460 992 7 301 1342 1003 994 1465 119 303 1222 1223 1420 1332 1452 302 729 996 744 1336 1454 1417 121 307 579 740 306 582 1082
535→1364 302 995 381 1417 1332 303 998 1452 994 307 579 309 1456 729 306 1334 1465 9 269 40 319 155 233 124 267 122 314 137 321 31 601 414 268 134 316 757 118 786 987 157 152 113 114 912 301 142 143 317 23 862 334 151 219 24 326 20 129 519 11 18 160 324 147 571 126 123 604 320 470 1026 338 384 343 136 8 139 161 348 162 158 229 159 1097 1124 332 328 458 225 1215 6 254 412 629 41 691 14 596 242 641 295 39 165 61 51 281 38 189 893 75 325 323 202 260 372 251 318 474 535 200 249 63 47 179 184 292 185 181 4 311 506 60 91 140 450 166 65 526 546 193 699 28 92 480 36 205 48 308 187 547 93 71 172 110 206 930 244 13 374 274 32 443 406 109 79 364 345 214 411 507 169 45 674 49 59 243 57 66 208 195 100 349 486 80 55 643 253 170 88 164 475 246 492 837 46 258 101 44 813 362 399 43 98 890 52 207 102 548 211 583 1001 713 615 393 209 1495 1072 361 533 473 340 210 341 452 542 35 422 1086 688 860 377 1027 1213 515 585 487 663 380 368 408 375 84 659 294 77 376 108 215 89 552 212 1114 405 449 808 355 204 573
536→995 1460 302 7 1222 1332 579 223 319 31 155 9 560 315 310 2 142 116 40 314 124 157 267 558 154 137 126 786 271 22 138 932 338
537→302 558 1487 1457 1452 1222 1346 731 119 1093 1364 1008 1223 723 1007 1420 570 1332 579 224 306 740 729 996
538→1467 1460 1048 988 1346 1259 1457 1496 1172 994 1417 1478 1347 995 1452 1093 119 1497 1222 1474 1470 1061 1263 724 1364 1479 301 1490 1348 7 726 1477 1000 744 568 1498 992 569 1173 999 723 1174 1469 1473 1008 1003 570 579 302 303 1454 1228 567 381 727 1487 120 731 1149 1332 306 1255 1420 223 736 307 1461 121
539→1 1460 1457 301 119 1420 303 381 1417 1455 1336 31 41 14 51 56 34 175 183 295 243 40 91 352 643 89 199 351 48 450 839 253 132 233 269 124 150 271 230 155 24 0 125 338 219 261
540→1048 40 24 4 295 41 242 420 244 15 185 260 672 246 335 189 71 394 257 1035 92 46 411 178 184 97 36 63 170 13 281 1015 376 561 253 183 292 51 98 236 10 643 152 352 271 39 419 196 297 290 91 61 187 674 950 56 311 630 493 289 495 454 450 14 55 100 488 195 176 142
541→31 363 124 63 295 49 15 51 814 91 290 323 72 92 596 535 693 184 41 281 175 493 103 472 303 789 187 0 196 169 643 13 40 118 120 26
542→301 1048 758 1 1455 995 304 736 1465 1460 1452 579 120 307 302 737 224 742 16 121 267 265 124 130 141 558 239 269 137 9 138 598
543→302 758 1460 1492 1048 1485 1491 988 7 1236 677 831 493 230 51 1181 396 1359 173 827 360 973 171 675 537 42 260 401 3 387 95 295 914 167 835 197 880 693 403 555 71 243 154 894 48 692 363 871 178 941 281 489 411 694 15 771 685 761 137 124 780 169 10 759 371 495 480 46 488 439 313 193 763 346 490 443 487 376 779 194 416 491 457 618 875 778 652
544→301 307 1008 466 290 387 254 244 629 97 261 93 142 89 91 43 791 48 848 72 714 345 585 150 87 195 38 99 552 102 4 242 897 14 861 82 84 66 35 846 472 599 890 129 460 353 485 584 151 361 73 644 384 795 797 798 51 36 55 111 212 338 24 11 808 153 46 710 269 296 277 112 96 86 75 506 1014 673 517 110 185 688 59 504 79 790 271 50 509 515 30 507 107 508 293 33 1379 81 514 855 1378 78 53 912 631 625 1156
545→1 302 301 1008 119 303 221 570 224 995 305 223 31 1254 598 141 560 269 558 124 137 319 19 261 157 265 154 266 149 966 138 116 1269 155 562 268 264 118 0 143 316 633 40 924 342 926 132 819 327 385 148 921 114 972 129 11 353 338 24 18 140 910 1137 321 9 333 916 151 350 328 472 219 161 937 747 384 1101 467 162 122 281 173 243 51 94 352 182 242 41 451 493 415 674 490 411 295 282 394 686 71 61 42 396 685 672 419 169 766 323 271 254 47 977 870 525 57 184 695 14 363 55 178 860 409 171 486 1154 86 56 1434 1139 103 648 277 34 100 62 584 716 366 72 91 275 364 715 296 404 134 248 1354 1095 796 311 948 577 45 101 187 298 48 43 58 952 1501 791 487 433 431 359 383 46 299 722 84 538 294 534 66 83 346
546→1263 814 124 323 843 172 526 51 339 170 42 244 311 1084 668 943 71 142 227 885 967 883 122 24 154 1348 648 240 527 692
547→1 1223 758 301 880 267 411 181 13 325 291 335 152 172 169 205 189 930 295 51 92 243 635 170 254 182 525 166 34 257 290 61 23 137 470 11 270 234 122 268
548→301 1223 1048 381 302 570 1332 7 988 995 1452 1145 61 290 14 635 1084 1016 109 843 672 679 170 596 474 173 241 167 36 835 195 364 845 282 39 13 40 953 80 242 238 534 51 65 166 675 183 948 420 678 110 1015 696 669 4 403 295 95 277 880 930 42 676 93 471 233 58 244 412 251 276 318 791 172 15 345 893 31 169 243 894 28 92 529 1144 369 178 281 631 257 1345 488 311 182 55 691 629 79 206 278 646 184 63 419 1107 323 943 45 1063 280 175 1350 697 371 202 286 526 914 871 1205 165 367 71 189 682 198 250 339 185 249 432 372 108 274 358 94 546 230 59 837 205 1050 440 209 46 523 299 3 204 240 889 836 214 352 248 273 411 100 103 174 388 47 325 700 376 179 246 716 955 493 766 247 973 10 677 254 814 433 98 806 1440 585 83 200 864 72 525 1004 176 296 97 1083 658 260 979 87 105 683 715 192 404 208 881 897 68 104 613 106 387 66 85 450 975 207 848 75 168 89 380 663 50 779 1055 520 96 656 370 1067 1395 294 407 215 409 187 56 32 413 1001 211 429 487 399 415 60 856 255 368 360 1030 34 256 454 366 91 35 630 48 1111 799 1160 191 188 1092 813 780 355 102 947 379 506 418 375 722 929 5 377 769 465 67 44 406 661 90 552 462 218 521 457 84 674 490 765 201 507 491 29 57 49 463 73 945 88 453 210 480 1148 374 410 397 416 82 349 434 515 279 650 1072 41 855 361 346 101 508 1132
549→7 992 1 1452 1223 1332 999 119 223 305 1456 381 732 302 988 1457 597 1460 1338
550→307 302 121 120 570 224 124 321 783 154 557 312 269 267 668 861 266 310 23 326 140 317 11 9 114 142 132 599 18 472 818 862 220 160 24 22 600 414 271 129 113 920 905 116 340 324 6 320 1206 26 921 143 123 21 328 338 610 467 1077 608 147 330 519 17
551→233 40 31 142 519 155 18 116 9 157 317 138 312 132 320 7 314 315 412 367 257 41 202 48 454 3 51 308 32 246 63 36 325 14 71 39 429 93 281 450 629 292 4 167 61 486 165 169 46 376 488 487 495 416 480 443 10 497 710 491 346 194 498 500 476 65 109 80 205 735 215 404 100 13 98 471 209 585 214 11 55 24 199 374 200 342 201 362 552 1213 474 211 208 204 338 479 349 592 210 213 380 573 530 481 477 811 161 987 228 535 398 136 399 248 392 8 534 408 538 533 334 614 542 541 544 755 17 391 183 387 182 191 254
552→1460 119 1452 307 582 155 2 31 41 80 98 483 142 349 40 323 167 656 343 470 585 199 277 75 309 335 259 680 1336 479 269 364 242 110 506 355 450 61 254 51 14 93 160 79 515 148 184 328 570 1364 21 487 375 152 13 57 30 930 48 39 1417 548 59 517 50 260 594 473 66 374 474 204 196 244 55 185 397 84 485 943 271 24 261 757 143 330 147 11 92 674 296 4 36 372 951 96 311 250 206 181 100 3 112 290 815
553→222 119 223 120 303 565 301 121 302 7 224 16 992 997 567 725 723 579
554→1460 222 758 1457 988 995 301 1044 1 1454 739 1464 1452 1469 304 999 1338 7 1003 992 1128 1249 1008 1332 1061 221 309 730 1500 305 570 723 306 629 15 3 254 169 41 183 166 14 79 59 295 412 1350 549 943 290 547 352 4 239 1162 282 63 267 175 288 124 693 656 182 525 473 885 323 94 230 880 138 717 1089 646 256 360 1326 258 627 91 285 45 233 249 771 257 68 1052 535 922 240 546 845 1431 363 692 400 197 658 799 370 870 58 359 947 548 187 716 823 1096 650 283 273 827 51 246 526 165 142 244 202 137 36 243 205 480 40 281 100 292 13 427 454 478 342 312 109 326 39 208 426 174 585 11 220 32 404 80 9 207 200 471 126 98 214 559 371 46 10 713 193 493 489 490 443 486 487 502 763 495 346 376 1445 652 491 503 850 672 57 154 1182 97 265 189 432 311 61 48 668 252 184 830 1353 1438 278 558 394 5 71 365 372 631 940 612 366 393 951 506 833 551 122 420 108 269 141 47 1205 1340 173 1112 368 977 180 941 276 396 191 865 419 321 110 430 635 324 450 425 633 1138 248 209 753 206 317 873 611 24 325 598 31 55 557 92 411 488 104 179 749 329 604 747 762 1142 875 457 655 194 498 710 500 476 772 653 497 774 300 781 806 49 335 632 178 284 367 250 170 1504 887 769 34 255 409 766 413 787 195 657 20 315 132 18 56 966 418 134 125 310 816 177
555→31 116 9 122 40 142 126 326 301 134 316 132 910 157 113 269 23 139 0 24 155 140 18 381 321 147 160 158 701 1452 25 634 845 41 4 61 51 241 39 189 13 292 93 48 254 97 387 411 170 286 15 167 273 276 268 71 79 60 372 183 248 325 80 323 277 295 110 32 282 172 243 175 184 246 82 100 450 290 42 242 674 364 63 352 258 230 250 195 399 656 196 474 35 408 247 488 506 274 716 279 198 349 36 414 979 299 308 204
556→119 301 569 1332 1417 302 570 1486 121 306 16 1 137 124 31 316 40 157 115 623 562 317 314 269 155 142 134 220 261 140 24 321 126 23 7 334 340 219
557→1 41 843 506 51 61 299 276 311 323 116 31 40 343 134 122 316 233 140 1275 269 861 24 558 132 155 18 757 1348 992 734 719 50 241 280 596 308 387 167 244 251 295 675 474 691 15 278 184 42 526 345 281 388 529 408 930 678 183 943 36 56 282 254 290 415 277 3 369 75 172 420 688 72 292 57 674 250 107 91 14 185 242 202 325 173 296 260 672 79 338 106 10 629 34 48 412 43 291 84 380 240 510
558→301 119 1452 597 994 1332 7 303 1249 568 1342 582 567 309 121 306 307 997 1336 16 1417 1334 928 116 252 458 124 40 137 157 142 233 9 269 152 148 335 154 155 271 139 129 353 470 18 219 11 754 2 39 170 285 165 184 15 169 189 91 243 182 61 535 656 48 79 474 193 171 202 4 60 242 367 51 58 103 435 291 36 110 401 63 246 122 295 151 1053 323 31 41 14 1035 24 126 312 160 147 607 1097 347 450 674 178 195 253 71 360 62
559→302 7 119 1454 301 992 725 1061 582 1332 995 1452 1417 1222 568 381 223 309 16 306 1334 290 181 36 175 558 169 4 172 292 411 191 352 63 276 260 202 48 80 248 92 308 274 61 167 250 289 47 65 312 62 415 429 206 9 182 193 263 183 697 52 253 166 93 325 179 243 643 412 1350 897 242 674 699 165 387 56 295 277 91 1012 137 185 51 816 311 13 241 10 399 177 870 233 124 611 269 678 291 3 294 196 1035 480 364 15 32 254 97 14 535 39 404 451 256 1083 1108 110 100 246 200 282 57 168 109 1096 633 285 43 506 474 318 969 142 794 251 150 815 433 107 55 1018 114 68 845 393 261 60 473 264 813 757 126 79 40 526 490 211 96 517 504 129 528 152 86 384 489 87 769 17 487 184 450 519 1042 630 82 406 95 321 338 420 140 22 328 688 31 1125 486 618 555 6 11 443 509 178 790 377 46 281 41 534 207 613 779 208 214 763 717 337 585 361 493 113 77 98 186 148 911 116 780 721 716 1001 85 18 271 533 449 257 160 195 59 1031 136 375 492 496 470 713 1033 659 346 209 365 397 488 507 548 258 879 702 215 491 485 379 340 147 720 334 24 603 873 890 220 255 374 380 12 414 479 584 453 194 73 143 355 317 111 521 442 21 349 767 353 383 359 463 84 437 272 418 212 434 680 495 552 376 204 341 320 101 460 660 1232
560→988 1222 723 1342 569 1008 1175 1335 1487 1343 1363 7 1003 1387 999 1496 1479 994 1173 1228
561→758 222 1460 742 1008 1457 1 1343 995 1044 1048 744 1487 570 1500 579 302 728 301 31 598 982 124 233 840 558 784 239 227 122 154 252 230 335 310 0 319 633 470 142 980 2 136 234 915 266 114 24 269 157 261 134 113 967 151 9 578 668 786 324 149 322 925 132 18 17 118 326 137 563 787 385 126 155 788 20 271 819 972 342 140 202 291 15 36 339 880 311 656 295 646 526 284 292 165 278 41 833 92 251 241 843 369 257 80 28 173 546 839 366 272 39 169 179 58 323 529 14
562→1093 119 301 381 121 1417 1003 233 31 142 2 40 269 784 321 9 261 414 1130 668 314 623 154 137 138 344 141 470 320 786 126 132 824 6 115 24 334 1017 271 11 353 338 146 328 229 753 519 458 821 348 117 387 527 535 34 13 41 80 474 175 178 412 10 880 15 63 170 172 124 165 169 629 42 4 179 168 396 183 61 184 295 110 14 281 546 242 403 187 631 325 450 71 191 46 250 308 248 193 60 182 833 364 290 699 91 253 56 260 109 415 258 246 372 368 48 196 346 359 345 244 51 274 39 177 49 82 79 204 407 408 352 257 377 36 674 486 399 362 243 555 72 716 92 100 525
563→988 1460 1348 1467 1469 1346 7 999 1485 1476 1 1223 992 1222 1338 119 1003 303 222 744 1061
564→988 1338 744 119 1093 1 1048 1469 302 568 301 727 154 310 137 269 863 558 113 126 312 262 134 271
565→364 267 943 242 678 260 167 295 4 526 254 360 124 36 51 683 691 276 93 241 80 97 403 142 190 181 269 281 243 137 41 529 184 63 59 250 612 57 31 92 48 15 1035 34 55 198 257 450 264 109 178
566→302 1460 301 121 119 381 579 305 307 224 40 9 124 261 116 134 558 560 269 312 562 137 928 0 1017 150 19 757 139 155 138 414 114 623 140 24 142 326 317 122 467 340 151 321 123 505 143 7 11 235 160 338 342 353 271 262
567→1 1048 988 1348 120 1454 579 744 1008 730 570 381 124 557 310 234 265 252 312 9 598 132 316 131 714 967 114 113 235 342 239 143 142 18 22 8 266 123 470 920 11 137 271 824 116 338 118 160 921 414 625 129 935 146 755 162 472 883 968 243 323 233 371 172 358 61 629 170 696 31 295 369 412 251 529 166 241 676 238 284 364 691 546 92 244 871 40 202 864 79 189 71 290 388 171 1037 278 36 339 835 325 173 41 63 352 169 46 360 280 631 175 880 179 692 401 51 178 104 635 943 672 103 596 299 973 260 242 527 450 679 182 273 1355 977 75 257 415 526 247 296 843 209 240 176 311 1407 686 279 451 205 39 411 3 929 86 471 1018 632 14 180 674 197 183 974 426 363 1067 658 48 184 105 192 403 59 72 100 802 80 429 288 585 489 418 646 248 873 206 1157 947 177 517 1132 480 366 534 1196 1449 590 274 47 630 294 42 611 32 488 250 68 195 374 837 187 697 716 493 191 34 584 612 404 55 474 168 35 110 43 766 368 951 1043 56 397 380 846 618 495 98 345 1125 377 77 215 445 1004 211
568→988 40 281 243 63 31 13 36 179 443 404 205 109 80 41 32 169 51 182 68 39 100 312 55 292 14 60 4 49 241 352 679 124 557
569→1 1469 221 302 303 1332 381 744 1364 16 154 124 151 31 148 24 269 326 149 9 113 314 118 558 0 137 132 261 123 142 116 322 310 235 147 21 271 23 134 789 472 340 320 150 607 353 143 328 324 470 11 140 862 160 384 926 27 906 904 354 458 159 625 40 385 316 786 921 1417 898 2 1222 233 114 152 1327 155 599 387 246 92 296 61 195 368 41 450 173 295 30 46 323 352 208 10 14 36 39 214 79 281 15 59 253 91 3 167 89 206 1012 166 34 65 791
570→1048 1460 995 558 31 267 152 132 265 130 155 668 40 252 269 266 233 18 787 124 271 335 321 319 268 154 916 560 113 142 137 184 182 192 291 940 241 295 173 716 190 502 451 284 276 100 834 631 283 97 62 166 676 3 466 308 292 850 47 13 181 627 277 535 1182 409 244 823 642 165 189 14 833 806 183 172 831 546 63 49 677 1437 816 364 394 371 274 629 325 71 880 250 122 323 243 517 41 286 58 80 206 51 86 870 175 10 196 672 87 352 4 169 1426 1338 119 1346 1323 1467 317 178 61 285 240 1490
571→7 1 568 302 120 995 381 1452 314 529 253 93 254 31 41 15 183 51 277 181 308 4 290 323 318 175 394 124 48 296 396 184 40 34 187 260 289 169 142 480 75 59 242 47 91 433 61 269 110 113
572→170 181 285 243 124 535 154 91 253 668 39 172 175 51 365 165 166 517 450 15 176 387 4 415 360 284 202
573→7 1048 1457 1 301 119 222 992 1469 567 744 1128 1492 1061 1332 1222 302 1007 303 724 1149 997 1263 725
574→301 1 120 1464 119 598 31 138 233 268 269 40 124 316 244 173 254 278 943 311 880 1208 596 79 695 1058 51 280 290 387 352 4 45 137 41 183 166 292 10 369 839 55 248 274 116 7 63 1460 1256 167 308 641 169 833 175 345 80 691 824 620 91 558 797 664 835 43
575→301 1457 1452 1342 1023 119 1346 569 730 723 120 302 381 1486 1500 121 1465 55 166 596 246 323 81 169 450 1016 277 295 173 352 189 382 175 108 202 51 843 311 63 233 183 4 415 675 257 248 880 1084 167 1126 629 36 49 299 14 369 57 914 398 981 471 40 339 241 41 170 412 65 92 718 296 93 454 474 546 215 441 243 79 836 345 46 280 75 274 42 98 187 56 404 61 171 83 631 683 240 50 250 31 206 791 943 674 13 15 254 399 409 848 429 893 534 325 109 388 278 112 244 1083 318 256 72 837 32 506 195 947 100 91 80 35 411 691 95 71 34 864 242 688 590 96 97 66 1205 273 38 101 177 59 251 230 86 1055 281 282 979 814 510 260 835 204 1046 48 1158 380 74 184 87 1147 374 408 39 298 1090 176 518 974 460 1095 77 372 615 90 10 538 493 490 418 620 778 199 383 294 290 592 288 259 44 200 1440 647 492 802 585 201 521 445 349 1148 212 102 955 211 111 759 515 517 895 659 69 407 504 1104 30 105 84 507 213 375 52 377 834 198 208 33 1004
576→302 7 1457 1093 995 1493 119 301 381 1417 1 737 142 1332 80 98 31 349 374
577→4 412 182 535 769 529 696 835 243 31 672 845 277 834 51 323 183 91 48 172 352 760 669 257 281 63 47 295 233 10 185 71 292 175 169 46 241 106 546 526 36 249 39 269 308
578→302 995 7 579 303 381 307 16 998 40 9 319 269 265 124 31 301 317 261 142 268 116 132 134 160 24 154 122 152 137 266 113 314 2 18 786 312 321 11 139 151 271 326 633 147 148 625 220 6 143 933 129 115 862 229 8 783 921 353 340 324 153 587 1215 159 328 348 27 1020 306 93 308 64 169 167 387 92 61 14 242 325 13 717 41 189 202 51 292 697 39 474 243 34 98 368 420 674 311 4 440 294 450 393 407 296 281 253 84 240 295 209 352 940 91 30 36 364 35 208 215 196 619 80 374 349 47 495 451 435 44 843 583 454 1001 487 86 68 43 471 88 186 794 363 837 655 72 57 89 630 533 480 176 207 433 585 102 341 100 584 109 204 592 1086 201 765 355 443 246 375 200 361 74 212 426 82 795 434 463 259 453 384 77 801 73 514
579→1048 1457 302 744 1338 723 730 1456 1487 1500 1455 1 1222 1172 570 122 134 18 124 261 598 233 155 234 560 668 0 132 136 321 11 125 353 115 118 310 786 123 819 921 783 24 932 470 472 159 1165 701 914 169 49 48 175 241 51 277 173 474 674 31 679 172 719 412 166 880 525 897 260 352 75 35 843 396 296 940 91 279 255 372 15 526 686 92 14 1339 1015 337 1037 1018 943 419 184 697 56 183 508 415 87 97 691 66 250 187 681 393 32 311 299 208 445 672 1063 182 61 290 96 408 1252 673 204 1055 585 555 176 460 517 44 1196 1125 365 240 246 538 186 72 765 195 297 794
580→1 1460 119 40 269 233 124 155 268 132 261 9 0 116 342 326 316 151 558 150 24 139 472 921 134 140 118 147 906 18 783 11
581→7 995 1452 301 1332 119 1267 1417 381 31 142 269 152 40 124 154 24 9 319 137 139 321 157 6 140 155 560 324 786 2 353 144 312 129 271 266 314 147 115 548 11 347 610 23 607 229 158 153 22 116 242 318 387 281 36 172 202 61 63 13 39 166 184 92 4 325 277 182 165 80 34 41 308 71 100 246 253 14 87 248 60 535 292 349 249 480 450 257 375 643 380 57 169 109 84 528 209 51 47 48 206 1342 260 352 474 110 243 254 433 233 897 629 43 674 167 411 585 374 82 215
582→7 758 302 1456 1500 132 40 31 265 122 134 138 266 324 757 2 321 140 235 18 118 261 149 972 1289 966 338 1327 886 472 384 599 328 904 17 357 348 135
583→40 254 629 4 181 51 31 142 57 169 48 656 295 292 170 39 396
584→302 307 1417 121 304 411 172 241 295 546 450 61 124 308 439 175 170 202 3 281 367 179 13 641 242 535 14 46 830 39 137 51 165 41 36 529 91 31 243 412 233 230 268 40 9
585→1 302 1460 301 7 223 120 224 307 121 381 784 124 40 31 233 322 269 155 2 22 980 138 142 132 342 315 610 222 23 9 116 262 137 261 714 316 271 19 786 562 0 118 822 24 18 147 123 11 321 896 783 157 623 898 340 789 219 320 522 151 384 414 220 563 161 143 338 932 467 336 862 933 599 564 229 314 153 129 146 160 347 162 25 472 17
586→7 121 223 304 305 999 567 725 1003 309 307 742 992 568 488 502 295 169 3 489 487 10 376 491 371 496
587→988 1338 597 723 1 1044 1061 992 568 744 7 725 119 304 303 302 1332 307 223 381 570 309 1417 1452 306 1334 726 995 120 1222 1366 1048 1456 1460 1263 301 137 154 598 142 124 751 470 23 315 335 9 972 140 132 316 116 414 113 126 149 220 922 235 151 326 143 321 147 22 11 1017 129 933 24 134 118 606 153 324
588→992 119 569 1452 7 223 309 120 1332 121 303 307 998 1510 134 124 132 315 142 336 562 340 321 140 9 24 151 316 414 623 11 338 269 116 558 271 334 161 231 25 225 329 522 232
589→1460 1048 7 304 1 1173 730 1338 302 121 994 995 119 1228 582 223 221
590→40 31 172 281 308 124 319 269 157 261 126 142 233 138 140 321 24 607 219 340 11 51 671 535 178 63 109 529 243 995 253 71 251 42 41 189 39 173 369 323 4 242 68 13 56 193 411 292 290 835 169 360 295 185 92 47 15 61
591→119 1338 7 1455 222 1454 302 307 1452 306 124 138 269 9 470 23 557 353 151 334 137 24 384 143 317 11 147 116 18 160 324 326 320 338 125 610 912 354 607 129 1020 603 333 626 1321 414 158 604 336 458 587 348 986 328 934 14 31 41 169 165 51 36 63 13 281 39 585 207 201 454 68 212 205 209 380 200 109 100 32 243 55 1213 65 246 592 204 480 208 215 1148 362 214 485 405 479 199 811 202 155 219 220 586 535 786 184 506 57 4 34 49 45 471 90 44 407 87 361 35 913 846 3 533 498 443
592→1 301 1457 7 1008 1223 1469 988 1346 1460 999 222 1173 1061 568 1224 723 744 303 579 302 731 119 1337 1332
593→1 221 1346 1255 744 1498 1332 582 1500 570 1452 306 1417 1467 119 730 302 988 1048 301 1460 307 579 943 978 310 15 691 629 39 61 40 51 352 1108 4 171 358 285 295 281 335 41 387 451 56 679 124 187 31 495 678 277 169 420 922 242 240 137 316 71 49 60 648 172 558 234 92 290 265 176 668 97 110 136 271 297 189 243 598 100 204 697 250 23 377
594→1 1500 307 223 1023 1460 995 1008 1044 1464 1048 1348 301 988 401 14 31 268 1414 15 1152 181 670 243 321 558 13 281 546 234 267 137 668 648 310 415 41 4 922 557 252 227 142 269 122 136 316 271 140 494 263 113 9 151 18 266 114 414 24 1017 921 143 160 22 334 116 21 861 132 11 338 342 148 118 8 129 912 147 783 472 599 17 522 312 63 814 527 56 175 192 36 51 506 184 166 40 80 282 634 61 178 256 62 34 106 352 57 110 295 202 870 1084 669 286 72 68 206 165 404 674 1055 1013 244 358 91 325 240 487 82 79 90 355 66 388 100 938 109 690 32 93 274 492 294 45 187 766 799 1467 562 1452 862 559
595→1467 119 1044 995 1048 1460 1172 1 992 744 1471 1348 1500 1456 1249 252 1130 239 558 310 260 487 570 994 999 381 305 7 302 223 307 62 598 352 597 166 656 4 124 988 175 91 171 169 394 92 2 295 256 1037 366 1161 415 10 183 254 273 71 301 224 121 269 264 132 234 668 268 235 1329 136 335 626 316 271 141 140 116 114 261 266 9 21 113 17 916 151 11 129 148 600 334 18 972 262 24 714 321 134 921 384 26 1017 123 414 472 912 338 385 118 336 135 906 149 751 282 41 46 97 47 184 249 206 948 399 506 42 372 843 471 802 274 368 14 180 208 57 488 187 36 165 51 31 420 40 629 168 61 534 766 363 298 88 881 585 79 492 66 296 837 177 44 185 451 100 294 214 35 418 355 5 590 108 1095 72 87 947 209 650 32 89 247 43 493 690 56 195
596→343 31 48 39 269 596 169 264 110 352 780 40 889 506 124 291 394 56 93 51 63 61 4 717 277 14 260 470 178 195 197 247 674 474 295 3 71 112 274 757 59 127 80 193 13 486 154 177 184 629 205 109 204 419 299 271 9 861 433 152 54 538 91 113 409 480 179 166 129 147 55 605 41 98 60 546 7 35 57 32 509 34 200 321 762 590 96 100 18 366 374 720 313 165 713 136 311 431 24 84 50 443 570 44 585 489 552 813 215 452 376 476 1125 199 487 43 380 399 355 533 802 408 491 454 543 320 111 338 135 211 463 209 258 503 467 895 333 164 428 496 520 218 477 698 102 324 210 1148 461 340 592 341 778 593 328 453
597→7 1346 994 1 1454 1082 303 579 737 121 1003 1461 1417 116 122 113 132 1332 2 120 302
598→992 301 1460 988 303 723 1452 1492 223 120 727 730 221 119 302 744 381 994 116 124 134 252 132 315 316 140 557 265 310 9 335 312
599→51 411 184 474 526 31 48 41 56 112 296 4 35 91 79 89 43 677 269 251 450 106 110 880 170 506 86 345 261 40 311 691 318 30 66 83
600→1457 1263 1346 1460 1093 1 730 301 119 1342 568 1044 744 994 302 992 303 1222 1061 381 565 1048 121 1337 570 120 223 305 307 1452 1000 1456 1467 988 999 1366 1023
601→1467 301 988 1460 1223 582 1346 1469 307 119 1338 7 304 302 744 381 1454 309 305 1417
602→988 992 1498 7 1460 119 302 994 301 995 730 1228 1456 303 1337 223 1476 999 381 121
603→988 1093 992 1 1417 301 1457 570 994 303 568 1332 1342 723 744 119 1223 223 302 1337 999 120 1500 725 121 309 565 1061 381 431 251 166 41 489 394 233 230 244 182 31 292 387 183 1236 691 281 202 360 323 546 318 61 363 526 352 295 3 63 325 254 558 474 184 169 412 32 13 137 312 170 679 191 34 694 39 369 415 880 830 40 15 973 864 311 175 124 48 393 834 243 28 46 10 835 260 280 9 122 396 172 246 1148 55 399 206 1108 1053 943 429 629 42 179 142 398 77 791 490 860 56 364 418 262 368 1161 80 420 49 241 538 349 315 882 11 277 299 633 65 613 374 36 533 406 975 471 187 585 488 116 215 683 132 208 856 873 407 165 326 646 486 59 475 377 18 83 43 136 454 204 274 684 1219 881 375 101 408 109 1083 534 414 134 763 68 100 337 1145 316 79 413 82 766 98 355 665 341 273 200 493 38 209 24 592 507 338 129 147 231 1037 1132 44 334 811 841 1095 203 820 199 846 33 476 504 1230 160 906 702 735 211 1162
604→233 301 40 157 31 353 9 142 155 11 338 160 326 987 24 143 121 474
605→36 31 41 281 40 473 169 485 292 100 202 14 243 233 13 51 80 39 480 142 9 454 109 326 204 207 147 126 98 206 585 55 24 200 208 215 32 211 474 349 201 210 160 209 470 212 342 199 111 259 11 369 450 93
606→1 1498 1460 1454 743 1469 301 1093 302 1332 119 1452 120 1003 1417 31 125 137 124 40 604 748 603 24 225 8 25 338 7 161 142 1479 157 1487 152 1455 605 295 169 46 10 3 486 489 443 501 492 476
607→1 1048 223 302 737 121 137 124 154 140 558 269 262 668 132 266 335 239 138 113 264 9 235
608→1048 1 1348 1093 758 1346 119 738 1487 570 1500 307 988 302 1461 124 340 321 324
609→7 1222 302 121 120 223 1482 306 995 119 1 743 381 307 16 570 737 1465 1475 224 1026 116 316 142 310 137 9 344 557 269 334 235 234 154 910 22 114 152 11 132
610→1460 1 1498 1467 1492 1470 597 1172 1263 1457 988 1223 1048 1338 1513 1346 1044 1469 995 1342 301 1023 992 1471 221 1008 1003 303 1222 1452 119 731 304 1093 1128 579 1497 999
611→988 1460 579 1498 1003 1048 758 301 730 568 1172 221 1008 302 381 283 24 0 446
612→1 1223 1457 1487 1347 301 1364 1346 1008 1261 1490 1466 1093 738 1465 7 303 1003
613→1460 1467 1514 995 988 1472 1464 1511 1044 1023 1348 1471 1481 1048 1267 1510 1469 1346 1259 758 731 1457 1477 1261 1513
614→7 306 771 124 780 169 46 193 295 3 779 490 376 488 491 489 492 443 480 137 495 487 493 194 10 476 499 875
615→221 1263 1460 301 7 995 302 1346 305 97 57 277 193 68 526 308
616→1048 301 381 935 269 261 142 24 18 132 113 147 328 338 626 472 340 129 11 266 160 326 21 350
617→301 1467 988 1023 1 1460 1457 1500 281 171 387 58 124 269 48 166 230 291 1161 34 103 629 815 411 41 202 137 170 62 282 256 40 182 15 94 46 297 31 208 951 142 641 643 172 173 363 243 451 833 253 183 87 1412 323 555 845 295 880 42 168 766 271 955 881 672 192 241 273 1418 688 864 251 372 388 206 1063 177 51 631 3 71 65 572 79 10 36 526 75 409 56 260 274 791 290 648 80 101 1042 110 184 61 558 240 450 415 287 286 646 1126 637 364 254 242 435 311 247 496 167 111 356 1148 114 248 1157 397 212 91 1098 939 24
618→988 1498 7 1460 646 260 250 848 943 880 897 175 412 51 3 184 295 4 36 39 63 169 420 596 254 31 15 37 277 973 492 274 71 41 61 233 183 372 629 202 290 632 398 403 196 769 92 165 56 48 583 387 166 419 364 257 360 97 176 87 99 101 52 258 659 1125 799 697 429 34 180 552 1092 941 74 88 255 375 187 408 93 182 367 28 275 1256 369 823 1340 642 977 835 318 251 230 683 816 177 284 691 401 178 1515 1161 1241 371 1159 951 170 1209 426 1098 244 249 195 525 409 1116 635 91 1139 191 656 345 1516 1350 256 382 404 83 845 411 699 400 1331 671 29 694 67 54 399 791 415 715 72 538 1083 1517 339 1102 887 205 1408 273 356 247 366 1428 975 1518 836 1519 377 634 881 1004 1520 168 363 1521 5 410 909 1154 630 38 948 368 406 89 1522 658 873 1414 585 43 418 283 413 690 1031 1148 210 1523 1027 1213 766 650 1203 362 1524 1525 1526 237 1527 1528 614 1131 663 590 1214 378 102 407 1211 1529 370 1090 1043 891 1234 1099 834 1132 1096 12 1162 664 1374 1458 298 1157 1155 416 531 422 1040 1182 1039 428 857 637 1230 1117 1505 665 959 1438 939 1406 1106 1160 661 1179 1409 639 657 1429 245 421 666 1005 847 627 1530 1015 14 352 914 762 674 242 189 450 1012 193 60 241 526 49 678 311 686 672 57 192 435 1531 1532 1393 294 439 359 279 432 440 77 978 796 35 289 1218 1411 1047 82 47 938 454 84 358 68 451 198 433 355 291 66 1434 449 1412 164 452 214 69 794 947 186 457 485 698 1072 460 90 188 945 361 445 73 765 584 846 793 453 436 405 798 681 704 1041 797 777 868 644 468 1073 1192 965 1089 888 707 463 1087 455 389 383 1220 1210 595 1038 461 456 706 438 1011 1123 709 434 852 792 647 849 1188 459 800 1104 1395 944 795 919 465 1385 379 961 801 1046 807 1034 705 1440 442 464 1071 708 1146 448 447 281 179 471 40 215 13 80 474 100 32 480 55 201 1533 243 98 388 207 209 208 212 246 109 1377 200 206 65 892 380 204 1036 174 349 1416 374 213 397 218 895 592 483 211 259 111 479 481 808 199 594 476 866 811 194 581 573 216 620 530 390 1232 417 556 477 217 203 621 771 1443 875 46 1444 779 780 874 1445 768 502 772 487 759 10 773 488 493 489 490 1330 652 376 1142 774 495 346 711 778 1051 710 491 775 499 618 713 501 776 589 760 654 503 500 782 497 496 655 653 276 197 325 679 631 248 537 280 288 1534 1120 613 696 1138 1407 392 615 856 611 612 441 1535 858 1006 617 534 541 536 1536 542 391 540 59 75 1397 506 940 86 296 509 50 110 688 1022 286 107 790 511 79 30 112 517 81 53 507 85 293 1537 510 515 504 1067 76 70 521 802 96 719 185 673
619→1048 221 1457 988 1008 1338 1452 1093 1460 1487 1172 1000 1511 222 301 1492
620→301 302 381 286 95 202 55 261 4 963 183 59 34 50 76 175 60 48 629 32 308 184 843 717 61 169 63 450 116 296 352 504 1053 167 89 75 269 15 101 338 837 140 260 93 254 277 46 37 40 517 940 35 43 981 293 493 534 132 185 790 689 688 7 757 334 798 855 31 41 628 638 314 1001 599 487 194 579 351 464 862 87 340 82 68 435 355 853 88 328 84 623 294 896 704 442 29 794 467 698 445 796 164 383 357 783 765 320 361 459 890 1089 129 1395 644 800 961 460 458 801 456 324 701 73 453 965 795 849 797 705 1087 379 807 135 1026 985 1020 384 348 1066 159 469 1074 936 1073 463 507 112 107 509 511 1113 1022 514 521 680 1114 100 200 210 207 625 11 201 380 23 477 147 143 621 417 867 216 39 24 932 626 57 51 14 86 782 242 397 219 448 449 77 111 573 556 488 769 606 485 1148 158 157 66 506 461 8 155 478 79 115 674 110 861 21 9 465 659 421 415 364 92 1115 387 975 72 408 1027 1099 38 368 407 187 52 350 299 266 406 399 290 1004 99 1460 552 585 228 199 594 468 535 62 53 802 243 523 848 510 70 341 85 271
621→119 1346 302 7 301 1454 120 121 737 224 16 305 582 233 31 558 137 124 157 40 2 261 0 321 142 269 312 9 134 132 24 19 338 140 114 623 116 316 113 147 155 467 160 472 328 138 606 896 588 1017 123 861 384 324 118 437 235 519 143 219 505 912 135 357 927 161 599 932 1327 783 701 789 27 231 25 906 350 591 166 79 167 67 295 41 250 61 248
622→119 1 1023 1048 1337 301 1460 7 1093 302 744 381 1454 730 1173 303 579 1008
623→995 1061 7 723 1454 1420 999 1460 1346 1003 1452 119 1469 727 381 302 1500 307 120 223 306 1336 1456 301 303 1492 139 134 137 9 154 124 136 11 310 326 140 315 113 252 127 132 714 138 317 23 321 562 316 116 883 353 151 114 20 147 143 338 333 118 24 320 571 324 604 904 160 329 159 21 458 755 144 623 148 467 921 561 862 606 350 384 158 354 231 357 986 202 295 14 51 169 61 474 629 184 41 31 918 4 36 40 165 432 583 193 585 242 166
624→1223 1469 988 1467 301 1048 1342 1457 1093 7 1460 1061 992 1452 1222 302 309 999 303 744 119 1249 1500 994 305 1332 223 307 381 121 732 1417 737 1456 1420 714 134 335 137 268 264 31 233 984 124 40 157 322 20 138 23 598 315 2 267
625→7 301 1460 999 1343 302 381 307 1332 309 1417 1228 519 269 507 506 107 185 509 110 79 514 59 1022 50 511 520 517 689 813 521 1379 528 790 293 41 51 202 412 233 55 244 281 31 169 165 40 474 243 36 629 14 68 471 182 206 80 98 13 214 404 39 109 205 246 208 179 63 845 100 65 204 480 526 28 209 200 345 32 380 454 349 199 201 211 207 374 397 111 585 592 552
626→1460 1346 1 1093 1467 992 301 303 119 302 7 1348 1452 1500 381 570 737 999 723
627→223 119 1364 1336 31 40 22 124 151 113 321 472 599 123 1327 97 184 4 369 308 674 450 253 198 66 189 14 187 911 195 77 383 84 355 702 698 595 1038 183 34 254 48 364 91 61 411 408 72 368 83 382 377 74 88 363 552 1031 1005 169 419 59 185 517 190 506 79 181 790 50 509 110 112 107 269 757 132 118 240 352 44 912 43
628→1093 1 995 7 301 1048 222 1457 1513 1464 1149 988 304 120 568 570 309 732 352 75 243 1047 276 14 643 897 685 173 679 169 166 360 3 638 930 631 396 369 183 15
629→1469 7 301 1460 1476 1222 1093 1363 1478 119 1364 1332 1454 302 381 1255 1452 579 994 570 16 1417 728 80 98
630→1460 98 80 349 374 301 142 477 314 6 109 31 41 40 204 152 641 48 442 55
631→1460 122 789 1329 134 271 314 338 302 926 385 155 149 125 148 8 985 904 333 115 972 353 472 921 1254 1020 113 321 138 1327 322 261
632→7 1467 1048 988 119 1460 1 744 1452 758 1222 1338 1454 994 570 1228 1487 1417 223 381
633→1 995 1452 988 301 1492 1469 1365 737 1417 1454 1465 307 1334 352 693 549 3 281 230 529 396 61 380 394 679 411 246 170 242 325 285 871 669 816 169 193 1165 318 40 172 182 635 183 13 180 189 167 238 691 295 154 4 178 31 930 284 277 1422 185 771 124 92 387 880 535 372 830 244 1205 558 388 656 71 282 292 685 629 637 253 323 241 717 15 269 138 576 596 672 700 41 941 10 165 59 470 252 168 276 142 495 257 1015 299 80 97 894 1208 100 1236 177 409 555 278 287 1350 51 393 254 517 273 1418 191 91 227 759 368 250 187 28 50 683 598 5 184 870 137 171 109 806 1060 633 126 834 489 363 413 48 345 179 311 312 420 46 1084 451 271 480 308 1414 57 590 206 610 274 247 684 36 780 365 720 234 837 643 1180 63 236 546 716 221 47 658 60 627 68 677 1558 256 366 1102 471 682 297 104 751 248 265 14 1002 125 493 249 611 506 131 202 141 547 201 62 538 260 962 369 794 261 848 1095 34 291 11 769 195 364 864 678 487 1161 39 288 166 533 976 860 98 321 766 450 280 548 709 375 243 176 376 630 294 175 110 823 418 486 664 18 415 377 148 196 475 585 410 30 419 1004 523 408 207 86 85 262 327 337 722 129 209 56 399 20 947 208 649 205 289 251 87 757
634→1460 31 40 307 120 219 931 14 914 308 4 35 71 277 192 352 49 268 643 187 47 124 311 526 251 92 1205 295 282 547 42 836 256 529 546 717 845 292 1014 757 930 372 183 387 1015
635→1498 1 132 233 122 301 31 326 263 268 633 182 679 173 339 311 238 138 364 839 337 369 282 387 61 281 170 411 48 393 296 560 105 202 596 635 241 683 51 880 13
636→1469 1346 1048 988 1093 758 1348 1266 119 1467 1460 1 1498 1492 570 1457 302 303 1465 1500 1336 1456 301 668 265 134 933 122 262 266 131 558 124 132 1130 263 138 114 1165 268 321 270 261 598 353 315 316 885 239 861 113 18 150 151 235 328 472 129 140 340 160 24 123 338 118 26 883 11 842 599 146 320 184 166 51 412 52 242 691 683 360 864 364 646 65 672 165 93 15 182 71 14 251 92 339 3 62 325 250 1205 648 880 631 181 202 173 243 172 918 387 943 1016 230 169 679 295 1116 525 61 1037 629 1063 282 318 41 411 546 31 46 13 260 87 36 4 42 352 403 183 930 845 82 399 208 40 290 244 34 277 388 369 241 1084 914 814 526 48 249 276 171 843 897 1154 420 175 233 255 95 676 91 1030 372 450 110 941 674 955 946 686 493 299 72 979 75 101 1161 247 791 57 280 254 278 105 192 104 170 488 66 108 656 246 596 363 177 85 28 527 167 419 311 1058 187 406 345 860 198 471 377 288 538 409 474 408 56
637→1048 880 172 63 281 675 173 364 37 372 387 42 929 318 31 277 55 437 641 1252 75 97 290 256 669 517 181 889 674 266 299 59 190 65 296 100 286 257 116 282 450 894 1050 837 49 101 85 679 15 71 36 142 140 105 13 80 96 678 267 4 233 24 861
638→7 61 323 92 41 233 51 364 165 845 63 243 170 257 241 65 172 269 339 861 175 154 412 526 325 411 177 47 836 280 178 352 409 246 558 312 631 202 4 124 39 40 86 951 697 694 506 90 137 28 59 182 254 167 525 88 367 948 48 470 632 57 398 179 277 93 420 3 299 46 833 36 189 1159 941 14 166 870 359 253 290 173 720 250 176 415 478 197 13 288 247 674 310 679 58 830 130 429 480 97 260 432 191 401 281 15 273 555 256 813 31 529 80 37 630 407 366 881 274 1042 433 289 327 311 205 360 291 292 68 71 183 295 87 382 209 142 248 394 297 404 509 272 34 184 112 475 127 242 194 193 276 45 113 10 493 204 696 262 293 538 91 620 320 1151 443 377 376 486 419 489 1116 20 454 206 11 75 96 769 316 104 517 79 84 471 109 60 271 1004 508 126 55 236 487 50 208 24 495 1098 488 975 140 284 688 474 361 35 214 66 365 152 100 32 399 1414 353 380 185 426 794 56 116 510 626 614 652 49 450 418 125 514 689 611 326 383 74 200 406 715 1112 146 111 440 187 151 452 38 258 1125 342 521 296 1099 81 346 330 408 52 431 54 921 453 507 134 374 375 30 709 1027 485 548 659 385 1162 496 117 212 201 490 349 129 416 215 808 147 533 615 790 98 938 735 44 519 763 585 1011 107 77 583 43 1012 392 338 29 160 498 449 476 294 444 464 340 783 647 12 511 458 849 650 355 801
639→1093 1457 1467 1365 1249 302 988 1478 758 1346 1464 731 579 119 737 223 1338 999 1460 1048 744 1498 120 1173 994 1336 995 1452 1061 1128 1342 7 121 224 1466 1 1500 570 1456 1364 1476 1482 1455 1224
640→1457 1061 992 988 1460 1222 723 301 1469 1476 303 119 302 999 223 994 568 9 230 31 233 312 40 2 19 322 155 24 11 139 160 338 220 326 147 219 121 158 7 329 51 281 202 412 169 36 63 165 182 629 179 55 32 1213 13 404 471 100 292 39 206 208 200 209 342 204 214 215 246 201 585 362
641→1048 1460 597 1467 988 1348 1492 119 758 1457 1172 1 1223 1478 732 1173 1469 1023 1464 1093 221 1338 744 995 1346 7 1044 992 568 1222 725 730 1266 1332 1479 1498 1003 733 302 303 579 222 1500 1490 738 120 728 570 1417 305 307 1563 1456 727 121 1465 737 1336 742 1507 1337 301 743 1082 1000 741 224 998 1493 16 1257 1334 1466 559 124 605 154 137 312 128 313 266 598 122 824 252 138 668 239 265 755 505 557 268 269 714 131 335 1197 787 142 132 9 264 23 316 466 148 344 331 261 152 751 315 227 113 141 916 820 114 234 310 633 317 270 125 886 470 271 136 263 980 127 321 414 151 385 22 150 342 606 883 333 129 126 753 829 966 967 18 262 24 494 11 327 921 143 1080 626 608 863 8 1352 242 1345 694 845 95 295 672 323 371 893 835 400 871 249 47 880 233 572 51 276 48 280 546 366 1010 244 169 547 251 953 369 693 4 183 41 15 299 175 1016 951 537 257 700 206 286 412 202 368 760 596 388 176 31 172 656 918 432 3 339 697 62 387 97 91 646 311 167 173 92 182 243 629 45 677 403 110 246 241 696 93 630 401 635 372 165 692 973 1350 282 279 168 669 930 358 363 189 71 679 178 285 894 278 1156 981 291 260 367 166 868 180 411 42 529 273 177 1083 197 683 806 364 612 60 106 791 72 1209 284 94 671 61 171 699 46 642 716 1050 58 450 675 691 103 5 409 230 1102 678 674 686 56 833 652 170 451 288 75 889 238 648 250 962 50 947 943 816 634 1139 281 404 837 63 860 325 40 254 296 941 287 1095 185 506 474 864 10 1031 1159 360 80 914 769 65 1434 631 948 198 192 471 525 974 57 352 823 1055 28 419 843 527 39 1521 831 13 1157 577 1001 1030 881 632 68 637 274 979 413 205 105 627 1256 109 359 86 415
642→7 1452 1 221 995 1338 1492 301 1467 1172 1223 1044 733 568 1457 730 302 304 570 597 305 303 567 732 1498 997 742 1417 31 310 335 40 915 124 154 2 157 141 598 1323 266 319 113 916 322 560 605 127 142 132 321
643→169 538 282 679 345 240 4 195 55 93 3 84 31 596 529 894 506 61 248 71 51 369 57 843 250 36 241 1205 14 415 40 301 114 157 1065 152 1022 387 320 1452 1346 302 381
644→1048 302 1492 727 7 1 1255 490 308 242 71 411 182 295 973 360 771 1088 1030 669 761 169 759 3 124 137 193 46 10 495 489 780 487 655 346 763 371 376 491 493 480 325 166 631 276 696 280 897 281 142 535 257 116 214 98 432 154 122 148 234 265 668 130 268 227 317 129 335 714 352 47 241 834 60 686 4 672 674 697 14 627 189 178 184 311 356 176 97 1012 274 355 947 678 187 1015 359
645→61 171 234 175 167 169 1084 529 233 973 717 268 1037 360 308 669 56 106 276 260 278 261 95 254 547 296 75 280 83 687 914 240 97 682 241 34 84 110 269 634 35 315 76 277 114 814 352 184 506 646 290 685 943 930 210 299 372 242 281 132 63 28 133 903 318 62 1242
646→1460 119 301 7 175 260 474 41 103 848 387 214 122 14 166 281 40 36 880 929 870 179 112 124 3 292 850 57 318 202 403 9 269 31 261 130 24 314 757 271 2 137 381 560 139 134 786 19 470 789 302 113 23 316 132 140 155 157 114 472 219 342
647→1093 1 119 758 988 1172 995 1511 1467 723 568 1048 1452 1348 301 570 1498 1173 223 381 1500 1336 840 31 40 155 319 2 314 1502 233 244 173 295 183 34 51 918 253 48 4 171 243 628 367 394 880 372 94 261 132 1422 948 1036 546 172 529 234 181 178 166 598 189 596 845 92 14 943 557 63 1205 196 323 169 535 1219 292 387 242 263 249 195 308 638 269 122 412 15 290 364 267 165 833 388 285 360 282 296 669 870 190 185 177 114 58 339 142 175 697 836 837 272 611 93 56 429 630 363 287 62 352 247 106 1339 197 656 206 192 71 168 316 124 843 79 57 420 246 41 256 366 1426 251 170 134 109 325 547 356 13 450 1238 198 631 97 137 480 365 66 411 184 193 266 80 9 281 555 658 1030 924 648 91 149 103 1063 953 419 39 47
648→1467 1346 1003 1460 7 119 222 1454 723 307 132 124 123 40 97 202 165 95 306 999 727 730 579 734 1465 120 303
649→301 1452 119 741 1222 302 224 31 233 155 40 230 0 241 243 15 63 364 845 699 39 979 42 122 635 173 278 142 930 345 4 633 14 167 93 242 648 790 48 276 184 973 1242 669 13 676 527 106 269 274 281 254 412 837 192 526 897 576 691 387 251 451 311 260 914 41 880 687 35 771 323 98 51 65 45 32 940 110 92 943 83 178 546 80 677 843 1037 75 814 256 296 506 670 308 292 631 299 1236 696 692 287 893
650→1513 1338 1263 119 1469 1492 1172 995 302 1 301 570 1149 728 568 1048 61 91 170 4 951 295 244 14 10 290 717 13 15 230 839 393 260 173 166 202 845 51 339 183 95 196 596 387 629 175 233 46 311 182 420 394 318 31 65 352 251 98 178 124
651→1 222 1259 1093 1222 1008 301 1454 119 570 302 730 744 1455 381 121 1500
652→988 558 326 137 124 598 269 138 626 122 18 114 234 559 321 132 9 262 265 7 751 557 154 315 116 235 312 268 668 320 787 562 149 252 160 266 608 21 11 24 147 23 148 818 921 146 754 25 561 757 1302 351 912 17 829 166 370 396 914 277 835 37 284 627 674 173 388 296 254 175 634 830 415 251 92 656 451 36 360 295 632 345 48 635 292 233 181 184 250 387 281 506 325 190 323 31 0 267 1 157 2 230 322 40 1137 134 51 172 529 572 50 189 420 276 815 15 941 717 63 613 1161 646 180 366 237 979 672 241 526 555 256 170 71 419 169 823 183 182 631 845 46 411 1043 525 290 247 257
653→1460 1500 7 301 1 1498 1469 302 1452 303 121 120 119 381 16 565
654→1172 1500 1498 1 1347 1483 988 1497 1460 1346 1567 1470 1348 1222 568 1337 1260 223 381 1456 369 387 596 46
655→1500 995 1338 7 1467 992 1048 1498 999 1456 1000 235 31 114 234 239 18 124 316 912 319 125 138 933 1017 563 269 113 135 23 786 972 271 132 133 261 340 116 17 0 9 148 472 623 338 600 967 121 324 353 147 844 883 146 1020 1065 348 701 1312 254 372 1127 248 242 166 558 352 260 165 195 363 184 169 295 187 590 914 38 860 90 35 359 43 88 44 108 57 355 83 66 341 794 846 584 801 596 140 249 91 337 368 97 252 61 791 56 766 72 48 160 99 365 1031 418 382 1005 975 552 12 666 274 14 84 433 446 702 460 442 905 379 698 464 453 457 461 449 383 798 595 957 351 463
656→2 136 757 9 24 132 269 23 310 124 315 114 113 116 558 1460 723 119 1500 988 1346 1093 1454 744 7 1222 301 992 303 302 1003 729 996 579 623 138 169 295 492 480 502 491
657→1 269 319 267 381 31 9 126 40 19 312 137 157 470 11 2 160 24 162 143 338 161
658→1460 121 579 307 1455 1417 743 31 40 261 142 155 11 95 474 51 364 929 61 167 260 450 643 175 41 251 311 526 280 42 718 14 295 75 1063 97 297 24 254 98 91 242 380 184 15 513 10 196 1055 80 345 337 296 281 46 802 79 55 486 13 48 85 112 688 71 791 140 299 59 471 511 50 86 30 1126 504 84 493 923 246 506 720 490 790 757 524 293 70 212 593 495 89 271 841 355 375 143 508 351 349 873 510 340 497 1538 199 702 374 512 1158 552 1241 521 680 899 476 1100 361 338 496 259 618 805 518 956 514 383 879
659→995 992 63 257 813 137 396 1002 1240 233 264 1320 242 183 40 92 169 292 179 308 629 815 15 310 170 284 60 394 178 184 31 277 311 871 37 836 172 506 281 265 189 175 241 41 128 93 295 831 1350 95 364 4 761 897 165 885 546 97 59 176 371 691 51 61 318 13 39 299 1187 526 674 559 672 167 450 276 47 557 788 1229 319 331 2 827 1323 154 1421 269 270 141 861 714 230 9 266 115 787 320 262 301 19 386 157 317 937 322 883 304 21 969 131 626 560 142 23 562 152 126 116 1568 312 786 916 125 886 271 24 633 321 480 10 490 779 439 376 488 489 491 346 487 495 655 416 503 194 502 438 778 713 496 1051 500 782 653 476 440 57 678 192 294 49 14 71 432 358 279 359 68 164 198 485 29 84 709 182 243 404 244 474 36 412 202 55 205 214 426 585 206 200 388 100 109 845 32 345 201 273 246 208 98 199 380 471 374 207 349 211 209 204 362 212 552 215 454 248 325 635 611 614 288 548 630 363 286 722 58 188 190 517 79 528 521 50 110 112 185 293 790 514 855 180 656 196 5
660→7 1460 121 302 737 223 224 269 116 132 11 124 136 160 9 137 261 113 23 150 317 1165 158 138 271 757 329 24 321 861 21 340 135 235 326 338 747 513 330 8 862 336 588 467 472 599 143
661→1500 7 1469 1498 525 31 474 206 132 282 41 4 243 63 233 387 57 202 92 154 319 40 24 152 124 314 312 322 167 15 269 241 61 59 415 411 548 183 257 170 242 260 48 249 262 169 71 14 168 47 66 310 452 184 189 178 187 369 887 850 526 77 60 274 176 294 674 277 97 335 432 450 730 914 221 320 355 435 266 433 379 698 123 383 464 73 460 164 457 968 783 463 623 84 324 485 610 818 453 82 87 361 461 129 1046 348 353 328
662→119 15 529 183 914 124 323 84 63 369 41 414 4 242 880 671 254 233 766 92 506 277 295 278 169 696 109 1056 32 166 142 80 873 57 757 943 335 48 269 246 759 40 261 296 358 646 675 71 678 244 49 175 677 79 474 230 37 1144 241 683 360 177 137 65 182 14 403 363 178 138 173 51 669 282 515 364 248 450 312 596 13 897 281 412 243 1242 202 184 56 206 1050 110 345 34 132 31 187 165 196 260 557 240 409 39 207 352 894 674 393 526 55 1145 299 292 375 105 249 453 688 814 271 192 603 95 325 337 167 341 1115 211 415 44 75 374 929 861 889 1014 36 170 91 353 480 555 1027 98 308 406 321 24 195 66 475 77 440 429 521 533 11 399 1037 349 212 504 61 201 380 293 361 584 89 794 114 101 489 209 495 713 1509 509 956
663→119 7 988 696 281 276 13 46 197 3 208 201 502 493 404 488 538 398 206 492 534 426 408
664→1569 1498 1048 1452 1259 119 222 1093 1417 1454 579 381 309 737 121 1479 1476 1460 1457 1487
665→1498 149 917 271 330 261 559 137 268 113 558 269 122 920 24 140 513 132 334 316 151 7 23 26 353 588 606 136 338 328 8 712 505 607 985 861
666→1 1452 7 992 124 1175 1367 568 1570 744 1173 352 683 183 242 372 202 345 31 36 169 41 13 63 42 179 295 37
667→1460 301 1467 992 995 1048 1511 1469 568 119 1338 1487 304 221 1417 744 726 302 305 579 381 730 570 737 307 306 121 1456 224 227 124 2 133 122 557 840 605 1301 1318 598 156 137 130 31 154 310 252 319 138 157 817 234 315 558 239 149 312 269 809 8 220 19 668 472 24 40 924 266 1183 113 1190 265 824 132 9 134 606 357 140 626 1324 136 6 314 127 1425 155 264 151 1002 968 342 470 1197 818 139 786 114 1322 789 599 11 916 966 320 129 563 123 219 522 126 333 386 1137
668→1460 301 7 598 149 23 261 140 302 1457 1008 221 731 1482 1478 579 1364 667 1466 1493 737 742 1334
669→995 1469 570 301 7 304 381 306 302 1008 305 307 741 1149 742 1228 863 319 557 31 124 312 714 154 2 122 310 40 784 233 234 142 262 132 320 610 134 315 152 886 0 129 261 818 324 328 114 271 340 113 116 24 353 385 118 151 220 147 6 414 20 608 437 117 1215 22 384 1312 226 153 821 8 143 753 161 519 745
670→1338 758 646 282 930 43 290 894 1093 138 302 137 2 1569 1 824 860 193
671→302 307 121 124 252 1017 132 137 269 261 140 122 221 668 118 353 316 220 187 526 672 14 169 359 674 184 138 31 40
672→7 1467 1452 1338 301 1460 1562 1222 999 992 1003 1454 119 723 568 381 744 727 223 302 1336 305 1337 728 1500 202 166 61 175 56 165 367 48 91 254 87 629 398 258 658 422 67 585 538 848 406 1213 43 663 416 659 552 657 1039 100 454 39 179 169 36 55 63 206 201 211 209 811 207 111 246 208 32 479 1036 200 214 204 480 215 866 592 199 481 390 98 203 573 218 892 405 556 45 57 523 4 355 49 44 459 66 705 801 248 856 288 858 895
673→1567 1337 302 836 244 3 46 716 42 894 167 339 13 835 372 323 41 364 59 953 15 281 631 51 4 628 233 48 940 260 183 290 189 50 638 280 31 172 973 53 1037 368 109 92 253 62 170 105 184 387 288 55 171 450 308 14 318 401 86 669 880 287 257 63 243 47 97 140 85 352 10 6 683 282 110 678 843 251 369 77 411 355 526 284 648 388 889 57 529 271 274 1053 547 173 585 24 61 486 75 962 152 506 676 686 34 1236 108 672 45 700 687 91 815 1063 192 363 71 247 114 56
674→7 988 568 1 1348 738 1093 579 999 1452 1482 570 119 1456 1336 728 223 121 381 1487 569 1562 306 1455
675→1348 988 301 1460 119 1457 381 1332 1 570 233 31 40 252 558 141 0 124 268 155 269 128 137 122 263 470 343 24 757 126 314 264 142 113 151 2 1002 129 11 138 228 254 92 249 278 39 4 717 394 93 641 202 687 267 184 880 51 41 86 178 187 173 1084 870 373 242 473 87 169 79 55 308 277 845 75
676→1460 372 860 355 1083 49 352 359 590 584 881 87 1326 1519 1459 226 113 66 298
677→1498 1500 119 1467 1364 1172 1223 744 1346 999 381 1452 988 1592 121 1337 242 1048 253 31 269 788 137 124 321 9 132 116 315 157 40 786 155 626 113 169 36 276 282 240 323 596 451 837 243 897 51 91 254 14 258 880 41 57 39 165 60 292 308 506 100 56 55 97 189 47 676 1043 250 1084 44 352 1037 106 687 757 296 294 184 291 1414 295 274 209 195 419 356 4 677 359 110 204 179 59 843 50 529 881 75 814 185 93 109 112 1339 32 24 495 372 1083 198 71 30 721 699 241 555 186 187 249 630 938 72 69 289 411 338 351 504 207 766 211 371 43 247
678→1346 988 119 301 1332 724 1222 305 309 182 412 46 312 202 184 432 179 1016 251 230 167 696 71 308 195 880 34 506 80 558 183 124 642 249 677 14 292 165 323 295 429 943 276 36 683 387 110 134 41 233 260 269 526 92 166 400 474 656 695 39 546 170 1037 4 282 122 325 132 242 254 404 509 669 95 10 278 61 189 471 40 248 394 252 244 151 403 848 451 261 193 296 364 175 79 629 206 56 246 85 528 1098 818 310 55 450 62 420 180 142 173 97 247 409 279 257 137 478 850 48 91 68 9 43 49 345 31 227 253 273 678 321 382 839 109 243 419 204 529 876 473 486 277 24 470 82 548 298 185 172 757 66 555 475 57 116 84 23 299 401 845 761 557 1147 415 399 114 1574 93 311 393 63 480 178 100 1042 263 411 289 352 60 87 700 495 44 860 126 290 317 375 338 497 208 6 147 72 258 631 418 280 766 256 519 886 407 316 18 1022 655 207 47 262 363 583 763 813 187 722 815 410 856 487 52 377 1004 214 294 365 209 11 1213 538 205 626 1575 200 891 1286 349 32 1354 408 454 186 615 779 326 433 376 83 585 340 658 392 406 334 201 1406 521 211 720 1459 543 680 479 716 174 315 288 520 1576 705 413 1006 199 735 414 380 328 703 461 533 866 215 552 160 463 925 808 449 665
679→7 1469 1460 119 1452 223 302 307 2 139 121 1417 301 157 304 1467 305 1585 142 375
680→1093 1469 1 1457 988 1346 995 1263 119 7 1003 1222 1460 999 1149 1476 1223 222 302
681→1452 1044 1469 1467 301 233 3 241 352 535 282 700 46 166 656 214 97 372 360 315 335 682 771 310 205 831 631 269 1205 930 175 243 635 558 646 246 393 183 537 672 91
682→988 1500 758 1 1023 1175 1498 1267 744 1513 726 303 1178 1471 570 1332 730 302 305 741 31 230 1229 1362 1568 19 2 139 1094 40 984 157 1278 1136 1135 1122 824 270 122 268 820 598 137 1323 557 1183 310 9 1328 252 344 132 1324 140 127 315 266 916 312 1283 125 605 114 1194 606 26 714 326 338 235 342 18 571 372 15 284 275 646 34 178 175 257 5 176 596 244 836 1515 1432 364 180 258 166 363 168 1360 823 254 247 1031 369 1256 1227 766 250 165 845 799 419 177 1182 525 1098 365 371 1521 290 882 415 590 262 1112 848 431 370 366 1157 1577 410 478 435 274 1218 294 169 352 198 450 47 445 355 84 311 978 584 816 794 87 195 457 938 297 1327 472 1468 1578 549 634 546 1235 946 949 648 640 692 1010 1358 1356 576 1449 86 179 36 55 80 292 100 32 220 259 473 209 204 216 194 161 111 11 281 13 771 502 486 3 493 652 498 89 535 288 891 538 562 406 1433 392 408 25 541 465 43 523 38 801 844 1274 173 1579 1063 1567 1257 1134 928 428 527 227 295 656 92 1454 1159 969 722 7 1457 1140 992 56 1400 434 487 1350 555 396 1580 339 276 440 1511 10 1353 1348 183 341 1209 360 138 1492 1095 470 189 71 1434 394 1266 432 856 398 850 1346 206 63 1333 1301 155 319 287 627 681 1156 631 995 1058 420 941 834 505 1453 1005 400 373 1464 314 612 1581 981 359 444 187 807 1440 1104 690 685 1131 687 101 119 418 249 325 61 1582 265 614 336 41 950 327 184 533 947 474 277 0 236 1245 1431 1411 589 409 658 1147 1093 368 925 211 1583 1414 99 857 424 954 1558 69 530 313 1200 296 414 647 1435 248 367 839 171 1584 1149 385 948 1523 413 1143 318 779 693 769 42 49 1106 488 1153 684 436 358 348 1198 285 492 542 308 113 632 1046 1339 1172 1125 162 629 1322 94 103 58 534 260 393 321 1168 787 860 201 846 967 600 886 316 68 215 407 1522 1374 1586 1129 638 328 1370 691 324 561 791 322 243 672 280 1551 1340 196 975 269 1223 301 142 256 1483 1263 1365 559 39 578 24 626 1243 57 1014 543 118 154 48 785 952 1591 1258 572 806 526 1497 1407 1599 299 233 182 1044 915 282 124 1102 207 1467 337 817 97 1460 1361 1054 1019 1600 412 560 133 427 1037 430 202 929 761 51 130 422 1017 219 264 14 1441 577 1601 1233 910 46 702 1469 723 246 1048 922 1472 151 1111 29 940 240 1564 1244 597 1347 490 1452 62 395 141 475 918 1436 451 72 1008 90 1419 91 881 833 323 568 1605 261 272 1607 786 146 351 1167 732 819 1004 1199 221 724 715 789
683→1048 1500 1460 303 744 1348 381 302 223 224 997 1469 1003 730 570 567 7 737 1 301 155
684→302 1008 743 40 122 142 138 31 269 338 24 116 147 140 261 11 472 384 222 394 233 783 155
685→1460 7 1500 988 1587 1498 301 1364 999 1457 1008 1338 1588 1332 1048 302 1346 1513 119 120 1222 579 1454 1003 121 1420 737 1510 16 222 1497 1093
686→1 119 1460 992 301 222 7 567 223 305 304 302 725 381 579 570 723 16 121 120 306 307 998 737
687→119 257 415 83 37 169 927 4 311 308 253 686 242 321 526 643 674 68 369 97 440 450 14 911 672 697 187 184 151 815 87 353 155 560 22 0 783 129 862 328 340 31 269 40 138 233 368 766 1500 744 737 568 170 13 100 412 52 51 173 529 629 641 254 15 260 290 3 182 41 585 98 364 36 204 372 691 411 63 679 295 34 375 61 323 39 96 943 555 49 1161 50 517 10 46 688 246 206 43 365 24 57 419 48 509 493 1031
688→120 221 1460 1343 582 302 7 307 730 579 1236 415 671 269 167 897 683 41 880 181 387 42 287 699 411 388 635 771 598 281 51 638 871 360 13 277 679 358 372 183 276 124 92 762 646 814 197 674 323 870 363 71 656 1333 631 169 1352 557 28 3 529 138 96 637 178 48 537 716 339 254 59 643 693 46 369 57 312 110 244 171 14 394 154 791 632 268 75 182 558 769 166 233 364 187 177 1016 257 205 545 295 193 451 175 132 227 31 106 39 284 1004 56 686 426 526 275 308 180 238 311 230 185 1030 36 242 206 265 367 371 697 94 474 1205 252 202 949 189 173 596 843 103 249 251 830 352 628 250 278 165 68 403 184 122 260 1196 292 1037 409 325 835 170 839 286 243 470 396 50 535 174 136 676 191 366 196 1353 1107 15 253 943 450 691 104 47 299 126 288 981 267 393 1053 274 368 201 285 1590 282 974 612 356 1159 49 34 860 192 55 318 694 914 471 831 65 1084 280 585 294 672 317 979 63 9 1242 486 97 61 218 86 376 365 525 678 488 179 412 881 151 1063 480 211 87 215 137 696 506 930 152 297 147 577 10 176 685 340 82 208 98 759 489 60 1355 443 512 40 337 296 687 1360 1414 116 546 1180 1106 894 495 889 1412 861 79 241 873 815 435 58 143 240 951 316 837 345 261 380 198 153 1019 24 414 1251 248 505 950 168 283 492 315 44 1112 338 1001 864 720 129 23 478 127 766 85 74 21 91 1252
689→1 301 988 568 1249 992 1228 733 1048 1003 1348 995 119 7 303 732 302 1332 304 1173 1454 223 309 307 582 744 730 1336 830 172 41 372 137 1414 310 450 14 281 93 234 243 1460 1497 202 1338 356 181 166 182 930 178 13 197 63 335 142 557 319 154 2 141 633 314 598 104 124 627 51 788 157 97 529 165 290 257 132 128 40 31 322 11 269 276 36 943 596 299 656 836 175 572 629 246 1339 823 170 169 46 45 534 91 271 560 331 267 312 0 470 371 295 489 376 486 491 487 488 346 176 180 266 831 247 47 714 321 155 555 950 284 799 4 546 253 233 10 672 15 122 1180 71 289 941 367 368 258 535 189 551 254 205 981 474 325 419 308 766 110 249 677 184 311 837 369 177 328 114 352 834 686 274 60 947 897 198 697 1350 435 68 361 66 815 88 168 195 126 187 600 87 359 818 294 355 451 1019 151 320 113 1083 186 84 561 472 454 457 77 192 35 816 6 669 1323 291 558 277 976 418 42 80 612 136 292 179 478 206 426 342 209 480
690→1588 1452 301 7 1500 1467 1460 1223 1498 1346 1364 1255 1093 1008 302 223 1420 730 1332 999 1082 303 994 120 1562 579 381 121 737 16 1479 1455 1336 1334 1337 40 2 157 757 31 269 505 235 122 124 134 114 414 786 142 268 140 261 321 155 317 132 0 315 118 314 334 320 152 137 863 24 558 912 116 326 494 316 151 23 896 160 338 136 11 607 332 6 822 472 150 1026 139 1017 351 219 353 571 25 115 921 21 20 985 623 340 458 987 906 143 862 437 220 783 599 467 17 384 333 113 147 22 342 229 324 402 135 519 1165 27 905 162 1186 354 225 328 159 917 701 9 493 190 208 92 4 15 398 165 166 41 61 248 181 56 1242 183 243 175 36 202 717 432 91 1360 57 169 889 1408 325 394 167 473 277 292 55 207 82 112 260 32 241 1083 474 184 253 1086 97 368 897 101 278 407 375 242 215 75 1014 93 30 843 44 308 450 415 799 89 506 173 48 492 204 191 688 1099 109 355 38 364 14 1589 1585 992 1592 567 1461 940 323 100 289 210 214 254 1092 249 420 35 399 880 911 790 206 382 930 1213 49 471 296 47 79 45 53 677 95 362 406 81 941 34 1115 1027 286 52 187 480 63 87 110 282 1031 68 477 1019 39 1139 585 50 290 1084 312 861 179 433 108 509 390 123 955 656 919 629 792 177 195 485 374 80 211 496 510 639 78 890 721 213 765 468 96 464 416 801 212 695 67 443 584 590 478 442 462 719 102 1029 507 1232 659 697 939 186 291 552 218 538 74 800 397 621 475 461 689 1379 200 85 666 459 463 491 715 487 517 540 573 794 470 256 70 69 164 504 479 361 99 795 77 66
691→119 222 1452 1008 302 40 0 140 147 233 132 757 271 353 142 123 384 925 338 134 269 261 326 31
692→302 7 119 1008 1500 1460 1452 222 223 307 31 261 40 155 116 140 233 269 353 142 11 9 326 24 158 121 0 321 1164 123 338 437 147
693→1498 7 1338 1460 1486 582 568 1454 381 305 41 1052 299 393 412 116 242 52 288 387 474 366 182 280 359 184 97 312 526 295 289 51 409 583 31 100 82 489 292 1414 46 10 191 39 258 71 911 38 165 450 930 684 260 138 663 404 233 176 195 356 48 60 411 140 110 376 352 257 433 296 205 93 149 533 294 177 361 422 232 50 921 441 702 274 164 35 56 766 136 104 856 754 1099 8 399 293 209 1092 487 108 418 1408 213 340 77 231 69 854 328 431 353 215 1006 523 488 799
694→307 7 301 1346 1222 222 121 223 741 120 119 31 8 321 906 342 328 472 124 233 19 558 786 24 271 136 9 2 132 155 40 138 972 338 134 116 522 160 602 324 414 231 701 330 747 348 394 648 112 295 1055 372 281 629 32 282 101 299 183 75 14 169 241 15 191 337 1159 34 686 555 839 50 311 13 415 55 170 61 1205 466 684 296 1052 279 674 352 10 672 63 419 791 290 345 3 308 37 929 368 46 62 260 534 187 398 184 91 278 531 272 253 242 35 411 938 72 204 503 407 68 168 843 254 259 43 29 39 408 77 111 490 643 1230 412 509 882 660 462 450 858 538 97 487 196 485 1006 48 1106 935 1004 297 698 508 504 30 44 945 52 714 56 1156 465 691 79 57 51 84 841 90 702 85 979 676 489 66 73 1100 280 658 406 688 502 378 496 599 720 488 802 96 772 585 293 442 33 81 493 198 690 361 104 614 846
695→988 7 1467 1500 1 121 1452 999 1469 303 1497 1093 301 992 723 1346 223 597 1460 120 1044 1476 119 1338 1003 302 568 309 1348 570 738 1592 1562 307 737 1572
696→1460 988 995 119 1452 7 999 381 302 1337 1228 31 116 132 310 40 267 321 122 252 315 301 265 124 319 268 271 23 0 134 142 157 269 234 261 668 786 114 113 152 151 470 912 24 898 1002 266 155 757 220 126 139 138 314 11 160 385 18 472 414 338 747 21 789 862 115 219 921 599 333 838 1215 4 60 37 110 183 190 167 36 181 296 202 32 474 488 9 63 14 242 166 169 918 109 308 48 352 71 165 371 249 277 394 41 72 641 670 56 112 254 184 79 61 295 187 93 515 35
697→7 988 1460 1500 1 1469 301 723 579 570 1592 381 121 307 1417 335 233 668 138 31 322 122 230 252 9 234 886 316 315 132 265 235 124 137 136 310 268 154 142 155 40 139 261 150 0 320 2 18 599 563 266 328 385 883 326 626 113 271 558 262 24 11 17 151 302 437 714 134 340 786 115 219 414 321 167 183 412 94 46 276 372 172 92 41 63 656 47 290 687 3 339 1489 182 387 13 173 700 282 814 845 36 4 295 175 170 34 679 720 71 97 369 169 104 184 192 364 323 930 411 474 106 243 1205 48 91 1013 962 691 631 280 1063 648 165 241 360 635 202 973 401 61 870 15 419 278 58 281 894 254 42 352 180 260 979 166 359 880 420 95 897 893 682 836 694 685 943 277 178 674 62 250 10 39 683 171 103 1060 637 244 257 546 51 630 529 527 311 547 611 490 1016 1147 696 318 28 684 291 238 686 75 249 366 871 646 206 93 415 678 450 325 1157 675 85 676 596 918 759 538 1055 677 66 981 802 388 1161 179 1030 889 671 399 35 246 429 670 526 697 296 248 833 672 208 273 204 650 200 285 56 695 914 669 843 79 374 835 693 495 1352 534 537 864 72 848 382 109
698→1460 301 7 119 1332 303 307 302 568 120 994 1454 381 999 565 139 40 19 132 142 137 2 155 9 926 322 233 317 558 31 134 24 118 116 140 18 269 312 326 143 324 138 338 0 623 316 340 353 114 414 334 320 147 11 158 23 519 562 354 458 136 607 231 467 145 329 606 1206 123 626 159 384 987 522 599 8 330 129 328 17 25 162 332 347 229 350 117 747 701 348 591 202 14 464 380 39 63 533 292 209 215 399 452 629 243 184 182 41 36 72 100 174 1222 223 166 248 169 121 620 454 405 32 160 755 55 219 191 1589 51 165 295 34 535 175 80 110 4 277 60 355 187 294 82 97 769 208 349
699→1500 1 1498 301 992 1364 988 7 1460 306 570 1332 304 744 1454 303 582
700→988 1223 1498 1460 1469 1511 726 119 995 597 744 302 304 1128 305 570 1456 1417 306 667 301 633 268 265 154 385 264 313 1197 263 1135 578 1354 1189 197 411 291 240 62 396 285 370 187 947 630 1236 716 168 1448 722 1209 650 185 517 59 790 112 110 506 509 324 50 680 507 107 79 21 293 813 855 519 1114 1113 137 169 3 124 295 761 10 487 194 376 346 329 604 496 300 416 457 655 781 748 4 41 31 75 277 51 296 271 48 861 55 40 96 688 453 679 432 179 619 166 127 557 24 614 426 136 404 334 317 1433 533 406 111 538 625 1032 443 269 725 488 8 616 303 25 330 242 672 113 184 130 176 178 674 253 627 274 71 47 321 198 126 57 266 310 561 149 333 189 435 195 141 1350 433 186 887 6 794 129 87
701→119 1 1460 1452 301 303 302 992 744 120 305 723 994 381 730 16 727 569 223 121 1337 1479 307 737 739 1461 596 92 394 165 254 61 345 717 34 250 183 1353 315 56 256 583 339 715 134 590 382 399 881 132 1098 999 91 202 48 337 261 97 262 150 23 83 364 72 791 235 426 142 89 1043 131 239 205 187 20 258 408 538 839 43 29 273 298 210 1162 714 140 377 393 820 478 363 661 848 88 1083 906 972 138 18 799 766 334 149 52 966 658 74 375 101 614 1099 366
702→1 119 1513 301 992 1460 1044 303 1222 1457 758 597 568 1008 1149 7 221 988 723 302 1093 1332 1592 1417 1452 31 227 840 784 598 9 2 40 141 154 786 885 269 252 124 239 137 116 315 234 138 134 310 915 261 235 668 140 114 147 342 558 316 312 18 557 132 155 1243 265 322 603 263 139 505 151 126 23 11 925 347 340 320 560 470 787 563 328 472 1017 118 146 522 1078 129 1137 159 162 327 148 92 63 1015 46 184 189 97 175 61 281 358 656 672 629 394 94 292 179 918 15 241 250 284 546 172 41 646 412 247 669 369 13 401 77 364 171 240 526 169 183 1014 166 202 839 326 108 396 406 692 249 415 506 1159 717 187 295 277 51 1353 585 82 1161 200 101 290 243 39 352 845 56
703→992 7 1460 119 1467 301 999 1346 1343 302 1093 1003 723 223 309 1454 1417 121 727 307 381 738 1228 1507 1513 1587 1267 1175 1173 1255 1261 1457 1594 1469 1471 1588 1464 1500 1048 1570 1483 1367 1370 1266 1595 1259 597 1365 1257 1347 758 1369
704→1469 311 880 671 175 252 15 93 97 124 691 360 668 230 558 170 372 656 596 367 412 166 138 256 415 420 165 629 393 339
705→992 1061 1500 1093 1222 1498 1332 223 1257 1260 1007 1265 1420 570 1480 744 1172 1454 1457 567 1365 1267 1000 304 1477 1175 1452 1587 1562 1572 736 1482 1508 1464 1460 1223 1346 758 1347 1511 1469 1492 1467 468 182 988 301 597 1048 579 1570 119 1478 723 233 412 505 1269 1288 313 130 1245 826 1 23 138 230 51 1036 202 244 169 39 281 41 209 63 165 362 31 443 24 845 14 36 204 40 28 65 526 55 345
706→1 1460 301 7 1513 124 235 137 598 557 264 437 265 116 558 269 271 385 138 113 310 1002 125 312 334 149 152 127 26 633 234 338 668 131 321 320 23 921 315 1130 24 1201 820 336 317 384 132 266 972 861 1091 8 151 18 261 313 143 11 935 114 263 324 470 625 21 147 606 129 140 220 599 231 603 862 148 844 146 22 472 333 623 123 340 1165 25 522 458 906 166 325 691 193 202 36 1205 685 387 175 323 14 631 276 65 183 295 15 412 299 506 415 369 546 612 56 171 233 358 172 230 870 169 48 250 843 692 656 529 28 682 41 71 897 290 526 894 179 51 206 403 294 58 679 170 242 672 889 296 60 97 63 181 918 187 110 364 1434 696 281 93 973 59 769 880 37 173 241 92 47 254 1515 646 40 182 930 675 42 192 94 46 409 345 189 244 243 103 835 1236 411 205 451 629 404 50 845 941 31 432 278 61 91 613 167 635 4 648 86 881 256 112 246 951 198 1055 258 68 75 352 249 3 678 284 200 100 590 368 101 214 247 715 185 257 178 339 363 700 95 527 401 177 10 791 87 493 282 238 837 108 251 474 372 289 947 49 96 658 674 72 419 109 174 780 836 176 471 168 79 13 699 637 676 184 630 1063 377 359 32 39 450 55 802 873 399 98 57 84 380 80 686 260 165 1148 490 104 62 577 1031 848 517 1157 1001 204 684 418 406 426 349
707→1460 1 301 303 723 302 1222 1454 309 567 582 1128 223 1082 727 121 120 737 7 381
708→119 1 1500 1008 1460 301 758 1048 302 723 303 998 732 120 307 992 995 1592
709→119 1467 1500 1460 301 1 1223 758 1465 1346 1498 7 568 1332 303 988 304 1452 221 737 1456 381 306 1128
710→1467 1589 301 1338 1500 119 995 1460 988 992 1465 7 304 303 223 302 723 1222 1475 1093 1061 744 306 598 132 235 124 24 558 335 668 557
711→1460 119 1500 1338 1467 1044 988 132 597 1048 1 7 301 730 222 305
712→1500 1467 1460 1 7 301 1061 1222 1093 303 121 1264 992 302 723 120
713→988 1048 1460 1467 1338 570 1348 1498 7 1061 1492 1457 1469 995 568 1589 301 1222 303 744 119 1346 1 992 999 1452 1223 1332 304 223 302 307 725 1420 381 1592 1456 1454 741 305 565 322 124 134 598 626 310 233 558 335 252 1002 132 315 885 138 316 319 142 149 1137 136 1425 20 262 633 261 160 263 235 327 146 785 842 268 154 155 786 0 600 321 114 266 314 129 113 560 599 328
714→992 1460 301 7 1332 1452 723 1223 1454 121 309 1476 307 1417 306 269 230 124 31 157 9 138 2 786 40 557 142 155 116 139 11 470 24 326 271 316 137 219 115 220 160 338 129 334 126 143 625 484 228 348 629 243 48 169 175 325 250 535 178 248 14 41 91 4 51 548 486 274 34 57 13 36 295 61 63 528 215 79 206 546 281 202 454 200 68 39 585 80 207 292 473 208 443 100 55 165 380 109 474 199 98 246 405 349 476 374 1148 362 397 552 194 620 212 735 158 485 259 471 197 399 209 111 201 417 541 858 544 857 483 59 520 110 506
715→1048 202 40 233 31 629 243 230 169 63 244 474 471 206 32 36 65 55 388 39 205 13 14 165 28 41 51 345 526 246 480 182 412 281 98 380 454 211 378 349 80 479 207 585 204 68 109 208 273 100 374 397 426 362 209 213 808 477 215 201 1036 212 210 866 405 199 476 390 552 217 111 485
716→1460 1467 7 1500 1128 1346 1469 1 1222 727 744 731 302 999 570 121
717→301 1346 7 1498 119 1460 303 1467 1003 1589 1476 995 1454 302 1461 381 1562 1455 269 113 11 136 116 9 912 24 315 134 312 132 1017 114 626 326 18 147 599 353 118 340 271 925 896 783 862 1215 22 338 151 160 571 8 25 384 609 522 519
718→119 14 299 698 142 271 147 21 757 384 328 599 340 25 351 899 923 40
719→381 301 307 7 302 223 121 742 737 166 254 15 360 170 93 233 124 175 394 769 165 429 252 138 315 629 558 183 290 56 92 335 525 249 412 656 178 382 1004 1121 273 132 414 632 136 258 420 377 187 368 195 177 393 364 375 717 316 263 191 1231 538 34 426 150 419 415 411 38 410 406 399 407 160 87 1017 1213 1098 12 585 255 363 863 1162 848 236 176 72 1132 428 659 1602 5 555 614 1148 590 408 626 799 74 89 404 17 102 431 101 1005 975 650 766 362 54 425 691 466 1241 256 1588 992 995 1332 568 119 1469 999 303 725 1387 1454 1478 579 306 1475 1255 740 1334 31 40 2 786 319 155 0 314 139 560 219 931 16 228 739 433 47 205 169 333 61 48 535 49 562 664 497 208 371 480 193 405 454 194 831 97 142 318 845 202 478 257 18 116 134 561 897 295 679 281 3 36 248 46 179 206 631 24 492 109 392 312 342 201 611 214 474 443 334 349 754 80 209 493 488 540 486 533 218 541 615 213 225 25 618 397 543 111 305 13 567 997 203 459 4 352 189 242 184 289 450 57 60 308 154 253 152 71 77 274 921 321 6 82 68 66 324 148 355 440 84 320 35 151 113 1075 353 1012 294 463 435 384 643 584 129 277 186 126 800 706 135 117 853 904 888 383 164 599 1192 1046 945 896 698 852 957 793 73 465 464 461 765 801 90 472 935 702 123 351 794 379 22 348 607 446 453 311 14 246 41 243 63 292 137 9
720→1469 1498 1093 301 119 1460 303 1346 1500 1467 999 1452 302 1222 1589 1457 1 1267 1347 579 1454 1008 1255 731 221 1482 381 1461 1604 1479 307
721→1589 301 1263 1417 1452 7 995 1 304 309 582 1454 742 154 840 1323 234 824 1276 313 264 1094 470 285 692 870 62 411 187 168 642 630 396 1010 58 1095 103 546 291 171 658 525 1236 1411 650 722 1558 181 185 506 269 59 267 190 528 324 169 152 275 71 124 97 289 141 14 815 47 178 189 242 308 274 697 266 253 126 87 195 176 198 77 184 1350 294 435 352 383 361 869 129 84 976 461 706 164 405 379 448 797 13 281 412 51 233 165 41 137 80 31 182 827 40 243 205 480 109 39 246 585 100 200 349 201 207 150 474 454 194 24
722→1 301 1172 1222 7 1456 744 222 1044 1500 725 1023 1048 915 227 269 1244 322 122 155 19 131 149 0 22 1017 2 151 138 414 312 912 302 321 980 113 234 633 266 134 18 132 840 31 1460 758 268 1348 124 233
723→302 119 301 1222 852 389 447 897 674 178 311 71 169 242 14 57 369 672 241 97 1083 450 294 440 68 193 198 84 277 49 454 77 681 452 453 355 485 66 383 73 698 965 707 184 318 230 182 15 691 835 244 646 596 183 412 28 56 196 251 175 61 769 202 364 345 34 411 48 257 170 630 290 254 339 403 415 91 372 273 250 941 585 406 873 87 38 1414 836 766 43 538 848 375 74 388 243 41 233 13 281 51 31 63 36 40 98 471 80 474 1036 39 215 208 65 55 349 200 109 206 246 100 32 209 207 374 201 194 199 380 1232 204 1213 592 259 594 709 552 479 212 216 397 390 217 483 581 295 3 46 779 487 10 490 489 495 488 376 491 778 503 496 346 618 711 710 416 653 655 190 185 813 112 517 514 1100 45 44 248 631 696 534
724→1460 988 1472 301 1 305 281 165 34 450 183 1109 290 312 92 546 169
725→758 1346 7 1093 1 1365 739 1456 999 222 579 569 304 302 738 1487
726→166 175 282 233 172 4 253 679 246 1466 243 880 154 197 240 548 698 506 995 72 55 656 178 535 273 930 557 183 412 372 137 94 15 308 169 411 269 124 836 672 91 285 284 281 576 364 177 274 254 168 815 39 57
727→1589 1338 119 1498 301 1044 1266 1478 1364 1342 303 570 381 1456 1337 1348 121 1249 1460 1048 1 1487 1500
728→301 119 999 303 381 1332 579 302 223 224 737 736 306 1222 1460 36 202 55 50 35 110 13 51 33 316 281 269 251 39 89 100 14 57 9 167 4 169 75 629 474 675 845 260 315 412 526 34 1115 48 132 204 233 278 92 295 345 506 105 590 292 165 893 80 317 43 38 79 1379 61 40 1022 717 547 24 406 31 248 86 510 848 63 673 137 41 271 864 325 184 116 299
729→182 558 61 75 31 674 369 184 40 4 196 92 646 246 51 41 669 352 893 37 411 175 13 14 280 109 36 91 169 282 555 242 80 889 1126 243 299 116 167 440 260 295 813 269 98 526 55 660 209 364 32 57 3 480 68 344 308 7 42 311 142 643 15 450 281 253 930 474 337 63 59 112 713 1205 24 48 152 193 201 87 292 39 79 278 46 296 110 274 45 179 150 431 585 475 538 517 165 244 97 204 380 583 185 89 490 349 233 836 759 206 200 288 720 43 363 488 208 72 143 688 487 717 454 215 271 393 199 100 174 375 84 258 96 66 673 489 52 341 1076 355 330 207 361 614 81 212 779 1232 763 604 534 297 891 841 521 879 357 552 129 164 449 211 30 324 462 70 83 392 383 497 965
730→1172 1 1348 1460 988 1469 1452 1023 1338 730 252 234 124 598 113 335 122 138 265 668 714 140 787 381 570 305 372 233
731→119 1454 1149 306 302 1008 1417 1364 381 579 307 224 734 737 743 24 31 558 233 334 40 269 132 623
732→1044 988 1498 995 7 1048 1513 1172 597 1460 222 744 1263 992 1 301 1008 568 732 736 1592 1500 310 15 637 394 577 675 555 1605 71 973 165 256 48 13 836 311 360 40 1084 242 238 474 31 352 880 400 691 1018 79 112 697 251 87 51 557 244 269 252 277 897 525 137 632 545 248 41 241 190 166 62 182 14 321 265 718 323 412 110 42 398 535 517 276 363 233 154 39 941 124 534 669 678 295 267 687 95 1037 172 180 943 169 1059 337 865 415 683 55 345 670 175 1062 1045 141 97 257 170 1180 419 80 261 411 9 403 1098 1205 672 656 677 930 246 284 28 631 278 833 176 537 596 308 506 835 138 371 198 114 1219 91 1055 46 648 1236 202 493 167 559 612 63 1216 780 142 178 173 249 1014 815 1015 843 82 845 21 181 894 36 364 757 34 850 189 3 134 61 682 50 86 871 59 646 280 510 790 96 404 696 1606 315 185 75 674 4 629 1021 254 802 719 873 1339 1608 1183 980 93 106 396 886 260 564 299 286 282 1355 281 1095 191 387 881 56 183 598 761 184 459 784 57 294
733→1469 7 1500 995 1476 1588 992 302 120 579 1454 306 737 1336 40 190 672 181 55 23 173 267 252 254 185 450 13
734→1500 1061 1452 302 7 1332 1478 1467 1460 1457 323 36 277 233 295 31 558 41 880 137 166 269 693 13 3 169 412 75 254 79 296 14 352 315 110 268 700 337 184 973 419 183 165 34 122 1119 861 791 529 407 1205 420 63 187 89 310 100 299 278 504
735→861 24 268 234 122 138 142 114 269 271 261 140 338 118 123 472
736→1460 1467 988 1456 998 1510 119 992 1492 1497 570 222 223 1457 301 24 2 150 143 162 326 342 147 161 139 338 121 163
737→1048 1467 1500 119 1460 988 1457 301 1338 995 1346 1498 1487 303 1222 730 1464 302 1497 1044 222 1348 568 1492 7 723 1454 744
738→119 1348 1172 1263 1266 1460 988 758 1454 995 1365 1 1223 1003 992 304 1469 739 221 1589 303 736 1471 1338 1222 744 7 1417 309 726 570
739→137 604 7 748 762 3 169 439 295 46 488 493 480 193 780 443 495 486 376 760 490 489 346 759 194 10 491
740→1570 1492 1 1457 1467 119 1266 1500 1588 988 1348 1048 1465 1610 568 1346 1477 1338 1460 1420 1223 1093 1347 1363
741→1469 119 1460 301 988 1452 1467 1044 1 223 731 303 381 7 305 1498 582 1592 302 1454 307 120 1500 233 598 668 252 155 321 122 132 9 315 840 40 124 261 322 2 150 557 114 335 142 269 600 157 316 268 312 271 116 160 234 786 136 608 915 921 320 1194 113 137 20 140 324 219 139 118 18 0 626 129 326 134 328 11 1017 1137 22 24 314 23 562 901 126 17 625 117 162 519 123 135 414 333 601 348 904 260 206 182 323 180 850 189 175 31 39 628 364 169 4 679 243 251 360 1373 41 97 173 1225 396 14 166 930 172 880 356 678 28 815 242 277 280 631 401 15 393 292 108 202 62 656 167 3 257 629 412 276 411 34 165 295 409 282 893 51 535 308 843 525 352 250 635 394 638 184 91 36 241 299 1195 450 403 48 674 205 432 254 179 943 238 63 281 537 546 371 487 953 488 65 474 420 529 677 694 248 56 178 632 646 246 294 387 80 760 870 278 507 311 672 366 517 50 55 104 170 296 950 526 839 806 71 273 100 68 57 339 398 87 192 59 363 13 492 611 61 279 45 475 177 486 290 286 174 612 10 583 247 830 380 75 873 46 1161 506 60 493 215 325 191 35 404 288 44 429 1107 585 478 848 82 79 240 209 84 860 948 186 368 410 374 200 891 495 334 249 799 365 590 392 176 1159 204 207 187 96 101 289 684 195 377 763 406 657 1004 538 355 201 66 489 643
742→1346 1093 1023 1 1492 995 1567 992 1222 1000 1386 1457 1149 988 1569 1596 1259 1487 1511 1061 1452 222 7 1048 723 1175 1460 1348 304 1174 301 1498 1365 381 302 1477 1478 119 1082 1588 1475 1173 579 1332 1476 1172
743→1044 1498 1048 1467 1346 988 758 1469 992 1464 995 1172 1 1338 1223 1332 1457 1257 730 119 994 303 1149 1592 579 1492 302 223
744→1460 1467 119 992 1500 1023 121 1497 1452 1 988 1061 1223 1342 7 301 727 1222 120 1455 1332 723 305 381 1561
745→301 119 3 51 31 41 63 169 14 137 202 36 281 39 165 207 292 326 100 206 32 1213 55 9 342 13 215 209 214 380 40 201 475 11 208 443 622 24 142 585 194 200 199 477 362 1076 571 552 210 143 895 808 397 594 390 811 212 147 211 203 479
746→301 119 992 1222 302 1259 723 741 381 303 727 737 570 120 121 998 579 224 734 743 124 233 132 322 140 160 225 414 146 1391 40 31 1164 155
747→995 1 1498 1457 1460 1588 303 301 119 992 1048 1589 1093 994 999 744 1222 579 1003 1562 7 309 1478 568 1454 1417 302 822 1459 1017 124 533 843 814 132 191 526 584 39 63 541 114 102 134 241 61 310 251 169 308 51 14 36 206 55 470 214 204 9 24 585 11 477 552 111 620 397 153 530 38 151 118 113 43 341 801 44 12 769 46 8 257 493 116 488 84 688 504 855 507 82 188 77 321 164 353 698
748→1 995 758 7 1172 1093 1338 119 672 339 929 641 276 845 175 252 278 299 3 668 154 75 286 166 46 364 282 291 396 39 412 310 183 244 241 290 700 41 170 635 669 371 1018 260 285 627 14 189 833 173 871 529 172 124 337 31 335 51 640 243 1218 323 450 759 388 277 420 881 325 169 242 692 572 234 138 36 1208 280 61 415 42 62 177 648 815 979 897 1062 889 551 59 368 699 281 525 176 1205 678 633 868 295 411 238 40 638 558 1058 239 274 358 185 545 413 850 836 677 547 870 47 168 1016 178 192 780 80 401 1002 930
749→1460 988 1048 304 1223 1332 1338 995 992 1467 301 1 1093 1498 7 1149 1222 1452 1572
750→119 988 992 1497 995 1257 1044 1492 1589 7 301 221 1335 1467 1478 1476 1417 1128 1561 1387 1420 1228 725 302 999 1222 1332 723 223 304 1585 1007 121 1479 120 741 582 1336 305 1475 1061 303 1486 568
751→1500 1460 988 1467 1044 7 1469 1338 1223 999 303 1346 1493 1591 1487 1457 1048 1342 1093 1569 1513 1594 222 1498 301 1172 1452 1588 1364 992 994 221 723 730 119 569 1222 1363 1175 741 1 1332 1589 744 724 995 1482 579 1008 1420 1255 731 1616 1572 1061 1264 302 568 120 1249 1228 1417 1263 1387 1128 582 304 725 738 1454 1173 1592 1585 1617 381 1497 1268 1486 1479 1476 567 570 1478 727 1618 1003
752→301 1048 1266 1044 1498 1362 984 160 641 274 720 555 260 637 56 168 55 266 100 79 111 68 692
753→1460 1 1249 7 1093 1174 568 1467 1457 97 154 629 122 387 53 295 169
754→1476 119 568 141 137 142 269 315 252 271 335 268 148 606 135 123 921 320 129 353 458 484 257 596 656 61 387 184 242 15 36 47 79 71 138 167 7 295 166 175 132 124 182 183 97 632 273 165 254 284 769 366 368 538 365 91 258 177 247 352 289 435 913 443 454 1088 799 308 294 57 355 464 274 846 31 63 39 292 206 246 200 100 204 488 489 296 107 1589 359 766 84
755→1061 119 301 1093 1452 1460 1222 121 223 723 303 725 992 381 569 120 307 565 1337 998 1420 138 9 132 2 338 342 40 230 134 142 414 116 124 786 125 558 140 114 143 862 139 322 123 326 562 11 334 24 220 147
756→1500 119 1460 141 322 2 335 310 9 157 319 271 320 124 559 138 560 116 132 1026 137 269 142 31 328 384 40 155 154 470 152 151 316 302 333 118 114 317 24 19 906 314 786 139 136 113 623 261 7 134
757→1469 1572 1007 1452 742 224 737 306 1334 628 411 242 1592 1332 40 641 31 41
758→1498 1 1467 1023 1457 1048 1044 758 1172 1464 1456 1513 1348 733 301 730 1497 1595 286 396 183 525 788 256 387 563 878 1624
759→233 230 558 1 31 301 134 132 261 150 24 321 269 140 334 262 116 11 223 219 160
760→1 1467 301 1500 995 7 1460 1173 992 119 1222 565 730 741 567 120 725 999 1454 302 309 570 303 723 579 223 1003 1475 724 1592 381 304 737 307 221 121 742 150 9 252 335 138 558 154 714 148 1101 132 310 124 557 921 317 264 113 266 561 353 755 333 610 136 384 312 8 1064 126 269 600 149 140 116 606 118 320 315 342 134 6 158 114 607 137 316 20 18 1017 559 271 328 11 17 321 21 129 326 783 147 344 133 334 571 626 324 754 385 261 23 1194 917 160 151 562 24 564 1193 127 289 583 525 258 646 612 31 169 13 175
761→221 1497 1490 1469 1044 1048 1487 568 222 1336 51 92 178 183 39 880 546 202 369 240 276 401 230 1208 275 172 1084 1345 98 249 244 206 311 91 63 278 250 318 323 1015 1203 598 186 241 1431 1516 372 35 360 40 291 31 55 526 3 132 36 61 697 109 122 124 108 583 97 364 269 576 49 274 187 246 914 167 308 403
762→1 988 1223 1467 1500 1498 1460 1346 7 303 301 119 989 1128 221 1332 758 1255 568 1452 1465 304
763→1460 222 761 486 46 137 490 169 193 295 124 376 7 488 491 480 489 559 492 604 497 495 443 346 655 652 487 194 416 300 1445 763 457 500 503 496
764→667 112 31 96 110 688 55 59 41 757 506 269 277 507 673 861 50 84 1022 521 107 330 689 517 896
765→1346 121 302 1585 1487 353 155 151 321 1264 0 114 314 786 340 588 115 610 789 607
766→301 1 1338 1460 597 730 726 744 579 1467 819 233 31 40 560 0 115 157 219 228 230 124 252 269 668 558 138 315 130 133 234 1190 310 137 787 598 1130 141 922 261 757 151 239 266 129 327 967 916 125 714 132 131 235 114 9 116 24 149 11 321 1020 21 320 328 472 1327 26 338 275 339 290 629 672 41 679 182 295 370 34 167 352 325 814 183 880 243 670 281 323 97 280 1050 205 187 169 675 51 1161 256 61 165 525 92 287 244 13 110 631 634 3 360 646 62 527 372 669 547 296 941 238 843 415 674 91 202 178 412 401 175 240 407 71 695 191 363 48 686 677 420 648 288 692 100 247 298 368 66 89 36 198 716 104 1095 418 88 369 173 658 204 176 108 49 590 1030 168 687 38 534 585 57 1004 84 506 56 471 488 101 860 697 419 86 791 355 952 55 72 690 359 766 90 185 77 43 35 630 938 283 476 1155 834 428
767→988 301 7 1417 1093 221 992 1460 1048 1342 1346 303 1466 1569 1452 1487 1454 1492 119 1364 1222 1478 1457 302 1604 1332 1336 1500 1003 1023 994 1128 121 1455 223 1337 1592 381 9 23 2 142 24 31 40 157 155
768→119 995 7 1589 1460 302 121 309 307 737 1255 1454 1003 603 550 124 329 748 137 132 150 317 714 261 140 319 334 23 910 295 46 779 486 710 497 777 778 654 653 300 782 651 231 116 24 338 8 342 606 161 625 324 343 269 519 757 79 790 50 110 509 112 517 107 59 506 1022 37 507 521 813 185 1113 514 689 277 51 254 4 31 791 40 55 41 48 504 75 802
769→119 1469 222 1338 1460 724 1263 992 1149 7 725 1585 1003 1454 1332 1417 306 742 309 1482
770→301 1500 1498 995 992 1588 1 1467 723 1460 7 1452 727 1222 302 309 1589 1149 1592 744 570 307 184 51 596 295 166 124 183 93 260 323 57 14 719 1030 204 261 40 590 48 638 296 154 269 248 396 142 110 470 263 351 843 848 268 134 299 132 61 208 277 32 34 50 75 35 98 506 433 36 45 37 167 674 286 116 242 255 72 254 49 450 508 294 46 79 202 419 274 122 206 169 953 316 790 87 791 31 834 101 253 47 292 56 717 137 321 4 86 198 66 168 352 55 118 493 1327 100 837 26 548 547 972 474 1125 44 195 258 408 108 504 97 528 38 487 480 30 489 355 143 89 442 140 24 338 82 486 271 291 337 911 407 975 41 435 102 215 147 96 850 185 29 70 200 148 680 186 43 341 33 77 84 855 9 846 552 8 59 330 644
771→1460 1 10 930 260 62 13 40 526 91 717 646 394 233 364 299 31 791 318 1304 325 769 296 352 175 474 369 323 547 295 839 169 173 75 48 864 1108 92 278 124 61 241 171 683 167 122 345 41 311 51 183 254 370 757 1205 419 897 261 377 49 97 312 79 509 407 493 66 0 558 2 142 9 302 937 113 271 132 334 134 315 783 151 328 17 160 123 231 472 326 599 747 25 347 330 1024 701 1457 1008 303 992
772→1 301 1023 1460 303 1452 381 31 558 124 840 1467 1654 1656 1470 119 230 122 223 1222
773→1048 995 1589 119 723 568 1259 1003 730 302 727 1469 1454 1617 381 309 1479 1487 1268 1594 1128 304 1061 1500 1266 1497 1023 726 1591 1567 1480 1476 988 1460 222 1347 1482 7 992 303 301 41 14 169 36 202 182 51 292 165 246 13 281 233 443 473 208 207 629 32 243 39 55 31 137 40 312 412 179 63 471 585 28 454 215 273 11 9 100 209 68
774→167 254 9 172 51 36 31 165 720 628 209 215 41 253 292 242 137 4 269 295
775→1589 988 995 1460 999 302 119 303 1003 7 744 1082 997 1222 1572 723 992 1454 1585 1332 579
776→1338 1604 7 223 302 744 723 381 119 732 1387 1175 737 579 1008 120 1420 16 998 224 1455 730
777→1500 1460 1 1452 303 1469 119 1023 301 1008 1259 1467 1617 1173 1457 1465 1048 1332 120 302 309
778→1048 1460 988 301 1469 1223 1364 221 1003 7 1617 119 1 335 271 136 132 124 142 138 126 15 241 175 92 672
779→221 119 1460 381 301 992 1222 1467 723 1364 7 1476 1003 997 1223 738 1490 998 1588 1266
780→47 253 242 292 215 209 170 36 71 51 137 295 165 474 720 100 46 10 352 195 184 254 544 9 11 376 204 250 63 189 319 91 335 450 297 294 379 681 55 24 995 342 406 805 61 48 98 713 504 296 515 33
781→1460 1 570 1452 60 39 170 474 63 672 172 31 308 61 48 40 15 124 358 241 51 242 138 535 106 57 815 254 183 415 691 295 273 37 71 169 248 92 364 178 4 526
782→222 7 1593 1263 725 1224 1007 724 567 998 1003 1454 997 302 1149 306 579
783→1498 302 301 1469 995 1452 119 1420 723 1417 223 121 1048 1460 222 7 1592 1222 992 1 1249 1467 1500 230 124 154 558 31 9 233 132 321 138 18 40 262 11 20 334 600 335 122 136 266
784→995 992 119 257 124 292 166 335 274 63 39 233 281 179 674 36 175 254 184 249 276 325 941 1467 280 282 880 1460 1249 1338 223 568 7 1454 1572 988 741 304 1482 1346 994 1474 1417 381 1337 1332 997 570 305 1629 1200 558 319 1323 745 31 267 1094 983 269 786 9 19 560 138 312 132 2 322 40 155 141 23 331 315 116 137 310 136 317 827 559 320 151 139 239 264 353 414 24 129 262 753 125 147 114 916 332 626 385 971 148 344 917 561 601 20 342
785→301 992 303 119 723 381 1061 1455 223 269 835 871 290 696 352 641 281 260 242 678 839 63 233 691 192 282 894 124 631 276 183 173 13 517 257 880 244 182 897 3 596 15 526 230 46 92 836 679 325 31 311 280 71 646 250 672 372 251 48 318 493 1037 50 387 169 120 110 1364 75 555 41 669 412 243 184 364 369 295 95 97 51 241 1205 396 277 675 629 889 198 419 178 684 57 253 167 1001 509 40 535 112 55 202 486 170 1050 14 180 296 490 299 454 271 360 56 82 720 98 534 35 683 24 100 36 39 42 292 674 316 106 84 308 176 32 677 9 204 37 415 248 837 65 943 1084 34 175 61 172 1016 323 529 254 208 136 105 676 873 506 814 279 843 979 910 868 59 23 769 363 643 321 132 1055 474 114 815 116 368 261 80 262 450 140 206 337 1538 393 700 950 682 680 142 10 11 345 338 211 209 475 349 585 174 476 215 259 199 592 216 332 162 811 160
786→7 154 387 184 35 51 202 169 48 31 254 41 4 110 55 791 596 91 629 15 61 656 122 49 151 471 590 40 137 72 84 1460 57 450 526 14 173 248 295 46 406 80 36 492 538 769 208 443 209 488 474 116 24 486 342 111 338 541 17 1003 195 585 363 205 87 187 261 56 167 669 837 687 282 241 294 189 352 69 12 355 584 846 485 66
787→1452 41 260 1460 7 254 31 183 363 240 590 57 55 83 93 546 48 688 791 169 98 628 142 669 14 184 42 296 276 843 315 34 122 292 75 693 268 50 675 911 278 295 51 4 323 202 250 638 337 814 92 167
788→1346 1460 1500 988 730 1008 1222 744 1 1264 1223 1469 1172 1457 1464 1569 301 1572 1492 7 303
789→1 119 1023 120 92 612 41 894 833 91 276 83 244 256 36 182 241 640 233 814 175 277 71 15 981 870 656 1161 187 169 672 697 294 1218 176 352 451 358 14 57 97 311 1092 168 184 87 198 186 66 188 35 799 1434 698 289 84 846 644 242 526 369 124 598 268 600 265 310 266
790→7 557 233 154 230 23 124 312 322 137 321 269 40 786 558 31 134 136 561 114 353 20 24 916 266 342 113 320 11 304 231 219 324 8 519 467 338 159 225 623 117 1079 745 522 17 921 385 904 625 135 228 350 458 992 178 183 282 629 197 39 243 92 281 546 15 325 318 249 185 656 288 103 3 36 413 648 60 58 180 166 184 627 165 394 525 393 71 451 176 257 65 14 363 68 175 170 632 369 850 873 360 412 493 637 646 91 196 253 766
791→1500 988 1 1467 1452 730 302 1420 303 1592 120 381 1456 1455 737 307 124 269 233 558 234 122 113 668 312 786 132 626 230 321 912 138 310 18 11 330 129 907 316 789 40 9 155 134 271 1017 139 315 385 148 24 23 118 123 183 529 175 51 352 299 403 92 527 534 251 41 15 364 290 629 4 14 839 1037 930 296 897 843 244 198 311 323 93 408 953 835 683 419 106 631 517 253 266 165 86 526 368 676 246 325 979 57 590 66 545 355 943 546 1016 955 675 799 337 96 241 372 97 61 318 339 242 308 1414
792→1417 235 323 295 568 631 526 1250 693 15 310 830 169 256 679 284 46 450 280 1469 124 172 171 352 167 51 1 269 233 198 415 165 1048 393 871 5 388 843 13 360 836 669 325 529 138 535 254 276 420 63 31 251 189 366 61 166 412 176 282 36 367 696 646 179 577 363 178 411 170 290 674 71 281 154 2 253 244 3 252 880 192 137 260 288 451 369 173 339 42 558 230 10 525 299 275 191 301 870 941 196 180 555 364 335 322 182 596 699 546 1359 837 91 243 47 368 97 205 358 257 365 142 274 184 240 177 600 48 175 691 372 68 271 92 155 242 246 202 410 104 839 292 1157 683 157 528 40 431 95 717 308 80 273 873 842 377 769 398 1095 355 164 9 471 845 311 429 4 194 346 185 1004 585 856 786 988 1412 34 813 204 709 533 419 208 822 114 209 272 387 72 474 780 488 296 43 864 174 356 489 1498 320 492 82 716 236 100
793→1 7 268 233 40 301 261 2 118 151 142 414 24 281 696 276 46 280 80 3 288 374 57 369 643 352 308 311 450 187 49 297 66 355 35 31
794→1589 1460 7 1 302 305 224 233 315 326 928 342 155 321 598 11 125 330 8 136 261 290 412 250 631 91 56 973 1156 15 260 92 14 419 387 184 269 337 34 843 393 837 352 364 369 51 979 170 84 299 183 720 839 280 296 411 48 46 1205 506 372 889 345 929 10 173 3 836 688 72 672 1626 281 45 1098 254 106 691 195 769 871 241
795→1 1223 1048 1467 988 1500 1497 1486 1457 301 1346 1460 1498 1172 1456 1263 1492 1061 119 568 1513 1222 223
796→1338 301 723 303 1454 736 1487 568 302 1465 381 1594 223 988 1452 119 1048 992 1589 1460 1467 7 1346 316 138 124 137 142 312 9 261 326 558 334 134 24 132 470 20 116 23 140 315 310 338 136 414 17
797→758 995 1460 1 730 1452 1222 1008 119 724 301 579 302 7 303 1173 222 1592 570 569 736 565 120 727 306 1263 737 733 269 252 558 234 885 668 626 598 924 141 137 268 239 633 751 160 562 787 757 437 143 138 149 334 1056 1018 1661 671 835 780 1345 1196 1273 387 871 233 109 323 230 629 880 280 559 295 1016 450 830 182 61 244 352 51 253 547 685 897 42 1060 682 717 833 474 546 836 169 41 1084 183 1014 670 596 318 675 284 529 535 3 63 238 918 175 360 696 396 526 65 251 71 634 638 1013 1037 178 646 929 412 358 693 165 870 80 240 167 13 845 1377 814 31 628 700 691 699 296 246 948 1165 771 249 605 394 451 106 411 1195 40 112 843 981 242 403 1242 265 1050 715 46 311 839 893 974 1662 261 967 254 669 791 277 371 57 281 83 1219 184 110 339 1333 1053 59 56 894 364 1063 940 124 676 692 419 142 679 62 28 292 36 91 274 545 1062 170 1015 243 189 95 172 695 278 674 576 113 973 104 33 456 1057 173 1514 276 631 868 388 50 15 683 1418 14 1055 372 97 86 241 684 1344 678 1292 1236 256 171 1205 1058 398 166 308 96 1356 260 1397 286 538 686 191 22 980 635 345 719 48 198 493 55 656 270 282 39 979 369 955 630 349 435 1147 687 769 420 290 1322 34 1032 79 492 82 257 1030 612 393 1256 512 271 949 677 1216 548 517 72 176 1360 1352 4 555 355 108 85 864 68 1004 75 202 486 177 837 299 131 250 87 760 92 1145 151 495 35 673 288 367 510 943 930 248 688 1017 508 186 45 382 1139 363 658 221 215 1565 720 9 21 478 294 754 471 351 297 105 316 10 208 939 84 861 537 515 841 1355 315 207 1001 1320 1584 60 1049 89 1109 1152 524 32 1489 414 266 1664 23 1374 247 1665
798→1460 1 1023 1048 1044 1263 1338 568 303 1223 1470 7 1452 1592 120 1454 1585 305 1498 1332 1249 1572 381 1492 1513 227 270 122 824 154 265 234 268 1197 470 313 787 633 1613 546 547 291 285 823 359 197 525 551 62 634 286 93 845 1354 642 94 411 396 572 833 256 371 28 171 58 947 630 168 370 1574 877 373 363 240 981 236 799 287 1356 650 716 1575 1096 272
799→1500 1348 474 1557 91 691 183 412 318 646 233 1333 635 61 249 202 835 251 683 166 387 1042 92 290 1108 339 310 72 395 244 169 292 246 63 201 209 208 594 14 120 1617 247 372 182 179 32 215 230 170 51 119 1498 734 579 155 302 16 672 291 71 57
800→1467 992 1617 1465 1452 709 528 548 306 267 269 59 506 185 181 190 110 79 813 514
801→758 1 1048 1263 1452 982 230 122 335 234 126 124 233 412 71 984 31 265 668 598 338 266 672 509 270 154 885 269 314 152 470 40
802→1460 1467 995 1500 1048 744 1149 1592 46 634 394 629 15 182 387 598 837 558 352 256 180 254 36 360 268 183 91 247 280 450 372 14 154 257 814 122 526 295
803→988 1023 1172 1589 7 597 995 1470 1338 1093 1008 223 301 1044 1 723 222 568 1460 1263 1500 1469 1048
804→1008 11 142 202 63 629 182 169 80 374 349 98 111 259 526 71 189 1411 674 97 57 66 210 204 9 277 243 558 138 41 242 451 474 31 269 450 40 14 241 355 174 301 100 208 87 68 82
805→7 1460 119 1364 579 302 1452 1420 1336 1255 124 269 137 9 24 11
806→570 233 582 121 151 155 307 230 40 309 31 1082 579 306 157 326 269 1124 124 137 152 9 129 321 22 267 332 158 219 21 24 862 271 160 338 11 147 220 143 987
807→1346 1048 1460 988 1044 1497 1513 1498 1588 1267 301 1093 1023 1464 1456 1008 1585 307 124 262 235 230 494 316 155 132 668 24 268 322 234 113 157 915 310 31 265 0 40 140 2 160 114 342 22 326 472 223 26
808→1467 1460 988 1500 1338 221 1 1222 1061 301 992 119 303 570 120 725
809→988 1 1460 1457 1500 1511 1348 1259 119 1149 744 730 1093 221 1589 1487 997
810→628 638 285 171 1095 1384 833 547 658 633 287 527 1575 577 630 291 845 168 692 93 359 187 62 525 263 1203 256 411
811→988 221 1 995 1492 1460 1048 1469 1223 1044 1467 119 1338 1497 1346 1332 992 301 7 1456 302 1498 305 303 730 723 1149 1008 304 570 121 724 309 1592 727 1364 732 230 319 233 31 322 819 915 788 40 1229 157 784 560 155 115 785 2 786 314 0 822 563 1137 170 173 894 165 339 641 41 105 679 638 50 10 415 278 190 257 628 251 686 1050 596 557 244 943 1016 411 286 830 181
812→1460 1348 758 988 1048 1364 303 1492 1361 1498 1044 1 1222 1469 1572 302 7 730 221 570 381
813→1348 1492 988 1 1467 1457 301 1222 1346 1093 222 1497 1061 992 223 1469 1172 568 1338 7 1452 1255 302 303 40 558 233 234 269 998 723 1263 1266 120 1487 1332 582 121 307 306 1417 322 786 0 2 139 937 381 347 115 229 219 228 931 739 1592 1562 1223 137 1460 124 19 155 31 119 157 230 13 276 166 46 3 535 169 257 295 281 312 197 679 631 493 612 325 696 897 109 486 248 404 280 36 179 475 873 342 288 488 142 614 349 116 209 443 201 1498 1465 1500 9 134 122 154 315 138 125 23 132 131 1389 268 18 967 11 917
814→1500 1048 119 381 1592 138 51 318 170 526 450 44 1466 295 36 727 302 635 308 242 323
815→1467 1592 155 302 1492 31 1500 0 219 1078 13 700 308 352 295 695 171 24 221 266 191 472 137 693 301 233 32 1048 1460 276 169 1236 412 420 95 75 683 675 973 15 897 318 914 257 182 1063 694 1013 1015 238 173 3 345 596 92 4 837 187 282 364 930 1019 278 97 393 583 943 42 106 208 323 14 835 429 68 1084 251 679 697 36 411 311 40 63 184 175 676 51 360 48 632 292 791 55 646 769 631 41 39 685 486 246 243 172 34 46 72 488 401 65 100 91 686 61 296 408 415 339 672 170 419 281 372 366 493 337 294 450 167 56 1062 35 57 104 490 794 702 950 979 355 109 652 410 1001 1205 1037 1344 66 422 1030 287 256 1125
816→1500 1 1343 1487 1592 1467 364 369 656 946 57 51 363 183 56 138 184 31 412 299 198 187 526 124 242 323 169 202 295 631 814 337 234 260 241 450 716 474 310 106 61 233 14 92 167 372 40
817→758 1048 995 1467 301 1460 221 1511 1497 1 1348 1023 1172 222 1513 1464 1263 1044 1259 1223 730 1266 820 787 31 21 598 122 230 788 227 668 234 1376 310 137 558 319 984 252 268 124 40 262 840 910 265 152 633 885 155 915 138 0 239 714 141 1243 266 863 149 321 142 1425 437 600 342 786 92 276 371 1339 167 176 251 677 240 103 277 291 1084 171 897 845 274 282 190 177 717 170 1353 36 198 323 173 814 634 244 697 273 289 183 669 674 4 71 290 400 1063 555 1154 249 572 962 181 372 951 948 47 299 278 630 953 243 296 1399 286 370 48 97 648 42 34 527 973 297 337 843 629 836 1102 637 95 1030 14 75 675 638 86 635 250 352 837 450 318 358 700 359 93 880 168 253 396 363 451 284 1361 247 178 526 368 870 51 3 58 1180 62 72 339 189 187 1031 693 94 940 364 525
818→1486 1589 301 723 994 569 1585 121 1487 1338 1617 1498 988 1460 1332 51 172 39 175 257 36 169 260 360 63 9 281 233 401 15 369 276 873 631 864 244 299 282 1205 1414 181 304 1173 41 241 1048 995 202 290 679 31 674 230 34 242 880 166 1346 1650 119 137 310 267 154 271 40 269 786 142 335 319 155 113 140 24 22 338 219 129 637
819→1 221 233 1016 154 557 252 227 265 137 267 234 18 598 605 1329 124 132 312 17 166 679 635 257 631 206 870
820→1048 988 1 1500 1460 1044 1617 1592 40 31 271 124 266 155 1243 11 24 132 915 968 328 228 260 323 914 189 92 240 171 535 178 450 281 683 387 279 679 951 91 243 39 173 14 41 674 297 864 358 290 526 253 1037 509 51 42 62 352 672 337 63 411 394 364 48 180 845 1060 251 837 278 93 256 209 242 46 169 1418 59 172 372 207 238 292 1180 930 871 345 250 780 955 34 766 184 355 65 192 692 722 523 75 918 368 974 4 84 1062 61 215 57 697 35 204 511 637 104 643 449 28 80 779 614 272 87 434 55 1019 815 50 397 393 349 950 311 195 658 72 66 648 259 1030
821→1460 1467 1500 1 988 1492 1338 995 730 221 1592 387 686 72 671 192 173 170 558 234 132 526 71 182 679 628 372 940 396 167 227 529 672 252 881 246 282 3 948 668 323 635 124 631 1205 364 669 675 172 177 373 250 280 260 154 15 394
822→1500 1460 1467 1222 1487 1332 1588 1498 303 996 744 302 1592 737 381 1479 579 306 9 155 24 31 40 142 124 314 317 972 157 137 470 116 271 114 129 140 143 1124 2 219 11 338 220 22 160 342 351 153 161 21 350 1334 354 348 41 175 28 167 56 59 311 183 249 173 276 13 100 674 474 202 62 51 14 295 893 36 75 178 230 200 242 60 281 93 4 780 91 679 547 57 260 678 450 277 352 323 192 670 364 403 292 98 32 399 526 289 48 372 243 643 15 65 172 52 290 411 80 214 258 185 182 486 71 184 291 308 34 39 79 699 176 55 843 110 790 193 369 253 867 655 198 96 108 109 1055 50 475 480 346 533 383 195 504 703 951 487 380 515 207 374 204 716 813 212 1033 361 43 12 879 77 416 855 84 215 702 735 862 375 528 442
823→1467 1457 1044 1262 124 598 234 230 668 239 915 31 233 137 21 984 114 11 599 219 155 119 24 338 40 167 396 172 318 244 527 15 526 51 36 815 295 92 173 631 181 238 93 953 71 638 169 42 241 363 202 635 643 529 674 839 686 192 57 364 260 4 835 894 546 3 282 104 700 656 678 189 243 683 637 687 50 372 685 946 696 279 61 525 253 276 1095 14 39 941 669 308 325 693 1001 41 175 281 288 278 171 1205 834 13 688 628 182 403 897 450 257 63 242 648 759 165 87 46 177 345 401 973 555 178 34 771 646 411 91 672 692 780 352 1345 170 240 763 870 412 97 358 184 62 294 679 286 650 630 506 287 280 880 930 323 75 187 277 1016
824→301 1048 1061 1346 992 1363 1452 303 1093 568 119 121 744 1008 302 1498 381
825→221 1467 988 1498 2 1245 233 788 124 132 301 31 314 155 302 894 628 843 282 372 276 295 845 92 323 175 683 290 181 178 51 1333 638 474 815 166 28 686 41 240 169 325 62 278 641 277 189 244
826→1460 1346 1513 992 1457 1500 1511 1464 1498 1266 1263 1467 301 1614 1475 1492 1616 1 1562 1172 1365 1490 1348 1469 1061 1480 1585 995 1338 1223 744 1593 119 305 1178 1093 1363 1347 999 1497 1452 730 1486 1572 120 302 1589 121 309 726 1514 723 570 307 1255 1592 1336 1465 1476
827→1048 1500 988 1467 1497 301 1588 1460 1023 1044 995 1258 304 1173 733 992 1452 303 1338 7 1223 1342
828→994 1498 1592 1 1467 744 1048 119 301 1172 723 34 254 169 15 46 274 57 175
829→119 988 1460 1172 1361 1464 1467 1023 758 1263 1048 1513 1497 1498 1266 1044
830→1500 992 1 1222 222 1048 1467 1588 988 1044 1469 568 1457 303 1460 723 119 1454 7 301 1498 1061 307 1387 1337 569 1479 744 727 223 725 1486 121 1594 120
831→1044 1467 175 233 839 479 539 525 693 672 13 243 254 669 388 276 241 526 183 166 235 926 915
832→758 1460 1457 1023 1048 1348 1 1172 738 119 121 635 166 48 951 1400 387 92 598 251 683 15 345 250 247 401 249 339 364 254 244 400 668 72 56 525 656 415 132 290 637 411 910 966 316 629 298 835 337 408 97 256 769 1031 377 1339 91 914 686 372 527 122 4 634 352 108 240 355 658 49 451 57 590 359 188 83 407 1083 113 715 29 66 341 94 638 833 1431 1333 265 363 287 171 953 86 93 103 58 373 234 227 62 628 952 630 187 28 370 546 949 1154 962 168 268 897 670 14 871 894 51
833→1334 234 154 291 525 946 1418 171 638 1119 1422 240 62 1333 870 658 692 546 1236 28 256 1095 187 577 411 1547 716 881 949 230 364 780 251 295 529 124 243 1152 92 929 894 893 670 693 558 839 181 372 1345 930 299 403 1015 387 700 292 311 835 290 104 950 95 679 1016 576 282 318 674 526 1018 596 678 281 358 631 276 1037 641 914 388 269 672 677 323 339 669 684 179 253 646 51 278 493 175 46 1084 39 369 137 683 59 246 250 176 695 1377 173 167 973 943 691 280 1019 50 189 871 244 635 987 4 42 85 1242 598 1180 3 696 685 172 13 178 190 41 241 375 694 836 802 837 814 868 169 325 65 830 71 1059 686 63 393 184 151 337 880 242 345 897 129 1565 14 1252 1053 676 1355 759 488 1126 494 489 109 401 170 1055 699 406 91 349 475 308 198 105 648 720 98 106 11 1148 873 495 813 271 643 55
834→381 301 1 307 119 189 57 40 246 687 672 372 187 529 15 242 631 352 202 63 323 282 278 291 41 1030 506 185 34 880 375 51 230 44 181 173 84 546 42 835 48 401 257 13 87 142 155 31 24 139 157 147 11 160 228 1452 302 786 0 268 129 321 472 86 276 71 92 686 274 124 692 106 4 198 110 628 411 196 339 585 292 272 674 275 658
835→1500 1048 988 1460 597 1498 1263 758 1023 1 1348 992 995 1464 1008 1470 301 726 1492 1346 730 1467 724 1483
836→1460 1 992 1048 988 1172 1338 995 1332 730 119 7 301 1616 1617 568 1456 120
837→1061 119 301 744 994 1364 1259 730 737 1255 309 880 973 42 276 299 943 311 323 403 173 31 696 40 105 41 675 184 251 233
838→1464 995 304 301 239 233 277 649 648 1236 692 870 371 287 1558 1095 953 94 1045 1333 411 363 373 240 1384 168 86 283 946 1357 576 1519 15 368 943
839→1460 992 1617 1000 1338 1044 597 1513 221 1348 744 1093 301 31 319 840 155 268 122 124 335 598 310 266 265 141 1194 600 605 22 353 1048 1 130 305 1267 1023 227 1470 995 230 363 252 668
840→1467 1498 992 988 1 1460 301 1417 569 568 119 994 736 381 1585 1592 303 1452
841→1 124 271 31 178 529 166 831 832 367 122 233 863 668 252 253 169 369
842→1500 1467 988 1492 1513 1498 758 301 1594 1267 1 1044 1497 1469 1457 119 1346 1172 1061 1464 1223 1483 568 597 1342 1048 1093 1338 7 995 303 1263 221 730 570 992 223
843→119 992 1346 1 381 302 1222 303 120 307 252 137 114 160 124 136 11 125 132 271 316 310 113 321 123 9 23 24 414 8 338 599 146 17
844→1 1460 1338 825 1301 171 845 870 833 227 263 93 103 234 1119 363 658 527 962 1431 1422 1333 525 649 1238 94 648 1201 122 62 268 628 58 1418 949 373 1240 270 1236 264 1411 1040 1095 1468 576 546 953 547 28 256 881 638 630 692 265 240 1156 1435 577 1282 910 286 1358 716
845→1500 1457 1498 1460 1048 1346 1588 1467 301 1008 1044 303 120 994 119 1592 121 1455 1337 734 1465 307 579 667 382 9 1014 31 134 37 10 339 79 279 50 474 36 183 244 693 526 42 41 352 529 318 814 880 387 894 364 669 250 167 1055 372 252 672 837 48 278 56 282 675
846→992 1497 1061 1500 988 301 1454 1469 1457 119 1460 1567 744 1008 303 1588
847→992 1492 1500 1048 988 301 1452 1460 1589 744 1498 999 1348 1044 730 303 1338 302 570
848→1346 1617 31 157 1 40 230 72 241 363 172 251 369 136 658 109 196
849→222 7 1452 1 223 120 579 725 306 727 730 998 570 121 309 737 307 1334 381 992 1149 301 303 1048 1008 302 1342 119 318 323 281 295 369 230 15 13 183 182 897 60 254 412 41 279 34 124 242 251 486 46 250 253 91 31 92 292 308 11 32 39 629 558 672 450 202 260 165 311 95 596 394 893 244 61 929 97 167 249 1016 843 674 64 36 889 525 830 172 170 248 474 290 4 372 278 175 93 345 669 112 1014 1055 261 10 299 87 233 79 717 100 49 527 42 173 56 699 1058 113 364 352 169 114 51 28 80
850→1338 1222 1 1467 221 1500 1513 1460 1464 1348 1172 995 1008 1617 1093 1498 303 730
851→1498 1500 1460 1048 988 744 1266 1023 1 301 1348 1572 1364 302 223 7 276 696 833
852→7 995 1332 1460 1467 1589 1452 1490 1454 301 302 1003 381 121 1592 306 307 1337 1336 169 242 310 241 124 4 253 486
853→992 1048 1500 1467 301 1093 1332 303 302 119 1592 994 223 1249 121 120 309 1455 307 170 646 65 914 295 42 36 369 202 241 529 318 91 167 254 56 506 39 323 95 670 1053 28 260 183 175 124 880 296 230 1030 257 281 981 308 1156 683 14 691 292 864 46 345 339 184 61 493 251 526 943 50 105 249 299 246 57 106 290 791 269 415 87 110 244 83 100 9 34 672 248 59 40 75 233 699 140 142 15 256 337
854→1467 1048 7 1500 1332 1563 995 301 1454 730 1338 1343 744 1420 302 723 1482 1592 570 726 221 1478 1466 742 130 124 138 315 266 321 335 922 142 598 668 269 122 6 252 116 127 131 152 271 21 261 921
855→1467 302 780 13 170 672 173 51 1037 596 835 233 172 1236 369 372 973 41 364 694 189 182 526 412 31 814 631 242 243 693 943 241 178 318 1084 630 40 257 323 59 56 646 1016 202 4 675 277 684 474 360 529 274 110 1062 71 506 246 280 411 281 295 489 183 450 260 15 55 345 46 290 720 637 1095 198 196 278 61 254 250 1055 837 91 388 1195 897 677 1053 167 1001 50 674 368 80 48 65 299 493 86 930 294 273 1050 914 75 843 79 42 699 889 691 311 95 1242 28 1030 352 3 495 109 92 403 192 658 979 185 279 209 349 108 546 215 376 1252 44 194 57 168 83 688 32
856→1460 257 175 206 141 677 260 184 412 41 64 31 92 169 630 450 263 364 506 166 165 40 629 182 134 474 132 837 7 360 10 4 845 13 36 56 9 295 281 187 51 806 62 191 168 122 248 167 233 843 57 46 39 1353 299 646 278 183 372 277 91 37 1147 95 249 714 50 136 124 255 317 269 179 488 558 345 335 325 61 196 323 3 321 112 215 208 104 377 242 202 71 261 63 387 250 68 940 1083 296 470 869 252 419 889 45 152 399 253 380 1408 493 451 848 14 55 140 861 352 534 398 754 517 34 24 101 204 60 113 52 59 860 921 338 150 72 147 79 316 486 757 207 590 49 1099 769 32 509 1029 790 96 268 363 930 765 138 966 312 210 195 1004 294 353 406 110 69 361 214 584 487 1012 100 274 791
857→1 1500 222 1452 7 1048 1457 119 301 730 1008 303 1332 992 302 381 120 1592 307 121 1417 1255 557 269 335 137 157 154 9 132 319 315 1219 984 116 230 310 125 265 142 322 113 268 234 2 18 126 155 626 118 140 326 235 160 316 129 271 136 320 266 134 321 11 152 324 786 114 470 24 334 139 0 916 314 327 623 458 147 162 414 987 348 347 783 753 603
858→1460 119 301 7 306 309 1417 727 737 992 224 381 303 307 121 579 1 223 570 31 269 0 9 122 124 155 310 40 786 558 316 343 714 233 315 142 560 334 322 118 160 321 157 757 312 623 132 138 2 342 414 261 115 353 143 8 235 271 340 147 137 22 861 116 140 113 148 320 114 125 139 338 783 18 324 11 326 24 437 123 599 1065 146 522 231 328 219
859→1048 307 1003 579 1082 729 995 119 996 1255 582 7 1222 1 1343 175 51 230 412 276 13 170 256 294 80 526 369 474 388 1196 352 489 75 450 284 1519 596 629 836 182 41 813 295 720 403 172 4 46 871 141 345 31 243 124 372 943 167 202 672 929 184 897 537 685 529 92 34 292 679 585 285 40 545 260 277 105 394 257 694 39 475 97 91 893 169 558 55 193 495 979 889 242 48 771 109 312 675 364 200 32 628 691 894 683 244 281 56 914 535 682 941 546 240 233 534 845 757 408 759 61 1156 132 290 68 635 598 95 486 42 71 843 323 1187 241 815 282 238 205 360 1242 183 84 393 168 880 86 677 28 45 678 325 814 315 308 674 137 192 387 36 506 950 100 839 180 411 254 1205 1037 955 837 930 280 349 699 196 258 830 321 165 864 401 215 204 399 547 297 50 187 311 507 1030 177 63 648 779 339 1162 291 1100 362 176 79 271 1414 1001 246 768 346 525 835 59 562 136 122 693 633 316 767 65 14 24 43 973 96 780 57 361 81 407 555 89 658 72 802 126 377 1063 253 673 380 646 688 299 286 140 509 235 652 20 873 493 11 1058 538 497 98 143 517 338 208 643 337 85 160 614 700 10 763 209 834 716 104 404 441 1095 342 313 461 769 147 1145 74 454 231 630 1163 490 552 618 1633 185 710 355 522 511 906 1042 456 684 77 637 471 620 375 508 524 1632 211 1433 805 33 453 713 457 778 543 485 463 518 438 476 714 1634
860→992 1467 1500 568 1061 1338 303 1223 1460 301 1562 7 302 1589 1222 1093 1498 119 1173 1332 1457 223 723 121 744 381 996 1592 306 309 731 16 728 51 175 276 269 124 202 248 14 674 184 39 940 166 127 282 535 583 372 169 312 420 4 335 292 93 254
861→988 1457 1223 1 572 669 276 635 529 4 845 1016 411 252 598 227 267 234 1184 256 692 840 122 668 124 233 313 268 154
862→1460 992 1048 723 1452 1008 1175 1469 1265 565 1222 301 1 120 1173 119 1061 1003 998 994 1487 222 309 7 307 570 302 1456 303 1082 744 381 223 1420 1616 741 304 1472 121 737 739 16 729 305 306 582 579 736 996 1484 1482 1485 1475 224 727 221 567 1149 725 997 1259 1224 999 730 1263 1585 1592 1417 1337 742 1334 1457 988 1572 1044 1342 1454 1336 1364 740 1467 1338 1500 568 1387 1128 995 724
863→1460 119 1 1263 1387 302 34 352 48 254 893 450 184 122 278 31 251 15 41 679 172 83 897 42 57 51 274 310 843 75 36 281 632 28 412 318 387 675 187 202 72 68 486 295
864→1048 1500 1487 1223 301 1452 1 1343 1332 1592 302 1585 737 121 63 41 96 39 51 516 233 682 173 251 4 244 345 1016 42 196 241 419 1053 109 1055 137 296 394 929 98 230 184 167 202 269 318 897 295 486 169 13 374 276 3 24 179 116 7 280 46 631 208 257 142 281 769 36 325 696 80 124 136 493 540 259 349 474 209 488 288 475 538 8 533 496 614 710 767 1073 201 500 9 192 691 75 311 91 450 339 672 955 185 941 87 65 880 28 674 889 40 1095 1030 56 930 278 83 1084 110 37 669 548 836 95 31 372 178 388 525 57 1252 837 526 506 15 323 105 48 979 679 282 529 50 260 364 835 1460 546 352 1467 338 242 299 92 14 55 412 292 32 243 246 454 211 215 146 380 585 204 100 199 207 592 362 485 143 111 200 212 147 476 587 1232 253 71 189 686 369 678 815 308 699 571 160 342 397 217 479 61 216 552 483 250 337 393 34 170 418 290 717 43 583 766 555 387 403 951 365 261 658 375 411 1638 650 576 89 735 906 431 1039 914 108 355 49 66 341 35 44 155 744 668 675 683 1188 172 843 104 440 182 943 893
865→988 992 7 1048 301 1460 1338 1513 1497 733 1263 1452 994 995 1457 1223 1472 1482 1496 730 119 1370 1572 222 997 1337 303 1498 1454 1589 1569 1149 1332 1585 1592 302 570 121 1268 738 307 1420 1635 1487 996 1455 1346 1249
866→301 1467 1511 1338 1348 1460 119 1464 1044 1470 1589 1346 1023 1 758 1513 570 1048 1223 579 744 995 303 738 994 223 732 121 120 1592 726 1361 973 1156 94 189 42 295 296 396 401 173 943 546 166 1084 124 287 95 87 1498 104 1093 1222 372 1471 1456 988 1562 1457 526 675 183 628 1052 369 241 277 311 61 412 1010 974 233 171 182 172 1613 717 214 1016 256 352 420 122 845 93 843 1201 598 1059 1205 1637 400 240 45 692 250 451 62 1063 676 885 168 1242 1060 678 880 46 1320 687 979 345 187 51 525 833 106 36 663 178 175 373 394 930 234 633 239 34 358 864 227 170 339 871 674 941 837 1397 714 165 839 1333 278 299 658 535 282 642 202 700 897 824 1001 787 631 251 672 387 835 133 92 527 505 49 1050 690 285 244 138 65 836 1180 922 169 253 1037 555 646 247 323 364 471 596 274 325 1217 149 291 235 248 260 693 1340 1353 443 1014 914 669 39 820 308 668 321 44 685 1431 686 952 47 517 1323 38 3 1018 290 360 893 409 677 130 48 670 1116 629 257 870 243 1095 948 103 341 312 648 276 15 921 156 771 230
867→1 1460 1500 119 1457 988 1044 1467 1469 1497 1048 1346 723 725 1061 1223 730 1342 301 1093 222 568 1452 992 1008 995 303 731 1222 1332 1456 1264
868→119 672 555 881 165 124 941 51 252 15 364 41 282 525 535 295 638 93 400 360 697 946 170 256 387 372 198 310 233 230 138 269 24 668 9 140 157 2 314 132 125 235 262 222 136 134 1500 1498 302 1000 558 1460 116 183 234 370 40 155 31 166
869→1 1048 222 1460 119 302 1457 1222 570 730 994 732 1486 723 1420 306
870→1467 1338 222 1346 1048 1497 994 1460 988 1008 1498 1 568 1222 1263 1457 301 992 1178 725 1387 1093 1452 1342 119 723 303 1472 1486 1487 569 223 381 1592 1585 1337 120 307 121 1500 233 310 558 334 132 134 124 626 140 315 322 261
871→1008 1338 119 570 120 579 1589 1592 989 988 1498 1497 1467 1048 1 1361 41 4 526 142 880 171 672 14 412 97 1016 234 31 92 276 674 835 419 364 295 243 250 675 403 555 415 1509 839 202 61 973 173 170 183 339 238 124 596 893 693 59 871 168 189 631 679 683 914 1095 1037 369 180 167 178 104 359
872→1467 1460 1048 1175 758 1 1008 302 1592 1487 120 1498 1457 303 119 39 295 250 3 411 28 280 79 62 251 290 41 36 257 679 230 323 170 526 387 529 241 4 202 281 182 63 369 61 537 412
873→1500 1467 221 1513 1492 1460 1048 988 992 301 119 744 1023 1222 1223 302 1387 1478
874→1338 1061 744 303 119 1223 223 568 723 1332 1487 306 309 1417 1562 1 1592 1467 999 301
875→1500 1498 1061 1460 1467 1346 1 1614 119 992 222 1000 1222 301 302 7 723 303 1455 120
876→1469 1498 988 1497 1348 992 1460 1467 1023 1338 1457 1588 1454 1589 723 1093 1 301 302 303 999 1452 381 1222 1332 223 7 1149 119 570 579 121 730 120 1592 994 1364 728 307 1563 13 412 63 243 51 169 14 39 244 629 233 36 202 41 281 31 208 40 32 1213 98 474 165 471 55 80 230 109 28 201 526 380 345 65 182 374 214 215 206 207 68 480 179 273 246 404 209 585 100 349 210 212 211 204 111
877→301 7 1589 1467 1223 1332 119 172 323 243 369 170 292 411 202 691 167 233 182 173 325 57 372 699 41 254 92 274 48 71 91 260 393 15 59 40 281 63 46 658 56 45 450 50 271 261 132 352 175 13 55 51 165 242 257 184 241 277 311 674 14 187 49 66 195 355 98 142 259 374 349 483 375 717 880
878→1460 119 992 1417 1003 1457 1061 723 303 302 381 1255 568 121 120 1336 570 582 224 1475 1337 880 1196 248 412 95 184 281 34 691 172 930 648 529 474 100 864 233 36 387 250 63 169 629 61 290 48 28 51 183 230 13 295 524 679 517 105 276 1145 41 282 943 311 14 323 202 254 40 175 244 1340 15 42 1053 364 360 403 526 204
879→23 24 269 31 118 2 40 414 134 157 233 261 122 316 470 9 155 139 898 307
880→7 1332 302 31 169 295 80 142 98 109 374 349 474 259 538 533 539 483 329 1073 4 57 352 93 83 355 132 151 108 860 407 43 658 341 45 44 269 59 506 79 112 50 110 185 757 296 41 51 791 40 387 55 271 698 460 515 10 480 489 376 346 300 14 243 204 281 13 63 165 100 202 200 32 126 709 212 585 215 552 479 216 808 620 242 308 184 60 274 178 22 97 168 418 129 77 461 294 463 798 449 233 61
881→124 31 230 267 134 7 310 269 312 319 557 138 326 137 40 233 114 23 560 320 160 8 129 24 338 139 9 335 324 11 147 113 314 519 340 587 305 759 189 51 241 672 295 167 166 165 47 169 176 37 535 36 641 323 15 493 172 325 815 372 358 56 63 943 190 41 1037 897 412 242 3 13 308 771 198 691 181 80 1205 46 253 292 526 200 48 280 678 61 284 276 50 294 112 311 473 249 4 835 450 100 394 850 192 380 39 404 1095 281 576 257 205 57 296 87 184 411 555 96 75 247 65 254 517 415 769 71 55 352 674 68 97 408 207 179 10 260 14 399 955 337 290 646 238 1161 243 12 529 951 35 368 643 525 681 201 164 489 77 355 32 341 533 204 214 66 379
882→1467 1469 1338 1592 1617 264 1500 988 995 230 1249 233 598 252 668 138 558 124 626 310 322 261 132 564 334 146 141 266 320 148 113 0 472 333 129 1237 115 340 348 968 1215 135 350 658 546 1155 411 396 94 833 285 197 287 62 1095 171 363 240 187 525 630 283 425 373 339 941 369 275 15 683 816 257 183 273 401 691 290 412 415 951 555 839 364 255 175 387 372 182 360 97 367 834 48 61 646 202 366 368 393 418 170 247 419 337 865 398 356 365 72 873 298 91 948 769 177 766 409 165 176 939 195 697 429 431 1161 258 1409 585 196 1083 101 975 664 410 43 12 74 930 323 243 172 943 281 173 278 242 71 40 276 529 189 675 31 42 871 388 295 241 3 669 631 13 198 282 526 41 137 696 95 311 63 979 672 51 260 686 253 65 179 299 527 674 308 1030 535 46 897 677 4 288 682 238 679 1205 670 104 14 832 279 47 108 443 450 534 352 837 200 643 869 950 184 289 1047 192 274 280 106 380 89 10 277 59 294 296 760 709 471 57 911 66 720 475 864 271 488 353 1565 1019 815 490 246 495 100 39 55 492 454 460 713 355 860 151 11 147 328 453 24 199 204
883→1061 7 1460 1589 119 995 725 1255 723 303 1332 223 994 120 1585 1476 121 1475
884→1048 1 1093 119 1460 1500 1467 1457 1044 1008 1348 303 723 1456 222 992 1452 1497 1337 1592 570 598 124 233 269 0 252
885→301 1460 1467 558 124 269 122 130 268 633 142 757 24 261 321 910
886→119 1 995 116 137 122 910 270 885 131 558 124 557 234 154 820 138
887→1460 988 568 301 1 1048 1023 1498 1044 1617 1465 1500 124 359 187 1589
888→1498 1 988 221 1467 1492 1460 1469 1048 302 597 301 1338 1348 1614 728 1332 1222 744 568 119 1420 303 1484
889→1460 1346 281 295 1050 691 387 880 683 249 412 169 63 1452 302 173 233 57 471 4 66 914 49 372 87 330 269 271 124 712 261 142 110 50 59 79 517 506 112 507 790 31 41 51 474 14 36 100 80 243 55 244 202 40 39 13 28 201 374 629 526 109 32 380 585 98 207 209 65 204 215 349 208 199 397 485 929 325 1252 61 250 814 184 1242 889
890→119 1497 106 295 124 643 1205 1015 897 41 758 202 1037 65 412 590 171 981 547 169 13 254 142 1197 104 59 269 85 323 281
891→1223 301 57 349 80 374 483 375 259 39 24 40 873 157 11 155 14 325 179 13 474 209 615 538 408 66 698 620 302 44 421 109 330 406 541 31 587 658 352 212 1045 292 1061
892→1338 1460 1467 1048 1 1172 221 1492 305 1332 280 815 1016 720 15 668 281 672 364 51 678 244 295 1339 154 178 323 836 1216 10 3 31 290 1062 40 646 104 28 105 372 251 771 686 526 345 257 631 63 641 691 267 299 42 415 943 716 699 369 388 172 92 845 412 930 880 13 253 233 124 675 1410 366 152 648 411 401 1205 238 1035 256 450 696 843 173 65 250 311 141 529 269 284 260 605 176 674 207 136 242 46 254 14 493 182 41 125 110 170 246 1033 924 79 296 486 864
893→1346 1460 1498 1467 1457 1500 1222 1 301 1093 119 1223 994 1173 723 1456 568 303 302 570 1592
894→988 1460 301 1500 992 1003 1569 7 1223 1498 1469 1452 1470 1222 1454 1332 303 1475 1476 1572 1592 744 120 1228 307 305 582 309 1456 181 269 167 165 679 558 91 4 369 264 641 243 173 480 412 1422 470 170 40 281 39 36 273 292 267 61 450 14 242 815 527 172 182 535 415 250 202 68 432 451 247 190 100 166 47 124 276 51 13 274 643 291 31 308 233 836 46 394 1205 185 63 195 454 79 109 169 127 3 506 141 474 404 254 473 193 278 640 1414 295 184 137 1083 265 420 289 134 60 312 179 537 629 368 270 246 180 48 41 198 668 9 207 200 285 780 791 244 526 396 352 697 10 108 443 1209 18 268 366 104 403 419 830 938 1238 1354 551 674 377 176 132 249 56 253 363 197 321 187 411 831 585 208 410 80 375 34 142 769 258 939 538 548 72 177 533 284 296 335 110 486 22 204 35 561 77 520 534 487 716 126 813 327 326 11 209 55 492 439 116 271 32 355 129 488 174 650 1019 215 385 82 380 1351 658 349 24 334 160 555 406 98 435 659 71 212 298 12 199 341 735 876 753 540 277 220 515 211 84 490 397 790 449 461
895→1460 1500 1589 988 992 1048 1467 1093 1457 1363 1640 1572 1469 995 1497 1061 1222 1604 1617 301 1 1008 119 1346 1513 1223 1338 1454 1174 1259 989 303 1466 7 309 1569 725 1173 1498 744 223 1386 999 1475 1255 569 1264 222 731 1486 741 1332 1364 736 567 579 994 1249 723 1482 1149 1420 1261 1452 120 302 582 737 304 997 730 998 1082 570 1456 1592 121 727 1177 724 1478 1003 1628 1616 1593 306 1476 1336 1387 1263 1337 1487 381 305 1479 1490 1268 307 1562 565 1417 1585 16 729 1465 734 1334 667 1007 728 1000 996 1510 1366 1389 233 40 784 1436 31 2 155 322 928 1280 319 786 1168 139 563 19 0 1069 560 937 343 750 314 1402 1392 1137 347 157 926 822 1164 1502 898 789 219 970 1200 1239 971 932 993 738 1124 115 1097 900 756 229 228 931 742 1078 1494 1081 1641 884 902 1065 1271 1166 1199 230 982 566 1269 1245 1560 1388 1054 826 1287
896→995 7 724 302 1128 1572 305 1222 1469 1048 1338 221 122 319 233 124 786 40 157 31 600 310 818 155 470 2 668 9 314 266 138 24 870 267 356 291 323 253 273 669 282 275 173 412 290 276 682 943 766 823 364 181 182 202 63 394 396 242 363 717 1108 352 641 36 285 41 240 191 278 61 837 71 92 91 628 167 404 433 47 411 137 169 287 257 175 170 197 15 271 674 598 605 239 166 260 154 178 165 387 535 951 304 3
897→319 31 600 154 558 757 310 230 116 124 334 7 2 342 19 24 305 317 755 563
898→1048 1346 1 1464 1460 1044 995 1023 1467 1172 1222 1266 988 1492 1470 1257 119 1469 7 221 992 1249 744 1338 731 994 301 723 1456 303 1332 1337 223 1000 1592 1594 307 570 1263 1336 120 915 252 156 626 124 598 558 122 9 1320 557 966 922 984 155 605 137 863 315 268 234 322 157 233 0 114 136 31 787 310 142 131 239 40 134 140 271 227 319 154 668 116 786 22 270 141 148 265 563 132 24 138 266 327 262 916 149 967 926 139 123 633 115 129 972 842 917 921 1425 1186 26 906 472 1137 118 904 330 332 47 572 165 206 1035 182 92 364 295 973 529 387 202 48 257 189 1013 192 696 474 230 243 679 42 672 183 356 282 396 547 281 3 394 687 173 420 94 285 527 171 372 325 670 75 1037 678 693 371 260 871 71 411 290 172 697 97 178 187 403 177 79 352 181 240 254 14 1205 674 242 195 415 169 950 291 51 36 166 585 11 13 167 191 374 55 845 412 493 91 450 258 287 780 277 10 176 184 365 363 1084 253 377 860 308 185 45 1014 250 273 1567 113 1498 648 649 555 692 545 806 1562 682 197 180 837 104 80 267 198 1414 61 110 486 716 767 495 843 534 508 256 289 488 68 451 200 288 297 50 630 298 643
899→758 1460 1346 1467 1511 1093 1457 119 1008 303 301 1173 223 1000 1474 1490 1178 569 1386 304 1452 221 1338 1249 1264 1332 1628 1476 1456 1260 121 737 224 197 400 546 833 962 285 268 363
900→1 7 1496 992 119 1343 1460 1482 301 999 1003 302 120 730 579 303 565 121 570 1173 737 569 727 1387 140 24 269 138 0 321 19 385 9 2 116 505 562 147 134 315 132 139 786 18 757 114 113 862 1206 314 467 343 789 912 338 123 917 115 437 150 328 155 11 353 151 606 783 160 861 330 972 458 906 225 599 925 219 161 1097 472 519 153 986 588
901→988 1223 1457 1500 1342 1572 1460 1595 1513 1467 1061 1452 1492 1 119 1338 1222 744 1592 1417 7 1464
902→1048 301 1460 1617 1338 1172 303 7 992 1222 1420 1498 1332 119 223 1585 304 381
903→1061 119 1337 303 1417 1452 302 998 1454 132 261 140 233 312 26 2 134 139 323 124 1408 97 24 93 166 367 1147 717 401 169 387 352 175 46 249 167 845 308 242 100 295 55 814 277 183 281 1084 315 897 182 676 546 57 273 10 28 246 110 506 260 202 843 243 943 688 269 4 34 108 369 31 290 36 116 9 142 208 380
904→766 276 244 172 412 183 843 242 364 771 411 167 257 243 28 380 71 233 323 377 202 241 185 1015 91 525 182 360 63 1036 295 689 92 254 250 40 672 109 65 369 31 59 679 137 696 51 260 282 1013 1352 173 152 1585 1022 110 506 134 194 387 123 138 351 471 1196 106 693 603 46 486 493 3 492 780 488 779 376 495 652 503 487 346 491 480 300
905→1460 1457 301 1498 1467 1044 303 1338 119 1452 1249 1000 1592 223 732 381 309 306 1456 1500 1479 988 1348 7
906→1048 1044 992 1497 7 1348 988 1452 1467 1093 1500 1460 1263 1222 729 1561 1464 1469 744 1023 995 1266 1338 1172 1589 1457 725 597 1128 1572 1420 1470 119 1
907→1048 1467 7 1460 988 1 992 1044 302 119 994 1336 120 121 1455 40 233 124 315 668 31 915 9 557 252 138 150 230 137 626 19 23 18 166 181 692 97 165 48 546 450 295 177 134 287 323 278 3 251 36 404 277
908→1263 1338 1048 1467 301 1500 1589 1008 1460 758 303 1365 988 744 992 1044 1348 730 1 723
909→1469 1500 1266 988 1023 1223 1048 1464 1492 1457 1348 1617 1008 1498 221 1061 1 1513 1589 1456 1420 1332 120 1585 381 121 1481 1592 570 1610 736 1460 227 470 122 840 230 270 924 578 264 268 910 263 1002 265 385 545 94 648 103 58 547 577 240 1236 286 287 845 62 256 634 527 1116 171 799 630 187 93 962 1234 168 86 188 363 1333 396 234 949 787 1240 697 4 184 176 672 241 242 897 686 294 71 49 277 914 311 681 352 68 369 169 440 418 189 178 57 87 674 584 12 358 383 1412 69 1083 195 678 356 77 451 461 279 868 938 846 794 35 361 727 1336 1173 831 658 1474 870 1584 1356 549 1324 373 546 1227 771 295 46 487 3 476 496 457 372 590 806 45 471 66 44 715 298 523 881 377 38 445 388 31 41 51 165 63 202 80 36 179 243 404 39 474 13 281 526 374 349 200 174 194 208 100 895 485 585 32 55 835 656 364 368 401 233 635 61 668 980 166 415 23 244 252 1098 138 124 251 558 142 948
910→1048 24 267 885 170 529 880 535 51 668 387 63 184 318 311 396 254 671 295 635 973 930 31 1196 1126 263 871 674 1581 92 345 1236 537 1016 282 494 1095 628 34 1156 198 693 696 1084 276 172 1242 780 631 679 815 394 393 672 1414 130 190 251 1144 122 171 278 670 596 953 124 943 675 95 257 1001 167 206 669 234 339 1333 830 474 286 638 835 683 252 401 173 685 1437 839 142 372 246 641 411 1221 271 68 243 269 65 1055 845 864 1037 894 296 181 1063 388 695 493 717 287 889 716 403 292 15 1187 1252 646 1205 941 684 138 80 39 240 1145 687 914 260 196 3 547 104 648 323 771 1345 244 281 61 759 75 189 241 264 86 277 699 929 1030 981 714 978 13 299 979 700 718 897 178 72 843 4 412 1015 105 691 682 253 187 1042 630 548 49 1050 1195
911→1460 1452 1093 302 381 121 307 1592 1594 7 1500 1 1364 120 304 1457 223 295 375 61 879 266 48 182 63 277 167 881 791 9 205 187 124 137 14 97 269 134 13 26 310 170 36 4 50 256 419 979 867 292 415 364 202 339 316 165 110 474 51 281 183 940 132 142 184 535 235 39 558 138 308 930 429 82 214 393 68 555 106 290 41 192 46 166 506 79 1399 372 8 1108 1111 917 114 359 55 418 471 101 11 49 113 294 921 191 31 338 107 75 100 323 492 200 57 664 260 18 96 640 72 140 688 60 35 473 208 151 673 86 769 40 204 43 116 513 504 207 1001 20 293 52 248 195 44 355 80 1004 337 488 255 585 361 325 109 66 487 442 465 1219 702 599 454 129 802 231 844 352 584 225 56 754 212 1109 406 508 446 215 490 515 449 509 705 111 346 297 552 975 811 328 384 379 524 562 1113 533 382 330 199 298 123 397 391 463 209 164 848 698 29
912→7 119 1460 723 307 1061 120 1093 303 999 121 301 1332 1417 579 1585 582 998 1420 1479
913→301 1500 1048 1460 988 119 307 723 744 1 121 1465 1452 303 381 302 994 579 1592 1387
914→1048 1460 1 119 1044 988 1592 1654 303 1093 301 1469 7 120 1332 1452 223
915→1614 1044 992 7 1464 1592 988 1265 1048 1513 1347 1 1492 301 597 1647 1263 1222 1457 744 221 1008 1338 1223 222 1483 1497 1267 995 568 730
916→1 1457 995 301 1093 999 1173 1476 1452 119 1456 1572 744 304 579 381 309 124 142 127 317 24 414 116 25 747 558 262 310 132 263 910 261 140 131 20 883 152 321 128 113 126 22 350 11 470 147 484 845 646 48 420 166 183 371 1154 202 15 254 92 61 699 91 165 409 34 419 83 387 403 364 642 715 170 290 93 630 56 694 791 1102 176 178 256 590 370 72 187 168 87 415 377 195 975 101 43 210 418 74 29 650 552 345 184 241 897 4 352 1015 242 169 277 526 938 291 274 311 49 66 355 60 198 192 71 678 674 90 294 47 289 686 188 84 433 442 383 945 485 361 644 698 868 793 453 436
917→1 222 119 1149 1387 723 734 265 270 363 256 122 396 628 525 638 171 168 527 949 1003
918→98 1332 142 80 31 375 349 259 212 483 374 166 528 137 1460 312 41 40 157 1452 1656 7 381 302 723 224 351 625 124 13 202 172 243 4 108 51 165 170
919→1460 301 7 1387 119 1222 302 1332 303 1454 1452 724 994 1149 222 992 1003 307 309 223
920→726 1338 1178 771 364 555 952 845 979 256 451 168 251 697 260 62 870 638 922 242 175 42 258 269 47 274 672 973 51 122 171 352 678 628 953 299 91 648 308 184 833 178 930 372 253 814 527 61 692 254 1586 640 318 75 686 1013 897 105 843 363 311 72 962 243 837 247 871 668 637 93 198 951 674 981 1353 240 690 834 650 321 359 1043 716
921→301 7 119 303 1332 1044 569 568 1175 1588 1265 1386 1589 304 744 14 408 15 31 582
922→221 301 7 1338 995 1 381 744 737 918 871 183 771 295 169 65 15 1161 254 281 450 943 172 94 371 175 325 323 189 387 243 40 722 51 57 489 435 61 92 241 546 369 672 167 77 631 182 780 179 80 4 103 656 165 823 404 311 173 526 257 637 170 779 39 205 635 720 202 58 413 178 41 3 63 451 196 411 769 671 258 1045 60 198 366 364 352 242 678 674 368 176 577 31 658 10 246 274 284
923→1048 1338 1617 1659 1498 988 1651 1592 1500 1467 1660 1588 119 1364 301 1172 1457 1044 1363 1561 1460 1562 1589 1061 730 1569 1346 1387 992 1496 1003 1491 1469 1093
924→1048 1651 988 992 1061 1650 994 55 31 4 39 252 42 243 51 172 451 169 679 13 3 124 276 537 696 535 166 295 493 612 281 557 36 686 240 372 525 241 358 674 71 178 182 165 9 68 292 233 412 137
925→1 1467 1460 221 995 730 570 733 305 223 122 124 714 268 598 321 132 310 252
926→1 1048 1467 1592 988 1498 1469 1338 1497 1044 119 1457 744 1223 568 1471 1456 732 1464 723
927→222 1500 119 730 758 1592 995 301 733 1149 1048 1044 1 1346 988 597 7 1338 579 1008 744 992 1228 120 223 381 1267 989 41 183 352 171 166 92
928→1659 7 1460 302 307 303 723 579 1082 737 506 75 202 509 310 254 760 233 884 155 115 139 219 517 299 55 63 116 48 183 110 52 59 84 36 673 408 308 34 292 352 61 79 43 269 345 66 50 660 112 338 209 96 507 46 57 355 337 488 311 515 246 698 204 380 769 341 10 585 11 210 187 688 899 3 483 712 340 1029 320 923 462 215 330 300 163 805 521 467 328 720 618 461 524 1398 797 274
929→1460 301 119 381 1332 1656 1452 307 306 570 296 893 183 109 1205 61 142 269 4 717 277 251 1447 37 387 96 241 1156 202 243 48 791 41 39 691 290 14 674 929 526 36 802 292 75 9 267 51 278 254 167 204 253 40 84 184 63 208 230 86 474 31 940 42 1058 95 110 24 55 1055 517 112 318 50 889 28 688 311 399 80 250 466 369 955 679 233 338 323 195 374 45 206 242 260 673 359 684 450 345 355 339 129 46 98 506 32 198 1252 59 211 143 552 81 79 199 511 21 475 508 349 105 757 162 529 460 843 82 519 44 507 397 85 512 185 11 1063 548 299 43 65 200 147 380 364 244 316 861 351 698 879 897 1379 790 207 160 585 212 509 293 719 855 30 215 375 383
930→1460 1467 1592 1048 1 992 124 315 1500 1223 1222 301 1149 730 1420 744 119 120 121 1452 302 381 994 223 723 303 737 31 233 40 122 558 269 322 9 155 268 912 134 142 966 786 861 140 560 326 116 312 2 11 18 505 1376 157 314 24 147 183 36 51 889 276 260 243 167 318 596 717 251 387 871 15 175 14 281 184 897 4 166 61 13 202 254 39 292 1056 241 1053 242 546 412 250 893 693 169 172 687 173 323 279 295 41 656 527 880 1016 63 682 583 529 870 415 170 290 246 632 91 274 685 1221 106 450 100 56 148 253 451 308 244 814 206 699 55 109 372 672 34 277 815 72 403 325 235 46 48 894 278 247 92 257 110 696 71 282 973 398 352 480 49 474 28 80 1014 669 727 1332 1387 1083 911 132 881 90 57 355 108 240 860 151 44 83 686 799 359 1017 377 38 584 341 590 35 87 794 846 69 913 66 113 921 29 43 523 445 118 256 27 88 801 1090 298 12 705 465 531 1046 459 704 901 847 701 60 311 358 189 97 605 294 68 182 32 208 207 204 98 585 209 23 388 349 380 485 201 735 374 214 475 160 111 1148 338 479 210 404 592 211 215 212 808 213 259 476 199 203 552 390 622 397 216 573 194 454 811 1076 162 153 530 483 261 422 419 414 791 67 1115 191 248 486 3
931→119 301 121 381 302 307 36 55 281 474 243 98 454 80 349 169 165 202 14 13 39 526 63 32 374 60 352 71 241 184 450 57 47 195 49 274 355 369 187 97 84 82 449 361 584 87 108 407 43 34 45 175 249 92 56 91 411 1083 250 254 61 52 419 585 489 295 46 480 10 376 493 194 713 242 248 209 259 201 213 538 534 397 483 782 142 147 137 9 160 338 11 24 161 132 323 269 190 506 181 267 641 110 79 185 757 520 519 37 21 343 111 475 342 541 2 113 913 66 1017 12 118 523 793 901 40 59 31 41 51 48 4 107 517 514 296 504 271 623 485 460 33 515 698 957 330 595 797 805 193 486
932→1460 1500 988 1048 1467 1592 1457 1 301 119 1044 1589 7 1364 994 1223 1654 381 1454 302 223 723 1332 579 1492 1497 1593 303 1452 728 1003 1617 1496 742 16 1656 1659 1478 1334 1455 1465 1670 31 124 310 558 40 157 269 155 19 9 316 142 343 266 0 160 114 292 183 242
933→352 93 36 89 880 363 585 287 850 648 1671 693 293 716 105 769 278 31 291 42 583 178 596 692 794 843 173 538 72 243 787 260 266 50 75 771 112 208 234 110 417 686 59 138 350 342 590 272 493 555 183 533 13 323 494 92 346 318 24 1230 345 679 1582 545 525 634 282 34 658 696 1108 722 338 1083 814 91 1016 401 517 21 364 577 39 924 94 191 757 530 698 508 196 506 462 261 80 1256 672 269 299 124 62 701
934→1592 1460 1467 1500 988 1 1660 7 1222 995 1346 999 1469 1093 1338 303 1061 992 301 222 381 723 119 1654 223 1589 1454 1452 304 302 309 1417 1475 739 1128 732 582 1585 31 474 282 175 166 233 169 412 124 295 276 691 394 202 51 486 629 360 183 36 281 182 13 254 61 91 558 60 717 34 720 170 165 63 49 420 46 134 290 189 65 15 525 296 308 318 250 1205 396 260 109 352 71 137 184 535 242 289 179 274 14 243 132 534 480 3 154 191 39 292 546 311 56 40 180 364 41 769 45 429 515 174 1360 214 991 414 1017 426 1209 102 393 9 335 585 116 312 98 326 84 204 261 10 325 48 185 108 471 187 419 18 470 450 97 57 626 136 206 208 47 273 488 80 490 337 35 79 794 492 655 66 316 454 321 310 266 24 806 142 209 248 611 150 138 415 151 374 375 126 23 1042 55 258 848 715 11 315 113 1230 246 205 72 489 87 399 68 363 186 554 716 1213 110 140 32 408 473 478 766 967 410 397 507 100 972 1672 164 614 200 77 504 338 353 220 43 757 882 659 333 20 346 320 406 215 606 148 538 82 475 125 435 607 361 440 540 472 341 201 765 342 608 599 903 328 218 753 487 376 74 212 609 615
935→22 129 324 7 132 142 330 668 235 162 448 276 359 256 277 97 397 352 897 780 656 1526 1672 1012 419 894 96 480 52 1209 1520 183 39 646 1016 454 1673 100 88 945 287 71 769 671 688 1159 1674 184 93 1397 779 1528 1104 635 50 1053
936→124 558 269 132 155 414 0 261 138 113 861 150 18 147 458 219 920 342 115 143 320 271 40 31 11 139 157 333 9 340 381 338 134 24 623 326
937→1460 1467 1062 717 243 1216 387 51 41 323 172 242 92 897 4 388 282 173 880 669 845 943 276 15 167 295 250 249 692 401 56 930 251 529 953 311 843 691 672 281 253 104 137 59 97 14 141 93 189 308 359 451 643 450 198 352 241 184 71 674 526 799 485 351 355 324 37 688 790 506 48 55 507 296 50 293 517 271 75
938→1467 1048 1460 1500 988 7 1592 1346 1 1222 1569 1000 1651 992 1044 995 1172 301 597 1454 1457 1669 570 221 120 730 1174 1338 1008 222 119 1223 1249 999 1128 302 1061 744 1498 579 1173 568 305 1093 1178 223 727 723 1387 121 306 309 303 1263 1332 1417 1656 1003 1476 731 741 1479 582 737 1465 381 734 736 307 1337 732 1455 1336 726 1420 1562 729 1334 994
939→1467 1457 840 137 124 155 271 24 1338 415 40 1452 1332 119 142 579 881 113 31 269 254
940→1460 124 558 233 31 234 40 915 319 252 809 885 937 269 786 122 302 266 926 470 1002 116 138 268 137 513 261 924 633 557 271 757 668 1311 787 11 118 21 494 351 818 1130 701 330 151 338 342 519 24 738 159 350 1452 1651 995 679 282 551 4 1196 51 596 183 94 13 172 1205 173 276 169 251 372 880 323 631 290 396 244 318 167 953 171 832 46 92 291 241 3 700 352 36 951 411 545 850 178 364 95 238 638 686 771 358 814 278 683 979 369 839 243 93 870 546 184 692 628 670 41 71 185 1256 50 837 843 277 62 68 697 170 103 192 299 42 48 897 401 420 189 58 635 260 393 1095 517 325 1085 634 696 471 373
941→1460 1048 1513 1 1650 301 1348 1223 1044 1651 1149 579 119 744 223 303 1061 121 120 306 307 582 725 999 994 1224 1003 1454 1497 1456 1332 1476 1342 1259 1500 244 730 988 260 693 1592 212 299 1498 635 7 1093 1338 1467 568 570 995 1263 1470 1172 1656 1655 305 302 381
942→1093 1469 1346 7 994 302 1452 1336 1493 1255 1466 1589 120 1588 303 1337 992
