988	3	2216
94	3	405
2343	1	3601
1686	1	3572
2626	3	2367
3138	3	1933
664	3	2679
248	1	3610
889	3	3002
1414	3	3334
481	3	2070
3203	3	1345
1020	3	1330
3565	1	3584
2856	3	1022
524	3	548
262	3	2584
3369	3	1194
3182	1	3573
35	3	2533
1342	3	960
1619	3	2609
2960	1	3568
3100	3	2137
1897	3	1256
2089	3	1270
1418	1	3616
3352	3	2507
1263	1	3660
1875	3	3149
1894	3	558
3537	3	929
1529	3	958
439	1	3572
1903	3	194
1246	3	165
261	1	3574
2642	3	3194
256	3	592
2918	1	3602
396	3	444
3417	3	2122
1436	3	861
3266	1	3678
1286	3	197
1521	3	2086
788	3	2367
915	3	699
1038	3	2070
131	1	3584
17	3	2855
1579	1	3614
1495	3	22
2539	1	3569
720	3	3549
2758	3	849
2844	3	1017
3467	3	687
138	3	1690
1671	3	2544
788	3	3306
1821	3	2855
2457	1	3571
943	3	3026
1987	3	984
244	1	3574
2467	1	3639
1844	3	3261
892	3	1761
2093	1	3622
2529	3	161
2897	1	3617
54	3	301
718	1	3569
2578	3	1698
1391	3	1136
825	3	3549
2762	1	3575
1640	1	3570
502	1	3617
530	3	580
3468	3	1451
571	3	643
3297	1	3604
1951	3	1280
468	3	1660
2414	1	3574
3076	3	114
3189	1	3609
1654	3	2544
2053	1	3569
127	1	3569
601	1	3591
1512	3	2600
2634	3	161
227	1	3574
2656	3	2815
3514	1	3584
1558	1	3602
72	1	3618
3029	3	3536
338	3	3168
219	1	3584
1546	3	2560
1561	1	3711
1823	1	3574
2291	3	361
1963	3	1055
2219	3	3464
701	1	3569
2502	3	668
2627	1	3569
33	3	3514
2853	1	3570
3369	3	1678
3409	3	1135
1334	1	3660
1623	1	3570
232	1	3569
2192	3	1901
2545	1	3571
2303	3	2005
2505	1	3569
846	3	2914
2810	3	1370
1056	3	2615
334	3	904
2397	1	3574
3091	3	362
295	3	344
525	1	3649
1911	3	668
2036	1	3569
2063	1	3616
2221	3	1098
2391	1	3676
981	3	677
402	3	251
1829	3	114
1652	3	722
470	3	361
2078	3	3375
298	1	3598
806	1	3569
2585	1	3603
2416	3	2749
951	3	2005
2673	3	1657
2749	3	3067
3500	3	3018
671	3	1910
1196	3	1488
501	3	578
2629	3	1805
2812	3	1812
639	3	2628
2610	1	3569
684	1	3569
108	3	325
2544	3	1698
2970	3	187
2502	1	3574
2455	1	3613
1606	1	3570
1832	3	1162
3199	3	3534
215	1	3569
1084	3	1909
3375	3	3229
3102	3	1194
577	3	100
1316	3	292
315	1	3574
3234	3	481
1998	3	2156
818	3	2815
429	1	3793
2380	1	3574
347	3	3312
790	1	3600
2755	3	1224
3546	3	2544
3302	1	3575
1193	3	3449
1963	3	3283
1621	3	1794
1971	3	3037
2633	3	2914
3002	3	229
204	3	1264
1340	3	5
500	1	3659
789	1	3569
2773	3	322
1370	3	161
3090	3	1620
2648	3	1667
667	1	3569
2240	3	735
2549	3	2632
539	3	1468
1486	3	849
2668	1	3581
3149	3	1134
3432	3	3237
2182	1	4012
198	1	3569
700	3	305
555	1	3589
1514	3	547
1787	3	683
1871	3	2658
2645	3	1333
894	1	3569
1003	1	3568
1845	3	773
887	1	3819
2156	1	3790
2504	3	305
3267	3	2079
1102	3	2649
1113	1	3641
772	1	3569
1134	3	2544
2862	3	1666
860	1	3593
2497	3	2820
2699	1	3573
2116	3	1935
2975	3	3191
914	3	2805
315	3	2465
2644	3	2786
210	3	2815
382	3	2915
3138	1	3794
3272	3	2855
2054	3	2261
81	3	2300
2651	1	3581
2120	3	2105
2604	1	3620
530	3	2942
2509	1	3637
269	1	3593
3344	3	338
2537	3	964
877	1	3569
2242	1	3584
3525	1	3590
3243	3	1211
1206	1	3690
2428	1	3700
2816	3	2116
3101	3	1267
551	1	3574
3232	3	5
2322	1	3618
1941	3	1116
1022	3	1224
84	3	3169
161	3	2920
943	3	261
1929	3	603
1009	3	105
958	3	1637
879	3	674
1856	3	3100
2085	3	563
1512	3	1929
569	1	3581
1360	3	2318
2347	1	3584
421	1	3584
17	3	440
311	3	551
1677	3	1172
1219	3	2435
1560	3	3261
3104	3	270
951	3	3428
1865	1	3572
309	1	3604
339	1	3586
1609	1	3971
2117	1	3589
3292	3	301
292	3	109
2744	3	1609
1486	2	3956
3459	3	2254
3337	3	1698
32	1	3648
3354	3	2987
575	3	1431
2960	3	229
1074	1	3568
2852	1	3571
104	1	3575
1538	3	2249
33	3	749
3240	3	1987
639	1	3574
73	3	398
975	3	1418
778	1	3729
1127	3	2749
458	3	2560
3447	3	1899
2730	1	3571
1477	3	384
2845	3	861
558	1	3637
2747	3	3243
1988	1	3609
3393	1	3626
509	1	3584
2731	3	1779
438	3	1512
950	3	1078
2206	3	283
1583	3	2333
2396	1	3586
1175	3	647
1656	3	571
1498	1	3843
3418	1	3592
977	1	3681
622	1	3574
3244	3	63
1569	1	3709
1865	3	1150
901	1	3581
2983	3	1924
3168	3	2036
468	1	3679
93	1	3601
1540	3	1761
2754	1	3634
836	3	1017
1679	1	3590
2601	1	3591
675	1	3591
2285	1	3634
796	3	779
1053	3	441
1382	1	3690
1747	3	566
828	3	674
1014	1	3571
1310	3	1012
280	1	3599
370	3	600
1402	3	1987
50	1	3631
3226	3	1345
1445	3	465
1464	3	1846
2371	1	3596
788	1	3581
2701	1	3569
155	3	1637
102	3	2149
672	1	3832
2903	3	1280
2030	3	2816
1555	1	3626
1515	1	3624
526	3	1512
406	1	3574
3114	1	3568
2242	3	2020
264	1	3630
1396	3	2439
3085	3	2165
1317	3	2230
658	1	3591
1147	3	898
584	2	3629
2110	1	3569
2258	3	804
2284	1	3582
3359	1	3626
3074	3	1713
288	3	3261
1098	3	300
2465	3	363
1028	3	3259
3086	3	3357
2180	3	2140
2684	1	3569
2757	3	2634
353	3	3229
2016	3	3514
1767	1	3590
664	3	1821
2989	3	1017
3459	1	3604
2584	3	604
2215	1	3569
474	1	3681
1585	1	3587
234	3	2782
3097	1	3568
2467	1	3586
1837	1	3604
1733	1	3614
2969	1	3659
2093	1	3569
2398	3	1370
1867	1	3568
243	3	3153
3004	3	2578
133	3	1211
614	3	381
3085	3	3454
3163	3	805
2789	1	3569
3344	3	2038
2318	3	376
2679	3	937
2247	3	1641
197	3	3017
868	1	3591
3082	1	3649
2667	1	3569
3318	3	2454
600	3	140
1493	3	1345
3202	1	3568
165	1	3662
943	3	879
63	3	1194
1276	1	3568
2874	3	1834
1009	3	723
2198	1	3569
3437	3	2695
376	3	3261
1381	3	1012
2644	3	2249
2550	3	254
2972	1	3573
681	3	2709
2546	3	3467
1850	1	3568
458	3	1889
2772	1	3569
191	3	116
73	3	3110
1381	1	3568
2044	3	714
1336	3	937
1768	1	3570
923	3	3214
1375	1	3670
1862	3	1875
377	1	3569
469	3	2927
2112	3	471
2578	3	2934
3402	3	1345
477	1	3574
3185	1	3568
1259	1	3568
1698	2	3778
2438	1	3584
3136	3	38
1834	3	2706
2181	1	3569
692	3	714
1955	1	3568
1825	3	3274
2014	3	2981
951	1	3569
1602	3	2454
2981	3	3087
3289	3	1160
3422	3	2198
34	1	3590
3312	1	3593
2940	3	344
3307	3	611
1217	1	3602
2915	3	964
1364	1	3568
1372	3	1705
2647	3	3102
1671	3	2036
2556	3	2733
2286	1	3569
360	1	3569
2571	3	3355
2688	3	1667
534	1	3582
2506	3	2074
3543	1	3589
161	3	2733
3125	3	3237
1843	1	3764
1791	1	3602
2085	1	3713
845	3	1292
2164	1	3569
1491	1	3593
1938	1	3568
2252	1	3593
2941	3	180
500	1	3606
2860	1	3569
934	1	3569
2649	3	2399
1884	3	2785
1812	3	2690
2534	1	3574
1595	1	3768
1830	1	3584
1426	3	440
2990	3	602
1333	3	3023
1507	3	1316
1347	1	3568
305	3	2940
2439	3	2728
2526	1	3584
370	3	279
2544	3	2934
2592	3	3501
1908	3	2145
2269	1	3569
2652	3	1784
2799	3	1929
117	1	3568
2448	3	3099
2920	3	2454
2280	3	2434
2404	1	3584
1921	1	3568
3326	1	3585
234	3	1172
3551	3	571
871	1	3639
3446	3	167
917	1	3569
3527	3	1797
1005	1	3593
638	3	1709
2517	1	3574
2296	1	3774
2751	3	2640
1752	3	1179
596	1	3596
2509	1	3584
2398	3	699
296	1	3587
2026	1	3568
100	1	3568
2327	1	3581
3305	3	78
141	1	3631
109	3	1012
517	3	1534
2234	3	204
2622	1	3574
696	1	3574
1471	1	3609
1315	1	3649
3201	1	3590
3351	3	564
2045	3	299
3564	3	2626
3400	3	2101
2507	3	1650
2896	3	3464
204	3	1345
2873	3	1132
3168	3	1849
3203	3	3549
1270	1	3574
954	1	3617
2413	3	38
2498	3	2953
724	1	3649
3191	3	592
909	1	3569
1923	3	1962
3414	1	3585
3158	3	647
801	1	3574
314	3	2506
97	1	3584
3074	1	3574
152	3	3402
750	3	3136
1053	1	3591
1980	3	1620
1449	3	3481
1988	3	3094
2605	1	3574
679	1	3574
2933	1	3634
308	3	3183
747	1	3684
1057	3	2497
345	1	3616
2119	3	1422
3334	3	2816
3402	3	674
1005	3	1171
190	1	3660
210	1	3574
3443	3	384
29	3	2970
1324	3	3136
2854	3	465
1399	3	2041
1253	1	3574
2981	3	2416
3020	3	2566
493	3	2544
892	1	3569
1111	1	3630
784	1	3574
1437	3	3126
1706	1	3575
3198	3	2749
3416	3	2204
268	1	3613
3237	3	1245
1249	1	3754
2588	1	3574
3410	1	3570
1967	3	2143
1841	1	3590
1177	1	3659
344	3	1507
292	3	1345
1828	3	2544
3063	1	3600
3365	3	939
1194	3	1611
2810	3	1935
530	3	2434
2580	1	3584
2831	3	2455
2247	3	3548
2207	3	2735
1176	1	3571
2300	3	1872
2837	3	465
3437	3	1219
1053	3	2482
1236	1	3574
1816	3	1250
863	3	72
2250	3	1213
3176	1	3590
1250	1	3590
530	3	3373
950	1	3581
2876	1	3581
767	1	3574
2266	3	1896
1833	3	95
33	1	3602
1156	3	152
2648	3	943
514	3	1909
821	3	2786
99	3	1075
2151	3	2753
2203	3	471
2151	3	309
1816	3	2189
2677	3	493
548	3	1660
430	1	3672
1161	3	3180
2792	1	3727
719	3	3053
2875	3	769
2782	3	3352
1759	3	3470
3134	1	3624
2285	1	3581
1341	1	3574
1655	1	3599
2746	1	3591
166	3	744
2374	3	3348
2452	3	699
1849	3	2663
916	3	645
1546	3	1381
1719	3	3232
1846	3	2318
1476	3	2498
1157	3	3360
2110	3	21
926	3	2786
1360	3	2749
1260	1	3637
3220	1	3586
1690	3	2722
2963	1	3571
2859	1	3581
933	1	3581
2952	3	135
750	1	3574
1417	3	1243
2240	3	1300
212	3	2522
1222	3	531
2107	1	3599
304	3	1053
3259	1	3568
1807	1	3590
766	3	2404
3433	1	3581
674	3	322
1911	3	2872
1512	3	266
2070	3	3351
1729	3	3279
1664	3	3086
2434	3	668
2014	3	2794
1765	1	3624
1373	3	640
1682	3	2537
3364	1	3568
293	1	3713
1912	1	3590
2545	3	344
580	3	194
908	1	3591
96	3	679
2775	3	1679
1443	1	3590
3242	1	3568
315	3	2441
3416	1	3581
2025	1	3580
1721	3	3094
721	1	3572
1674	3	3133
2534	3	831
1795	1	3585
2604	3	444
2855	3	2652
3392	3	1245
252	3	1955
2934	3	2508
1076	3	2618
1161	1	3618
312	1	3575
1134	1	3571
2108	3	63
190	3	3035
295	3	2332
677	1	3750
1932	3	3176
2733	3	2652
3385	3	1316
3225	1	3568
1126	1	3581
3439	3	2145
2710	1	3657
1881	3	12
3083	1	3624
300	3	3108
2193	3	1109
2522	3	2920
3519	3	163
0	3	3099
1304	1	3590
1734	3	2675
1004	1	3581
1526	1	3568
74	1	3590
1890	3	3210
130	3	995
364	3	2470
1983	3	2347
2818	3	665
2449	1	3630
3429	3	3238
3330	1	3568
2695	3	2856
1070	1	3610
1289	1	3671
1402	3	3357
3406	3	1462
2816	3	937
32	1	3624
788	3	1806
2707	3	2056
323	3	666
2019	1	3631
857	3	813
1627	3	647
1935	3	2130
1247	1	3705
687	1	3572
2778	1	3591
3435	1	3568
271	3	2167
3273	3	3026
1027	1	3613
1194	3	2229
1212	3	3196
3120	3	2983
3313	1	3568
64	1	3677
3422	3	51
2083	1	3568
3548	3	2695
1072	3	2229
309	2	3781
285	3	870
1092	1	3581
1377	3	3367
3053	1	3591
559	3	1821
2679	1	3574
1227	1	3596
1959	3	3357
466	1	3577
3418	1	3568
2126	3	3237
3143	3	3221
3564	3	345
1088	1	3569
2456	3	1712
2923	1	3601
1150	3	283
229	1	3680
3253	1	3574
3458	1	3600
2435	3	2855
871	1	3586
904	3	750
2784	1	3574
2600	3	1344
2308	3	1089
606	3	1408
3036	1	3591
41	1	3600
909	3	1334
2662	1	3574
2291	3	3183
2165	3	3013
431	3	2273
2541	3	2533
1074	2	3903
2654	1	3584
3258	3	2508
3401	3	2417
1071	1	3569
601	3	982
2190	3	1259
2210	3	3246
2185	1	3584
2783	3	1701
1515	1	3600
3236	1	3574
1134	3	344
2245	3	250
3141	1	3591
389	3	2717
26	3	2799
1484	1	3568
2767	1	3574
554	1	3577
254	1	3568
2645	1	3574
1538	3	3298
3467	1	3570
1328	1	3581
2358	1	3577
828	3	3467
2058	1	3568
2124	3	75
3177	3	1611
2749	3	2856
3459	1	3580
1054	1	3569
1727	3	1136
867	3	3438
946	1	3574
3219	1	3574
2545	3	1901
3307	1	3598
1600	3	1288
2650	1	3569
3124	1	3591
3005	3	952
1536	3	1701
687	3	1658
2750	1	3574
2844	3	1879
2889	3	2893
2826	3	1468
237	1	3568
1596	3	540
647	3	666
1270	3	2254
2281	1	3574
2756	3	1074
1159	1	3569
127	3	936
2934	3	3126
3224	1	3569
674	3	3168
2041	1	3568
3324	1	3574
3008	1	3617
3514	3	2449
2149	3	744
3338	1	3590
1093	3	2273
1037	1	3569
1310	3	1122
2578	3	2560
2855	1	3574
107	1	3578
929	1	3574
361	3	114
1913	3	3352
2733	1	3574
1907	3	3454
2880	3	203
1342	1	3573
2664	1	3786
2101	3	3381
3208	1	3600
220	1	3568
3238	3	2318
2600	3	1828
3467	3	2838
1662	3	363
3069	3	3491
1142	1	3569
166	3	2785
2799	3	266
2399	1	3589
2873	1	3611
207	3	596
2226	3	2386
1399	3	3277
1910	3	338
44	1	3648
794	1	3568
2785	3	1913
2838	1	3574
912	1	3574
3021	1	3581
808	1	3584
2229	3	2303
468	3	428
152	3	2544
1893	3	2432
325	1	3568
1863	3	2097
2376	3	2269
430	1	3619
571	3	2794
952	1	3606
3421	1	3568
1477	3	1567
3481	3	1924
3566	1	3678
1682	1	3593
2563	3	194
203	1	3568
1486	1	3574
2695	3	1380
1382	1	3584
2914	3	687
1844	3	3318
2086	3	440
3409	3	2347
2150	3	0
1118	1	3640
1710	3	331
2544	3	2560
3078	1	3589
895	1	3574
1660	3	1924
3183	3	105
720	3	1512
2450	3	1493
3199	1	3569
308	1	3568
271	3	691
2667	1	3679
2333	3	384
2847	3	3061
3018	3	2555
1014	3	2198
1166	3	645
2264	3	596
3099	3	3431
2441	3	2796
2652	3	2349
904	1	3574
641	1	3859
2515	3	3360
2943	3	1762
508	3	2658
119	1	3636
1183	1	3581
1558	1	3659
2644	3	2359
2649	3	3314
2446	3	1128
344	3	1588
1041	1	3637
2961	1	3584
3361	1	3598
1313	3	2304
2384	3	309
1155	3	1132
112	1	3707
99	3	2661
1478	1	3574
1596	1	3580
144	1	3602
1964	1	3699
3509	1	3568
1296	1	3571
1908	3	3060
2169	3	418
63	3	3182
3116	3	1698
2050	3	2014
1753	3	2350
1588	1	3590
2623	3	469
2639	1	3580
814	1	3616
1728	3	2970
525	3	2089
2485	3	2038
1065	1	3572
3365	3	1370
2585	1	3660
2156	3	3035
2170	1	3580
3392	1	3590
162	3	3099
2028	3	299
418	1	3593
2427	3	461
1166	1	3581
2462	1	3599
3092	1	3581
2122	1	3588
2630	3	2276
469	3	943
1461	1	3574
2283	1	3570
13	3	3226
2310	1	3617
2670	1	3572
2744	1	3580
1221	3	2618
3223	3	2365
2575	1	3589
3470	3	1370
2608	3	561
604	3	204
3492	1	3568
3057	1	3574
3010	1	3613
3419	1	3795
377	3	3351
543	3	1890
3120	3	702
1898	3	1248
1466	1	3569
2543	3	2663
1829	3	1460
1119	1	3599
2899	3	3357
1022	3	2086
1684	1	3580
1846	3	2749
984	3	1940
2934	3	361
20	1	3617
986	3	2607
1038	3	517
3226	3	1134
453	3	1357
363	3	2739
1128	3	1208
2447	3	1868
964	3	2582
3440	3	604
1041	1	3771
2258	1	3580
431	3	2086
2086	3	1863
2805	3	3229
2437	3	3110
2448	3	765
3513	3	1316
1254	1	3581
3515	1	3600
1065	3	3402
1852	3	1698
49	3	416
372	1	3612
1449	1	3569
2030	3	161
11	1	3607
308	3	1654
1294	1	3613
1682	3	2029
2245	3	63
2397	1	3765
2633	3	1816
2659	1	3628
3285	3	1234
2866	3	1893
1403	3	1816
2315	1	3767
3098	1	3613
594	3	1422
3125	3	3131
2659	3	668
3533	1	3637
343	3	2041
1826	3	163
1461	3	2815
2248	3	1111
2650	3	72
109	3	1122
3348	3	918
1133	1	3591
1432	1	3569
1997	3	2286
3056	3	2030
3377	3	115
428	1	3570
2237	1	3568
1686	3	105
3125	3	3481
1890	3	2352
81	1	3600
1350	1	3571
3563	1	3568
753	3	561
3311	1	3581
1065	3	1658
2669	3	2967
2531	3	564
3479	3	2450
1942	3	645
3328	3	3253
1198	1	3589
1559	3	813
2560	3	114
1937	3	1000
511	3	1551
339	1	3643
631	3	735
2311	3	1381
440	3	2816
337	3	3432
1336	3	376
2698	1	3575
379	1	3675
668	1	3585
676	3	1722
3093	3	2859
2220	1	3568
639	3	1075
1296	3	694
864	3	1398
2225	3	1007
2179	3	3551
950	3	3229
2244	3	136
2486	1	3601
1226	1	3637
2994	1	3572
3152	3	2020
2832	3	24
1462	3	2616
565	1	3623
1370	3	1641
2912	1	3574
943	3	2546
956	3	3312
2244	3	3519
365	3	1036
1142	3	3428
2134	3	1224
1016	3	3258
2463	3	3035
212	3	3437
3470	3	699
3108	3	1387
1630	3	1776
3215	3	1704
2503	1	3577
3099	1	3572
2203	1	3568
2395	1	3582
1721	3	2720
3125	1	3569
432	3	1671
1176	3	1310
3232	3	2640
1872	3	1136
2149	3	2785
2602	3	214
2715	1	3709
3511	3	2647
974	3	3292
3512	1	3571
1566	1	3657
134	1	3593
3540	3	3342
2508	1	3572
2895	1	3574
3437	3	2268
3525	3	40
382	1	3568
3177	3	1908
344	3	3495
3043	1	3601
1837	3	375
439	3	2333
1706	3	3357
3323	3	2022
2648	3	1992
2963	3	3377
578	3	1381
2186	1	3568
3035	1	3611
109	3	2545
2928	1	3677
3301	1	3644
3437	3	2618
641	1	3672
2712	1	3725
3495	1	3571
2866	3	1222
1677	3	1713
2878	1	3574
872	3	1286
1108	3	3428
1261	1	3572
365	1	3568
2291	1	3568
2411	3	904
1287	1	3569
2918	1	3606
396	3	448
1875	3	120
377	3	1875
929	3	2254
2817	1	3725
939	3	2675
288	3	3318
105	1	3591
1320	3	1116
1334	3	1132
2983	1	3574
2677	3	2831
844	1	3585
953	1	3584
770	1	3577
470	1	3568
1935	3	2695
1692	1	3578
1205	1	3601
1304	3	2107
2232	3	2359
2234	3	3026
2810	3	2179
2346	1	3663
427	3	440
1538	1	3683
2649	1	3589
3424	1	3681
1066	1	3574
1929	3	3372
3168	2	4069
2312	3	1316
2100	3	978
964	3	2045
1640	1	3574
2422	1	3568
827	1	3585
2404	3	2264
2510	3	2167
2529	3	3548
3127	3	1383
636	1	3575
6	1	3593
453	1	3568
1734	3	2435
2977	1	4056
87	3	25
3279	3	2304
3344	1	3569
246	3	1258
699	3	2794
2340	1	3570
2814	1	3592
201	1	3581
2673	3	2816
1423	1	3591
793	1	3609
1884	1	3601
1438	3	2596
1049	1	3574
555	3	2566
2366	3	51
2695	3	2616
2827	1	3577
3392	3	2294
1751	3	691
2297	1	3600
82	1	3690
367	3	2722
2853	1	3574
1294	3	870
2022	1	3706
2068	3	299
2914	1	3570
3449	1	3569
1623	1	3574
2445	1	3570
2985	3	99
232	1	3573
1927	3	416
1513	3	188
2014	3	2099
3327	1	3569
3348	3	163
1154	1	3574
215	3	78
184	1	3581
2036	1	3573
376	3	1224
2596	3	2089
2748	3	2454
2585	1	3607
2615	1	3589
865	3	2622
1546	3	2914
2858	1	3569
2960	3	3348
2960	3	904
3202	3	3297
951	1	3626
1398	1	3601
1754	3	1769
2713	3	2417
3238	3	2749
3429	3	315
3528	3	821
2510	1	3568
659	3	647
2628	1	3574
3432	1	3569
1217	1	3659
1506	1	3569
1980	1	3591
2291	3	1654
1606	1	3574
3172	3	1592
676	1	3583
360	1	3626
3495	3	344
1137	1	3574
1710	3	2856
2945	1	3912
2690	3	1637
1844	3	2810
1850	3	264
2080	1	3569
30	3	501
491	3	511
689	1	3568
25	1	3637
401	3	2647
2716	3	668
3002	1	3570
2129	3	1416
2602	3	832
1611	1	3569
982	1	3648
1711	1	3574
2177	3	2347
2493	1	3568
3268	1	3603
438	3	3126
958	3	2446
2219	3	2663
1830	1	3641
2351	1	3624
2464	3	2165
2509	3	3179
3415	1	3569
427	3	1863
1155	1	3611
1370	3	3548
3530	3	1613
1769	3	2956
2853	3	2815
1020	1	3569
1494	1	3591
405	3	3002
1398	3	2492
1969	1	3617
1120	1	3574
1623	3	2815
1505	3	2399
1970	1	3678
3081	1	3584
3305	3	2229
672	1	3568
515	3	574
227	3	3169
1258	3	361
1594	1	3569
1943	3	1778
2636	2	3714
51	3	2693
2439	3	691
256	1	3612
1172	3	1913
2202	3	2663
3276	1	3568
3398	1	3569
1350	3	2275
2464	3	3454
491	3	2739
3112	1	3576
255	1	3581
2168	1	3569
2096	3	137
2275	3	3549
611	3	2658
777	1	3568
2707	3	2300
1779	1	3839
458	3	3369
2265	3	2347
1470	1	3662
2838	3	802
1577	1	3569
21	1	3601
843	1	3597
3360	3	436
3207	2	3955
608	3	2899
2751	3	603
347	1	3569
2464	3	1360
1223	3	2023
926	3	2359
2392	1	3636
2013	3	3491
2814	3	2967
1073	3	3079
2539	1	3602
108	3	813
1196	1	3623
2151	1	3569
2578	3	1381
1398	3	1687
2118	1	3624
582	1	3570
880	3	2223
2957	3	484
1589	3	2815
39	1	3581
703	3	3232
120	3	13
574	1	3580
2821	3	802
1975	1	3649
1935	3	1219
490	3	389
379	1	3622
1003	3	561
1917	1	3589
2337	3	180
2384	3	2968
1156	1	3570
875	3	1797
2633	3	3402
2365	1	3568
954	3	1653
3155	3	945
16	3	188
152	1	3571
1495	3	1933
1553	1	3640
2890	3	384
2876	3	3176
2816	3	376
3015	3	2422
1226	1	3584
1187	3	1006
2600	3	1588
2653	3	3110
3020	3	2623
1714	1	3622
86	3	2275
743	1	3568
1326	1	3589
2012	3	2275
2236	3	1992
1191	3	1176
227	3	270
1549	3	483
1503	3	2273
22	1	3581
1142	3	3375
1659	1	3671
389	3	2022
1582	3	792
315	3	2014
1948	1	3581
1800	1	3584
2398	3	3334
578	3	39
974	3	2300
1276	3	2976
3431	3	86
3544	1	3581
1560	3	1521
364	3	3198
1331	1	3584
435	1	3580
1694	3	721
1399	3	4
986	3	944
3293	3	1419
2918	3	1398
3078	3	3237
1913	1	3574
3135	1	3584
2544	3	1381
824	3	1821
2147	3	2640
2388	1	3600
1057	3	810
1444	1	3574
2976	3	1060
322	1	3569
3123	3	3470
2766	3	1006
2859	3	143
818	3	2498
114	3	2508
540	1	3580
923	3	1795
163	3	3136
1641	3	303
1963	3	2966
1567	3	295
3527	1	3581
1373	3	2441
92	1	3574
1122	1	3570
3423	1	3591
2815	3	674
1310	3	1016
2408	3	2247
4	3	2842
23	1	3588
2942	3	2215
2037	3	2749
248	3	2294
2457	3	1340
1196	3	16
1690	3	2779
3159	1	3647
1217	3	2256
2717	3	1111
1046	3	1072
305	1	3569
1687	3	2081
38	3	2976
538	3	2029
972	1	3609
1108	3	3375
2134	3	366
2436	1	3568
192	3	592
1597	3	609
598	1	3592
2484	1	3590
2824	1	3601
243	3	1868
2925	3	2774
62	3	2881
2184	1	3581
2235	3	1712
475	3	251
2042	1	3637
2476	1	3600
2167	3	86
1650	3	3127
1914	3	2846
344	3	1698
1710	3	2319
1213	3	3375
2180	1	3761
2521	3	2216
2395	1	3663
3506	1	3569
307	3	1805
1077	3	1639
85	3	1399
180	1	3574
3062	3	979
2807	1	3601
1082	3	2223
1317	3	140
1784	3	2856
1876	3	1387
52	3	2029
123	3	3238
1537	1	3599
1984	1	3574
3011	3	642
2943	3	2652
2310	3	3423
1363	3	979
980	1	3575
2545	3	1340
354	3	25
2620	3	1965
1259	3	3110
1690	1	3591
415	3	2476
3371	3	3226
1158	3	3229
377	3	78
1868	1	3600
2272	1	3581
3402	3	3443
2198	1	3573
163	1	3574
1568	1	3591
1196	3	2594
283	3	2229
2300	3	3352
638	1	3600
700	3	2566
770	3	2415
22	3	1263
3531	3	1487
2672	1	3568
1006	2	3776
82	1	3637
642	3	1399
2336	1	3697
2522	3	533
1681	1	3581
1381	1	3572
1334	1	3611
1768	1	3574
338	3	86
451	1	3581
643	3	1224
2546	3	438
3472	1	3569
2081	1	3568
146	1	3574
42	1	3584
50	3	1721
160	1	3590
288	3	2810
2647	3	2167
2679	3	3169
2133	1	3581
590	1	3568
2543	3	679
2523	3	1853
2655	1	3568
2917	3	3504
3398	3	3428
1402	3	381
1585	1	3725
2261	3	1637
635	3	1820
1217	1	3606
548	3	1046
1664	1	3581
734	1	3590
1340	3	1461
452	3	1211
1751	1	3574
2497	3	543
376	3	1521
974	3	2918
1356	1	3582
3496	1	3632
2626	1	3614
2238	1	3581
1261	3	292
25	1	3584
2760	1	3568
125	3	252
547	1	3571
1276	3	561
955	3	2476
1756	1	3569
2230	1	3591
3520	3	2273
89	1	3700
2496	1	3624
829	3	3215
3332	3	3183
2366	3	2576
3501	3	2010
1428	3	1111
717	1	3590
2169	1	3568
161	3	3087
2643	1	3590
2343	1	3581
1822	1	3598
3091	1	3569
56	3	239
905	1	3619
3070	1	3624
691	3	1751
3043	1	3577
3550	3	571
141	3	140
1377	3	1330
1752	1	3581
1739	1	3569
3168	3	2167
1959	3	1320
522	1	3581
799	3	2449
983	3	2709
2152	1	3568
1399	3	2850
3232	3	1461
2701	1	3602
1944	3	2917
2925	3	3392
296	1	3591
922	1	3568
1505	1	3589
2758	2	4041
635	1	3571
714	3	2917
1410	1	3606
38	3	561
2362	3	1416
2979	3	279
3185	1	4056
2679	3	270
2726	1	3568
600	3	1917
259	3	1845
1288	1	3606
1585	3	1653
1796	1	3577
2322	1	3569
166	1	3601
791	3	3045
1560	3	2273
1810	1	3593
3322	1	3574
3246	3	2210
2013	3	3438
3567	1	3632
2684	1	3602
1731	1	3569
279	1	3591
3014	1	3575
3369	3	3402
2134	3	2273
604	3	3026
2071	3	2538
1976	1	3627
2149	3	2895
1978	3	957
3219	1	3631
1875	1	3591
1342	3	3168
193	3	3469
68	3	1078
2624	3	1814
3233	1	3647
2086	3	363
3427	1	3574
3317	3	1295
2305	1	3569
2852	3	3410
2956	3	2454
251	3	1660
3403	3	3183
3481	3	2786
3379	1	3582
2281	3	2014
2302	3	90
1101	3	2320
10	1	3574
2088	1	3586
2075	1	3574
3297	1	3584
763	3	2165
1714	1	3569
2367	1	3593
2217	3	558
2820	3	493
484	1	3569
2193	3	1784
438	3	524
1659	1	3618
2528	1	3575
1588	3	1546
2706	2	3983
3410	1	3574
2690	3	3357
468	3	135
2288	1	3569
2433	1	3622
2821	3	2038
3063	1	3604
897	1	3568
1763	3	1210
2180	1	3574
3255	1	3618
1442	1	3635
262	3	604
2301	3	2482
1267	3	2327
1701	3	1536
251	3	505
2206	1	3571
396	3	558
1204	3	3346
3308	3	2799
3354	1	3592
2593	1	3573
1589	1	3574
3304	3	2404
33	1	3606
467	1	3569
625	1	3634
2511	1	3575
3354	3	1194
1186	1	3828
1100	1	3660
1573	3	493
2946	1	3599
1205	1	3711
1083	3	2417
1016	3	469
2271	1	3569
2633	3	2544
3182	3	2578
316	1	3783
250	1	3586
1222	3	2629
1267	1	3570
473	3	1625
2163	1	3574
1403	3	2544
2855	3	2522
3110	3	3237
799	3	839
2454	3	1370
904	3	136
572	1	3569
1748	3	2786
2647	3	691
3220	1	3590
2082	1	3637
2576	1	3573
1007	1	3593
1080	3	2658
790	1	3580
1972	3	251
279	3	738
1572	1	3574
2302	3	2668
114	3	361
556	3	135
450	1	3569
1121	3	469
1157	3	331
1378	3	131
3012	3	1422
3099	3	105
342	1	3574
3404	3	3142
3003	1	3607
3559	1	3581
1012	3	1588
2044	3	531
2451	3	1611
2217	3	3136
2929	1	3599
1354	3	1721
2814	1	3702
2848	3	1280
1712	1	3611
1376	1	3740
2146	1	3574
2981	3	1965
735	3	322
116	1	3584
2508	3	105
3409	1	3647
3495	3	2198
671	3	735
361	3	305
2299	3	465
1578	3	114
440	3	161
266	3	322
1559	3	1541
555	1	3569
344	3	1645
692	3	531
2165	3	2749
2670	3	1447
2028	3	6
839	3	497
2743	3	2569
3203	1	3590
1437	1	3568
3216	1	3602
3481	1	3574
774	3	304
144	1	3659
433	1	3569
1151	1	3575
521	1	3593
1932	3	1891
2414	3	2421
1730	1	3591
666	3	2029
2505	1	3683
2807	3	211
687	3	105
3343	3	3290
2588	3	725
1689	3	2820
2063	1	3730
1248	1	3636
1006	3	2070
2129	1	3574
99	1	3584
3065	3	1418
2315	1	3690
2500	1	3610
1240	1	3646
3052	1	3636
3205	3	1072
538	1	3569
1313	1	3604
1052	3	465
376	3	2273
552	1	3585
258	3	1857
973	1	3593
1506	1	3679
2263	3	2820
2826	3	854
142	1	3725
2670	3	292
831	1	3649
1910	3	879
399	3	2679
2417	1	3581
3496	1	3795
1880	3	1854
35	1	3593
2387	3	465
3098	3	2077
3083	1	3628
1963	3	3397
3061	3	2537
1766	3	2018
2153	1	3637
1049	3	1262
2057	3	1784
2288	3	2005
1316	3	1345
317	1	3574
1600	1	3580
301	3	2937
884	3	2958
609	1	3593
276	3	1658
1626	1	3577
309	1	3584
1315	3	2223
2130	3	3071
363	3	2796
1636	1	3645
552	3	3257
2596	1	3600
2700	1	3590
1204	3	2675
487	1	3593
1081	3	1304
1264	3	204
1666	1	3609
1939	1	3571
1592	1	3601
2788	3	1997
3222	1	3577
432	3	305
662	1	3610
1931	1	3581
3054	3	131
1623	3	481
3082	3	2683
2557	3	3086
3398	3	3375
1140	3	465
1691	1	3575
3551	3	2855
2658	1	3624
1809	1	3581
2168	3	3375
300	1	3574
1420	3	2223
2331	1	3568
2805	1	3590
1466	3	3298
1611	3	3351
473	3	3398
3287	1	3575
3524	3	2232
1046	3	1853
3398	1	3679
1849	1	3613
656	3	3226
25	3	2638
2579	1	3600
1188	1	3599
1603	3	2816
1696	1	3570
170	1	3584
224	3	1076
999	3	1111
2905	1	3568
3203	3	3366
745	3	2722
1309	3	3261
2144	3	1932
2723	1	3622
2914	3	1012
2646	3	3342
1134	3	564
1604	3	389
2884	1	3604
3279	3	1743
1380	3	2935
1652	3	1320
2202	3	679
2690	3	1881
3418	1	3572
3524	3	138
1890	3	2409
575	1	3593
1247	3	1661
2486	3	3196
458	1	3591
1583	3	3252
2129	3	1660
2352	3	1316
118	3	3243
3077	3	3546
691	3	1698
3188	1	3577
2888	1	3568
2154	1	3596
1897	1	3581
1163	1	3609
2406	1	3613
162	3	1546
331	3	3238
2673	3	161
3448	3	196
1432	3	1578
2175	3	3438
2378	3	1107
1637	3	1987
2451	3	2229
908	3	2216
554	3	3469
441	1	3591
1311	3	2537
1658	3	63
1966	3	1546
2348	3	2435
2545	3	3060
640	3	2856
105	3	204
1829	3	2940
371	1	3574
1146	1	3609
2719	3	2693
2803	1	3996
3467	1	3574
2714	3	604
1770	3	931
1955	3	1797
3463	3	444
1022	3	533
2742	3	1992
954	1	3568
2880	1	3568
1935	3	2618
3459	1	3584
300	3	2441
424	1	3591
1720	1	3609
939	3	1093
578	3	3532
2715	3	429
2851	3	1812
1151	3	1987
105	3	1493
101	1	3705
911	1	3598
3305	1	3574
1635	3	3548
1794	3	809
303	3	1769
537	1	3581
870	2	3888
1751	2	3826
2450	1	3569
2794	3	1224
1047	3	1438
102	3	1913
2994	3	268
2982	3	2007
333	3	3100
46	1	3575
2070	3	2229
2779	3	3174
2863	1	3568
314	3	363
3004	3	3497
409	3	2611
3232	3	603
1941	3	1714
266	3	3168
1859	1	3569
128	3	765
1633	1	3568
2261	3	3357
2774	3	3529
2225	1	3596
1748	3	505
3195	1	3619
1872	3	38
3463	3	2672
3555	1	3574
332	3	3197
520	1	3581
2433	1	3569
1469	3	292
2591	1	3634
1042	1	3568
1833	3	1551
1429	1	3570
1418	3	1471
2482	3	1416
2995	3	1588
1762	3	2816
1964	1	3569
3044	3	2216
2578	3	2914
3078	3	3131
1816	1	3572
2846	1	3568
2873	1	3615
3059	1	3731
2304	3	1993
3369	3	2544
2711	3	1909
1524	3	3420
1616	1	3568
1805	3	692
1734	1	3574
803	3	3050
625	1	3581
612	1	3569
2598	3	2679
574	3	3496
1035	3	1433
206	3	3377
1100	1	3607
1219	3	939
1475	3	3348
1882	1	3601
2690	1	3581
2808	3	1216
19	3	2419
143	1	3569
2648	3	305
2981	3	3067
3420	1	3568
3434	1	3584
3538	1	3574
428	3	3002
245	3	904
1025	1	3568
1232	3	2997
2092	3	695
2308	1	3574
2914	3	691
3511	3	2838
1947	1	3569
3329	3	1605
1786	3	2879
2745	3	3174
511	3	937
3089	3	355
1000	3	2335
1899	1	3577
1002	3	3002
1001	3	2396
1599	1	3568
2762	1	3636
608	1	3581
1259	3	3220
893	3	3367
1430	1	3577
2521	1	3569
308	1	3572
389	3	1111
1130	1	3568
2170	3	1402
2695	3	1734
3203	3	951
126	1	3569
1021	3	1350
2340	1	3627
2375	3	704
1008	1	3568
149	3	695
2600	3	1027
763	3	1657
927	1	3620
363	3	2609
874	3	1761
1702	3	3183
1611	3	2814
1704	1	3568
1893	3	692
1930	1	3569
2018	1	3593
2444	3	465
2815	3	1857
806	3	135
700	1	3569
1561	1	3772
2672	1	3678
367	3	2779
748	1	3591
2300	1	3574
2432	3	3335
3230	3	2441
2545	3	295
1883	3	65
666	1	3593
1113	1	3568
1849	3	870
254	3	695
1620	3	1316
136	3	279
1154	1	3631
2466	3	86
2370	1	3588
2656	3	3226
394	3	3355
2319	3	2749
2616	3	161
3458	3	2955
1709	1	3574
2328	1	3649
643	3	2273
1772	3	3146
149	1	3601
924	1	3636
1383	3	2507
879	3	251
1687	1	3568
1063	3	511
1846	3	1464
3092	1	3585
3167	3	3317
683	1	3569
1045	3	2544
3261	3	2515
3222	3	3062
1953	1	3601
3385	1	3665
1942	3	165
3162	1	3599
746	3	2596
357	1	3574
2283	1	3574
2749	3	95
2633	3	2036
993	3	1601
144	3	1558
1096	1	3568
303	3	2037
1940	3	2881
60	1	3674
349	1	3584
28	3	1055
166	1	3577
1403	3	2036
2329	3	2796
1147	3	2435
3157	3	2690
3463	3	1062
399	3	2037
2363	3	1638
3275	1	3589
2857	1	3574
283	3	1534
459	1	3657
2029	3	2434
2733	3	2014
652	3	1714
3495	3	1340
720	2	3869
3387	3	1345
462	1	3574
1291	3	13
2703	3	3342
1546	3	1816
2742	3	3549
90	3	325
1601	3	3251
2554	3	86
3171	3	1393
2312	3	1857
1637	3	861
2266	1	3574
3088	1	3570
818	3	3226
1863	3	2935
3351	3	2422
3498	3	668
2741	1	3600
1020	1	3626
1619	3	2349
103	3	3137
1036	1	3574
1042	3	691
332	1	3584
1373	3	3169
3560	3	1281
1254	1	3585
1387	3	2097
567	1	3574
3285	3	299
3515	1	3604
1302	1	3607
1021	3	1834
2840	1	3574
332	3	2876
338	3	330
2958	1	3580
1836	1	3575
2968	3	2384
1221	3	878
426	3	2828
308	3	1658
445	1	3574
1741	1	3592
2989	3	460
592	3	203
1071	3	1180
2950	1	3590
3168	3	674
2189	1	3571
737	1	3593
3511	3	2167
3137	1	3767
491	3	2796
937	3	2165
585	1	3611
3309	1	3681
1019	1	3574
3110	3	1924
1311	1	3593
543	3	1089
2723	1	3569
3117	3	2792
550	1	3574
676	3	2881
3498	1	3604
3545	3	1194
2515	3	1754
1899	3	2952
1432	1	3573
1734	3	1821
2254	1	3569
3562	3	3237
213	1	3672
1966	3	204
428	1	3574
943	3	322
161	3	2981
3129	1	3609
3277	3	3497
1247	3	1608
1820	3	63
1931	3	167
1195	1	3619
1965	3	2981
2707	1	3600
702	3	2672
2565	3	319
1429	3	1386
1002	1	3574
2612	1	3617
937	3	3454
465	1	3817
2450	3	1176
85	3	3066
716	1	3581
533	1	3574
1691	3	1824
744	3	3352
883	3	1844
2820	1	3590
2041	3	3431
2252	3	2574
1007	1	3569
2196	3	1461
2812	1	3600
1107	1	3574
1929	1	3570
2067	3	2283
1121	1	3590
530	1	3815
1469	3	105
2811	1	3569
283	3	2957
1373	3	270
2733	3	3437
1242	3	3252
671	3	1300
743	1	3625
1828	3	1719
2263	1	3713
3041	3	756
3239	1	3634
443	1	3616
396	1	3655
2410	3	2816
516	1	3574
3160	3	2717
1958	3	369
991	1	3600
2208	3	72
2477	1	3584
257	1	3628
304	3	1972
1440	3	905
2288	1	3679
2769	1	3603
2006	3	1300
824	3	939
2214	1	3671
897	1	3678
2467	3	3209
3025	1	3568
1102	3	750
1573	1	3590
952	3	3496
1641	3	2454
2850	3	1698
498	3	3209
3377	3	2697
197	3	2594
1131	1	3637
2543	1	3613
344	3	2560
804	1	3581
2237	3	561
995	3	1372
1062	3	1068
1272	3	769
1187	3	2352
571	3	3550
2931	3	3513
3252	3	2352
682	1	3581
167	1	3670
3130	1	3568
1678	1	3590
2460	1	3584
974	1	3600
677	3	2672
2286	3	964
2450	3	1310
2470	3	1224
2896	3	679
539	1	3606
696	3	2555
973	1	3569
1085	3	750
1507	3	1698
1644	1	3614
3008	1	3568
165	1	3589
987	1	3585
1022	3	1769
2078	1	3577
2302	3	3367
2277	1	3705
2677	3	1546
674	3	86
787	1	3581
1609	1	3577
1845	3	3546
1958	3	2597
960	3	405
1459	3	542
1487	3	3094
351	3	1909
428	3	1660
2649	3	3131
2958	3	2955
917	3	2304
1561	1	3585
1882	3	53
665	1	3581
1779	3	669
2578	1	3569
2591	1	3581
2291	1	3572
1187	1	3568
3113	1	3568
2196	3	1006
1918	3	471
2688	3	305
2506	3	712
2453	3	1224
705	1	3613
2991	1	3568
3028	3	699
1674	1	3575
2140	1	3786
2801	1	3896
1386	3	210
1671	3	1613
1761	1	3568
1138	3	363
3466	3	78
770	1	3581
2546	3	1300
470	1	3572
1292	1	3568
2271	3	2570
2731	1	3591
2332	3	295
3023	1	3610
1544	1	3585
3396	1	3577
3096	1	3568
1170	1	3568
2751	3	3372
949	3	78
2166	1	3577
2779	3	2316
730	3	945
1300	3	2291
1472	3	1637
1645	3	78
3293	3	2549
3436	3	1992
745	3	3287
1310	3	268
1835	3	600
1863	3	2398
2132	1	3601
1744	1	3568
925	3	2596
64	1	3657
295	3	1507
1682	3	557
46	1	3656
19	1	3609
2596	3	3248
1073	3	2815
973	1	3703
1702	3	2191
344	3	3044
541	1	3596
3110	3	3481
2572	1	3647
3511	3	691
620	3	1835
1056	3	745
3197	3	647
840	1	3574
2706	1	3601
2482	3	3002
3079	1	3568
1392	3	1172
419	1	3596
134	3	3373
1006	3	86
1381	3	1073
2149	1	3577
1847	3	3183
1204	3	2435
2197	1	3599
2327	3	602
2146	3	3514
2465	3	2652
799	3	2022
951	3	135
3119	1	3600
314	3	3238
1005	3	964
2609	3	2273
2633	3	694
2778	3	747
2445	1	3574
2289	1	3614
254	3	3086
2316	3	2779
1258	1	3568
2397	1	3582
2010	3	799
2510	3	1016
3332	3	1012
1829	3	2566
2675	3	3056
344	3	1889
1204	3	341
2982	3	344
67	3	3067
3422	3	2259
3549	3	1345
3490	3	2369
2510	1	3572
480	1	3774
1611	3	78
17	3	2408
442	1	3628
3546	3	1613
505	3	3200
1890	3	1230
1705	1	3701
2428	1	3574
3074	3	2258
3513	3	2422
341	3	2130
1386	3	694
2675	3	3406
1441	3	2129
1401	3	1316
3089	3	2880
3292	3	2269
3432	3	1367
161	3	2794
837	1	3569
1672	3	2714
989	1	3581
423	3	405
1838	1	3624
1399	3	679
1917	3	2216
689	1	3572
25	1	3641
2667	3	2871
2915	1	3581
2444	3	2051
3002	1	3574
2576	3	1395
2815	3	3443
2914	3	1122
1396	3	890
2717	3	497
405	3	2067
470	3	1658
607	1	3574
2533	1	3574
3315	1	3568
1044	3	366
1227	1	3710
20	1	3568
1760	3	1425
2022	3	1288
212	3	1965
2699	3	86
2950	3	2294
246	3	807
2411	1	3574
1094	1	3581
2558	3	203
233	3	1761
1099	3	2165
2770	3	2204
925	3	3080
2016	1	3582
2055	1	3789
1477	3	2352
2515	3	2856
2791	1	3617
2333	3	3263
820	1	3569
2898	1	3581
1275	3	2435
2695	3	2165
2893	3	952
3043	1	3634
3104	3	95
2985	1	3574
1529	3	645
2920	3	3454
3073	1	3598
6	3	3373
3067	3	2454
860	1	3601
630	1	3633
2516	1	3574
3338	1	3570
3476	3	2283
256	1	3616
3	1	3568
561	3	1064
1409	3	501
2486	3	1212
444	3	1062
1122	3	1258
2394	1	3574
596	1	3657
2005	3	2216
2990	1	3569
979	3	3535
606	3	2461
1940	3	2023
2774	1	3617
3091	3	3298
3256	1	3602
695	1	3574
3403	1	3568
3087	3	95
98	3	564
1243	3	2722
2012	3	51
2399	1	3569
1546	3	3402
1618	1	3636
3360	3	440
2499	1	3574
3321	1	3570
2850	3	2450
2779	3	1995
816	3	1701
2229	3	2283
278	1	3587
1835	3	279
2539	1	3606
2973	1	3569
2171	3	1870
2680	3	1091
78	3	2145
978	3	246
684	3	3353
560	1	3568
861	1	3581
2925	3	2294
678	1	3574
3386	1	3568
2153	3	3122
2233	3	3392
2305	1	3626
2382	1	3569
3437	3	2435
1690	3	2649
644	1	3598
1735	1	3590
2523	1	3637
1686	3	1345
1878	3	3079
2794	3	2273
186	3	564
639	1	3582
1152	1	3754
1264	3	3026
2006	3	308
1665	1	3573
2770	1	3581
661	1	3574
2081	3	933
557	1	3584
1012	3	2450
803	3	2810
2046	1	3677
3216	3	188
809	1	3601
2722	1	3589
1219	3	699
331	3	449
2311	3	2032
2850	3	1645
2995	3	1698
2944	3	3287
1944	3	75
106	3	99
310	3	1592
714	3	75
2975	3	3438
286	1	3711
1668	3	2223
1201	1	3598
2023	3	1223
3017	3	3218
2335	3	2320
2753	1	3581
1344	3	3440
2742	3	2236
3512	3	1316
55	1	3655
469	3	1512
2948	1	3569
1797	1	3604
2122	1	3568
3527	1	3585
1603	3	161
3102	3	1820
1335	3	2491
1310	3	3464
3205	2	3776
3510	3	1588
1789	1	3614
2236	1	3589
720	3	687
1114	1	3584
2994	3	3545
2718	1	3574
572	1	3626
2253	3	3261
1360	3	2810
932	1	3581
3258	3	1012
2518	1	3570
2202	1	3613
2710	1	3584
2853	3	2498
444	3	2835
3355	3	2571
3440	1	3571
1514	1	3571
2521	1	3679
2522	3	403
1623	3	2498
3495	3	1316
3258	1	3568
1012	3	1645
2150	3	3497
3108	3	533
1045	1	3571
563	2	3841
1021	3	1460
2823	1	3574
1337	1	3590
3071	3	640
2119	1	3584
3321	3	343
2476	1	3604
3266	3	981
2942	3	125
2623	1	3570
1493	3	2508
1289	1	3598
555	1	3626
102	3	2507
870	3	2640
2769	1	3684
2841	1	3581
1522	3	3203
1846	3	1224
2406	3	250
2482	3	1660
908	3	2005
1885	1	3604
2492	3	2081
3451	3	1622
725	3	308
3532	3	3252
516	3	668
497	3	3259
655	1	3604
1877	1	3614
398	1	3589
2345	3	2300
814	1	3730
1012	3	2934
2031	3	1111
2806	1	3574
948	1	3684
1829	3	285
1113	3	1280
84	3	2856
95	3	511
988	3	1716
1323	3	981
2416	3	2920
2749	3	3238
3028	3	1935
1122	3	2815
1215	1	3569
138	3	1995
1990	1	3604
251	3	1046
2988	3	769
645	3	196
1278	3	344
2125	1	3619
1228	3	38
184	3	2481
1833	3	640
1268	1	3586
198	3	2497
3299	1	3637
1370	3	3365
2927	3	2640
785	1	3570
81	1	3580
135	3	1072
2522	3	2981
1844	3	533
569	1	3618
3460	1	3619
2563	3	792
1681	1	3585
1934	3	1224
1512	1	3613
2194	1	3757
2334	1	3609
1600	1	3637
2156	1	3611
266	3	3546
1198	1	3569
435	3	2020
2590	1	3574
451	1	3585
2636	3	3002
2743	3	1821
3412	1	3627
2469	3	2533
3546	1	3581
3329	1	3568
361	3	2940
585	3	3259
3054	3	3221
1977	1	3774
3252	3	689
1677	1	3765
691	3	2560
305	3	720
1657	3	161
3210	3	3002
3222	1	3634
195	3	1778
1082	3	1422
1201	3	1280
2095	3	647
631	3	1654
1426	3	1603
2955	1	3581
28	3	2454
2531	3	2422
1835	3	2186
3247	1	3600
1574	3	1630
2486	1	3581
2626	3	1062
104	1	3612
1181	1	3569
251	3	241
2681	3	53
1986	1	3568
2867	3	169
1884	3	1854
1324	3	1721
1342	3	2688
2291	3	1016
2238	1	3585
2600	3	2560
512	3	982
511	3	376
1274	3	308
2252	1	3601
3266	3	2404
3526	3	102
3443	3	2352
2537	3	1135
1330	3	1747
1139	1	3603
1573	3	229
1816	3	1929
1686	3	3252
1508	1	3783
2199	3	3424
3393	1	3663
1346	3	178
2351	1	3575
2930	1	3591
1836	3	1637
371	3	2038
884	3	2210
2269	1	3577
1969	1	3568
2311	3	556
2333	3	3210
547	3	2308
3043	1	3581
462	1	3818
383	1	3609
1250	3	3002
2546	3	3020
3565	1	3568
368	3	2824
2039	1	3582
300	3	270
1813	1	3581
1752	1	3585
648	1	3581
2274	1	3572
2661	1	3574
522	1	3585
3282	3	2878
148	1	3568
2226	1	3580
1096	3	1764
1044	3	1602
1522	1	3590
1549	1	3637
1576	3	3155
1590	1	3700
1740	3	674
2412	1	3696
1414	3	1224
2476	3	1666
2105	3	95
3148	1	3581
109	3	3464
344	3	1381
1952	1	3568
3362	1	3805
1363	1	3649
3441	3	324
3179	3	3269
2922	1	3591
742	3	1865
1866	3	2537
2292	1	3609
2096	1	3590
1493	3	3126
2584	1	3628
1816	3	1124
1692	3	3254
2454	3	3334
2257	1	3572
1943	3	3018
105	1	3571
58	1	3610
1016	3	3372
2995	3	2450
1208	3	188
131	1	3568
3167	1	3622
317	3	404
1678	3	13
1160	3	2640
1935	3	2675
3131	1	3581
3314	3	2649
471	1	3609
424	1	3648
596	3	1556
2495	1	3701
801	1	3582
2831	1	3572
1038	3	2993
3562	3	3481
3266	1	3596
344	3	2670
3531	1	3568
1922	3	2848
2312	3	1296
2240	1	3572
2352	3	1507
3154	3	482
1908	3	1698
1605	3	416
63	3	1820
832	1	3574
2088	1	3590
465	3	2444
1453	3	979
3021	3	3180
2301	1	3753
2367	1	3597
2320	1	3636
2814	1	3572
784	1	3582
209	3	1698
1396	3	2260
1283	3	2856
1884	1	3581
2033	1	3639
2902	1	3596
1851	1	3636
2082	3	1486
2188	1	3568
2130	3	363
3514	1	3568
3113	2	3903
496	3	1880
3110	1	3569
219	1	3568
1546	3	2544
2433	1	3626
643	3	1846
897	1	3572
1784	3	1734
1555	3	2180
1438	3	3515
3375	3	1924
1964	1	3626
3149	3	1923
921	3	140
815	1	3574
999	3	497
1986	3	691
1816	3	1258
1640	3	3226
2909	3	3197
927	3	1330
767	1	3582
2391	1	3660
987	3	3367
2327	3	2456
1391	3	3348
2453	3	2273
1825	3	3311
1389	1	3574
2171	1	3568
1385	3	3097
3093	1	3569
2247	3	1462
3548	3	2435
2044	3	2629
250	1	3590
1966	3	3026
785	3	3079
2163	1	3578
773	3	2566
1219	3	1935
2765	3	2410
1660	3	1046
1753	3	183
2424	3	982
1165	3	325
3006	3	3416
2276	1	3568
692	3	2629
790	1	3584
2663	1	3570
206	3	1340
63	1	3571
2521	3	289
2522	3	2794
1272	1	3569
1746	1	3591
3080	3	1536
3561	3	1460
1372	1	3574
2866	3	531
1262	3	3194
126	1	3626
2874	3	2005
916	3	1003
3076	1	3569
3117	1	3632
2831	3	1658
2968	1	3574
755	1	3577
2607	1	3569
1930	1	3626
3156	1	3603
1677	1	3578
225	1	3600
1377	1	3569
3143	3	867
1246	3	417
2259	1	3568
2240	3	1658
2377	1	3574
3523	3	1664
638	3	2335
3181	1	3569
1217	3	3496
35	3	3135
2986	1	3611
1062	3	3540
2877	3	3083
786	1	3569
1656	3	71
1295	1	3601
1392	3	3160
1695	1	3615
2517	1	3611
2689	1	3711
2814	3	1658
2847	1	3584
2951	1	3574
1990	2	3776
1829	1	3569
3108	3	1769
3479	3	1088
438	1	3568
2751	1	3570
879	3	308
1070	3	1436
1355	3	587
1795	1	3593
2242	1	3568
3085	3	376
3525	1	3574
3164	1	3569
2897	3	2976
1773	1	3568
1295	3	2334
21	1	3581
3110	3	2786
543	1	3568
1126	1	3589
1654	3	1857
1924	3	3194
2934	1	3574
2515	3	2616
539	3	647
1304	1	3598
2530	1	3575
335	3	63
289	3	1853
421	1	3568
374	1	3607
120	3	3026
468	3	1912
1600	1	3584
2347	1	3568
2670	3	646
1343	1	3569
3203	3	1142
2739	3	3261
997	3	2767
1213	3	2521
2534	1	3745
2265	1	3570
2327	2	3654
526	3	1012
2943	1	3574
1006	3	330
2313	1	3592
3010	3	687
3174	3	279
2728	3	1645
3404	1	3584
3104	3	3238
3522	1	3590
3222	1	3581
1527	3	677
949	3	1611
3080	1	3637
1917	1	3569
526	1	3568
1934	3	1521
448	3	3436
1591	1	3574
2138	3	2661
344	3	1194
96	3	3265
2813	1	3584
596	3	3463
404	1	3568
1809	1	3585
3289	3	526
1287	3	25
617	1	3731
2051	3	2462
1326	1	3569
2720	3	2594
3431	3	3099
2302	3	1062
2547	3	564
1929	3	2815
96	1	3569
2874	3	3428
3026	3	3440
3505	1	3590
3401	1	3600
3087	3	3238
1550	3	1433
1696	1	3574
1734	3	939
1933	3	2985
992	1	3584
2455	3	2972
509	1	3568
3373	3	6
3015	3	308
1574	1	3574
3500	1	3574
39	3	1698
1754	3	2956
1821	3	2652
2496	1	3575
1866	1	3593
3076	3	2005
1321	3	745
1566	1	3584
2364	3	2435
1397	1	3593
2850	3	2560
1089	3	493
1097	1	3584
2616	3	1641
1461	3	3226
1679	1	3574
2408	3	2816
2901	1	3584
975	1	3584
1399	3	1862
460	3	2056
2699	3	330
3056	3	2441
1210	1	3574
2275	3	2508
633	3	299
2810	3	3261
285	3	2167
1391	3	1872
449	3	440
2887	3	6
3113	3	935
641	1	3599
1549	1	3584
875	3	1911
499	1	3655
1129	1	3637
166	3	1720
1159	3	456
1702	3	2919
1829	3	2005
1072	3	493
2559	1	3609
1080	1	3584
2225	3	1068
2893	3	1196
209	3	2450
2673	3	3548
2257	3	963
1653	3	422
2600	3	1702
2509	3	1333
1662	1	3574
2778	1	3681
443	1	3673
1520	1	3630
635	3	1316
2192	3	1698
3059	3	264
791	3	2996
1193	1	3574
2086	3	2408
590	3	3110
596	3	564
268	3	2167
2916	1	3805
532	3	2697
344	3	1678
2151	3	2574
2577	1	3646
2354	1	3580
2143	3	1656
679	3	2663
2250	1	3590
2722	1	3699
3180	1	3581
871	3	233
241	3	251
1246	1	3591
1614	1	3710
1641	3	67
315	3	3067
533	3	2522
1420	1	3604
1538	3	273
1767	1	3574
2977	1	3633
1985	1	3585
3405	3	1698
1087	3	2404
3551	3	2165
2420	1	3609
1274	3	3183
1359	1	3581
1820	1	3591
54	1	3569
416	3	3298
1779	3	2820
115	3	1929
308	3	105
486	3	2911
1650	1	3569
2233	1	3590
1933	1	3581
3550	3	67
165	1	3646
1750	1	3574
2453	3	931
2897	3	561
2956	3	2755
3258	3	1122
2963	3	405
2268	3	640
2518	3	343
152	3	674
166	3	1854
1269	1	3623
338	3	3099
521	3	854
1769	3	2749
1416	1	3589
2421	3	2167
2638	1	3599
1803	1	3591
2645	3	1130
354	3	1883
367	3	2649
1042	1	3572
2338	1	3590
1279	3	2983
3255	1	3569
3108	3	643
2230	3	1978
266	3	3522
2639	3	1807
2216	1	3590
2239	3	3513
1567	3	1698
2704	3	1045
2864	3	2130
2438	1	3568
2208	1	3600
461	3	2376
1434	1	3569
2848	3	2386
84	3	2616
988	3	1476
2886	3	1751
2621	1	3599
3246	3	1706
600	3	2352
1847	1	3568
712	3	1551
3127	2	4067
930	1	3589
1705	1	3624
2021	1	3581
1317	1	3591
2166	1	3634
400	3	275
583	1	3619
2421	3	1012
2843	1	3577
3278	1	3601
3174	3	2186
1395	3	432
1380	3	2618
1128	3	3176
2421	1	3568
3025	3	2492
3302	3	169
380	1	3671
1430	1	3581
2279	1	3624
2541	3	1870
1379	3	3496
3152	3	471
3343	1	3569
1517	1	3574
2163	3	2258
691	3	1381
200	1	3581
2263	3	543
2343	3	3257
699	3	2855
2861	1	3614
2900	1	3764
2902	1	3677
3221	1	3569
13	3	1006
340	3	1797
1830	1	3568
3238	3	1521
1156	3	807
2779	3	279
3526	3	1017
1224	3	2816
270	3	1224
2526	1	3568
3289	3	3372
492	3	849
2312	3	2666
2404	1	3568
1670	1	3596
1394	3	2835
652	1	3581
336	1	3624
1413	1	3581
3326	1	3569
3452	3	2122
1444	3	461
2094	3	3184
1934	3	2273
770	3	2879
2433	3	3164
1677	3	2258
2978	1	3568
1002	3	1262
1455	3	1852
1102	3	3519
1784	3	2165
105	3	826
2509	1	3568
814	3	1418
2616	3	3548
257	3	1747
1505	1	3569
2578	3	3402
324	3	3342
2761	1	3585
1296	3	2312
3453	3	2533
285	3	691
2387	1	3568
3171	3	3491
1470	1	3589
1175	3	444
1918	1	3568
166	1	3581
2258	3	2345
590	3	695
3377	3	3372
295	3	1698
1281	1	3657
2345	1	3602
2975	1	3584
3406	3	2522
2045	1	3593
2492	1	3568
2573	3	1107
1619	3	1414
1788	1	3578
1784	3	3454
102	3	1596
3414	1	3569
1488	1	3569
3462	1	3591
968	3	1821
3088	1	3574
3361	3	2847
1528	1	3601
643	3	533
640	3	1734
1901	1	3568
2193	3	1414
728	3	1758
605	1	3724
1897	3	1000
237	1	3605
2332	3	2714
671	1	3568
3324	1	3611
67	3	2319
802	3	2352
1111	1	3614
262	1	3571
2826	3	2444
1060	3	3529
2544	3	3402
1559	1	3593
1309	3	2273
955	3	1435
1067	1	3570
531	3	1893
1699	3	1074
2874	3	3375
2888	3	583
3071	1	3574
3198	3	2733
2057	3	2435
1511	1	3601
2149	3	1720
329	3	869
558	1	3568
567	3	2311
1841	1	3574
1013	3	2434
1999	1	3639
3063	1	3584
3246	1	3591
1731	3	188
1383	3	2056
654	1	3568
1935	3	2435
2305	3	3221
3256	1	3659
3349	3	1179
2712	3	3137
3545	1	3569
1438	3	1047
1414	3	2273
1369	3	1259
1624	1	3591
3176	1	3574
1250	1	3574
1437	3	1016
2384	3	1151
2829	1	3604
2995	3	2560
1853	3	2820
2059	3	1008
1573	3	473
3406	3	3056
2973	1	3626
2507	3	2707
1207	1	3604
1588	3	2815
1824	1	3574
1090	1	3602
3229	1	3591
1463	1	3569
2108	3	502
1059	3	1179
3182	3	114
3188	3	2820
1262	3	2820
1355	1	3574
1836	3	1881
233	1	3569
688	3	2435
2271	3	1151
123	3	937
1701	3	2805
1360	3	2733
2448	3	3351
1233	1	3574
626	3	2761
2010	3	185
3159	1	3574
3342	1	3581
1847	3	2919
3495	3	1828
588	3	2615
3438	1	3581
2618	3	161
1929	1	3574
3472	3	2304
3151	1	3584
1225	1	3584
3485	3	1171
673	3	1588
2844	3	2989
3520	3	427
1419	3	1894
145	3	558
2656	1	3617
1807	1	3574
174	3	108
188	3	1288
1719	3	1122
1220	1	3568
1056	3	2359
1338	1	3574
2404	3	849
361	3	285
216	1	3569
1085	3	1909
2149	3	1854
1743	3	3279
3354	3	3402
2618	3	511
1730	3	261
3399	1	3589
2722	1	3646
17	3	2733
3142	1	3574
95	3	84
3216	1	3582
3160	3	745
399	3	1370
1567	3	2450
1031	1	3636
2095	1	3581
629	1	3568
375	3	2596
671	3	1654
1912	1	3574
2037	3	1521
2931	3	2578
3170	3	109
2645	3	2232
18	3	2761
1734	3	1370
1203	1	3568
3430	1	3581
1321	1	3574
3372	3	2275
3562	1	3679
199	1	3569
2994	3	2663
2948	1	3626
91	1	3574
3382	1	3589
53	3	3501
868	3	185
3114	3	2582
92	1	3635
376	3	2253
3366	3	2952
691	3	1194
2636	3	2575
528	3	3174
1324	3	2449
2078	1	3581
1895	1	3574
1609	1	3581
427	3	1603
1688	3	1820
304	1	3569
2952	1	3590
2191	1	3571
2244	3	2722
1537	3	724
1304	1	3574
597	1	3649
1187	1	3572
2022	1	3580
2398	3	2590
1355	3	2441
74	1	3574
338	3	13
2446	1	3697
1278	3	2145
1849	3	687
2706	3	2204
2361	1	3590
3289	3	152
3060	3	598
1512	3	384
2253	3	1224
1934	3	2086
1774	1	3584
1472	1	3662
2268	3	937
2471	3	679
2545	3	3495
2927	3	469
844	1	3593
1592	1	3581
1038	3	1493
539	3	2501
1770	3	427
2281	3	3551
2079	1	3588
3307	3	542
3096	1	3572
2466	1	3590
253	1	3593
366	3	2134
2166	1	3581
3388	1	3591
1358	1	3601
3273	3	3010
2249	3	623
1697	1	3581
2617	3	389
2958	3	1215
3071	3	2116
980	1	3636
2893	1	3624
870	3	603
1719	3	2545
2546	3	1654
3227	3	1211
3512	3	1507
1464	3	3550
2758	3	1211
2968	3	912
827	1	3593
2255	3	1460
3437	3	1821
66	1	3574
2571	1	3590
645	1	3590
3353	1	3584
541	1	3600
232	3	86
944	3	3449
2157	1	3571
3153	3	243
3158	3	444
3079	1	3572
3030	3	2434
3304	3	558
1688	1	3571
2149	1	3581
458	1	3571
471	3	2720
3495	3	1507
1340	1	3570
2334	3	1295
1198	1	3626
1815	1	3596
3471	1	3569
2179	3	3238
49	1	3574
1134	3	2422
1258	1	3572
628	1	3590
399	3	699
294	3	295
2692	3	2303
807	3	2366
2308	3	1073
3519	1	3591
270	3	1521
3556	3	1278
405	3	3226
95	3	2796
1068	3	299
2836	1	3571
720	3	2167
3025	3	695
2220	1	3605
2654	1	3568
1381	3	2366
1663	1	3581
660	3	3160
872	3	2717
1476	3	1006
104	1	3669
1181	1	3626
1038	3	2566
415	3	1732
2815	3	2508
3226	3	3183
507	1	3600
1710	3	2864
2960	3	1262
311	1	3581
2915	1	3585
1042	3	2736
1608	1	3660
295	3	1645
384	3	2275
943	3	3522
3362	3	2461
2210	3	1136
2637	1	3568
620	1	3590
1903	1	3596
2890	3	2352
2685	1	3590
3256	3	1451
1977	3	2722
3048	1	4064
1507	3	1381
2940	3	1698
3233	1	3574
1094	1	3585
6	3	2438
720	1	3568
56	1	3637
957	3	2979
490	1	3600
1194	1	3590
973	3	100
2860	3	647
2898	1	3585
917	3	1987
2796	3	2780
2716	1	3582
221	3	471
2351	3	645
423	3	1698
1662	3	2441
3446	1	3569
3526	3	1448
230	1	3623
118	3	324
1486	3	1211
1657	3	2796
1704	3	666
520	3	3257
1152	1	3624
1128	3	1513
1886	1	3596
2578	3	2544
2598	3	1370
2776	3	12
3380	3	2273
3531	3	2032
3218	3	2594
3079	3	1658
867	3	2267
1387	3	2398
1518	3	325
1552	1	3611
703	1	3568
942	3	1172
1999	1	3586
209	3	2560
643	3	1769
247	1	3599
1699	1	3577
2934	3	1016
3256	1	3606
688	3	1093
3441	1	3718
734	1	3785
3403	1	3572
2773	1	3590
600	3	1978
2478	3	2165
955	3	1732
1698	3	765
3184	3	1658
1258	3	1658
3321	1	3574
458	3	344
286	1	3581
1108	1	3577
2199	1	3569
808	1	3568
632	3	1092
278	1	3591
285	3	1122
2074	3	1224
2612	1	3568
686	1	3568
618	1	3632
2826	3	647
3498	3	3197
1382	1	3568
3426	1	3574
1500	1	3574
3339	1	3611
1889	3	152
2422	3	295
937	3	2816
963	3	2257
2456	1	3581
3204	1	3569
3186	1	3568
3304	1	3574
267	2	3714
718	1	3610
1165	1	3585
2182	1	3569
3545	3	1845
1160	3	603
791	1	3568
2736	3	114
1876	3	2416
2107	3	1883
3330	3	3061
156	3	604
460	3	2300
636	1	3612
1713	1	3569
1892	1	3628
2069	3	592
2222	1	3601
2448	3	265
743	1	3576
2595	1	3568
2970	1	3589
3452	3	1748
1626	3	33
640	3	2165
2185	3	1280
2101	3	116
3402	3	1089
623	3	1785
1365	1	3568
3409	1	3574
2405	3	1402
749	1	3602
361	1	3569
2675	3	2739
1631	1	3601
1087	3	1359
3066	3	437
1943	3	2270
2106	1	3627
654	1	3649
2553	1	3602
2357	1	3583
2176	3	3158
774	1	3568
2057	1	3574
2065	3	2856
2505	3	273
2034	3	770
515	1	3622
3106	1	3806
2086	3	2652
2797	3	292
1148	3	1187
1466	3	3091
1497	3	2733
3110	3	2359
61	3	3438
201	3	3290
278	1	3725
614	1	3596
640	3	3454
2140	3	1555
1205	1	3772
879	1	3568
2793	1	3617
2794	3	533
3491	3	211
2953	3	1012
1027	3	1012
3287	3	2690
910	1	3785
2421	3	1122
3512	3	2259
2546	3	2406
1613	3	1142
1944	3	1368
1453	1	3568
750	3	2746
349	3	1193
932	1	3585
1139	3	941
2418	1	3569
1291	3	3026
2598	3	699
3170	3	1345
3258	3	1016
2915	3	1997
635	3	405
640	3	1360
929	3	1270
2494	1	3636
2498	2	4031
123	1	3574
363	3	1784
715	3	265
2515	3	95
3258	1	3572
118	3	592
2435	3	2652
862	1	3568
109	3	2850
1981	3	1611
3537	3	299
2402	3	2707
2408	3	161
1182	3	358
3068	3	299
2293	1	3601
2623	1	3574
2018	1	3707
855	1	3639
1448	3	744
1462	3	2116
1919	1	3584
3353	3	3069
1377	1	3626
2283	3	3226
3040	3	2294
2401	1	3569
228	1	3574
781	3	869
1668	3	1422
1362	3	3050
204	3	3183
3515	1	3584
270	3	2273
1650	3	102
2032	1	3574
106	1	3574
2271	3	1932
1547	1	3645
1706	3	2507
1028	1	3575
2155	3	2183
2198	3	86
1124	3	2547
2759	1	3617
3384	3	3061
2847	1	3641
3471	3	1334
2795	3	3142
1067	3	1929
687	3	3549
2606	1	3574
885	1	3600
2074	3	1492
2542	3	650
1360	3	2009
1060	1	3617
211	1	3574
2141	2	3969
2432	3	1355
3498	1	3584
976	3	426
160	3	3136
377	3	86
1534	3	3511
2905	2	3905
3263	3	2886
3298	3	243
2015	1	3574
89	1	3574
330	3	2198
651	1	3620
685	1	3569
2366	3	2450
455	1	3601
1329	3	2142
2545	3	1698
3004	3	2940
785	1	3574
3018	3	1868
308	3	2927
1727	3	1872
2253	3	2810
2489	1	3569
3264	1	3604
2964	1	3595
2209	3	1857
2855	3	3067
292	3	3183
2465	3	2014
2020	1	3569
94	1	3569
102	3	1706
531	3	714
2670	3	703
2707	1	3580
194	1	3574
1016	1	3570
2265	1	3627
2561	3	1068
2733	3	3067
2872	3	1559
1704	1	3816
146	1	3582
3308	3	2189
3053	3	3194
668	1	3569
1856	3	1047
768	1	3574
2812	1	3580
226	1	3616
1657	3	3548
2136	3	361
2472	1	3569
482	1	3581
299	1	3574
469	3	3289
2364	1	3574
2168	3	3436
2739	3	1224
46	3	1909
1667	3	361
2936	3	1496
2003	1	3569
322	3	700
1326	1	3626
752	3	2156
2135	3	1239
691	3	2914
259	3	1719
177	1	3574
3548	3	1821
371	3	164
773	1	3569
2138	1	3584
2410	3	2796
2427	3	3157
1135	3	100
2856	3	2165
3400	1	3596
3344	3	2957
2886	3	2129
1130	3	455
3102	3	564
2577	1	3569
2366	3	1645
2709	3	3138
3406	3	2816
918	3	117
1753	3	2952
765	1	3590
1820	3	3210
2647	3	3464
465	1	3581
544	3	100
282	1	3574
1734	3	1935
606	3	3567
2333	3	2275
3173	1	3575
2815	3	361
2940	3	1645
1672	3	3015
417	1	3589
3546	3	2853
2096	3	658
2791	1	3568
756	1	3569
3141	3	3194
415	3	2968
578	1	3571
2927	3	2189
2695	3	2116
2263	3	921
2801	1	3636
2836	3	1820
3043	1	3585
2856	3	3454
1179	3	1797
1899	2	3780
2560	1	3569
2721	2	3776
2935	3	1219
2154	1	3657
1813	1	3585
2448	3	78
648	1	3585
2464	3	2470
2574	1	3585
2832	3	2236
1551	3	2840
16	3	3392
1862	3	1432
1527	3	3312
2591	3	3257
2743	3	1370
448	1	3581
2920	3	2816
2954	3	2765
3413	3	3253
365	3	3248
1267	3	1262
2057	3	2329
3407	1	3569
2952	3	229
3148	1	3585
1224	3	161
3510	3	2560
1080	1	3641
2144	1	3586
2774	1	3568
1410	1	3614
1555	1	3667
1063	3	2398
2416	3	2253
1656	3	2840
2464	3	376
853	1	3590
797	3	3304
553	1	3581
279	3	1767
2631	1	3593
2407	3	1657
2810	3	1224
1810	1	3601
3106	1	3619
1627	1	3594
3244	3	2332
3348	1	3568
2096	3	2886
58	1	3614
505	1	3589
1387	3	2695
2036	3	86
2403	1	3690
2988	3	3485
552	3	769
2677	3	2815
953	1	3568
289	1	3637
2249	1	3586
2761	3	626
2697	3	285
765	3	2831
1640	3	63
1383	3	2300
84	3	95
2384	1	3601
918	1	3588
2312	3	361
1432	3	484
3566	1	3609
547	3	1507
797	3	1210
3531	3	235
536	1	3581
2614	1	3593
774	3	1333
1032	3	1601
2497	1	3591
2314	1	3584
388	1	3584
3096	3	1150
955	3	2968
2993	3	2167
846	3	1613
642	3	1086
2265	3	558
1049	3	1002
1518	3	1911
2714	1	3571
3202	1	3609
312	1	3669
1378	3	944
1898	1	3601
740	1	3734
1510	1	3568
2588	3	2693
2289	3	3290
2195	3	1295
2578	3	2036
1987	3	2261
1416	1	3646
1041	1	3568
1850	1	3609
2297	1	3584
1776	1	3601
1478	3	2612
2480	1	3591
412	1	3647
631	3	1337
1489	1	3604
2633	3	674
2451	3	1835
606	1	3574
2679	3	2856
3096	3	2439
1683	3	2668
2845	1	3568
3151	3	3037
1403	3	674
3467	3	3076
2697	1	3571
2993	3	1012
938	3	1433
2849	1	3738
1012	3	2751
1985	3	3472
969	3	1650
646	3	2545
1434	1	3626
1665	3	1476
1881	1	3601
1732	3	1172
2211	1	3574
2364	3	1821
2803	1	3602
1853	3	2259
1024	1	3568
2253	3	2273
2866	3	2629
568	3	2161
828	3	3077
1072	1	3590
3385	1	3592
63	3	3463
3098	3	1012
206	3	405
930	1	3646
68	1	3591
1994	1	3591
1386	3	674
5	3	2239
2339	1	3852
2903	1	3637
3062	1	3706
3384	3	780
2743	3	699
2868	1	3600
942	1	3600
1089	3	229
2896	3	3371
3549	3	3203
2194	1	3574
2545	3	2450
247	3	1982
2787	1	3663
806	3	3229
1337	3	204
3197	3	761
755	1	3581
419	1	3710
1977	1	3591
2668	1	3569
3149	3	1122
1045	3	1316
613	1	3637
855	1	3586
1013	3	1068
1047	1	3600
2064	1	3584
1264	3	78
747	1	3591
3546	3	438
373	1	3574
3081	1	3568
3375	1	3679
2851	1	3600
2070	3	330
3536	3	2434
106	3	2628
1072	3	229
2077	1	3569
1921	1	3609
2203	3	2122
2547	3	3467
931	3	699
1751	3	1748
1798	3	2463
2177	1	3574
860	1	3581
431	3	2956
156	1	3591
1878	3	481
2469	1	3593
2045	3	2434
264	3	1733
2836	3	344
738	1	3581
2651	1	3569
3447	3	1753
438	1	3572
2396	3	130
2751	1	3574
3533	1	3568
269	1	3581
3087	3	664
3377	3	3079
17	3	2522
2282	1	3574
356	1	3574
2118	3	2365
3064	1	3568
1825	3	416
904	3	2722
2922	1	3624
1470	1	3646
2060	1	3569
2647	3	3277
1821	3	2522
2160	1	3574
659	3	1704
843	1	3581
2248	1	3598
2091	1	3786
2545	3	1645
63	3	564
2540	1	3617
656	3	1006
3160	3	416
569	1	3569
1136	1	3661
810	3	2594
1243	1	3568
3556	1	3570
3340	3	1445
3301	3	3137
917	3	1747
713	1	3591
2850	3	3369
2265	1	3574
339	1	3574
1418	3	861
2176	3	2434
73	3	2480
1657	3	2556
1480	3	3164
3116	3	3402
1817	1	3568
2271	3	1074
2416	3	1127
458	3	2198
2622	3	3287
526	1	3572
696	3	3287
2596	3	1402
2618	3	84
1988	3	102
3537	3	730
3005	1	3602
444	1	3574
2193	3	2410
105	3	78
1221	3	939
1226	1	3568
492	1	3596
2705	1	3593
3152	1	3568
1381	3	1671
1257	1	3785
292	1	3592
2751	3	2815
2993	3	691
673	3	2450
320	3	3363
1177	2	3925
2186	3	1317
3337	3	2036
604	3	1908
3523	1	3622
1800	1	3568
304	3	1899
362	1	3606
809	1	3581
2032	3	668
2214	1	3598
2722	1	3569
109	3	1187
1042	3	2041
3288	3	2347
2981	3	363
1044	3	2708
2300	3	1913
2396	1	3574
2607	3	2790
3010	3	2919
427	1	3574
3135	1	3568
1204	3	939
1902	3	3122
3083	3	2877
2131	1	3569
517	3	2648
2398	3	1224
2116	3	3346
295	3	1889
901	1	3569
1362	3	1387
739	3	2273
2171	1	3601
2145	3	2543
1797	1	3584
932	3	3257
1090	1	3659
1852	3	3402
2651	3	2032
2442	3	3146
2074	3	2273
2264	1	3677
2716	3	1270
3291	3	745
1792	1	3568
3328	1	3622
33	3	2376
498	1	3598
2371	1	3584
566	3	18
788	1	3569
2071	1	3575
111	1	3626
1888	1	3568
3247	3	2792
1626	3	3176
1902	1	3584
450	1	3606
1350	3	1588
2533	3	2555
300	3	571
786	3	696
2185	1	3596
3324	3	465
2484	1	3574
3259	1	3609
1289	3	830
96	3	2814
805	3	2652
2566	3	2275
1469	3	3549
2553	3	3408
893	1	3569
66	3	3035
1668	1	3604
2608	3	2399
2687	3	3362
1507	3	2914
3431	3	204
299	3	668
917	3	137
3355	3	457
2795	3	324
1555	3	2347
2054	1	3575
2589	1	3574
663	1	3574
419	3	3061
2644	3	3392
3476	3	437
3550	3	2165
469	3	687
3237	3	3481
673	3	2934
2467	1	3574
3289	1	3570
2134	3	1639
2600	3	2995
2450	3	432
1490	1	3622
3263	3	68
1650	3	1017
2642	1	3591
1998	1	3574
2964	3	665
3004	3	2566
1875	3	1340
876	1	3569
2836	3	1901
548	3	1835
805	3	1497
3381	1	3585
3454	3	1370
721	1	3613
3382	1	3646
2490	3	3272
1517	3	107
164	1	3589
2953	3	1122
3261	3	161
1046	3	251
646	1	3574
2572	1	3574
425	1	3774
3519	3	3237
1247	3	2153
1641	3	1360
59	1	3568
3449	3	944
2515	3	3238
3159	1	3765
86	3	1588
2313	3	1658
3550	3	3454
304	1	3626
2618	3	2796
2945	3	2250
2239	3	2578
904	3	1246
2442	1	3584
3036	3	3194
2057	3	1821
859	1	3569
1704	3	3488
2142	1	3575
2332	3	2450
317	1	3611
440	3	3365
2919	3	186
540	3	1650
3452	3	1992
806	3	3392
1278	3	2202
1798	3	2276
517	3	1038
1935	3	1821
2555	1	3574
525	1	3584
1782	3	1778
305	3	700
42	1	3568
1127	3	2416
2112	1	3769
2165	3	2920
3026	3	679
34	1	3578
2963	3	1698
3312	1	3581
1591	1	3607
2346	1	3728
2608	1	3591
3170	1	3637
1330	3	1377
1847	1	3572
1147	3	1370
1672	3	1702
3484	3	2045
2843	1	3581
1109	3	1224
687	1	3613
3437	3	939
1820	3	2836
39	3	1381
263	3	2454
775	1	3637
2398	3	1492
2656	3	1006
3389	1	3709
3136	1	3661
1402	3	1304
246	3	384
475	3	1658
1987	1	3609
2538	1	3574
1804	1	3602
1791	1	3590
2421	1	3572
2721	1	3581
3388	3	1250
813	3	3105
1202	1	3671
25	1	3568
1279	3	1243
1477	3	1929
1491	1	3581
2252	1	3581
2424	1	3681
2490	3	3406
2892	3	2367
3261	3	2739
3285	3	2267
484	3	2957
1908	3	1194
2861	1	3618
63	3	1316
557	3	2915
1082	1	3584
1190	3	6
1200	1	3590
1820	3	742
3043	3	3257
419	1	3657
2826	1	3581
3109	3	2347
3149	3	3513
1126	1	3756
2237	1	3662
2841	3	2586
313	1	3575
608	3	602
2040	3	666
1583	3	3289
3186	1	3581
341	3	3346
3526	1	3577
3226	1	3568
1006	3	1086
231	1	3577
2940	3	2560
1413	1	3585
2235	1	3581
2592	1	3601
1560	3	968
1332	1	3637
2001	3	1045
1005	1	3581
2129	3	2636
915	3	3346
1	1	3582
3360	3	17
2809	1	3581
423	3	2560
1326	3	3432
596	1	3584
3331	1	3568
1124	3	1852
2327	1	3569
3373	3	2267
114	1	3572
3209	1	3568
2864	3	2618
2198	3	330
1853	3	1751
3495	3	2853
1012	3	3182
1540	3	623
988	1	3581
1571	1	3602
161	3	2855
564	3	2422
2739	3	2273
1718	1	3568
1996	1	3750
3277	3	3371
2207	3	3528
1360	3	2253
2077	3	1845
2345	1	3606
2451	3	172
3180	1	3614
2880	1	3605
3314	1	3568
1354	1	3619
724	1	3637
1758	1	3600
976	3	670
279	1	3575
1562	1	3581
1700	3	2294
1705	3	2495
1948	3	1330
604	3	3010
754	1	3601
2126	3	29
3397	3	2330
1230	3	543
2590	3	2956
197	1	3577
3384	3	1211
95	3	1109
2250	3	2945
417	1	3699
71	3	2143
1901	1	3572
2791	1	3678
3114	3	3257
971	1	3581
3495	3	1698
926	3	196
237	1	3609
3332	3	268
671	1	3572
2452	3	1492
155	3	1438
672	1	3633
494	1	3827
2673	3	3365
399	3	3334
3309	1	4081
3277	3	2216
3297	1	3568
2885	3	670
1441	1	3591
1473	3	149
665	3	3367
2512	3	3158
2006	1	3572
2067	3	3096
3249	1	3576
437	1	3592
1800	3	1868
1529	3	1645
3067	3	3454
1978	3	2230
3366	3	1533
2741	3	1752
1211	1	3596
1658	1	3571
370	3	1690
864	3	1626
1416	3	2005
1710	3	2116
2153	3	1894
1064	3	670
2169	3	325
956	3	3540
870	3	3372
3280	1	3568
2935	3	2618
2993	3	988
84	3	3238
839	3	1286
2876	1	3569
950	1	3569
2030	3	1462
2199	1	3626
3421	3	299
3149	3	2842
2774	3	2411
803	3	643
1125	3	3306
114	3	2439
1391	3	884
2810	3	2273
3116	3	2544
2646	1	3574
124	3	416
341	3	2675
460	1	3624
3546	3	773
2285	1	3569
1734	3	2179
1758	3	1528
51	1	3570
1937	1	3568
3220	1	3574
677	1	3604
2035	1	3660
1492	3	3169
2470	3	2037
3226	3	691
2859	1	3569
140	3	2230
933	1	3569
1118	1	3681
2867	3	1706
2914	3	1667
3438	1	3585
2749	3	937
3403	3	268
8	1	3600
270	3	1846
2629	1	3574
2618	3	3548
2927	3	3372
2970	1	3646
1520	1	3581
3433	1	3569
2042	1	3568
116	1	3568
90	3	1756
721	3	3098
2370	3	3348
3480	3	749
271	3	1671
1038	1	3569
1098	3	2679
1360	3	643
2675	3	2796
2189	3	1507
1138	1	3574
128	3	1875
1920	1	3568
2165	3	2733
1901	3	1658
2086	3	1770
2801	3	169
3053	3	2983
3203	1	3574
2553	1	3659
916	1	3569
1221	3	1370
1386	3	3467
2300	1	3611
1005	3	2582
671	3	1658
1451	1	3568
2438	3	1179
2734	1	3574
2012	3	246
1848	1	3991
2028	3	3373
1936	3	2398
2882	1	3601
1521	3	2318
2448	3	1611
2740	3	2794
1852	3	2544
3416	1	3569
2536	3	3355
2025	1	3568
99	1	3568
2006	3	1658
17	3	3087
1321	1	3578
2143	1	3574
2604	1	3584
2521	3	2497
1021	1	3569
2746	3	2820
91	1	3578
2668	3	3217
552	1	3569
1486	1	3749
2825	1	3569
3200	1	3590
3439	3	1194
987	1	3593
3406	3	161
2717	1	3574
457	3	279
1595	1	3569
3079	3	105
1234	3	981
204	1	3568
303	3	2074
1978	3	620
606	3	912
1126	1	3569
2269	3	33
2683	1	3598
2636	1	3637
161	3	440
1705	3	3113
2008	1	3568
82	1	3568
1157	3	449
866	3	3491
1373	3	2856
3291	1	3574
3305	1	3590
1004	1	3569
921	3	2482
1723	3	2564
1046	3	548
1965	3	440
2545	3	2560
1849	3	691
309	1	3568
2956	3	3056
3183	1	3590
335	3	982
1979	3	3104
2596	1	3584
2700	1	3574
2192	3	1194
2296	1	3575
2592	3	1208
187	1	3568
2920	3	161
3198	3	2416
1399	3	2647
1016	3	2815
5	3	1194
1770	3	431
1244	1	3584
1612	3	13
1836	1	3612
1042	3	1667
1149	1	3601
3427	3	465
1075	1	3593
3205	3	251
742	3	1658
100	3	2661
2319	3	2920
2633	3	1857
1826	3	3237
3534	1	3709
292	1	3568
397	1	3619
1357	1	3574
2132	1	3609
1003	3	2399
653	1	3584
2416	3	2981
2579	1	3584
511	3	303
3401	1	3580
3422	3	39
3448	3	1924
170	1	3568
3258	3	268
580	3	666
830	3	369
841	1	3613
2846	3	886
2531	1	3592
2475	3	2142
840	1	3582
2128	1	3789
1227	1	3584
1472	3	1995
1137	3	465
685	1	3626
1330	3	2613
1462	1	3574
2547	3	2422
2453	3	427
2657	3	2674
300	3	3230
1122	3	3226
275	1	3568
2180	3	465
1340	1	3574
2562	1	3584
344	3	3402
1245	1	3591
1185	1	3618
336	1	3575
1632	1	3593
2408	3	2796
2481	1	3636
49	1	3578
871	1	3574
2318	3	1734
1433	3	2757
461	3	933
2228	1	3599
1942	3	1625
3314	3	3053
2303	3	1432
3360	3	2408
1115	1	3601
1233	3	3488
3342	1	3614
998	1	3599
1282	3	2971
1445	1	3574
271	3	1350
2850	1	3591
499	3	2018
2024	1	3590
658	3	2497
2545	3	3044
3056	3	3360
243	3	2417
258	1	3568
3463	3	78
3083	3	1698
161	3	1863
2172	1	3617
1323	1	3574
1594	3	2180
2145	1	3570
2298	3	1006
551	3	311
2994	1	3613
2437	1	3589
212	3	95
2644	3	3018
205	3	2846
854	1	3574
1315	1	3584
2137	1	3580
2825	3	2005
3547	3	1272
1015	1	3575
1329	1	3600
2138	1	3641
311	1	3585
3059	1	3581
3308	3	152
1076	3	1935
2719	1	3570
2518	3	2067
2577	1	3626
2918	3	2081
1428	1	3574
2833	1	3591
724	1	3584
3459	1	3568
431	3	3550
3519	3	1924
1122	3	2421
2448	3	2229
1531	3	3357
3437	3	1370
1420	1	3584
578	3	1072
1394	1	3598
1342	3	3099
1166	3	149
417	1	3646
1431	3	1285
1340	3	2815
1820	1	3571
1150	3	405
2229	3	63
1658	3	2275
750	3	38
3398	3	1749
1337	3	3026
3237	1	3569
631	3	3354
932	3	3367
2298	3	3234
2398	3	2273
1411	1	3574
1671	3	361
1668	3	808
2186	1	3609
1452	1	3637
2135	3	3524
3371	3	742
277	3	807
1355	3	2124
61	1	3636
1125	1	3581
1462	3	2441
2413	3	1262
2506	3	399
176	3	592
309	3	1630
2712	1	3766
1427	3	2404
1934	3	1769
1992	3	3549
2043	3	3105
2439	3	114
338	3	3079
2215	3	761
2248	3	3514
764	3	3288
73	1	3590
2927	3	152
1350	3	1698
3406	3	939
366	3	878
3407	3	1543
2489	3	1712
204	3	2919
960	3	1381
3235	3	2574
1127	3	2981
3395	1	3586
2086	3	2522
58	1	3671
1108	1	3581
0	3	1611
603	3	1546
3021	1	3569
3365	3	1224
1275	3	699
2888	3	1823
1147	3	1935
2140	3	1425
2882	1	3581
3232	3	2815
2804	1	3586
3434	1	3568
295	3	1194
1682	1	3581
2872	3	6
1538	1	3724
1021	3	3428
291	1	3580
1306	3	135
1613	3	1012
1496	3	2347
1846	3	2253
1871	3	1280
3230	3	3087
283	1	3590
3278	1	3581
2825	3	3428
2082	1	3568
2970	3	3481
718	1	3614
152	3	438
114	3	2736
3004	1	3569
2374	1	3587
1613	1	3568
1320	3	2446
2929	3	1883
3263	3	3561
2699	3	578
2045	3	1068
2150	3	3371
75	3	1805
2306	3	325
743	1	3580
2820	3	3002
3077	3	765
345	3	3142
2902	1	3657
3417	1	3568
135	3	1751
905	3	831
195	1	3724
1160	3	1546
2187	1	3568
1557	1	3586
3272	3	2416
427	3	1770
86	3	1698
453	3	1211
749	1	3606
1224	3	2796
1183	1	3569
2037	3	533
1145	3	3496
2860	3	1135
2446	3	1116
712	3	376
2218	1	3785
2239	3	2688
2454	3	2590
3214	1	3620
3119	3	2020
2849	3	3491
3546	3	361
2553	1	3606
3277	3	2647
2987	1	3569
1596	1	3568
2879	1	3574
1276	3	2399
2310	3	2362
3292	3	1017
127	3	2347
2211	3	1075
3546	3	1300
1157	3	1551
3049	3	666
1637	3	2589
2161	3	416
1518	3	813
3054	3	867
3069	3	580
1573	3	3002
284	1	3627
2170	1	3568
1540	1	3586
418	1	3581
102	1	3624
674	3	1546
1166	1	3569
1143	3	3209
1179	1	3581
879	1	3572
1240	1	3577
1701	1	3568
2416	3	2794
2366	3	1381
2275	3	1012
1025	1	3686
1804	3	3408
3013	3	3406
1779	3	2129
2744	1	3568
511	3	3499
642	3	338
78	3	1698
2128	1	3602
2758	1	3584
2862	1	3574
3152	1	3584
112	3	3367
2275	1	3568
349	1	3568
2940	3	1381
2179	3	2116
898	3	878
3047	3	1288
2522	3	2855
2541	1	3601
295	3	1678
2153	1	3568
2406	3	2352
2931	3	785
2043	3	2434
2484	3	457
1223	1	3577
3075	1	3569
3467	3	2934
3515	3	3311
347	3	324
1684	1	3568
2795	3	1857
2245	3	2145
3238	3	1635
472	4	2964
2594	1	3618
3226	3	1122
2169	3	2045
1519	1	3574
1596	3	1146
2741	1	3584
706	1	3585
2815	1	3592
3037	3	3469
3117	3	1487
3445	1	3574
2258	1	3568
332	1	3568
3369	3	1857
786	3	1074
45	1	3571
1130	3	2419
1254	1	3569
2123	3	1909
2925	3	3136
2308	3	1829
1702	3	268
1220	3	3110
2854	1	3574
635	3	1698
772	1	3614
561	3	1690
928	1	3574
3020	3	86
906	1	3568
1667	1	3568
3146	1	3593
467	3	623
920	1	3584
3431	3	3026
2689	1	3772
437	1	3568
1889	3	1929
3428	1	3574
1497	3	2282
67	3	3238
1502	1	3574
1852	3	2036
2989	3	1383
14	3	3026
877	1	3614
481	3	1578
666	3	2444
366	3	2435
1325	1	3593
1521	3	2749
471	3	1732
2060	1	3626
2096	3	3561
0	3	2229
985	1	3582
1937	3	638
1096	1	3686
2837	1	3574
1007	3	647
2204	3	1630
2192	3	3369
2690	3	1812
324	1	3568
646	3	642
700	3	2578
791	3	695
1607	1	3574
1613	3	691
2074	3	1846
2427	3	933
2829	1	3584
3311	1	3569
420	1	3568
2983	3	1835
270	3	533
468	1	3590
1717	1	3647
1485	1	3574
1826	1	3646
864	3	3480
1600	1	3645
470	3	1829
142	3	2523
1449	3	196
3411	1	3574
458	3	1316
879	3	1658
1016	1	3574
2733	3	3071
2721	3	2558
3362	3	3567
439	3	3126
334	3	2722
2820	1	3574
438	3	268
2633	3	3443
570	3	700
3561	3	2005
3146	3	1171
1451	3	638
1590	1	3574
1770	3	2956
3050	3	1336
586	1	3575
3005	1	3659
1553	1	3681
3294	1	3569
423	3	1865
1121	1	3574
3394	1	3574
2561	3	1422
960	3	1194
1683	3	2404
639	1	3619
1848	1	3617
999	1	3574
1408	1	3756
2580	3	3378
726	1	3612
1127	3	2794
1350	3	2450
1706	3	2056
3137	1	3885
3015	3	3402
867	3	2434
2477	1	3568
250	3	3026
908	3	2497
547	3	438
1965	3	1221
468	3	229
1218	3	483
2428	1	3604
2666	3	1658
3226	3	2545
3163	3	366
3399	1	3569
1573	1	3574
2660	3	615
2510	3	1671
3277	1	3569
1288	3	497
1104	1	3574
2043	3	1763
2767	1	3859
3425	3	804
1769	3	1387
344	3	2544
1455	3	2450
134	1	3581
2131	1	3626
3091	1	3581
2542	3	1138
3152	3	3297
3526	3	460
2563	3	3378
855	3	2079
2753	1	3618
2971	3	1456
1678	1	3574
402	3	1853
1204	3	1935
2460	1	3568
1871	1	3649
242	3	942
2560	1	3573
3071	3	3360
3257	3	668
3382	1	3569
1714	3	302
118	1	3612
370	3	645
522	1	3593
765	3	1546
988	3	114
1087	1	3574
2706	3	1834
3060	3	2672
2371	1	3641
125	3	964
1138	3	2441
2084	1	3644
2010	1	3636
2675	3	2556
381	3	1683
3221	3	964
109	1	3591
1889	3	1258
2522	3	440
753	1	3589
3289	3	721
1661	1	3574
3562	3	1611
427	3	2522
86	3	2450
1037	1	3854
1394	3	2628
1484	3	492
1375	1	3581
1709	3	815
1918	3	455
2484	1	3631
898	3	1846
3187	1	3571
543	3	402
1654	3	308
2179	3	640
3191	3	2113
3198	3	2981
629	3	3378
893	1	3626
1327	1	3589
2102	1	3624
3258	3	2927
3548	3	1370
1070	1	3574
1953	3	3094
155	3	2032
922	3	1559
2695	3	376
2820	3	1660
3191	1	3596
2101	1	3593
2185	3	2386
1853	3	2129
3534	3	3381
1316	3	3183
87	3	2107
691	3	3402
736	1	3589
2321	3	180
1021	3	3375
646	3	3354
463	1	3627
2147	3	2815
3280	1	3812
2318	3	3454
1030	3	938
1797	3	465
1358	1	3581
343	3	2647
2825	3	3375
612	1	3850
1262	3	2129
2524	3	2952
2682	3	1680
1546	3	674
1651	1	3661
1021	1	3679
1816	3	2421
2351	3	3174
2864	3	3346
300	3	2856
1057	3	1924
2232	1	3590
59	3	1069
306	1	3590
694	3	2006
197	3	3062
1044	3	805
6	1	3581
1236	3	65
2517	3	3023
2931	3	598
2590	3	3334
2460	3	1496
3189	1	3601
3564	3	3342
1719	3	3464
201	1	3569
2318	3	1360
719	1	3589
2038	3	3530
2713	3	1116
2012	3	1645
3167	3	1959
1415	1	3589
2774	3	561
3372	3	295
2376	3	460
450	3	460
2560	3	720
2717	3	1286
2927	1	3570
2982	3	2422
3119	1	3584
2311	1	3604
2772	1	3614
1634	1	3661
1923	1	3571
2115	1	3585
2640	3	1546
2819	1	3575
532	1	3570
700	3	3546
1539	3	2815
1454	1	3571
1915	1	3581
3232	1	3574
3172	1	3601
184	1	3569
2228	1	3575
2249	1	3724
2315	1	3568
130	3	2032
102	3	234
1121	3	2575
1983	3	3384
2121	3	125
2586	3	3319
2739	3	1846
2803	1	3606
1852	3	1849
1486	3	1996
256	3	1068
394	1	3590
290	1	3600
1440	1	3713
2355	1	3600
2098	1	3585
2613	3	333
1456	3	2971
2522	3	1863
3513	3	2406
2515	3	1551
3182	3	2001
2306	3	1911
785	3	2498
1270	3	929
2425	3	1243
507	1	3580
3281	1	3771
772	3	1379
3409	1	4091
1804	1	3659
2868	1	3604
942	1	3604
2050	3	3238
3343	1	3630
3352	3	1383
533	3	3067
2298	1	3568
337	3	2294
1138	3	1770
1992	3	2825
3261	3	2796
85	1	3571
3169	3	1821
3512	3	2560
3472	3	1747
1863	1	3574
2749	3	376
2758	3	2264
77	1	3581
2785	1	3575
3422	3	1088
3260	1	3601
272	1	3569
1047	1	3604
1666	3	342
206	3	1698
469	3	2167
1955	3	252
3064	3	3110
1194	1	3570
490	1	3580
2567	3	1722
2108	3	1234
1729	3	2706
3089	3	1709
3548	3	699
1243	3	1417
3175	3	2786
1847	3	268
870	3	2006
207	3	3243
162	3	2229
2416	3	1936
860	1	3585
835	3	3133
1805	3	3335
3521	1	3618
603	1	3570
3495	3	2560
1091	3	1025
2636	3	140
2045	3	2438
2353	3	511
2517	1	3619
3510	3	3182
114	3	1073
1153	1	3665
1408	1	3569
1908	3	96
367	3	3194
255	1	3569
212	3	3238
769	3	465
269	1	3585
2466	3	501
3104	1	3574
2802	1	3709
2775	1	3662
2364	3	1370
469	3	1012
793	3	2622
352	3	2347
571	3	2408
582	3	63
2087	1	3620
1727	3	884
1622	3	1234
1826	3	3481
2288	3	1078
2306	3	2045
496	3	2722
2767	1	3672
382	3	813
796	1	3624
1571	1	3659
2006	3	2036
1758	3	1101
635	3	2934
2237	3	358
469	1	3568
1135	1	3604
1567	3	3182
294	3	1698
1943	3	611
1266	3	668
3469	1	3581
802	3	1124
3167	3	1288
2927	3	2006
1092	1	3813
3556	1	3574
2264	3	3243
909	1	3614
3087	1	3574
2837	3	2254
1893	3	3335
197	1	3634
943	3	603
574	1	3568
711	1	3867
1901	3	292
1975	1	3637
1648	1	3581
3561	1	3569
343	1	3569
452	1	3568
1735	1	3574
305	3	86
310	1	3624
666	3	647
2889	1	3568
746	3	917
1811	3	2613
2383	3	1761
1108	3	3229
1266	1	3574
2554	3	501
2918	3	3480
2222	1	3581
2970	1	3569
9	1	3584
475	3	105
1890	3	543
3198	3	2794
1948	1	3569
2599	3	2454
2142	3	913
557	1	3568
21	3	1891
2983	3	38
3429	3	571
1958	1	3637
921	3	3210
1631	1	3581
3544	1	3569
1988	1	3601
2067	3	120
3472	3	137
995	1	3701
435	1	3568
550	1	3639
3495	3	3044
1131	1	3568
515	1	3602
2935	3	2675
2205	1	3581
1653	3	1585
3310	1	3589
2656	3	742
1282	3	1121
1328	1	3813
420	1	3649
2150	3	2192
2353	3	1934
2545	3	1194
2124	3	307
540	1	3568
1988	3	2334
3104	3	2441
1871	1	3596
2384	3	2151
3527	1	3569
3549	3	2886
1341	1	3619
3365	3	2273
580	1	3600
2217	3	2827
2419	1	3580
2440	3	2483
280	1	3591
3163	3	1602
1114	1	3568
2290	3	2785
2831	3	1345
1091	2	3916
2556	3	363
1360	3	2794
3069	3	2434
3193	1	3584
48	3	558
2853	3	2482
161	3	363
3470	3	2273
3087	3	2441
645	3	1924
935	3	1333
1815	3	1772
456	1	3636
2184	1	3569
3233	3	2555
2546	3	292
3433	1	3626
3510	1	3569
2364	3	699
1385	1	3596
661	1	3692
1557	3	2079
2117	3	3357
38	3	3314
2422	3	1698
354	3	2107
364	3	3320
181	1	3593
1003	1	3589
1593	1	3569
1778	1	3681
2245	3	3060
1682	3	2582
2417	3	3160
340	1	3719
2987	1	3679
3149	3	2094
3276	1	3589
889	1	3753
1756	3	3146
3549	3	1142
2834	1	3636
1985	1	3593
2507	1	3580
3289	1	3574
2167	1	3569
2919	3	1345
352	1	3673
2728	3	982
2739	3	2009
1844	3	2611
694	1	3570
1136	3	1727
2615	3	588
2313	3	723
1375	3	167
2514	3	2625
1804	3	1074
2498	1	3570
2272	1	3569
438	3	2927
1595	1	3626
960	3	2914
2748	3	511
1268	1	3570
2745	3	958
2025	3	2358
2821	3	469
2150	1	3569
1320	3	2690
3264	1	3584
2943	3	1055
2530	1	3612
1681	1	3569
229	1	3591
785	3	1156
2649	3	163
451	1	3569
456	1	3770
587	3	3335
221	1	3601
2086	3	1022
2256	1	3600
3356	3	2161
623	3	2033
215	3	13
3377	1	3574
1847	3	3464
691	3	2544
2189	3	1698
1822	3	2185
1158	1	3679
2147	1	3574
3177	1	3570
634	1	3600
334	1	3591
2561	1	3604
3159	3	1721
2133	1	3569
1045	3	2422
252	1	3593
1664	1	3569
3104	3	1770
169	3	3260
1705	1	3632
2890	3	1929
314	3	2014
526	3	2927
788	3	2790
1507	3	3402
2549	1	4030
2914	3	114
534	1	3574
1316	1	3568
3360	1	3574
548	1	3590
727	1	3649
1804	1	3606
2238	1	3569
3149	3	2578
847	1	3568
2252	1	3585
703	3	2094
3032	3	2223
3479	3	2198
3406	3	2796
1180	3	2033
765	1	3570
1687	3	1398
1834	2	3762
708	3	2678
294	3	2450
1116	3	2446
3087	3	1770
3344	3	1432
2826	1	3585
1917	3	2497
417	1	3569
2343	1	3569
3519	3	2786
524	3	3549
1398	3	2427
858	1	3646
1157	3	640
1304	1	3769
3526	1	3581
375	3	1047
452	3	44
3056	3	3067
3226	1	3572
3384	1	3637
3463	3	2229
1151	3	389
1962	3	2730
3116	3	186
49	1	3635
91	3	1721
1752	1	3569
183	1	3589
1005	1	3585
2247	3	3056
2308	3	1134
1999	3	3209
2366	3	2914
522	1	3569
1462	3	2364
2006	3	105
2228	1	3656
372	3	534
2237	3	2399
548	3	229
1792	1	3601
1935	3	1370
1936	3	1784
3126	3	1546
3397	3	3489
3501	3	3287
400	1	3569
1175	1	3604
2940	3	2914
969	3	1146
214	1	3581
2245	3	295
2475	1	3600
3467	3	305
1872	3	884
2998	1	3840
1350	3	2560
1810	1	3581
2291	3	1134
3039	3	2286
3486	3	2261
2540	1	3568
505	1	3569
294	3	1645
1432	3	3497
1623	3	1006
427	3	3437
1930	3	1883
2832	3	1061
2358	1	3622
2616	3	1462
2525	3	2992
179	1	3574
2388	3	1195
1128	1	3622
1903	1	3657
261	3	2275
1320	3	2019
1488	1	3577
1464	3	712
2384	1	3581
171	1	3584
493	3	658
2832	1	3617
657	3	2092
3462	1	3599
3481	3	1835
197	1	3581
3233	1	3635
2901	3	3451
3558	1	3599
517	3	2815
2454	3	1224
2076	3	3110
2198	3	1623
1465	3	2257
2255	3	2005
2130	3	2441
2353	3	2097
152	3	361
1493	1	3572
2523	1	3568
378	3	2435
68	3	2005
529	1	3632
1179	3	1911
2842	3	2196
2864	3	878
1122	3	384
2088	1	3574
3470	3	2086
3515	3	3100
3008	1	3662
303	3	2749
1392	3	1721
1637	3	1223
1933	1	3618
1886	1	3657
2367	1	3581
2306	1	3585
2263	1	3591
2667	1	3590
3083	3	950
154	1	3584
986	3	2384
333	3	108
1623	3	3234
1811	1	3618
2081	3	864
3274	3	3006
1958	1	3584
1291	3	725
3025	3	301
267	1	3574
594	3	849
1489	1	3584
1476	1	3572
1672	1	3591
2014	3	2652
3367	1	3771
493	3	2886
2625	2	4034
86	3	2560
3402	1	3572
251	3	493
1630	3	1069
994	1	3617
1073	3	2209
2329	3	1414
2422	3	2450
1706	3	2300
1845	3	1546
2246	1	3591
2209	3	361
1059	1	3585
1947	3	3306
3047	3	861
3461	1	3672
315	3	3238
3182	3	2566
250	1	3574
1874	1	3652
3385	1	3572
1316	3	849
461	3	3352
1172	1	3575
3386	1	3633
163	3	38
2979	3	1690
3416	3	452
2057	3	699
1512	3	2352
51	1	3574
2093	1	3724
2647	3	679
2914	3	1671
790	1	3568
1710	3	376
1847	3	2927
2229	1	3591
1299	1	3600
1935	3	699
642	1	3571
2121	1	3596
615	3	1153
2462	3	2051
3198	3	1936
308	1	3613
1517	3	274
2633	3	438
1997	3	558
3333	1	3568
3511	3	785
416	1	3581
3301	1	3876
1008	1	3609
1412	1	3590
2311	3	1158
2418	3	2229
797	3	2613
408	1	3591
1038	1	3573
1183	1	3626
1630	1	3601
1769	3	2920
2545	3	3369
1960	1	3574
508	1	3596
2028	3	2438
1290	1	3590
2422	3	1645
891	3	647
2742	1	3568
1812	1	3577
3549	3	1089
821	1	3590
1382	3	2712
2124	3	1893
521	1	3581
1344	3	2566
1396	3	2728
2204	1	3601
2283	3	120
2719	3	3002
2895	3	1943
3316	1	3568
447	3	811
1175	3	131
1386	3	438
2267	3	2628
3218	3	695
289	3	548
3287	3	1812
2847	1	3568
3234	1	3570
4	1	3589
635	3	2560
779	1	3624
1813	3	2162
1843	1	3569
2749	3	3169
1274	3	105
1223	3	1637
1279	3	1060
1943	1	3574
2038	3	2485
2130	3	1770
618	1	3827
3261	3	2556
601	3	2584
2171	3	1480
1495	1	3568
3414	1	3581
564	3	3044
3539	1	3574
485	3	2835
1246	3	1690
504	1	3581
1444	3	2376
2226	3	471
2417	1	3569
3252	3	2714
204	1	3572
3504	3	2330
3299	1	3568
35	1	3581
1357	1	3794
1436	3	2386
1631	3	301
1757	3	471
719	3	3529
122	1	3574
2830	1	3568
3403	3	2850
1304	1	3582
716	3	932
389	3	1286
1078	1	3581
3550	3	2816
1826	1	3569
455	3	1130
3075	1	3626
1600	1	3568
2407	3	161
1835	3	1767
1926	1	3574
3557	1	3611
609	1	3581
1846	3	2794
667	1	3671
2298	3	526
1696	3	3096
1065	3	2508
3285	3	3373
3385	3	1658
3404	1	3568
2780	3	511
3522	1	3574
3374	3	1559
487	1	3581
3064	3	3220
494	3	1112
956	3	2873
620	3	3002
1009	1	3568
1488	3	1208
1949	3	2363
2842	3	2814
3282	1	3568
2097	3	2935
79	1	3577
18	1	3581
1931	1	3569
2346	3	2032
2216	3	3002
3351	3	3402
2813	1	3568
122	3	1526
1061	1	3581
1836	1	3616
1809	1	3569
2271	3	1993
2749	3	2364
1583	1	3568
98	3	308
625	3	2997
1138	3	3169
592	1	3581
3540	1	3611
292	1	3572
1276	3	3529
1756	3	194
3387	1	3568
2239	3	785
3505	1	3574
423	3	283
2544	2	3776
2383	1	3569
3158	1	3604
638	3	2803
3205	3	1194
335	3	2275
992	1	3568
2273	3	2435
3175	3	802
3549	3	1573
1863	3	1821
1914	1	3569
13	3	3405
2749	3	270
2864	3	341
840	1	3586
2187	3	398
2049	1	3584
3009	1	3731
3088	3	250
3227	3	1569
1566	1	3568
3511	3	114
575	1	3581
2488	1	3569
3060	3	2245
2489	1	3630
3206	3	1605
2576	3	1623
3351	3	1658
1060	3	2411
2105	3	2120
1485	1	3631
2162	1	3574
2754	1	3602
2998	3	3325
3384	1	3584
1469	3	2240
193	1	3574
2795	1	3665
975	1	3568
2901	1	3568
674	3	3026
2154	1	3584
2856	3	937
2448	3	5
1897	1	3569
1671	1	3568
328	1	3589
540	3	1146
186	3	308
2880	3	3094
1357	3	2661
765	3	1469
1798	3	1772
2264	1	3657
458	3	2312
1937	1	3601
51	3	1986
1549	1	3568
3126	3	1493
3179	3	2261
3529	3	1060
933	1	3602
1507	3	2544
2251	3	2937
3234	3	2006
633	1	3593
258	1	3572
1033	1	3607
2730	3	3369
1363	1	3580
3310	3	3237
2145	1	3574
3367	1	3584
2013	3	2434
554	1	3569
607	3	2720
2363	3	69
1654	1	3568
2599	3	2564
2956	3	511
3289	3	1583
1668	1	3584
2719	1	3574
2367	3	592
1138	3	270
3207	1	3612
1612	3	501
2250	1	3574
571	3	2652
2495	1	3632
2852	3	2406
3511	3	2692
764	1	3620
2831	3	3549
686	3	3488
3224	3	251
1784	3	376
352	1	3649
537	1	3569
1312	1	3604
1190	1	3593
2963	3	39
3332	3	2663
429	1	3574
152	3	308
1080	3	2459
2708	3	1044
2702	1	3574
2376	3	33
3255	3	58
3346	3	427
893	3	3221
268	3	3440
2449	3	745
695	3	91
1450	1	3728
2233	1	3574
3008	1	3609
1316	3	1012
200	3	1814
1665	3	114
1764	1	3574
175	3	2434
2225	1	3584
2736	3	3371
1748	3	493
1071	3	550
1743	3	3100
1369	3	275
1022	3	2749
1263	1	3709
576	3	2273
520	1	3569
2736	3	338
2821	1	3590
333	3	3438
2338	1	3574
412	1	3574
2291	1	3613
3404	3	849
2259	3	1748
1150	3	1698
2504	3	86
2788	3	2603
2216	1	3574
24	3	2833
2719	3	2815
2427	3	3352
2935	3	2569
2691	1	3600
3276	3	3395
1807	3	3037
3317	1	3605
3395	1	3590
986	1	3574
1747	1	3574
155	3	2089
625	1	3569
2690	1	3569
2984	1	3680
2350	3	2820
345	3	1857
1909	1	3636
2030	3	824
130	1	3602
2804	1	3590
828	3	3004
395	1	3574
2321	1	3574
1146	3	744
3530	1	3572
1199	1	3569
2566	3	295
2487	3	86
3158	3	131
1616	3	2289
304	3	2497
3056	3	1754
2156	3	3243
2287	1	3598
3504	3	2143
15	3	143
1165	1	3593
1929	3	384
543	3	1748
969	1	3574
1720	3	744
71	3	1639
1613	1	3572
2699	3	3026
608	1	3569
276	1	3665
3403	3	2663
493	3	1089
66	1	3611
401	3	114
1905	1	3591
2097	3	2398
3495	3	1194
210	3	1441
869	1	3754
2125	1	3713
3478	1	3568
884	3	2759
2304	1	3574
378	1	3574
3015	3	1849
493	1	3645
940	1	3620
1557	1	3590
3482	1	3738
1330	3	2646
2018	1	3581
2907	3	2820
2217	3	38
3085	3	1462
1816	3	384
2961	1	3576
484	3	1432
3521	3	985
2600	1	3571
674	1	3571
2745	1	3624
2255	3	3375
3061	1	3581
3128	3	1839
848	1	3584
1986	3	3200
2592	1	3581
666	1	3581
725	3	186
2100	3	2312
2875	3	2347
3337	3	2418
3138	1	3709
2255	1	3679
1139	3	3043
961	1	3574
2591	3	769
2328	1	3637
3245	3	100
1240	1	3581
1179	1	3585
1555	3	2595
3152	3	2683
1123	3	3299
3238	3	2794
3449	3	2347
2378	3	2652
3467	3	870
2221	3	2086
2628	1	3619
351	3	3373
771	1	3581
266	3	1546
1210	3	465
3017	3	197
3221	3	2444
3546	3	1654
3162	1	3587
115	3	1242
673	3	3182
2128	1	3606
1498	1	3624
649	1	3581
3436	3	2167
15	3	2721
237	3	683
2275	1	3572
1645	1	3590
2216	3	1660
122	3	2628
2739	3	2253
1342	3	338
3349	1	3585
689	1	3613
944	1	3574
1430	1	3699
2559	1	3575
248	3	1721
2975	1	3568
3402	3	292
3228	3	100
1223	1	3581
907	1	3624
1302	3	100
1081	1	3637
754	1	3581
3415	1	3614
3560	1	3667
526	3	943
2711	1	3624
125	1	3660
2952	3	3002
3549	1	3568
2919	1	3586
81	3	471
3104	3	3169
1822	1	3696
1481	1	3624
632	1	3581
1751	3	870
2111	1	3606
2558	1	3581
345	1	3584
1628	1	3590
3080	1	3568
993	3	2878
2773	3	721
2306	3	813
843	3	3180
2958	1	3568
83	1	3694
3349	3	3257
1050	3	1372
2041	1	3589
2109	3	1116
2786	3	2779
41	3	418
1037	1	3590
1667	1	3572
2288	3	3229
2925	3	107
737	1	3581
2176	1	3604
3054	1	3584
437	1	3572
457	3	1869
1258	3	1345
1659	1	3582
3532	1	3568
3087	3	3169
2916	1	3602
3260	3	1610
2332	3	604
222	1	3681
389	1	3580
1650	3	460
1854	3	2707
1918	3	1130
1388	3	3405
3063	1	3568
161	3	2030
1311	1	3581
1594	3	2347
1648	3	3176
2450	3	3258
1830	3	325
2036	3	765
3390	3	1226
2051	3	299
1300	3	2600
2640	3	3026
54	3	3062
1059	3	813
2230	3	3519
455	1	3609
1719	3	2850
347	1	3614
136	3	1690
1846	3	1936
215	3	1546
2069	3	3312
2792	3	358
1750	3	3067
568	3	2706
3294	3	78
3046	1	3568
1116	3	2690
2175	3	2434
1281	3	1377
1098	3	1370
716	1	3569
1441	3	210
2353	3	2796
2585	3	2869
2302	3	3221
1790	1	3582
2076	3	3220
2566	3	1852
254	3	12
695	3	3287
2786	1	3591
1129	1	3568
499	1	3586
1913	3	3157
1992	3	3366
2412	1	3574
1954	3	3220
1868	3	979
599	1	3591
1875	3	3011
2960	3	2722
2454	3	2273
457	3	1064
136	3	2979
299	1	3582
1187	3	3495
2122	3	1262
1223	3	3357
1156	3	1409
2036	3	2993
492	1	3657
2470	3	2956
2476	3	955
2439	3	870
1703	1	3568
2018	3	2582
206	3	2239
1527	3	1092
3465	3	107
3400	1	3604
1948	1	3626
22	1	3626
2081	3	974
2319	3	2416
867	3	2438
2515	3	937
645	3	2786
292	3	1447
2395	1	3574
2586	3	611
3087	3	270
547	3	1381
744	3	1596
1559	3	2444
804	1	3569
2422	3	2560
134	1	3585
956	1	3581
1258	3	1829
1437	3	1134
1089	3	3002
753	3	3131
1686	1	3568
294	3	1889
1056	1	3586
1667	3	1658
2639	1	3601
2653	1	3617
1578	1	3573
420	1	3706
2969	1	3574
1296	3	2914
2500	1	3574
2853	3	2189
3288	3	2758
3479	3	2576
3540	3	324
1821	3	3067
2574	1	3593
1104	3	2311
2378	1	3574
3200	1	3570
3182	1	3569
699	3	2652
3224	3	548
2073	3	583
2362	3	493
2037	3	2794
650	3	2407
787	1	3569
2260	3	2450
2865	1	3581
2268	3	571
1072	3	3002
1669	1	3568
2815	3	1658
2952	1	3574
2798	3	2032
2591	1	3569
665	1	3569
2724	3	2024
439	1	3568
2483	1	3574
1452	3	601
283	3	3079
1997	3	668
2153	2	4011
1479	1	3575
1666	3	1017
1146	3	2785
2735	1	3591
1606	3	2189
635	3	1381
3196	3	3072
2361	1	3574
405	1	3592
3183	1	3570
2957	1	3569
1690	3	3174
1774	1	3568
1944	3	3283
2018	3	2127
2215	3	1062
375	2	3802
1493	3	105
770	1	3569
2512	3	373
3517	1	3713
3287	3	1721
228	1	3611
1720	3	2785
1593	1	3626
328	3	279
2850	3	1820
696	3	799
1740	1	3592
3423	3	275
422	1	3568
1291	3	1908
2189	3	2560
2466	1	3574
1028	1	3612
2175	3	1763
3225	3	1673
289	3	658
1098	3	699
1624	3	1637
612	1	3854
3062	1	3580
3498	3	2563
2606	1	3611
3402	3	105
2260	3	1645
544	3	592
3193	3	465
2924	3	3296
6	1	3585
943	3	3372
541	1	3584
2531	1	3572
1402	3	2170
1276	1	3617
2619	1	3596
3566	3	3259
880	3	1947
793	1	3601
2312	3	1658
1123	1	3574
1609	1	3699
419	1	3584
611	1	3598
934	3	1086
1060	3	2976
119	1	3575
884	3	2117
2827	1	3569
3488	1	3574
858	1	3569
1272	3	2180
3045	1	3580
2097	3	2695
2069	3	897
2653	3	3423
330	3	3174
1086	3	1828
2117	3	165
2142	1	3636
532	1	3574
3163	3	2143
3037	1	3590
451	1	3626
1433	3	2737
3486	3	2907
1729	3	3515
41	1	3568
1611	3	3099
1986	3	114
2136	3	3431
2255	1	3626
982	3	2424
870	3	2815
1106	1	3574
1881	1	3609
2165	3	2981
2328	1	3584
590	3	2720
25	3	2386
1667	3	3431
102	1	3575
2850	1	3571
3137	1	3568
3323	3	404
1992	3	951
2952	3	1660
3372	3	1588
3440	3	1698
2728	1	3571
531	3	2629
2442	3	1597
589	1	3582
2748	3	2796
1505	3	1102
2720	1	3581
1329	1	3580
220	3	1004
2915	1	3569
24	1	3568
989	1	3569
3447	1	3624
1089	1	3574
1406	3	1535
2372	1	3580
2298	1	3572
3096	3	703
3133	1	3580
2801	3	1706
2928	3	38
620	1	3574
699	3	2920
765	1	3627
1081	1	3584
1560	3	3123
2087	1	3840
2685	1	3574
3093	3	1725
1373	3	2165
3173	1	3612
3434	3	1797
54	3	3225
2209	3	1089
1599	3	3094
125	1	3607
2485	1	3570
3282	3	2641
2927	3	2815
1094	1	3569
864	1	3601
3165	3	2005
2198	3	1546
1194	1	3574
143	3	2721
564	1	3592
1294	3	3440
125	3	647
376	3	2855
2089	3	945
1012	1	3571
1702	3	2663
335	1	3628
2855	3	3238
2264	3	3463
2898	1	3569
3221	3	647
3417	1	4003
49	3	355
494	1	3754
733	3	21
1264	1	3588
1962	3	343
564	3	1194
1865	3	2167
1739	1	3614
3190	1	3588
2805	3	135
2733	3	3238
603	1	3574
617	1	3609
638	3	1758
1210	3	2051
1688	3	2422
2031	3	3514
2105	3	3169
2531	3	1658
2747	1	3783
882	1	3581
3360	3	2522
458	3	2422
1373	3	3454
3112	1	3568
2431	1	4030
2326	1	3626
400	1	3626
2360	1	3575
3326	3	647
1177	1	3574
3208	1	3568
1252	3	3306
398	3	561
734	1	3769
3015	3	186
3443	3	1588
251	1	3753
2313	3	109
547	3	1194
864	3	2492
505	3	289
2897	3	2399
1373	3	1360
756	3	53
763	3	3365
1682	3	3257
2022	3	471
2438	3	1911
2732	3	2022
3087	3	1022
1641	3	161
2497	3	1072
1865	1	3568
2541	3	1480
1178	3	2132
978	1	3571
2229	3	3210
874	1	3581
861	1	3569
1493	3	1073
2939	1	3581
3169	3	1370
1194	3	2815
3230	3	3067
2782	3	234
1512	3	2275
2850	3	344
2286	3	1704
2341	3	3139
481	3	2229
1748	1	3590
1448	1	3581
943	3	1546
603	3	2815
293	3	2385
2633	3	361
696	3	2706
2130	3	3437
670	3	821
2222	1	3585
2327	3	1208
1848	1	3568
396	1	3590
1706	1	3624
2770	1	3569
735	1	3570
2780	3	300
1392	3	2717
1872	3	136
3102	3	2963
3332	3	679
1060	3	561
1632	3	854
2105	3	270
3076	3	1078
864	3	1687
1403	3	1300
3013	3	2097
398	3	3139
3310	3	3481
1759	3	1641
295	3	3402
1872	3	3519
1431	1	3581
2786	3	3210
842	3	325
384	3	1588
27	1	3568
2065	3	2840
219	3	1211
418	3	3257
2121	3	3191
2593	3	2001
3027	1	3581
262	3	1588
145	3	1778
2438	3	2045
97	3	1211
1012	3	344
901	1	3577
1689	1	3624
2753	1	3569
2118	3	2857
1160	3	2815
2395	3	2254
2876	3	1424
3046	1	3649
1386	3	1300
2071	3	2717
2642	3	1259
2136	1	3572
165	3	187
154	3	280
3486	3	358
399	3	2590
1306	1	3586
2856	3	376
2641	3	3282
3206	1	3600
932	1	3569
15	1	3590
180	3	3104
1291	3	3010
2578	3	1857
773	3	3546
1814	1	3568
3334	3	2410
497	1	3575
3527	3	465
1157	3	376
3311	3	1798
972	1	3601
2219	3	3273
2824	1	3593
2815	3	1016
2195	1	3672
1854	1	3600
1835	3	1690
2309	3	1712
2821	3	1278
3510	1	3573
1811	3	2162
3401	3	3045
878	3	2618
2493	2	3999
2307	1	3601
2766	3	3226
1919	1	3568
602	1	3575
1769	3	533
2165	3	2794
2841	1	3569
904	3	1470
892	3	3209
3244	3	1698
1812	1	3634
2693	1	3572
1334	3	482
480	1	3575
441	3	1751
600	3	2230
1368	3	1044
955	1	3601
1605	3	1880
2591	3	1468
2807	1	3593
1285	1	3574
1056	3	2774
1503	3	2749
472	1	3585
2611	1	3574
1837	1	3600
1923	3	1340
2685	3	3110
2785	3	2149
2761	3	3375
98	1	3568
3526	3	2989
3169	3	699
2315	1	3735
3381	1	3593
694	1	3574
1313	1	3649
315	3	3429
558	3	1911
376	3	2318
1650	1	3581
574	3	695
233	3	623
469	3	1045
2544	3	1857
2572	1	3582
2389	1	3575
1820	3	3060
1937	3	618
3147	3	2367
1268	1	3574
3200	3	691
351	1	3595
1126	1	3630
347	3	3471
1875	3	1698
2007	1	3568
81	1	3568
2210	3	1872
2972	1	3569
3025	3	2720
1845	3	3026
3000	3	3340
39	3	2544
375	3	917
1690	3	2316
245	3	1486
1051	1	3591
1053	3	921
1826	1	3626
325	3	1756
2530	1	3616
2000	1	3639
988	3	2993
1429	3	1350
1929	3	1567
273	1	3767
1043	1	3601
1843	3	3298
2193	3	2097
2540	3	2976
932	3	716
2765	3	491
3546	1	3569
3077	1	3569
186	1	3568
1625	1	3591
3464	1	3571
3177	1	3574
1251	1	3574
2627	3	525
1767	3	2827
2417	3	3298
2995	1	3571
2360	3	1017
1006	3	1310
2955	1	3569
782	1	3574
2486	1	3569
3362	3	1186
404	1	3609
3067	3	161
2586	1	3574
2319	3	2981
145	1	3663
513	3	92
44	2	3654
2129	1	3753
2697	3	3168
3529	1	3569
1356	1	3574
3116	3	1345
2138	1	3568
879	3	2927
2394	1	3725
1582	3	813
3313	1	3617
1660	1	3753
3060	1	3569
493	3	3561
1202	1	3679
85	3	1875
2607	3	3416
2950	3	1290
1234	1	3574
2150	3	1875
3160	1	3574
2192	3	2544
2498	3	2815
884	3	1259
207	3	1316
765	1	3574
1876	3	1863
1570	3	3491
2693	3	1658
1721	1	3581
3226	3	3464
633	3	2434
2243	1	3568
3050	3	161
509	3	1211
1310	3	687
2569	1	3574
758	1	3645
1239	1	3569
1901	3	109
2488	1	3626
3165	1	3569
1378	3	444
3183	3	2919
56	1	3568
432	3	2578
1339	1	3574
3258	3	679
2116	3	939
3310	3	2005
2355	3	1880
1847	3	2663
633	3	3373
2754	1	3659
3043	1	3569
3206	1	3624
2737	3	2416
2120	3	1109
1813	1	3569
1576	3	2204
648	1	3569
2464	3	2454
2574	1	3569
737	3	2582
328	1	3646
2058	3	1435
2492	3	1398
2721	3	2672
750	3	904
2078	3	1924
2747	1	3730
2799	3	2275
2901	3	1227
721	3	2838
642	3	1875
2226	1	3568
3448	1	3578
2070	3	3079
2622	3	3458
3148	1	3569
1198	3	704
888	1	3611
602	3	1637
2264	3	1316
1972	3	1853
2327	1	3577
1763	3	1068
3291	3	1721
748	3	1751
3066	1	3571
616	3	3373
2001	3	1403
3026	1	3569
853	1	3574
2653	3	821
3114	1	3593
3377	3	2445
2707	3	1650
440	3	824
565	1	3725
1796	1	3569
2557	1	3569
285	3	114
1429	3	2773
239	3	2658
405	1	3568
1810	1	3585
1857	3	1929
249	3	3079
2298	3	2006
1427	1	3574
614	3	56
2209	1	3568
765	3	2815
1679	3	254
3131	1	3569
1205	1	3569
2023	1	3580
1393	1	3598
2056	3	744
3266	1	3584
2650	1	3618
836	1	3574
3097	1	3593
2941	3	3104
1187	3	2450
2777	1	3670
288	3	1192
3251	3	1090
1497	3	436
537	1	3626
1867	1	3593
388	1	3568
2834	3	1271
2897	1	3589
259	3	3126
210	1	3570
1381	3	687
2918	3	2492
2995	3	344
49	3	2880
3096	3	1134
3379	1	3574
529	1	3636
640	3	1157
1088	3	1546
3520	3	2749
878	3	1492
2406	3	2145
189	3	3288
3423	3	2129
3056	3	2616
3516	1	3637
2643	3	729
961	3	3035
2628	3	2915
1089	2	3826
1906	1	3575
1914	3	1712
344	3	564
2367	1	3585
2902	1	3584
2205	3	2289
3076	3	86
80	1	3580
1884	1	3569
1993	1	3568
1340	3	3226
2298	3	262
2956	3	2796
2660	1	3665
2117	3	3174
1558	1	3574
2189	3	1381
2465	3	2616
2741	3	1760
38	3	3131
3255	1	3610
13	3	1852
267	1	3578
215	3	3079
3079	3	1134
2267	3	1559
802	3	2714
3239	3	529
1576	1	3581
1380	3	1370
889	1	3570
1540	3	3209
2273	3	1821
185	1	3580
3294	3	1611
458	3	2853
1771	1	3569
2540	3	561
2645	3	2110
3012	3	125
926	3	904
1807	3	3094
2247	3	511
2357	3	1116
2877	3	493
2333	3	1588
1729	3	1047
2610	3	3237
3172	1	3581
1045	3	3044
1829	3	86
3351	3	105
1469	3	687
1541	1	3574
1187	3	1645
294	3	1194
3138	3	1234
143	1	3614
3349	3	1541
2221	3	2009
526	3	3549
466	3	749
337	3	1924
1072	1	3574
2117	3	2019
2918	3	1687
1725	3	1227
691	3	1072
2765	3	2398
1613	3	1073
583	1	3660
2450	3	603
1223	3	2446
1715	3	25
1164	1	3589
682	1	3813
2445	3	3210
2721	1	3618
279	3	3174
1646	1	3574
3110	3	196
942	1	3584
3438	1	3593
2134	3	2749
3100	3	1438
1992	3	2805
3450	1	3574
2999	3	3475
198	3	3237
830	1	3604
1926	3	107
1875	3	2450
1995	3	2722
3341	3	1356
1767	3	1701
2815	2	3744
1516	1	3584
768	3	3067
309	3	1825
295	3	2544
1977	1	3575
547	3	2914
1422	3	1234
2064	1	3568
161	3	664
450	3	574
1041	1	3686
2112	1	3590
1521	3	1387
439	1	3812
1812	1	3581
2819	1	3689
341	3	939
1629	1	3574
2515	3	376
3504	3	3489
1940	3	1637
652	1	3622
2043	1	3604
521	1	3585
2565	1	3591
949	3	2404
1365	3	646
38	1	3569
458	3	2987
813	1	3604
2404	3	1211
2319	3	2794
2129	3	229
915	3	939
3147	1	3581
1965	3	1603
2217	1	3590
1416	3	2497
1660	3	229
1213	1	3591
2075	3	2029
3467	3	3371
773	2	3776
2469	3	1179
696	3	1043
683	1	3614
2578	3	3443
1093	3	712
2644	1	3624
1795	1	3581
2728	3	344
1612	1	3574
1350	3	3182
135	3	68
1653	1	3637
1075	3	2200
2862	1	3635
1175	3	485
2160	3	221
3226	3	3277
1184	1	3637
21	1	3569
535	3	465
1875	3	1645
35	1	3585
635	3	2914
1654	3	1845
1278	1	3589
1908	1	3571
1766	1	3627
244	3	3271
250	3	725
1900	1	3581
1403	3	3020
1073	3	603
2000	1	3586
930	3	2497
988	3	2940
3053	3	2186
609	1	3585
1767	3	1835
1169	3	1748
235	1	3568
1379	3	638
2485	3	343
2308	3	951
3023	3	3514
2229	3	742
3404	1	3572
2407	3	3548
487	1	3585
3222	1	3569
1009	1	3572
2982	3	2670
1409	1	3586
1978	3	1917
1441	3	1072
2892	3	444
258	3	105
2688	3	671
35	3	3257
1823	3	854
3473	3	373
1883	1	3581
2981	3	2441
986	3	3006
282	3	2262
1583	1	3572
1696	3	1006
3540	1	3615
925	2	3892
3136	3	471
3234	3	2815
3536	3	3491
218	1	3568
410	1	3582
3387	1	3572
3505	1	3578
559	3	878
3205	1	3569
86	3	3182
1702	3	679
2288	1	3590
1000	3	1709
1462	3	3470
2214	1	3582
1988	1	3581
62	1	3581
1751	3	2216
1284	1	3591
2736	1	3569
3546	3	1845
1805	3	1355
3049	3	1211
716	3	131
1966	3	2693
1866	1	3581
1236	1	3599
2641	1	3616
61	3	15
2374	3	3023
2388	1	3568
1598	3	130
2619	3	1418
2651	3	1666
3271	1	3598
1378	3	2835
575	1	3585
1397	1	3581
1957	3	2097
3310	1	3569
664	3	2598
3357	3	1913
3402	3	2927
192	3	3243
376	3	2749
167	1	3581
2183	3	2481
2836	3	1751
2754	1	3606
2512	3	2040
3143	3	2628
3188	1	3569
1228	3	457
1797	1	3568
2522	3	17
492	3	219
1971	1	3581
1450	1	3598
2312	3	2036
1267	1	3591
1379	3	772
1671	1	3572
1527	3	3243
1278	3	1702
2371	1	3568
2412	1	3631
533	3	1221
933	1	3606
3155	3	1047
3293	1	3569
3210	3	2482
3176	3	3287
344	3	1316
1901	3	1345
2042	3	1049
594	3	666
2232	3	1924
2369	1	3840
216	3	3306
2056	3	2785
1893	3	1355
323	3	207
1172	3	2149
2835	3	2434
3013	3	2796
1146	1	3601
1654	1	3572
2446	2	4014
3447	3	2005
3305	3	2815
2162	3	2661
3541	1	3574
2545	3	3402
289	1	3568
1439	1	3681
2006	3	1345
2354	1	3568
1054	3	2672
2283	3	742
2474	1	3840
2067	1	3571
2198	3	3079
1233	3	813
37	1	3581
2835	3	3373
3142	1	3615
1720	1	3601
3276	1	3569
3317	1	3632
1086	3	3495
2209	3	3561
316	1	3588
133	1	3581
29	1	3591
1936	3	2435
3314	3	1317
301	3	2258
3242	1	3593
2942	1	3584
756	1	3634
1359	1	3569
99	3	1234
1755	3	3459
3454	3	3067
1725	1	3596
246	1	3571
884	3	1690
3524	1	3574
84	3	376
3303	1	3774
3349	3	1704
3055	1	3574
1314	1	3686
120	3	2693
869	1	3624
795	1	3616
1933	1	3569
95	3	1414
646	3	1187
931	3	2590
857	3	2582
3018	3	2417
312	1	3600
135	3	1625
12	3	254
2718	1	3672
2981	3	1770
3300	1	3632
1742	1	3572
2208	3	2345
2116	3	1370
2353	3	2398
1106	3	2254
1342	1	3569
2625	1	3575
1387	3	1821
1392	3	2022
2038	1	3569
837	3	3018
2192	3	1820
3038	1	3574
2991	1	3613
207	3	592
1017	3	2327
1412	1	3757
1916	1	3569
742	3	1345
525	1	3568
1671	3	1658
1808	1	3574
2838	1	3570
3030	1	3584
2985	3	953
1447	1	3569
1769	3	643
1592	1	3622
3495	3	2815
2982	1	3592
952	1	3602
22	2	3638
3243	2	3804
2608	1	3575
3143	1	3574
1217	1	3574
714	3	307
930	1	3577
1228	3	2230
287	3	1212
1350	3	2995
2021	1	3569
2071	3	2022
2903	1	3568
1427	3	668
1428	3	3173
3204	1	3581
2314	1	3649
1899	1	3569
3372	3	2450
725	3	1345
239	3	56
1102	3	1279
1654	3	1658
1791	1	3574
1982	3	611
1430	1	3569
1742	3	3402
66	1	3615
1921	3	2297
2324	4	2453
200	1	3569
2143	3	3067
1228	3	136
1082	1	3568
1912	3	1701
1865	3	1740
1200	1	3574
3126	1	3574
1124	3	547
466	1	3602
419	1	3641
78	1	3569
948	3	1761
2004	1	3569
2523	3	3110
613	1	3568
370	3	251
2018	1	3585
711	1	3660
824	3	3346
2566	3	1588
2827	1	3626
1846	3	3550
1417	3	1536
2030	3	3056
3126	3	1176
715	3	493
2791	3	324
920	3	902
1670	1	3584
1487	1	3577
652	1	3569
1815	1	3637
2006	3	674
2696	1	3575
1068	3	3373
666	1	3585
3365	3	427
3551	3	3454
517	3	1156
2757	3	1935
183	1	3569
723	3	98
1667	3	105
697	3	465
2397	1	3627
3239	3	21
468	3	3002
473	3	3203
305	3	818
1065	1	3568
187	3	402
2874	3	3229
3109	1	3574
3292	1	3581
2362	1	3590
1534	3	2450
2030	3	3406
1134	3	3402
787	3	1712
596	1	3568
3441	3	877
2133	1	3683
1768	3	689
2275	3	3464
2445	3	2352
2944	1	3580
3306	3	2555
3405	1	3571
1323	1	3611
2947	1	3689
1648	3	602
1484	1	3593
1471	1	3581
186	3	2219
1290	3	904
1316	3	345
166	1	3569
941	1	3604
2768	1	3660
135	3	3398
680	3	465
1127	3	440
2014	3	3437
1286	3	1673
3275	1	3581
1766	1	3574
2562	3	2512
514	3	1747
1934	3	3550
1268	3	1262
2630	3	2622
3194	3	1262
2058	1	3593
954	1	3589
1428	1	3611
2045	1	3581
2407	3	2556
3443	3	2450
3479	3	2312
793	3	455
2982	3	1678
2304	3	375
1912	3	1835
21	3	529
268	3	679
533	3	95
271	1	3569
3372	3	2934
3549	1	3572
1862	3	1176
42	3	325
2480	3	645
706	1	3593
390	1	3636
1134	3	1658
1339	3	347
432	3	2688
1167	1	3584
598	3	63
1530	3	1475
1645	3	1546
1979	3	2470
2562	3	418
382	3	2029
3070	3	389
1849	3	3440
1894	1	3627
2985	1	3619
1567	1	3571
3446	1	3610
1616	3	683
2130	3	3360
2610	3	1924
2320	1	3600
737	1	3585
1559	1	3581
778	1	3648
825	3	1992
2770	3	155
3532	1	3572
596	1	3702
1805	3	363
881	3	3488
1319	1	3575
743	3	1085
1899	3	2005
2141	1	3571
1683	3	3217
1847	3	679
2365	3	2216
2761	1	3707
2779	3	1690
1672	1	3571
1311	1	3585
2994	3	2167
3244	3	3015
1464	3	2920
1596	3	1854
842	1	3585
2485	3	2518
1999	3	1229
2262	3	1698
1296	3	1845
2983	3	904
3103	1	3604
338	3	1611
1067	3	2291
1724	1	3584
643	3	2749
3348	1	3662
3476	1	3571
1424	1	3575
794	1	3593
2004	3	2005
1542	1	3581
33	1	3574
3423	3	950
1045	3	3020
1242	1	3572
384	3	2450
3128	1	3570
1309	3	3550
2836	3	1698
2192	3	344
1541	3	1179
1869	3	1239
2318	3	161
2522	3	2408
130	1	3635
2749	3	571
387	3	869
1141	3	1721
2779	3	2979
3421	1	3593
156	3	295
210	3	1124
1461	3	128
2012	1	3591
2714	3	1698
678	1	3619
265	3	115
2474	3	3325
898	3	1370
2508	3	2167
3012	1	3596
1820	3	405
485	1	3574
1989	3	2097
2229	1	3571
1525	1	3581
865	1	3617
16	1	3574
2546	3	3252
3438	1	3569
136	3	2983
366	3	699
1996	3	3540
2359	3	2294
67	3	2441
78	3	96
2438	3	813
2352	3	2544
2794	3	2318
1527	3	3540
2104	3	1609
687	3	2167
561	3	1243
3323	3	3173
1995	1	3591
69	1	3591
604	1	3590
1845	3	1310
2688	3	3546
246	3	2275
2419	3	3179
2261	1	3624
3399	1	3577
3099	1	3568
1876	3	363
834	3	3072
182	1	3581
2095	1	3569
1150	3	1865
2508	3	1012
2090	3	587
102	3	3357
3543	3	107
25	3	3061
2508	1	3568
1056	1	3590
2333	3	1698
15	3	2404
295	1	3571
3430	1	3569
1395	1	3570
1978	1	3591
614	1	3637
377	3	3026
287	1	3581
687	3	1012
1871	1	3657
1535	1	3786
1567	3	344
1904	3	821
2948	1	3614
3052	1	3604
1899	3	3428
3082	1	3568
2531	3	105
3200	1	3574
165	1	3581
1823	3	2574
2078	1	3569
897	3	3342
70	1	3598
116	3	191
2415	3	3164
801	3	1608
131	3	813
1609	1	3569
1051	3	958
763	3	1462
1360	3	2855
1453	1	3609
2515	3	3169
2491	1	3568
1231	1	3604
2121	1	3710
944	1	3607
2336	1	3612
3413	1	3569
3487	1	3577
340	3	2537
1261	1	3568
597	1	3637
1886	3	3012
1086	3	1698
2022	1	3568
1625	3	3210
1119	1	3624
2275	3	2927
2545	3	2544
415	1	3634
2728	3	2198
3195	3	1352
3110	3	1245
3065	1	3568
1638	1	3705
1089	3	1262
667	1	3651
2361	1	3578
3183	1	3574
1682	3	1704
2061	1	3569
3445	1	3611
2596	1	3568
670	1	3568
1144	1	3590
844	1	3581
528	1	3624
1592	1	3569
140	1	3591
2841	1	3626
3447	1	3626
2693	3	292
1692	1	3574
2941	3	2193
2393	1	3620
2366	1	3573
3396	1	3569
3170	1	3568
1244	1	3568
928	1	3611
2040	3	1752
3288	1	3574
3485	3	2582
253	1	3581
292	2	3777
2166	1	3569
2582	3	3373
775	1	3568
1734	3	1492
1060	3	1102
3048	1	3568
1697	1	3569
205	1	3589
2940	1	3573
1725	1	3677
161	3	2652
1843	1	3683
2579	1	3568
653	1	3568
2234	3	3372
3158	1	3584
3338	2	4084
827	1	3581
322	3	1546
960	3	2036
2196	3	3226
3075	3	2497
2189	3	2914
645	1	3578
2610	1	3785
1435	3	955
338	3	2229
3387	3	1150
3466	3	1359
3453	1	3577
2647	3	3371
648	3	3215
879	3	1345
1353	1	3738
1227	1	3568
59	1	3633
67	3	1770
1223	3	2690
1754	3	2920
1241	1	3584
2337	3	2941
236	1	3581
2149	1	3569
1045	3	1194
1296	3	3402
2585	3	108
758	1	3568
3292	3	33
2171	3	2533
2489	1	3610
2936	1	3585
2415	1	3602
2313	3	1134
2515	3	270
2115	1	3593
2562	1	3568
198	3	3481
1815	1	3584
1179	3	1704
589	3	91
702	1	3586
1332	1	3568
328	1	3569
14	3	1908
305	3	765
2373	1	3636
3269	3	2023
1928	1	3574
3254	1	3574
3205	3	3402
2220	1	3593
741	1	3568
1852	3	1857
7	1	3596
1690	3	279
2137	3	1008
1663	1	3569
3102	1	3592
1528	3	2320
2098	1	3593
261	3	1852
1798	1	3584
3094	1	3602
1701	3	1317
1818	3	1881
1703	1	3601
2642	3	645
1315	1	3568
3010	3	2663
2946	3	70
964	3	647
311	1	3569
3473	3	1422
2647	3	2566
3205	1	3679
303	3	1387
459	1	3596
1911	1	3574
2723	1	3724
724	1	3568
681	1	3574
1344	3	720
1903	1	3584
839	3	2022
3297	3	2256
2121	3	1422
320	1	3569
1766	3	1315
18	3	3367
1420	1	3568
1957	3	2796
2385	1	3569
2155	1	3601
3173	1	3616
2485	1	3574
3057	1	3867
3260	1	3609
87	1	3657
1781	1	3584
2303	1	3571
3015	3	1345
2016	1	3574
90	1	3574
3020	3	1546
1312	1	3584
482	2	3823
382	1	3593
2953	3	1671
3379	3	1880
1337	3	3010
3188	1	3679
1449	3	367
1894	1	3574
209	3	2198
3342	3	1176
1799	1	3591
2245	3	2450
2017	3	1429
664	1	3574
1425	1	3574
598	3	949
861	3	1418
1256	1	3602
1152	1	3612
1886	1	3584
3059	3	2456
1881	3	602
195	1	3574
768	3	2856
3486	1	3589
2468	1	3574
190	3	592
2609	3	2749
361	3	86
1208	3	2327
2360	1	3579
2482	1	3590
2613	1	3627
1992	3	1089
3331	1	3633
1999	1	3574
73	1	3574
2821	1	3570
2465	3	95
714	3	2966
3321	3	1006
1050	3	1673
2075	3	1468
1149	1	3853
65	1	3584
1866	3	2582
1287	1	3594
553	1	3622
1992	1	3645
2019	3	3355
1796	1	3626
3138	2	3780
3248	1	3604
357	3	3131
1036	3	2596
647	1	3574
2573	1	3574
286	1	3569
937	3	2454
2227	3	1608
3087	3	3470
1499	3	3254
1104	3	1189
178	1	3574
1129	3	24
1400	1	3584
2151	3	2672
3273	1	3570
1882	1	3569
3131	1	3626
727	3	1638
1101	1	3636
1543	3	1736
1982	1	3574
801	1	3627
1065	3	1012
2127	1	3627
2333	3	2450
1106	3	1075
3144	3	2347
752	1	3574
48	1	3584
188	3	3317
1641	3	3548
2456	1	3569
3231	1	3604
143	3	2859
2482	3	229
2780	3	2398
3149	3	679
3464	3	1310
1348	1	3580
2124	3	531
2446	3	3194
2867	3	1637
2270	1	3581
161	1	3574
2864	3	939
2448	1	3590
212	3	2441
803	3	1863
1828	3	1658
1220	3	2610
2970	1	3577
1194	3	725
2440	1	3600
505	3	2521
735	1	3574
2470	3	2318
1086	3	2450
1650	3	2989
3550	3	3548
2439	1	3569
2788	3	1778
3050	3	1641
3214	1	3604
2993	3	114
897	1	3617
1103	3	3386
1313	3	2276
654	1	3637
1148	1	3573
2298	3	1258
2693	3	105
3483	3	1172
327	1	3581
1985	3	2574
144	1	3574
2845	1	3609
3365	3	403
805	3	436
1580	3	471
1771	1	3626
3416	3	2607
3519	3	1237
2186	3	1679
2633	3	1654
893	3	2180
577	3	2223
1542	1	3662
2333	3	1645
1992	3	1573
2653	1	3568
2727	1	3576
3042	3	2590
2511	1	3624
42	3	2045
3226	3	2850
614	1	3584
759	1	3637
949	3	3266
84	3	270
1358	3	1196
3495	3	3402
3093	1	3614
618	1	3754
2163	1	3623
2458	3	650
3227	1	3568
2536	1	3590
2310	1	3589
2796	3	2097
720	3	679
242	1	3645
1306	1	3590
2758	1	3568
3343	3	1111
887	3	2632
2518	3	2669
501	3	1546
3206	1	3604
1899	1	3679
3372	3	2560
2636	1	3568
2121	1	3657
423	1	3571
2047	1	3649
1386	3	1654
512	3	2584
597	1	3584
1083	1	3709
1086	3	1645
1564	1	3633
1027	3	1350
2306	3	2887
415	1	3581
2137	3	471
3511	3	846
1995	3	2779
548	3	3002
2454	3	1769
2337	3	3104
2350	3	1779
2935	3	939
2981	3	2014
3210	1	3568
610	1	3569
2260	3	2751
755	1	3622
807	3	2167
367	1	3589
2247	3	2796
3203	3	1992
2741	1	3568
305	3	578
2054	3	1940
589	3	3287
1687	3	2427
1456	3	1853
1845	3	802
1381	3	2167
2332	1	3571
2794	3	2749
2310	3	2480
2758	3	207
1078	3	1460
1169	3	3549
1978	3	2779
98	1	3572
920	1	3568
2176	1	3584
2359	1	3591
3272	3	440
1316	3	105
1835	3	2983
3371	3	2283
438	1	3613
3381	1	3597
2724	1	3568
2615	3	3040
64	1	3596
842	3	813
1656	3	1055
2018	3	3367
14	3	3010
3018	3	917
298	3	1555
2676	1	3576
1580	3	955
3064	3	1992
503	1	3581
1521	3	2733
2764	1	3600
3211	1	3575
1976	3	18
2490	3	2695
2758	1	3702
1760	1	3601
3298	1	3568
3375	3	3392
651	1	3608
1828	3	3431
666	3	3367
3013	3	491
2007	1	3572
903	1	3568
1720	3	992
2441	3	2097
2829	1	3568
533	3	3238
1197	3	163
2852	3	694
468	1	3574
2334	1	3601
691	3	1613
2585	3	3438
2707	1	3568
2835	3	1068
1343	1	3614
221	1	3609
2051	1	3774
133	3	1911
1165	3	854
2747	1	3600
461	3	864
1816	3	3076
186	1	3572
1817	1	3609
2442	3	609
458	3	2239
2073	1	3574
2473	1	3588
3060	3	78
526	1	3613
1740	3	532
2812	1	3568
886	1	3568
1369	3	68
1591	1	3619
672	1	3727
1250	3	3210
2537	3	3221
482	1	3569
1391	3	2722
2741	3	1496
3547	1	3601
2428	3	368
1016	3	2291
2850	3	1316
802	3	2450
3239	1	3602
2552	1	3591
2628	3	557
251	1	3570
1245	3	3194
402	3	548
234	3	2327
410	1	3639
3400	1	3584
3067	3	3548
2981	3	3437
2482	1	3753
3205	1	3626
1407	1	3709
330	3	1381
3424	3	3215
1841	3	2055
2056	1	3574
2172	3	561
931	3	1224
975	3	2386
1469	1	3568
2993	3	1671
1122	3	2352
1923	3	1828
2450	3	3372
1934	3	2855
465	1	3569
54	3	3176
1027	3	679
2971	1	3646
1022	3	1387
2630	1	3574
3465	1	3582
2232	3	3136
2343	1	3577
3310	1	3626
2161	1	3574
3375	3	493
384	3	2560
2230	3	600
1080	3	2386
3050	3	3548
3124	3	1112
1055	3	1107
2413	1	3591
1711	1	3867
3224	3	3561
1824	1	3672
2039	1	3574
262	3	2560
3526	3	1383
1734	3	2273
1689	3	1259
519	3	3131
1012	3	1316
1452	1	3568
192	1	3604
310	3	3491
2031	1	3584
1013	3	1377
3163	3	1639
1884	3	102
448	1	3569
1099	3	2454
1837	3	1286
2613	1	3574
156	3	1344
419	3	1813
2518	1	3591
3293	1	3626
3321	1	3572
888	1	3615
50	3	1262
896	3	1752
1514	1	3592
1842	1	3709
1410	1	3602
1522	3	2874
2007	3	1658
2144	1	3574
2185	1	3637
2758	3	2919
1695	3	3035
2038	3	1875
1658	3	3495
553	1	3569
784	1	3790
2631	1	3581
1288	1	3602
1654	3	292
825	3	2236
405	1	3572
1435	1	3568
3552	3	2113
1799	3	3210
2995	1	4059
993	3	1032
3226	3	2663
3464	3	3351
2249	1	3574
120	3	1461
323	1	3574
2209	1	3572
68	3	135
1546	3	308
1763	3	1422
1594	3	2595
2193	3	2935
3276	1	3626
2508	3	1122
1740	1	3572
1693	1	3611
1701	3	1748
2127	1	3574
807	3	691
2643	3	2827
2815	3	2927
2976	1	3617
2970	3	29
1495	3	3381
1022	3	1521
836	1	3578
1482	3	2262
536	1	3569
2614	1	3581
584	1	3591
1578	3	2070
1381	3	691
3006	3	3274
3471	3	2879
279	3	600
240	1	3730
188	1	3568
380	1	3582
1364	3	2785
306	1	3574
2232	1	3574
524	3	658
46	1	3624
2280	1	3596
362	3	979
973	1	3671
197	3	602
2649	3	2294
2078	1	3679
2306	1	3593
3155	1	3636
1186	3	3362
2743	3	1492
3013	3	1109
2704	3	3184
1134	3	2036
2929	3	2753
2068	3	3304
3041	3	53
880	1	3574
1769	3	2794
2046	1	3616
2672	1	3593
1871	3	56
1774	3	3378
501	3	2648
112	1	3626
152	3	1658
889	1	3574
1462	3	2856
2590	3	1224
3005	3	1705
2566	3	2450
438	3	870
2593	1	3569
2108	1	3640
3172	1	3585
1589	1	3570
959	1	3588
1944	3	3397
2733	3	640
3351	3	109
3534	3	116
344	3	1857
1059	1	3593
714	3	3397
298	1	3574
1653	3	951
2101	1	3711
2291	3	687
2548	1	3686
2647	3	2192
952	1	3659
1367	3	958
2445	3	2275
2275	3	943
1369	3	1625
395	1	3635
1847	1	3613
2355	1	3584
1055	3	436
2210	3	750
872	1	3574
998	3	2881
1694	1	3570
283	1	3655
2832	3	1553
1007	3	444
534	1	3611
1316	3	268
2576	1	3569
88	1	3697
1127	3	363
2191	3	308
2795	3	849
2463	3	592
3343	1	3614
2752	1	3839
2786	3	1417
248	3	1648
355	1	3582
2450	3	1546
281	1	3574
1564	1	3580
3429	3	2165
3006	3	375
3268	1	3575
2660	3	2156
393	3	1330
3401	3	2996
526	3	870
755	1	3569
1451	3	3468
2253	3	3550
2255	3	2497
3425	3	2345
1336	3	161
1296	3	3512
855	1	3574
22	3	1422
837	3	2270
2303	3	1176
1850	1	3731
673	1	3571
958	3	3357
1833	3	1734
2451	1	3574
1093	3	2810
3398	3	3237
602	3	1320
3052	3	1800
2915	3	3221
3289	3	384
860	1	3569
1510	3	703
183	1	3626
630	1	3601
2470	3	2749
2469	1	3581
27	3	3137
1934	3	2318
3113	3	1598
3147	1	3585
3366	1	3646
581	3	19
3495	3	2544
3499	3	3067
3387	3	105
1936	3	1821
738	1	3569
840	3	3348
3238	3	2855
67	3	3169
1660	1	3570
1912	3	603
269	1	3569
330	3	1194
26	1	3589
1908	3	3463
1652	1	3580
2434	1	3574
2210	3	884
3539	1	3582
2909	1	3600
2930	3	1749
1726	1	3599
2234	1	3570
843	1	3569
1618	1	3604
988	3	2005
3092	3	647
496	1	3599
2427	3	864
2979	3	1243
1832	1	3828
1143	3	1180
2647	1	3569
3483	1	3600
1854	3	540
3116	3	2451
2303	3	371
3257	3	465
3434	3	1911
860	3	208
1445	3	3340
3010	3	679
3438	3	2434
3339	1	3575
2520	3	2603
1104	3	3043
671	1	3613
1059	3	2029
1748	1	3570
2263	3	1072
2399	3	3209
744	3	234
3155	3	917
646	3	1862
3176	3	3157
2935	3	1370
209	3	2308
3329	2	4082
2705	1	3581
2193	3	2398
2988	3	2347
492	1	3584
204	3	2663
2642	3	2983
2175	1	3604
547	3	3402
9	1	3568
396	1	3570
1238	3	1109
2465	3	3238
1179	3	2887
410	1	3586
3421	3	2434
78	3	3402
3513	3	1719
2141	1	3628
1197	3	2338
2504	3	765
992	1	3576
809	1	3569
2776	3	1049
2697	3	86
2991	3	951
1941	1	3624
2736	1	3573
2783	3	1917
3497	1	3592
1569	3	3381
3421	3	3373
1614	1	3568
162	1	3590
67	3	270
1714	3	2327
3141	3	2190
2207	3	320
3319	3	832
501	1	3570
1178	3	1896
1866	1	3585
3050	3	2556
943	3	2815
3497	3	1194
3373	3	3381
1880	1	3601
248	2	3758
1908	3	564
2086	3	2616
239	3	381
1345	3	86
1397	1	3585
2556	3	2441
3434	3	1106
578	3	361
671	3	2504
1900	3	574
2017	3	384
3562	1	3590
2690	3	1288
1875	3	1194
93	1	3577
172	3	96
3262	1	3581
364	3	1076
405	3	2303
12	3	3157
2646	1	3615
2987	3	2070
3120	1	3637
389	3	839
1463	1	3614
671	3	3443
2333	3	2560
580	1	3584
1493	3	1187
1597	1	3568
4	3	2814
2928	1	3596
673	3	694
2264	1	3665
2519	1	3569
2671	1	3581
3382	3	1102
498	1	3586
3193	1	3568
2273	3	699
2523	3	402
2182	1	3667
1665	3	3371
2887	3	3381
1855	1	3611
2593	3	826
3245	1	3581
519	3	3428
2929	1	3624
1624	3	275
1854	1	3580
140	3	3210
2835	3	2438
3144	1	3700
1069	3	3523
450	3	1196
666	3	1704
1135	3	2613
2717	3	2022
371	1	3570
69	1	3648
1580	1	3568
2699	3	1611
1086	3	2560
1960	1	3611
2550	1	3591
1929	3	2352
963	1	3571
2259	3	1972
2418	3	3205
926	3	1660
3317	1	3636
433	1	3594
2346	1	3582
1151	1	3600
305	3	1493
1296	3	2036
836	3	188
2421	3	870
1685	1	3568
2759	1	3581
1165	3	2574
2025	1	3609
226	3	324
1468	1	3585
2704	3	2192
2831	3	524
1438	3	1576
2036	3	1310
2196	3	3149
1169	1	3637
2858	3	3026
1658	3	1698
3157	3	3357
2671	3	2068
1495	3	1234
2408	3	2353
1903	3	1756
1889	3	384
2857	3	3348
2001	3	2993
2037	3	2855
375	3	1486
1381	3	988
515	3	3392
3487	1	3634
793	3	1130
1444	3	3352
3339	1	3614
2111	3	3392
1303	1	3941
704	1	3601
435	3	1988
3224	3	1912
1482	3	465
1626	1	3602
1816	1	3568
490	3	979
2738	1	3569
3212	1	3591
1138	3	2856
2707	3	1146
3011	3	2842
2296	1	3616
1337	3	1294
2690	1	3577
1213	3	3481
1922	1	3599
1222	3	1044
2070	3	481
2908	1	3588
3312	1	3569
311	3	2434
279	3	2186
133	1	3719
161	3	1770
451	3	2286
2308	1	3570
2843	1	3569
359	3	204
719	3	2411
1391	1	3591
2706	3	155
2765	3	2349
1740	3	1447
51	3	384
893	3	2424
1017	1	3574
1839	1	3570
2595	3	1752
166	3	102
205	1	3646
2721	1	3569
1837	3	3006
548	1	3574
3346	3	3013
3028	3	2037
2402	3	1650
261	3	2714
1491	1	3569
1504	1	3581
800	1	3591
1583	3	2927
2252	1	3569
3535	1	3575
1781	3	2449
500	1	3582
2336	3	2937
354	3	3514
3453	1	3634
1904	1	3568
1090	3	1709
2240	3	658
466	1	3606
2826	1	3569
3549	3	105
2598	3	931
82	3	2096
1000	1	3574
348	2	3792
3488	3	299
524	3	1089
2415	1	3659
2656	3	2283
1740	3	292
2704	1	3569
3155	3	730
1487	1	3581
1624	3	543
2235	1	3569
783	1	3591
3471	1	3614
83	1	3568
2816	3	161
524	1	3645
1005	1	3569
1780	1	3604
328	1	3626
2838	3	2815
3331	3	1000
1105	1	3574
1887	1	3568
2189	3	1816
1803	3	730
3361	3	611
2809	1	3569
3435	3	3427
1031	3	804
951	1	3679
596	1	3572
1418	1	3568
1740	3	642
212	3	3169
3470	3	431
1499	3	2827
2215	3	668
1626	3	749
2177	3	522
608	3	1879
1147	3	1492
2699	3	2229
3383	1	3569
2838	3	721
3246	3	1243
1992	1	3568
626	3	1330
644	3	2297
2578	3	361
402	3	658
435	3	3411
988	1	3569
2651	1	3854
2815	3	109
3071	3	2165
1910	1	3570
5	3	1719
1608	1	3705
2337	3	2193
2391	3	1877
3049	1	3584
3349	1	3593
3273	3	156
1058	3	3464
2792	1	3569
1688	3	1194
2045	1	3585
2230	1	3697
17	3	363
2853	3	1929
1908	3	1316
1258	3	2508
1562	1	3569
2323	1	3569
458	3	1194
2634	3	2796
2798	3	1422
171	1	3568
754	1	3589
1623	3	1929
244	3	189
468	3	1262
271	1	3573
188	3	3240
931	3	2273
298	3	2738
464	3	2031
1975	1	3568
720	1	3613
2897	1	3569
971	1	3569
1611	1	3972
1053	3	1169
2460	3	2045
1159	1	3598
917	3	2032
2373	3	1271
3032	1	3584
2145	3	250
643	3	1464
1700	3	188
1786	1	3636
3446	1	3614
3483	3	745
18	3	1330
212	3	2364
303	3	2733
637	1	3584
598	3	1006
1256	1	3659
2531	3	1719
441	3	1194
2563	1	3584
402	3	2886
154	1	3568
1559	1	3585
1825	3	1990
556	3	912
497	3	2690
3145	1	3574
786	3	1436
1833	3	2165
1511	1	3593
1958	1	3568
580	3	3069
854	3	1193
120	1	3592
155	3	1776
1211	1	3584
1803	3	275
2755	3	2920
3394	3	465
3071	3	1360
995	1	3632
1182	3	1074
939	3	3346
1221	3	1224
1957	3	1109
125	3	1997
2030	3	511
72	3	1172
212	3	270
1934	3	2749
2161	3	3356
2614	3	3037
2679	3	376
258	3	1345
2799	3	295
3029	1	3600
344	3	2422
602	3	2690
1324	1	3574
2316	3	279
3221	3	1997
2502	3	1559
511	3	3056
1108	1	3622
137	1	3568
3128	1	3574
106	3	953
1370	3	2796
1354	3	404
1559	3	3257
2774	3	2399
3281	3	1764
2009	3	341
1049	3	3194
3120	1	3584
539	3	131
2779	3	2983
3134	1	3600
3561	3	1078
2938	1	3581
152	3	3512
1204	3	1224
252	3	1797
1574	3	3155
2318	3	3548
425	1	3575
1601	3	2792
1647	1	3585
2461	1	3827
2805	3	1835
3277	3	1399
1307	1	3574
3226	3	679
3304	1	3619
3398	3	1924
547	3	2544
1658	3	2450
1782	1	3600
1932	3	574
3451	1	3585
16	1	3578
838	1	3574
458	3	1678
1833	3	1360
1818	1	3665
1520	1	3569
1412	1	3574
1740	3	3354
2817	1	3591
820	3	765
3322	3	319
915	3	3013
355	3	2880
1451	3	1000
1578	3	86
736	3	3355
1242	3	215
555	3	204
2359	3	3237
2335	1	3636
3216	1	3574
1290	1	3574
3317	3	2690
2417	3	3091
1820	3	1698
3020	3	3026
525	3	1179
1912	3	229
887	1	3771
821	1	3574
1596	1	3609
2648	3	114
1632	3	1854
1877	3	192
683	3	3290
1295	1	3569
2680	1	3672
3100	1	3600
3272	3	363
3366	3	2005
961	1	3611
2904	1	3581
1395	1	3574
2170	1	3609
614	1	3641
161	3	2522
2546	3	1512
2317	1	3575
391	1	3575
1694	3	1124
2424	3	145
879	1	3613
30	1	3570
2641	3	2404
2678	1	3591
539	1	3602
1314	1	3637
1400	3	1377
1414	3	2749
1658	3	1645
1965	3	2522
2310	1	3646
987	1	3581
2531	3	109
2900	1	3569
56	3	3057
845	1	3637
965	1	3575
2196	3	63
2149	3	102
2669	1	3570
3104	3	2856
1146	3	1854
1888	1	3637
942	1	3698
3083	1	3600
1258	3	3126
3487	1	3581
1272	1	3671
1561	1	3581
1378	1	3574
2783	1	3591
3183	3	268
401	3	285
1004	3	220
1419	1	3637
1849	3	679
359	3	2245
1720	3	1854
2665	3	3221
367	1	3646
1827	3	1761
816	3	140
2883	1	3569
3041	1	3634
1966	1	3590
818	3	807
481	3	330
1666	1	3581
2165	3	2855
32	1	3600
3087	3	2856
3296	1	3568
270	3	2318
1544	1	3581
922	3	982
2766	1	3591
1698	3	3522
3170	1	3572
2066	1	3568
106	1	3619
1402	1	3637
3362	1	3586
2100	3	39
253	1	3585
1075	1	3581
1989	3	2935
2418	3	2697
728	1	3611
2196	3	2291
2759	1	3662
382	3	557
3401	1	3568
1475	1	3568
1949	1	3590
1649	1	3581
2871	1	3591
702	3	2347
930	3	2261
1942	1	3661
2198	3	481
1527	1	3581
720	3	870
3244	3	604
3453	1	3581
2049	1	3568
2840	3	1551
1426	3	363
1058	1	3581
2971	1	3569
2007	3	292
2743	3	931
2966	3	587
425	3	1637
1145	1	3574
2119	3	1211
2489	1	3614
2497	3	1751
1622	3	2267
2415	1	3606
2923	1	3577
3366	3	3428
271	3	988
1361	3	2465
3122	1	3705
3352	3	2056
259	3	475
3384	1	3568
568	1	3636
1632	1	3581
1613	3	1671
2145	3	63
1187	3	3182
2154	1	3568
702	1	3590
2469	3	2582
1163	1	3581
1150	1	3569
861	3	1288
371	3	2303
921	1	3662
2468	3	107
2705	3	1135
457	3	1690
3334	3	511
321	1	3644
741	1	3572
1563	1	3568
349	3	2661
3398	3	3481
1355	3	2917
292	3	1134
2269	3	1444
693	1	3580
2140	3	929
3367	1	3568
547	3	3512
1288	3	188
2137	1	3568
1330	3	857
581	1	3600
1835	3	3174
1146	1	3581
1784	3	2454
3059	1	3569
846	1	3572
1785	3	1761
2477	1	3609
525	3	1797
1667	3	1345
2229	3	2145
1281	1	3596
798	1	3580
1546	1	3568
1536	3	738
457	3	2979
45	3	1698
2725	1	3584
1720	1	3581
2765	3	2780
1464	3	643
204	3	679
316	1	3568
3510	3	1316
3307	1	3574
1665	3	2192
3465	1	3639
2603	1	3584
1468	3	813
2343	1	3634
2831	3	1089
2780	3	2268
1716	1	3569
3443	3	2751
2189	3	3402
2144	3	2388
3090	1	3591
2716	1	3574
530	1	3624
2240	3	1089
659	3	2286
3385	3	1910
1256	1	3606
2708	3	1967
2893	1	3600
1125	1	3569
3454	3	2273
1430	3	1017
195	1	3578
561	3	1060
308	3	1012
2665	1	3793
2919	3	3183
3290	1	3574
2023	3	3179
2263	3	1316
2821	1	3574
2264	3	1377
1043	3	809
1410	1	3659
1699	1	3569
2408	3	824
3539	3	465
2347	3	1756
1287	1	3598
3306	3	2051
3104	3	1380
3100	2	3638
3395	1	3574
2874	1	3591
1963	3	1893
2691	1	3584
1820	3	2450
1108	1	3569
1977	3	1909
1474	1	3596
2124	3	2629
2506	3	1676
3273	1	3574
129	3	188
1284	3	502
3237	3	196
2201	1	3639
1175	3	867
2804	1	3574
1682	1	3569
3279	1	3600
3261	3	2353
1170	1	3593
291	1	3568
402	3	1089
2855	3	2441
3355	3	1494
1076	3	2407
227	3	2364
2114	3	2911
3278	1	3569
970	1	3589
1667	3	1829
2469	3	1911
3087	3	1380
1770	3	1387
2733	3	2441
3378	1	3574
1725	1	3710
298	3	2230
1091	1	3569
3520	3	2810
865	1	3568
846	3	1658
983	1	3574
2232	1	3631
3263	3	3549
3161	1	3591
166	3	1017
1012	3	1507
1507	3	1857
2071	3	497
1546	3	1654
2787	1	3574
2053	1	3602
469	3	2663
1665	1	3569
2828	1	3637
3183	3	3464
2561	3	792
274	1	3568
385	3	1089
881	3	2045
1557	1	3574
1989	3	2398
2130	3	2856
1336	3	84
3100	3	2304
3218	3	2720
2815	3	1829
851	3	3373
2439	1	3573
2444	1	3774
2853	3	266
3361	1	3574
2041	3	691
845	3	3122
721	3	0
385	1	3645
3375	1	3590
2240	3	1573
251	3	3002
3319	3	3304
848	1	3568
2892	1	3574
795	3	2463
966	1	3574
1027	3	3098
3215	3	1062
1191	3	1526
2547	3	934
2731	3	1194
2633	3	1658
1419	3	3122
2727	1	3580
2885	1	3645
1600	3	3037
186	3	1849
3466	1	3574
1540	1	3574
2945	1	3591
1034	3	933
1436	1	3584
1929	3	152
418	1	3569
1179	1	3569
1478	3	563
2014	3	3067
2259	3	2216
3244	1	3569
2253	3	2318
295	3	1316
2843	1	3679
831	1	3568
1560	3	2810
2875	1	3574
949	1	3574
2758	1	3572
315	3	270
1689	3	645
2451	3	725
152	3	3004
3170	3	1337
3010	1	3589
1365	3	1862
1342	3	322
1972	3	304
2480	3	275
3052	3	568
3054	1	3761
2494	1	3628
3375	3	229
533	3	3108
1523	1	3574
3411	3	91
547	3	2036
2459	3	1418
3374	3	551
2112	3	2785
607	1	3599
2903	3	695
294	3	2544
667	1	3602
1872	3	2722
3115	1	3589
3285	3	3304
305	3	3026
186	3	105
2919	1	3570
1697	3	25
2544	3	3020
255	3	2367
345	1	3568
747	3	2019
300	3	937
786	3	1062
1963	3	1222
2677	3	2189
461	3	1673
824	3	427
1074	3	130
1402	1	3584
772	1	3602
2180	3	1555
2620	3	3470
90	3	2175
472	1	3593
3146	1	3581
2653	3	561
1065	3	345
376	3	1387
1546	3	3077
2855	3	1770
1522	3	3549
2100	3	3369
2094	1	3590
1990	1	3600
2308	3	2167
2268	3	2165
1794	1	3581
1932	3	2294
2492	3	2427
2873	3	3312
3344	3	371
356	1	3619
635	3	2036
3388	3	543
1325	1	3581
820	3	1546
1923	3	1698
2785	3	2507
939	3	878
493	3	402
1773	1	3617
3254	1	3581
3490	1	3586
1650	3	1383
2322	1	3651
3373	3	3304
2721	1	3813
1927	3	1868
1173	1	3599
3129	1	3581
3414	3	3367
155	1	3584
1588	3	3372
3160	3	461
3366	3	3375
2869	1	3604
1521	3	3087
68	3	1749
1687	3	1626
719	3	561
1635	3	300
2438	3	2887
2359	3	1924
1336	3	2796
86	1	3571
2012	1	3571
2308	3	1012
2353	3	2780
2747	1	3604
739	3	3123
2210	3	2230
2190	1	3580
1843	3	273
499	1	3570
2515	3	571
470	3	2167
1862	3	2229
174	3	665
2796	3	491
3015	3	2451
1735	3	2907
1830	3	2537
664	3	1370
1381	3	1716
251	1	3574
1026	1	3609
1073	1	3570
410	1	3643
1843	3	623
2291	3	1012
511	3	2816
559	3	939
217	1	3598
270	3	2749
1270	3	299
1403	3	1337
2261	3	1987
233	3	3209
436	3	878
826	3	1578
435	1	3609
1228	3	2612
98	3	723
526	3	3289
277	3	2836
660	3	416
3465	1	3586
134	1	3569
470	3	1012
956	3	1194
1088	3	481
1350	3	344
2835	1	3604
3165	1	3577
3452	1	3574
3533	1	4097
1352	3	1011
248	1	3590
2825	3	3229
3258	3	687
2287	3	1778
3017	3	799
93	1	3634
540	1	3609
1816	3	2275
84	3	303
1871	1	3637
110	3	3306
2601	1	3624
2274	1	3568
348	1	3568
3372	3	3182
2729	3	2434
3386	1	3727
1455	3	344
43	3	2267
1523	1	3569
3230	3	3238
30	3	1148
2167	3	2209
2718	3	1982
1658	3	2560
2906	1	3628
111	1	3671
1204	3	2273
2848	1	3568
2144	1	3578
2731	3	68
2716	3	2254
2966	1	3574
2185	1	3641
3198	3	2030
85	3	3522
1759	3	1462
1373	3	376
2149	3	1017
2129	3	3002
2995	3	1507
303	3	533
1040	3	1778
1375	1	3569
2631	1	3585
2959	1	3645
2557	1	3577
1660	3	3002
399	3	533
2257	1	3568
1340	3	1006
3125	3	2786
2101	1	3581
1320	1	3648
2831	1	3568
2201	1	3586
3023	1	3582
2949	1	3574
3146	3	2582
2012	3	344
1827	1	3569
1197	1	3587
2189	3	2544
910	1	3590
1700	3	1721
3508	3	1305
105	3	1546
1358	1	3569
2614	1	3585
696	3	1722
3134	3	1288
2240	1	3568
205	1	3569
3523	1	3574
2591	3	2444
2838	3	3532
1010	1	3568
319	1	3590
3054	1	3574
868	1	3624
19	1	3581
6	1	3569
2280	1	3600
2333	3	2751
541	1	3568
1770	3	2273
174	3	2438
2814	1	3568
1884	1	3577
3149	3	1045
460	3	1650
663	3	2537
557	3	382
1748	3	3002
419	1	3568
388	3	1555
2308	3	691
3443	3	3182
2084	1	3766
593	1	3581
2649	3	3237
3032	3	3069
3464	3	1611
2751	3	2189
2909	3	2254
2223	1	3568
3369	3	1658
3232	3	1006
2320	3	2335
3087	3	2616
993	1	3568
3037	1	3574
1153	3	963
1915	1	3569
322	3	2815
524	1	3568
2738	1	3626
2563	3	1756
33	3	461
1658	3	3044
1578	3	330
2518	3	742
776	1	3585
1743	3	3515
2328	1	3568
402	1	3568
984	3	3018
594	3	1211
1760	3	108
3075	3	2261
2366	3	1316
2545	3	564
3102	1	3572
2368	1	3600
1664	1	3610
2843	1	3626
1857	3	2421
1364	1	3601
13	3	3149
524	3	2301
2693	3	1345
940	3	2442
1694	1	3574
1045	3	3402
60	1	3593
507	1	3568
1946	1	3591
470	3	691
2413	3	2970
2940	3	1316
3223	3	1699
1838	1	3596
3543	1	3622
1534	3	283
2831	3	715
319	3	387
1866	3	3367
3023	3	2449
1828	3	215
2446	3	2690
1493	3	1512
1344	3	700
1081	1	3568
2796	3	2398
3300	1	3827
2427	3	1673
77	1	3569
2942	3	2512
2240	3	715
2562	3	3378
384	3	3182
2971	1	3679
2927	3	2799
1677	1	3574
1869	1	3588
2269	1	3602
2915	3	2286
43	1	3593
490	1	3568
820	3	204
2089	3	929
3011	3	2094
166	3	1448
338	3	2693
3555	3	1555
1955	3	1179
643	3	1387
530	1	3600
2251	1	3574
3402	3	1512
1005	1	3626
2942	3	418
2469	1	3585
257	3	857
1045	3	1658
3147	3	444
2506	3	363
3486	1	3569
2422	3	2007
694	3	384
1660	1	3574
2482	1	3570
3452	3	2521
1952	1	3593
574	3	3094
3085	3	2816
109	3	1045
3256	1	3574
3257	3	2563
2909	1	3604
960	3	1345
572	3	558
986	3	786
2234	1	3574
2794	3	17
245	3	502
3009	1	3609
2460	3	813
2739	3	2318
1478	3	994
309	3	3472
1767	3	904
2850	3	2422
2934	1	3570
1156	3	51
2069	3	3243
2253	3	2749
1211	3	1486
2310	3	3131
2378	3	3067
3469	1	3569
1643	1	3574
2239	1	3569
3369	3	3431
331	3	2165
2122	3	3287
431	3	1204
413	1	3574
3102	3	1658
3372	3	2995
2117	1	3569
425	3	1881
2441	3	2398
10	3	1047
1271	1	3635
1719	3	687
1304	3	607
826	1	3573
196	1	3591
1648	1	3569
2056	3	1720
2561	3	418
3352	3	2300
1748	1	3574
2214	3	2347
3078	3	1924
3463	3	2404
917	3	2089
3099	3	0
744	1	3575
799	3	1673
10	1	3603
1963	3	714
2705	1	3585
3446	1	3671
1221	3	931
2448	1	3570
2222	1	3569
2997	1	3604
396	1	3574
3362	3	1408
331	3	3454
3421	3	2438
1976	3	1608
550	3	1071
2100	1	3569
110	1	3581
3022	1	3570
289	3	105
1631	1	3569
1699	1	3679
1069	1	3697
3382	3	2261
2786	3	3194
401	1	3569
501	1	3574
601	3	2141
2388	1	3576
2120	3	2569
2205	1	3569
2856	3	2454
1496	3	2095
1858	1	3599
2438	3	2029
215	3	1611
946	3	1238
671	3	2508
22	3	3199
93	1	3581
416	3	3160
2810	3	2318
261	3	2450
1871	1	3584
1990	3	1825
1989	3	1219
3127	3	1172
2642	3	1243
3549	3	2874
1486	1	3660
659	3	2180
2419	1	3568
384	1	3569
2857	3	3218
206	1	3571
209	3	1507
449	3	436
735	3	2445
904	3	165
2783	3	3210
664	3	2956
1675	1	3750
1359	1	3793
2497	3	2129
2130	3	2616
1288	3	1721
2056	3	1854
3206	1	3584
2859	1	3614
600	3	925
1403	3	3512
206	3	1365
2501	3	2299
793	3	1000
168	3	1219
1522	3	2825
2030	3	2796
2120	3	1414
2002	1	3581
41	3	3061
598	1	3568
3449	1	3584
1554	1	3575
2652	3	2435
1954	1	3589
1062	3	3215
438	3	687
563	1	3588
1385	1	3584
2402	1	3568
367	1	3569
1049	3	2096
2404	3	3342
508	1	3637
1074	3	695
1536	3	3210
181	1	3581
3357	3	1116
501	3	2815
1748	3	1660
2976	1	3568
1151	1	3604
1172	3	2507
1814	3	1504
3176	3	2594
1985	1	3581
2078	3	135
515	1	3724
2807	1	3577
148	3	2594
1134	3	109
2507	1	3568
1399	3	3497
741	3	963
294	1	3571
3350	3	23
559	3	1370
3470	3	3550
2545	3	1316
1368	3	1967
1725	1	3604
3393	1	4090
172	1	3571
3341	1	3575
1512	3	1588
1578	3	1432
2242	1	3593
2362	3	3002
2521	3	3481
484	3	371
359	1	3569
204	1	3613
526	3	687
1362	3	1863
384	3	2995
1860	1	3586
2196	3	120
3225	1	3601
739	3	2749
277	1	3571
1231	1	3665
2055	1	3574
694	3	2291
3434	3	2533
2233	3	599
262	3	2995
1630	3	3472
1152	3	849
1829	3	1546
1303	1	3945
121	1	3584
2892	3	131
1763	3	3012
1936	3	699
2074	3	2749
1626	1	3606
2502	3	6
1418	3	882
669	1	3568
2108	1	3591
2883	1	3626
797	3	2788
1065	3	105
381	1	3719
828	3	2077
1559	3	1704
234	1	3574
1166	3	1804
2401	1	3671
1779	3	1072
2473	1	3568
2507	3	1146
3013	3	2675
1904	3	3110
677	3	981
2094	3	13
1543	1	3577
2107	3	25
2548	1	3637
3170	3	292
1262	3	1259
3175	3	493
1291	1	3590
3313	3	3297
252	1	3581
2566	3	2751
63	3	3402
1687	3	3480
2213	1	3591
1839	1	3574
3095	1	3590
3543	1	3569
1802	1	3681
2913	1	3587
799	3	197
1357	1	3619
972	3	358
3344	3	481
2083	1	3601
2445	3	2576
3170	3	642
3006	3	2770
137	2	3714
1092	1	3614
3017	3	425
1317	3	600
483	3	2343
673	3	3410
831	1	3812
2086	3	3238
3500	1	3599
385	3	3561
215	3	2229
2842	3	1461
685	1	3671
382	3	964
1972	3	548
1822	1	3574
738	3	25
2522	3	3087
2600	3	438
3375	3	473
709	1	3576
807	3	1476
2715	3	1263
2333	3	3182
1209	3	3264
1360	3	17
2352	3	1345
3011	3	2041
2855	3	3169
231	1	3569
2465	3	2116
2309	1	3581
383	1	3581
63	3	1658
2974	2	3792
3411	1	3672
673	3	1316
241	1	3637
675	1	3600
294	3	344
557	3	813
2301	1	3591
2733	3	3169
1	1	3574
2709	1	3568
1257	1	3590
1481	1	3852
3166	3	2347
1650	3	2782
1805	1	3574
488	1	3581
2761	1	3581
588	1	3586
780	3	1983
214	1	3569
406	1	3583
393	1	3628
2292	1	3581
2720	3	2753
1086	3	3182
2616	3	511
2379	1	3574
2855	3	2014
988	1	3573
1810	1	3569
3369	3	2439
58	1	3582
1805	3	587
1910	1	3574
2692	1	3568
2471	1	3768
1328	1	3614
641	4	2767
2550	1	3624
3168	3	1829
1880	3	1212
476	3	1609
1250	3	1230
857	3	1330
1354	1	3611
1788	1	3574
2614	3	3257
1320	1	3624
471	1	3581
2384	1	3569
2639	3	193
677	3	2404
2614	3	813
2797	3	1012
1658	3	1381
3266	1	3568
2649	3	1924
2855	3	2364
197	1	3569
470	3	1122
1409	3	2648
1244	2	3934
2797	1	3568
2915	3	2367
3184	1	3570
1793	1	3569
440	3	2097
376	3	2920
600	3	738
601	3	3243
1080	3	56
964	3	1997
1329	3	3317
1893	1	3574
3116	3	308
1608	3	1661
276	1	3572
3448	3	3392
300	3	376
3520	3	2733
869	1	3661
1111	1	3610
86	3	2198
454	1	3581
2012	3	2198
2367	1	3569
2855	3	270
1376	1	3582
377	3	1611
1089	3	1002
3249	1	3568
2785	3	1596
3470	3	3013
2733	3	270
72	1	3574
3323	1	3774
1138	3	95
1073	3	1258
2046	1	3596
1847	3	687
2387	3	2051
3221	3	1062
1776	1	3569
1699	1	3626
220	1	3601
1156	3	1637
1478	3	136
2916	3	1408
474	3	137
259	1	3572
565	1	3843
305	3	1310
842	1	3593
1355	3	75
2945	3	3210
3354	1	3568
239	3	2776
2350	1	3569
3138	1	3616
1156	3	2576
2438	1	3593
1542	1	3589
2656	3	677
3170	3	3354
289	3	402
3452	3	2952
1743	3	1047
325	1	3601
2067	3	405
712	3	2165
2539	1	3659
2946	1	3575
55	1	3574
2763	1	3568
3020	3	802
414	3	2261
67	3	571
1207	1	3600
1535	1	3660
3548	3	2407
1782	3	2738
422	1	3662
1533	1	3568
2544	3	1654
1850	3	3249
1705	3	2032
2422	3	344
2461	3	494
2128	3	1896
1799	3	1230
3149	3	3184
3205	3	1853
677	1	3596
1124	1	3571
1852	3	308
2616	3	1934
712	3	2515
1091	1	3626
2304	3	3311
208	1	3596
300	3	2954
1876	3	2465
2047	1	3576
2121	1	3584
2485	3	3226
3151	1	3580
2466	3	2209
712	3	3454
3099	3	3464
2053	1	3659
416	1	3569
894	3	3221
12	3	425
1376	1	3716
255	3	2879
123	3	1283
1476	3	384
1338	1	3570
1516	1	3568
1567	3	1507
1853	3	1072
362	3	2032
1930	1	3598
119	1	3669
2260	1	3571
2623	3	152
3156	1	3575
508	1	3584
2112	1	3574
1742	3	1345
1978	3	1767
908	3	1924
191	1	3596
3287	3	861
1208	1	3580
521	1	3569
3360	3	3071
456	3	2304
115	3	3377
404	3	3287
712	3	1360
2450	3	2815
1588	3	2006
3392	2	3848
1671	3	1829
1065	3	268
1012	3	2853
3100	1	3604
1061	3	3481
1310	3	2578
435	3	3094
1600	3	3094
1709	1	3603
2217	1	3574
176	1	3677
1240	1	3622
2317	1	3579
1202	3	3549
3409	1	3619
511	3	161
2687	3	618
30	1	3574
1106	3	1270
96	3	1009
3017	1	3575
1508	1	3568
3513	3	2504
1983	1	3594
2004	3	2497
314	3	2165
504	1	3569
965	1	3579
1787	1	3575
2227	3	2153
2653	3	2362
2275	1	3613
3443	3	3076
2669	1	3574
1817	3	3259
35	1	3569
3083	1	3604
390	3	1706
2200	1	3574
0	3	3079
414	3	301
1496	1	3584
1078	1	3569
2766	3	2352
1012	3	1698
1403	3	3004
1711	1	3660
1981	3	1660
609	1	3569
2593	3	322
465	3	2095
2745	3	1243
2266	1	3603
599	3	3194
3445	1	3619
2663	3	689
1462	3	2165
487	1	3569
1488	3	1196
3441	3	3142
3045	3	471
1409	1	3570
880	3	3114
2359	3	2786
18	1	3569
32	1	3604
330	3	3402
1254	1	3614
3239	3	3225
2505	3	2900
172	3	1820
923	3	3491
2183	1	3574
2958	1	3609
153	1	3584
2303	3	2229
377	3	2229
772	1	3659
1061	1	3569
2805	3	229
1075	1	3585
1122	3	1929
1386	3	3004
2187	3	2480
3357	3	608
3437	3	878
592	1	3569
1492	3	1551
2841	3	647
1403	3	1849
3475	1	3580
1221	3	1846
892	3	1180
1300	3	1702
427	3	3238
2051	3	3373
1381	3	2578
3332	3	2167
1826	3	196
134	3	2434
1828	3	109
481	3	1623
1467	1	3582
1565	3	394
3393	1	3582
3546	3	1829
1133	1	3624
1521	3	2794
162	1	3570
1674	3	2658
3211	1	3636
3495	3	564
3345	1	3590
1658	3	1194
2735	3	1905
1880	1	3581
936	1	3574
982	3	558
679	3	3440
977	1	3637
950	1	3590
575	1	3569
2660	3	1465
2967	3	3096
3223	1	3590
2824	3	647
3133	3	471
1360	3	2408
1386	3	1849
2923	1	3581
2936	1	3593
3168	3	1992
1060	3	2399
2644	3	1721
1771	3	1184
3458	1	3580
1074	3	2415
405	3	2283
3479	3	39
1632	1	3585
2461	3	1112
2556	3	3360
1310	2	3776
2633	3	105
1450	1	3582
3415	1	3789
2221	3	3550
1300	3	547
1116	1	3624
1551	3	2755
803	3	1603
1636	1	3755
863	1	3576
2135	3	3382
1908	3	2422
3328	1	3590
2190	1	3637
3546	3	674
1800	3	1673
2712	1	3624
493	3	1748
1637	1	3580
3103	3	869
1665	3	3351
2559	1	3581
633	1	3581
1408	3	1245
1654	3	3252
1363	1	3568
753	3	1883
3194	3	2722
3286	1	3624
1395	3	2953
145	1	3728
1807	1	3599
1651	3	3110
2959	1	3568
3433	1	3590
328	3	3219
3119	3	2683
3128	3	2498
212	3	3470
2301	3	3210
2503	1	3610
2566	3	3182
3131	3	163
1546	1	3572
916	1	3590
2402	3	1146
2725	1	3588
182	1	3618
1078	3	2005
616	1	3581
2633	3	2333
3403	3	2167
3476	3	405
908	3	3481
1346	1	3568
764	1	3608
2934	3	2167
643	3	2920
2420	1	3581
464	1	3599
502	3	964
101	1	3681
911	1	3574
6	3	2434
2316	1	3591
2319	3	363
2942	1	3568
3173	3	1418
1051	3	645
1190	1	3581
1533	3	229
48	3	2750
215	2	3748
17	3	664
439	3	2366
505	3	1456
3012	3	1211
603	3	2693
1450	1	3716
3516	1	3568
3455	1	3572
3497	3	1658
1093	3	2253
2076	3	3395
820	3	3026
12	1	3575
1992	3	3541
2229	3	405
2701	1	3659
1756	3	1955
886	1	3763
2545	3	3170
2925	1	3568
1365	3	3476
2934	3	1012
719	3	1102
1121	1	3753
3237	3	2294
365	1	3601
1497	3	1656
2268	3	1551
2755	3	2282
600	1	3591
2695	3	3454
2118	3	1796
377	3	1908
2284	1	3672
1989	3	2618
623	1	3644
1070	1	3619
3498	3	2254
773	3	1546
3517	1	3754
2143	3	1762
2857	3	2173
2684	1	3659
2936	3	2029
104	3	58
1205	1	3634
2540	3	1431
274	3	3110
1582	1	3568
2089	3	2596
2300	3	2149
1071	3	1827
2589	3	2059
2275	3	870
2504	1	3569
2908	1	3568
3279	1	3604
3364	1	3711
3104	3	1734
3085	3	161
1222	3	1963
1934	3	17
1091	3	2680
3325	3	2473
931	3	1769
1165	1	3581
1276	3	1102
1987	1	3577
2670	3	3464
2993	3	2216
3078	1	3569
3437	3	1846
677	3	2835
3552	3	3463
2470	3	1387
1303	1	3705
1565	1	3568
3491	1	3568
870	3	1567
1546	3	1658
201	1	3614
2053	1	3606
601	1	3628
2487	1	3569
2489	3	3343
2572	3	2059
508	3	2638
2018	1	3569
2408	3	3406
2560	3	765
1865	3	2663
2398	3	2749
3061	1	3569
3258	3	2167
3477	3	3373
1670	1	3568
2340	1	3953
2592	1	3569
666	1	3569
2376	3	1444
38	3	163
2749	3	2165
766	1	3574
1588	1	3570
3474	1	3568
2307	3	2212
1079	1	3568
2362	1	3574
162	3	3079
995	3	730
149	1	3577
1240	1	3569
2001	1	3569
771	1	3569
1606	3	2714
3044	1	3569
1653	1	3568
261	3	1889
1910	3	802
2575	1	3569
649	1	3569
15	3	2709
1184	1	3568
3273	3	725
3457	1	3568
837	1	3598
989	1	3610
2749	3	3454
3183	3	2663
2108	3	3373
940	3	3438
2745	3	251
2345	1	3574
99	3	897
2298	1	3613
2470	3	1521
810	3	2509
1223	1	3569
473	3	2032
2833	3	275
3149	1	3569
681	1	3611
982	1	3681
1758	1	3568
1857	3	384
274	3	561
754	1	3569
3415	1	3602
190	3	3312
664	3	3334
3567	3	1186
580	3	1760
1636	1	3568
2919	1	3574
1172	3	1596
1494	1	3624
2558	1	3569
632	1	3569
1167	1	3568
105	3	3026
2351	3	1259
3403	3	691
190	1	3616
3175	3	2831
1022	3	2416
672	1	3601
50	3	1002
1710	3	1734
824	3	431
2183	3	184
1732	3	416
2224	1	3584
772	1	3606
3243	3	3342
1820	3	1194
932	3	944
2588	3	3226
1622	3	3373
1741	1	3568
3146	1	3585
1037	1	3578
1289	3	611
3463	3	3266
1152	3	2032
737	1	3569
3440	3	934
392	3	3373
1127	3	2652
2954	3	399
3486	1	3626
2337	1	3574
2976	3	3053
255	1	3614
3112	1	3609
993	3	772
1688	3	3402
389	1	3568
737	3	1171
2799	3	3308
2697	3	13
1541	3	3257
1559	3	2887
1311	1	3569
1935	3	2407
2566	3	2995
1325	1	3585
2057	3	3346
3356	1	3636
2911	1	3574
985	1	3574
1143	1	3639
21	1	3634
3077	3	86
1067	3	2275
1724	1	3568
643	3	2733
365	3	1232
469	1	3613
2075	3	2444
2849	3	1873
1839	3	1612
808	1	3593
1243	1	3617
3405	3	2422
686	1	3593
426	3	1060
1090	1	3574
3397	3	2432
330	3	2544
1689	3	1133
2837	3	2299
441	3	3402
440	3	2796
861	1	3610
2117	1	3626
3182	3	86
344	3	308
1684	3	1488
3339	1	3636
2894	1	3574
968	1	3574
1271	3	355
2540	3	2399
1109	3	2749
1844	3	883
873	1	3591
2994	3	3440
2995	3	438
3045	3	2996
1886	3	3451
2035	1	3628
499	1	3574
226	1	3612
3176	3	3218
2411	3	750
3122	3	1608
743	1	3601
1138	3	3238
2413	3	1417
2492	3	1626
1073	1	3574
2595	1	3593
1218	1	3627
369	1	3584
1469	3	3464
576	3	3013
3066	3	3495
3218	3	2753
3412	3	1771
78	3	3463
2785	3	1706
2100	1	3626
604	1	3574
1845	3	1294
3352	3	2707
3470	3	3123
2877	1	3574
3037	3	912
1769	3	440
3352	1	3600
809	1	3630
3544	1	3614
2190	3	1536
2624	3	745
345	3	1658
564	3	1719
2783	3	1978
2981	3	2856
1465	1	3571
2589	3	1872
533	3	2441
1131	1	3613
1178	1	3574
849	3	1234
1217	3	1000
1344	3	86
1686	3	2663
956	1	3569
2882	1	3569
2796	3	1784
3079	3	2167
1056	1	3574
1878	1	3570
3549	3	1992
352	1	3584
1367	3	1637
901	1	3618
3504	3	1944
2123	1	3628
121	3	601
587	1	3574
634	3	1918
1654	3	1455
3545	3	1654
1871	1	3641
1017	3	969
878	3	1370
603	3	2640
2285	1	3671
872	2	3889
2574	1	3581
1329	3	2622
2729	3	2438
3495	2	3776
1161	1	3574
2566	1	3591
1512	3	2450
157	1	3575
2865	1	3569
2974	1	3568
363	3	2398
2799	3	1698
3448	1	3590
1039	1	3574
1861	1	3570
1757	1	3580
2218	1	3590
1080	1	3637
1272	1	3651
3040	1	3586
3106	3	3503
631	1	3570
570	1	3574
925	1	3681
1288	3	2717
1365	2	3952
3259	1	3658
3318	3	263
2184	1	3614
705	1	3589
944	3	1193
1954	1	3646
2557	1	3581
1215	3	3136
1385	1	3641
367	1	3626
2849	1	3600
1406	3	100
2484	3	1417
1051	3	2820
1144	1	3574
2294	3	1259
2960	3	3194
1158	1	3590
773	3	1493
1258	3	1012
3367	3	666
2101	1	3585
2054	1	3624
78	3	564
2298	3	1429
3170	3	215
2766	1	3571
1198	3	2005
1422	3	2267
1585	1	3624
700	3	1310
2649	1	3569
2807	1	3634
2036	3	432
932	3	2501
2333	3	1816
2504	3	1310
691	3	361
3062	1	3568
68	3	493
3453	3	3257
2164	3	135
1205	1	3931
2441	3	1784
1832	1	3568
156	3	2991
3350	3	1019
2280	1	3604
2619	1	3584
2900	1	3683
1660	3	1262
1876	3	1770
2673	3	2796
2719	3	1006
2632	1	3569
295	3	2422
1241	1	3568
2924	1	3588
2329	3	2935
1908	1	3665
81	1	3609
3045	1	3568
261	3	547
3217	1	3668
1078	1	3679
1293	1	3581
1815	1	3568
1612	3	2209
1068	3	3304
2843	3	135
2600	3	1300
2602	1	3584
2081	1	3601
1060	3	3314
816	1	3591
3511	1	3573
2066	3	372
667	3	3061
2615	1	3569
476	1	3580
2703	1	3593
3150	1	3568
3153	1	3574
1720	3	2907
368	1	3585
1398	1	3581
985	3	831
2090	3	3283
2794	3	2920
1828	3	2313
1391	3	2759
1664	1	3614
1034	1	3632
1659	3	985
2363	3	622
2560	3	2001
2719	3	3234
813	3	2215
1798	1	3568
2843	1	3630
3349	3	964
878	3	699
486	3	2159
2720	1	3569
581	1	3580
1329	1	3568
2225	3	1955
956	3	877
55	3	615
497	3	389
1838	1	3600
13	3	120
3068	3	1747
761	3	108
2372	1	3568
1578	3	1623
3133	1	3568
2386	1	3584
2230	1	3624
2881	3	2509
3104	3	2165
299	3	2140
1903	1	3568
3112	3	3249
761	3	3491
840	1	3684
2545	3	1857
529	3	3239
1781	1	3568
1791	3	1618
2269	1	3606
2652	3	1821
3532	3	2260
1075	3	3367
677	3	3266
1312	1	3568
1339	1	3615
3495	3	1613
1934	3	1387
2649	3	2786
231	1	3626
851	3	2869
2960	3	2523
2991	3	2919
1350	3	1316
1917	3	3481
425	3	2690
3073	1	3574
3079	3	691
3116	1	3568
2127	3	2018
3087	3	2165
3486	3	1017
2602	1	3718
1886	1	3568
1967	3	1107
1658	3	3182
3522	3	2189
882	1	3569
96	3	98
2067	3	3011
2173	3	2857
471	3	3176
3137	1	3690
3198	3	2652
2609	3	2733
945	3	2596
526	3	2167
2482	1	3574
2701	1	3635
3087	3	3104
1455	3	1316
1102	3	2983
1258	3	691
1513	3	652
2244	3	279
4	3	1399
2842	3	13
1286	3	799
1444	3	864
1800	3	2722
65	1	3568
1603	3	2097
2036	3	700
2780	3	1093
3501	1	3636
1143	1	3586
1370	3	1784
3056	1	3574
2052	1	3575
1076	3	2037
2587	1	3574
288	3	883
525	3	1911
715	3	2786
1302	3	2613
310	3	2373
109	3	1399
634	3	1731
1909	1	3600
430	1	3575
2465	1	3574
964	3	1704
2684	1	3635
2954	3	1635
3314	1	3617
1488	1	3622
3337	3	3187
1235	1	3574
2975	3	1431
544	1	3596
874	1	3569
1770	3	1956
2939	1	3569
48	1	3568
1849	3	2566
2461	1	3754
3039	1	3574
3297	3	3313
584	1	3628
3087	3	1360
807	3	1667
2570	1	3574
644	1	3574
1448	1	3569
95	3	2097
2736	3	86
303	3	2794
2448	1	3574
2616	3	2796
1381	3	1667
2799	3	2450
152	3	1345
1152	1	3730
1972	3	1089
3144	1	3574
1218	1	3574
2909	3	2876
2100	1	3573
695	3	1128
749	1	3574
447	1	3709
3305	3	2693
3463	3	2758
3022	1	3574
725	3	3183
2868	3	2032
43	3	3373
1710	3	2165
2934	3	1122
673	3	1857
2966	3	2124
2553	1	3574
401	1	3573
1431	1	3569
2418	3	3079
40	1	3568
647	3	2045
815	1	3603
1986	3	720
1822	3	2848
2505	1	3582
3327	1	3578
1889	3	2352
3027	1	3569
1575	1	3591
1588	3	1929
1923	3	1194
2463	3	3312
3513	3	2077
3127	1	3574
1201	1	3574
1474	1	3710
914	1	3577
1007	3	131
1905	3	783
2374	3	2446
614	1	3568
1758	3	638
2211	1	3599
732	1	3574
2179	3	1734
1522	3	951
3046	1	3637
2221	3	2050
2234	3	725
2536	1	3574
3169	3	1492
384	1	3573
2808	3	2241
872	1	3611
23	1	3568
1306	1	3574
1522	3	1890
164	3	3497
2280	3	1211
1533	3	473
3010	1	3569
1657	3	2097
1940	3	389
2151	3	696
3334	3	2398
2465	3	2441
450	1	3602
3151	1	3637
1797	3	1559
0	3	3002
1924	3	645
597	1	3568
1372	1	3603
289	3	1748
715	1	3574
1637	3	1402
2824	1	3581
598	1	3572
1992	3	402
3515	3	3279
667	1	3582
689	3	2145
2476	1	3580
2919	3	3431
3068	1	3608
1630	3	309
1012	3	2560
1289	1	3574
508	1	3641
1640	3	2450
2112	1	3631
3154	2	3776
294	3	3463
181	1	3585
412	1	3806
491	3	2398
67	3	2856
2318	3	2454
1662	3	587
1315	3	3061
1852	3	1654
1474	3	3540
2794	3	2733
2799	3	2934
2836	3	3402
2204	3	309
1605	3	1868
2807	1	3581
2152	3	882
359	3	78
594	1	3584
2659	1	3584
498	3	233
1873	3	3113
2759	1	3589
646	3	2704
2217	1	3631
917	3	483
693	3	221
686	3	2915
1089	3	2482
1240	1	3679
1221	3	1769
309	3	3155
1468	1	3593
432	1	3699
1929	3	266
2967	3	2669
651	3	3288
3113	3	130
3381	1	3581
1538	3	623
1060	1	3589
1425	3	465
3510	3	1698
1592	3	3172
646	1	3570
1868	3	243
721	3	1403
1464	3	436
648	3	3146
2200	3	1075
2850	3	3044
1760	1	3585
526	3	691
448	3	2176
577	1	3584
1391	3	1417
118	3	3142
159	1	3734
1072	3	2482
1834	3	1751
376	3	212
2209	3	1829
751	1	3570
1638	3	2877
3108	3	3087
1640	3	1645
1982	3	1778
2747	1	3584
527	1	3628
1172	3	1706
2263	3	1698
2376	3	749
3021	1	3709
1009	1	3613
3183	3	679
1588	3	1258
156	3	1194
18	1	3626
1931	1	3614
2365	1	3577
2424	3	2434
34	1	3574
1796	3	2365
2510	3	350
3470	3	2749
252	1	3585
1061	1	3626
1672	3	1698
2513	1	3604
2520	3	1135
294	3	564
6	3	1068
1583	1	3613
3196	3	3491
3474	1	3812
3403	3	1740
933	3	2081
3499	3	3238
2072	3	3375
265	1	3570
3432	3	1290
2692	3	3511
1156	3	2312
138	1	3722
493	3	3549
2905	1	3601
1507	3	361
744	3	2149
114	3	2167
2237	3	1102
17	1	3574
1465	3	1176
2556	3	3067
1721	1	3569
54	3	3160
547	3	1345
166	3	460
2492	3	3480
3018	1	3591
3247	3	1528
161	3	3067
3563	1	3658
1587	3	72
3118	1	3596
1458	3	3146
2469	3	1704
709	1	3580
1432	3	1261
1682	3	964
797	1	3604
1717	3	412
3004	3	13
1611	3	2229
2105	3	2165
3100	3	1747
1198	1	3679
1963	3	531
1524	1	3647
511	3	1641
2130	3	3238
2031	1	3568
1854	3	1650
1	1	3578
2506	3	314
2264	1	3702
632	1	3813
114	3	1012
634	3	389
1208	3	2258
2071	1	3600
441	1	3624
114	1	3568
588	1	3590
3165	3	3229
2193	3	2569
1142	3	135
1714	1	3765
1773	3	370
2543	3	204
3114	1	3581
1046	1	3637
3201	1	3574
864	3	2427
3360	3	363
1654	1	3613
3059	1	3630
1799	3	3194
2477	1	3670
1405	3	1543
2692	1	3572
2732	1	3574
3226	3	2647
1862	3	2693
3399	1	3671
2984	1	3591
2880	1	3601
1546	3	292
1731	3	404
298	3	1807
2005	3	3428
2221	3	1863
3566	1	3581
2023	1	3568
97	1	3568
2504	3	1875
3424	1	3637
3458	3	1215
2762	3	979
1875	1	3571
3097	1	3581
1981	3	1046
2797	1	3572
3020	3	1611
3184	1	3574
1728	3	645
2597	1	3568
2789	1	3582
1776	3	1576
2578	3	1658
3478	3	169
3533	3	3503
2131	3	1330
2627	3	2286
0	3	2815
202	1	3568
1011	1	3609
1458	1	3584
2967	1	3591
1630	3	3155
3189	1	3569
725	3	2191
2006	1	3568
80	1	3568
746	1	3604
949	3	1908
485	3	465
1512	3	2560
957	3	3382
1108	3	135
2220	3	647
3252	3	344
810	3	3237
1492	3	937
2150	1	3590
2204	3	3155
1022	3	2794
1850	1	3581
412	1	3619
2580	1	3568
742	1	3592
1576	1	3569
185	1	3568
1194	3	1006
404	3	3157
3335	3	1662
3354	1	3572
1213	3	135
431	3	2794
2987	3	3530
879	3	3183
3138	1	3620
893	1	3728
1497	3	2652
3100	3	137
3172	1	3569
3272	1	3574
547	3	674
1474	1	3657
1258	3	1122
2546	3	1386
319	3	2461
759	1	3568
1882	1	3634
2803	1	3574
2955	3	1215
290	1	3568
1966	3	3002
2985	3	1933
2544	3	1658
2653	3	2232
1355	3	1368
1080	3	2638
646	3	423
1368	3	2134
1599	1	3601
805	3	1656
1228	3	3210
2009	3	699
2349	3	2609
208	1	3600
261	3	2751
3083	3	137
3451	1	3593
308	3	268
2931	3	700
3534	3	1389
1130	1	3601
1589	3	3226
1892	1	3681
1611	3	1908
3292	3	3160
2545	3	2422
2572	1	3733
3191	1	3616
1846	3	2652
273	1	3568
2304	3	282
2797	3	2439
3546	3	3443
2187	1	3617
3409	1	3627
1288	3	2022
1632	3	3367
1828	3	1134
736	3	3363
2018	1	3626
2526	1	3597
3512	3	3467
114	3	691
2736	3	517
431	3	1989
1193	3	1315
3210	1	3590
1274	3	2191
1812	1	3569
237	3	1883
212	3	2856
1730	1	3571
2216	1	3753
1443	1	3574
2588	3	3149
1432	3	2229
3508	1	3574
3147	1	3569
256	1	3568
2865	3	102
2802	3	3373
955	3	1330
620	3	3210
3015	3	3183
1687	1	3601
294	3	1316
618	3	2926
1970	3	2367
1701	1	3617
1189	3	2434
1313	1	3584
3168	3	1512
318	3	665
771	1	3626
3085	3	2796
2452	3	3261
1795	1	3569
1502	3	529
2522	3	1965
1062	3	1422
721	3	1350
2909	1	3584
1379	3	2720
1038	3	2648
113	3	1195
1426	1	3574
3354	3	1658
1863	3	2618
1365	3	1923
2179	3	2165
1536	3	1417
1682	3	3221
944	1	3619
2252	1	3740
2497	3	1625
533	3	3169
2313	3	1012
1900	1	3569
1363	3	2195
2000	1	3574
2928	3	136
3184	3	2545
234	3	969
1213	3	2497
1588	3	266
268	3	720
2149	3	460
2313	1	3568
2590	3	2410
3018	3	2137
969	3	12
1783	1	3591
1687	3	2492
379	1	3578
1409	1	3574
3402	3	687
3337	3	1658
229	3	543
79	1	3569
2005	1	3569
1254	1	3618
1333	3	137
2728	3	2560
332	3	2909
1995	3	3194
2179	3	3454
3005	1	3574
3377	2	4088
1883	1	3569
3480	1	3600
2968	3	2417
447	3	3381
1157	3	1734
492	1	3568
544	3	2113
1714	1	3578
1775	1	3574
1990	3	3549
2464	3	161
3215	3	668
351	3	2613
2327	3	1172
737	1	3626
2858	1	3793
94	3	2406
3475	1	3584
1261	3	2663
945	3	2706
44	3	1747
1477	3	344
2490	3	1821
2588	3	250
2194	3	319
134	3	2438
751	3	156
62	1	3569
1546	3	105
1988	1	3569
2179	3	1360
3126	3	2640
162	1	3574
2896	3	2672
2988	1	3574
2392	3	416
639	3	2267
3377	3	152
1866	1	3569
1955	3	2582
475	1	3568
3512	3	1857
620	3	1250
1653	3	1553
1397	1	3569
3113	3	3005
1820	3	96
501	3	1156
164	3	679
3562	1	3574
167	1	3569
1349	1	3577
2499	3	1262
2828	3	821
2160	3	693
1971	1	3569
1190	3	299
604	3	725
533	3	270
2150	3	3099
2769	3	3174
863	1	3580
265	3	156
1917	3	2786
3346	3	1224
1889	1	3571
2041	3	3464
2698	1	3612
721	3	2773
2567	1	3575
1577	3	1611
376	3	3087
3075	3	765
3556	3	689
111	1	3598
2855	3	3470
325	3	2175
1633	3	1208
3438	3	3491
633	1	3585
1546	3	2333
2882	3	3164
484	3	1156
2191	3	1849
1522	3	2805
2185	1	3568
150	1	3569
2422	3	1316
1515	1	3584
2454	3	2318
2811	1	3602
3036	3	588
2733	3	3470
716	3	2347
3441	1	3584
1032	1	3568
1037	1	3769
2799	3	2560
3259	1	3581
443	1	3649
416	1	3602
1954	1	3569
2329	3	1219
2729	1	3604
1890	3	645
116	1	3593
891	1	3628
1876	3	3437
590	3	3086
1948	1	3671
2508	3	114
3437	3	427
3344	3	3010
877	3	2904
1825	3	3100
3025	1	3601
689	3	3060
37	1	3569
642	3	3099
978	3	2560
2286	3	647
204	3	687
1756	3	3114
1860	3	2912
1966	3	2815
133	1	3569
1538	1	3586
1396	3	305
475	1	3702
470	3	1073
495	3	100
1884	3	2261
3124	1	3575
1345	3	204
1733	1	3574
1686	1	3613
2298	3	2291
3242	1	3581
3375	3	3002
3382	3	3314
3527	3	3367
1124	3	51
3044	3	3351
682	1	3614
1190	1	3585
1951	1	3585
2918	3	2427
1725	1	3584
1651	1	3576
1128	3	574
2191	3	105
2926	1	3828
1504	3	1814
1012	3	1381
2077	3	3077
369	3	1778
987	1	3618
2399	3	78
3254	3	2827
1627	3	2404
308	3	3464
3071	3	376
787	1	3614
2252	3	2741
519	3	163
3225	1	3581
2999	1	3580
2842	3	2485
1534	1	3571
2434	3	465
2680	3	1661
2022	1	3609
3562	3	1660
1533	3	1522
3359	3	2827
2677	3	1929
292	3	687
2256	1	3568
477	3	197
1800	3	2161
1727	3	2759
493	3	2236
1286	1	3575
1635	3	1784
1728	3	2820
2733	3	571
1507	3	3020
3076	3	1310
246	3	2450
587	3	270
2512	3	418
30	3	2498
3238	3	2652
1182	3	1379
2508	3	1187
493	3	3175
1486	3	1911
2229	3	1698
810	1	3646
1291	1	3570
1073	3	2498
3085	3	2609
1020	3	566
1391	1	3575
1705	1	3600
1708	3	1536
1017	3	221
0	1	3574
2178	1	3770
557	3	2537
3281	1	3686
3085	3	3548
1987	1	3581
2020	3	745
1804	1	3574
2789	1	3663
1057	1	3590
353	1	3600
1005	3	647
2688	3	2566
120	3	2815
1972	3	3561
2619	1	3641
127	3	465
2787	1	3582
1719	3	3513
1527	1	3618
32	3	2555
3309	1	3569
1274	1	3570
2219	3	2566
2632	1	3626
493	1	3637
866	1	3604
3371	3	283
2953	3	2167
1055	3	1656
1227	3	2901
2739	3	17
2961	1	3568
2567	3	1637
1970	1	3581
2043	3	2646
1655	3	2613
567	3	1803
246	3	1645
2172	3	2399
437	3	3126
2262	1	3600
3221	3	558
2797	3	2736
674	3	603
1588	1	3574
1044	3	2143
671	3	1012
1512	3	547
1577	3	2229
2370	1	3568
1230	3	2259
818	3	978
2202	3	2566
2721	3	192
114	3	988
1225	3	894
1127	3	2522
2889	2	4048
3292	1	3569
3392	1	3574
2168	3	135
149	1	3581
1799	3	2820
341	3	1224
2001	1	3573
2944	1	3568
437	3	3476
323	3	813
17	3	2441
141	1	3591
2006	3	1012
2355	1	3649
1953	1	3581
2505	3	623
3191	3	2646
3544	3	1733
2475	1	3568
1023	1	3590
2063	1	4007
407	1	3624
1471	1	3569
1484	1	3581
1821	3	2441
2446	3	1812
1354	3	3287
554	1	3590
1013	3	3215
1015	1	3600
1356	1	3672
1571	1	3574
254	1	3581
3169	3	931
1838	1	3657
989	1	3614
1179	1	3927
3275	1	3569
3049	1	3568
3167	1	3574
2380	3	2907
2642	3	1625
2058	1	3581
132	1	3581
1854	3	471
2045	1	3569
2618	3	2097
1345	3	3266
2561	3	3378
2509	3	3216
2351	1	3661
3263	3	658
2785	1	3624
2793	3	1761
2711	1	3616
1038	3	501
3415	1	3606
1006	1	3590
2677	3	1258
285	1	3573
706	1	3581
898	3	1224
1228	1	3568
56	1	3666
537	1	3590
1628	1	3582
2956	3	2410
933	3	3480
237	1	3581
3032	1	3568
1531	3	1288
2850	3	1194
1741	1	3572
637	1	3568
2563	1	3568
1362	3	17
350	1	3571
481	3	3079
1125	1	3606
1094	3	2347
107	1	3591
1559	1	3569
114	3	1122
1659	1	3574
366	3	1492
3290	1	3611
812	3	861
3508	3	695
1570	3	2434
3238	3	2920
3363	1	3569
2321	3	2941
2582	3	299
1211	1	3568
220	1	3581
3256	1	3635
584	3	3223
878	3	3334
2418	3	3002
2469	3	659
3015	1	3568
315	3	2856
2753	3	3176
3149	3	1875
360	1	3797
802	1	3571
874	3	131
1920	3	1008
1889	3	2275
2546	1	3568
1719	3	2842
794	1	3581
2220	3	2501
1542	1	3569
761	3	299
425	2	3811
532	3	2836
1380	3	2273
1461	3	3149
2059	3	984
2358	1	3724
2629	3	2330
2831	2	3883
3532	3	1512
101	3	1292
2187	3	3131
2396	1	3843
2122	3	3348
3120	1	3568
3303	1	3575
524	3	402
3421	1	3581
3434	1	3593
3371	3	2995
203	1	3581
3234	3	1006
861	1	3614
1849	3	2623
1087	3	99
1790	1	3574
2264	1	3596
3012	1	3584
3349	3	2444
1675	1	3677
2037	3	2652
1288	3	1648
3510	3	109
1782	1	3584
384	3	344
899	1	3592
3379	1	3672
824	3	3013
3451	1	3569
1112	1	3755
102	3	2056
1299	1	3568
1350	3	1507
702	3	558
1121	1	3570
2751	3	1929
2469	3	2887
2995	3	1381
1551	3	3056
2230	3	1767
974	3	1398
2914	3	2578
17	3	1770
1324	3	197
890	1	3571
1191	1	3584
2295	1	3588
857	1	3626
51	3	2275
2280	3	3012
991	1	3580
1059	3	2444
2878	1	3774
1455	3	1507
3544	1	3618
1186	1	3568
220	1	3715
648	3	1780
1157	3	2165
742	1	3702
182	1	3569
3094	3	574
1196	3	1208
1282	1	3568
289	3	3549
763	3	161
1704	3	1179
2275	3	687
3004	3	1546
2365	2	3776
1309	3	2733
799	3	3023
168	3	2435
642	3	2457
2041	3	1667
3027	1	3626
1465	3	615
2737	3	95
2838	3	384
1878	1	3574
137	1	3686
3100	1	3584
2916	3	2461
3240	3	3317
3252	3	2332
1380	3	2407
3384	3	512
2697	3	501
745	3	3133
1310	3	114
1678	1	3570
287	1	3569
1062	1	3604
1042	3	0
939	3	1370
1169	1	3568
2865	3	1017
1045	3	109
3259	3	167
2536	1	3631
165	1	3569
1983	1	3574
57	1	3574
2385	3	918
545	1	3612
157	1	3579
979	1	3575
1625	3	2259
86	3	1507
1747	3	18
521	3	3221
1861	1	3574
2670	3	1187
1469	3	2663
3040	1	3590
450	1	3659
549	3	2165
1805	3	2124
2680	3	1608
3083	1	3584
1294	3	720
631	1	3574
1392	1	3574
85	3	3530
2919	3	105
2189	3	674
3472	3	1825
3028	3	3123
2210	3	2722
1843	3	3209
2435	1	3574
1089	3	1250
689	3	2202
2449	1	3590
1872	3	2759
2623	3	266
934	3	1294
3357	1	3575
1966	1	3574
338	3	3372
844	1	3569
2454	3	2749
3203	1	3680
3289	3	1067
2666	1	3570
1550	3	1035
3102	3	109
2229	3	1645
2393	1	3608
2019	1	3591
1285	1	3619
3429	3	3548
253	1	3569
2692	3	51
1419	3	3293
807	3	114
98	1	3613
1426	3	2441
3304	3	2628
2598	3	2956
2953	1	3573
205	1	3577
1311	3	854
643	3	2416
1720	3	3127
2014	3	3238
2132	1	3581
2191	3	186
1522	3	1142
642	3	3530
1949	1	3574
241	3	658
170	3	203
827	1	3569
1202	1	3590
2160	3	3352
2997	3	2882
177	3	1071
211	1	3603
555	3	1611
1381	3	114
2249	3	1538
2262	3	2304
234	3	3173
1779	3	2288
3473	3	2215
1429	3	1045
1731	3	1721
603	3	2189
1615	1	3589
2706	1	3581
304	3	2786
1681	3	1062
3504	3	2432
1715	1	3594
2640	3	603
236	1	3569
1368	3	2378
1664	3	1436
304	1	3679
2728	3	1381
2520	3	2347
3120	3	849
2994	3	679
19	3	602
820	3	78
1773	3	2976
2115	1	3581
2675	3	2097
1932	1	3574
2707	1	3609
3551	3	2739
3111	1	3590
74	1	3684
95	3	1833
1237	3	2135
239	3	1280
1731	3	2071
3564	3	1244
702	1	3574
1653	3	24
3329	1	3601
3232	1	3570
3510	3	3044
186	1	3613
776	1	3593
146	1	3611
1724	3	2142
2381	3	1761
2689	1	3581
3099	3	679
2659	3	465
1931	1	3671
1590	1	3599
2220	1	3581
3238	3	2733
1770	3	2981
7	1	3584
782	1	3619
96	3	3351
371	3	3226
1158	3	1522
3059	3	3249
3247	1	3633
1160	3	2189
1684	3	16
2098	1	3581
1187	3	1072
589	1	3574
2198	3	2693
2947	1	3624
2981	3	95
2333	1	3571
881	1	3593
2470	3	533
3169	3	878
1356	1	3619
1193	3	1909
530	3	3146
557	3	2029
2988	3	936
459	1	3584
3194	1	3568
1288	3	1111
2677	3	266
1139	1	3636
377	3	2693
692	3	2044
883	3	698
1228	3	2649
687	3	679
1417	3	3110
1273	1	3590
1698	3	1546
2725	1	3568
90	3	252
3545	3	1337
2785	3	234
156	3	96
2332	3	1698
2930	1	3624
252	3	1594
1232	3	375
2603	1	3568
674	3	2189
2777	1	3581
3401	3	2419
1261	3	679
2679	3	1462
1086	1	3571
2799	3	1381
382	1	3581
1717	1	3806
337	3	196
1403	3	3252
2104	3	471
1112	1	3568
3565	1	3601
3237	3	1924
3116	1	3572
352	3	465
2890	1	3571
2648	3	2005
2897	3	1102
2186	1	3581
148	1	3601
2948	3	2953
2406	3	2995
3087	3	3108
1230	3	1751
2288	3	135
1061	3	2924
1014	3	2963
607	3	1883
1127	3	2014
1416	3	1924
2991	3	3273
3157	3	1812
3292	3	1444
2725	3	207
2122	3	1417
365	1	3581
1594	3	2286
3346	3	2273
1386	3	3252
1576	3	155
2116	3	2273
2944	3	3133
3382	3	2135
3522	3	2543
1335	1	3604
3201	1	3631
2972	3	2831
943	3	2693
660	1	3574
746	3	2068
2691	1	3568
1274	3	2919
1016	3	3405
2285	3	932
270	3	2920
2395	1	3729
77	3	2818
283	3	1006
3265	1	3568
2130	3	1551
2123	3	3491
3279	1	3584
318	1	3599
2099	3	2273
2408	3	2097
2199	3	558
537	3	2778
911	1	3688
209	3	1381
879	3	1012
3531	1	3601
1267	3	3519
807	3	1671
3170	3	1187
376	3	2981
1348	1	3568
2674	1	3568
2652	3	1370
2270	1	3569
344	1	3569
3517	3	23
3520	3	2794
3369	3	1345
1266	1	3570
3263	3	1089
1913	3	2507
2672	2	3886
2333	3	344
3123	3	2165
2550	3	3357
790	3	1085
1863	3	3346
2480	3	1064
757	1	3568
792	3	1752
2040	1	3574
582	3	1698
1320	3	3357
3263	1	3645
593	1	3618
305	3	432
2165	3	2652
398	3	3131
1331	1	3568
3375	1	3574
1156	3	1698
892	3	623
340	1	3581
327	1	3569
1773	3	561
2308	3	1667
3004	3	1493
1329	3	695
2505	1	3586
1779	3	1751
2205	1	3577
3349	3	647
1616	1	3658
3464	3	78
1086	3	344
914	1	3581
3512	3	1296
1436	1	3568
2948	3	404
2831	3	402
432	1	3569
1169	3	370
2515	3	2165
1333	3	1804
1314	1	3568
1486	1	3668
1965	3	2453
2105	3	1551
836	3	416
1127	3	3437
1172	1	3624
366	3	2273
1180	3	1761
2236	1	3569
2739	3	2810
845	1	3568
2128	1	3574
2850	3	2914
1564	3	3317
1124	3	295
3030	3	2223
677	1	3657
750	3	2722
1422	3	3373
2380	1	3591
3075	3	3237
3327	3	3254
3485	1	3599
346	3	471
2134	3	2794
2746	3	645
1419	1	3568
2824	1	3585
2080	3	2874
2425	3	2207
3169	3	1846
415	1	3569
3248	3	365
2493	1	3581
2796	3	2435
1337	1	3570
3344	3	1510
2983	3	2612
3147	3	131
3272	3	2522
3156	1	3636
828	1	3568
2111	1	3574
700	3	322
2993	1	3573
3034	1	3636
1623	3	384
1852	3	1658
1162	1	3711
2845	1	3731
69	3	2363
765	3	2189
1250	3	620
1402	1	3568
2232	3	1701
2807	1	3585
655	1	3584
353	3	2628
1157	3	1657
398	1	3569
447	3	860
558	3	964
1012	3	2914
1652	3	3317
3524	3	2135
95	3	2935
2239	3	700
2751	3	266
2094	1	3574
1990	1	3584
64	1	3584
1189	3	2491
3173	3	861
3017	1	3636
1345	3	3026
2652	3	699
503	1	3569
3164	1	3602
341	3	2273
525	3	2533
1781	3	1738
796	1	3649
2154	2	3751
1368	3	2325
2569	3	95
155	1	3568
879	3	691
2055	1	3582
2623	3	1852
3232	3	3405
915	3	2273
1224	3	2097
2799	3	1194
421	1	3601
3492	3	3259
751	1	3574
817	3	3491
931	3	2956
2118	1	3637
1673	1	3575
3094	3	2294
1016	3	1929
893	3	558
2176	3	2463
1977	1	3754
3377	1	3570
2728	3	1678
405	3	3149
925	3	3223
2147	1	3570
160	1	3574
2001	3	322
79	1	3626
2254	3	3197
452	1	3593
899	1	3568
856	1	3574
200	3	2534
50	3	1116
2544	3	105
3256	3	3468
898	3	2273
2009	3	2179
2232	3	1835
492	1	3625
734	1	3574
892	1	3639
289	3	3175
600	3	1767
1657	3	491
2236	3	2005
265	1	3574
2993	3	720
812	3	971
557	1	3593
2608	3	2294
1622	1	3599
3352	1	3580
384	3	2198
2230	1	3575
392	1	3599
839	1	3574
2244	1	3591
1963	3	2629
2890	3	2275
1637	3	3179
2543	1	3569
2607	3	375
271	3	114
1866	1	3626
186	3	2451
1455	3	2422
1408	3	2461
2643	1	3574
717	1	3574
1539	1	3570
2507	3	1854
3382	3	3237
183	3	1753
1522	3	1573
2509	3	2521
3322	1	3774
248	1	3574
835	3	2137
2470	3	1769
3055	3	929
376	3	2794
1750	3	3169
826	3	3440
631	3	3273
2648	1	3569
722	1	3569
786	3	375
1373	3	2454
1550	3	2755
1507	3	1654
822	1	3574
1374	1	3953
1551	3	2816
118	1	3584
1838	3	1880
988	3	86
1114	1	3593
1870	3	2882
2566	1	3571
2698	1	3669
937	3	511
537	1	3834
308	3	943
2875	3	1778
3389	3	2011
960	3	361
1658	3	2544
1230	3	1698
890	3	3377
1493	3	2167
94	3	1658
439	3	199
84	3	2165
2453	3	1769
150	1	3626
582	3	2450
2464	3	2796
2436	1	3581
3027	3	830
3159	3	1262
1801	3	2869
2012	3	2422
3114	1	3585
152	3	1512
981	3	3540
2631	1	3569
705	1	3569
1264	3	725
1480	1	3604
1954	1	3626
1193	1	3607
2086	3	2441
805	1	3574
2210	1	3591
1057	3	607
2816	3	1462
1156	3	2450
189	1	3608
2732	1	3578
519	1	3581
785	3	1986
3431	1	3570
2348	3	378
2054	1	3604
783	3	1905
3510	3	1381
1493	3	1012
910	1	3574
84	3	3454
365	3	1480
3097	1	3585
157	3	2446
1233	3	1797
2464	3	1641
2614	1	3569
593	3	2322
1867	1	3585
1045	3	3252
2267	1	3599
349	3	982
1381	3	679
2236	3	3428
1291	3	2815
347	3	3142
1493	1	3568
3419	1	3568
502	1	3581
319	1	3574
78	3	2422
46	1	3612
1821	3	3169
2280	1	3584
2773	3	152
381	3	850
1933	1	3614
1368	3	2943
1612	3	1839
700	3	3168
2306	1	3581
2435	3	2441
3155	1	3624
2828	1	3568
582	3	1645
615	1	3571
1567	3	1381
1898	1	3577
1589	3	63
3402	3	1012
72	1	3582
1047	3	1825
1525	1	3813
95	3	2398
102	3	2300
2672	1	3581
3269	3	1637
2864	3	1224
3404	3	3342
2805	3	3002
3402	1	3568
1476	1	3568
1156	3	1645
1445	3	1555
1668	3	1211
900	1	3661
2043	3	125
3549	3	951
2799	3	2751
3282	3	3342
2487	3	2229
674	3	526
2350	1	3577
1212	1	3624
2319	3	2652
295	3	308
3232	3	1929
1821	3	2014
644	3	1854
2549	1	3705
3096	3	3354
1664	3	3290
1612	3	3128
1955	1	3585
1059	1	3581
3155	3	1576
3410	3	2291
1469	3	679
3497	3	564
105	3	725
2844	3	1115
1032	3	772
590	1	3581
112	3	2347
875	3	3367
2352	3	3126
3364	1	3772
1053	3	2820
250	1	3570
1875	3	564
1816	3	1588
1225	3	1756
1172	3	234
2940	3	361
3198	3	3437
3385	1	3568
1482	3	2384
2381	1	3569
432	3	1310
2699	3	2136
3250	3	1909
2995	3	2914
1208	3	652
3529	1	3590
1828	3	3232
1013	3	3138
2150	3	2485
15	3	192
2261	3	2589
3351	1	3592
3425	1	3600
208	1	3604
1433	3	1550
1682	3	647
1564	1	3568
2855	3	2856
115	3	1507
63	3	1345
1095	1	3568
3309	1	3626
1557	1	3639
1821	3	270
2051	1	3575
2115	3	1135
1657	3	2398
2733	3	2856
213	3	1982
739	3	2920
898	3	1147
2028	3	2434
239	1	3596
2223	3	349
1608	3	2153
460	3	2707
317	1	3774
191	1	3604
2235	1	3610
338	1	3570
950	3	3002
1547	1	3568
2378	3	1762
2469	1	3569
1295	1	3581
647	3	1541
849	3	677
96	3	78
1204	3	431
1540	1	3639
2724	3	2610
3439	1	3592
2831	3	2927
2981	3	3238
596	1	3613
3258	3	2578
913	1	3574
41	3	1272
1071	1	3639
100	1	3585
1380	3	1846
2023	3	695
285	3	3168
1953	3	301
2143	3	1368
1652	1	3568
3017	3	2690
3387	3	3476
1357	3	1234
3391	1	3600
3459	3	929
1443	3	2311
1918	1	3601
2248	1	3574
796	1	3596
3294	3	3026
1179	3	647
3308	1	3571
989	1	3671
1228	3	3348
1890	3	2259
13	1	3571
2130	3	2116
1821	3	3437
2907	1	3681
2492	1	3601
2147	3	3405
2822	1	3574
896	1	3574
2192	1	3592
2738	3	2827
256	3	2463
2313	1	3572
3522	1	3570
548	3	2482
2605	1	3591
1541	3	2029
3402	3	691
2231	1	3574
603	3	3372
1111	3	3343
3272	3	2014
2597	1	3601
2898	1	3671
882	3	2625
1769	3	17
735	3	3234
2890	3	344
3073	1	3688
2705	1	3569
1512	3	3182
2678	3	1905
3250	1	3636
892	1	3586
74	3	3220
2805	1	3574
2880	3	3306
1171	1	3593
1988	3	1017
2560	3	1310
410	1	3574
2782	1	3697
2464	3	3548
1366	1	3581
3378	3	2075
2588	1	3591
3535	3	389
2695	3	161
968	3	699
2077	3	1658
2214	1	3574
897	1	3581
1187	3	1316
984	1	3574
2082	3	2434
2176	3	666
2688	1	3569
3261	3	2097
3510	3	1194
515	1	3574
1344	3	13
475	1	3572
1665	3	2070
643	3	2794
2788	1	3574
2876	1	3598
333	1	3628
2219	1	3569
1373	3	1462
3352	3	540
441	3	2524
3385	3	849
1349	1	3581
2171	1	3577
221	3	2785
1502	3	1017
925	3	2365
1390	1	3644
1871	1	3568
2232	3	38
2286	3	867
2645	3	3070
2793	1	3569
1714	3	221
2280	3	1780
106	3	1933
967	1	3574
646	3	1045
2928	1	3584
2698	1	3616
2671	1	3569
498	1	3574
2003	3	3514
2247	3	2410
3206	1	3568
2156	3	877
1596	3	744
2202	1	3569
750	1	3591
2006	3	3431
2302	1	3574
674	3	3372
2811	1	3606
526	3	1476
3245	1	3569
427	3	2441
2321	3	2193
1854	1	3568
2169	3	2582
639	1	3672
2492	3	1687
1961	3	3548
279	3	1690
2499	3	2555
2776	1	3569
2810	3	1147
3292	3	749
3439	3	2967
2915	3	444
2886	3	658
1387	3	2618
344	3	1658
370	3	1853
481	1	3574
3272	3	3437
629	1	3601
2056	3	3127
2930	3	2005
166	3	2989
1688	3	564
3024	1	3574
1640	3	3369
1055	1	3574
3316	1	3593
1837	1	3568
2397	3	1330
2737	3	1550
3242	1	3585
3289	3	1929
2759	1	3569
2531	3	3183
2236	3	3375
1875	3	1316
391	1	3616
400	3	1060
1943	1	3599
1795	1	3602
3392	3	1262
1966	3	725
1495	1	3593
917	3	1402
1927	3	2417
12	3	2690
319	3	3567
3007	1	3574
3378	3	465
3403	3	3464
3252	3	295
2536	3	1290
1854	3	1146
1908	1	3592
2999	1	3584
1309	3	1635
1416	1	3569
1613	3	2167
2384	3	2607
3079	3	1073
1661	1	3627
1512	1	3569
1526	1	3585
94	3	1150
292	3	691
206	3	2422
735	3	469
3404	1	3593
3513	1	3592
3330	1	3585
3377	3	1929
2130	3	640
1230	3	2129
2208	1	3580
700	3	432
1455	3	1698
3392	3	107
2147	3	1929
209	3	2914
1258	3	1073
517	1	3570
2410	3	2398
3289	3	1124
2990	3	1721
763	3	2796
3364	1	3719
1399	1	3569
3122	3	2153
2918	3	1626
1291	1	3574
2066	1	3609
2513	1	3584
3288	1	3619
3530	1	3568
930	1	3569
2016	3	3023
673	3	3044
2015	3	2417
2233	3	1872
3095	1	3574
1354	3	3157
404	3	425
1719	3	2578
1383	3	2707
1608	3	222
2626	1	3574
308	3	2663
1504	1	3569
330	3	1345
2300	3	2507
821	3	38
403	3	2057
148	3	3062
1009	3	3265
1437	3	1667
1810	3	2741
904	3	417
294	3	2422
223	3	1967
1274	1	3574
89	1	3660
1471	3	1418
2496	1	3584
749	3	461
3004	3	3026
2012	3	1698
2275	3	2167
259	3	3549
188	3	3094
2169	3	1911
2777	3	167
561	3	3061
3035	3	3243
1116	3	3357
2964	1	3681
3253	1	3591
3182	3	765
448	3	3229
1487	1	3569
2262	1	3604
2790	3	1872
2041	3	114
2784	1	3591
1512	3	2995
67	3	2165
603	3	152
41	3	280
3030	3	373
14	1	3570
1257	1	3574
2452	3	2273
3237	3	2786
673	3	2239
2654	1	3601
1071	1	3586
2794	3	2981
2799	3	3182
22	3	2646
3512	3	735
2718	3	2881
2915	3	1062
1470	1	3569
1900	3	3408
210	3	3076
1362	1	3574
1484	1	3585
2576	3	493
3177	3	689
765	3	3372
331	3	1157
1804	3	375
1865	3	3371
3349	1	3581
801	3	982
2645	1	3591
546	1	3604
3087	3	937
3166	1	3574
3167	1	3578
2058	1	3585
2066	3	1722
2880	1	3581
300	3	2454
3127	3	969
1221	3	2956
754	1	3577
3219	1	3591
192	3	15
1000	3	2803
1316	3	687
1113	3	1854
2697	3	1176
3472	3	1211
1350	3	438
1528	1	3581
3301	3	27
3060	3	2404
1005	3	1135
639	3	3373
3385	3	1012
2953	3	1716
1769	3	2408
1932	1	3765
804	3	2969
594	3	2915
2488	3	1330
2039	1	3672
2464	3	2556
314	3	376
3304	3	1075
2629	3	3489
1678	3	1258
785	3	807
2950	1	3574
3096	3	2041
1633	1	3581
1580	3	2476
339	3	3139
3066	3	3369
674	3	152
938	3	1035
3434	3	3135
3263	1	3568
518	3	754
1522	1	3680
2609	3	2794
1611	3	2693
1511	1	3581
3148	1	3671
1972	1	3572
2433	1	3582
2546	3	1016
742	1	3572
215	3	603
3015	1	3572
532	3	1901
2077	3	1016
2471	3	1330
994	1	3589
3248	3	2032
1462	3	376
1901	3	2439
1443	3	1803
1916	1	3590
2546	1	3572
3368	1	3568
3277	3	3481
286	1	3614
385	3	2874
794	1	3585
1156	3	2560
1616	1	3581
3488	3	1870
178	1	3619
1596	3	2785
3210	3	543
325	1	3585
278	1	3624
416	3	3091
1574	3	2204
1890	3	1751
2180	3	2267
687	3	870
2554	3	2648
3420	1	3581
1207	1	3584
2633	3	2504
3421	1	3585
801	1	3672
460	1	3600
1934	3	3087
2149	3	2989
544	1	3657
2640	3	3372
2938	1	3569
1461	3	120
1493	3	1122
725	1	3572
2413	3	3519
3222	3	497
3040	3	904
2567	3	381
2456	1	3614
1625	3	2129
1563	3	382
3351	1	3568
1899	1	3590
3398	3	1912
1599	1	3581
594	3	3049
791	1	3601
3100	3	1743
1729	3	2304
533	3	571
2753	3	1436
743	1	3609
332	3	2405
4	3	3099
1698	3	3026
732	3	3173
161	3	1221
2784	3	1653
1008	1	3581
1057	3	2945
904	1	3591
2140	3	299
2693	3	3183
2921	1	3569
1183	1	3598
2867	3	2032
1658	3	344
508	1	3568
1631	1	3634
2223	3	325
643	3	1936
556	1	3590
1063	3	2618
1478	1	3591
125	3	2119
327	1	3626
2687	1	3589
3070	3	1804
2275	3	691
3372	3	1316
3387	3	3102
1250	3	543
5	1	3592
2196	3	2145
2919	3	1264
1177	3	770
1578	1	3569
2904	1	3569
2123	1	3636
691	1	3572
2619	3	902
779	1	3596
1991	1	3568
2306	3	2582
731	1	3604
1816	3	1698
955	3	2249
3274	1	3574
483	3	2140
987	1	3569
2236	1	3626
2546	3	2439
57	1	3578
2758	1	3613
1279	1	3588
1453	1	3601
3351	1	3702
1709	3	2320
1323	3	1234
2810	3	2733
2683	1	3574
1231	1	3596
2316	3	1690
3487	1	3569
1561	1	3569
1466	1	3586
1853	3	251
1714	3	652
1400	3	1715
1897	1	3996
3147	3	3221
1414	3	643
1365	3	2842
2191	3	1345
1443	3	193
3257	1	3574
2497	3	2544
2293	1	3634
2896	1	3569
257	3	601
1059	3	2582
1551	3	161
2263	3	1625
233	3	1827
1262	1	3588
3184	3	3464
1666	1	3569
3510	3	2914
1705	3	995
2782	3	1706
2548	1	3568
2510	3	277
2574	3	2672
2666	1	3574
3489	3	1805
1322	3	18
1544	1	3569
2799	3	2995
1357	3	3438
153	1	3568
2079	1	3568
2466	1	3570
1409	3	1156
2658	1	3584
3362	1	3574
939	3	3013
1075	1	3569
398	1	3626
1511	3	108
2886	3	1089
1656	3	161
3168	3	687
1107	3	1055
1678	3	2815
3240	1	3574
3281	1	3637
135	3	3203
2612	3	2976
727	1	3568
2134	3	1107
1567	3	2914
2771	1	3574
1956	3	1109
2385	3	117
2782	3	2056
421	3	2415
1649	1	3569
232	3	2510
2531	1	3568
825	3	2952
765	3	152
1206	1	3764
1516	3	1823
2086	3	3169
3164	1	3659
1527	1	3569
3453	1	3569
2062	1	3568
3345	1	3574
2641	1	3584
2761	3	1330
3260	3	130
1058	1	3569
3511	3	86
620	3	1230
646	3	671
13	3	344
596	3	2264
2647	3	330
648	3	174
3223	1	3574
2161	3	1868
2308	3	114
1688	3	1345
710	1	3568
2937	1	3581
402	3	1748
691	3	1658
1932	1	3578
2754	1	3574
1632	1	3569
3028	3	3261
3184	3	215
241	1	3568
2554	1	3570
2988	3	2095
3277	3	2005
3289	3	266
1163	1	3569
1939	1	3665
2447	1	3636
2421	3	2578
3328	1	3574
2073	1	3619
368	1	3593
1701	3	370
2220	1	3585
3175	3	3002
1737	1	3569
2688	3	773
482	1	3614
2658	3	381
2874	3	135
2994	1	3589
1856	1	3636
693	1	3568
2600	3	1658
2737	1	3574
2694	1	3580
104	1	3649
2778	1	3637
384	3	1316
1053	3	2259
1429	3	2688
410	1	3684
1146	1	3569
2738	3	1782
1641	3	3056
307	3	2330
262	3	1316
3494	1	3581
343	3	2192
1051	3	279
1281	1	3584
2374	3	2186
2891	1	3627
3556	3	2547
356	1	3794
798	1	3568
3025	1	3581
1469	1	3613
2245	3	564
1720	1	3569
985	1	3745
933	3	2492
1992	3	2236
3155	3	2304
3193	3	6
1394	1	3574
717	1	3631
2435	3	2014
2796	3	1821
1318	1	3827
3118	1	3657
390	1	3575
1304	3	2929
2895	1	3591
638	3	815
1933	3	981
2525	3	3261
382	1	3585
96	3	1611
1710	3	161
2618	3	2398
3062	3	1854
161	3	95
1559	3	964
2972	3	1546
3477	1	3581
2015	3	754
1734	3	2318
598	3	3385
3008	1	3581
1499	1	3574
2078	1	3590
1665	3	86
1273	3	1546
2960	1	3589
595	1	3580
2068	3	3215
2152	1	3609
1044	3	1639
363	3	2435
2931	3	1432
3077	3	1546
2446	3	958
2165	3	2522
2134	3	436
2773	1	3570
3318	3	300
1375	1	3610
2261	3	1223
2548	3	3293
1482	1	3574
1810	1	3634
3369	3	2504
3513	1	3568
2061	1	3590
2633	3	1512
1300	1	3571
2200	3	465
3182	3	1546
1138	3	376
1474	1	3584
2839	1	3599
3488	1	3568
811	1	3657
3060	3	1546
130	1	3574
2495	1	3738
3265	1	3572
2457	1	3592
1170	1	3581
510	1	3617
890	3	2279
910	1	3631
1277	1	3898
870	1	3572
341	3	2009
937	3	2796
1345	1	3655
2870	1	3591
2768	3	1877
3419	1	3625
1816	3	2450
1744	1	3581
2441	3	1821
2612	3	561
1010	1	3609
1386	3	1512
2916	3	3567
453	1	3585
323	3	2537
1073	3	384
1363	3	1988
113	1	3574
2742	3	3375
495	1	3709
154	1	3637
477	3	2405
1857	1	3571
1049	1	3591
1300	3	210
866	1	3584
1359	3	2404
1690	3	2983
2712	1	3876
119	1	3600
3206	1	3812
1344	3	1546
521	3	944
2144	3	416
43	3	3381
1443	3	945
2041	3	679
2319	3	1770
2176	3	3138
1162	1	3581
2308	3	1671
969	3	744
548	3	3210
1883	3	25
2545	1	3592
3512	3	361
3038	3	2059
1154	1	3591
524	3	1992
2418	3	2498
2942	3	325
2727	1	3568
478	1	3709
137	1	3637
2815	3	2167
1736	1	3581
2465	3	571
3512	3	1300
806	1	3590
102	1	3600
3553	3	2117
2844	3	1172
1667	3	1012
1380	3	1769
1422	3	2438
3354	3	646
2136	1	3568
1220	3	858
1816	3	1645
2328	3	1211
2610	1	3590
576	3	1224
583	1	3709
880	3	1756
215	1	3590
915	3	1204
2058	3	3257
1978	3	543
1913	3	1706
514	3	2304
948	1	3884
2663	3	2714
17	3	3360
3350	1	3588
2710	1	3568
938	3	2755
3126	3	3372
1512	3	1816
1719	1	3581
295	3	1654
875	3	1330
2814	3	2850
2815	3	1012
489	1	3581
1606	3	604
470	3	1671
679	3	204
1237	1	3569
1449	3	38
2446	1	3624
196	3	3194
320	1	3590
1337	1	3574
2935	3	931
2119	1	3568
322	3	2640
2293	1	3581
1242	3	2728
1977	1	3624
3041	1	3569
2815	1	3568
96	3	2229
828	1	3572
198	1	3590
1289	1	3582
668	3	3488
2933	1	3574
2736	3	578
721	3	2566
308	3	679
1853	3	548
3436	3	3428
1728	3	2129
1392	3	2258
2693	1	3568
1413	1	3671
2408	3	491
2224	1	3568
1160	3	2006
1785	3	623
472	1	3581
2470	3	2794
664	3	1224
3146	1	3569
2945	3	2820
3147	1	3630
2569	3	2193
1363	3	3411
956	3	3142
680	3	2661
1469	3	870
2476	3	1732
2495	3	3113
2798	1	3568
1187	3	1828
1830	3	3330
2916	1	3574
427	3	3169
2051	3	3304
730	1	3624
1794	1	3569
3536	3	373
2275	3	1122
109	3	1086
2836	3	1316
548	3	1250
2676	1	3568
2684	3	1705
1325	1	3569
3164	1	3606
1760	1	3593
2207	1	3568
3490	1	3574
455	1	3581
2235	3	3339
2453	3	2794
2822	3	1075
3129	1	3569
977	1	3568
674	3	2006
1784	3	161
2005	3	135
2312	3	1012
2702	3	1712
2051	3	1210
3234	3	330
2953	3	1476
2781	1	3568
2899	1	3574
2493	1	3719
2075	3	3367
2312	1	3568
386	1	3568
3464	3	1316
85	3	3026
1308	1	3569
344	3	292
3314	3	2976
1317	3	1767
2190	1	3568
2981	3	1551
1042	3	785
1675	1	3657
3178	3	486
3183	3	687
3473	1	3574
1222	3	3504
1348	1	3601
547	3	2508
960	1	3568
2241	3	2435
2675	3	2398
2886	1	3568
477	3	3023
1547	3	422
3152	1	3601
1799	3	2129
1156	3	1381
3549	3	687
1556	1	3574
2331	1	3609
2300	3	1596
2543	3	78
487	3	647
639	1	3595
3477	3	592
2295	1	3568
369	1	3568
22	1	3598
1417	3	2122
2522	3	1221
1800	1	3601
2333	3	1316
2595	3	1179
3371	3	1820
2130	1	3574
2335	1	3600
1000	3	1758
2891	1	3574
1914	1	3622
1284	1	3640
943	1	3568
1767	3	140
656	1	3571
2648	3	78
3205	3	658
1175	3	668
1012	3	3402
2313	3	268
3135	1	3601
473	3	1345
3142	3	1132
1618	1	3783
819	3	1637
1539	1	3574
87	1	3596
667	3	1272
1619	3	699
2205	1	3610
431	3	440
3465	1	3574
352	1	3568
467	1	3639
248	1	3578
270	3	3087
158	3	125
1	3	2720
1657	3	1784
93	1	3622
403	3	2435
744	3	2507
1048	1	3568
1947	3	944
2171	1	3634
1062	1	3584
1935	3	431
2113	1	3574
1800	3	799
2646	1	3660
2926	1	3755
2648	1	3573
2057	3	1370
2089	3	299
1086	3	1316
2108	3	592
1507	3	1658
1644	1	3574
1014	1	3592
2419	1	3609
705	3	78
2815	3	691
1889	3	295
3519	3	3136
2920	3	2796
1763	3	125
1798	3	1825
2671	1	3626
3120	3	1284
2391	3	15
1522	1	3574
3448	1	3574
158	1	3620
1563	1	3637
1888	1	3601
338	3	3002
2444	1	3575
935	1	3568
2218	1	3574
128	3	1611
3077	3	1493
2336	1	3580
3104	3	376
780	1	3612
2436	1	3585
3087	3	2470
853	1	3570
3333	3	2033
2096	1	3574
3373	3	1682
745	1	3575
1046	1	3645
1575	3	2519
1751	3	1460
2512	3	3378
2776	1	3626
2810	3	1204
3210	1	3589
3354	3	109
1627	1	3574
2402	1	3609
3342	3	2404
2005	3	2497
315	3	2165
2102	1	3600
729	3	141
1224	3	491
2294	3	1243
3182	3	1493
1158	1	3574
601	3	1377
2217	3	1701
3431	1	3574
36	1	3569
811	1	3604
2067	3	283
491	3	2435
1812	3	1288
1187	3	1507
2101	1	3569
3277	3	2786
2417	3	745
918	1	3568
1748	3	1701
899	3	1658
2201	1	3574
3087	3	376
2380	3	2350
508	3	1280
1455	3	2560
2736	3	1546
469	3	720
1732	1	3574
1857	3	2275
365	3	1484
1028	1	3584
1923	3	1365
2507	1	3609
2798	3	849
3436	1	3569
2093	1	3590
1610	1	3574
2893	1	3580
1502	3	1208
2532	1	3575
2534	3	905
380	1	3574
1141	1	3574
742	3	105
19	1	3569
1006	3	3079
1966	3	3226
3534	3	1263
969	3	2785
968	3	2179
2695	3	1641
2189	3	438
1276	1	3589
2408	3	2398
3202	1	3589
773	3	322
1764	1	3627
399	3	2749
892	3	2079
59	1	3601
1898	1	3581
2286	3	1997
1715	1	3574
593	1	3569
955	3	3298
1057	3	2250
2119	3	1175
431	3	1863
2672	1	3585
3237	3	2359
1734	3	2749
1860	3	1229
73	3	3131
243	1	3636
2289	1	3574
363	1	3574
1768	1	3591
377	1	3590
2	1	3569
725	3	105
1586	1	3645
1816	1	3613
2286	3	2347
282	3	1990
1259	1	3589
2418	3	2445
3431	3	2815
3308	3	2198
1046	3	1573
42	1	3601
817	1	3636
943	3	2189
1881	1	3581
1698	1	3574
1271	3	1896
1901	3	1878
2291	3	679
951	1	3590
3314	3	561
539	3	2591
2860	3	2347
1748	3	1835
270	3	2416
2989	3	1172
3003	3	100
3312	1	3614
736	1	3699
1936	3	2618
2021	1	3618
3334	3	1414
398	1	3736
1751	1	3591
52	3	2180
360	1	3590
60	1	3581
2637	3	3220
2138	1	3593
2721	1	3614
1838	1	3584
1042	3	2692
1476	3	1901
2416	3	3067
2164	1	3590
2912	1	3639
1279	3	1276
1938	1	3589
2549	3	1661
1864	1	3581
2699	3	3079
355	1	3574
1130	1	3609
2760	1	3585
2386	1	3568
2747	3	849
1987	3	1436
200	1	3618
1731	3	1835
2935	3	878
2600	3	3512
2765	3	300
2596	3	309
1347	1	3589
3260	1	3577
344	3	105
805	3	2014
1592	3	310
115	3	2450
951	3	229
43	1	3581
1293	3	2806
401	3	517
2089	3	917
2819	1	3685
2851	1	3580
120	3	3226
2235	1	3614
338	1	3574
1160	1	3570
483	1	3627
2167	3	2815
2369	1	3568
617	1	3581
1005	3	1997
1395	3	2697
1027	3	2578
448	1	3590
392	3	3304
817	1	3770
148	1	3581
2809	1	3614
2173	3	397
3331	1	3601
867	3	2223
1116	3	1320
1978	3	2129
2169	3	3257
1952	1	3581
3391	1	3604
2474	1	3568
1612	1	3570
1800	3	2706
261	1	3571
664	3	1521
1005	3	2347
2116	3	2253
2726	1	3585
854	1	3660
1241	3	325
2352	1	3568
2619	3	1280
2782	3	2300
3322	1	3591
1223	3	1987
1704	3	1911
1760	3	580
131	1	3581
2313	3	3464
2392	1	3600
2531	3	2919
3476	3	1088
179	1	3603
2926	1	3568
2476	3	2968
1477	3	1507
2556	3	3238
754	1	3634
2993	1	3569
2995	3	3402
2457	1	3568
161	3	3238
3046	3	3533
1294	3	3546
2942	3	2045
2253	3	3087
1682	3	1135
671	3	268
1224	3	2398
2602	3	1280
2997	3	1036
3379	1	3599
402	3	1992
818	1	3571
2886	3	3561
2950	1	3631
3307	3	2405
1814	3	1008
1204	3	3013
1554	3	1812
2440	1	3568
3529	3	1276
110	1	3569
2254	3	3498
2130	3	376
1334	3	909
415	3	1017
547	3	361
3373	3	2434
523	1	3568
1806	1	3574
354	1	3596
1912	3	140
1934	3	2794
802	3	295
2695	3	3548
139	3	2812
382	3	3367
3476	3	283
3248	3	2089
515	1	3578
2544	3	1345
2154	3	3472
2372	3	2173
1097	1	3568
226	3	2626
231	3	2827
467	1	3586
93	1	3569
2407	3	2739
2171	1	3581
1124	3	3308
1077	3	3347
2746	3	275
506	1	3568
1789	1	3574
3275	3	777
3493	1	3569
3561	1	3679
1138	3	2364
2755	3	1221
1816	3	2560
2276	1	3581
691	3	2036
2281	3	2165
2578	3	1829
635	3	361
16	1	3623
1080	1	3568
1272	1	3582
2165	3	2416
261	3	344
3036	3	3040
2002	1	3569
76	1	3569
2963	3	1194
266	3	3372
803	3	1965
2970	1	3679
1665	3	330
1520	1	3614
1280	3	2658
878	3	2590
1772	1	3574
1012	3	2544
1316	3	2167
1826	3	2786
3371	3	1901
1355	3	3283
3142	1	3611
181	1	3569
1063	3	2675
1065	3	3342
54	3	1721
2346	1	3574
3168	1	3570
2873	3	482
1309	3	2794
1985	1	3569
594	1	3568
1877	1	3574
820	3	1160
2659	1	3568
2588	3	742
1103	1	3600
1826	3	3136
2129	1	3591
540	3	2785
948	1	3644
2728	3	3402
1755	1	3574
3487	3	131
138	1	3572
1168	1	3568
3278	3	1245
2253	3	2416
271	3	2993
533	3	2856
2116	3	427
704	3	2350
2240	3	3549
164	1	3569
2252	3	1810
2242	1	3581
2604	3	465
601	3	2613
2733	3	1734
1495	1	3597
2997	3	365
1003	3	3237
1134	1	3592
3047	1	3580
1852	3	2927
1387	3	878
979	1	3636
1742	1	3568
577	1	3568
1860	1	3574
3464	3	1546
94	3	215
2573	3	1762
1972	3	402
1837	3	770
3564	1	3569
1398	3	2269
458	3	1857
2008	1	3601
3337	3	1345
1853	1	3645
1004	1	3602
374	1	3620
2815	3	1122
2952	3	1573
3261	3	491
1849	3	3168
3452	3	1972
1286	3	2690
309	1	3601
2260	3	2853
755	1	3724
2129	3	2482
1395	3	2510
670	1	3617
1847	3	3440
1262	1	3645
1186	3	618
1660	3	2482
962	1	3636
2764	3	3240
517	1	3574
2406	3	344
1211	3	3381
2806	3	1112
3547	1	3569
1403	3	951
402	3	3549
3170	1	3617
3372	3	1507
252	1	3569
640	3	2739
898	3	2253
2283	3	283
3011	3	3184
3155	1	3574
1316	3	207
942	3	1880
3308	3	51
1996	1	3596
1274	3	268
2457	3	3077
2313	3	3277
2260	3	1698
500	1	3574
828	3	3354
792	1	3593
31	1	3574
385	3	3549
2963	3	2967
1453	3	455
3126	1	3570
3418	1	3589
1476	3	2198
1239	3	1924
2993	3	2578
2678	3	783
1740	3	2728
3179	3	1940
414	3	476
605	1	3574
1603	3	739
166	3	1383
2045	3	1422
2309	1	3569
383	1	3569
870	3	1929
1605	1	3579
2888	1	3585
3028	3	3318
1233	3	2582
13	3	1340
483	1	3574
1399	3	1875
190	3	3540
671	3	3464
1715	3	668
2154	3	1996
1780	1	3596
1288	3	2327
1551	3	2796
2536	3	1778
1369	3	3203
2195	3	1706
14	1	3574
351	3	2434
3149	3	1399
146	1	3672
1257	1	3578
1790	3	1293
806	3	473
1365	3	0
2567	1	3612
2680	3	2153
3360	3	2441
3480	3	461
1662	3	3283
1419	3	2549
1801	3	3438
488	1	3569
1263	1	3604
419	2	3808
1737	1	3626
2761	1	3569
2820	3	1262
2907	3	137
588	1	3574
1363	1	3609
2947	1	3685
3026	3	204
104	1	3706
2024	3	471
2292	1	3569
2300	3	1706
2943	3	2454
473	3	3549
854	1	3607
3443	3	1507
739	3	1127
285	3	86
1329	1	3633
3131	3	3237
209	3	3402
3059	1	3614
880	3	1195
1970	3	2672
1466	3	416
1322	1	3704
2927	3	1929
3479	3	2308
1862	1	3570
207	3	1422
1546	1	3613
2086	3	3360
3459	1	3601
471	1	3569
3079	3	2850
2107	3	1436
571	1	3574
1346	1	3609
318	3	1909
1386	2	3866
943	3	526
285	1	3581
2600	3	3004
2856	3	161
3146	3	3485
493	3	1573
513	3	1487
165	3	3355
671	3	215
2229	3	96
1459	1	3599
2306	3	3257
1161	3	3364
2327	3	188
1908	3	1658
3224	1	3590
3321	3	3149
2890	3	295
591	3	2574
1458	1	3568
2108	3	702
341	3	427
18	3	1322
3324	1	3595
3403	3	114
2227	1	3705
454	1	3569
1040	3	1526
3155	1	3604
2774	3	1102
929	1	3595
195	1	3623
1076	3	224
2179	3	376
3482	1	3633
1511	1	3585
1566	3	1683
3354	3	3252
2046	1	3584
43	3	3304
2291	3	305
561	1	3661
1142	1	3590
1932	3	1721
1815	3	1911
384	3	1507
842	1	3581
3484	3	1704
140	3	921
23	3	2256
660	1	3635
2205	3	167
2363	1	3569
2463	3	3243
1214	3	180
2438	1	3581
1542	1	3577
2995	3	2544
1658	3	564
1242	1	3568
691	3	105
2032	3	945
1067	3	1698
990	3	436
2810	3	2253
1252	1	3636
832	3	173
2797	3	1134
2029	1	3584
3434	1	3601
1315	3	764
3261	3	2398
3	3	2692
1631	3	3176
301	3	2417
2126	1	3645
536	1	3671
603	3	1929
825	1	3581
1233	3	1911
2456	1	3618
945	3	917
2334	3	72
677	1	3584
1460	3	1002
86	3	1381
259	3	3232
2012	3	1381
2466	3	1258
3351	1	3572
2421	1	3581
3425	1	3580
3365	3	824
3520	3	2855
3441	3	2646
208	1	3584
365	3	2533
983	1	3619
1225	1	3568
1259	3	3237
294	3	3044
3151	1	3568
2970	1	3626
931	3	2749
1712	1	3575
1082	1	3593
1595	1	3765
3285	3	3215
2898	3	769
3135	3	1797
1704	1	3585
2045	3	2040
3458	3	2622
1633	3	1513
63	3	2264
38	3	3237
2736	3	501
1732	3	912
1195	3	1909
2404	1	3581
2359	3	196
1967	3	1656
191	1	3584
966	1	3619
1208	1	3568
1596	1	3601
1986	3	785
619	1	3649
1160	3	1929
1586	1	3755
1915	1	3667
322	3	469
342	3	2456
2003	3	1721
2766	3	3495
76	2	3687
1151	3	1333
289	3	524
2333	3	1694
3292	1	3606
1079	1	3609
3052	1	3600
807	3	3371
1486	3	2082
1313	1	3568
2531	3	2545
1401	1	3592
994	3	1706
876	3	1290
2387	1	3581
357	1	3591
1274	3	3464
1233	3	2045
649	1	3610
1164	3	358
671	3	2927
1978	3	600
2674	1	3763
2124	3	714
2785	3	3357
2857	1	3591
3110	3	3392
2975	1	3597
363	3	1821
3305	1	3570
2006	3	2927
462	1	3591
3551	3	2796
1684	1	3601
3357	3	2690
3060	3	3026
2955	3	2622
1208	3	1116
72	3	2937
927	1	3771
598	3	677
2070	1	3572
633	3	125
736	3	3481
902	1	3637
2465	3	2856
226	2	3744
2258	1	3601
2410	3	2349
662	1	3574
1760	3	2434
1671	3	1012
2529	3	1662
1012	3	2036
567	1	3591
1162	1	3772
1770	3	2855
2149	3	1383
2366	1	3569
3370	1	3568
1449	1	3590
1149	1	3581
3146	1	3626
322	3	603
2803	1	3659
145	1	3582
1997	1	3574
3168	3	691
3240	1	3578
140	3	600
1146	3	102
2953	1	3581
2940	1	3569
673	3	2406
3475	1	3568
603	3	1258
2724	1	3617
2471	1	3569
389	1	3609
2571	1	3574
645	1	3574
3353	1	3568
1720	3	102
3015	3	268
3474	1	4093
39	3	1658
1156	3	3182
1773	1	3662
2398	3	1769
2715	1	3596
2884	1	3568
2931	3	13
2156	3	3540
1132	1	3581
2537	1	3598
1880	1	3569
428	1	3591
2052	1	3669
2087	3	2998
2855	3	2165
497	3	617
1365	3	2041
609	3	1135
3310	3	1924
3541	3	2145
2936	1	3581
2733	3	2165
2923	1	3569
1354	3	425
3458	1	3568
483	3	2628
2869	3	2032
2546	3	2927
1002	1	3591
1350	3	1194
2987	3	2038
801	1	3705
241	1	3572
307	3	3489
1588	3	384
628	1	3574
932	3	769
2554	1	3574
2995	3	3512
1308	1	3626
3328	1	3578
4	3	338
951	3	473
1115	1	3581
447	3	116
914	3	2078
1637	1	3568
2163	3	2889
111	1	3582
2299	3	108
2333	3	3467
2945	3	2072
2559	1	3569
633	1	3569
2664	1	3620
207	3	3463
2014	3	2441
733	1	3574
530	3	2215
1515	1	3568
3441	1	3568
1386	3	3126
2733	3	3454
2301	3	2259
2826	3	2591
2437	1	3569
2799	3	2544
2335	3	1101
264	1	3574
1046	1	3568
2192	3	1658
2432	3	587
2775	3	1326
2857	1	3577
1968	1	3569
1731	2	3897
270	3	2794
2103	1	3584
2855	3	1360
3011	1	3569
1620	1	3568
3028	3	1521
3416	3	3274
2128	3	758
135	1	3645
616	1	3569
3020	3	603
2760	3	1407
2733	3	1360
3123	3	161
158	3	3215
3125	1	3590
1658	3	1316
3424	1	3568
3405	3	1658
1067	3	2450
1074	3	1598
2420	1	3569
2673	3	2353
945	3	730
1978	3	279
2253	3	2981
467	3	2079
1190	1	3569
1951	1	3569
2917	3	1805
1048	1	3625
2460	1	3601
3346	3	403
2790	1	3574
650	3	1497
559	3	2273
1083	3	100
2116	3	403
2398	3	2253
2387	3	3491
1710	3	3548
2189	3	361
818	3	3511
3245	3	611
811	3	3199
3028	3	2810
3039	3	465
2180	3	929
3548	3	2794
2510	3	2993
2660	1	3584
2818	1	3649
3495	1	3592
1734	3	3261
2600	3	2815
2189	3	1300
2144	1	3623
209	3	2544
1784	3	1641
1063	3	2435
2659	3	18
3020	3	2831
3513	3	1016
2773	1	3574
2688	3	322
1375	1	3614
2210	3	2759
765	3	1929
964	3	3221
2631	1	3630
1586	1	3568
2768	3	592
116	1	3711
438	3	785
39	3	3431
3093	3	3364
3369	3	2508
1182	1	3569
2359	3	3392
1195	3	2661
3513	1	3572
2333	3	1507
3365	3	1204
140	3	279
135	3	2886
385	3	2236
2469	3	964
1865	3	423
952	1	3574
2831	1	3613
53	3	3298
2687	1	3756
2949	1	3619
580	3	325
1874	1	3575
185	3	2232
1170	1	3585
3406	3	2398
2756	1	3574
1531	3	2882
536	1	3618
3416	3	375
3231	1	3600
3549	3	2167
283	1	3570
1197	3	2924
3136	1	3617
2287	1	3574
2240	1	3613
3062	1	3609
200	3	985
1165	1	3569
2762	1	3600
653	1	3593
1057	1	3574
1641	3	511
3319	3	1418
1086	3	1507
2861	1	3574
3551	3	2609
564	3	3183
976	1	3637
1227	1	3593
1433	3	2416
466	1	3574
3514	1	3609
1291	3	3226
2355	3	2417
2538	3	2071
2498	3	1258
2927	3	266
266	1	3570
3294	3	725
3532	3	2167
3289	3	3332
2666	3	3464
131	3	1911
385	1	3637
1148	1	3569
501	3	2697
3549	3	1012
3147	3	944
1040	1	3574
1954	3	2928
2262	1	3584
3550	3	511
1408	3	912
1654	3	2919
3454	3	2749
2844	1	3574
2176	3	109
2885	1	3637
623	1	3766
3285	3	1068
1494	3	2019
3078	3	196
449	1	3574
2454	3	2920
1560	3	1863
2028	1	3604
694	3	295
924	1	3600
1187	3	1698
460	3	540
723	3	1009
249	1	3570
1196	3	1513
501	3	603
1507	3	105
1243	3	3194
3252	3	1698
818	3	1901
1533	1	3637
1506	1	3590
403	3	1821
2040	3	1911
2329	3	1821
3432	1	3590
2120	3	2935
1706	3	2707
1023	1	3574
1588	3	2291
2139	1	3681
1497	3	3067
3000	3	2267
3532	3	1012
1678	3	2982
2531	3	3431
1012	3	694
1422	3	3381
943	3	152
1758	3	1000
2080	1	3590
3302	1	3600
3265	3	723
689	1	3589
1938	1	3646
2036	3	1546
295	3	1658
2252	1	3671
2358	1	3574
2444	3	2068
1381	3	285
1611	1	3590
2541	1	3581
2399	3	2774
1354	1	3575
3424	3	849
3235	3	944
1559	3	647
3210	3	1917
3485	3	647
1613	3	1476
674	3	2815
3415	1	3590
816	3	2523
1770	3	1863
1347	1	3646
1006	1	3574
2411	1	3591
739	3	2981
902	1	3584
2458	3	1935
2721	3	2404
1481	1	3600
2815	1	3572
1149	3	3416
3373	3	1068
2081	3	466
3403	3	679
3515	1	3568
3384	3	2106
3452	3	2216
2524	1	3581
2251	1	3619
91	3	1807
1641	3	1934
3446	1	3582
230	1	3636
1682	3	1997
2069	1	3616
3398	1	3590
1568	3	1751
2291	3	870
2782	1	3624
549	3	376
885	1	3584
1266	3	2795
1707	1	3580
1978	3	2186
2168	1	3590
2615	3	3036
269	1	3618
3108	3	1221
3372	3	1751
1699	1	3590
356	1	3611
2040	3	2045
517	3	1612
477	3	799
2796	3	699
3498	1	3568
571	3	2441
582	3	96
2522	3	2030
2942	3	813
1065	3	687
3029	1	3568
1577	1	3590
3550	3	1934
1473	1	3600
646	3	3066
49	3	1673
3308	3	295
3184	3	1671
1258	3	1671
2244	3	1259
2499	1	3591
808	1	3581
526	3	114
1445	3	6
2253	3	2794
2576	3	1546
266	3	2006
3354	3	1134
3479	3	2418
898	3	403
2086	3	3470
686	1	3581
878	3	1224
460	1	3580
2312	1	3572
2320	3	1709
3134	1	3568
3266	1	3666
212	3	2116
1243	3	645
38	3	1924
3012	1	3568
689	3	1702
322	3	2189
1339	1	3790
802	3	1507
2109	1	3624
2380	3	3375
1348	1	3605
2851	3	2878
163	2	3737
960	1	3572
337	3	367
1118	1	3637
1769	3	2522
1782	1	3568
2182	1	3582
791	1	3581
3043	3	448
1365	3	3277
2076	3	163
2876	3	3197
2653	3	3131
33	3	3218
1359	3	3026
1589	3	742
1775	1	3639
2640	3	1258
2595	1	3581
3117	1	3568
1191	1	3568
1665	1	3590
760	3	3261
1372	3	1112
432	3	700
730	3	2869
2504	3	3258
1474	3	64
3170	3	3102
3071	3	1462
435	1	3601
943	1	3572
1765	1	3568
2093	3	3348
2129	3	3210
3271	3	2758
2687	1	3569
1059	3	3367
2275	3	671
3168	3	1122
3226	3	3369
2972	3	3002
3463	1	3665
3131	3	3481
464	3	389
1396	1	3573
3091	3	416
2980	1	3649
838	3	770
3532	3	691
2016	3	372
2339	1	3568
1052	3	3438
514	1	3604
1172	3	3357
2407	3	2796
540	1	3601
1917	3	1912
963	3	1465
2935	1	3574
1477	3	1698
0	3	2693
722	1	3577
191	3	2101
3227	1	3593
3384	3	1435
2189	3	308
1461	1	3571
3563	3	683
1344	1	3569
2670	1	3569
1476	3	2576
1103	3	2256
2344	1	3574
2818	1	3596
1748	1	3753
933	1	3659
2019	3	2359
2210	3	1767
1757	1	3568
640	3	1373
2218	1	3578
3040	1	3574
109	1	3571
105	3	2693
366	3	805
3035	3	592
753	1	3569
156	3	751
76	1	3626
842	3	2582
1032	1	3633
1913	3	234
2918	1	3574
3417	1	3711
3191	1	3710
2823	1	3591
1555	3	1445
2449	1	3574
997	1	3596
2393	3	3288
1327	1	3569
1387	3	2679
1802	3	1595
2510	3	846
1363	3	3094
1889	3	1588
2401	1	3582
36	1	3573
1437	3	305
2841	1	3598
3506	1	3590
1567	3	2544
1740	1	3568
960	3	1658
3023	1	3574
3167	3	3094
3423	3	251
810	1	3577
1355	3	307
736	1	3569
744	3	1706
35	3	761
510	1	3568
1350	3	2914
1685	1	3617
1521	3	2408
2528	3	72
3042	3	2749
2359	3	1245
2230	3	3174
2314	1	3568
1998	1	3611
1158	3	2311
2432	1	3574
1825	3	3515
1310	1	3569
380	1	3578
1202	1	3574
1774	3	1496
2949	3	2299
841	1	3569
1492	3	2454
1997	3	2872
3010	3	3440
1133	1	3588
2842	3	1611
3006	1	3574
1568	3	275
3402	3	3464
719	1	3569
493	1	3568
821	3	3348
2537	1	3574
591	1	3660
611	1	3574
1415	1	3569
1816	3	2751
2835	3	1682
1054	3	981
135	3	1089
2521	3	493
3355	3	2722
2297	1	3568
1259	3	3481
51	3	1588
1976	3	982
2415	1	3574
2516	3	3100
2964	1	3608
1293	1	3569
2068	1	3604
2240	3	1512
1993	3	2271
2766	3	2450
1329	3	3094
1185	1	3574
1835	3	1853
3111	1	3574
1521	3	664
3446	3	58
2693	3	3431
2036	3	2648
2989	1	3574
1524	2	3964
3169	3	2956
1955	1	3593
476	1	3568
502	3	2672
405	3	742
2520	1	3574
2703	1	3581
1923	3	564
3184	3	1134
1398	1	3569
123	3	2454
1629	1	3790
1852	3	1829
7	1	3568
86	3	2914
2006	3	943
1972	3	1748
1324	3	799
2991	3	679
1239	3	3136
640	3	2796
1789	3	404
2486	1	3598
676	3	2658
1675	3	3012
1181	1	3586
3094	1	3574
2640	3	2815
807	1	3569
2043	3	1422
581	1	3568
60	1	3585
3431	3	725
2651	1	3769
4	3	2192
3232	3	3226
847	1	3601
881	3	1179
271	3	3184
459	1	3568
1242	3	1740
2366	3	1658
1322	1	3627
1047	3	3472
2503	1	3574
2927	3	1852
3530	3	642
765	3	266
71	3	1107
1219	3	2273
1797	3	929
1187	3	2934
1904	1	3617
1992	3	2216
3560	1	3590
2766	3	1645
703	3	3066
2799	1	3571
2505	3	1843
2940	3	1658
344	3	109
923	3	2434
1047	1	3584
2638	3	2881
1536	3	1645
3116	3	3252
3260	1	3581
564	1	3568
43	1	3585
2497	3	1853
2791	1	3581
1643	3	445
2324	4	2856
2451	1	3570
1770	3	2749
2649	3	2774
2309	1	3626
1640	3	1820
1936	3	878
2774	1	3661
1160	1	3574
960	3	3431
1155	3	592
375	1	3636
348	1	3589
1452	1	3593
2353	3	2935
2392	3	2388
2444	3	3304
3208	3	3240
836	3	2010
2809	1	3618
3243	1	3581
3266	3	677
1249	1	3645
1899	3	1924
935	1	3601
100	1	3593
875	1	3628
371	3	3344
1940	3	1987
1952	1	3585
173	3	214
1960	3	1722
2026	1	3593
2546	3	943
2761	1	3626
438	3	1350
939	3	3261
2286	3	2835
3401	3	1248
2444	3	1210
1143	1	3574
1918	1	3609
658	1	3645
1480	3	1270
2352	1	3572
1618	1	3600
2617	3	617
2890	3	1507
2966	3	2917
2972	3	2815
1056	3	38
1135	1	3584
427	3	3470
85	3	2038
835	1	3575
953	1	3581
658	3	493
17	3	2856
1717	1	3574
2783	3	2129
1246	1	3661
2897	3	3314
1821	3	2856
544	1	3584
2457	1	3572
3279	1	3568
3292	3	2717
699	3	2441
1975	1	3617
3139	3	2674
1477	3	2450
971	1	3618
3443	3	2853
1748	3	229
1940	1	3580
292	3	3464
2435	3	3067
1640	1	3571
2842	3	2229
2422	3	1194
156	3	564
2167	3	2953
867	3	1422
2380	3	289
1775	1	3586
3018	3	2499
484	1	3590
1202	3	2171
642	3	2038
1706	1	3600
1648	3	2294
695	3	1116
774	3	3224
2609	3	2855
72	1	3619
3511	3	1623
155	3	1825
2853	1	3571
162	3	2693
887	1	3686
1623	1	3571
1381	3	2005
2206	1	3592
2313	3	2663
3443	3	1698
2545	1	3572
221	3	1854
2363	1	3626
1214	1	3574
2036	1	3570
659	1	3604
3530	3	3354
2216	3	1262
1021	3	135
298	1	3599
2650	3	471
1871	1	3576
2646	1	3611
2463	1	3604
3559	3	107
2825	3	135
2610	1	3570
954	3	816
646	3	3497
1125	3	310
1554	3	72
2887	3	2438
1606	1	3571
2244	3	1690
2739	3	2794
2187	3	163
2292	3	1712
2974	3	358
3514	3	1722
1578	3	2229
2352	3	1658
508	3	2386
532	3	807
790	1	3601
2663	3	250
773	3	3522
1580	3	1732
1902	1	3568
2909	3	2059
2187	3	1102
2779	3	3382
2824	1	3569
433	3	2347
1453	3	1130
2834	3	2373
3354	3	2504
3511	3	818
475	3	2663
1391	3	2210
2934	3	305
2350	3	1751
2776	1	3577
3309	1	3663
2167	3	2498
1923	3	3410
2037	3	3067
2476	1	3568
2594	1	3574
2307	1	3577
1007	3	2347
1472	1	3569
325	3	2537
2182	1	4013
3011	3	2704
555	1	3590
943	3	2006
2422	3	1678
1233	3	3257
2856	3	1641
1003	1	3569
1063	3	2679
3081	1	3581
3126	3	1258
125	3	2180
1885	1	3568
3168	1	3574
3181	1	3586
384	3	1698
2143	3	1055
2807	1	3569
114	3	1671
477	3	425
655	1	3568
1916	1	3785
2541	3	3229
2623	3	547
2648	3	3546
2699	1	3574
2056	3	102
658	3	3205
2306	3	1704
2459	1	3568
173	3	832
2014	3	3169
1640	3	344
1468	1	3581
1455	1	3569
2290	1	3577
2133	1	3765
2849	3	1487
1990	1	3568
64	1	3568
3381	1	3569
2301	3	543
238	1	3581
428	3	3210
521	3	2347
2907	3	1751
2242	1	3585
94	3	3252
548	3	1230
824	3	2273
3525	1	3591
321	3	623
1942	1	3576
1868	1	3568
1891	3	3491
1903	3	1752
504	1	3614
2417	1	3602
526	3	679
2748	3	491
638	1	3568
1263	3	3012
2032	3	1486
1311	3	1135
2524	3	3229
2545	3	1658
2682	1	3574
2810	3	2794
1231	1	3657
169	1	3568
2816	3	3056
2050	3	937
2929	3	2107
2442	1	3568
2097	3	2618
2347	1	3585
1059	3	1704
2867	3	1288
3510	3	2036
1526	1	3593
47	1	3568
1343	1	3586
221	1	3581
309	1	3605
152	3	1012
1769	3	3087
17	3	1380
1939	1	3592
3175	1	3637
921	1	3577
2041	3	3371
2816	3	3406
634	1	3580
621	1	3568
2547	1	3568
2665	1	3574
3520	3	2318
2561	1	3584
32	1	3649
867	3	2040
1543	1	3569
3397	3	3335
2924	3	1475
152	1	3568
527	3	1218
383	3	1418
435	3	2334
437	3	3354
2688	3	700
3294	3	1908
609	3	2347
1074	1	3569
412	3	1722
3435	1	3593
3239	1	3574
592	1	3614
1209	1	3584
258	3	1073
726	1	3568
2730	1	3572
304	3	1912
2471	1	3626
3246	1	3661
2315	3	3137
2861	3	2709
1322	1	3574
2571	1	3631
3393	1	3627
602	3	3357
2014	3	270
673	3	3402
1614	1	3593
135	1	3568
2749	3	303
2981	3	376
2209	3	1012
3537	3	2032
81	3	2785
1896	1	3574
1042	3	2993
656	3	1153
1068	3	2434
1228	3	3519
3118	1	3584
3230	3	2856
709	1	3568
2247	3	2097
605	1	3578
606	3	494
2313	3	1187
468	1	3680
2578	3	1512
428	3	1250
2126	3	229
1305	1	3574
628	1	3631
1897	1	3602
3069	3	3032
1006	3	481
1163	1	3630
1597	1	3593
118	1	3568
233	1	3639
206	1	3592
1100	3	3032
1673	3	1487
1792	1	3581
1937	1	3634
2023	3	3094
1879	1	3574
1905	3	2678
1175	1	3584
520	3	131
1355	3	2966
344	3	1345
974	3	2081
2527	3	1761
673	3	1658
839	3	197
1410	1	3574
1876	3	95
2239	3	13
2612	3	2232
406	1	3575
3114	1	3569
2437	1	3626
796	3	2658
936	3	1756
1098	3	3334
2767	1	3599
1288	1	3574
2584	1	3592
2147	3	2421
2316	3	141
3317	3	3357
471	3	1017
58	1	3574
893	1	3582
1280	1	3584
2102	1	3580
1997	3	1559
370	3	1890
1986	3	1460
811	1	3584
1914	1	3736
857	3	1322
1862	1	3574
1890	3	1625
2203	1	3646
3126	3	2815
1767	1	3591
3195	1	3569
616	1	3626
2976	1	3589
3566	1	3569
316	1	3617
1393	1	3574
3187	3	2260
3097	1	3569
3165	1	3679
911	1	3619
879	3	943
3197	1	3574
1271	1	3574
53	3	188
2391	3	2223
3284	3	2674
788	3	221
1630	3	2204
3352	3	2989
600	3	3174
1967	1	3574
1651	1	3617
2853	3	2275
1825	3	1047
1981	1	3590
2592	3	574
2856	3	3548
46	1	3596
525	3	3135
2280	1	3568
2595	3	2582
2748	3	1109
186	3	2919
3352	3	1650
3202	1	3569
1276	1	3569
1376	1	3574
2198	1	3570
3277	3	1611
1851	1	3600
861	3	882
2812	3	471
1850	1	3569
1101	3	194
1442	1	3603
39	3	105
2679	3	2816
3355	1	3591
1852	3	1455
2952	3	1262
371	3	2836
1375	1	3671
529	3	1564
2256	1	3609
477	1	3575
3185	1	3569
770	2	3880
1259	1	3569
1740	3	1122
295	3	292
302	3	1513
2391	1	3624
2406	3	3410
1734	3	1224
2438	1	3585
2515	3	1157
151	1	3580
198	3	1924
1955	1	3569
1889	3	1698
2690	1	3602
325	1	3593
3090	3	279
129	1	3574
333	3	1377
2133	1	3578
1385	3	3061
2437	3	773
2733	3	1551
371	3	742
1391	3	279
824	3	2086
2330	3	1805
3002	3	3210
1187	3	2560
1647	1	3581
1464	1	3574
1255	3	1351
2209	3	691
1825	2	3989
3443	3	2934
1605	3	2958
850	3	2658
3451	1	3581
3536	3	131
1062	3	2215
1845	3	2815
2047	1	3568
2521	1	3590
3298	3	955
2438	3	3257
1658	3	1857
1517	1	3591
8	1	3584
2077	3	3252
828	3	943
2546	3	2663
1147	3	3261
149	3	3160
606	3	1112
2089	3	1486
521	3	3449
1828	3	1122
2526	1	3585
1630	1	3581
1099	3	2105
247	3	2881
2558	3	143
114	3	679
219	1	3666
1561	1	3793
2548	3	2549
675	3	873
2398	3	2794
2357	1	3624
1013	1	3584
1487	1	3606
1688	3	2963
108	3	2501
1140	3	299
1447	3	1176
188	3	1626
1258	3	305
1536	3	2560
1580	3	2968
2204	1	3581
2914	3	2940
309	3	2151
398	3	163
571	3	2014
3230	3	1380
3411	3	1295
3521	1	3574
271	3	2005
749	3	2376
2018	3	2347
2517	1	3575
1027	3	114
2165	3	3067
2604	1	3568
4	1	3569
662	1	3794
1641	3	2796
3020	3	3372
1667	3	1073
2135	1	3568
2944	1	3609
3004	3	1908
3075	3	2363
1344	3	2896
1632	3	2200
1598	3	3005
666	3	2347
1672	3	1849
1700	1	3574
1521	3	2652
2475	1	3609
1695	3	592
2622	1	3575
649	1	3614
1471	1	3610
2595	3	1911
3088	3	96
3057	1	3599
1311	3	1082
1718	1	3581
2749	3	3499
722	3	810
2300	3	234
3550	3	2796
2815	3	1073
279	3	251
1062	3	1760
2118	1	3568
2410	3	1414
273	1	3690
367	3	1995
1187	3	3044
77	1	3671
1830	1	3719
2127	3	1766
2482	3	3210
2780	3	2935
1683	1	3574
2040	3	3257
2731	3	2882
2558	1	3614
632	1	3614
2933	1	3635
616	3	2223
605	1	3741
867	1	3604
394	3	2571
2582	3	2434
633	3	1068
38	3	2786
805	3	3067
1160	1	3684
3277	3	2229
2301	3	2129
2418	3	2693
2268	3	1275
258	3	3464
473	3	3366
458	3	2508
2624	1	3616
3220	1	3725
761	3	2434
431	3	17
1274	3	2663
3304	3	2051
1841	1	3591
100	1	3703
1794	1	3630
3063	1	3601
17	3	2616
1972	3	1992
3393	1	3574
1467	1	3574
2565	3	2434
2810	3	1936
334	3	1470
2206	1	3568
8	3	2020
808	3	1082
1894	3	1608
42	3	2582
3176	1	3591
1250	1	3591
3486	3	2404
1569	1	3657
3134	3	1069
2983	3	1872
921	3	1072
488	3	25
2754	1	3582
3341	3	72
1613	3	1667
320	1	3785
3159	3	3287
1524	1	3582
2285	1	3582
1450	1	3574
3376	1	3574
1944	3	1893
863	1	3568
233	1	3586
2894	1	3619
714	3	1893
2928	1	3568
564	3	475
3195	1	3574
694	3	2714
1937	1	3581
960	3	292
289	3	2301
2163	3	2893
2024	1	3574
3234	3	1986
2631	3	944
1875	3	3044
1809	3	2790
2591	3	131
3104	3	303
2934	3	870
3221	3	867
2831	3	2240
733	1	3578
1555	1	3574
1616	3	3290
2333	3	438
3062	3	3017
1807	1	3591
770	3	3164
2644	3	3002
3259	1	3569
1046	1	3572
3359	1	3574
531	3	2044
116	1	3581
1146	1	3577
1856	3	1438
508	2	3830
492	3	1484
2956	3	491
322	3	152
846	1	3568
2543	3	3522
501	3	3372
3273	3	2543
2163	3	799
1403	3	1386
1920	1	3581
1620	1	3572
1778	1	3637
2850	3	1719
664	3	1769
67	3	376
1720	1	3577
1912	1	3591
3087	3	303
1401	3	1658
1538	1	3574
1598	3	2684
2054	3	2827
804	1	3602
1889	3	2450
956	1	3614
3242	1	3569
880	3	1496
3310	1	3679
426	1	3637
512	3	1377
1169	3	1053
526	3	305
1045	3	3183
99	1	3581
487	3	1997
2025	1	3581
818	3	2576
2151	3	444
2261	3	2386
148	3	3501
807	3	960
2056	3	1017
2425	1	3568
2136	3	2041
2033	3	2657
2940	3	2036
312	1	3576
1134	1	3572
1843	3	2900
1521	1	3574
1340	3	3149
648	3	666
1937	1	3715
2221	3	3087
1065	3	2167
2347	3	813
2850	3	564
3159	1	3725
3225	1	3569
3402	3	943
3402	3	268
2999	1	3568
964	3	2286
3440	3	308
2008	1	3581
1891	1	3579
3067	3	2796
1372	1	3701
1820	3	1507
3011	3	1875
2151	3	1733
94	3	1134
1586	3	235
1626	1	3574
115	3	3182
1673	3	1918
51	3	2450
893	1	3663
3330	1	3569
1327	1	3626
1392	3	2937
219	3	492
1355	3	3397
95	3	2679
42	3	1911
770	1	3602
1889	3	1645
3382	3	2497
2982	1	3568
2720	3	3176
1564	3	2256
2872	3	2434
2393	1	3649
1993	3	100
3050	3	2796
3530	3	215
2086	3	2856
2718	3	287
283	1	3574
289	3	691
2872	3	3373
473	3	951
246	3	344
1987	1	3569
3313	1	3569
150	3	2582
163	3	3348
3232	3	3149
558	3	1997
19	1	3630
1230	3	3402
453	1	3593
507	3	1085
691	3	1345
1972	3	3549
885	3	1272
55	3	1465
2454	3	1635
333	3	2613
1839	3	2275
2049	1	3593
3079	1	3589
1637	3	695
3467	3	2005
2453	3	440
2376	3	497
266	1	3574
1088	1	3570
51	3	1645
3529	3	719
1734	3	2810
518	1	3591
1970	1	3569
2937	1	3618
2077	3	3549
3076	3	493
1598	3	1074
2965	1	3726
2119	3	2175
41	1	3601
1065	3	207
1153	1	3568
128	3	2156
1082	3	1496
1876	3	3104
879	3	2663
176	1	3616
149	1	3569
79	3	1349
590	3	2753
596	3	207
924	1	3604
1667	3	3464
2981	3	3169
249	1	3574
2229	3	1820
3160	3	2417
198	3	1416
2150	3	1611
2472	1	3639
1881	3	1436
3536	1	3584
1751	3	2005
1953	1	3569
2566	3	2853
3291	3	1673
1549	3	1179
1845	1	3574
949	1	3570
2245	1	3588
2319	3	3067
723	1	3569
1484	1	3569
2196	3	2450
2720	1	3614
1645	1	3570
3512	3	1658
1284	3	982
254	1	3569
918	3	3220
1029	1	3604
2527	1	3569
1608	1	3677
2876	3	1778
3494	1	3618
1827	3	3209
1136	1	3568
2358	1	3578
3503	3	1062
2058	1	3569
132	1	3569
1128	1	3578
694	3	1588
2897	3	3237
314	3	2454
1623	3	1901
2069	3	125
2424	3	1377
3307	1	3599
266	3	2815
1080	3	3057
1828	1	3574
706	1	3569
1481	1	3604
2566	3	1698
2956	3	2398
361	3	2209
308	3	687
3266	3	384
3495	3	1658
960	3	105
237	1	3569
1900	1	3854
3365	3	2981
252	3	2574
2498	3	807
1901	3	1134
3116	1	3613
2041	1	3569
115	1	3569
2910	3	1909
2981	3	2364
183	1	3679
551	3	108
3437	3	3261
2721	3	2758
2598	3	1387
1896	3	2417
882	1	3614
3128	1	3568
3288	3	1315
1595	3	1802
431	3	2408
1534	3	2560
2468	1	3603
1811	1	3574
1505	3	2774
2007	3	1740
247	3	279
1055	3	3067
2375	3	1506
3208	1	3601
220	1	3569
2540	3	1102
2469	3	647
2981	3	270
1142	1	3570
2399	1	3590
2329	3	1370
403	3	1370
1731	3	3535
3013	3	2935
2304	3	1990
2232	3	3002
1182	1	3602
794	1	3569
1156	3	2544
1807	3	602
808	1	3585
715	3	2831
1288	3	1286
3443	3	2560
232	3	2815
2973	1	3590
2350	3	385
2560	3	86
1207	1	3568
686	1	3585
939	3	1224
3421	1	3569
460	1	3584
3434	1	3581
3479	3	51
203	1	3569
974	3	3480
2283	3	1820
1342	3	802
997	3	2223
2264	1	3584
2488	1	3846
2600	3	674
1727	3	2210
2082	1	3581
1577	3	1546
1530	3	1585
2866	3	3504
3078	1	3590
3308	3	1588
995	3	2495
744	1	3624
1568	3	950
1785	3	3209
13	3	1588
469	2	3776
788	3	1270
2059	3	2261
2222	1	3618
2595	1	3585
469	3	2688
1541	3	2444
1673	3	1731
3028	3	533
735	3	266
884	1	3661
163	3	1872
1805	3	2917
2187	1	3581
991	1	3568
338	3	3226
797	3	125
1311	3	2802
943	3	1929
1001	1	3636
930	3	810
556	1	3574
1431	3	2721
2001	3	1623
1031	1	3600
1878	3	1006
354	1	3657
1431	1	3614
2648	3	86
212	3	376
3509	1	3569
1986	3	765
1296	1	3572
2631	3	2180
63	3	3183
2707	2	3866
2890	3	1698
2639	1	3581
3226	3	3232
1130	3	793
2241	3	699
210	3	295
969	3	1720
2150	3	2229
252	3	964
2170	1	3581
436	3	1224
1436	1	3609
2310	3	3314
974	1	3568
997	3	1418
1549	3	1797
1682	3	2835
2050	3	2954
1016	3	547
2966	3	75
539	1	3574
3227	1	3597
3044	1	3590
773	3	2640
2283	1	3571
2717	3	197
2744	1	3581
3492	1	3569
70	1	3574
2600	3	3252
498	1	3639
1893	3	2917
2531	3	3464
2446	3	3357
3125	3	904
3291	3	197
812	3	2622
3266	3	63
972	1	3634
1340	3	63
1878	3	3234
519	3	3481
1045	1	3592
1252	3	2668
1397	3	2721
1927	1	3591
5	3	215
650	3	2737
3311	3	2770
2255	3	135
2307	1	3634
403	3	699
746	3	1438
673	3	2036
2889	1	3624
1221	3	1464
1256	3	912
427	3	2856
1368	3	1077
627	1	3574
1309	3	2855
1370	3	2097
1292	3	1330
2692	3	39
906	1	3581
349	3	3438
969	3	1854
3136	1	3568
980	1	3600
1219	3	1204
1798	3	3472
1240	1	3724
2132	1	3569
1721	3	3176
1945	3	3438
2609	3	363
1141	1	3582
2531	3	215
2569	3	3169
174	3	2434
390	3	869
3000	3	2434
793	1	3581
2706	1	3569
324	1	3581
1679	3	958
2237	1	3569
81	1	3601
491	3	699
411	1	3574
3000	3	3373
3119	1	3568
878	3	1846
1304	1	3672
363	3	1935
1032	3	2878
2115	1	3569
1198	1	3590
3288	3	189
4	3	3351
339	1	3644
2863	3	1761
2260	3	2914
188	2	3739
2745	3	1345
2013	3	2040
776	1	3581
2689	1	3569
3558	3	1909
995	3	3113
1298	1	3568
2703	1	3585
3013	3	2398
6	3	174
2622	3	3357
1773	3	3314
479	1	3681
2220	1	3569
2633	3	1012
2675	3	2435
3225	3	3292
3528	3	3237
1933	3	2709
394	1	3574
109	3	3351
120	3	1006
1842	1	3604
2137	3	984
2472	1	3586
3083	3	1658
1680	3	1497
3102	1	3568
2098	1	3569
2749	3	2454
2850	3	1345
1134	3	292
2234	3	2543
1181	1	3590
2633	1	3568
1818	3	1857
2679	3	161
3020	1	3570
881	1	3581
565	1	3624
807	1	3573
2352	3	105
1624	3	1751
1403	1	3568
1113	3	1435
436	3	1492
1767	3	3210
3514	3	3023
1996	1	3657
538	3	444
2760	1	3593
3207	1	3568
1281	1	3568
2150	3	1908
3114	3	3197
2230	3	279
1953	3	529
3393	1	3684
3530	3	646
2203	1	3569
1128	3	188
1350	3	3402
812	1	3568
13	3	3495
1477	3	1381
2864	3	431
2411	3	2649
3226	3	3497
2155	1	3577
3056	3	2165
2136	3	1667
1507	3	1345
2569	3	270
2169	1	3593
2506	3	2453
864	1	3581
2777	1	3569
1274	3	679
564	1	3572
322	3	2006
1386	1	3568
1315	3	1496
3167	3	1488
639	3	3304
797	1	3649
382	1	3569
1455	3	3402
2465	3	2165
2113	1	3611
239	3	1402
1264	1	3568
3190	1	3568
1623	3	2198
2732	3	3157
3035	1	3612
1897	1	3659
2186	1	3569
197	3	497
795	1	3568
1045	3	1654
3157	3	861
2578	3	2508
3355	3	3210
650	3	2416
2782	1	3575
2974	1	3589
2886	3	402
2556	1	3574
1905	3	2735
197	3	1436
1552	1	3575
922	1	3593
1369	1	3568
2878	1	3575
949	3	2758
2198	3	2815
365	1	3569
1187	3	1194
2232	3	2010
2291	1	3569
250	3	2234
2576	3	3002
2726	1	3593
3154	3	1658
1965	1	3574
2914	3	285
1820	3	2422
1734	3	1147
86	3	3402
519	1	3622
2012	3	3402
1493	3	114
2610	3	3136
3056	3	1360
3393	1	3818
2539	1	3574
3461	1	3575
3199	3	22
1352	1	3568
2838	3	1124
172	3	3345
2788	3	465
1889	3	2560
1309	3	440
2465	3	1360
1751	3	3375
1680	3	2920
2147	3	384
3097	1	3626
373	3	551
2931	1	3571
1872	3	2210
1678	3	384
718	1	3574
2544	3	2508
608	3	188
2422	1	3569
3244	3	1194
942	2	3893
1427	3	1559
2522	1	3574
3344	1	3570
1414	3	440
2997	1	3600
1835	3	1536
976	1	3617
127	1	3574
2053	1	3574
3020	3	2006
505	3	2497
2325	3	2241
419	1	3593
164	3	1261
823	1	3574
1461	3	1340
2302	3	465
3110	1	3590
2297	1	3601
2914	1	3571
2223	1	3593
564	3	1658
701	1	3574
2627	1	3574
1293	1	3602
1852	3	1512
340	1	3569
2445	1	3571
1211	3	677
3417	3	2261
232	1	3574
1606	3	2332
2505	1	3574
2223	3	1195
694	3	3308
261	3	1507
1246	3	1243
1818	3	1536
1116	3	1812
959	1	3617
2036	1	3574
2885	1	3617
914	1	3569
2315	1	3581
1513	3	1128
161	3	2441
806	1	3574
1500	3	1116
2028	1	3584
1017	3	3352
1476	3	1588
3198	3	95
3364	1	3813
2285	3	465
2510	1	3569
3285	1	3604
2380	3	2521
547	3	1658
684	1	3574
2610	1	3574
2695	3	1462
3432	1	3570
1541	3	647
3524	3	2928
78	3	1658
215	1	3574
676	1	3584
696	3	1881
3083	2	3744
305	3	2648
2432	3	2124
109	3	1875
3051	1	3624
3479	3	2853
2080	1	3570
2652	3	1492
63	1	3592
3266	3	1486
689	1	3569
2494	1	3600
972	1	3581
3547	3	2200
789	1	3574
2011	1	3584
830	1	3637
738	3	3136
2493	1	3569
536	3	745
57	3	1488
2146	1	3599
241	3	1748
667	1	3574
2072	1	3591
2942	3	2537
3388	3	2259
1155	1	3612
1997	3	6
2353	3	2618
2594	1	3578
2018	1	3671
381	1	3581
2294	1	3569
198	1	3574
2307	1	3581
3555	1	3786
239	1	3637
570	3	526
2259	1	3589
3081	1	3585
559	3	427
1959	1	3580
2230	3	2186
540	3	1854
3181	1	3590
3372	3	1381
2881	1	3581
955	1	3581
635	3	1658
772	1	3574
1147	3	1224
3218	3	3176
1464	3	2522
401	3	1493
697	3	551
369	3	3299
3398	1	3570
2821	3	2547
738	1	3598
3281	1	3568
2318	3	2796
301	3	1673
2290	1	3581
2648	3	517
538	1	3594
222	1	3637
1905	3	320
2602	3	3061
1508	1	3617
242	1	3755
1773	1	3589
1474	3	849
2406	3	1507
315	3	376
651	1	3584
21	1	3602
796	1	3637
1460	1	3568
1473	1	3580
943	3	266
543	1	3589
680	3	551
1829	3	603
735	3	1986
2728	3	1316
879	3	679
3357	3	1812
781	3	3061
569	1	3586
1766	1	3660
3264	1	3568
889	3	2820
3076	3	2831
994	3	2117
1196	1	3624
2795	1	3568
1088	3	1258
3520	3	17
2364	3	3261
582	1	3571
1043	1	3581
1957	3	2935
2673	3	3085
2062	3	2232
598	3	3182
235	1	3601
268	3	765
1704	3	2887
2655	3	2674
3074	1	3632
1863	3	3013
574	1	3581
292	3	114
1527	3	3142
2544	3	3126
3222	1	3602
114	3	870
2547	1	3572
1766	3	2393
1601	1	3633
1917	1	3590
1049	3	1637
3225	3	3239
914	3	2005
1671	3	1073
452	1	3581
2365	1	3569
737	3	3367
152	1	3572
128	3	1461
3247	1	3568
2516	1	3601
404	1	3589
2658	1	3649
3094	3	188
2995	3	1345
3289	3	547
1714	1	3623
2576	3	2815
1326	1	3590
2778	1	3568
3351	3	2850
3364	3	1525
3443	3	1381
47	3	770
737	1	3671
679	3	1611
1026	1	3581
576	3	2981
1659	1	3672
1948	1	3582
557	1	3581
1996	1	3604
842	3	3367
2097	3	878
2298	3	1852
2438	3	1704
2656	3	405
1039	3	1949
3352	1	3568
509	3	252
173	3	381
803	3	363
2697	3	115
435	1	3581
957	1	3568
623	3	273
466	3	461
362	3	471
1913	1	3575
3522	3	250
1153	3	2545
475	1	3613
2388	1	3601
2992	3	2525
1546	3	1089
3270	1	3600
322	1	3570
2597	3	2533
18	3	257
1531	1	3568
244	3	3438
2615	3	1056
2707	3	2785
167	1	3614
3332	3	2566
540	1	3581
2801	1	3600
2224	3	325
760	3	2086
1876	3	2193
2888	1	3593
2969	3	1132
3107	1	3713
1122	1	3571
1897	1	3606
1387	3	1370
804	3	2258
2138	3	1877
461	3	974
1114	1	3581
747	1	3876
1792	1	3585
3403	3	3371
1360	3	363
158	1	3604
2701	1	3574
1192	3	3230
3308	3	1698
305	1	3570
3440	1	3568
1514	1	3568
2743	3	2273
299	1	3672
13	3	1698
2816	3	511
2436	1	3569
2107	1	3657
406	1	3579
2484	1	3591
3161	3	1917
384	3	1381
2499	3	2596
2110	1	3574
1654	3	268
1640	3	3060
721	3	3168
431	3	2652
1350	3	2544
2476	1	3601
229	3	1072
2770	3	375
3459	3	299
519	1	3569
1317	3	3174
2684	1	3574
1846	3	1221
2864	3	2956
812	1	3649
3504	3	1107
1224	3	1414
118	3	2463
133	1	3614
2215	1	3574
3034	2	4063
1455	3	2544
1127	3	3238
1345	3	2693
2191	3	3183
3044	3	13
2420	1	3630
2134	3	1656
3027	3	2107
1754	3	2522
3242	1	3626
1589	3	2145
2093	1	3574
1336	3	2097
2789	1	3574
502	1	3569
276	1	3568
1005	3	558
3149	3	13
1395	3	1258
2667	1	3574
1566	3	752
3004	3	3522
1495	3	1263
2306	1	3569
1640	3	1316
2494	3	3459
3369	3	691
2198	1	3574
3388	3	2072
2081	3	3292
2995	3	674
2161	3	2417
3537	3	3459
3241	1	3574
2672	1	3569
3068	3	3459
1489	1	3568
859	1	3586
2772	1	3574
2068	1	3584
3504	3	3335
887	1	3637
86	3	2544
1210	3	2462
1334	1	3612
1381	1	3573
259	1	3568
3108	3	664
3228	3	1747
377	1	3574
3257	3	2051
2247	3	2935
2081	1	3569
2773	3	1429
2063	1	3568
2181	1	3574
42	1	3585
1434	1	3590
770	1	3659
1059	1	3569
2006	3	1512
1825	3	3279
2041	3	960
2690	1	3606
951	1	3574
55	1	3570
276	3	207
2955	1	3578
1865	3	484
590	1	3569
2655	1	3569
3246	3	1727
1874	1	3636
2755	1	3574
3221	3	2347
1521	3	2522
242	1	3568
557	3	2582
604	3	2543
360	1	3574
389	3	197
2286	1	3574
1387	3	699
1164	1	3569
2677	3	3263
3495	3	292
1133	3	3398
3496	1	3633
162	3	3344
1146	3	1720
2831	3	687
293	3	918
2164	1	3574
2279	1	3645
2692	3	1088
2852	3	2927
53	1	3636
2860	1	3574
934	1	3574
600	3	279
42	3	3257
830	1	3584
2192	3	109
1194	3	3226
1076	3	2810
2936	3	3367
1706	3	540
3013	3	1219
3336	1	3661
3528	1	3675
1176	3	2815
5	3	109
222	3	3122
866	1	3649
141	3	3174
647	3	1179
225	1	3568
207	3	2264
1000	1	3603
1822	1	3599
1822	3	1982
239	1	3584
1987	3	2359
2269	1	3574
694	3	2450
3092	1	3569
294	3	3402
3318	3	2943
3170	3	2545
2104	1	3580
2043	1	3584
1870	3	3488
2566	3	2560
2521	3	1546
917	1	3574
813	1	3584
1930	3	607
958	1	3637
330	1	3568
441	3	1089
2275	3	114
1961	3	824
2239	3	3079
2731	3	658
1513	1	3580
1857	3	1588
1653	3	1061
2114	3	2159
2919	3	687
1150	3	2219
441	1	3645
1505	1	3590
3387	3	3464
2874	3	229
700	3	1546
2547	3	1337
3288	3	2177
1431	3	66
1534	3	3422
649	1	3618
1471	1	3614
15	3	2758
1507	3	3549
473	3	1142
1979	3	1214
796	1	3584
3009	1	3581
207	1	3665
496	1	3575
1278	1	3569
1858	3	100
294	3	1658
1935	3	3261
2246	3	1853
1766	1	3607
3240	3	3094
3322	1	3575
1281	1	3678
3175	3	1002
2380	3	2952
3385	3	703
818	3	2312
108	3	761
1908	3	1345
909	1	3574
2094	3	1461
124	1	3636
1667	3	2366
2082	3	194
3526	3	1172
1147	3	2810
1514	3	3077
209	3	1345
2731	3	2886
517	3	384
1483	1	3574
2487	3	1546
1628	1	3627
3402	3	679
848	3	2862
624	1	3628
75	3	2330
482	3	347
1986	3	3371
3512	3	3004
2007	3	1447
2348	3	2273
2765	3	768
592	3	2672
1373	3	161
892	1	3574
849	3	3243
2229	3	1072
3308	3	2450
1171	1	3581
1559	3	1997
484	1	3570
1706	1	3580
1659	1	3619
13	3	2450
3537	3	556
1366	1	3569
1911	3	299
2141	1	3604
3371	3	1751
874	3	3209
2288	1	3570
633	3	1422
1654	3	3464
3497	1	3568
897	1	3569
1881	2	3654
2206	1	3572
3015	1	3613
2715	1	3604
3490	1	3639
2407	3	1784
554	1	3769
2546	1	3613
2427	3	974
3488	3	1911
2997	3	3248
3562	3	229
2310	3	3237
2236	3	3229
1349	1	3569
2946	1	3600
681	1	3794
976	3	821
1720	3	460
2014	3	571
2422	3	3402
1582	3	2029
2522	3	2441
3252	3	3182
245	3	958
752	1	3660
63	3	1012
1158	3	599
2140	3	2434
1959	3	3094
3220	1	3591
1793	1	3728
3149	3	765
3155	3	3471
599	3	2735
899	1	3637
3451	1	3614
1525	1	3614
346	1	3580
2265	3	685
13	3	1645
1354	3	1722
647	3	1797
61	3	2223
1128	3	1721
595	3	471
561	3	1276
1220	1	3589
116	1	3585
1785	3	233
1968	1	3577
3248	2	4076
1334	3	3471
1668	1	3568
295	3	109
1993	3	3003
1632	3	944
555	1	3570
2422	3	1658
3203	1	3591
988	3	1310
485	3	1559
1221	3	1387
1437	1	3569
523	1	3686
1064	3	821
2212	1	3604
2298	3	1344
2989	3	969
600	3	2186
1538	1	3578
2404	2	4028
2505	1	3684
1468	3	3257
3308	3	2934
3198	3	3238
3316	1	3581
297	3	1479
1103	1	3584
3174	1	3637
1490	1	3586
2595	3	1594
2677	3	3076
914	1	3679
2847	1	3581
52	1	3624
1951	1	3577
2500	1	3611
1651	1	3568
1843	1	3582
689	3	3402
1476	3	1698
2122	1	3646
973	1	3594
455	3	793
94	3	3232
2644	3	1262
3455	1	3568
1495	1	3581
1412	3	242
1522	3	1992
2225	1	3568
3401	3	2785
1223	3	2589
2886	3	2874
881	3	1911
157	1	3624
1563	3	557
2780	3	2618
2818	1	3657
2865	1	3618
810	3	3176
304	1	3590
461	3	466
22	3	1211
16	3	404
2491	1	3601
1527	3	324
2906	1	3681
850	3	381
3392	3	196
2016	3	1722
878	3	1769
1752	3	647
1340	3	120
1623	3	2576
2406	3	2422
1634	1	3568
317	1	3575
1	3	102
704	1	3577
2659	1	3704
931	3	2920
82	3	2877
292	3	679
1710	3	1462
2965	1	3596
3417	1	3772
2489	3	1111
1856	3	1576
997	1	3657
3404	1	3581
3411	3	1112
2596	1	3601
1769	3	3067
2208	1	3568
1962	3	3495
2189	3	1658
2446	3	1320
3499	3	2856
770	1	3606
140	1	3624
2454	3	2794
2318	3	2556
3282	1	3581
662	1	3611
1805	3	75
1668	3	1496
2982	1	3572
1577	3	3026
2872	3	2438
652	1	3765
2006	3	870
3387	3	3277
2858	3	1474
1617	1	3568
3383	3	74
1721	3	2294
2522	3	1770
822	3	1945
387	1	3568
1687	2	3981
797	3	666
2052	3	19
17	3	3238
205	1	3622
2172	3	1102
1147	3	2273
1416	3	196
1174	1	3584
2579	1	3601
3060	3	1908
1063	3	699
827	1	3614
1762	3	1044
1821	3	3238
1650	1	3671
1722	1	3568
851	3	2434
773	3	2831
2572	1	3672
2703	3	3180
1493	2	3650
3158	3	465
2030	3	2097
2600	3	3443
249	3	1396
3153	1	3601
3232	3	120
1934	3	363
3352	3	1146
3438	3	2223
1688	1	3592
3320	3	2618
1088	1	3574
589	3	3157
780	3	666
2253	3	440
1340	1	3591
1012	3	1857
337	3	107
428	3	1230
3223	3	2907
1185	1	3635
3412	1	3705
1767	3	1978
1878	3	2836
1136	3	3110
723	3	78
2012	3	2036
86	3	2036
3304	3	929
3330	1	3707
73	3	163
1204	3	2810
2192	3	1345
3366	1	3569
2826	1	3584
1153	1	3572
641	1	3596
3297	3	1000
1124	3	1816
376	3	664
1071	1	3574
2399	3	904
73	3	1102
2472	1	3643
2775	1	3569
693	1	3609
937	3	1414
3205	3	402
33	3	864
2576	3	481
1645	1	3574
2270	3	3018
1626	3	1664
941	1	3584
1521	3	2014
2867	1	3584
3405	3	1345
2803	1	3997
3349	1	3569
3397	3	1355
2531	3	2850
921	3	889
2880	1	3569
141	3	2316
798	1	3609
954	1	3569
234	3	3352
425	3	861
904	3	2983
1054	1	3574
1056	3	3348
1574	1	3705
2286	3	668
2476	3	2899
3054	3	1555
1498	1	3958
3510	3	1345
922	3	2434
3078	3	904
3372	3	2914
2650	1	3574
3380	3	1275
161	3	3169
543	3	2216
911	1	3599
438	3	2566
1528	1	3569
3546	3	2927
1109	3	2611
1234	3	677
1628	1	3574
1945	3	1535
1969	1	3646
1084	3	3231
2081	3	2918
2450	1	3570
1965	3	3169
2588	3	2283
3332	1	3569
1159	1	3574
3224	1	3574
2934	3	687
1213	3	2786
1122	3	344
2041	1	3573
2437	3	2497
2186	1	3626
2311	3	1573
2863	1	3569
2077	3	3098
3069	3	3146
2230	3	1625
1037	1	3574
3385	3	1939
1633	1	3569
1388	3	2450
1417	1	3617
1851	1	3580
781	3	1211
1696	3	344
577	3	1772
1511	1	3569
1913	3	3357
2916	1	3586
3371	3	1698
2046	1	3568
120	1	3568
1001	3	169
3287	3	1288
1042	1	3569
2968	3	2706
1429	1	3571
616	3	3463
2001	3	1493
1142	1	3574
2116	3	2318
849	3	3540
3103	1	3584
1441	3	2288
2873	1	3616
2846	1	3569
1516	3	1193
3369	3	2545
2929	3	611
44	1	3653
1616	1	3569
526	3	2566
1754	3	2282
2640	3	2421
1734	3	1204
2701	3	2417
161	3	2364
2512	1	3584
1686	3	3464
2736	3	2229
3230	3	2165
3420	1	3569
1582	1	3593
2029	1	3568
2612	1	3589
79	3	2776
2127	1	3660
577	3	3061
3265	1	3613
3434	1	3585
3513	3	2931
1025	1	3569
1086	3	1194
473	3	1573
1676	3	2454
1965	3	2364
1476	3	2450
3094	3	1721
2382	1	3594
2556	3	270
1438	3	2304
2589	3	3023
677	1	3568
2082	1	3585
3443	3	2914
1599	1	3569
2835	3	1422
3360	3	1754
161	3	270
127	3	1075
2854	3	551
2271	1	3867
2521	1	3570
3199	1	3574
968	3	2273
2195	1	3575
3478	1	3581
2340	1	3628
383	3	861
2855	3	376
3191	1	3584
1265	1	3584
3491	1	3593
195	1	3741
1008	1	3569
2234	3	1929
2247	3	2695
880	1	3660
604	1	3570
3310	3	135
2733	3	376
3069	1	3584
739	3	440
955	3	948
1929	3	2275
2041	3	720
359	3	3026
3369	3	1740
1489	1	3678
2300	1	3575
1670	1	3593
774	1	3589
652	1	3578
2275	3	679
2422	3	2544
3429	3	3406
1417	3	2484
361	3	603
1716	3	2815
2727	1	3609
3174	1	3584
2333	3	1678
3319	1	3637
3056	3	1551
1455	3	1849
299	3	929
779	1	3584
556	3	2311
2427	3	466
2931	3	2896
1512	3	1507
2038	3	2445
295	3	1345
1361	1	3574
1632	3	2180
1855	3	1836
2465	3	1551
366	3	2318
1940	2	4000
2718	1	3599
1380	3	2749
349	1	3585
302	1	3624
384	3	2914
567	3	669
1302	3	3146
1379	1	3581
1605	3	3072
1231	1	3584
3171	1	3600
5	3	3252
1466	1	3574
570	1	3570
3143	3	6
1626	3	188
1265	1	3718
2290	3	3176
1385	1	3637
1740	3	3464
1819	1	3600
547	3	3004
994	3	2979
2965	3	583
828	1	3613
2741	1	3601
3431	3	2693
2960	3	3190
115	3	2544
2510	3	265
3096	3	2647
1918	3	793
1449	1	3574
721	3	3546
1694	3	295
1458	3	1772
261	3	1698
2280	3	3488
3305	3	3226
3436	1	3581
785	3	2352
1284	3	3243
2136	3	1187
1350	3	2333
1857	3	1698
2553	3	770
3125	3	3136
2719	3	63
3428	1	3591
1319	1	3584
3541	3	1779
585	1	3612
1202	1	3582
1696	3	1901
2531	3	2663
3422	3	3
2350	3	68
2920	3	1414
2389	1	3612
2376	1	3600
551	1	3636
1615	1	3581
1773	1	3646
1432	1	3574
1760	1	3634
2076	1	3591
1913	3	1881
1828	3	3464
2641	1	3572
2545	3	1719
3298	1	3601
3377	3	120
1546	3	1012
2810	3	2855
1213	3	1660
564	3	105
2206	3	1150
960	3	2366
1346	3	1008
2937	1	3569
1275	3	2273
1847	3	2566
2707	1	3601
121	1	3637
2481	1	3600
760	3	2009
1912	3	1978
1063	3	1935
2623	3	2836
2447	1	3624
1620	3	3090
1575	3	2076
2820	1	3591
3222	1	3659
3511	1	3569
3256	3	130
3217	3	677
368	1	3581
1129	1	3581
1531	3	2032
2365	1	3626
2378	3	1055
2633	3	1016
2812	1	3601
2840	3	2816
3218	1	4075
1216	1	3574
666	1	3862
898	3	2318
2172	1	3581
1856	1	3624
78	3	105
2584	2	3744
2694	1	3568
248	3	3157
2633	1	3572
3020	1	3574
3239	1	3635
881	1	3585
1703	1	3581
2018	3	2595
258	3	1134
2826	3	131
1403	1	3572
3235	3	2404
3308	3	2560
1884	3	1879
13	3	2560
3507	1	3581
1393	3	3197
2403	1	3577
3494	1	3569
2103	1	3568
1439	1	3637
2214	1	3672
252	3	647
1873	1	3600
1186	1	3589
2577	1	3590
2874	3	473
4	3	1611
1284	1	3681
1573	1	3591
3025	1	3569
3531	3	3155
3125	1	3574
1432	3	371
1012	3	3443
2406	3	1698
2858	3	2628
2155	1	3581
2209	3	1073
3088	3	344
3279	3	1825
3463	1	3702
2677	1	3568
87	1	3637
879	3	870
1667	3	1671
2958	3	1824
663	3	2082
842	3	1330
501	3	1258
1050	1	3701
1339	1	3611
1386	1	3572
167	1	3671
1370	3	2935
2536	3	904
3130	1	3569
2460	1	3585
1889	3	3369
2972	3	1534
1482	3	3100
3477	1	3569
2113	1	3615
1264	1	3572
1272	3	1709
3520	3	2652
5	3	2931
3565	1	3593
1169	1	3589
1169	3	1972
3008	1	3569
3195	3	1011
822	1	3619
165	1	3590
555	3	3026
3483	3	2785
1042	3	960
595	1	3568
2001	3	501
2660	1	3568
926	3	457
1269	3	1196
886	1	3735
851	3	3215
1669	1	3581
509	3	2537
3354	3	3183
2191	1	3568
2774	1	3589
3406	3	1093
2578	1	3570
2507	3	744
1680	3	1635
3113	1	3569
1187	1	3569
3205	3	2927
295	3	3252
978	3	2312
1150	3	1658
1287	1	3574
3135	3	2533
2545	3	109
3168	3	943
3248	1	3584
1606	3	2202
3360	3	2856
1927	1	3624
2991	1	3569
2659	3	941
322	3	266
1774	1	3581
1761	1	3569
3135	3	3472
1072	3	921
3432	3	884
974	3	2492
1798	3	3155
1909	1	3596
2706	3	696
2981	3	571
2174	1	3568
2127	1	3607
3096	1	3569
1170	1	3569
285	3	501
3424	1	3686
13	3	3044
1694	3	1852
3231	1	3584
248	1	3753
2310	3	3481
1953	3	1017
3530	3	1134
2598	3	533
1186	3	2456
1744	1	3569
377	3	725
188	1	3601
502	1	3626
986	3	1486
2134	3	2652
2816	3	2796
46	1	3657
3344	1	3574
750	3	3519
921	3	2259
1461	3	405
1883	3	2107
1906	1	3612
3189	1	3618
2157	1	3568
2258	3	3094
2269	3	749
2514	1	3588
3202	1	3630
3388	3	2129
3472	3	1630
1753	1	3569
3079	1	3569
927	1	3568
290	3	3155
660	3	1868
1074	3	3005
3214	1	3584
2810	3	440
2211	3	100
1850	1	3630
1910	3	1929
1936	3	1370
352	3	941
1431	3	2672
3308	3	1889
3402	1	3613
3449	1	3574
1293	1	3606
2753	3	1721
3515	3	1047
1162	1	3569
1815	1	3593
3412	1	3681
974	3	1687
2964	2	4055
3235	3	2672
1915	1	3598
345	3	1012
3327	1	3574
2844	3	221
66	3	3243
92	3	2684
814	1	3568
2097	1	3574
2497	3	251
2858	1	3574
2491	3	2444
535	3	2462
1736	1	3569
3319	1	3584
2409	3	1890
2291	3	720
870	3	384
176	1	3596
1160	3	2799
924	1	3584
78	3	723
98	3	3464
1393	3	2876
1991	3	358
2510	1	3573
2445	3	2308
1591	3	2064
828	3	3098
1506	1	3574
3432	1	3574
94	3	3126
2310	1	3569
439	3	1667
929	3	299
1857	3	2450
1588	3	2275
919	1	3568
2655	2	4036
2935	3	3013
3179	3	745
3197	3	2876
3337	3	2728
2215	3	1559
95	3	699
15	1	3574
790	1	3609
1483	3	2254
989	1	3582
1288	2	3940
2080	1	3574
2126	3	3002
2283	3	1316
2568	1	3612
1719	1	3569
2069	3	3138
2494	1	3604
2090	3	1214
1611	1	3574
2386	1	3609
715	1	3570
1230	3	1072
489	1	3569
2007	3	3464
3315	1	3569
1640	3	1507
674	3	2799
997	3	2658
1397	3	2672
77	1	3598
20	1	3569
667	1	3578
1522	3	2236
821	3	3519
2293	1	3569
2508	3	2578
2711	1	3584
3044	3	1493
3068	1	3604
902	1	3568
1264	3	2543
1020	1	3574
239	1	3641
3100	3	1825
820	1	3570
1773	3	3131
2898	1	3582
186	3	3464
1705	2	3903
2545	3	2821
1112	1	3589
1702	1	3569
2414	3	2450
824	3	403
3073	1	3599
1594	1	3574
1383	3	1650
2198	3	2498
963	3	615
472	1	3569
2931	3	2038
74	3	3131
2313	3	2216
2780	3	768
936	3	1496
3167	3	16
3319	1	3718
3366	1	3679
3398	1	3574
3	1	3569
1608	3	2548
483	3	1270
1857	3	1645
2086	3	2165
2651	1	3590
2831	3	2972
885	1	3568
2168	1	3574
2890	3	1194
1667	3	1134
3112	1	3581
3501	3	3357
3115	3	3237
166	3	3355
1434	3	821
1370	3	2398
2761	1	3663
2040	3	2029
3064	1	3589
556	3	1803
714	3	531
2786	3	645
3345	3	172
2056	3	460
1760	1	3581
1577	1	3574
796	1	3641
455	1	3569
2191	3	2919
347	1	3574
393	3	558
477	3	1722
2164	3	428
3220	3	3237
2647	3	265
3564	1	3581
761	1	3604
1696	3	2198
2366	3	1829
376	3	2652
552	3	2347
2334	1	3581
2347	1	3593
2151	1	3574
2958	3	2419
1857	3	2934
699	3	3067
2086	3	3454
2795	1	3572
939	3	1204
2160	3	608
92	3	1074
3074	1	3636
2194	3	1523
2714	3	1654
560	1	3569
2313	1	3617
2940	3	1829
3222	1	3606
449	3	331
1935	3	1224
689	3	1686
721	3	2688
1504	3	2534
1628	1	3684
2071	3	3535
3369	1	3572
1931	1	3610
237	3	2066
452	1	3585
1735	1	3591
3547	1	3581
1022	3	2522
3190	3	398
2086	3	1360
175	3	3146
3006	3	1486
603	3	384
3476	3	2418
3239	1	3582
857	3	257
3546	3	943
704	2	3776
2770	1	3582
557	1	3585
1366	1	3626
223	3	1044
217	1	3574
992	1	3609
1333	1	3681
81	3	1854
2261	1	3580
2722	1	3590
3394	3	551
509	1	3593
2064	2	3910
1761	3	2674
1856	3	2304
51	3	3182
1031	1	3580
354	1	3637
3519	3	1835
3023	3	1807
27	1	3581
3108	3	2278
1866	1	3618
3216	3	1128
1277	1	3699
3210	3	1230
87	1	3584
1121	3	3210
767	1	3636
1201	1	3599
322	1	3574
1727	1	3591
2629	3	2432
2873	3	1328
1914	3	623
1040	3	465
96	3	1546
1349	1	3626
1776	3	1438
3262	1	3614
380	3	91
2507	3	2785
2948	1	3570
975	1	3609
3159	3	3348
2450	3	1258
3298	3	695
1734	3	2253
2405	1	3581
2815	3	679
192	1	3584
506	1	3609
967	1	3619
700	3	3026
1114	1	3585
1476	3	2560
2797	3	2167
2522	3	3437
3402	3	870
740	1	3568
289	3	2362
2010	1	3600
2518	1	3571
1814	1	3581
2435	3	3238
305	1	3574
556	3	193
1225	3	325
1514	1	3572
1620	3	138
2336	1	3568
3440	1	3572
3128	3	1612
3258	1	3569
297	1	3584
1045	1	3572
3543	3	3002
1220	1	3646
674	3	384
69	1	3681
563	1	3617
720	3	2566
1580	1	3601
1282	3	3366
2623	1	3571
1558	1	3774
1919	1	3581
1926	3	1112
1985	3	3306
2769	1	3685
851	3	1068
898	3	2749
2014	3	2856
2165	3	363
2487	3	3026
3506	1	3574
2259	3	2005
2097	3	427
288	1	3574
1625	3	1072
659	3	465
3548	3	2273
3032	3	1756
2807	1	3606
2684	3	1372
2239	3	1310
814	1	3731
3389	1	3596
1899	3	135
1190	1	3634
2545	3	1345
2697	3	603
2893	1	3568
494	3	2926
38	3	1237
876	1	3590
884	3	1727
793	3	3257
1502	3	1196
2085	1	3588
2119	3	813
532	3	39
2872	1	3604
3489	1	3574
3502	1	3586
1592	3	3197
2902	1	3568
976	1	3568
412	3	3503
1221	3	2733
30	3	1258
746	1	3600
2164	3	1046
3007	1	3619
1898	1	3569
2058	3	964
2248	3	2031
305	3	2815
1893	3	587
2353	3	2435
785	1	3571
2531	3	1134
964	3	2347
1194	3	63
2145	3	604
2625	1	3612
2311	1	3568
385	1	3568
2253	3	363
303	3	3087
210	3	1698
3436	3	3229
3410	3	1344
243	1	3624
2506	3	3238
2598	3	1769
3472	1	3574
3212	1	3624
2989	3	221
2288	3	3002
2885	1	3568
959	1	3568
1881	1	3569
2613	3	3330
2982	3	292
881	3	3257
2133	1	3586
1222	3	1077
1130	3	102
2210	3	3174
450	3	1713
1317	3	279
1549	3	1106
542	1	3581
1364	1	3577
2402	3	744
2455	1	3569
1064	1	3568
1123	3	173
1038	3	2510
2497	3	548
1650	3	1172
1986	1	3569
60	1	3569
152	3	2927
245	1	3681
2138	1	3581
2695	3	824
2868	1	3568
942	1	3568
1694	3	1344
2383	1	3639
2831	3	691
1864	1	3569
2247	3	1784
473	1	3568
1756	1	3574
392	1	3620
2498	3	384
1160	3	63
549	3	1462
2345	3	2785
1077	3	3067
578	3	1012
3560	1	3574
921	3	1751
236	1	3671
679	3	3522
2374	3	645
1047	1	3568
2526	1	3593
188	3	695
1837	3	945
564	3	215
2143	3	71
485	3	6
56	1	3581
43	1	3569
1969	1	3569
578	1	3568
533	3	937
2851	1	3568
1770	3	2733
3308	3	1381
383	1	3610
336	1	3649
673	3	1345
594	3	382
1739	1	3574
1511	3	2434
630	1	3581
427	3	2165
617	1	3569
330	1	3572
1152	1	3568
818	3	1027
1887	1	3601
148	1	3569
1049	3	1804
2326	1	3586
1484	3	1074
3452	3	2497
1952	1	3569
26	1	3569
561	1	3568
214	1	3598
293	3	117
2292	1	3610
2797	3	691
382	3	3221
75	3	3489
2322	1	3574
942	3	2055
1618	1	3584
1626	3	1721
930	3	1542
3517	3	2674
58	1	3611
367	3	1064
937	3	2410
1135	1	3568
1996	3	2154
427	3	3454
2364	3	2273
2648	3	818
131	1	3569
2673	3	2097
2792	1	3602
3167	1	3623
3483	1	3580
187	3	1728
140	3	1767
954	1	3626
2637	1	3646
2775	3	2359
1731	1	3574
3221	3	2835
3314	1	3589
97	1	3593
544	1	3568
1208	3	1128
303	3	2416
1525	3	3180
1067	3	2544
1245	3	1243
1804	3	770
582	3	1316
1228	1	3617
379	1	3574
2305	1	3574
314	3	3454
427	3	1360
3495	3	1719
1118	1	3568
2695	3	2247
141	3	279
1449	3	457
2298	3	3308
3252	3	3402
2886	3	3549
1156	3	1316
2490	3	878
1077	3	1107
737	3	2729
1714	1	3574
2175	1	3584
3387	3	2663
1171	1	3585
1993	1	3581
484	1	3574
2479	1	3763
997	3	56
2567	3	2170
1373	3	3548
1655	3	3146
1230	3	1853
2288	1	3574
362	1	3574
1127	3	2116
883	3	3028
1658	1	3592
1975	3	1553
3497	1	3572
2580	1	3593
1535	3	194
3357	3	958
354	1	3584
293	1	3588
512	1	3649
2537	3	465
3537	1	3604
3440	3	1337
760	3	1098
952	3	358
330	3	1658
467	1	3574
1872	1	3591
3536	3	792
818	3	2450
2565	3	2792
1935	3	2810
2171	1	3569
2454	3	436
3244	3	3402
832	3	214
2271	1	3574
716	3	465
3134	1	3633
833	1	3612
1025	1	3626
829	3	3488
1655	1	3608
3011	3	1399
3169	3	1464
497	3	979
572	1	3574
3010	3	204
343	3	330
358	3	952
790	1	3585
2663	1	3571
1047	3	1630
63	1	3572
746	3	3459
1574	3	155
450	1	3574
3151	1	3609
3519	3	38
3369	3	1447
2360	3	2937
3082	1	3821
2022	3	1854
1826	3	1835
657	3	149
2077	3	3289
3076	1	3570
456	1	3600
1654	3	2663
1317	3	2186
1712	1	3616
3117	1	3633
1774	3	2582
1968	1	3581
2817	1	3624
2653	3	163
2983	3	136
210	3	2450
2064	1	3581
3177	3	63
555	1	3574
1640	3	2422
1779	3	914
1437	1	3573
2259	1	3569
2842	1	3590
2983	3	3519
3272	3	3429
327	1	3671
1282	1	3617
433	1	3574
474	1	3637
2834	1	3600
2986	1	3612
147	1	3581
3316	1	3585
769	3	3491
2680	1	3705
3469	3	668
3495	3	109
3534	1	3596
809	3	696
1940	3	2589
2904	1	3614
1951	1	3581
1829	1	3570
779	1	3641
1021	1	3590
1843	1	3586
2751	1	3571
538	1	3574
1131	3	679
749	3	3352
973	1	3598
2242	1	3569
665	3	1778
2578	3	1012
2825	1	3590
1495	1	3585
1857	3	2560
1009	3	679
57	1	3623
3047	1	3568
3127	3	693
1336	3	2398
2616	3	2097
1875	3	1658
1013	3	849
2999	1	3576
2980	3	1666
1304	1	3599
1992	3	2952
3147	3	3266
2820	3	3210
988	3	2953
987	3	2347
1926	1	3591
2340	1	3819
2743	3	1769
2402	3	2785
13	3	1194
1076	3	533
44	3	483
235	1	3581
2001	3	879
2266	1	3632
2576	3	2445
3357	1	3624
1395	3	2498
2013	1	3584
3404	1	3585
3030	1	3568
487	1	3598
3064	3	3237
1022	3	3087
528	1	3661
2239	3	2896
1602	3	2410
2561	1	3568
1426	3	1551
948	3	2900
2677	3	2275
2124	3	2044
2813	1	3585
2744	3	2533
1691	1	3580
2053	3	2555
565	2	3776
431	3	3087
1102	1	3661
1477	3	3402
419	3	2574
0	1	3570
697	3	665
1419	3	3342
1209	1	3568
1448	3	1172
1959	3	1488
2490	3	2435
2780	3	878
292	1	3589
2544	3	1012
2847	1	3719
2953	3	285
3287	1	3580
643	3	2465
2239	3	802
1996	1	3584
3401	1	3601
2383	1	3586
3266	3	2352
1512	3	1698
2378	3	2856
1451	3	2456
2424	1	3649
945	1	3624
3168	3	1671
2544	1	3568
2619	1	3637
1797	3	3304
792	1	3581
1075	3	2347
1527	1	3614
5	3	2504
3488	3	2533
2815	3	305
2149	1	3606
2238	3	546
2521	3	3002
1292	3	2680
2920	3	2410
3116	3	3183
3118	1	3568
2055	1	3684
2406	3	2560
3365	3	2855
783	3	2678
1485	1	3648
188	3	53
1232	1	3600
2145	3	96
2434	3	6
1453	3	793
1234	3	1486
2311	3	1443
1780	1	3584
2602	1	3637
1165	3	944
1985	3	1993
3361	3	3035
1147	3	533
2739	3	363
1745	1	3604
939	3	2253
1549	1	3585
1879	3	221
1504	3	200
2057	3	2273
2609	3	2652
3101	1	3568
993	3	638
1175	1	3568
522	3	1135
2283	3	405
3097	3	647
1935	3	2273
2145	1	3591
2510	3	1395
2628	3	647
1401	3	1345
3379	3	3072
1988	3	1172
548	3	543
2996	1	3581
1763	1	3584
254	1	3577
117	3	163
340	3	964
1280	1	3568
2352	3	3549
1461	3	3011
2015	3	2893
1876	1	3574
849	3	1316
1316	3	679
1125	3	107
764	1	3637
285	1	3569
1824	3	3458
688	3	2273
3220	3	3481
2450	1	3574
1820	1	3592
421	3	500
1138	3	2165
2242	3	850
3424	3	1211
1113	3	2785
1981	1	3574
2053	3	945
300	3	2796
3237	1	3590
649	3	178
1011	1	3581
66	3	1877
2233	1	3591
3501	3	2446
1859	1	3574
2320	1	3584
1125	1	3602
1922	3	3146
1787	3	3514
3337	1	3568
1811	1	3582
268	1	3569
2747	3	1618
1269	1	3624
1691	3	2955
2046	1	3572
120	1	3572
1416	1	3590
2433	1	3574
2030	3	2935
1069	1	3620
1042	1	3573
511	3	2097
2338	1	3591
2952	2	4054
1236	3	1883
1964	1	3574
1032	1	3727
842	1	3569
3078	3	3136
2452	3	2749
2216	1	3591
865	3	3139
13	3	2751
300	3	1641
1865	3	3497
525	1	3581
603	3	1567
2438	1	3569
3311	3	416
658	3	3002
178	1	3611
3189	3	2459
612	1	3574
1751	3	2497
2572	3	799
1120	3	1909
1213	3	1046
143	1	3574
2699	3	2693
3461	1	3636
2416	1	3574
3134	1	3580
1847	1	3569
1170	1	3626
291	1	3601
1947	1	3574
583	1	3620
825	1	3569
1187	3	2544
414	3	3176
1124	3	210
1696	3	2576
3425	1	3568
1688	3	1658
437	3	1862
1416	3	229
3004	1	3590
531	3	3504
3196	1	3604
71	3	1656
380	1	3672
458	3	1658
1876	3	2441
2331	3	2170
2521	1	3574
8	1	3568
3372	3	3402
126	1	3574
1455	3	564
1679	3	1637
1082	1	3581
1830	1	3569
1753	1	3626
1176	3	2795
2187	1	3589
2779	1	3617
1930	1	3574
2917	3	2330
2888	3	100
3092	3	2347
700	1	3574
2751	3	2275
3408	1	3568
891	3	611
3061	1	3598
2404	1	3569
2987	1	3590
1670	1	3597
3365	3	440
1355	3	2629
2794	3	2652
441	3	1658
2006	3	687
1146	3	2989
1396	3	2692
700	3	1176
634	3	979
931	3	643
2462	3	3304
2397	1	3640
2350	1	3679
2785	3	2056
3001	3	2564
1169	3	3452
3102	3	3354
2596	3	2151
2978	1	3569
3076	3	1469
1611	3	725
3170	3	3464
839	3	799
1720	3	2989
3470	3	440
1701	1	3589
21	3	3225
683	1	3574
1826	3	38
771	1	3598
2130	3	1734
2353	3	3365
3391	1	3568
1953	1	3606
2853	3	1588
2387	1	3569
2310	1	3626
1258	3	2167
2462	3	1210
163	3	136
805	3	1762
163	3	3519
2180	3	299
3171	1	3604
2975	1	3585
1913	3	2690
3075	1	3590
2631	3	444
347	3	345
1884	3	460
3126	3	384
3337	3	691
20	1	3626
79	3	231
667	1	3635
835	3	2857
1124	3	694
2886	3	3175
3443	3	3402
152	3	943
1966	1	3570
1262	1	3580
1908	3	2264
930	3	3396
1935	3	1147
3175	1	3568
3389	3	1792
1282	3	2805
1505	3	2461
2504	3	2815
2740	1	3574
2819	1	3783
381	3	1436
3371	3	1381
1033	3	100
2688	3	631
3032	1	3593
332	3	2881
2524	3	2005
2409	3	1142
2658	3	239
2742	3	1460
2521	3	1660
1935	3	2086
1890	3	1072
1149	1	3569
20	3	2359
472	1	3626
616	3	3146
2219	3	631
2607	3	2384
1716	3	2953
1934	3	2408
2255	3	493
3168	3	679
2806	1	3603
1067	1	3571
2953	1	3569
1027	1	3569
2624	1	3600
2030	3	1109
512	3	877
2648	3	578
585	1	3616
558	1	3569
2990	3	2010
3158	1	3568
725	3	687
1941	1	3580
2631	3	2672
2487	3	2815
2723	1	3574
3545	1	3570
524	3	2521
432	3	1546
2319	3	3238
3146	3	2347
1637	3	3094
525	3	2582
2254	1	3574
2249	3	945
2715	1	3584
3226	3	3371
2045	3	418
1132	1	3569
3365	3	1863
2202	3	631
1975	3	24
128	1	3570
2829	1	3605
564	3	109
570	3	2815
1438	1	3604
2273	3	2749
2936	1	3569
2365	3	135
1460	3	669
1492	3	2816
2944	3	1706
2949	3	2661
3284	3	27
2481	1	3604
2796	3	2618
1640	3	1698
1824	1	3575
2030	3	2398
3504	3	1355
156	3	308
2963	3	3252
598	3	3243
1934	3	664
3470	3	1863
384	3	3402
371	3	2283
298	3	2881
1849	3	204
2076	3	3237
300	3	3548
2522	3	3360
353	3	1872
1115	1	3569
1477	3	2544
3272	3	2116
1714	3	1128
1007	1	3574
1954	3	3237
1296	3	703
2664	1	3608
1510	3	3371
2955	3	3094
2647	3	1611
67	3	2454
986	3	3100
2107	1	3584
1070	3	3157
2811	1	3574
1474	3	3138
3286	1	3600
626	1	3628
2584	3	186
1309	3	2408
1698	3	603
1220	1	3569
1640	3	2987
849	2	3886
2793	3	3209
3371	3	1865
1678	3	2352
3537	3	1158
3399	1	3590
990	1	3574
943	1	3613
1464	3	3067
3127	3	3352
629	1	3569
389	3	3023
1404	1	3604
3179	3	1070
428	3	2820
2977	1	3581
1059	3	964
140	3	1072
3169	3	1224
174	1	3604
764	1	3584
722	2	3870
87	1	3641
2677	1	3572
3387	3	679
3473	3	1756
2488	1	3667
2680	1	3681
262	3	1658
638	3	3251
696	3	1621
1203	1	3569
3430	1	3582
3469	1	3789
818	3	2560
172	3	186
1002	3	2820
17	3	640
199	1	3570
825	3	3428
1296	3	2931
1764	3	982
2304	3	3100
3382	1	3590
940	3	3146
3100	3	1211
3082	1	3581
2825	3	229
1967	3	3551
533	3	376
2714	3	1845
61	1	3604
207	3	2646
1023	3	1835
2960	1	3581
1221	3	212
1417	1	3568
1406	3	2223
2226	1	3609
1816	2	3776
2660	1	3572
3482	1	3568
1965	3	3470
889	3	921
1669	1	3585
2491	1	3581
1757	1	3609
2028	3	2215
2191	1	3572
2952	1	3591
3293	1	3663
2578	1	3574
3184	3	691
3552	3	1211
341	3	712
647	3	1911
311	3	2040
1335	1	3600
2853	3	3495
3065	1	3581
917	3	3248
2560	3	1546
2361	1	3591
438	3	773
852	1	3584
261	3	1381
997	1	3637
1282	3	3423
44	1	3604
1702	3	3351
1774	1	3585
3495	3	2313
915	3	712
1518	3	647
2365	3	2497
3358	1	3661
1400	1	3568
1791	3	3257
135	3	2874
1836	3	861
2059	2	3900
1294	3	2623
2996	1	3568
2248	3	799
1244	1	3581
3096	1	3573
469	3	765
1337	3	2189
2126	1	3580
970	1	3569
2451	3	3015
908	3	3002
729	1	3681
3176	3	1637
88	1	3600
1147	3	2253
653	1	3581
1010	1	3601
3513	3	3232
1383	1	3568
1138	3	1657
541	1	3601
2815	3	870
43	3	2434
2157	1	3572
105	3	1929
399	3	2794
2828	1	3617
2979	1	3568
1227	1	3581
3079	1	3573
2556	3	571
3153	1	3581
940	1	3584
3545	3	2167
161	3	571
4	3	5
2442	3	325
2384	3	2709
642	3	1461
3553	1	3568
1734	3	2794
518	1	3575
1340	1	3571
525	3	1106
1923	1	3592
1484	3	647
1978	3	1690
2965	1	3710
2650	3	1988
3371	3	1194
96	3	3026
2473	3	3350
451	3	2026
1258	1	3573
2470	3	2652
3172	1	3622
2228	1	3596
849	3	592
180	3	1214
1217	3	358
2836	1	3572
63	3	105
12	3	1637
2647	3	2229
3434	3	525
3252	3	1686
2867	3	3260
3536	1	3568
2802	1	3596
2828	3	2700
142	1	3624
1206	1	3569
1271	3	2880
1278	3	186
1364	1	3634
2245	1	3572
3132	1	3569
507	1	3601
3372	3	2544
1638	3	1804
837	1	3574
2612	3	3131
2796	3	1492
2568	1	3616
2541	1	3569
1089	1	3591
2594	3	2720
2633	3	2927
2051	3	1068
376	3	2522
2814	3	2842
3238	3	664
739	3	2030
85	1	3592
344	3	3183
200	1	3663
2573	3	1055
620	1	3591
2833	1	3588
2685	1	3591
1754	3	3067
3115	1	3569
3214	3	2075
266	3	2799
1828	3	1187
272	1	3590
1055	3	1762
206	3	1719
561	3	719
720	1	3569
1969	1	3626
490	1	3601
820	1	3574
210	3	1889
2562	1	3715
1013	1	3649
2524	1	3569
2532	3	1706
372	1	3568
714	3	2629
230	1	3624
1294	1	3569
1386	3	2927
2413	3	1259
2176	1	3568
2126	3	1262
3064	3	3481
3	1	3573
35	3	131
1587	1	3649
3545	3	207
3098	1	3569
2817	3	1796
3205	3	3549
1707	1	3568
2990	1	3574
314	3	1283
2094	1	3570
1552	1	3612
703	1	3569
1139	3	108
803	1	3574
1470	3	334
2016	3	3259
2234	3	2714
229	3	1751
2692	3	344
1059	3	3221
2399	1	3574
2697	3	3372
1769	3	1221
3499	3	3454
213	1	3624
1277	1	3569
1679	3	3357
808	1	3569
1267	3	3194
2130	3	2165
2792	1	3659
3443	3	2544
2836	3	1658
2973	1	3574
2455	3	773
2869	1	3584
1521	3	3067
3369	3	3464
2612	1	3569
686	1	3569
1531	3	3488
2267	3	3373
460	1	3568
2844	3	2449
2766	3	1820
186	3	2663
461	3	3292
1152	3	264
1382	1	3569
2282	3	1551
3339	1	3612
2264	1	3568
530	3	1211
2382	1	3574
1176	3	2421
881	3	1704
2423	1	3637
1260	1	3569
3561	1	3590
86	3	1345
1781	3	3023
718	1	3611
1098	3	2273
981	3	2463
120	3	3405
1192	3	3104
2333	3	3402
2504	3	2896
3360	3	1734
791	1	3569
799	3	1706
1553	1	3649
3440	3	105
904	3	1003
2030	3	2695
2540	3	3314
1016	3	2275
598	3	3540
2956	1	3574
2470	3	2920
849	3	3304
1394	3	2462
1940	3	1223
712	3	3406
1172	3	2056
443	1	3568
1517	2	3961
2458	3	2407
2595	1	3569
2970	1	3590
3109	3	465
3400	1	3568
1365	1	3569
2140	1	3604
511	3	2796
3252	1	3571
361	1	3570
3077	3	1701
809	1	3606
2433	1	3684
1502	3	3160
1778	1	3568
2106	1	3628
2416	3	2441
354	1	3641
774	1	3569
2130	3	1360
1131	1	3589
2707	3	1854
3214	3	465
3339	3	2503
1816	3	1316
3135	1	3593
515	1	3623
206	3	109
2835	1	3584
2980	1	3637
1320	3	1288
1797	3	299
78	3	1345
3561	3	229
426	1	3568
460	3	1146
2333	3	1658
934	3	3010
3424	3	3549
420	1	3670
1012	3	361
384	3	2544
2123	1	3604
1600	3	602
3567	1	3828
1890	3	1853
2948	1	3574
3329	3	2785
695	3	2446
2967	3	120
3182	3	2640
3227	1	3581
2970	3	229
155	3	3155
981	3	1658
3169	3	1521
1350	3	674
1844	3	3437
825	1	3679
3197	3	465
406	3	3475
545	1	3584
2418	1	3570
2818	1	3584
17	3	937
2960	3	2820
1127	1	3574
5	3	3232
1064	3	2976
1267	3	645
3501	3	2690
501	3	2498
1119	1	3584
908	3	1660
1289	3	3299
2012	3	2418
3056	3	376
1455	3	674
3057	3	2881
1480	1	3600
2560	3	1493
2941	3	1214
438	3	720
2476	1	3609
2817	1	3681
997	1	3584
2293	1	3602
2037	3	664
2402	1	3601
3155	3	1438
1966	3	1929
2913	3	3209
2769	1	3689
1579	1	3574
2354	1	3609
1258	3	988
228	1	3575
181	1	3614
811	1	3596
1694	3	3308
2259	1	3626
2465	3	376
2693	1	3589
1110	1	3574
2837	3	665
3477	3	1068
1265	3	2431
254	3	810
207	3	849
1023	3	38
2507	1	3601
3196	3	942
1575	1	3754
2608	3	2774
807	3	86
2097	3	1370
912	1	3827
2531	3	3232
948	1	3689
2688	3	1546
2459	1	3609
2743	3	2981
3017	3	3357
1837	3	2909
63	3	268
1929	3	295
3512	3	1455
1215	1	3574
1381	3	86
1045	3	215
1104	3	2409
3502	1	3590
2853	3	1698
3202	1	3581
470	3	1476
1686	3	679
2422	3	564
1772	3	1756
1338	3	295
2648	3	1493
3298	1	3581
526	3	720
685	1	3570
1268	1	3591
2714	3	1337
3225	1	3634
115	3	2308
3564	1	3614
112	3	465
2700	3	3348
2142	1	3600
969	3	3127
2156	1	3616
1198	1	3574
736	3	196
2202	3	1546
2807	3	2501
2965	1	3657
984	3	2059
1673	1	3600
2416	3	1770
1221	3	643
1358	3	188
3185	1	3581
3240	3	1679
330	3	105
1704	1	3817
2255	1	3590
1919	1	3719
2866	3	1662
3520	3	3437
494	3	1186
42	1	3593
923	3	194
187	1	3646
1127	3	2441
1180	3	3209
1679	3	2820
1949	3	2437
1955	1	3581
1988	3	745
2703	1	3569
3177	1	3591
3244	3	1849
1722	3	2386
769	1	3636
2472	3	233
968	3	427
2766	3	344
2368	1	3580
2355	1	3568
1364	1	3581
2785	3	2300
1181	1	3574
2379	3	136
360	1	3582
877	3	3441
3562	3	3002
1986	1	3573
382	3	647
2138	1	3585
392	3	1068
643	3	2522
802	3	3402
1477	1	3571
1504	1	3618
835	3	1812
1589	3	1698
2083	1	3634
2963	1	3592
673	3	3443
1075	3	2404
3514	3	2031
2288	3	1262
522	3	2347
3215	3	2628
3366	3	135
3260	1	3569
1907	3	2097
1869	1	3568
417	1	3590
1239	1	3586
2422	3	109
117	1	3581
190	3	2646
2791	1	3569
709	1	3609
2773	3	3076
3199	3	811
578	1	3572
270	3	664
1053	3	1072
246	3	1698
383	1	3614
576	3	1863
1560	3	3437
458	3	1447
1605	1	3624
1921	1	3581
1700	3	91
1134	3	2504
2685	3	1517
2784	1	3640
2024	3	2610
375	1	3624
440	3	2935
15	3	888
466	3	2376
1452	1	3581
1839	3	246
1852	3	1012
109	3	86
1017	3	1913
641	1	3657
3243	1	3569
2070	3	3096
1852	1	3568
400	1	3590
1770	3	3087
2326	1	3590
2026	1	3581
100	1	3581
2216	3	3210
2774	1	3569
1482	3	986
1064	3	561
2417	3	416
2292	1	3614
166	3	2717
1834	3	3203
14	3	2352
2426	1	3568
3187	1	3568
2210	3	279
1810	1	3602
1435	1	3581
2427	3	3292
1580	1	3634
3348	1	3569
458	3	292
2540	1	3589
505	1	3590
307	3	2432
2403	1	3691
1295	3	1721
1533	3	2409
953	1	3569
1045	3	2927
2017	1	3571
3375	3	1992
1835	1	3568
359	3	725
1982	3	197
1562	1	3606
2095	3	2075
2134	3	2282
376	3	2014
1484	3	2367
208	2	3747
2069	3	190
672	3	2792
995	3	1487
3563	1	3821
536	1	3582
1798	3	1630
2409	1	3568
1517	3	3194
1675	1	3596
2995	3	361
440	3	2130
1827	3	1180
1828	3	679
1335	3	3248
1940	1	3568
3169	3	2273
188	1	3581
12	3	3357
1818	1	3568
1382	3	2249
454	1	3614
2997	1	3584
3017	3	1881
1125	1	3659
3223	3	69
2076	3	3481
1993	1	3585
2514	1	3568
1383	3	1146
2074	3	17
1510	1	3569
2023	3	3269
1008	2	3906
1847	3	720
1500	3	3194
3110	1	3574
1584	1	3588
1923	1	3568
1444	3	974
2464	3	511
1052	3	2434
1964	1	3631
2056	3	2989
2845	1	3569
678	3	2417
1309	3	2652
943	3	2799
1529	1	3637
1613	3	3184
2980	1	3584
1212	1	3649
3263	3	2350
1012	3	308
2387	3	2434
2663	3	2332
249	2	3759
3145	1	3636
3262	3	2672
2566	3	3402
3093	1	3574
1645	3	3226
2333	3	2544
1072	1	3591
2938	1	3618
580	1	3568
691	3	1089
2263	3	251
405	3	1698
425	1	3612
50	1	3591
676	1	3568
1865	3	1460
2339	1	3853
785	3	51
1676	3	3454
2789	1	3745
1391	3	1259
2853	3	2450
36	3	13
1193	3	3438
450	1	3578
642	1	3592
1272	1	3574
2047	1	3609
2494	1	3584
1623	3	2450
1006	3	3234
2209	3	1671
455	3	1017
1140	3	2434
2195	1	3636
3083	3	3549
1849	3	3026
3076	1	3574
456	1	3604
2342	1	3602
563	1	3568
1846	1	3574
2141	3	601
2219	3	204
2246	3	251
1151	3	3472
1086	3	2544
2607	1	3574
736	3	3392
3068	1	3584
1140	3	3373
2064	1	3585
3210	3	2820
1377	1	3574
3360	3	2165
481	1	3570
398	3	3237
1398	3	33
2095	3	465
2384	3	375
3081	1	3569
698	3	3067
3364	1	3581
3181	1	3574
1255	1	3574
1380	3	1521
2077	1	3570
2185	3	1712
2986	1	3616
766	1	3660
786	1	3574
315	3	2454
2517	1	3616
1993	3	3361
1709	1	3636
1829	1	3574
2202	3	204
2232	3	2612
391	1	3612
1468	1	3569
294	3	1345
2678	3	2735
2648	3	501
2976	3	561
1360	1	3574
3533	1	3569
2510	3	2070
552	1	3594
356	1	3575
3064	1	3569
3522	3	689
2198	3	384
3164	1	3574
1238	1	3574
1261	3	3497
604	3	2714
1983	1	3627
2656	3	1194
1589	3	2450
3289	3	2275
1978	3	645
2160	1	3575
651	1	3568
461	3	2918
1934	1	3574
567	3	730
580	3	1496
2248	1	3599
172	3	564
207	1	3702
2768	3	2113
1541	3	1704
261	3	2914
122	1	3595
2641	3	347
1518	3	2180
2003	3	611
3076	3	2815
1826	1	3590
3556	1	3571
1600	1	3589
909	1	3611
1526	1	3581
1343	1	3574
221	1	3569
1694	3	2450
2692	3	2198
1496	3	465
2266	1	3636
3330	1	3581
335	3	1007
527	1	3604
2853	3	2934
1817	1	3569
2890	3	3402
634	1	3568
1917	1	3574
366	3	1224
1706	3	1650
3198	3	2441
662	1	3619
820	1	3684
2096	3	2350
1441	3	1089
2043	3	418
3443	1	3571
2524	1	3679
1403	3	943
2441	3	3346
1883	1	3598
3105	1	3608
2213	1	3571
3435	1	3581
2331	1	3577
2930	3	1546
1326	1	3574
3069	3	792
145	1	3627
1829	3	2815
555	3	725
1688	3	105
1585	3	1475
864	3	2269
96	1	3574
1901	3	2167
3013	3	2679
1963	3	1662
12	3	1881
3210	3	1625
3313	1	3581
3113	3	2684
3532	3	305
1589	3	1645
558	1	3626
2083	1	3581
2156	3	2646
2214	1	3599
3203	3	3375
1881	3	1664
462	3	275
62	1	3598
2467	3	3137
2544	1	3572
3498	1	3666
3447	3	2827
792	1	3585
1614	1	3581
98	3	679
1386	3	943
1989	3	878
2496	1	3580
271	3	86
2867	3	471
2196	1	3571
2729	3	2040
943	3	384
758	1	3609
477	3	1836
2488	1	3590
3275	1	3785
1261	3	598
821	3	2828
1360	3	2441
567	3	275
3169	3	2086
1232	1	3604
1632	1	3618
2864	3	712
560	1	3683
1163	1	3618
1597	1	3581
863	1	3609
1147	3	2981
773	3	156
846	3	2366
1792	1	3569
1549	3	252
3429	3	2796
2371	1	3585
3510	3	2508
1263	1	3596
2735	3	783
2422	3	1345
1363	1	3601
582	3	2422
76	1	3590
2119	3	2537
539	3	2075
802	3	2544
375	3	2304
3259	1	3610
3168	3	870
2341	3	1761
1220	1	3626
2041	3	1399
1122	3	1507
1580	1	3581
71	1	3574
143	3	888
945	3	2869
842	3	3485
1705	3	1528
2102	1	3568
3363	1	3785
3541	1	3591
3325	1	3639
1546	3	268
43	3	1068
1914	1	3724
209	3	361
1917	3	1660
2723	1	3765
878	3	3550
2908	3	3348
1340	3	1901
3047	3	695
810	3	1924
2821	3	3149
1665	3	2229
1685	1	3581
2283	3	1698
2131	1	3704
2238	3	684
2420	1	3614
1345	1	3570
664	3	2749
2444	3	2434
54	1	3574
2085	1	3568
3524	1	3591
1857	3	3182
529	1	3600
2810	3	17
2678	3	320
3198	3	1770
2497	3	1333
2786	3	1243
46	1	3584
2285	3	2140
796	3	902
3442	1	3593
469	3	2566
2076	3	3428
59	1	3569
3113	3	1074
3337	1	3572
3186	1	3813
3443	3	694
139	3	1812
1638	3	3471
1972	1	3568
3255	1	3574
1069	1	3624
303	3	3067
742	1	3568
881	3	2887
2068	1	3568
2794	3	2522
506	3	2456
1462	3	2816
1172	3	2300
2783	3	1259
779	3	902
2369	3	1785
3138	1	3596
578	3	2736
822	3	1632
1065	3	114
2267	3	2462
3049	3	557
106	3	3381
1073	3	1588
151	1	3568
612	1	3578
1434	1	3574
325	1	3581
68	3	229
3002	3	2259
1233	3	964
229	3	2129
1360	3	1770
2346	1	3729
3238	1	3574
87	3	2185
739	3	1603
725	1	3568
2685	3	3237
2580	3	1496
1089	3	3210
1753	3	135
1647	1	3569
85	3	2457
1165	3	2721
3136	1	3662
647	3	3257
1691	3	1215
2848	3	297
1791	1	3591
2797	3	1476
695	3	2690
3343	1	3574
1959	3	16
830	1	3568
2861	1	3619
1365	3	2704
1161	1	3794
1901	3	691
1082	1	3585
2850	3	3183
3221	1	3574
1259	3	196
708	1	3568
119	1	3649
1072	3	3210
1630	1	3569
1528	3	1101
313	1	3576
115	3	2418
239	1	3568
1681	1	3700
3226	1	3569
3397	3	692
2043	1	3568
344	3	1012
633	3	922
1698	3	3372
2592	1	3602
3326	1	3574
2014	3	2165
2204	1	3569
2566	3	2544
1601	3	1032
3454	3	2794
813	1	3568
1444	3	466
1464	3	2453
2246	3	548
960	3	951
2607	3	2254
2484	3	1637
3474	1	3601
2836	3	292
2617	1	3568
691	1	3568
2427	3	2918
1366	3	1802
2207	3	3179
2116	3	2810
222	1	3568
1505	1	3574
948	3	623
703	3	1875
2444	3	1763
731	1	3600
1816	3	1694
1654	3	870
3209	1	3569
3492	1	3581
2556	3	2856
349	1	3593
796	1	3568
161	3	2856
1429	3	322
2014	3	3454
1718	1	3569
511	3	491
459	1	3666
3123	3	824
1150	3	109
1965	3	2856
907	1	3645
17	3	376
93	3	1786
1758	1	3601
1803	3	2032
115	3	1613
2210	3	1194
2992	3	3261
1488	1	3574
3414	1	3574
1221	3	2981
1839	3	2450
2974	3	777
1821	3	376
2616	3	2398
1528	1	3606
1891	3	743
3429	3	2609
3022	3	2283
742	3	691
1086	3	2036
2543	3	3026
2215	3	465
211	3	108
310	1	3568
3215	1	3604
38	3	2774
494	1	3828
1146	3	3127
3479	1	3572
819	1	3600
2416	3	2014
3467	3	86
145	1	3574
211	3	3491
3180	3	843
3546	3	870
884	1	3568
1849	1	3569
2464	3	3520
270	3	2652
389	1	3601
488	3	2107
1211	1	3597
1893	3	2124
2723	1	3578
3545	1	3574
156	3	2406
293	1	3568
447	3	1263
2852	3	2240
2931	3	5
2799	3	308
941	3	418
1546	3	3464
1277	1	3626
1710	3	3056
1837	3	3287
135	3	3549
1088	3	384
241	3	3452
128	1	3574
2199	1	3627
3563	1	3581
1358	3	1721
1839	3	1645
164	3	3099
2918	3	2269
705	3	3026
1146	3	1383
2020	1	3598
2890	3	2544
1866	3	558
389	3	799
1463	1	3574
3194	3	1245
1382	1	3626
1683	1	3696
2261	3	3179
3077	3	469
800	4	2076
233	1	3574
1790	1	3603
1720	3	1383
2190	1	3617
51	1	3571
1937	1	3569
1260	1	3626
2005	1	3679
2037	1	3574
111	1	3574
2812	1	3609
725	3	2919
1219	3	2855
3405	3	361
3183	3	604
2120	3	1370
330	3	2927
2398	3	17
2003	1	3598
743	1	3634
1658	3	3402
1816	3	3467
2445	3	1698
1507	1	3570
3313	3	2769
2042	1	3569
116	1	3569
1924	3	1536
2738	3	1778
1176	3	384
216	1	3574
991	1	3609
1038	1	3570
1300	3	1816
257	1	3637
1511	1	3740
2321	3	3104
849	1	3665
2755	3	3067
1920	1	3569
3325	1	3586
2796	3	878
3025	1	3577
2842	1	3570
1451	1	3569
1512	3	1194
2495	1	3600
3170	3	114
1106	3	929
908	1	3580
911	3	2661
1127	3	3169
791	3	3298
2882	1	3602
2416	3	3437
286	1	3773
1103	1	3568
2025	1	3569
99	1	3569
2800	1	3604
1321	1	3579
1863	3	2273
1816	3	2312
2810	3	2408
199	1	3574
23	3	3350
665	3	2347
287	1	3598
2460	1	3593
2931	2	4051
341	3	2810
722	1	3622
271	3	517
1486	1	3750
3200	1	3591
3077	3	603
1073	3	246
2900	1	3582
1889	3	344
1846	3	2441
116	3	208
1595	1	3570
457	1	3617
1943	3	1173
2275	3	2005
978	3	1381
2344	1	3619
304	1	3574
2439	3	86
2853	3	2560
3473	3	3049
2008	1	3569
82	1	3569
676	3	1280
2438	3	964
887	1	3568
3183	1	3591
610	1	3639
1193	1	3660
1122	3	1588
3231	3	97
447	3	592
2380	3	1460
1022	3	3067
1803	3	556
602	3	2032
1127	3	2364
234	3	1913
2979	3	3110
354	3	2185
3184	3	1045
470	1	3581
1134	3	3232
1358	3	1050
2260	3	1316
2714	3	105
440	3	1219
1210	3	299
153	1	3593
1816	3	1507
2066	1	3581
431	3	3067
870	1	3568
2245	3	105
1062	3	1211
1504	3	985
1833	3	2796
51	3	344
1358	1	3606
2522	3	1754
2806	1	3636
3369	3	2850
1395	3	384
1322	3	982
3136	1	3609
3535	3	979
1802	1	3637
3512	3	1512
1127	3	270
548	3	1917
1102	3	1243
653	1	3585
1744	1	3577
352	3	3043
2232	3	2722
296	3	2122
1406	3	1422
3535	3	1918
453	1	3581
3221	3	2628
331	3	1934
2120	3	699
1221	3	2794
2298	3	2751
2995	3	3183
1227	1	3585
2049	1	3581
3483	3	221
3526	3	969
1625	3	2422
1749	1	3572
1986	3	2229
236	1	3598
2576	3	2209
2779	1	3568
402	3	2362
1149	3	3274
3230	3	376
858	1	3590
3045	1	3601
559	3	2749
1648	3	1721
2484	3	645
2562	1	3585
2306	3	647
1363	3	2334
2940	3	2508
1185	1	3619
3417	1	3890
3471	1	3574
2857	3	1348
3095	3	2437
958	1	3568
1406	1	3604
252	3	3367
1546	3	2927
1745	1	3584
2785	3	1418
2850	1	3592
945	3	2495
277	3	1613
1422	3	2434
1631	3	1721
442	1	3637
3354	3	642
1958	2	3804
1935	3	2253
2783	3	1690
2337	3	1214
3337	3	2736
393	1	3584
1181	1	3631
1798	1	3601
599	3	1243
1315	1	3585
1059	3	647
1756	3	325
94	3	2545
1329	1	3601
1666	3	2461
941	1	3568
1837	3	3100
2460	3	716
2867	1	3568
458	3	215
1983	3	1315
571	3	3238
544	3	3191
2719	1	3571
2898	3	2347
3507	1	3618
644	3	3196
1428	1	3575
1769	3	2030
2011	1	3596
1942	3	471
2592	3	188
3315	1	3577
373	3	3491
603	3	2352
2385	1	3586
1281	3	1211
578	3	1073
598	3	3060
1051	3	1243
2785	1	3600
908	3	1046
1394	1	3599
818	3	3182
3341	3	812
390	1	3600
2777	1	3610
300	3	3365
663	3	2119
125	3	668
1642	1	3574
1770	3	2794
824	3	2855
3210	3	2259
1149	3	375
2765	3	699
2219	3	3026
3446	1	3574
3448	3	3348
3442	3	3450
1990	3	3472
763	3	2097
617	1	3630
671	3	1122
2387	3	1068
437	3	2647
134	3	1422
140	3	2983
1125	1	3582
2998	1	3568
2566	3	2036
3014	3	3179
2656	3	283
1552	1	3616
2794	3	3087
73	1	3591
210	3	3182
3103	1	3568
2202	3	3026
2352	1	3617
3032	3	1496
55	3	3226
3235	3	131
1587	3	2386
2507	3	1720
3074	3	1812
44	1	3637
58	1	3672
1668	3	2098
2199	1	3574
131	1	3630
821	3	2722
1195	1	3575
1625	3	1751
3273	3	250
1863	3	2086
450	3	2258
1717	1	3619
2512	1	3568
1583	3	2566
3290	3	3259
3434	1	3569
1386	3	1187
156	3	259
914	3	1078
1164	3	781
535	3	3304
428	3	543
691	3	1012
1770	3	1989
2939	1	3602
2264	1	3572
2441	3	2435
3086	1	3568
926	3	2722
1156	3	438
3128	3	547
2082	1	3569
2570	1	3607
2182	1	3574
2374	1	3588
3004	1	3570
2270	1	3598
1613	1	3569
1187	3	3463
1458	3	333
1767	3	2230
1713	1	3574
2265	3	616
2692	3	2576
2490	3	939
224	3	2618
177	3	2657
1578	3	3079
743	1	3581
1565	1	3577
1000	3	815
2656	1	3569
3191	1	3568
1265	1	3568
601	1	3637
2395	3	3430
3417	1	3569
3495	1	3590
2187	1	3569
2140	1	3608
820	3	725
2450	3	2421
1150	3	890
3552	1	3584
2439	3	249
361	1	3574
3069	1	3568
3216	3	197
12	3	1320
2501	3	108
674	1	3568
697	3	3491
1820	3	1658
2600	1	3568
2659	3	173
848	1	3581
327	1	3598
1596	1	3569
2987	1	3570
3215	3	1075
1199	3	2457
815	1	3636
1762	3	491
2545	1	3617
1822	3	2881
3198	3	3169
2639	1	3569
143	3	1132
2068	3	1280
3174	1	3568
1248	1	3568
2057	3	427
343	3	2485
1736	1	3606
2170	1	3569
1220	3	1472
207	3	1658
3052	1	3568
251	3	921
834	3	942
2353	3	1370
3527	1	3594
3535	3	1731
3227	1	3585
2583	1	3568
2815	3	687
1375	3	58
831	1	3581
635	3	3443
1640	3	1194
2744	1	3569
2634	3	2435
3291	3	3218
2417	3	1896
1380	3	2733
948	3	1538
2418	1	3574
2814	3	3464
3457	1	3577
15	1	3611
2710	1	3593
2736	3	2697
824	3	3123
1231	1	3568
3157	1	3568
2522	3	2856
3171	1	3584
2153	1	3569
1300	3	3402
2607	3	1075
3548	3	403
487	3	3221
670	3	976
2263	3	658
1500	3	2446
2342	1	3659
2968	1	3636
491	3	1492
2119	1	3593
610	1	3586
361	3	2815
986	3	2596
1360	3	3169
1819	1	3584
2038	3	1274
2594	1	3619
2826	3	2075
2970	3	1522
1290	3	2775
119	3	2142
325	3	2582
2741	1	3585
3445	1	3575
712	3	511
3288	3	982
2401	1	3574
3198	3	2364
1443	3	1104
3015	3	2919
2824	3	2347
3323	1	3575
250	3	2543
1032	3	638
2393	1	3584
2445	3	2129
810	1	3569
1908	3	3183
928	1	3575
115	3	3467
1812	3	695
136	3	398
2001	3	1156
906	1	3569
432	3	1176
3077	3	2189
2722	3	745
2506	1	3574
1646	3	287
68	3	473
3198	3	270
2889	3	2345
3533	1	3626
1425	3	2942
1360	3	2014
2253	3	2465
3215	3	1559
106	3	592
1370	3	2435
2263	3	2886
2603	3	100
1290	3	1620
2685	3	3481
2934	3	2578
3244	3	564
793	1	3569
163	1	3587
685	1	3574
1230	3	304
882	3	1418
2924	1	3568
324	1	3569
1572	1	3774
835	3	2032
282	3	1047
2489	1	3574
1492	3	2796
796	3	1280
337	3	38
417	3	3506
877	3	2156
2020	1	3574
94	1	3574
1929	3	1588
1443	3	299
2981	3	2165
322	3	2799
1116	1	3580
330	3	109
2081	1	3581
2755	3	1754
2366	3	361
2926	3	494
776	1	3569
1329	3	53
2059	1	3575
2373	1	3600
2566	3	1849
3007	3	1017
668	1	3574
1698	1	3570
2547	1	3613
3079	3	1476
3232	3	1340
3492	3	1733
1360	3	270
3410	3	1702
152	1	3613
3292	3	1286
3530	3	2728
2472	1	3574
3294	1	3570
2363	3	3046
2947	1	3600
404	1	3630
3259	3	3290
1721	3	2359
2003	1	3574
1326	1	3631
2780	3	939
2444	3	1068
881	1	3569
1821	3	2364
2064	3	789
999	1	3575
2353	3	699
1462	3	161
63	3	2850
773	1	3574
3053	3	3549
3184	3	1476
13	3	2544
2730	1	3617
2981	3	3454
1567	3	3020
2259	3	2497
3060	1	3590
2356	1	3600
3357	3	1637
2760	1	3581
217	1	3611
2523	3	2216
2577	1	3574
3352	1	3609
1159	3	2262
836	3	3157
17	3	270
2396	1	3632
957	3	1992
373	3	3438
3277	1	3570
1084	3	2223
2175	3	2215
2359	3	1721
2496	1	3637
2229	3	3044
3410	3	2991
120	3	2283
3018	1	3624
2169	1	3581
3165	1	3590
1239	1	3590
101	1	3637
864	1	3569
2976	3	1102
2981	3	1360
1156	3	251
2037	3	2441
3002	3	543
3258	3	700
605	1	3623
2301	3	1072
1933	3	953
2531	3	687
1854	3	744
3431	3	2006
3360	3	1551
3485	3	936
2309	1	3618
699	3	3238
1437	3	2070
1787	3	58
2560	1	3574
2935	3	1224
530	1	3584
3067	3	2410
1773	3	2497
749	3	864
1452	1	3585
1762	3	2398
3562	3	1262
61	1	3584
1152	1	3576
543	3	2497
1838	3	1909
2560	3	1176
148	1	3577
1280	3	2386
3045	3	695
2152	1	3581
1418	1	3609
2588	3	120
507	3	1854
624	1	3856
1852	1	3572
3259	3	1111
247	3	2658
2026	1	3585
922	1	3581
2848	1	3581
1334	2	3744
780	1	3637
3355	3	165
3066	1	3592
1682	3	2286
2470	3	3087
2292	1	3618
2602	3	2431
2726	1	3581
808	3	964
2237	3	2774
1335	1	3580
1796	1	3590
658	1	3637
1002	3	1645
1875	3	109
2426	1	3572
405	1	3589
2257	1	3581
2584	1	3637
3187	1	3572
893	1	3627
44	1	3584
1327	1	3590
1477	3	564
2345	3	1988
2070	3	1006
1459	3	2405
738	3	1701
2880	1	3634
2657	1	3568
1800	3	3052
3131	1	3590
1101	1	3600
1417	3	3220
2405	3	2509
2694	3	2419
3114	3	2347
3146	3	2595
3495	3	3232
3566	1	3614
547	3	1512
1073	3	2450
1506	3	1053
2853	3	1381
1069	3	1499
594	3	2029
3531	1	3577
2739	3	2652
2086	3	376
2409	1	3572
3231	1	3568
2268	3	2796
210	1	3591
88	1	3580
1651	1	3662
2762	1	3568
1764	3	1096
1010	1	3581
306	1	3591
1912	3	2230
2640	1	3568
3365	3	17
3189	1	3602
2432	3	2917
2364	3	2981
3005	3	1372
1087	1	3709
3301	1	3767
3336	1	3568
307	3	692
51	3	2198
419	1	3581
2482	3	543
2070	3	3234
1630	3	155
1632	3	822
3214	1	3568
1179	3	2286
1850	1	3614
2927	1	3571
3072	1	3624
2223	1	3581
1489	1	3609
1760	3	2215
697	3	3438
553	3	2827
1038	3	1258
1634	1	3662
1923	1	3572
532	1	3571
993	1	3581
1588	2	3751
889	1	3591
2036	3	3258
2204	3	155
2435	3	376
206	3	2504
2926	3	1112
3354	3	268
3440	3	1345
760	3	3550
1537	3	1778
1810	1	3740
1122	3	1698
2623	3	405
156	3	1845
2022	3	3017
917	2	3891
3319	1	3568
2249	1	3725
1434	1	3631
3169	3	533
2315	1	3569
738	3	1835
1513	3	1116
2613	3	3367
215	3	1006
2896	3	3026
1164	3	3306
1696	3	1698
290	1	3601
2355	1	3601
3187	3	2439
469	3	879
1172	1	3600
1391	1	3661
3184	3	2094
1101	3	1528
2133	3	471
3492	3	167
604	3	2584
3423	3	1345
18	3	566
1507	3	1012
437	3	1923
1250	3	1751
1527	3	2646
1599	1	3634
2402	3	1720
1798	3	1179
3302	1	3568
1832	1	3711
1272	1	3578
3437	3	1936
1464	3	1221
2247	3	1821
972	1	3569
2298	1	3569
3450	1	3595
85	1	3572
1906	1	3730
246	3	1381
982	1	3637
3176	3	2690
221	3	102
2272	3	2140
274	1	3662
1385	1	3568
125	1	3604
927	1	3686
363	3	2675
2668	1	3574
152	3	870
381	1	3569
2307	1	3569
2315	3	1706
3405	3	3183
2072	3	2871
1017	3	1596
2864	3	1387
2241	3	2273
2490	3	1370
1959	1	3568
2799	3	2914
2077	1	3574
1481	3	416
2881	1	3569
955	1	3569
38	1	3590
3521	1	3619
2069	1	3584
1426	3	2364
2722	3	3136
1883	3	3514
2651	1	3574
1778	3	666
779	1	3649
1582	3	647
2290	1	3569
138	1	3568
978	3	2914
1060	1	3569
1206	1	3683
1942	1	3568
2749	3	161
208	3	1211
2060	1	3574
2234	3	250
2681	3	225
1300	3	2544
1913	3	1812
1473	1	3568
1230	3	251
1546	3	943
469	1	3569
1009	3	98
1718	1	3626
2402	3	1854
190	3	2463
569	1	3574
2634	1	3574
2056	3	1383
421	1	3577
121	1	3568
1258	3	2578
2067	3	1865
2165	1	3574
2502	3	2434
2749	3	511
1233	3	2444
1043	1	3569
1387	3	1224
2983	3	2722
39	1	3570
1925	1	3568
3044	3	1611
574	1	3569
62	3	2386
921	1	3569
1456	1	3568
2739	1	3574
1911	3	2434
2035	1	3584
452	1	3569
1124	3	1694
644	3	1212
226	1	3568
2263	3	1089
3154	1	3665
2598	3	2074
2813	1	3593
2041	3	330
3382	3	1924
2658	1	3637
2889	3	1487
1214	3	2941
3435	1	3585
104	1	3568
2331	1	3581
1326	1	3578
225	3	756
2148	1	3574
647	3	1704
2261	3	1008
1026	1	3569
1688	3	109
2263	1	3645
2866	3	1963
2224	3	1468
2914	3	86
1849	1	3626
964	3	558
1456	3	2301
2693	3	687
557	1	3569
3205	1	3590
99	3	3215
1138	3	161
2445	3	2560
1439	1	3568
151	3	1687
1854	3	2785
2722	1	3574
2905	1	3581
1429	3	3546
435	1	3569
2875	3	465
209	1	3568
1614	1	3585
3263	3	2972
1477	3	1316
1131	1	3569
552	3	1526
3037	3	1807
3432	3	1620
1416	3	3002
87	1	3568
2131	1	3574
3046	3	3342
3310	1	3590
2509	3	2497
1097	1	3593
1445	3	108
1507	3	691
797	1	3584
540	1	3569
3130	3	1883
3188	1	3590
2901	1	3593
1488	1	3765
2888	1	3581
2779	3	3053
551	3	2434
1294	3	322
533	3	303
1382	1	3683
192	1	3568
1597	1	3585
2419	1	3581
2329	3	3346
1114	1	3569
2981	3	1657
1549	1	3593
1151	3	3155
788	1	3574
2559	1	3618
155	3	1630
870	3	2275
1639	3	1503
2165	3	2441
3244	3	1345
780	1	3584
2213	3	564
925	1	3637
1253	1	3754
2239	3	5
3002	3	1779
3245	1	3598
297	1	3568
598	1	3581
1300	3	934
2011	3	1792
3259	1	3614
61	3	2264
2137	1	3609
2801	3	3260
2592	3	1721
2912	1	3644
2042	1	3626
438	3	700
3310	3	229
2402	1	3581
661	1	3693
432	3	802
893	1	3574
67	3	3454
189	1	3584
1472	1	3590
1934	3	2014
888	3	592
1689	3	68
3285	3	849
289	1	3589
2742	3	2005
686	3	2574
2067	1	3592
2054	1	3580
3002	3	2129
3276	1	3590
1122	3	2450
1016	3	295
3364	1	3614
2976	1	3581
2780	3	1370
427	3	376
908	1	3637
96	3	725
108	3	131
49	3	1909
2882	1	3659
1989	3	427
1345	1	3574
2167	1	3570
352	1	3674
876	1	3574
1225	3	2537
2821	3	120
2927	3	2275
2198	3	1006
694	1	3571
1042	3	86
1594	3	465
1124	3	3467
2967	1	3571
704	3	2375
2885	3	3090
1645	3	949
1626	3	2376
3155	1	3600
385	2	3804
1731	3	1673
1134	1	3617
1595	1	3627
746	1	3584
12	1	3612
1045	3	1134
198	3	38
1422	3	1068
2150	1	3570
3520	3	3067
1482	3	3515
497	1	3706
2442	3	252
2565	3	869
82	1	3626
1846	3	3437
1891	1	3624
2719	3	1901
859	1	3574
2038	1	3590
3044	3	2229
2636	3	543
1145	3	358
2021	3	2347
851	1	3584
2256	1	3601
852	1	3645
878	3	2749
1122	3	1645
2108	1	3604
1212	1	3600
1255	3	3437
2406	3	3402
1433	1	3574
2255	1	3570
3464	1	3568
1894	3	982
1769	3	664
2172	3	3237
2177	3	3438
2697	3	2815
3177	1	3571
1778	1	3816
1077	3	1762
2687	1	3805
810	1	3679
818	3	1816
655	3	2106
1661	3	1608
3126	3	2352
1259	3	2294
434	1	3570
2714	3	3545
1663	3	1111
1027	3	322
534	1	3575
1316	1	3569
535	3	299
568	3	3052
548	1	3591
2762	1	3649
2966	3	307
1122	3	2934
2121	1	3568
3447	1	3568
650	3	1680
8	3	2683
53	1	3624
1130	1	3581
1492	3	2556
1596	3	102
1722	1	3609
428	3	921
2744	3	476
2899	3	3240
2960	3	2129
564	3	3232
3470	3	1603
973	3	3061
3456	1	3568
1530	1	3568
2004	1	3590
304	3	428
1704	1	3581
566	1	3628
1816	3	2853
2544	3	2927
2853	3	2751
3360	3	2116
686	3	964
1588	3	3495
2134	3	3067
1970	1	3614
73	3	3237
2104	1	3568
3498	3	1486
1929	3	1698
2592	1	3606
49	1	3636
1113	1	3581
490	3	1130
1805	3	3283
183	1	3590
3266	3	1234
1702	3	3546
816	1	3681
2709	1	3581
3292	1	3602
3355	3	3174
3466	1	3615
3439	1	3568
1513	1	3568
2809	1	3586
582	3	3044
1338	3	1698
1687	1	3581
2509	1	3577
2327	1	3574
1160	3	2275
1214	3	3104
1272	3	3547
2475	1	3601
2087	1	3568
1156	3	3044
1222	3	2134
3009	1	3569
534	3	372
2822	3	3438
1618	1	3568
1631	3	2717
3014	3	1008
2075	3	2347
2540	1	3569
2907	2	3882
1564	3	2785
1766	1	3595
2260	3	1857
1281	1	3666
2358	1	3623
1496	1	3568
2825	3	3002
1370	3	2679
2975	1	3593
3077	3	3372
3122	3	222
1166	3	3240
2524	3	135
3143	3	2462
3291	1	3580
2192	1	3568
3355	3	2019
497	3	1418
1488	1	3578
1845	3	2352
263	3	2943
3266	1	3581
1893	3	3283
1230	3	548
2070	1	3568
2854	3	3491
2448	3	3226
3113	3	757
1601	1	3568
2380	3	3290
2398	3	2920
237	1	3614
2597	1	3577
3182	3	3372
2523	1	3569
3169	3	2253
2112	3	3176
1560	3	3551
3104	3	161
1416	3	1660
2743	3	2074
438	3	3546
3238	3	2014
434	3	343
2069	1	3665
1474	3	3012
1107	3	3499
2175	1	3568
2367	3	3463
660	3	2417
1551	3	511
3096	3	2070
3213	1	4072
80	1	3577
1171	1	3569
3249	1	3581
3258	2	3776
1706	1	3568
2410	3	2695
3545	3	268
1811	1	3619
2837	3	3491
2141	1	3592
3023	3	799
489	3	2717
3403	1	3617
1584	1	3568
449	3	1551
1233	3	647
163	3	2722
2001	3	1534
354	1	3568
3087	3	161
283	3	742
1406	3	808
1656	3	511
1978	3	3174
2051	3	324
2695	3	3520
3476	1	3592
2408	3	1833
3079	3	2070
2876	1	3574
333	1	3604
950	1	3574
1399	3	879
829	3	2533
1872	1	3575
1689	1	3568
1344	3	3372
2040	3	2444
3434	1	3626
169	3	1435
1524	1	3574
2285	1	3574
2320	3	1758
203	1	3614
2091	3	131
2150	3	3079
2814	3	4
3308	3	694
2939	1	3659
337	1	3568
2283	3	1865
3228	1	3569
3035	3	3540
3304	3	299
2082	1	3626
2116	3	1204
376	3	3067
854	3	3438
2412	1	3599
933	1	3574
2229	1	3592
2859	1	3574
1299	1	3601
1855	1	3575
1225	1	3593
346	1	3568
1706	3	1146
2765	3	3334
3333	1	3569
2229	3	1194
2419	3	2261
3351	3	2919
140	3	3174
456	1	3584
2853	3	3369
1507	1	3574
3433	1	3574
1225	3	1195
2521	3	1213
2729	1	3584
1412	1	3591
2187	1	3626
2319	3	2441
1038	1	3574
2766	3	3170
2871	3	2820
552	3	668
1816	3	438
1834	3	68
1546	3	2663
2189	3	1512
221	3	1017
470	3	114
1290	1	3591
1342	3	2136
2742	1	3569
1812	1	3578
2842	1	3574
916	1	3574
1576	3	375
638	3	2320
2886	3	1573
3317	1	3600
329	1	3568
1414	3	2416
917	3	3472
1502	3	188
2882	1	3606
3316	1	3569
3423	3	3549
2450	3	384
3416	1	3574
1490	1	3574
2858	3	2051
3225	3	1564
1650	3	969
1643	3	2909
2847	1	3569
3247	3	1000
3234	1	3571
266	3	2189
2940	3	1089
3130	1	3581
114	3	2578
556	3	2352
1021	1	3574
261	3	2544
2746	3	2825
618	1	3828
552	1	3574
973	1	3582
2825	1	3574
3510	3	1654
1363	3	1854
1495	1	3569
127	3	311
1508	1	3581
2631	3	131
2900	1	3586
1161	1	3611
312	1	3568
1595	1	3574
1279	1	3617
3492	1	3614
3501	3	1812
251	3	1917
1507	3	1122
3299	1	3569
1126	1	3574
1908	1	3568
542	3	1330
2762	3	2195
3329	3	3196
2830	1	3569
3413	1	3590
2153	1	3626
1086	3	1719
1004	1	3574
1361	3	2348
120	3	3011
1600	1	3569
1671	3	687
2965	1	3584
3557	1	3612
587	3	3283
1890	3	3203
2435	3	270
1927	1	3636
667	1	3672
1292	3	1025
3404	1	3569
1768	3	3556
670	1	3589
2983	1	3591
258	3	691
784	3	1629
1929	3	2450
2719	3	2198
1776	1	3850
2047	3	2456
3282	1	3569
1109	1	3574
2556	3	1734
525	3	1330
2813	1	3569
146	3	1112
810	1	3626
2481	3	2048
765	3	2275
2019	1	3624
3396	1	3590
1654	3	687
253	1	3602
366	3	2143
1154	3	2190
1583	1	3569
2929	3	920
3316	1	3703
535	3	2690
2836	3	1992
2191	3	2663
2455	3	3546
3387	1	3569
1212	3	3189
1824	3	2958
2283	3	1194
3496	1	3568
1092	1	3574
94	3	3354
541	1	3609
3353	1	3593
24	3	1061
1088	3	1006
1721	3	188
3409	3	2661
1667	3	2167
2015	1	3636
2049	1	3585
2636	3	2129
2802	3	1422
2971	1	3586
1906	3	1418
712	3	2796
758	1	3589
1388	1	3571
1213	3	1701
3039	3	6
3428	3	2365
411	1	3619
309	3	1151
2406	3	2544
2819	1	3604
1466	3	2132
1918	3	3062
3285	3	125
907	3	1441
3210	3	2129
3484	3	253
336	1	3580
1962	1	3571
1411	3	108
3289	3	295
1780	1	3568
328	1	3590
3085	3	1784
3372	3	674
921	1	3679
2329	3	878
102	3	2707
3546	3	687
2152	3	167
641	1	3584
1148	3	578
1338	3	1645
2175	3	3427
341	3	1204
2654	1	3577
2115	3	2347
1045	3	2504
1128	3	2327
1035	3	938
469	3	3351
1363	1	3581
3367	1	3585
2219	3	802
3561	3	3002
229	3	1625
600	3	1853
2202	3	2896
246	3	2914
1403	1	3613
507	1	3609
1015	1	3580
964	3	668
1099	3	300
135	3	3366
288	3	3230
1329	1	3605
1763	1	3568
2672	3	2721
2816	3	1414
262	3	1345
1326	3	1290
2824	3	444
1328	1	3574
2577	1	3631
3567	1	3568
981	1	3604
1323	3	592
3393	1	3729
2637	1	3577
1488	3	188
2122	3	3194
1615	1	3756
2385	1	3590
282	1	3636
1346	1	3581
1006	1	3570
1250	3	2129
1094	1	3594
3005	3	945
2303	1	3592
2777	1	3614
2508	3	2001
491	3	878
2167	3	1929
478	3	2011
1386	1	3613
2193	3	1370
2561	3	325
3020	3	1567
2898	1	3594
382	3	1997
2702	1	3575
529	1	3580
589	3	2690
2408	3	2935
1264	1	3613
3116	3	268
366	3	533
3237	1	3574
1865	3	2192
1799	3	1995
2186	1	3614
3403	3	86
2438	3	647
1300	3	694
1808	3	665
254	2	3762
2320	1	3568
633	3	418
942	3	242
469	3	2546
3301	1	3690
261	3	3512
148	1	3634
595	1	3609
1876	3	3230
1851	1	3568
2415	3	770
1282	3	3110
578	3	2366
2832	3	3237
3011	3	2485
382	3	2347
2110	3	1116
344	3	1447
2821	1	3591
1889	3	1316
1901	3	1476
1482	3	1047
1891	1	3600
2797	3	3200
3143	3	665
3467	3	2831
3205	3	524
86	3	2508
270	3	2014
3069	3	1040
1462	3	2796
1370	3	1821
1908	3	2919
3395	1	3591
2691	1	3601
1738	1	3568
3021	1	3574
478	1	3604
1569	1	3596
1940	3	2386
2728	3	3187
1834	1	3568
3273	1	3591
3320	3	1935
608	3	2327
1464	3	3238
1122	3	2560
1582	1	3581
238	3	25
282	1	3770
1827	1	3639
3023	2	4062
1199	1	3570
2939	1	3606
2408	3	2130
3386	1	3581
3531	1	3634
1772	3	1496
414	3	3160
604	3	63
1648	1	3610
1748	3	2722
1793	1	3663
1551	3	2097
1852	3	268
1899	3	229
429	1	3709
718	1	3619
739	3	2522
2287	3	1982
969	1	3575
3004	1	3574
791	1	3577
1613	1	3573
1030	3	1935
51	3	1316
1083	1	3596
3491	1	3581
1565	1	3581
1828	3	1679
383	3	849
3287	3	471
3478	1	3569
2122	3	645
229	3	3398
196	3	645
2549	3	2548
271	3	1623
593	1	3651
1183	1	3574
1596	3	1017
1572	3	2243
2764	3	581
2600	1	3572
674	1	3572
2850	3	1658
2881	2	3717
1667	3	691
1695	3	3243
1670	1	3581
2987	1	3574
774	1	3577
1630	3	1151
474	3	231
2845	1	3630
474	1	3568
929	3	2434
2271	3	1807
676	3	2386
1396	1	3569
1963	3	2044
3138	1	3710
5	1	3568
814	1	3609
1269	3	1721
2653	1	3589
514	1	3600
1469	3	765
635	3	2508
1437	3	517
732	1	3611
1102	3	1060
1166	1	3574
3092	1	3574
3277	3	3002
2167	3	1258
3140	1	3596
330	3	1134
1748	3	1917
3285	1	3649
2392	3	827
2644	1	3568
463	1	3819
846	3	870
3289	3	2202
631	3	2688
457	1	3568
3436	3	2168
867	3	666
3004	3	2815
487	3	2286
1379	1	3569
2380	1	3624
2674	1	3735
15	1	3615
96	3	1908
1264	3	2234
2618	3	2695
688	3	1936
135	3	951
1231	1	3572
2613	3	1330
2636	1	3589
423	1	3592
2851	3	2419
2975	1	3569
2644	3	1547
1012	3	1658
3075	1	3574
1073	3	547
1303	1	3852
1368	3	3163
1554	3	471
2493	1	3614
3202	1	3805
2608	3	904
3449	3	1193
440	3	2675
1636	1	3581
1762	3	2134
1959	3	1069
2445	3	1194
2695	3	2796
691	3	2439
3371	1	3571
2432	3	75
3549	1	3569
95	3	2618
23	3	1557
2987	3	2815
1254	1	3574
1077	3	1656
1387	3	2086
1967	3	1762
3215	1	3584
2335	3	1528
1093	3	440
2958	1	3569
3414	3	2095
505	3	3026
137	3	2907
571	3	2116
2037	3	1022
2628	3	444
1072	3	1230
923	3	418
2544	3	943
338	3	1258
2703	1	3793
3532	1	3569
3382	3	2786
39	3	691
2724	1	3589
551	3	1068
3252	3	1857
1407	1	3596
2089	3	2877
1959	3	2358
389	1	3581
2312	3	691
2723	3	221
2619	1	3568
1239	3	904
503	1	3602
1588	3	2450
1615	1	3569
163	1	3591
2390	1	3604
348	3	3174
981	3	1211
2413	3	3174
2714	3	1345
693	3	608
634	3	2386
155	1	3601
2277	3	1593
2245	3	1345
3311	1	3574
1084	3	3032
2833	3	422
2904	3	877
2919	3	2663
421	1	3634
1243	3	1259
1823	3	3026
568	1	3600
2751	3	1588
2165	3	2014
352	3	311
840	1	3884
3094	3	2327
3329	1	3581
1637	3	984
2602	1	3568
2983	3	2779
3351	3	2545
969	3	102
2111	3	404
1955	3	444
1986	3	86
1598	1	3569
921	1	3626
1890	3	251
3049	3	2444
368	1	3569
1129	1	3569
586	1	3580
3294	1	3574
1842	1	3596
2172	1	3569
2279	3	3549
781	1	3568
664	3	1387
2826	3	2563
1703	1	3569
251	1	3591
1848	1	3622
3531	3	2204
1507	2	3960
799	1	3575
1366	1	3667
1930	3	1778
2333	3	1345
2356	1	3604
2556	3	2165
3507	1	3569
3399	1	3574
1462	3	3548
1133	3	2825
1631	3	2022
2032	3	730
161	3	2165
2749	3	2796
3435	3	655
1273	1	3570
327	3	1260
295	3	1012
533	3	2454
1131	1	3626
1989	3	939
1729	3	1743
2155	1	3569
2253	3	2014
1027	3	700
3248	3	2171
3277	1	3574
764	1	3568
2169	1	3585
3452	1	3591
2075	3	2591
1260	3	2497
1686	1	3569
582	3	1194
2495	3	1182
1486	3	2672
295	1	3568
671	3	2578
1380	3	2416
1978	3	251
2515	3	2816
2413	3	275
1521	3	3238
3565	1	3581
2994	3	204
3382	1	3574
2556	3	3454
2154	1	3666
742	3	0
3035	1	3604
251	3	2482
441	3	3549
869	1	3568
1026	3	2517
165	1	3578
1311	3	1668
161	3	3454
3182	1	3570
1698	3	2815
2179	3	2739
1016	3	1507
1214	3	2193
2814	3	3497
3148	1	3594
1669	1	3569
3293	1	3647
1263	1	3657
922	1	3585
3440	1	3613
405	3	283
1444	3	3292
439	1	3569
1512	3	3402
2556	3	1360
3431	1	3573
3365	1	3574
1335	1	3584
332	3	100
2869	3	3427
805	3	270
1213	3	38
358	1	3632
852	1	3568
2797	3	114
2609	3	3067
1774	1	3569
1484	3	1436
2254	3	1270
1837	3	2596
1687	3	33
1909	1	3584
2494	3	2215
1957	3	1370
197	3	2717
86	3	361
2628	3	1062
422	1	3569
1827	1	3586
1008	3	2261
2687	3	1330
2314	1	3593
388	1	3593
1333	3	2589
3062	1	3581
1828	3	687
1546	3	679
3452	3	765
1779	3	2886
2693	3	2167
59	3	1074
276	1	3613
2233	3	319
636	1	3568
1892	1	3584
1210	1	3774
2640	1	3572
2414	1	3571
201	1	3574
91	3	1295
650	3	2542
1970	3	981
419	1	3585
1589	3	96
3514	1	3581
119	1	3576
2695	3	2609
3241	1	3619
188	3	602
2925	1	3662
3099	3	338
219	1	3581
3551	3	3520
2223	1	3585
3045	1	3581
3513	3	1122
2995	3	1658
1189	1	3604
540	3	1712
1310	3	1546
1815	1	3581
259	1	3613
2545	1	3568
619	1	3568
3343	3	3173
3030	3	325
184	1	3574
2714	3	3252
1406	1	3584
3200	3	2623
2598	3	2749
1929	3	2560
2328	1	3585
3137	1	3569
3435	3	3367
176	1	3584
753	3	2461
2509	3	1883
3357	3	1320
2908	1	3662
2543	3	725
1988	3	1721
916	3	3110
2728	1	3572
2966	3	3397
1798	1	3581
695	3	1812
1123	3	214
2256	3	1610
1646	1	3599
3047	3	1240
2930	3	2575
960	3	2167
2372	1	3581
1564	1	3601
473	3	1992
1243	3	1072
1857	3	344
2351	1	3617
2785	1	3580
2471	3	3026
2025	3	2550
2485	1	3571
1781	1	3581
272	1	3574
1863	3	427
858	3	367
438	3	86
1876	3	2856
2448	3	3149
3481	1	3591
2851	1	3609
1171	3	2434
3354	3	2850
3530	3	2545
3454	3	2855
2699	1	3570
3172	1	3740
1578	3	481
3510	3	3187
3522	3	2202
634	3	455
1408	1	3574
1480	3	945
2651	1	3578
1621	3	47
471	3	745
1805	3	307
255	1	3574
1660	1	3591
1759	3	2097
1970	3	2404
3112	1	3569
730	1	3600
2135	1	3617
2722	3	107
1027	3	3546
2794	3	3067
1160	3	2332
1149	1	3850
2844	3	693
1456	3	3110
2764	1	3568
3125	3	38
3539	1	3603
2319	3	3169
1760	1	3569
17	3	3470
139	1	3600
2749	3	3548
2600	3	2736
2495	3	995
2797	3	1671
526	3	86
3240	3	695
540	3	102
2347	1	3581
421	1	3581
2334	1	3569
3085	3	739
3261	3	2935
2869	1	3568
279	1	3637
1784	3	3520
2502	3	2438
431	3	1221
1674	3	471
1865	1	3569
3560	1	3749
592	3	2367
1053	3	304
39	1	3574
2747	1	3568
2728	3	1658
344	3	268
896	3	647
3530	3	1740
3561	1	3574
1911	3	2438
2048	1	3600
2457	3	1199
1348	1	3577
3023	3	506
1748	1	3591
2523	1	3626
3234	3	1901
3470	3	2733
1679	3	2186
1894	1	3705
1187	3	3443
594	3	557
404	1	3581
2255	3	3002
2852	1	3568
926	1	3568
2445	3	1625
1848	1	3569
396	1	3591
2623	2	3650
371	3	120
68	3	3002
2239	3	3258
2302	3	1075
1948	1	3574
22	1	3574
1122	3	1381
2719	3	2576
2693	3	691
2730	1	3568
2890	3	1316
3250	3	1271
1800	1	3577
1552	1	3730
2799	3	3402
1815	3	2582
2261	1	3568
3372	3	1857
2453	3	1965
897	1	3614
3544	1	3574
509	1	3581
209	1	3572
1031	1	3568
2892	3	3304
3534	3	3199
1138	3	3548
27	1	3569
670	3	2700
1663	3	1436
2498	3	2198
3135	1	3577
3216	3	1116
221	3	1879
358	1	3795
2835	1	3568
3321	1	3693
1350	3	308
794	1	3671
3205	3	1573
2319	3	270
1748	3	2482
914	1	3590
614	1	3581
2927	3	2145
1797	1	3593
2357	3	2109
3527	1	3574
525	3	2997
2405	1	3569
1913	3	2300
3536	3	1772
1434	3	2232
1014	1	3568
1308	1	3679
2099	3	2416
1455	3	308
3228	1	3626
3237	3	1262
2928	1	3617
1811	3	1813
2519	1	3590
3400	3	191
2936	3	647
937	3	491
196	1	3742
677	1	3666
2371	1	3593
2818	1	3568
1959	3	695
2799	3	1658
3206	1	3601
1888	1	3577
2544	3	2663
1814	1	3569
423	1	3568
597	1	3581
2002	1	3598
2653	3	3237
3305	3	1901
2950	3	457
1854	1	3601
186	3	687
3018	3	2658
2184	1	3574
3510	1	3574
1488	3	1721
1601	3	772
1856	3	1487
1968	1	3622
2068	3	3488
997	1	3568
960	3	691
216	1	3635
1359	3	99
1919	1	3569
3096	3	3200
974	3	2427
1391	3	3174
3512	3	1089
1825	3	3137
135	3	2805
1593	1	3574
2054	1	3584
2556	3	1657
5	3	1122
98	3	3265
1465	1	3665
1959	1	3601
1473	3	695
3443	3	1857
1538	1	3623
3104	3	1641
655	1	3593
660	1	3851
1685	1	3589
1837	1	3601
1876	3	1380
1733	1	3611
1989	3	431
2167	1	3574
2071	3	1913
2247	3	699
2497	3	402
3389	1	3584
980	1	3568
679	3	3026
876	1	3578
391	1	3649
1468	1	3606
1767	3	600
3079	3	3200
650	3	1550
1157	3	161
2656	3	1820
92	1	3701
1650	1	3582
3149	3	5
3455	1	3613
3502	1	3574
128	3	3226
209	3	1658
2272	1	3574
1087	1	3660
2856	3	511
2346	3	801
1016	3	1588
1512	3	2544
1124	3	438
2934	3	114
3060	3	2758
3070	3	3179
3087	3	1641
351	1	3596
152	3	687
266	3	152
2150	1	3574
2972	1	3570
2304	3	3515
3451	1	3793
2442	1	3593
518	3	169
1044	3	1107
1681	1	3574
297	3	369
2766	3	2422
2871	3	2072
3549	3	3375
921	3	2544
3354	3	2663
1828	3	1923
451	1	3574
3546	1	3570
1635	3	1821
2352	3	2167
1808	1	3599
2255	1	3574
3077	1	3570
3464	1	3572
1264	3	250
2743	3	2749
1779	3	1089
1148	3	501
549	3	161
2982	1	3617
2133	1	3574
598	3	1698
782	1	3575
2663	3	1698
384	3	1857
1880	3	745
1664	1	3574
2843	1	3590
2614	3	2790
542	1	3569
891	3	1778
3435	1	3618
434	1	3574
1839	1	3591
2240	3	2773
785	3	2450
750	3	2649
1356	1	3575
1710	3	2796
2721	1	3590
988	3	1839
2820	3	2096
3496	1	3625
2238	1	3574
2954	3	2050
3060	1	3570
2713	1	3600
1769	1	3574
2230	1	3584
2853	3	1816
1516	3	1909
1732	3	2417
2566	3	674
3257	3	299
497	3	1288
1345	3	725
1613	3	1395
5	3	2545
1623	3	1816
1753	3	493
1830	1	3581
1604	1	3580
2526	1	3581
2559	3	745
2343	1	3574
417	1	3574
3334	3	2679
56	1	3569
2001	3	115
2704	1	3590
1807	3	2261
3253	1	3624
2814	3	679
1487	1	3602
666	3	465
602	3	1288
2751	3	1698
2843	3	229
1444	3	2918
1752	1	3574
630	1	3569
1762	3	2378
310	3	3488
514	3	483
1663	3	3343
2867	3	2386
1204	3	2855
705	3	1611
1088	3	2352
3439	1	3572
1148	3	635
2509	1	3581
2326	1	3574
400	1	3574
2919	3	679
1484	3	1062
488	1	3598
785	3	1645
888	1	3612
1658	3	109
2677	3	2450
898	3	2416
1121	3	2072
3026	1	3570
551	3	373
2475	1	3605
2909	1	3568
3383	1	3590
3416	3	3006
1671	3	2167
2130	3	1157
1270	3	3459
1992	1	3589
1918	1	3581
2379	1	3591
3360	3	376
1482	3	1909
674	3	1929
937	3	2398
2995	3	2439
1063	3	878
2645	1	3624
821	3	2649
3422	1	3572
3483	1	3568
3262	3	78
2492	1	3581
3406	3	2935
2126	3	38
2904	2	3744
1713	3	2258
2192	1	3572
424	1	3637
3014	1	3568
3250	3	2373
2267	3	3304
3240	3	53
2023	1	3581
97	1	3581
2306	3	2347
3303	2	4080
3414	1	3582
1053	3	251
3307	1	3648
2650	1	3619
3325	3	2998
2935	3	399
735	3	2275
679	1	3571
13	3	564
2673	3	2435
2522	3	3238
2736	3	3079
2777	1	3671
1477	3	2422
2423	1	3568
2850	3	292
2897	1	3590
3317	3	1288
3402	3	671
210	1	3571
1059	3	1997
1769	3	2441
1159	3	282
2597	1	3581
1228	3	645
202	1	3581
333	3	3146
557	3	964
2518	3	3418
2997	1	3568
1369	3	3366
961	3	592
1986	3	330
1067	3	438
2899	3	695
3104	3	3548
80	1	3581
1993	1	3569
3216	3	3157
2528	1	3568
2920	3	491
2097	3	3261
2437	3	3481
2845	3	3249
1059	3	2347
1362	3	3437
948	3	3209
1558	1	3575
2588	1	3571
167	3	58
1816	3	308
3234	3	2198
1884	3	1172
3184	3	785
3355	3	279
241	3	2521
1512	3	3512
2580	1	3581
1431	3	192
2437	3	448
1176	1	3568
512	1	3637
1576	1	3582
3463	1	3584
1936	3	2273
1252	3	355
1724	1	3609
3368	1	3601
2980	1	3568
721	3	879
431	3	363
1616	1	3614
3087	3	3548
519	1	3724
2511	1	3568
882	3	861
1652	3	695
1942	3	3110
3354	3	1187
3428	3	1751
1753	3	3205
3554	1	3568
1156	3	3532
1729	1	3604
2352	3	691
1655	1	3596
2596	3	2997
2217	3	2779
1172	1	3580
2239	3	1461
2030	3	1821
2464	3	1784
453	3	3367
1340	3	3011
1497	3	571
3008	3	1245
3159	1	3587
2380	3	3428
2963	1	3568
2855	3	3454
2009	3	712
1469	3	2566
505	3	1660
2119	3	964
3224	1	3753
2088	1	3713
1282	3	2362
1466	3	1868
2773	3	295
3003	1	3600
2107	1	3596
968	3	2318
3559	1	3574
2787	1	3648
1482	3	299
2329	1	3574
1134	3	2167
3427	3	2434
2042	1	3577
3437	3	2855
1805	3	2966
51	3	2312
3532	3	2838
1853	3	1089
348	3	869
899	3	642
2471	3	558
3068	1	3568
2064	1	3569
1981	3	2482
1889	3	1507
2112	1	3591
2454	3	2652
76	3	558
748	1	3637
2128	3	3202
1003	3	1924
1550	3	938
652	1	3623
440	3	1093
1093	3	363
1151	1	3568
1262	3	1089
141	3	1690
705	3	2229
1382	3	273
1816	3	1381
147	1	3569
1056	3	2722
1784	3	2796
2094	3	3226
197	3	2022
3227	3	3534
3534	1	3584
981	3	784
1204	3	440
49	3	1271
2025	1	3577
2217	1	3591
1725	1	3568
2315	1	3683
2604	1	3593
1843	1	3574
2180	3	2434
2416	3	2856
2810	3	2416
3388	3	1072
493	3	3375
721	1	3569
2804	1	3782
2268	3	2105
3484	1	3581
1382	3	623
3177	3	1340
3510	3	1658
2013	3	666
1626	3	2327
2548	3	1419
168	3	378
694	3	1316
1134	1	3568
1156	3	3077
1726	1	3596
2417	1	3574
3079	3	114
1380	3	2794
1893	3	2966
2380	1	3681
304	1	3582
435	3	1017
496	1	3596
1278	1	3590
1908	1	3572
2636	1	3646
2994	3	3026
2783	3	275
3098	3	2070
82	1	3577
1708	1	3568
670	3	3481
1671	3	691
1826	1	3574
2515	3	161
1119	1	3649
3371	3	1072
704	1	3569
74	1	3587
1258	3	114
530	3	1760
1063	3	1846
110	3	668
235	1	3569
1340	3	3495
1497	3	1055
1567	3	1658
337	3	3348
375	3	1804
2161	3	2706
1117	1	3568
2400	1	3574
1436	3	297
1468	3	2444
1640	3	2544
2751	3	2450
2290	3	188
2233	3	913
1931	1	3574
2515	3	511
251	3	3210
606	1	3827
3036	3	1056
2576	3	3372
1770	3	440
699	3	937
1691	1	3568
1061	1	3586
2521	3	1701
1809	1	3574
687	1	3569
906	1	3630
3540	1	3616
3168	3	720
305	3	1006
1369	3	951
1801	1	3584
3287	1	3568
218	1	3569
3224	3	2216
3346	3	2981
2856	3	2097
2796	3	1370
1602	3	2748
1502	1	3636
1221	3	1863
2193	3	3334
2383	1	3574
3205	1	3570
2116	3	2981
3240	3	2899
566	3	1747
2424	1	3637
495	3	3012
3017	3	389
1914	1	3574
1146	3	1070
1099	3	1109
1548	3	31
3306	1	3636
792	1	3569
2543	3	1908
2753	3	798
3271	1	3599
1880	1	3598
2971	1	3590
95	3	931
1513	3	1714
2488	1	3574
135	3	1142
2920	3	2398
3270	1	3568
1820	3	109
3232	3	3495
1175	3	1559
934	3	526
1321	3	1673
120	3	3149
2562	1	3593
2202	3	1611
2407	3	300
2301	2	3780
3131	3	1924
2212	3	2032
1056	3	1112
3308	3	1316
13	3	1316
91	3	1673
1463	1	3611
1450	1	3599
1742	3	691
1897	1	3574
1852	3	943
1150	1	3590
2629	3	3335
1657	3	2675
3036	1	3588
442	3	3533
523	3	801
1334	3	3142
1129	1	3626
2365	1	3671
2654	1	3581
2640	3	1929
2185	1	3581
2521	3	1835
693	1	3601
1549	3	1175
1556	1	3660
1845	1	3570
3142	3	3312
1151	3	1630
1315	1	3593
3479	3	1345
705	3	1908
554	1	3574
917	3	3155
469	3	322
965	3	2032
1127	3	2856
2547	3	687
1029	1	3600
2751	3	2934
2795	3	3342
2897	3	2294
2509	3	2261
546	1	3584
2531	3	2842
1281	1	3617
289	1	3569
1986	3	1432
2013	3	3378
3472	3	252
2775	3	2294
2441	3	1370
1128	1	3574
1134	3	691
1464	3	3108
2014	3	376
986	3	1047
3459	1	3577
271	3	2648
3194	3	645
124	1	3575
1268	3	645
1420	1	3593
1658	3	1345
2766	3	1698
2832	1	3569
2677	1	3613
1828	1	3570
1147	3	2749
2969	1	3632
537	1	3574
756	1	3635
506	3	1151
2399	3	3124
3477	1	3614
2113	1	3660
1535	3	2223
2039	1	3652
46	1	3568
1011	1	3569
2023	3	2261
2896	3	725
1392	3	1673
1111	1	3574
2227	1	3681
3155	1	3580
2343	3	668
3017	3	1812
595	3	2720
2225	3	252
3545	3	2663
882	1	3610
1798	3	1911
2416	3	1380
1012	3	2333
3121	1	3604
1112	3	618
1527	3	345
403	3	427
2191	1	3613
520	1	3574
1342	1	3570
2147	3	1588
1522	3	2952
2041	3	578
2304	3	1047
995	1	3600
2942	3	3257
3087	3	2556
1142	3	229
1386	3	3289
2038	1	3570
2379	3	2779
487	3	867
1211	3	592
1368	3	805
994	1	3569
1559	3	2286
1619	3	3013
3485	3	2286
1529	1	3568
801	3	3540
1879	3	693
1259	3	1924
525	1	3569
1108	1	3590
2071	3	1673
2838	1	3571
625	1	3574
1447	1	3570
2769	1	3783
2690	1	3574
870	3	295
1922	1	3596
1365	3	1399
1582	1	3585
203	3	2672
1767	1	3697
1982	1	3599
2608	1	3576
1006	3	2815
246	3	3402
2236	3	135
1199	1	3574
1017	3	234
3278	1	3590
2903	1	3569
3204	1	3582
3048	1	3622
2766	3	1243
140	3	2186
84	3	511
502	1	3671
1122	3	2914
608	1	3574
1383	1	3609
341	3	2981
2588	3	1820
1704	3	3257
3365	3	2522
3491	1	3585
2138	3	2113
700	3	3258
1686	3	773
1082	1	3569
3309	1	3582
1016	3	1698
674	3	266
2528	1	3649
1049	1	3624
1108	3	229
78	1	3570
2004	1	3570
2561	3	813
3213	1	3568
3481	3	3210
252	3	3054
1296	3	1012
2927	3	295
2961	1	3581
2935	3	1769
1576	3	2770
2653	3	3481
2556	3	1551
2989	3	3352
212	3	2816
2175	3	666
1255	3	168
1670	1	3585
1762	3	2943
777	3	1517
1986	3	3205
1296	1	3568
949	3	2352
1225	3	1496
1660	3	3210
2441	3	699
2278	3	2679
2397	1	3628
5	1	3572
3366	1	3590
2576	3	152
1065	1	3569
3100	1	3568
943	3	2275
323	1	3786
890	3	1507
1027	3	86
1736	1	3614
1273	3	3002
2170	1	3577
1870	1	3568
1904	3	3237
2362	1	3591
2133	1	3684
3330	3	1330
414	3	2359
2116	3	2794
2944	1	3581
1401	1	3568
3354	3	679
731	1	3584
1309	3	3067
2491	3	3428
2498	3	2576
799	3	3357
3405	1	3572
2475	1	3581
2744	1	3577
1331	2	3776
1279	1	3568
743	3	1891
1970	3	3266
2308	3	2993
785	3	2560
1453	1	3581
2995	3	3004
1953	3	1196
3176	3	1812
15	1	3619
1546	3	870
951	3	2409
702	3	3120
925	3	2776
1832	1	3772
3083	1	3568
3049	1	3581
2352	3	1122
1414	3	3067
1853	1	3568
166	3	1172
1337	3	2714
862	1	3581
1684	1	3577
2408	3	2618
2787	1	3729
1384	1	3568
754	1	3586
1534	3	1296
3020	3	2189
2023	3	1940
1150	3	3476
1748	3	3210
2983	3	2649
880	1	3786
351	3	2223
2741	1	3593
1262	1	3568
3519	3	457
912	3	1253
274	3	1517
32	1	3568
1740	3	423
1691	3	2622
3181	1	3639
1828	3	2167
2110	3	799
3032	1	3581
2435	3	571
84	3	1934
372	1	3609
3165	3	3002
1836	1	3568
1305	3	2092
3446	1	3611
603	3	295
894	3	1225
1805	3	3397
3102	3	3476
1551	3	491
1367	1	3568
2841	3	611
778	1	3649
778	3	2032
2315	1	3764
2935	3	2253
3532	1	3573
12	3	1812
1313	3	2785
3422	3	2439
850	2	3801
1319	1	3576
2141	1	3572
3344	3	2836
343	3	2038
1655	3	666
3515	3	1576
2899	3	1610
883	3	2992
2419	3	602
744	3	2056
1941	1	3568
1146	3	1017
207	3	1211
2603	3	108
503	1	3606
2167	3	807
1340	3	1698
728	3	592
1621	3	1043
2608	3	3136
3211	1	3600
685	1	3582
2649	3	1701
1724	1	3585
95	3	878
548	1	3839
1350	1	3568
1720	3	1017
1122	3	3182
3128	1	3571
192	3	3191
532	3	405
2205	3	1111
1113	3	2586
568	1	3604
1160	3	295
2351	3	471
460	1	3609
716	1	3574
874	1	3639
953	3	2985
1893	3	3397
1977	1	3791
2675	3	1492
3108	3	95
3371	3	564
2179	3	2609
411	3	583
1779	3	3561
3369	1	3617
1714	3	1116
3510	3	2439
736	3	3002
75	3	2432
1370	3	699
2373	3	1402
2264	3	1211
2843	3	473
2994	1	3569
103	1	3568
1641	3	2097
1820	3	1345
691	3	2927
2054	3	2449
699	1	3574
1283	3	511
366	3	1639
1797	3	2434
2979	3	3549
110	1	3655
604	1	3591
2081	3	979
3198	3	2856
1800	1	3634
2403	1	3569
3232	3	1698
2802	3	3012
3238	3	3067
1838	3	3072
3099	1	3569
3512	3	1012
3480	3	1673
400	3	3110
1476	3	1316
1273	1	3574
957	1	3617
1898	3	3018
2187	3	2928
1086	3	3443
2457	3	2545
3205	3	691
3317	1	3580
1913	1	3624
2977	1	3569
3550	3	2097
2649	3	1835
804	1	3574
3512	1	3568
1889	3	2422
668	3	1911
753	3	3136
2508	1	3569
1056	1	3591
2391	3	2142
352	1	3601
295	1	3572
558	3	2424
682	1	3574
1770	3	1221
2610	3	904
2801	1	3649
3116	3	2663
207	3	1695
484	3	3344
3565	1	3585
1844	3	95
3554	1	3678
297	3	2386
878	3	1387
3495	3	1012
3082	1	3569
648	1	3598
488	3	3514
3182	1	3574
1256	1	3574
337	1	3682
2031	1	3609
601	3	121
2399	3	38
2935	3	643
2915	3	2628
135	3	1573
2542	3	1497
2698	1	3706
2960	1	3569
787	1	3574
1360	3	2856
3495	1	3568
3476	3	1658
2898	3	558
3534	3	2101
2491	1	3569
2853	3	2544
799	3	1881
2591	1	3574
665	1	3574
2864	3	1127
294	3	3183
439	1	3573
1261	1	3569
1016	3	2450
1715	3	1075
1124	3	1300
1387	3	1769
1923	3	109
3008	3	2294
1045	1	3617
2445	3	1816
1835	3	1748
1212	3	1880
3065	1	3569
3546	3	1122
1674	1	3568
3126	3	1929
216	3	355
1780	3	1797
316	3	2804
2596	1	3569
670	1	3569
1144	1	3591
1919	1	3626
1455	3	1654
770	1	3574
3078	3	38
898	3	2794
623	3	2900
1223	3	1402
2069	3	2646
2229	3	1658
2563	3	2582
1578	3	1156
2589	3	2023
2988	3	465
14	3	2714
1244	1	3569
3077	3	2815
634	3	1130
3170	1	3569
2126	1	3568
1537	1	3649
1852	3	2663
3048	1	3569
304	3	2449
598	3	2560
205	1	3590
332	3	1393
2579	1	3569
653	1	3569
3230	3	2454
1134	3	1122
401	3	2510
3182	3	2815
1222	3	2866
2254	3	2563
684	1	3786
1414	3	436
602	3	861
944	3	3438
590	3	1436
3153	1	3569
1227	1	3569
59	1	3634
3437	3	2749
3528	1	3590
1241	1	3585
1551	3	2398
236	1	3582
1578	3	2445
1715	1	3607
2952	3	2820
2827	1	3574
3550	3	3520
3091	3	1868
858	1	3574
2993	3	86
2633	3	687
2964	1	3637
1334	3	324
2149	3	1172
908	3	1835
2562	1	3569
1815	1	3585
430	3	1111
109	3	3026
62	3	3065
232	1	3570
2688	3	432
2845	1	3581
2875	3	2299
3551	3	491
524	1	3589
524	3	1972
2228	1	3584
2615	1	3586
2328	3	252
1881	1	3614
2751	3	2560
998	1	3584
3552	3	1683
102	1	3580
1016	3	2934
3174	3	1317
7	1	3597
3463	3	63
311	3	2512
1344	3	2815
1054	3	2299
2355	1	3609
2690	3	695
2802	1	3584
3097	3	611
1613	3	3546
2856	3	2796
393	1	3568
389	3	2690
215	1	3570
2196	3	2422
3350	1	3568
2308	3	2940
2504	3	1461
1815	3	3257
205	1	3724
897	3	2672
2915	1	3574
989	1	3574
1157	3	2796
1340	3	2450
2568	1	3604
2623	3	1702
459	1	3597
1281	1	3593
2510	3	2298
3390	1	3600
981	1	3584
1564	1	3605
311	3	418
765	3	295
2422	3	3183
3268	1	3600
1399	3	1611
598	3	3044
932	3	558
3379	3	942
1657	3	2435
3213	1	3649
1094	1	3574
2736	3	3002
864	1	3606
2303	1	3572
1923	3	2821
2016	1	3575
431	3	2030
39	3	2736
1078	3	493
2898	1	3574
468	3	2145
1487	1	3659
1112	1	3581
1812	3	3094
3310	3	3002
964	1	3584
309	3	2204
3299	3	830
1300	3	674
617	1	3614
1886	1	3585
2392	3	2417
2799	3	2333
1854	3	1720
3398	3	229
3050	3	2097
1731	3	3157
1936	3	1846
3486	1	3590
2613	1	3628
1077	1	3574
2482	1	3591
2012	3	3077
730	1	3604
152	3	2167
1014	3	532
517	3	1588
209	3	105
163	3	2649
734	1	3774
1340	3	1645
3232	3	2450
1188	3	1280
3282	2	3638
1328	3	1132
3356	1	3600
1781	3	1722
3115	3	196
2322	1	3619
1803	3	1158
721	3	802
1089	3	2820
2109	3	2357
3152	3	3119
3238	3	3230
742	3	2850
440	3	1821
3273	1	3571
2189	3	3183
1243	1	3581
50	3	3194
825	3	3229
2210	3	1259
287	3	1778
1588	3	2751
3220	3	196
1064	3	2480
1420	1	3703
1427	3	1234
2332	3	1845
2577	3	1347
874	1	3586
244	1	3604
396	3	2352
861	1	3574
1053	1	3645
1355	3	1893
2117	1	3590
1817	1	3581
2009	3	1224
1340	3	2934
2036	3	2006
1315	3	1655
2048	1	3604
1348	1	3581
2840	3	2755
1072	3	2820
2209	3	2167
2519	3	3506
2762	3	1988
3032	3	325
1849	3	3522
1553	1	3637
3520	3	363
2041	3	338
723	3	2758
459	3	1683
1226	1	3581
592	3	2721
814	3	683
802	3	2422
1734	3	17
1872	3	3174
2448	1	3591
1354	3	1637
2852	1	3572
2440	1	3601
2180	3	1068
2770	1	3574
3552	1	3568
3232	3	1645
3470	3	3087
1800	1	3581
889	3	1072
257	1	3568
1158	3	1803
2092	1	3600
509	1	3585
1331	1	3581
3255	2	4078
327	1	3582
2484	3	2186
3442	1	3568
1894	3	1661
3135	1	3581
402	3	870
1929	3	3182
1771	1	3627
3545	3	679
930	3	1721
813	3	1911
3369	3	2647
2097	3	1224
2653	1	3569
1794	3	696
270	3	3067
1387	3	427
2753	1	3574
167	1	3610
1436	1	3581
2946	1	3649
240	1	3568
1641	3	300
2508	3	1310
3093	1	3615
2163	1	3624
2746	1	3645
3227	1	3569
2536	1	3591
344	3	2850
1447	3	3002
1014	1	3572
2310	1	3590
2559	3	3514
68	3	1262
2077	3	3467
1233	3	1997
2758	1	3569
282	3	1486
932	1	3574
979	3	1918
3193	1	3593
1953	3	1172
3177	3	2202
660	3	1673
2742	3	135
2636	1	3569
3308	3	1694
497	1	3580
1746	1	3637
423	1	3572
1613	3	2070
2039	1	3896
2507	3	3127
1399	3	2229
2929	1	3649
376	3	95
1747	3	917
2649	3	38
3210	1	3569
1819	1	3568
367	1	3590
671	3	785
3413	2	4092
382	3	2595
2741	1	3569
2512	3	325
2841	1	3574
1857	3	1316
3025	3	497
1142	3	473
2838	3	3511
2393	1	3568
2332	1	3572
3227	3	208
883	3	2618
2762	3	3411
908	1	3645
1402	1	3581
805	3	571
813	3	2045
1103	1	3633
3155	3	1776
3385	3	3464
2123	3	389
1802	1	3568
172	1	3592
2724	1	3569
308	3	2566
295	3	1447
1827	3	550
3261	3	2618
1896	3	913
2765	3	2590
2376	1	3568
359	1	3590
423	3	1150
3369	3	687
2390	1	3584
59	1	3581
3298	1	3569
2445	3	3402
2596	3	155
1600	3	1074
2414	3	1316
155	1	3581
2736	3	2815
2966	3	531
2972	1	3574
2008	1	3634
2305	3	1681
3264	1	3593
1785	1	3568
2069	3	849
547	3	2167
1826	1	3631
2964	1	3584
1381	1	3569
1998	3	3259
2707	1	3569
974	3	1626
377	1	3570
643	3	1221
1043	1	3606
3546	1	3574
216	3	2880
677	3	63
1279	3	2411
1108	3	473
2574	3	1823
3077	1	3574
3439	3	105
634	1	3609
3366	2	4086
2473	1	3589
2173	1	3580
2451	3	2145
34	1	3591
2955	1	3574
3351	3	3464
2368	1	3568
442	1	3568
1217	1	3603
2486	1	3574
2729	3	792
2947	1	3584
1364	1	3569
2656	3	3463
3297	3	1854
3501	3	129
2628	3	558
3371	3	2418
547	3	1012
3529	1	3574
3131	3	3136
1908	3	268
1020	3	18
3543	1	3590
102	3	540
1904	3	3481
2626	1	3611
937	3	2268
1567	3	3004
571	3	3169
1608	1	3596
3060	1	3574
25	1	3581
1938	1	3569
269	3	2140
409	3	1238
2056	1	3575
547	1	3568
2230	3	251
3305	3	295
739	3	1965
934	1	3570
2544	1	3613
805	3	1055
2192	3	105
1124	3	3020
2351	1	3568
1377	2	3950
1347	1	3569
3165	1	3574
1239	1	3574
1844	3	3104
1901	3	114
117	1	3569
768	3	2454
1042	3	578
51	3	1698
2186	3	3237
2515	3	2796
2273	3	403
1045	3	687
1596	3	460
3043	1	3574
725	3	2663
1921	1	3569
1975	3	1061
485	3	3381
2039	1	3575
530	1	3568
1431	3	2156
1667	3	2578
648	1	3574
1813	1	3574
3035	1	3584
1452	1	3569
1997	3	299
2583	3	1772
3194	3	2446
61	1	3568
2006	3	114
2150	3	725
635	3	1012
404	3	2690
917	3	2862
1062	3	2915
2073	1	3709
2001	3	469
1635	3	1370
2057	3	2318
3331	1	3581
3148	1	3574
1222	1	3574
246	3	2036
100	1	3569
888	1	3616
935	1	3577
2026	1	3569
635	1	3568
2144	1	3575
2291	3	204
3411	1	3649
1935	3	2318
1830	3	2668
3026	1	3574
393	1	3649
212	3	161
3501	1	3600
3556	3	1698
2815	3	2578
513	1	3568
1796	1	3574
1309	3	2506
3201	1	3591
1929	3	2995
2147	3	2450
1435	1	3569
254	1	3622
505	3	241
582	3	3402
44	1	3568
1876	3	1063
2976	3	3314
2656	3	564
1589	3	1820
3174	3	1748
1678	3	2450
3304	3	2267
3494	1	3671
289	1	3626
2209	1	3573
266	3	1929
2466	3	807
744	3	2300
1917	3	1701
3131	1	3574
1205	1	3574
2864	3	2981
2890	3	2422
3459	1	3634
2319	3	3470
571	3	270
1156	3	3402
618	1	3568
97	1	3585
2070	3	1929
2301	3	251
2832	1	3626
1447	3	2815
2558	3	2721
1675	1	3584
2253	3	3067
2616	3	1821
979	3	1731
3419	1	3581
2914	3	1546
2942	2	4052
1245	1	3791
1219	3	2733
188	1	3569
2333	2	3866
742	3	114
2656	3	1853
696	3	2658
1734	3	2408
3297	1	3581
1084	1	3584
1310	3	1176
1539	3	2450
1815	3	1594
1972	3	1053
3099	3	3351
601	1	3568
1114	1	3740
582	3	1658
530	3	1496
1062	3	3049
1249	1	3755
2196	3	1698
2570	3	2271
2766	3	3044
2882	3	1911
935	1	3711
120	1	3617
3116	3	679
38	3	3136
3410	1	3571
2698	3	1418
1536	3	3044
13	3	1857
1602	3	2134
735	3	1124
1016	3	2560
1156	3	1658
1442	1	3632
1189	1	3584
1176	1	3572
1601	3	1528
2580	1	3585
3169	3	3550
568	3	1800
3269	3	2589
3354	1	3589
3280	1	3581
2462	3	3215
1771	1	3574
2593	1	3570
2646	3	2721
3245	3	3061
2350	1	3590
986	3	299
39	3	1073
525	1	3626
767	1	3575
1085	3	2142
1589	1	3571
547	3	691
2438	3	1997
1834	3	292
2820	3	1779
1278	3	3183
2546	3	1403
1488	3	2827
1917	3	1835
3303	3	471
1063	3	427
164	3	78
363	3	1370
3385	1	3581
2578	3	870
3424	1	3788
2147	3	2934
2672	3	3266
2455	1	3590
872	1	3575
1694	1	3571
2364	3	2749
2678	3	3528
1037	3	1925
2332	3	1337
715	3	3234
960	3	2736
2903	1	3626
659	3	1559
1754	1	3574
2058	3	769
785	3	39
2126	3	2970
88	1	3698
2576	1	3570
750	1	3575
2291	3	2566
2967	3	405
1635	3	699
281	1	3575
1564	1	3581
3056	3	2755
2695	3	1784
2929	1	3596
3134	3	2358
1495	3	1422
2446	1	3580
174	3	125
673	3	1016
1812	3	2720
3349	3	2835
1008	1	3618
138	3	3090
1852	3	679
899	3	646
3293	3	558
3332	3	765
305	3	526
3520	3	3238
1191	3	665
2853	3	344
673	1	3572
605	3	2019
78	3	475
2212	1	3600
2404	1	3614
2300	1	3624
1451	1	3581
923	3	3378
613	3	2948
1743	1	3600
2140	3	686
38	1	3574
1443	1	3591
878	3	2920
1694	3	210
2279	3	3342
3179	3	497
3428	3	950
2043	3	1211
2618	3	878
2544	3	870
1283	3	300
84	3	2796
1437	3	578
1157	3	2556
1241	3	3367
3040	3	3519
405	3	1820
640	3	491
1667	3	2041
2096	3	1049
1992	3	2005
26	3	438
1354	3	3357
21	1	3574
1821	3	67
1284	3	1064
1673	3	979
2521	1	3753
2647	1	3570
1304	1	3591
3483	1	3601
1300	3	3467
1078	1	3590
1270	1	3604
2530	1	3568
1600	1	3577
2197	3	1280
1291	3	63
74	1	3591
1526	1	3569
345	3	3342
2408	3	2675
309	1	3581
557	3	647
1589	3	344
3410	3	694
3143	3	3438
1939	1	3568
1289	1	3672
3222	1	3574
3427	3	1983
3403	3	765
2411	3	1279
2282	3	2454
3170	3	2704
3464	3	2815
3064	3	196
475	3	679
2513	1	3568
1061	1	3590
3435	1	3569
416	3	1868
1697	1	3598
3472	3	3155
2743	3	3050
1802	1	3649
288	3	3104
196	3	2129
1362	3	3470
2406	3	674
1407	1	3657
3205	1	3574
3551	3	2253
170	1	3581
2083	1	3569
1355	3	714
2407	3	2398
1914	1	3578
1133	1	3645
1614	1	3569
1398	3	1444
1582	3	1704
525	3	2627
1899	3	3002
2496	1	3568
2884	1	3601
690	1	3840
1132	1	3614
3418	1	3569
1763	3	2175
101	1	3568
423	3	642
1522	3	1533
1858	1	3596
2692	3	1381
2850	3	109
2273	3	2794
2523	3	2497
3310	1	3574
797	1	3568
3562	1	3591
506	3	1021
3458	1	3601
3070	1	3568
3188	1	3574
2435	3	2856
1054	1	3786
1876	3	2165
39	3	2041
2601	1	3568
675	1	3568
2700	3	2828
567	3	1202
1597	1	3569
206	1	3568
2717	3	1673
2479	1	3568
322	3	2275
3006	2	3802
1992	3	3428
1249	1	3568
2010	1	3568
2182	1	3668
3293	1	3574
1263	1	3584
1663	1	3598
1855	1	3612
2086	3	1462
1160	1	3847
780	1	3568
2009	3	2273
2304	3	917
1515	1	3601
3367	1	3593
3319	3	3061
2955	3	695
926	1	3682
1967	3	1368
3398	3	473
818	3	1316
232	3	1742
658	1	3568
2584	1	3568
2239	3	3372
1068	3	666
371	1	3571
2864	3	1989
2959	1	3589
1580	1	3569
3000	3	1682
79	3	1699
1668	1	3593
189	1	3568
2403	1	3626
3227	3	3217
3467	1	3571
1012	3	109
1834	3	105
3180	1	3574
3459	1	3581
687	3	720
1694	3	828
1950	1	3574
2416	3	95
3276	1	3574
881	3	647
2176	3	813
1462	3	576
1685	1	3569
1876	3	1360
1759	3	2695
2779	3	2232
1359	1	3574
3258	3	765
52	1	3649
3476	3	1365
2618	3	2435
172	1	3568
2129	2	4010
1529	3	3110
1180	3	2473
24	3	1553
1588	3	2995
1719	3	13
2232	3	185
2409	3	3549
3224	1	3570
2097	3	2273
3102	3	1923
3442	1	3581
1933	1	3574
3155	1	3584
620	3	1751
699	3	270
2225	1	3593
746	1	3568
2198	3	1929
664	3	3087
2037	3	2856
2660	1	3617
376	3	3238
1224	3	2675
3121	1	3608
2925	1	3589
1342	1	3574
2225	3	1195
405	3	344
3015	3	2663
2038	1	3574
112	1	3574
1210	3	2434
1334	1	3584
2517	3	861
1354	3	1881
3287	3	695
784	1	3872
1698	3	3226
1278	3	2191
1816	1	3569
150	3	1322
1916	1	3574
3138	1	3584
1212	1	3584
2057	3	2749
295	3	268
2929	3	607
1547	2	3804
1210	3	3373
370	1	3617
1447	1	3574
470	3	285
325	1	3569
2546	3	1350
1089	3	2259
1613	3	86
1935	3	2749
2001	3	1839
2463	3	190
2597	3	1834
769	1	3600
2077	3	1350
2504	1	3590
3170	1	3626
2308	1	3571
804	1	3765
3334	3	1370
2021	1	3574
95	1	3574
1317	1	3584
2318	3	3520
1017	1	3575
2005	3	493
1899	1	3574
1357	1	3616
2304	3	3279
1504	1	3582
3297	3	2769
432	3	2209
1430	1	3574
2713	1	3580
2457	3	642
308	1	3569
500	1	3583
1083	1	3604
1072	3	2259
1756	3	1171
2855	3	2816
200	1	3574
1743	3	2304
982	1	3568
1422	1	3584
2739	3	3067
746	3	365
1904	1	3569
1095	3	1911
2487	1	3590
2004	1	3574
78	1	3574
3175	3	1779
1415	1	3655
115	3	2406
576	3	2416
3361	1	3599
2704	1	3570
3011	3	2038
3355	1	3662
1596	1	3581
652	1	3574
1413	1	3574
2006	3	679
3471	1	3615
83	1	3569
3028	3	883
2371	3	100
1286	3	389
1464	3	2441
183	1	3574
1588	1	3591
2074	3	436
3522	3	2129
2275	3	86
1887	1	3569
1106	3	299
502	3	2758
1256	2	3936
1639	3	2105
3392	1	3591
951	1	3680
1240	1	3590
985	3	905
1768	3	694
1401	1	3572
2202	3	3522
2927	3	1588
3060	3	1261
2041	3	2005
2819	3	3313
2575	1	3590
349	1	3581
166	1	3574
2867	1	3609
1250	3	1816
2283	3	1365
517	3	2450
477	3	1637
2600	3	2663
3125	3	3348
3041	3	225
2515	3	2556
3372	1	3571
762	1	3580
132	1	3598
134	3	174
1932	3	91
2734	3	173
2735	3	2678
3149	1	3590
930	3	2449
1684	1	3581
2546	3	2773
3289	3	2560
3532	3	1395
307	3	3335
754	1	3590
1807	3	1436
3462	1	3584
737	3	2347
921	3	1853
1636	1	3589
2077	3	2773
3135	3	1911
3325	3	2978
2558	1	3590
300	3	3406
365	3	2997
846	3	2167
332	1	3581
1122	3	3402
2036	3	1929
2258	1	3581
3048	3	1712
53	3	1721
3515	1	3601
3443	3	361
2525	3	883
1311	3	2347
2125	3	2589
3032	1	3585
1962	3	405
2958	1	3577
1865	3	2229
2658	1	3568
11	1	3608
924	3	1211
2130	3	3365
637	1	3585
960	3	1073
3070	3	1333
2077	3	679
2189	1	3568
3308	3	2422
3145	1	3575
2540	3	192
3137	1	3764
13	3	2422
1700	3	1128
169	3	130
2394	1	3624
2004	3	1660
2692	3	3422
1032	3	1000
1702	3	631
1211	1	3585
1794	1	3606
1952	1	3671
2386	3	297
725	3	679
620	3	275
1279	3	561
2633	3	2167
3332	3	1546
1637	3	3086
440	3	939
1432	1	3570
1911	3	1210
1139	3	3536
2641	1	3568
2794	3	95
646	3	3099
1324	1	3575
1047	3	309
2874	1	3645
3029	1	3601
3563	1	3569
564	3	2545
1160	3	3332
1350	1	3572
3422	1	3568
2563	3	3257
816	3	1751
420	1	3581
2358	1	3741
2681	1	3600
3135	3	1106
2915	3	1559
2803	3	1758
3105	3	2434
3434	3	1993
2097	3	2086
2990	3	3291
2746	1	3568
3134	1	3601
1770	3	2030
2059	3	1940
3440	3	3183
2277	1	3568
825	1	3590
2264	1	3613
3086	1	3609
1464	3	1770
808	3	2347
2773	3	3308
427	3	1462
3186	1	3614
1992	3	3375
3241	3	1712
1782	1	3601
384	3	361
3342	1	3574
3438	1	3574
679	3	725
955	3	623
2719	3	1698
1213	3	2945
925	1	3568
2870	3	1259
1433	3	3067
236	3	920
492	1	3666
2195	1	3600
532	3	1698
969	3	460
1815	3	1704
2729	1	3568
799	3	2690
1464	3	2120
1797	3	2438
1544	3	3144
1671	3	1476
2477	1	3581
337	3	750
3399	1	3582
508	1	3581
3325	1	3574
3517	1	3588
3099	1	3573
2831	3	2566
3540	3	2404
1765	1	3601
2095	1	3574
2679	3	511
2366	3	1073
2834	1	3568
908	1	3568
50	3	2446
804	1	3578
3512	1	3572
2178	1	3600
1266	3	3312
1233	3	1704
2508	1	3573
3100	1	3601
3430	1	3574
200	3	831
1657	3	1821
2940	3	1073
1870	1	3601
2460	1	3581
163	3	3190
1261	3	78
30	1	3571
2036	3	1258
2693	3	2041
2752	1	3600
466	3	864
1991	1	3581
539	1	3603
1747	3	3068
3114	3	131
198	3	3002
350	3	361
1644	1	3611
2078	1	3574
399	3	2652
997	3	2386
1083	3	3463
1609	1	3574
2259	3	765
2780	3	2590
1379	1	3606
3495	1	3572
2707	3	744
647	3	964
402	3	2216
2636	1	3626
3083	1	3601
686	3	761
1272	1	3672
1350	3	1658
2120	3	1492
3413	1	3574
1208	3	1714
1531	3	1573
816	3	3174
1630	3	3416
900	1	3568
2965	1	3568
1479	1	3584
2527	3	1229
2453	3	1221
438	3	765
1477	3	3020
2600	3	1187
2061	1	3574
715	3	1250
2510	3	879
468	3	2820
3169	3	2855
3351	3	4
2204	3	3416
1474	1	3568
1455	3	1658
1592	1	3574
2165	3	2856
470	1	3569
1602	3	2378
1742	3	1476
2407	3	1224
3296	1	3569
1505	3	38
1775	3	1785
3456	3	3037
2635	1	3574
3396	1	3574
2766	1	3592
2237	3	3136
153	1	3581
2066	1	3569
2649	1	3590
2728	3	109
2210	3	645
2486	3	1880
359	3	152
2166	1	3574
846	3	691
2467	1	3644
728	1	3612
1224	3	878
2766	3	1194
1697	1	3574
3089	1	3636
1324	3	1637
1546	3	687
2611	3	1238
1641	3	2935
2762	1	3580
1273	3	725
1475	1	3569
138	1	3662
1168	1	3658
960	3	2041
1457	1	3568
1832	1	3589
3402	3	114
453	1	3569
3017	1	3706
3535	1	3600
673	3	3354
1942	1	3662
2408	3	2435
3053	1	3568
879	3	1350
2049	1	3569
355	3	1271
2312	3	1667
283	3	2283
526	3	765
3120	3	981
866	1	3568
86	3	1658
2012	3	1658
351	1	3657
2111	3	91
332	3	1747
712	3	2780
1955	3	131
2149	1	3574
2900	3	623
1687	3	2269
1042	3	501
1680	1	3574
82	1	3691
1963	3	3504
2923	1	3578
2633	3	691
21	3	1286
710	1	3581
2596	3	1151
1993	3	2304
2289	1	3611
2770	3	3006
1226	3	3390
2876	3	2909
3071	3	824
157	3	743
3443	3	1316
51	3	2560
1867	3	2709
164	3	1611
328	1	3574
3036	1	3568
3258	3	1546
2498	3	1588
2615	1	3590
2054	3	2132
2328	1	3593
1857	3	1507
1478	3	2979
721	3	322
722	3	2827
1156	3	2036
385	3	2350
559	3	643
1398	1	3602
2023	3	602
782	1	3636
2308	3	2005
2897	3	1924
1663	1	3574
3522	3	3015
2776	3	810
1047	3	3155
976	3	2700
693	1	3581
1825	3	299
414	3	1721
3481	3	1417
1064	1	3617
1268	3	275
360	1	3627
1428	3	3259
581	1	3601
3551	3	1784
311	1	3574
654	3	222
207	1	3584
1560	3	2193
1640	3	564
3019	1	3568
3515	3	1743
3467	3	1176
401	3	2648
847	1	3634
251	3	1230
1938	1	3626
3160	1	3636
266	3	1852
1611	1	3570
3244	3	3183
668	3	2533
917	3	1630
2381	3	623
320	1	3574
1124	3	3077
2385	1	3574
1347	1	3626
3260	1	3614
2603	1	3585
2191	3	687
3328	3	34
1042	3	635
2791	1	3614
894	1	3574
1716	1	3570
1781	3	2881
190	1	3584
382	1	3598
335	1	3637
1360	3	95
3332	3	204
828	3	1350
3269	3	1223
672	1	3569
2869	3	2175
1223	3	3179
85	3	3226
2036	3	2815
1452	1	3626
2414	3	1857
303	1	3574
554	3	193
765	3	1588
2972	3	2498
2719	3	2450
694	3	2853
3290	1	3575
2450	3	2275
3243	1	3614
368	1	3740
447	1	3596
1852	1	3613
552	3	465
777	1	3569
803	3	2673
877	1	3574
561	1	3617
1825	3	2877
404	1	3805
2024	3	561
3356	1	3604
2629	3	1355
2352	3	268
1315	1	3707
1577	1	3570
3387	3	484
2750	3	2442
2210	1	3661
1398	3	749
2416	3	3238
67	3	3548
286	1	3574
1108	1	3570
2779	3	1992
2570	3	100
908	3	229
1986	3	1546
1120	3	1877
1882	1	3574
1535	1	3604
694	3	1698
1671	3	2578
2332	3	1849
3279	1	3601
291	1	3569
874	1	3590
3372	3	3020
564	3	2842
2456	1	3574
970	1	3590
3035	3	3471
2037	3	2616
2497	1	3637
744	3	2707
1118	1	3617
865	1	3569
3362	3	494
2719	3	1645
2265	3	604
914	3	1416
1262	3	3110
743	1	3569
1816	3	3402
370	3	821
17	3	1734
201	1	3611
2053	1	3603
1665	1	3570
1763	3	325
2980	3	2386
400	3	2122
274	1	3569
401	3	1038
2439	1	3574
3241	1	3656
1204	3	17
1342	3	2067
1331	1	3585
1641	3	2398
3375	1	3591
1399	3	5
1872	3	3528
164	3	2229
340	1	3598
848	1	3569
2845	1	3614
40	1	3589
2545	3	268
232	3	1986
3135	1	3585
2751	3	3182
2164	3	3002
13	3	2853
524	3	2005
2609	3	3238
2727	1	3581
1124	3	2406
2950	3	1620
514	1	3584
532	3	2934
1790	3	2806
1983	3	982
1062	1	3568
3015	3	679
2196	3	3044
1655	1	3657
3550	3	2398
1816	3	1658
646	3	3530
1127	3	3454
3132	1	3590
1789	1	3611
831	1	3569
2764	3	1854
23	1	3589
2556	3	376
2996	3	3045
3010	1	3590
2216	3	1645
2498	3	3495
2618	3	2679
790	1	3634
2710	1	3581
3506	3	2519
161	3	376
1924	3	3110
66	3	2113
2111	3	3287
1045	1	3568
1854	1	3609
1513	3	2446
128	3	1006
870	3	1698
3202	1	3789
2968	1	3624
2119	1	3581
432	3	3258
610	1	3574
926	3	3194
2849	1	3568
2917	3	2432
1809	3	3197
1602	3	2325
2431	1	3718
1418	3	1712
2995	3	1829
145	3	982
888	3	15
2398	3	436
1885	1	3601
3154	1	3572
3215	1	3568
2040	3	1704
2177	1	3620
2807	1	3602
11	1	3584
472	1	3594
1028	1	3568
398	1	3586
697	3	580
1512	3	674
2319	3	2856
2624	1	3568
2291	3	879
2966	3	2629
4	3	2038
1613	3	330
1304	3	2405
2798	1	3581
1990	1	3601
934	3	2547
1040	3	6
2927	3	1698
2242	1	3618
837	3	1173
1396	3	700
2676	1	3581
1133	1	3568
3406	3	2675
589	3	2137
846	3	988
1868	1	3601
2004	3	2575
3562	3	3210
1726	1	3657
1702	3	1546
566	3	2613
224	3	1935
638	1	3601
351	1	3604
114	3	2993
496	1	3657
81	1	3577
3340	3	2286
1734	3	2733
2194	1	3754
2104	3	301
210	3	1694
942	3	3072
2781	1	3581
988	3	3002
620	3	2129
592	3	2404
2485	3	405
1852	3	870
1116	1	3568
703	3	818
1817	1	3614
146	1	3575
3362	3	1112
1429	3	2298
160	1	3591
2305	3	2035
3354	3	1698
1141	3	197
1543	1	3602
3273	3	2145
482	1	3574
2071	2	3897
1074	1	3602
2271	3	2059
1089	3	1698
2494	3	1715
3105	3	813
3566	3	1471
1134	3	268
734	1	3591
164	3	1908
3161	3	1812
899	3	1187
440	3	699
565	1	3600
1026	1	3610
3371	3	2422
1429	3	2648
2512	3	813
2120	3	2273
2658	3	1280
502	3	558
1838	1	3568
2626	1	3615
847	1	3581
2760	1	3569
2794	3	3238
547	1	3572
1278	3	2919
1139	1	3600
3288	3	2393
438	3	1546
1574	1	3624
767	3	913
2693	3	1667
465	1	3574
2097	3	1846
1760	1	3740
2745	3	3549
3173	1	3568
1072	3	1698
1067	3	2406
717	1	3591
2169	1	3569
2643	1	3591
2560	3	3258
3308	3	438
477	3	1881
399	3	2278
756	3	225
842	3	1302
1438	3	2089
2247	3	2130
1210	3	1068
2799	3	1345
211	3	2434
703	3	13
3154	3	345
1665	3	3079
911	3	1120
105	3	2352
3067	3	2398
2274	1	3569
348	1	3569
818	3	3467
1394	3	2267
2855	3	161
448	1	3574
641	1	3649
2226	1	3577
2152	1	3569
2160	3	1706
774	3	3070
1150	3	691
2633	3	1122
2733	3	161
111	1	3672
192	3	1211
2044	1	3574
798	3	2419
922	1	3569
935	1	3581
1072	3	543
1291	3	604
635	1	3572
1772	3	2582
780	1	3625
1022	1	3574
2848	1	3569
2347	3	1704
592	3	444
1106	3	3121
2726	1	3569
553	1	3574
2184	1	3611
1335	1	3568
2618	1	3574
2762	3	3094
2991	3	204
916	3	2610
3372	3	1089
502	3	3136
746	3	2032
2257	1	3569
105	1	3568
1602	3	2943
3128	3	2576
212	3	3548
431	1	3574
3431	3	250
3341	3	2386
976	3	3131
1699	3	2250
1909	1	3568
1464	3	3169
1775	3	1761
960	3	1667
1693	1	3616
2831	1	3569
237	3	3514
1440	1	3568
1827	3	233
581	3	695
2457	3	215
1197	1	3588
1027	3	818
910	1	3591
1875	1	3592
536	1	3574
2969	1	3693
414	3	3091
315	3	84
664	3	2794
2240	1	3569
88	1	3568
2350	3	658
1010	1	3569
1555	3	299
1845	3	2714
0	3	2836
2319	3	1380
1892	1	3568
3202	1	3602
2814	1	3569
931	3	2652
1633	1	3622
3491	3	2434
1423	1	3568
2652	3	2273
1594	3	1445
1846	3	95
5	3	4
694	3	2934
419	1	3569
2528	1	3576
2877	3	2596
2840	3	3056
289	3	2521
2084	1	3767
2916	3	494
1204	3	2408
3194	3	1995
3541	3	275
870	3	2450
3255	1	3619
3198	3	2165
3447	3	1262
89	3	444
2223	1	3569
957	3	370
0	3	742
2365	3	1660
993	1	3569
437	3	3066
441	3	1573
2545	3	215
185	1	3589
3485	3	2347
679	3	1908
2846	1	3622
1146	3	460
2593	1	3574
3368	1	3609
3185	1	3602
192	3	1695
1406	1	3568
2585	1	3584
659	1	3584
3163	3	3067
1929	3	2544
2328	1	3569
402	1	3569
2350	3	2886
176	1	3568
1641	3	2695
3026	3	725
1019	3	23
3252	3	1654
2463	1	3584
3532	2	3776
2380	3	2497
2799	3	674
3261	3	2435
1980	1	3568
3099	3	1611
725	1	3613
2381	1	3586
1464	3	270
578	3	687
2280	3	1179
534	1	3616
2576	1	3574
3509	3	3164
1816	3	2544
790	1	3581
285	3	1546
1572	1	3575
1791	1	3636
63	1	3568
2927	3	2450
3051	1	3600
1746	1	3588
2568	1	3584
3079	3	3371
51	3	1381
342	1	3575
1006	3	3226
159	1	3568
3550	3	2695
2984	3	1698
173	1	3584
988	3	2815
3105	3	2223
3300	1	3828
2461	3	869
209	3	1829
1712	1	3612
3079	3	338
2146	1	3575
1516	1	3593
3546	3	3464
1158	2	3922
251	3	2145
755	1	3574
3156	1	3600
3169	3	2749
3184	3	3371
3244	3	1654
3034	1	3600
268	3	1546
559	3	403
1747	3	1218
1702	3	204
3509	1	3626
2551	1	3584
2696	1	3637
17	3	2165
1743	1	3604
2251	1	3575
2921	3	623
3428	3	3398
688	3	712
860	1	3574
2234	3	2332
2167	3	384
178	3	649
1387	3	2956
1755	3	1911
1821	3	2165
1834	3	2874
2498	3	1698
1698	3	384
738	1	3574
2743	3	2920
3346	3	2855
63	3	207
779	1	3637
721	3	432
490	3	2110
1134	3	3464
2116	3	2855
269	1	3574
3477	3	1357
2618	3	1821
2927	3	1645
315	3	2796
387	1	3784
3009	1	3610
286	2	3775
3292	3	2376
1232	3	2596
843	1	3574
1847	3	1546
17	3	3454
28	3	1109
2558	3	2404
646	3	578
114	3	2940
864	3	33
1194	3	2450
1791	1	3770
3163	3	1107
3313	1	3789
2934	1	3571
420	3	167
2830	1	3581
3519	3	2612
2647	1	3574
1821	3	3454
1900	1	3590
2407	3	2618
3177	3	1698
1600	1	3581
173	1	3718
2421	3	1546
1219	3	2416
3064	3	2294
2120	3	931
603	3	2450
2438	3	2835
2509	3	3290
303	3	2441
1360	3	3238
3477	3	2646
2308	3	960
2700	1	3591
17	3	1360
1939	1	3572
2041	3	3351
2258	3	301
826	1	3574
559	3	2981
2005	1	3590
1773	3	3237
1301	1	3600
553	3	3083
468	3	2259
968	3	2810
1821	3	1360
1931	1	3582
2813	1	3581
1113	3	419
1553	1	3617
10	1	3604
608	3	1721
3446	1	3672
2556	3	1157
1866	3	2347
74	3	3237
899	3	1134
2331	1	3569
211	3	3536
2805	1	3591
2916	3	1112
1908	3	2663
50	3	2019
2646	3	2404
2719	3	2560
2785	3	1650
2100	1	3570
2692	3	3479
1016	3	3182
373	3	2434
526	3	2298
577	3	1854
2070	3	807
1696	1	3571
3022	1	3571
785	3	1816
992	1	3581
1828	3	2578
877	3	347
809	1	3574
2603	3	2613
2905	1	3569
1194	3	1645
1160	3	2450
850	3	2020
2723	1	3623
438	3	1493
1458	3	2175
1976	3	2548
229	3	1853
802	3	308
1015	3	471
14	3	63
828	3	305
1566	1	3581
2199	3	335
2737	3	1433
3540	3	3266
423	3	646
1097	1	3581
1362	3	1380
1507	3	679
87	3	2848
1893	3	75
3491	3	769
3099	3	2229
1724	3	1248
2750	3	3491
1521	3	3169
1824	1	3624
975	1	3581
2888	1	3569
2901	1	3581
3289	3	2751
3304	3	3373
2793	1	3586
3423	1	3568
2280	3	1797
3548	3	17
3536	3	1756
1447	3	2982
506	1	3581
2419	1	3569
1863	3	3123
2834	3	2032
3109	3	2661
206	1	3572
1396	3	2070
2519	1	3574
2508	3	2229
3301	1	3568
2956	3	2618
1549	1	3581
3159	1	3624
3272	3	2165
1060	3	2774
1658	3	2508
2071	1	3568
2399	3	3348
1080	1	3581
1855	1	3616
346	1	3609
1332	1	3951
2522	3	376
1089	3	1779
1899	3	1262
2622	3	381
598	1	3569
777	3	1257
1106	3	3068
264	1	3611
1807	1	3624
1554	1	3576
2584	1	3572
1480	1	3568
1954	1	3590
556	3	1104
1916	3	107
904	1	3661
1417	3	2216
2402	1	3569
3352	3	2785
1472	1	3578
3489	3	2330
3567	3	2687
1354	3	2690
2354	1	3577
162	3	2836
3150	3	1761
871	3	2674
2054	1	3568
2889	3	1959
1667	3	785
2976	1	3569
3078	3	3348
1585	1	3568
1072	3	1779
2853	3	1316
3098	3	818
1309	3	363
2507	1	3569
294	1	3572
2942	1	3593
3252	3	2406
3389	1	3568
2025	1	3614
99	1	3614
1596	3	2989
2261	3	2419
3346	3	440
172	1	3572
2351	3	3110
2828	3	976
1168	1	3581
51	3	1194
341	3	2855
2116	3	440
3495	3	1073
3366	3	3002
816	3	2881
1072	3	2129
2209	3	1476
2229	3	3463
3442	1	3585
1895	1	3624
359	1	3570
1521	3	270
1568	1	3568
3020	3	1929
330	3	2167
697	3	2434
3332	3	3026
944	2	3894
3225	1	3602
277	1	3572
3555	1	3575
3372	1	3568
2142	1	3568
993	3	179
1986	3	3079
2156	1	3584
2306	3	558
2353	3	3346
448	3	668
2628	3	3221
2728	3	2260
2735	3	320
3282	3	3306
3454	3	2652
3429	3	3272
2738	1	3574
560	3	1761
1426	3	2165
2714	3	3183
3030	1	3593
680	3	2434
2544	3	687
1889	3	1678
2401	1	3672
2473	1	3569
2856	3	1784
1134	3	3277
2245	3	3183
321	1	3568
123	3	2410
2097	3	533
3312	1	3574
769	1	3604
2498	3	2450
2994	3	1908
2021	1	3578
2213	1	3592
870	1	3613
2139	1	3584
2566	3	308
2095	3	1559
631	3	2566
2843	1	3574
3388	3	304
1209	1	3593
3095	1	3591
696	3	1804
1059	3	558
311	3	3378
2721	1	3574
1377	3	18
2685	3	196
2673	3	1935
3196	1	3600
2318	3	491
208	1	3568
1491	1	3574
2252	1	3574
2312	3	785
3069	3	1752
2457	3	646
1130	1	3569
809	3	1794
2236	3	493
3295	1	3574
1574	1	3600
2462	3	1422
2897	3	3136
2979	1	3617
3230	3	3454
2870	3	645
2826	1	3574
2196	1	3592
2229	3	564
304	1	3753
403	3	3013
35	3	2140
706	3	131
758	1	3630
313	1	3568
1145	1	3632
1641	3	898
411	1	3660
700	1	3570
2350	3	1089
2265	3	982
1111	3	3173
2404	3	2672
2704	1	3574
3553	1	3617
2745	1	3637
1293	1	3659
2196	3	1194
2386	3	2261
2156	1	3718
191	1	3568
1847	3	204
2235	1	3574
2696	1	3584
3346	3	1863
1113	1	3569
3060	3	3226
452	3	3416
1543	3	3408
1005	1	3574
544	3	1947
328	1	3631
1667	3	114
2116	3	1863
41	1	3634
1	1	3575
2709	1	3569
1257	1	3591
2809	1	3574
1687	1	3569
2462	1	3604
1175	1	3593
296	1	3568
2333	3	1089
2722	3	38
1045	3	2545
875	1	3584
647	3	2444
2761	1	3582
1355	3	531
765	3	2450
2592	3	2327
3262	3	2156
3372	3	1654
3383	1	3574
2607	3	2596
2773	3	1889
1096	1	3569
1408	1	3855
1495	3	3012
2815	3	114
988	1	3574
2692	1	3569
3275	1	3590
689	1	3626
2319	3	67
2975	1	3581
3008	3	745
2792	1	3574
3385	3	679
2058	1	3602
1816	3	2036
2833	1	3637
1354	1	3612
2914	3	1176
279	1	3568
594	3	2582
1562	1	3574
1228	3	279
2818	3	3061
1715	3	465
3088	1	3571
529	3	3317
2810	3	3071
1134	3	1667
2417	3	1673
1228	1	3589
1167	1	3593
694	3	2560
2897	1	3574
971	1	3574
2656	3	2422
867	1	3584
2037	3	95
2294	3	3110
2918	3	33
1022	3	2441
2751	3	1816
2958	1	3581
2890	3	308
1233	3	2729
3480	1	3568
341	3	440
1668	3	854
2600	3	1512
3250	1	3600
1111	1	3611
262	1	3568
1545	1	3574
2950	1	3591
2189	1	3572
1099	3	2569
765	3	1645
2684	3	3251
2479	1	3735
1731	3	3218
1923	3	3232
3249	1	3569
431	3	2441
2791	3	2404
3169	3	2695
1373	3	3520
3549	3	1533
3363	1	3590
2282	3	2755
2151	3	2384
1972	1	3589
3063	1	3581
850	1	3584
220	1	3602
2312	3	114
330	3	691
2012	3	105
86	3	105
3029	1	3605
1073	3	2198
481	3	1006
3351	3	679
3463	1	3568
3224	3	2521
405	3	1316
354	3	2848
1724	1	3593
2408	3	1821
3321	1	3624
1424	1	3584
1738	1	3609
2850	3	2504
1358	3	1713
1542	1	3590
1438	1	3600
2543	3	1274
3258	3	3026
3273	3	295
3541	3	2129
700	3	2006
1207	1	3601
1740	3	2070
465	1	3818
375	3	365
725	1	3589
1500	1	3624
1469	3	1611
2112	3	2359
3386	1	3622
1076	3	2465
1672	3	3252
2967	3	3418
2968	3	1580
826	1	3655
3186	1	3618
2082	1	3614
1929	1	3571
2798	3	1911
3151	1	3581
471	3	2449
720	3	1546
1121	1	3591
1225	1	3581
1431	3	2404
1846	3	3238
1531	3	1443
3003	1	3584
1362	3	2616
2012	3	2333
2767	3	381
481	3	3234
3039	3	665
1520	1	3574
1594	3	1555
891	1	3596
1338	1	3571
991	1	3601
2260	1	3572
2649	3	3348
3053	3	2976
2112	1	3575
2453	3	2030
3473	3	813
2318	3	2398
2600	1	3613
674	1	3613
3237	3	38
1432	3	2815
1282	1	3589
3004	3	1567
1208	1	3581
1730	1	3568
3098	3	765
497	3	3179
2178	1	3604
604	3	2332
2490	3	2273
426	1	3617
3534	1	3568
1013	3	2915
2170	1	3614
1789	3	1112
735	3	1588
974	1	3601
1306	3	3348
2232	3	136
3140	1	3637
3193	3	2788
1313	1	3581
1934	3	3238
2485	3	3011
1038	3	3234
92	1	3632
270	3	95
539	1	3607
684	1	3660
1769	3	1754
2374	3	3463
3248	3	2533
1508	1	3569
2742	3	3229
95	3	1370
2900	1	3574
2232	3	3519
3511	3	3002
3448	3	2722
385	3	3375
1623	3	1613
1773	3	1924
157	1	3600
844	3	2347
718	1	3794
1107	3	2816
2821	3	405
543	3	1924
2491	1	3577
2927	3	2560
3083	1	3605
3248	3	3472
3413	1	3578
431	3	1770
1201	3	850
261	3	438
2838	3	1694
1078	1	3570
428	3	1072
862	1	3618
2225	3	557
517	3	978
826	3	802
2791	3	2672
763	3	1821
2883	1	3574
1172	3	1650
2296	1	3568
370	1	3568
1036	1	3604
1409	1	3571
1292	1	3569
3370	1	3581
3054	3	108
5	3	1187
3108	3	937
3023	1	3611
153	1	3585
2032	1	3624
1569	3	3012
1705	1	3568
1675	3	2915
2685	3	3176
906	1	3614
3342	3	2795
2215	3	1425
128	3	2352
1013	3	3049
554	3	1807
1709	1	3738
1206	3	471
1546	3	691
2237	3	107
2459	1	3658
2981	3	3365
3373	3	3012
2724	1	3630
3475	1	3581
465	3	941
774	3	765
353	1	3568
1839	3	1316
1137	3	3491
2260	3	1658
2279	1	3568
3158	1	3593
1657	3	1370
3226	3	13
1309	3	3238
3353	1	3581
206	3	642
702	3	2352
2147	3	3182
162	1	3571
1338	3	344
3345	1	3591
1241	1	3593
1688	1	3568
2971	1	3574
1599	3	529
324	1	3614
1863	3	2749
3519	3	2722
2265	3	3373
458	1	3568
1083	3	3012
3119	1	3601
3223	1	3591
2715	3	1211
1853	3	402
3377	3	1088
2778	3	748
3458	1	3581
1027	3	1546
1770	3	2652
1665	3	3002
3263	2	3650
2262	1	3568
336	1	3568
2330	3	2432
1120	3	3491
2409	3	951
2719	3	1381
1332	1	3577
1258	1	3569
1641	3	1784
294	3	292
3068	3	483
1150	1	3574
1636	1	3756
41	1	3581
1330	3	512
444	3	3373
1751	3	1046
365	3	3164
3328	1	3591
689	3	1768
2836	1	3568
2954	1	3574
334	1	3661
1398	1	3606
1426	3	1657
1543	1	3659
3305	3	2450
1434	3	3131
441	1	3568
1014	3	2850
2203	3	2359
2492	3	2269
792	3	2444
1074	1	3659
1363	1	3569
2009	3	2253
1515	1	3581
2014	3	2454
3441	1	3581
51	3	2914
3020	3	266
3126	3	2421
2245	1	3568
3075	3	1701
145	1	3729
2570	3	3003
818	3	1296
547	3	1073
1296	3	1667
1015	1	3568
3059	1	3574
917	3	695
1029	1	3584
24	1	3581
1608	1	3657
3008	3	3136
465	3	1075
546	1	3568
558	1	3728
3447	1	3637
3194	1	3589
2731	3	1870
1753	3	3002
2278	3	3334
3421	3	3488
424	1	3568
1574	1	3681
2395	2	4026
2438	3	2729
1346	1	3569
2977	1	3606
1940	3	3179
2569	3	303
3465	1	3644
2630	1	3636
3124	1	3572
1869	1	3617
564	3	268
2522	3	3169
361	3	2189
834	3	1605
682	1	3611
1312	1	3593
1086	1	3592
1716	1	3574
2161	1	3636
1816	3	2333
2497	3	1890
3042	1	3574
3510	3	2260
1067	3	3402
3300	3	869
404	3	1812
529	1	3568
686	3	444
1640	3	1857
2039	1	3636
3071	3	3406
3305	3	1645
743	3	102
2274	1	3626
1886	1	3593
829	3	1179
2511	3	3037
1125	1	3574
1044	3	1656
1773	3	3481
1702	3	3026
2084	1	3690
1862	3	2421
543	3	3481
2422	3	1447
1699	1	3574
247	1	3596
3208	1	3581
3256	1	3603
2127	3	2393
2286	3	2872
2990	3	1364
3403	1	3569
512	1	3568
33	3	974
305	3	1258
1657	3	699
746	3	2089
3321	1	3571
3079	3	2005
582	3	3463
2449	3	2023
604	3	2145
1108	1	3574
1445	3	2434
1569	1	3584
1171	3	3146
953	1	3618
1400	1	3593
206	3	3354
1100	1	3584
1835	1	3617
1582	1	3569
2522	3	2364
2201	1	3644
2759	3	3392
1682	1	3574
2504	1	3570
2435	3	2165
48	1	3593
3386	1	3569
136	1	3617
458	3	691
1549	3	2582
2422	3	292
2600	3	3098
756	3	416
1490	1	3725
343	3	2693
960	3	2663
3278	1	3574
3296	3	2924
2263	3	3549
3325	3	2474
644	1	3599
1091	1	3574
2211	3	2223
824	3	2981
1074	3	2684
114	3	285
608	3	221
2315	3	1267
3190	1	3735
524	3	720
636	1	3609
1083	1	3584
2253	3	95
3089	3	1271
2640	1	3613
3491	1	3569
185	3	151
1565	1	3569
1237	3	1835
298	3	3174
495	1	3726
1665	1	3574
2487	1	3570
3002	3	1072
110	3	465
2733	3	2796
697	3	100
1769	3	2856
2013	3	1752
3261	1	3574
1632	3	867
935	1	3772
849	1	3604
2435	3	3454
2796	3	3261
2246	3	3549
748	1	3568
2693	3	114
3263	3	1460
518	1	3600
2357	1	3580
1577	3	2815
1670	1	3569
2688	3	469
2177	3	153
1747	2	3922
1917	3	957
3382	3	1701
3545	3	687
1588	1	3571
1286	1	3706
3349	3	668
3474	1	3569
2022	3	3062
2367	3	849
2549	1	3779
3304	3	2462
3547	3	944
468	3	543
1079	1	3569
2123	1	3600
418	1	3574
1179	1	3574
582	3	564
3244	1	3574
3140	1	3584
2804	1	3713
3377	3	2995
2122	1	3569
2733	3	1641
3424	3	512
731	1	3568
2498	3	2560
1462	3	824
1953	1	3578
3044	1	3570
1219	3	1989
1148	3	1534
1088	3	807
1429	3	879
583	1	3726
872	1	3636
1601	3	2878
1653	1	3569
2055	3	913
2236	1	3590
2381	1	3643
2673	3	2634
677	1	3678
3226	3	765
2557	3	1721
3457	1	3569
837	1	3599
3381	3	485
837	3	1982
2710	1	3585
2831	3	773
71	3	1762
1438	3	1825
2485	3	3308
1373	3	2796
3488	3	3257
2195	3	540
3056	3	2816
85	1	3617
889	3	275
969	3	2989
3149	1	3570
2410	3	1370
2685	3	1245
1337	1	3591
2507	3	102
2119	1	3585
373	3	1068
294	3	105
1636	1	3569
1289	1	3599
2192	3	1134
2239	3	2815
3026	3	3010
2805	3	3210
1246	3	471
3515	1	3581
2545	3	2850
1302	1	3584
672	1	3602
2688	3	603
2441	3	3261
1763	3	813
2224	1	3585
2718	3	2658
1215	3	3458
650	3	3067
1877	1	3615
3054	3	3438
398	1	3590
695	3	1637
3311	3	3100
1966	3	2275
3496	3	358
981	3	849
2454	3	3067
346	3	2720
2692	3	3402
2075	3	2095
255	1	3615
3279	1	3581
1313	3	325
1407	1	3584
2886	3	1992
2424	1	3568
389	1	3569
3173	3	882
397	3	2851
3252	3	1845
2794	3	664
3267	3	23
1894	3	2153
3498	1	3581
2982	3	1447
694	3	1381
3526	3	3352
2596	3	2607
21	1	3635
411	3	2661
543	3	2005
2007	1	3581
81	1	3581
46	3	3061
1832	1	3890
569	1	3619
1156	3	109
2353	3	1846
1755	3	3257
2333	3	3077
2569	3	3499
2707	1	3577
909	1	3660
1901	3	3371
564	3	3464
1613	3	1623
1476	3	3044
1588	3	344
3541	3	3044
3329	1	3569
2037	3	3238
1563	3	964
861	1	3611
2576	3	2498
2447	1	3600
1503	1	3574
3402	3	765
2588	3	2422
1466	3	2417
1959	3	602
1622	3	125
2812	1	3577
3155	3	979
3318	3	3163
2690	3	3094
943	3	1588
586	1	3568
1639	3	1414
772	3	404
392	3	125
984	3	2405
1842	1	3584
517	3	1409
1856	1	3600
58	3	167
307	3	1355
3247	1	3601
2799	3	2504
2780	3	931
1242	3	785
565	1	3604
889	3	1698
1026	1	3614
3108	1	3574
1515	3	2820
3261	3	1821
3243	3	444
3400	1	3593
557	3	1997
1637	3	2261
2430	1	3600
3352	1	3601
1983	3	665
339	3	1761
2495	1	3568
268	3	3026
2814	3	2196
2243	1	3581
134	1	3574
2350	3	3561
1602	3	3163
2410	3	699
2422	3	105
3091	1	3574
352	1	3585
526	3	261
1531	1	3601
2978	3	1761
2531	3	679
548	3	1751
3346	3	363
1283	3	1784
3164	3	770
3565	1	3569
3378	3	3438
2116	3	363
434	3	2669
2699	3	384
2837	3	2434
1336	3	2935
1150	1	3655
2376	3	3352
280	1	3637
3256	3	2684
3243	3	2672
742	3	3371
689	3	1849
2226	1	3581
802	3	1654
1522	1	3591
1472	3	3358
2733	3	2609
21	3	1721
2974	1	3569
1756	3	1903
1847	3	3026
2018	3	1766
2855	3	3548
1757	1	3581
2218	1	3591
2388	3	3306
3148	1	3582
2140	3	3459
1134	3	2850
711	2	3868
1844	1	3574
2139	3	601
2451	3	1698
1578	3	3234
2995	3	1512
849	3	3463
2721	3	3035
507	3	2785
1375	1	3574
1329	3	529
705	1	3590
765	3	1889
1927	1	3600
2099	3	363
1923	3	3476
3086	3	12
2849	1	3601
105	1	3572
3089	3	2373
1972	3	2216
115	3	105
56	3	1883
1620	1	3662
2731	1	3568
1320	1	3653
960	3	1671
2378	3	2454
1834	3	3549
810	1	3590
1827	1	3574
510	1	3581
1285	1	3616
1350	3	2927
838	3	917
3531	1	3569
1358	1	3574
270	3	3238
2314	1	3581
388	1	3581
1507	3	870
2663	3	2544
3062	1	3569
784	3	3471
2085	1	3617
2473	3	2033
1832	1	3569
1373	3	2609
1623	3	2312
6	1	3574
2714	1	3568
237	3	1424
166	3	969
468	3	1645
14	3	604
3129	3	867
2572	1	3624
430	3	745
2546	3	2566
595	3	2785
2900	1	3684
3202	1	3606
423	3	1187
2828	1	3589
3152	3	1330
3437	3	2733
3258	3	1176
2860	3	1075
581	3	1988
3017	3	1288
3168	3	114
3514	1	3569
259	3	1045
219	1	3569
2297	1	3581
3045	1	3569
2819	1	3568
28	3	2134
1815	1	3569
292	3	765
2	1	3586
1915	1	3574
2697	1	3568
878	3	2794
3185	1	3606
2081	1	3602
2057	3	2810
33	3	466
2108	3	2032
2555	1	3624
2748	3	2435
2228	1	3568
1022	3	3169
1835	3	2805
476	1	3581
2511	1	3580
2100	3	3187
1187	3	1658
2600	3	2240
571	3	2856
1945	3	3231
3252	3	1658
3285	1	3584
1015	3	3240
3522	3	2995
1874	1	3669
1073	3	2576
1237	3	38
1953	3	188
2755	3	270
1068	3	1211
2802	1	3568
1798	1	3569
1312	3	2915
3298	3	53
723	3	1908
2249	3	730
578	3	691
540	3	2989
1459	3	2881
2332	3	1345
1153	3	2257
2598	3	3087
2675	3	939
2796	3	1464
1838	1	3601
3390	1	3584
2838	3	1588
459	1	3581
1864	1	3598
2372	1	3569
2457	3	703
3123	3	739
3272	3	1551
2853	3	1857
252	3	2180
1022	3	2014
1180	3	2079
1687	3	1444
458	3	1122
3158	3	551
2850	3	3232
1912	3	1767
77	1	3574
2785	1	3568
2968	1	3575
1944	3	1662
755	1	3578
1852	3	687
3258	3	1310
3513	3	305
1781	1	3569
2578	3	2167
225	1	3601
1000	1	3636
1619	3	2273
2566	3	1654
812	3	2899
3244	3	1658
215	3	3226
955	3	416
3373	1	3584
2547	3	3464
1626	3	461
1547	1	3589
2193	3	2273
341	3	363
2679	3	2398
2602	1	3719
375	3	2032
2517	1	3612
3486	1	3574
234	3	2149
760	3	3087
1560	1	3574
438	1	3569
2200	3	108
915	3	363
2715	3	3199
2840	3	511
2445	3	2418
1952	1	3598
2636	3	1072
3387	3	3497
1022	3	270
2993	3	1493
2134	1	3574
2470	3	664
1773	1	3569
1143	1	3587
1096	1	3626
1768	3	1694
2963	3	2821
3009	1	3614
21	1	3582
94	3	2647
3567	3	3362
3210	3	1072
543	1	3569
799	3	389
1179	3	668
1016	3	3402
1746	3	2833
2612	3	3237
2987	3	1006
13	1	3592
3469	1	3574
3483	1	3609
1538	3	945
3548	3	2920
2347	1	3569
421	1	3569
2544	3	2167
3520	3	2441
898	3	363
2239	1	3574
102	3	1650
1075	3	2563
1411	3	2434
1488	1	3623
1535	1	3584
3014	1	3609
2990	3	3218
215	3	2421
3382	3	38
1671	3	114
533	3	161
750	3	3174
2117	1	3574
1449	3	3519
1896	1	3774
582	3	1345
1031	3	3094
1228	1	3646
1648	1	3574
2594	3	3176
3012	3	1911
526	1	3569
1301	1	3604
2091	3	981
1493	3	2001
301	3	3292
744	1	3580
702	3	502
1088	3	1588
2453	3	1603
1134	3	2663
2648	3	2136
404	1	3569
2222	1	3574
3108	3	376
1394	3	2434
1518	1	3584
1152	1	3731
3338	1	3681
3438	3	349
188	3	1208
1660	3	2820
96	1	3570
884	1	3617
2165	3	3238
2223	3	854
2100	1	3574
2402	3	102
1208	3	2446
2693	3	679
2141	1	3637
2714	3	2919
2864	3	1863
3423	3	3110
3505	1	3591
1394	3	3373
1624	3	1089
1631	1	3574
1883	3	607
1410	1	3774
1250	3	1072
12	3	1288
509	1	3569
1284	1	3604
1914	1	3586
431	3	3437
2408	3	939
401	1	3574
3403	1	3679
2602	3	2586
40	1	3569
2045	3	2915
1624	1	3645
2618	3	1370
3280	1	3618
3025	3	1286
2388	1	3581
2890	3	1654
2041	3	1611
2205	1	3574
175	1	3584
2608	3	2612
3127	1	3575
1878	3	1901
2398	3	1221
1097	1	3585
1289	3	1982
1854	3	3127
614	1	3569
1389	1	3604
1862	3	437
2848	3	25
3262	1	3590
2920	3	1821
1751	3	135
2901	1	3585
1797	1	3581
1477	3	1658
1989	3	1224
2633	3	2578
3140	3	1943
2793	1	3590
1655	1	3637
2089	1	3600
1210	1	3575
580	1	3593
2236	3	229
2960	3	1853
280	1	3584
425	1	3637
23	1	3569
3094	3	1807
3493	1	3586
695	3	3357
2253	3	3238
1307	1	3636
1362	3	1734
2371	1	3581
3220	1	3624
3403	3	3351
158	1	3584
1769	3	2616
2695	3	2410
2210	3	1727
2499	3	1637
3293	1	3582
1034	3	2792
3546	3	114
458	3	1740
13	3	1678
2816	3	491
597	1	3569
1977	3	869
2107	1	3637
1770	3	2441
2149	3	969
1565	1	3679
162	3	1901
1512	2	3866
1638	1	3637
1719	3	1176
3349	3	2872
2107	3	2929
2476	1	3581
3337	3	2167
2038	3	1242
1433	3	95
1043	2	3866
2260	3	292
2294	1	3578
2332	3	3252
2498	3	1381
520	3	465
1920	1	3618
852	3	3549
2354	1	3581
1849	3	1546
811	1	3568
2507	3	1017
2889	1	3580
1476	3	1381
2312	3	305
624	3	1747
1282	1	3646
376	1	3574
921	3	304
889	3	2129
1296	1	3662
1755	3	2533
1885	1	3581
2275	3	765
2721	3	888
2798	3	3257
206	3	215
594	1	3585
655	1	3581
1057	3	925
2956	3	878
1497	3	2840
2759	1	3590
3134	3	1240
1624	3	1573
3200	3	330
99	1	3618
2459	1	3581
949	3	3385
1213	3	1262
1502	3	1172
64	1	3581
2588	3	1698
2122	1	3679
2852	3	2773
1427	3	1486
943	3	3308
1571	3	933
646	1	3571
1942	1	3589
1868	1	3581
2122	3	2971
359	1	3574
2364	3	2920
2390	1	3568
2437	3	1912
834	1	3600
451	2	3814
638	1	3581
577	1	3585
651	1	3593
351	1	3584
2491	1	3634
2736	3	2799
3372	1	3572
2810	3	363
1910	3	1852
2830	1	3614
2442	1	3581
2043	3	2537
2964	1	3568
1512	1	3590
1517	1	3791
1905	3	2207
243	1	3600
47	1	3581
1665	3	481
1705	3	130
1719	3	1310
3480	3	933
755	1	3741
3278	3	107
1512	3	438
2208	1	3601
1062	2	3883
921	1	3590
2054	3	2059
817	1	3600
2373	1	3568
2544	3	691
621	1	3581
1560	3	1770
879	3	2566
1292	1	3626
2618	3	699
2109	3	1804
2685	3	2294
3282	1	3614
2674	3	1785
159	3	2276
2715	3	3012
1691	1	3609
2631	3	2404
2947	1	3568
930	1	3590
720	3	3026
2719	3	3182
1990	3	1159
1141	3	1116
365	2	3801
3543	1	3574
1034	3	1182
2303	3	3226
377	3	3226
2869	3	813
2119	3	3367
1134	3	1187
1294	3	3026
2747	3	3257
2780	3	1846
1762	3	1077
376	3	2441
2677	3	210
2407	3	2435
3187	3	2728
3432	3	2230
200	1	3582
2657	3	1785
699	3	2856
2041	3	2229
1574	1	3604
2448	3	2145
426	3	821
1464	3	571
1820	3	3183
2030	3	2130
2220	3	3197
1604	1	3568
2930	1	3568
448	3	2311
638	1	3715
3096	3	1578
2526	1	3569
2927	3	2751
3519	3	2779
846	3	2041
229	3	2825
878	3	1936
2515	3	2780
3526	1	3574
2162	1	3620
3384	1	3630
231	1	3574
299	3	2438
1013	1	3568
2309	1	3586
1413	1	3582
3394	3	2434
2318	3	1784
1084	3	97
958	1	3617
1967	3	1055
1940	3	1008
2583	3	1756
73	3	196
1	1	3579
482	3	1132
2432	3	307
1587	1	3568
1923	3	3102
3079	3	1578
998	1	3649
596	1	3581
2509	1	3569
3348	3	3237
3372	3	1658
114	1	3569
588	1	3591
2443	3	2273
3546	3	1671
2259	3	1660
214	1	3574
2922	1	3568
1470	1	3590
1853	3	1748
501	3	55
1918	1	3569
828	3	2566
3142	3	909
1345	3	2352
1810	1	3574
3491	1	3574
2719	3	283
2692	1	3573
3207	1	3658
1570	1	3568
3194	1	3646
2492	1	3569
2591	3	2075
2841	3	1778
1101	1	3568
1562	1	3578
2384	1	3574
2816	3	2398
2319	3	3454
2023	1	3569
97	1	3569
2057	3	1147
2675	3	1370
890	3	2219
197	1	3574
1875	1	3572
700	3	2815
1666	3	416
2560	3	3372
1528	1	3602
2797	1	3573
3484	1	3584
1901	1	3569
1078	3	3002
2981	3	1462
1675	1	3568
1793	1	3574
2597	1	3569
671	1	3569
3479	1	3568
1553	1	3568
2645	3	810
202	1	3569
1458	1	3585
2319	3	1360
3324	1	3612
2411	3	645
637	1	3593
262	1	3572
1084	1	3568
1933	1	3611
2367	1	3574
2563	1	3593
3056	3	161
3314	3	3237
2006	1	3569
80	1	3569
3091	3	2417
2520	3	465
615	1	3568
694	3	2914
939	3	2416
1122	3	1316
3263	1	3589
1740	3	785
2260	3	105
3175	3	3210
1211	1	3593
1658	1	3568
3063	1	3585
2465	3	161
1776	1	3574
2627	3	193
2743	3	2416
2580	1	3569
654	1	3569
1016	3	2544
1189	1	3568
1850	2	3992
2089	3	2304
2484	3	2117
3306	3	2113
3443	3	1658
86	3	109
185	1	3569
3556	3	1816
3463	1	3572
371	3	405
2991	1	3655
484	3	2283
1227	3	1316
3176	1	3575
2350	1	3574
893	1	3729
2648	3	3372
604	3	2202
1124	3	2333
137	1	3577
2545	3	1134
2651	3	1037
759	1	3569
561	3	2411
1882	1	3635
3125	3	457
530	3	325
820	3	1929
1759	1	3574
1655	1	3584
3088	3	564
1132	1	3919
1172	1	3568
1429	3	802
3013	3	878
1221	3	2522
1878	3	2198
1872	3	2300
2341	3	3209
2853	3	2422
208	1	3601
1746	1	3568
1225	1	3585
2047	1	3581
1565	1	3626
2705	3	465
344	3	687
2342	1	3574
416	1	3574
2024	3	2261
2508	3	86
1155	1	3568
1360	3	640
1012	3	2508
1204	3	2522
700	3	266
2591	3	465
665	3	465
3216	1	3583
3222	3	1807
1168	3	2289
3449	1	3660
432	3	152
2212	1	3584
3034	1	3580
2043	1	3593
2914	3	2953
384	3	1658
285	3	2815
521	1	3574
921	3	251
1730	1	3572
1743	1	3584
35	3	668
2935	3	2749
687	3	86
813	1	3593
2982	3	3464
3174	1	3617
2325	1	3574
1222	3	1805
2590	3	2282
2800	1	3600
1321	1	3575
1572	3	194
325	1	3740
2408	3	1370
1982	3	2881
2317	1	3584
1687	1	3602
1511	3	3378
2604	1	3581
1682	3	2872
2796	3	1224
91	1	3575
2948	3	482
1990	3	1911
3138	3	1357
3140	1	3641
973	1	3574
2854	3	2223
3017	1	3580
3064	3	1924
2421	3	1176
1653	1	3626
3074	3	2345
504	1	3574
965	1	3584
1589	3	2422
1726	1	3584
3205	3	1992
979	1	3600
349	1	3618
877	3	1132
1347	3	29
1379	1	3614
35	1	3574
496	1	3584
548	3	2129
1250	3	1853
3311	3	1868
2930	3	229
2022	1	3581
1078	1	3574
453	1	3793
3287	3	3094
374	1	3584
1196	1	3580
200	1	3745
1770	3	2522
1613	3	1546
609	1	3574
2739	3	3238
3138	3	2646
251	3	2259
2313	1	3569
2596	1	3581
2328	3	2574
2741	1	3634
487	1	3574
962	1	3600
18	1	3574
2259	1	3679
1254	1	3619
28	3	2378
2399	3	750
1061	1	3574
1654	3	679
1836	1	3609
2466	1	3591
2586	3	173
3060	3	949
2207	3	2399
592	1	3574
547	3	943
943	3	2450
643	3	2441
56	3	2261
2751	3	344
2579	1	3581
2647	3	2445
3401	1	3577
3402	3	2566
460	3	744
945	1	3600
1045	3	268
645	1	3591
1632	3	2347
2189	3	2927
2571	1	3591
2421	3	1310
2441	3	1224
2578	3	1122
3125	3	136
3353	1	3585
571	3	67
2062	1	3589
1749	1	3568
1688	1	3572
155	3	309
3125	3	3519
1684	3	1196
758	1	3581
3097	3	1778
575	1	3574
1057	1	3912
2562	1	3602
1050	1	3600
3108	3	3169
3402	3	86
3216	3	2019
2562	1	3581
678	3	913
2052	3	1288
3411	1	3624
1076	3	3087
1549	3	3257
241	1	3589
2265	1	3681
628	1	3591
97	3	2115
2597	3	3428
1953	3	1721
2962	1	3568
863	1	3581
3466	3	2661
2820	1	3624
114	3	960
392	3	3215
1398	3	2717
3342	1	3611
2418	3	1901
741	1	3581
111	1	3599
624	1	3771
2654	1	3569
2812	1	3634
1263	1	3568
3261	3	939
148	3	1286
2626	3	3564
2185	1	3569
1155	3	849
104	1	3670
85	3	1006
1012	3	3126
818	3	1300
1315	1	3581
1848	1	3667
1469	3	3522
576	3	3071
2137	1	3577
3531	3	2249
1948	1	3672
557	1	3671
39	3	870
1531	3	2415
3488	3	1704
3004	3	2189
323	3	1135
1873	1	3633
2631	3	2835
435	1	3671
724	1	3581
951	3	1779
2100	3	532
2637	1	3569
1246	1	3568
1420	1	3581
1224	3	1370
3010	3	3026
226	3	3342
29	1	3580
1757	3	3176
1114	3	2428
3124	1	3576
2603	1	3593
3184	3	1875
1365	3	2192
1733	1	3575
70	3	1673
3149	3	3002
295	1	3613
1820	1	3568
1380	3	17
3017	3	861
2205	3	1286
1889	3	3402
746	3	3248
3158	3	3373
2716	1	3583
590	3	1932
2280	3	1911
3234	3	1194
3108	3	270
3155	1	3568
1229	1	3568
2927	3	3182
495	1	3596
1187	3	292
1989	3	2273
2117	3	3110
2315	3	1487
2880	3	188
1455	3	1345
1803	1	3568
2672	3	1908
130	3	1598
643	3	1770
3113	1	3602
3441	1	3719
1334	1	3568
2707	3	1720
2256	1	3569
2140	3	483
168	3	2273
3093	3	3381
629	3	3428
3138	1	3568
1212	1	3568
835	3	471
1366	1	3846
478	1	3596
526	3	2546
1387	3	2749
914	3	135
1622	3	666
1760	3	3069
2267	3	2434
2391	1	3584
358	3	2969
1889	3	1658
2549	1	3649
1186	1	3756
1299	3	2297
1922	1	3584
1935	3	2733
1252	1	3600
2381	3	3209
1693	1	3677
2720	3	745
2504	1	3574
442	3	1911
3169	3	1387
2410	3	3334
1779	3	1992
3426	1	3575
1317	1	3568
564	3	2850
1076	3	2416
583	1	3596
3278	1	3578
99	3	1357
2012	3	1345
646	3	371
3078	1	3574
846	3	1667
353	1	3601
322	3	1588
3495	3	1187
1104	3	2491
2432	3	2966
1194	3	3182
1494	3	747
1895	1	3738
2828	1	3646
2487	1	3574
2632	1	3627
932	3	465
2838	3	2450
2247	3	2675
802	3	1845
3409	1	3575
2018	1	3574
3520	3	3169
1409	3	51
1660	3	2259
2659	3	2613
2961	1	3569
1338	3	1316
3061	1	3574
2745	1	3617
816	3	3345
3179	1	3580
2592	1	3574
666	1	3574
1875	3	292
1962	1	3592
3027	1	3598
2370	1	3569
248	3	425
1650	3	3352
1224	3	699
2470	1	3574
1296	3	1350
1153	1	3581
1736	1	3602
2598	3	2794
2841	3	465
1101	3	638
1240	1	3574
2001	1	3574
2462	1	3584
1393	3	2909
879	1	3569
3318	3	805
2944	1	3569
771	1	3574
1159	3	1990
1875	3	642
1745	3	1211
1617	1	3711
3044	1	3574
3197	3	2909
68	1	3645
1023	1	3591
2475	1	3569
2758	1	3581
2819	3	3297
2575	1	3574
649	1	3574
53	3	416
1045	3	3464
1453	1	3569
3171	1	3574
941	1	3593
3512	3	1671
3551	3	1821
116	3	3534
1136	1	3581
1190	3	3146
2838	3	1645
3049	1	3569
1230	3	3549
2596	3	3416
1086	3	1658
132	1	3582
1223	1	3574
3149	1	3574
3314	3	1924
982	1	3686
862	1	3569
1237	1	3590
746	3	483
1476	3	2914
754	1	3574
2351	1	3662
3462	1	3568
1701	3	3237
204	3	2245
2012	3	1829
86	3	1829
3233	1	3604
3262	3	981
2629	3	692
1251	3	2564
35	3	2254
266	3	384
1677	1	3636
632	1	3574
1377	1	3627
1383	3	744
1228	1	3569
56	1	3667
2134	3	3169
1458	3	813
820	3	266
2558	1	3574
45	1	3568
460	3	2785
1978	3	1853
2108	3	1284
624	1	3584
165	3	904
2609	3	2441
3032	1	3569
2836	3	3431
3520	3	270
2565	1	3661
12	3	861
753	3	1701
939	3	2981
3094	3	91
1247	1	3637
375	3	2089
3102	3	3464
920	1	3581
737	1	3574
2499	3	2365
870	3	2995
1881	1	3789
3486	1	3631
1659	1	3575
576	3	440
885	1	3601
3112	1	3614
2724	1	3581
3044	3	2815
1211	1	3569
2136	3	578
1462	3	3406
3246	1	3568
877	1	3611
1311	1	3574
1922	3	1646
1910	3	3385
524	3	2497
2608	3	3124
295	3	870
2510	3	1534
3015	1	3569
360	1	3798
802	1	3572
2207	1	3589
3076	3	1929
1192	3	1844
1230	1	3637
561	3	2976
2140	3	2040
903	1	3581
958	3	1679
2829	1	3581
3149	3	2815
1195	1	3600
2275	3	1493
132	1	3716
152	3	114
430	3	3514
2707	1	3581
1529	3	2907
94	1	3570
1673	3	455
3229	1	3568
2134	3	2364
1016	1	3571
1934	3	640
2794	1	3574
1308	1	3590
1600	3	1436
2117	1	3631
3110	3	3194
2269	3	461
1087	3	100
2145	3	3402
1779	3	3549
3012	1	3585
2305	1	3660
1187	3	105
3252	3	105
1459	3	389
2069	3	1211
197	3	1286
132	3	2449
1677	3	1564
2523	1	3671
2702	1	3730
1112	1	3756
1769	3	95
2812	1	3581
2664	1	3584
2770	3	3311
2882	3	668
300	3	491
2475	3	342
1856	1	3604
753	3	1835
2134	3	270
2416	3	2120
1662	3	161
1032	3	179
2745	3	1679
2852	1	3613
2991	3	78
3510	3	2352
2836	3	532
773	1	3570
23	3	2033
2775	3	1290
857	1	3627
673	3	2504
1090	3	3251
991	1	3581
1327	3	1835
3305	3	2751
369	3	2881
1401	3	679
2209	3	114
969	3	1383
120	3	1340
1875	3	3354
3262	3	2404
3544	1	3619
1186	1	3569
45	3	1654
3317	1	3568
1816	3	1345
2357	2	4023
2447	3	243
956	1	3574
2882	1	3574
564	3	2663
491	3	3261
2535	1	3604
878	3	436
997	3	2020
1694	3	1698
3244	3	105
1722	3	3086
3368	1	3581
337	3	2612
783	3	2735
1678	1	3571
974	1	3581
2717	3	799
2416	3	376
2560	1	3570
1898	3	912
716	3	551
1169	1	3569
901	3	471
289	3	1456
1300	3	3077
2609	3	1770
3287	3	2720
2419	1	3630
1309	3	640
3300	1	3568
457	1	3589
229	3	3203
157	1	3580
802	3	1658
2865	1	3574
376	3	3169
2906	1	3637
1888	1	3622
444	3	2869
3040	1	3591
3440	3	268
43	3	3215
3027	3	3299
603	3	2995
1667	3	2940
3423	3	2362
853	1	3591
1704	3	964
2794	3	2441
1354	3	1812
1479	1	3568
1113	3	25
628	3	3314
2680	3	2548
2540	3	444
1627	1	3595
2880	2	4047
558	3	668
533	3	1641
1395	3	2450
1770	3	3437
3371	1	3592
28	3	2943
1073	3	1507
2136	3	846
461	3	2300
3261	3	1370
1549	3	1594
293	3	471
2976	1	3630
2346	1	3648
2491	3	3229
2649	1	3574
416	3	2417
773	3	2437
1889	3	2544
136	1	3568
1537	1	3637
2359	3	1262
605	3	608
2391	3	2264
3436	1	3590
212	3	1462
388	1	3585
890	3	1658
1363	3	1017
266	3	2291
765	3	3182
923	1	3584
1546	3	671
2314	1	3585
2893	1	3601
464	3	1479
1016	3	694
1202	1	3591
2656	3	1865
1256	3	2803
3495	3	1134
2714	1	3572
2953	3	1176
1829	3	1258
132	3	1778
3306	1	3600
1942	1	3646
2796	3	2273
1009	3	765
1912	3	1637
2632	1	3574
3266	3	3243
1821	3	161
1563	3	647
1715	1	3595
119	1	3568
3334	3	2590
1825	3	1438
3099	3	330
1041	1	3569
3119	1	3581
0	3	3194
1661	1	3705
376	3	270
3365	3	363
3111	1	3591
74	1	3685
1901	3	960
1454	1	3568
91	3	1637
2697	1	3572
3519	1	3568
3437	3	3087
939	3	2794
51	3	2544
215	3	63
2081	1	3606
3122	3	1292
2582	3	3146
3232	1	3571
1736	3	404
1625	1	3637
266	3	547
146	1	3612
2615	1	3574
3431	3	2836
3142	3	482
1298	1	3581
2291	3	700
1588	3	1316
491	3	2590
102	1	3568
1477	3	105
2028	1	3568
2220	1	3582
2803	1	3603
7	1	3585
1678	3	2007
1024	1	3569
1544	1	3700
3423	3	402
3443	3	2036
482	1	3611
475	3	773
43	3	666
2172	1	3590
3257	3	2438
1304	3	1637
589	1	3575
2005	3	3002
867	3	3049
2333	1	3572
1300	3	2406
2720	1	3574
15	3	2661
2722	3	904
507	1	3577
2768	1	3596
1021	3	473
207	1	3568
1127	3	376
1383	3	2785
942	1	3601
1608	1	3637
2532	1	3730
2868	1	3601
1438	3	1776
1281	1	3581
3070	3	2419
3194	1	3569
3207	1	3581
2011	1	3568
85	1	3568
1081	1	3577
300	3	2398
242	3	618
2796	3	2407
840	1	3689
2267	3	3215
2351	1	3609
1878	3	2576
1717	3	3503
2490	3	427
1336	3	2618
3536	3	1496
2774	3	3136
2603	1	3569
2526	1	3626
1047	1	3601
1502	3	1713
2441	3	2273
2566	3	1658
2777	1	3582
559	3	2855
1340	3	344
1997	3	3373
190	1	3568
2851	1	3601
2189	3	943
783	3	320
1112	1	3569
2432	3	3397
3367	3	2444
2890	1	3572
2648	3	2006
3067	3	2435
230	1	3600
3504	3	2917
2492	3	1444
258	3	3371
2695	3	3085
1887	1	3634
3360	3	2515
882	1	3574
2373	3	2142
2972	3	2482
790	3	1891
2582	1	3584
1435	3	3306
1464	3	2856
551	3	418
1049	3	2776
1223	3	1069
2155	3	2481
3511	3	2445
213	1	3600
2052	1	3580
3222	3	91
677	3	1527
2529	3	2273
2608	3	38
1136	1	3662
761	1	3584
278	1	3568
1243	1	3569
2926	1	3589
949	3	677
2192	1	3617
3232	3	344
3455	3	0
874	1	3574
2939	1	3574
2098	3	1668
2264	3	207
2547	3	2663
3437	3	2416
1648	1	3578
533	3	3548
743	3	3249
861	3	602
1348	1	3569
1455	3	3549
338	3	2836
1448	1	3574
344	1	3570
2921	3	3209
3071	3	3520
3413	3	34
6	3	3488
1266	1	3571
1226	1	3569
2088	1	3624
2955	3	3017
525	3	761
3152	1	3569
2222	1	3578
9	1	3581
784	1	3616
253	3	2140
757	1	3569
2499	3	2446
2573	3	2454
2733	3	1935
3249	1	3630
301	1	3600
857	1	3574
1800	1	3569
1678	3	2275
2335	1	3568
849	1	3584
981	3	345
1546	3	2578
1082	3	1135
1901	3	1578
2443	3	2464
654	1	3626
3355	1	3661
204	3	3026
1431	1	3574
3424	3	2586
336	3	3458
251	3	543
3023	3	1787
718	3	3259
3075	3	1949
3234	3	3182
2079	3	1761
1217	3	952
2407	3	1821
3135	1	3569
3302	3	2939
2890	3	1658
3027	1	3574
3395	3	2076
505	1	3753
2541	3	668
514	1	3568
606	3	2926
1400	1	3707
1507	3	687
2960	3	918
1436	1	3569
2211	1	3604
3320	3	2037
1655	2	3866
1286	3	1288
432	1	3570
753	3	38
1797	1	3585
1701	3	1924
547	3	1671
1314	1	3569
2089	1	3604
2419	1	3577
643	3	3169
3053	3	1748
845	1	3569
2417	3	1868
330	3	2041
3193	1	3581
302	1	3580
3010	1	3574
520	3	2563
750	3	279
1888	1	3569
3064	3	2786
3372	3	105
497	1	3568
276	1	3768
2450	3	1588
1419	1	3569
2607	3	1047
3352	3	1854
2163	3	2345
2107	1	3641
2929	1	3637
3477	3	3138
186	3	679
1337	1	3571
1589	3	251
2402	1	3577
2470	3	2441
828	1	3569
2236	3	1522
2465	3	2796
2592	3	1128
483	3	929
3268	3	2939
2993	1	3574
2782	3	1650
559	3	440
427	3	2816
480	1	3568
433	1	3607
1125	3	2555
133	1	3598
1402	1	3569
147	1	3614
655	1	3585
2507	1	3577
1122	3	1857
2626	3	909
2081	3	1398
1537	1	3584
2129	3	275
1998	1	3575
3281	1	3581
1068	1	3584
1213	1	3637
3009	3	3343
1990	1	3585
72	3	1722
1656	3	1044
868	1	3580
238	1	3598
1650	1	3574
164	1	3590
2872	1	3584
1422	3	125
1686	3	3099
2264	3	2919
2389	1	3568
1358	3	2258
834	1	3604
1439	3	1061
1637	3	602
2616	3	2130
3031	3	2611
1173	1	3584
152	3	679
2777	3	58
155	1	3569
3519	3	2649
643	3	270
478	3	1792
2442	1	3585
3264	1	3581
317	1	3612
252	3	2347
121	1	3593
1847	3	78
2172	3	2294
3037	3	193
3131	3	1835
135	3	1992
3266	3	3540
1279	3	2399
18	3	1075
3377	1	3571
2182	3	827
3169	3	2920
42	1	3569
817	1	3604
799	3	2300
2147	1	3571
2463	3	2646
2561	1	3601
330	3	3464
2173	1	3568
3182	3	1006
1026	3	3290
2917	3	3489
829	3	1911
3247	1	3581
2389	3	2459
734	1	3575
2576	3	384
75	3	3335
1323	3	3540
1185	3	2456
3078	3	457
2091	1	3600
2538	1	3575
2121	3	419
2672	3	192
3147	1	3593
1608	1	3584
2430	1	3580
3198	3	376
25	1	3569
2252	1	3582
3069	3	1760
1862	3	120
1139	1	3584
2230	1	3576
2927	3	1816
206	3	703
1521	3	2856
1674	3	2720
387	3	618
559	3	1863
2062	1	3646
1721	1	3574
1200	1	3591
2496	1	3609
2543	1	3570
1599	3	3034
409	3	2165
1834	3	951
1966	3	295
1539	1	3571
2651	3	1712
1126	1	3757
2269	3	221
2930	1	3572
1870	3	2533
1602	3	699
3238	3	937
248	1	3575
571	3	1063
493	3	1460
2012	3	1134
3548	3	3087
335	1	3568
1485	1	3681
1939	3	1187
2829	3	1293
1605	1	3600
2764	3	2456
2901	1	3618
83	1	3581
2694	3	163
2267	3	1068
1701	3	3481
262	3	105
375	1	3600
1005	1	3582
1796	3	1565
1355	3	2044
1944	3	1963
1276	3	1835
42	3	558
1	1	3583
1368	3	366
1769	3	3238
2234	3	1698
820	1	3847
1360	3	376
1418	1	3581
3331	1	3569
968	3	2981
646	3	2038
1276	3	2774
2603	3	2434
2453	3	1770
114	1	3573
393	1	3637
2589	3	1637
3155	3	2032
3261	3	1935
502	3	3120
2920	3	699
142	3	1475
1660	3	543
1977	3	1841
2482	3	2259
2392	1	3568
3180	1	3615
1473	3	1305
3314	1	3569
2637	1	3626
3035	3	2463
2253	3	2116
3403	3	2229
171	1	3581
533	3	2556
363	3	1224
3377	3	344
304	3	3002
1310	3	3258
3387	3	765
3558	1	3596
38	3	1835
806	3	2722
1147	3	2794
2527	3	623
15	2	3621
1353	3	1736
1901	1	3573
2497	1	3568
337	3	2722
237	1	3610
1678	3	344
1493	1	3569
3004	3	152
3419	1	3569
206	3	1187
502	1	3582
2375	1	3568
276	1	3581
39	3	2216
333	3	3138
2430	3	1666
1169	1	3679
2280	1	3585
3297	1	3569
1933	1	3615
1906	1	3568
3189	1	3574
3163	3	1762
154	1	3581
2828	1	3569
564	3	679
615	1	3572
322	3	2450
2036	3	2291
2497	3	2301
2160	3	1824
1748	3	543
2975	3	2672
2399	3	3519
428	3	1751
1140	3	3215
1958	1	3581
2545	3	3232
1495	3	2215
1658	1	3572
2144	1	3697
2480	1	3568
3308	3	1845
3066	3	361
1489	1	3581
1476	1	3569
1774	3	3367
283	3	3182
3113	1	3659
900	1	3662
3397	3	587
3402	1	3569
1576	1	3574
1461	3	2239
3392	3	3194
161	3	1462
1002	3	1751
3172	1	3574
2609	3	3169
1190	3	1780
2280	3	3257
263	3	2134
2063	1	3581
2675	3	3013
2885	1	3577
3385	3	3265
2585	1	3568
659	1	3568
3078	3	136
1922	1	3641
2101	1	3700
2946	1	3584
689	3	3252
2416	3	270
2449	3	3023
2463	1	3568
2804	1	3640
3312	1	3611
3548	3	2416
3385	1	3569
291	1	3634
1710	3	3406
1994	1	3568
68	1	3568
102	3	1146
3160	3	3292
1373	3	1784
2531	3	3371
3425	1	3601
2721	1	3611
969	1	3624
1344	3	1274
1149	3	3006
2121	1	3593
2568	1	3568
642	1	3568
636	1	3670
1839	3	2934
1564	1	3569
1892	1	3686
2057	3	1635
8	1	3601
2929	1	3584
344	3	691
2446	1	3568
3440	3	3545
2372	3	397
251	3	2129
1977	1	3568
335	3	849
2663	3	564
3169	3	2733
225	1	3581
1435	3	1993
150	3	558
1812	1	3574
2431	1	3649
480	3	178
388	3	2613
2300	1	3612
785	3	1316
2551	1	3568
2006	3	720
233	3	2657
338	1	3571
857	3	668
1042	3	1534
1547	1	3569
1856	3	1776
2397	1	3673
2037	3	937
1129	3	2672
3147	1	3574
2044	3	1805
2287	3	287
1736	1	3659
284	1	3681
1079	1	3630
2604	1	3585
1284	3	702
2757	3	2920
1687	1	3606
2609	3	270
913	1	3575
1577	3	3226
3009	3	3290
3391	1	3601
1795	1	3574
692	3	1805
1936	3	2749
2717	1	3575
1155	3	2463
204	1	3569
2248	1	3575
1697	3	2185
989	1	3672
2527	1	3639
2683	1	3599
13	1	3572
742	3	2814
1766	1	3620
1496	1	3593
1900	1	3574
2707	3	167
672	3	3386
1684	1	3622
1929	3	1507
77	1	3688
309	1	3569
3437	3	2981
3000	1	3584
2293	1	3659
2313	1	3573
3522	1	3571
2335	3	638
1309	1	3574
3382	3	957
589	3	3357
187	1	3569
720	1	3655
962	1	3604
294	3	3549
2005	1	3574
79	1	3574
362	3	1586
511	3	2398
1301	1	3584
2530	3	2289
2898	1	3672
2649	3	457
1929	3	1857
285	3	2953
582	3	2264
1883	1	3574
3105	1	3584
44	3	813
262	3	268
156	1	3702
571	3	2165
1224	3	3334
1667	3	285
1934	3	2441
2234	3	2450
1414	1	3574
889	3	1625
3497	3	3277
1291	3	1340
292	1	3569
666	3	1559
2453	3	2522
3184	3	1395
846	3	114
1174	1	3568
3401	1	3581
3158	1	3601
1188	1	3584
2471	1	3590
277	3	1829
170	1	3569
1333	1	3637
703	3	2038
1688	3	3464
2794	3	3169
1988	1	3574
62	1	3574
3131	3	38
1284	1	3584
458	3	3464
13	3	3402
984	1	3575
1512	3	1089
2588	3	1194
2207	1	3646
1866	1	3574
2688	1	3570
685	1	3627
3262	3	3266
882	3	1471
2460	3	932
1802	1	3987
2876	1	3599
1009	3	204
1397	1	3574
1168	3	683
1350	1	3613
1858	1	3584
2086	3	161
275	1	3569
167	1	3574
3384	1	3581
3262	1	3570
2113	3	181
71	3	1368
1989	3	1204
2154	1	3581
1971	1	3574
2633	3	114
197	3	404
967	1	3575
2794	3	2014
1121	3	1072
438	3	322
894	3	465
571	3	1360
1601	1	3727
2234	3	1645
2057	3	2253
3342	1	3615
1735	1	3681
1380	1	3574
1814	3	200
2024	1	3591
3308	3	1658
1421	1	3637
258	1	3569
1033	1	3604
1166	3	1305
3431	3	2275
832	1	3718
13	3	1658
1219	3	440
3002	3	1751
1735	3	2973
33	3	3292
501	3	2450
3141	1	3580
3367	1	3581
2437	1	3590
1046	1	3589
1520	1	3611
1309	3	2441
1848	1	3671
1954	1	3574
2137	1	3581
2547	3	679
69	1	3637
2908	3	2385
2959	1	3577
1668	1	3581
1300	3	1845
1045	3	2850
3011	1	3590
1368	3	1602
976	3	3062
2318	3	2435
3459	1	3569
37	1	3574
812	1	3609
1320	1	3580
2785	3	2707
361	3	1258
685	3	616
316	1	3581
1420	1	3585
2794	3	270
3024	1	3575
3098	3	802
3512	1	3613
1908	3	687
2796	3	1846
3230	3	2954
3330	3	1993
1418	3	167
1696	3	2422
1820	1	3572
1978	1	3637
2642	1	3568
305	3	2421
1375	3	3173
2539	1	3831
1651	1	3581
3151	3	2509
2926	1	3833
3244	3	3545
2981	3	824
615	3	963
1386	3	1403
1524	1	3733
156	3	475
1169	1	3626
1589	3	3044
3470	3	2030
3442	1	3569
659	3	2299
828	3	773
818	3	3532
2769	3	3313
714	3	2044
2225	1	3581
2362	3	543
491	3	1224
631	3	322
3007	1	3575
3047	1	3577
2221	3	3104
2712	1	3767
3285	3	3049
3332	3	3010
1059	3	2286
2996	3	695
691	3	2167
1370	3	878
1626	3	3287
2999	1	3585
3511	3	1534
1660	3	2129
2336	1	3658
2625	1	3568
3066	3	308
1708	1	3589
2156	1	3568
2649	3	136
1324	3	389
1586	1	3589
1846	3	376
2369	3	1761
852	1	3617
1968	1	3724
1286	1	3580
2097	3	3550
2693	3	3371
2444	3	666
2208	1	3581
1093	3	3551
1140	3	1068
140	1	3637
517	1	3571
2454	3	363
2482	3	1751
2128	3	913
3100	3	3472
934	3	2291
881	3	769
1352	1	3609
1399	1	3570
2608	1	3568
2996	1	3601
1244	1	3614
1538	1	3725
3439	3	204
1617	1	3581
3530	1	3569
2915	3	929
2139	1	3568
2186	3	1912
2864	3	17
723	3	1835
3204	1	3574
1170	3	2898
1000	3	2320
246	3	361
2192	3	3102
1935	3	3087
461	1	3600
689	3	3549
2660	3	1153
3094	3	1116
3196	1	3584
1383	1	3601
2713	1	3568
1608	2	3970
2099	3	2652
2751	3	1316
3519	3	3348
3309	1	3574
1227	1	3614
2780	3	2765
2439	3	2693
2347	3	964
376	3	3360
1828	3	1086
2197	1	3637
1673	3	1130
1041	1	3626
1882	3	225
2324	4	2796
1151	3	362
2768	3	3191
931	3	3067
2696	1	3568
2592	1	3578
469	3	3026
1641	3	1821
3292	1	3574
1073	3	1698
702	3	1234
1522	3	3428
1536	3	3463
779	1	3568
1240	1	3578
1983	3	3438
604	3	1698
2315	1	3622
1701	1	3569
2610	3	2722
2714	3	268
1278	3	2663
1323	1	3604
1396	3	578
3162	1	3584
90	3	2404
423	3	3476
1635	3	2273
1904	3	196
1353	1	3568
2786	3	548
3397	1	3574
1471	1	3574
3550	3	1821
2275	1	3569
119	3	264
349	1	3569
2565	3	3203
1365	3	1875
2527	1	3586
3275	1	3574
2594	3	2753
2259	3	135
3258	3	432
3115	3	1046
762	1	3568
2045	1	3574
2445	3	251
3129	3	1062
3143	3	2434
1559	3	668
366	3	2652
686	3	131
1684	1	3569
848	3	1883
2832	1	3590
2523	3	3237
198	3	2722
3372	3	2927
3018	3	2089
1863	3	2920
3143	3	3373
3380	1	3574
439	3	2993
90	1	3620
332	1	3569
345	1	3581
490	1	3634
2258	1	3569
45	1	3572
867	1	3568
578	3	2041
803	3	2364
344	3	1122
824	3	440
2422	3	1134
2934	3	700
135	3	2236
845	3	2680
2224	1	3593
1742	3	846
2507	3	460
1667	1	3569
1441	1	3568
1217	3	2969
17	3	1641
1461	3	1865
1506	3	2879
1559	1	3574
1817	3	1471
561	3	1102
437	1	3569
2836	3	402
3393	3	982
366	3	1497
3290	1	3616
2057	3	2416
677	3	1234
97	3	3221
1319	1	3568
2648	3	3002
3363	1	3574
1611	3	250
389	1	3577
1045	3	2663
3004	3	2006
877	1	3615
850	1	3568
2566	3	3004
3064	1	3626
214	1	3688
3356	1	3645
309	3	155
1427	3	3373
526	3	3168
427	3	161
943	3	2751
382	3	867
2776	3	1924
3532	3	578
699	3	2165
2874	3	1262
347	1	3611
662	3	2625
618	3	3362
879	3	720
1424	1	3568
1438	1	3584
1542	1	3574
3369	3	114
420	1	3569
3464	3	1006
2308	3	86
2860	3	465
468	1	3591
481	3	1929
2775	3	2449
3064	3	2359
2657	3	2033
3303	1	3580
2185	3	25
3420	1	3582
460	1	3601
1839	3	2560
833	1	3568
1702	3	1908
2116	1	3574
3397	3	2441
968	3	1936
14	3	344
2590	3	3067
3386	1	3606
2441	3	2464
2797	3	2070
432	3	2815
873	1	3600
899	3	2704
1187	3	109
1701	3	2786
363	3	2273
1256	3	3478
2470	3	2014
1525	1	3574
699	3	3454
1421	1	3584
1476	3	3402
196	3	1259
1226	1	3626
303	3	2856
2222	1	3635
3088	3	2422
2708	3	2143
784	1	3673
2739	3	640
2626	3	482
2405	3	1436
432	3	721
2477	1	3569
2545	3	3342
2767	3	1304
2880	3	355
508	1	3569
1403	3	1350
3405	3	687
470	3	86
84	3	2410
556	1	3591
509	1	3630
182	1	3574
1404	1	3584
657	1	3600
2826	3	465
174	1	3584
824	3	1863
392	3	1422
3269	1	3580
2131	1	3627
1050	3	2792
1899	3	2482
352	1	3593
1471	3	882
756	1	3574
1578	1	3570
1716	3	384
52	1	3584
2753	1	3619
3262	3	2758
2517	2	3978
2460	1	3569
287	1	3574
3238	3	376
3114	3	2563
282	3	592
500	3	47
1005	3	465
1386	3	1350
1991	1	3569
1314	1	3626
3410	3	1588
165	1	3574
1461	1	3592
3163	3	1656
720	3	725
3067	3	1821
1602	3	1077
979	1	3580
1453	1	3602
1695	3	2113
2865	1	3578
2927	3	2544
1814	1	3618
3532	3	2001
739	1	3574
109	1	3592
423	1	3617
2304	3	986
2450	3	1645
753	1	3590
1419	1	3626
1839	3	3044
1853	1	3589
1897	1	3997
1625	3	3203
448	3	3043
270	1	3574
3379	3	1605
1600	3	1924
1375	1	3582
1146	3	2782
2735	1	3588
359	3	2234
820	3	3332
2042	1	3679
2074	1	3574
2293	1	3635
2896	1	3570
3215	3	299
3168	3	338
1242	3	338
428	3	1995
717	3	1905
1070	1	3575
844	1	3574
1929	3	2422
1720	3	2782
1531	3	1911
2548	1	3569
1300	3	1337
2411	3	1243
2904	3	2646
1362	3	640
2616	3	898
2836	3	3464
2820	3	1072
2079	1	3569
153	1	3569
736	1	3590
2466	1	3571
2854	1	3604
1285	1	3624
457	3	2484
253	1	3574
949	3	63
1028	1	3609
1102	1	3617
1338	3	2422
2746	3	1992
263	3	2378
1623	3	1381
2864	3	2408
3240	1	3575
809	3	786
612	1	3851
2362	3	2129
595	3	1854
1240	1	3741
2560	3	2815
77	3	3144
1083	3	2646
2160	3	3357
827	1	3574
2232	1	3591
2275	3	1176
1795	1	3684
2531	1	3569
541	1	3581
1403	3	2773
3306	1	3604
3210	3	1751
3528	1	3582
2062	1	3569
719	1	3590
2837	1	3604
1189	3	3488
493	1	3589
3168	3	2566
236	1	3574
1058	1	3570
304	1	3684
1415	1	3590
2197	1	3584
2376	3	461
2107	3	2185
3045	1	3577
248	3	1881
2633	3	679
2819	1	3576
710	1	3569
1507	3	2167
1151	3	309
1932	1	3579
2077	3	3513
1076	3	3067
2890	3	105
1454	1	3572
2554	1	3571
3329	1	3606
33	3	2918
2438	3	485
341	1	3574
428	3	2129
279	3	1317
299	3	3304
2059	1	3604
187	1	3679
2073	1	3620
2328	1	3581
1522	3	3375
2648	3	2815
924	1	3568
2850	1	3568
270	3	2441
394	1	3591
3536	3	211
482	1	3615
1172	3	2707
1837	3	2137
2592	3	2258
2796	3	533
2728	1	3568
693	1	3569
136	3	561
2994	1	3590
2694	1	3581
3230	3	1641
3394	1	3604
2300	3	1650
295	3	687
3049	3	964
1498	1	3568
3077	3	2352
508	3	850
3542	1	3574
2329	3	2165
507	1	3581
1329	1	3577
1619	3	403
1955	3	2347
2138	1	3618
207	1	3572
1029	1	3568
2454	3	3238
799	1	3600
1142	3	1002
3494	1	3582
1281	1	3585
1289	3	1722
2103	1	3581
547	1	3613
2236	3	3002
1369	3	1992
2275	3	1310
907	1	3568
1146	3	1172
2203	1	3586
173	1	3596
2833	1	3568
127	3	551
765	1	3624
1081	1	3581
3173	1	3609
77	1	3582
363	3	1147
1997	3	2438
829	3	3257
2023	3	1879
2209	3	1086
2711	1	3568
764	1	3593
2748	3	699
1607	1	3738
464	1	3584
3407	1	3568
1481	1	3568
1720	3	1172
1825	3	1576
1339	1	3624
490	1	3581
1077	3	71
1012	1	3568
2104	3	476
2945	3	1853
2961	3	3138
2309	1	3647
3471	3	347
1921	1	3614
2140	3	3146
3317	3	2142
1615	3	2461
1739	1	3611
2311	3	1533
2240	3	1078
603	1	3571
1288	3	2405
1460	3	1751
1704	3	647
2506	3	376
2330	3	3489
3046	3	1330
148	1	3606
595	1	3581
2660	1	3581
2037	3	376
3080	3	3355
447	1	3584
455	3	1721
3371	3	1658
269	1	3586
2735	3	869
252	3	444
3520	3	571
898	3	2465
995	1	3568
3357	3	861
2773	1	3571
222	3	1419
1027	3	2953
3155	3	2089
213	1	3604
234	3	2507
1364	3	1542
1156	3	2508
44	3	1996
1569	1	3568
1563	3	2424
2732	1	3636
54	3	2417
131	1	3606
1100	1	3568
403	3	2273
2250	1	3681
2329	3	2273
3314	1	3626
353	3	3304
2127	1	3620
2470	3	1022
2129	3	950
2859	3	3381
978	1	3568
1769	3	1551
1834	3	1142
2697	3	1258
826	3	2693
2746	3	3549
1016	3	1316
584	1	3637
2707	3	2989
343	1	3570
3379	1	3624
3479	3	2736
3025	3	2449
2270	1	3574
344	1	3574
2895	3	3018
694	3	2036
1846	3	3169
3304	3	1068
1083	1	3568
945	3	1800
2773	3	210
1886	1	3711
9	1	3585
1654	3	2566
2828	1	3626
1215	3	2958
2140	1	3584
3482	1	3711
2504	3	3226
119	1	3601
3510	3	2728
1230	3	1890
2741	3	1810
798	3	2594
1022	3	2856
1469	3	2831
1554	3	1248
1001	1	3600
444	3	592
398	3	3136
1047	2	3910
491	3	2273
3125	3	2612
3252	3	1345
2253	1	3574
327	1	3574
512	1	3686
1117	3	951
1425	3	2434
2458	3	2737
1046	3	2216
549	3	3272
2402	3	460
431	3	2856
2246	1	3645
525	1	3671
5	3	1923
814	1	3581
1623	3	1194
1538	3	3531
1977	3	2032
2057	3	403
2596	3	2107
901	1	3574
2727	1	3569
2123	1	3584
806	1	3591
1449	3	2722
1468	3	131
2009	3	2855
2487	3	3226
432	1	3574
3140	1	3568
2523	3	1924
1934	3	3169
3554	1	3617
2136	1	3569
1854	3	102
2610	1	3591
1633	3	302
1337	3	2332
1009	3	3026
2236	1	3574
3512	3	2240
3321	3	2422
919	1	3581
2277	1	3637
2364	3	2794
3013	3	939
1833	3	491
3048	1	3724
2766	3	1345
1012	3	691
3193	1	3585
535	3	381
2799	3	1654
2963	1	3617
3440	3	2663
2710	1	3569
1631	3	221
2613	3	1302
1751	3	493
3546	3	2566
3002	3	251
2810	1	3574
3183	3	204
730	3	2032
1729	3	2386
578	3	1667
2929	1	3641
415	1	3574
2466	3	2275
417	3	904
3417	1	3679
3510	1	3570
3230	3	3548
2534	1	3649
2954	3	3067
2119	1	3569
1846	3	270
1499	3	1637
960	3	687
2919	3	3440
408	1	3645
381	1	3598
902	1	3581
1462	3	2097
2064	1	3618
2263	3	1573
2815	1	3569
3168	3	285
3308	3	2036
3497	3	2850
1779	3	951
1003	1	3590
3481	3	279
2693	1	3569
3468	1	3604
1589	3	1194
1302	1	3568
2595	1	4033
2881	1	3598
2224	1	3569
549	3	3406
594	1	3593
2507	1	3581
261	3	1658
398	1	3574
2692	3	3
322	3	547
3100	3	333
3332	3	1160
256	1	3630
258	3	960
547	3	870
785	3	2312
435	3	3160
1857	3	1658
885	1	3581
2798	1	3569
2995	3	2167
91	1	3636
2049	3	194
2253	3	2441
1460	3	275
1559	3	2872
2676	1	3569
405	3	1865
503	1	3574
1611	2	3973
3211	1	3568
3042	3	3067
2339	1	4020
2207	1	3569
1934	3	270
577	1	3593
16	3	2889
1232	3	193
1574	3	2770
1880	3	1896
3025	3	2717
2238	1	3786
3346	3	939
2279	1	3849
3264	1	3585
2051	3	1211
1300	3	3512
3443	3	109
273	1	3764
1673	1	3580
1706	3	744
2280	3	1704
2995	3	1012
2918	3	3160
486	1	3574
1625	3	251
2414	3	1658
527	1	3637
1769	3	3108
2914	3	2209
2190	1	3569
634	1	3601
512	3	3061
3207	3	2289
2995	1	3568
376	3	571
1177	3	47
1382	3	2900
211	3	194
2215	3	551
2688	3	721
1842	1	3568
3255	3	1722
1219	3	363
1856	1	3584
3012	3	2887
3277	3	2303
2219	3	721
2331	1	3610
2432	3	531
22	1	3599
1767	3	3174
2232	3	2779
2529	3	2090
2482	3	2129
1839	3	1381
847	1	3569
1622	1	3604
936	3	2582
1914	1	3623
392	1	3604
1614	1	3614
765	1	3571
135	1	3589
2956	3	1370
1477	3	1345
268	3	3010
1721	1	3578
2543	1	3574
1336	3	2569
3071	3	2398
485	3	2434
1187	3	2313
1858	1	3641
2535	1	3584
1632	3	2758
3032	3	2574
384	3	109
2695	3	2097
2926	1	3756
1605	1	3604
2427	1	3600
457	3	821
2648	1	3574
722	1	3574
1450	1	3648
1671	3	285
2523	3	3481
3332	3	3522
375	1	3604
1644	1	3575
2616	3	2618
246	3	1089
2671	1	3627
431	3	2319
740	1	3581
2712	1	3690
2877	3	2450
156	3	1337
1267	3	1243
2412	1	3681
1098	3	2416
2071	1	3609
28	3	2573
935	1	3569
1658	3	105
2099	3	3380
3314	3	78
3473	3	557
3066	1	3568
2267	3	1422
1668	3	1082
3141	1	3637
853	1	3571
2914	3	2693
318	3	56
1434	3	163
14	3	2332
443	1	3711
705	1	3574
1954	1	3631
2631	1	3574
575	3	2526
2284	1	3604
2918	2	3981
2797	3	86
846	3	305
229	3	1089
1833	3	2398
1879	3	608
505	1	3570
2102	1	3601
3179	3	221
3238	3	3169
3349	3	465
519	1	3586
3375	3	3398
36	1	3570
1194	3	1820
1672	3	2191
2054	1	3609
2165	3	376
2501	1	3584
1320	1	3637
241	3	289
465	3	551
918	1	3569
2323	1	3586
271	3	2697
1085	3	2939
2023	1	3577
2384	1	3582
2643	3	2820
1113	3	1883
439	3	1493
2086	3	2796
2480	3	3110
825	3	135
674	3	2275
3310	1	3753
2614	1	3574
1063	3	1224
2093	1	3591
584	1	3584
1156	3	361
729	1	3637
1793	1	3582
2267	1	3604
1610	1	3575
1414	3	3437
2308	3	330
739	3	2441
1493	1	3573
3004	3	2600
3089	1	3600
2441	3	1769
529	1	3633
502	1	3586
380	1	3575
352	3	551
3389	3	1211
1011	1	3618
1458	1	3593
2449	3	799
2633	3	305
1387	3	1521
749	3	974
2667	1	3591
1933	1	3619
1303	1	3637
1276	1	3590
3082	1	3671
3103	3	130
2902	1	3581
2698	3	471
59	1	3602
1234	3	1068
2891	2	3910
571	3	1551
3179	3	2449
3497	3	2663
305	3	384
188	3	574
3104	3	511
2638	1	3637
2903	3	1436
3072	1	3600
2311	1	3581
1476	1	3573
2988	3	2661
2115	3	1945
3371	3	1150
3135	3	2627
1688	3	2850
1768	1	3592
2398	1	3574
3277	3	1194
2256	1	3630
458	3	2850
2383	3	2998
1259	1	3590
2057	3	2794
2956	3	699
1747	1	3628
2136	3	960
951	1	3591
1935	3	2794
2763	1	3581
1667	3	960
3238	3	270
2589	3	2125
3087	3	511
2655	1	3586
3285	1	3568
3312	1	3615
2352	3	687
2576	3	1006
1073	3	2560
1533	1	3581
1396	3	501
1088	3	3182
142	1	3580
2021	1	3619
449	3	2840
813	3	2200
1825	1	3600
2381	1	3574
583	1	3657
3426	1	3636
289	3	765
60	1	3582
2721	1	3615
1368	3	2143
456	3	3472
790	1	3569
1791	1	3624
942	1	3581
2868	1	3581
2164	1	3591
3390	1	3568
642	1	3572
1938	1	3590
1864	1	3582
3271	3	929
1965	3	2755
2386	1	3569
1834	3	1573
200	1	3619
3268	1	3568
1233	3	2286
1707	3	3062
2555	3	2499
1516	1	3581
1295	3	91
1374	1	3637
179	3	2792
1047	1	3581
3387	3	2192
3336	3	1472
1246	3	2846
210	3	1845
1492	3	491
2851	1	3581
821	1	3591
3373	1	3568
672	3	1162
3417	3	2359
3471	1	3660
209	3	2167
1160	1	3571
2100	3	2366
483	1	3628
2318	3	1821
2369	1	3569
138	3	3432
2540	3	3136
2660	3	55
156	1	3572
2469	1	3574
1466	3	3153
3251	1	3568
204	3	78
2209	3	2940
2866	3	1805
3169	3	3087
2410	3	2590
4	1	3590
91	3	2690
3139	1	3588
3501	3	3317
1024	1	3683
683	1	3611
2135	1	3589
2910	1	3681
3387	3	3481
3006	3	2596
1612	1	3571
1617	1	3772
1857	3	2544
1706	3	2785
3356	1	3568
1728	3	3366
1622	3	1211
3200	3	3079
2352	1	3569
174	3	1756
1342	3	2836
686	3	3221
3013	3	431
209	3	1012
1420	3	3367
2245	3	1264
1281	3	358
2312	3	960
1864	1	3716
1578	3	1742
2826	3	1193
1900	1	3578
1264	3	1698
2492	1	3606
2926	1	3569
279	1	3609
1429	3	1294
2751	3	1507
3013	3	1370
3288	3	100
1190	3	174
2037	3	3169
3087	3	1934
1012	3	1122
2004	1	3753
2780	3	2956
2013	1	3568
527	1	3584
758	1	3805
3339	1	3568
643	3	571
3380	3	2014
517	3	401
1009	1	3569
1017	3	1706
1813	3	419
2186	3	3392
1681	1	3867
2215	3	2942
3479	3	268
310	1	3601
3162	3	1778
2751	3	1857
2147	3	1316
160	3	1320
2705	1	3574
2782	3	1146
2161	3	3052
3397	3	270
3351	3	2814
3504	3	587
2189	1	3613
916	3	2411
1686	3	2245
1912	3	3174
110	1	3570
1261	3	2672
1366	1	3586
1996	1	3568
3146	3	1445
1658	3	268
389	1	3634
992	1	3569
3210	3	251
3499	3	161
1546	3	114
2849	3	1000
2759	3	3136
3311	3	3515
2206	1	3589
2688	1	3574
1566	1	3569
63	3	679
3563	1	3614
175	1	3568
2739	3	2441
2488	1	3570
2850	3	2545
1820	3	105
1097	1	3569
1967	3	71
179	1	3738
1369	3	2236
3262	1	3574
2862	3	25
1588	3	2853
760	3	2050
975	1	3569
754	1	3769
1300	3	3004
2793	1	3574
1395	3	1088
1671	1	3569
506	1	3569
1789	1	3575
280	1	3568
2238	3	880
997	3	2297
1481	1	3812
1790	1	3636
1411	3	3491
2434	3	3373
2671	1	3574
1937	1	3602
1549	1	3569
2037	3	270
2084	1	3568
158	1	3568
1854	3	1017
2130	3	161
3471	3	3035
1402	3	2895
1022	3	2616
16	1	3624
258	1	3573
864	3	1444
1080	1	3569
2966	3	1893
3006	3	986
3245	1	3574
250	3	2145
2642	3	3110
777	3	1245
384	3	1345
1357	3	3012
2465	3	3365
1250	3	251
2776	1	3574
3334	3	878
410	1	3713
431	3	2616
891	1	3637
1654	1	3569
1588	3	1698
1517	3	1243
1668	1	3585
2319	3	2470
2429	1	3604
2441	3	427
1086	3	109
3354	3	3440
3346	3	2522
206	3	3232
3125	3	2722
1365	3	1261
2067	1	3568
309	3	2790
293	3	398
1451	1	3602
1208	1	3622
2925	3	645
818	3	1658
744	3	1650
601	3	2264
1088	3	2995
594	1	3569
1344	3	152
2993	3	1156
3269	1	3637
1103	1	3601
1989	3	403
2516	3	1755
2942	1	3581
2319	3	376
2530	3	683
270	3	3169
2759	1	3574
3100	3	309
440	3	2057
1678	3	295
1972	3	2497
246	1	3568
1698	3	1929
209	3	691
2810	3	2441
25	3	78
1719	3	5
1168	1	3569
1266	3	324
39	3	2167
1083	3	125
1492	3	2398
1479	3	2386
164	1	3570
2425	1	3589
192	1	3678
331	3	1833
3312	3	3342
2934	3	86
2225	1	3585
3047	1	3581
3002	3	950
834	1	3584
1742	1	3569
3495	1	3617
577	1	3569
376	3	3230
3299	1	3598
1863	3	212
1416	1	3574
2462	3	2215
2145	3	564
2638	1	3584
2857	1	3645
229	1	3568
1004	1	3603
3305	3	2007
349	3	2223
619	3	2594
1825	3	2304
1849	3	725
1412	1	3754
322	3	2751
2511	1	3574
1226	2	3638
3030	1	3581
2105	3	511
1480	3	730
172	3	2451
817	1	3584
2296	1	3609
3440	3	679
2009	3	2749
2757	3	2737
2548	1	3626
2897	3	1835
1399	1	3574
270	3	2364
2621	1	3584
1178	1	3774
384	3	1829
3088	3	2963
1081	3	2261
1874	1	3600
2066	1	3614
3344	3	120
930	1	3574
2935	3	2920
3080	3	2973
2897	3	2774
1209	1	3581
2438	3	2286
914	3	493
785	3	2422
2287	1	3599
418	3	465
1751	3	2831
3313	1	3590
727	1	3626
1102	3	1276
2508	3	1546
820	3	2234
1294	3	3010
669	3	3229
1504	1	3574
1590	3	2068
3535	1	3568
2056	3	1172
53	1	3600
3108	3	2856
3405	3	2167
1665	3	2693
668	3	2444
1823	3	2758
2614	3	668
1445	3	3146
1668	3	2802
2542	3	1680
460	3	1720
3126	1	3571
749	3	466
2425	3	1517
2018	1	3582
2007	1	3675
405	3	2914
687	3	1546
2040	3	647
3257	3	1210
2097	3	2749
1970	1	3590
2425	3	2456
2189	3	870
1487	1	3574
336	1	3609
884	3	3110
1904	3	2294
2923	3	471
2995	3	1122
1065	3	2672
1702	3	3522
441	3	1053
1448	3	969
1079	1	3581
293	3	3110
1923	3	642
1261	3	2485
3284	1	3588
3515	3	1438
1175	1	3581
888	1	3584
757	3	2684
3405	1	3568
589	1	3636
2758	3	444
1385	3	2574
1470	1	3574
2346	3	3135
3345	3	2523
2247	3	939
1911	3	1068
2367	3	1211
2767	1	3596
1315	1	3618
3377	3	2418
3203	3	135
3501	1	3568
3510	3	1012
1329	1	3634
2768	1	3657
941	1	3601
709	3	2456
2153	3	2680
3275	1	3578
1486	3	2404
1136	1	3589
2268	3	2398
501	3	978
1257	3	777
2280	3	659
48	3	2442
1755	3	3135
1828	3	285
954	1	3586
2156	3	345
1862	1	3571
3025	3	2022
765	3	344
1758	1	3581
1994	1	4003
3267	1	3588
760	3	1863
309	3	375
341	3	2522
124	1	3600
460	3	1854
1346	1	3610
1729	3	1825
2963	3	3102
1380	3	3087
3560	1	3668
75	3	1355
2881	3	3514
1494	1	3637
3183	3	3026
490	3	301
1167	1	3581
1567	3	1012
1929	2	3650
3080	1	3569
3127	3	1913
2070	3	2836
2504	3	2799
1446	1	3588
252	3	2595
1112	1	3630
3224	1	3591
83	1	3695
2758	3	2672
1567	1	3568
1833	3	1219
2041	1	3590
2863	1	3586
763	3	2130
1222	3	366
1667	1	3573
1037	1	3591
2263	1	3568
2327	3	1128
3104	3	3520
737	1	3582
195	1	3624
2165	3	3169
1696	3	361
2773	3	1072
2141	1	3568
99	3	3138
1966	3	1698
1394	3	3304
943	3	1816
3063	1	3569
1145	3	952
2429	3	3463
247	1	3637
1239	3	3348
1672	1	3568
1442	1	3600
2487	3	2799
2678	3	2207
2469	3	668
2757	3	2416
1142	1	3591
3100	3	3155
3356	1	3649
455	3	2717
2715	1	3568
3476	1	3568
2846	1	3586
660	1	3636
1043	3	1794
1521	3	2165
1587	3	2419
1724	1	3581
2693	3	960
347	1	3615
2246	1	3568
2561	3	2582
427	3	3548
1242	1	3569
2891	1	3819
3463	3	596
356	3	649
3374	3	3146
2684	1	3701
3268	3	638
1982	3	287
3461	1	3649
3046	1	3569
1138	3	1373
1655	1	3568
1015	3	756
1486	1	3596
1230	3	658
2170	3	1070
2938	1	3574
95	3	1224
635	3	3342
425	1	3568
536	1	3672
1647	1	3578
2246	3	2301
2456	1	3619
2698	1	3568
3012	1	3593
2253	3	3169
2720	3	1721
2347	3	647
3004	3	266
2229	1	3568
3269	3	1402
3520	3	2856
1521	3	3454
3151	1	3569
1225	1	3569
2165	3	2364
1063	3	2273
1839	3	2914
2398	3	2441
3305	3	1820
2107	1	3568
8	1	3581
2466	3	2198
2677	3	1751
3292	3	2081
1502	3	2258
1191	1	3593
1638	1	3568
2921	1	3574
1923	3	3354
1228	3	1690
891	1	3584
2943	3	1784
2332	3	3183
408	1	3568
1401	3	687
1073	3	1381
2204	3	3274
3248	3	1232
2480	1	3682
1521	3	1360
2165	3	270
2212	1	3568
1667	3	720
2563	3	2444
829	3	1704
2531	3	2196
1208	1	3569
2918	3	1444
3340	3	3146
1743	1	3568
2797	3	330
2808	1	3574
939	3	440
3549	3	2005
3410	3	2406
343	3	2518
1578	1	3574
2904	1	3574
120	3	1698
2663	3	2422
2945	1	3637
3497	3	679
2126	3	2722
2500	1	3575
3510	3	691
2317	1	3568
391	1	3568
3052	1	3601
1588	3	2934
1313	1	3569
3504	3	1368
2794	3	571
246	3	3561
1335	3	2533
3200	1	3571
987	1	3574
2283	1	3592
620	3	1690
3374	1	3584
1306	1	3640
965	1	3568
3079	3	86
1262	3	2350
3371	3	105
1568	3	3549
1739	3	2289
839	3	2690
1561	1	3574
2134	3	2856
2336	1	3609
3487	1	3574
2253	3	270
3305	1	3571
197	3	839
374	1	3568
1316	3	1310
738	3	3210
1617	3	2289
1889	3	674
1258	3	86
1810	3	465
1016	3	1857
3480	3	864
2509	3	810
2668	1	3660
248	3	2690
2896	1	3574
2957	1	3570
1138	3	2796
1630	3	375
1098	3	2794
210	3	2544
2025	3	188
1000	1	3730
3536	3	3114
1666	1	3574
2548	3	2680
2751	3	2422
962	1	3584
2371	3	3288
228	1	3612
662	1	3575
2608	3	1872
2837	3	3146
3277	3	2815
3370	1	3569
580	3	2741
3470	1	3574
1544	1	3574
1815	3	2180
2366	1	3570
2204	3	375
1449	1	3591
2126	3	1917
2652	3	2855
517	3	1316
1383	3	1720
2628	2	4035
687	3	204
1075	1	3574
1924	1	3617
398	1	3631
2783	3	1536
3126	3	2275
2675	3	3261
3155	3	1825
1245	3	3110
1769	3	937
1962	3	1365
205	1	3586
2940	1	3570
3136	1	3589
3360	3	161
582	3	3183
2606	1	3612
3198	3	303
3475	1	3569
2508	3	1493
3158	1	3581
1512	3	1658
1649	1	3574
2471	1	3570
808	3	1668
712	3	1833
3353	1	3569
2487	3	384
12	3	2776
1527	1	3574
3453	1	3574
1234	3	3540
3311	3	1047
1912	3	1645
3528	1	3586
3397	3	2124
940	1	3568
1241	1	3581
611	1	3599
1058	1	3574
1159	3	3100
2537	1	3599
2237	1	3590
3040	3	588
903	1	3618
261	3	3004
1109	3	2441
2069	3	3342
1420	3	1033
2838	3	1816
1523	1	3754
1466	1	3725
2897	3	38
3549	3	3428
3458	1	3569
1058	3	1176
1540	3	1706
2781	1	3626
1526	1	3671
1632	1	3574
3037	1	3591
3448	3	3194
636	3	1712
1163	1	3574
1289	3	2881
303	3	95
739	3	3169
41	1	3569
1847	3	3522
3078	3	2612
3169	3	2981
3503	3	412
379	1	3697
2121	3	2574
3329	3	1212
761	3	2215
2850	1	3572
2714	3	2663
3226	3	2229
7	1	3593
2873	3	3142
1737	1	3574
3547	1	3651
586	1	3609
1033	1	3584
3512	3	687
3545	3	3440
733	1	3575
1383	3	1854
753	3	1872
1515	1	3569
70	3	368
322	3	3182
2245	3	2663
2575	3	2636
3091	3	3153
3441	1	3569
1625	3	658
2952	3	1072
407	1	3580
1966	3	2450
481	3	807
1329	1	3581
1613	3	2953
1146	1	3574
2269	3	2376
2627	3	929
505	3	156
24	1	3569
1621	1	3600
3494	1	3586
2393	3	764
2038	3	2730
578	3	114
2471	1	3704
2103	1	3585
2056	1	3624
75	3	363
2531	3	2814
1657	3	1492
3011	1	3570
2230	1	3637
2203	1	3590
35	3	1270
273	3	2712
3133	1	3581
1903	1	3581
135	1	3646
1720	1	3574
3125	1	3591
2983	3	1064
785	3	2853
1012	3	1016
344	3	2578
3424	1	3569
1036	3	365
2191	3	679
864	1	3602
1502	3	1721
2303	1	3568
1063	3	1147
1727	1	3661
2966	3	714
283	3	1820
1312	1	3581
1367	3	1679
3179	3	2022
337	3	2649
118	3	3342
376	3	2856
1012	1	3572
3247	3	638
1751	3	229
705	3	725
3190	1	3589
1264	1	3589
1043	1	3789
801	3	2223
1263	2	3938
2186	1	3590
1360	3	3470
189	3	764
2628	3	2835
1886	1	3581
1381	3	1546
1152	1	3609
1344	3	2006
162	3	1645
964	3	2872
2327	3	1017
3539	3	3491
2152	1	3614
3232	3	1507
3482	1	3581
2360	1	3576
626	3	465
1669	1	3598
1966	3	1645
739	3	270
785	3	1698
1369	1	3589
1663	1	3700
2006	3	3546
2099	3	3437
1560	3	1380
247	1	3584
2144	1	3624
2868	3	1911
3208	1	3569
958	3	695
65	1	3581
3248	1	3601
2969	3	2495
2257	1	3614
1456	3	2521
2391	1	3568
1761	1	3586
3042	3	2453
164	3	3026
2209	3	285
777	3	2294
1400	1	3581
2249	1	3624
3473	3	964
1922	1	3568
3067	3	699
754	3	518
2127	1	3624
2247	3	1370
3100	3	1008
1874	1	3576
978	1	3572
120	3	2450
2171	3	1270
2164	3	3210
48	1	3581
916	3	561
1469	3	1546
3465	1	3766
3427	1	3620
536	1	3619
1247	3	1894
3231	1	3601
3402	3	3168
283	1	3571
501	3	1409
2366	3	2167
2931	1	3592
1893	3	307
343	1	3574
700	3	2291
61	3	1195
2374	1	3568
2762	1	3601
2303	3	742
377	3	742
2180	3	125
2422	1	3590
2507	3	2989
1383	1	3581
2068	3	2415
2901	1	3813
3297	1	3630
1770	3	2319
2677	3	1698
1234	2	3933
620	3	1853
864	3	749
2940	3	2167
2970	1	3574
3197	3	665
1089	3	1072
59	1	3659
1003	3	904
1444	3	72
735	1	3571
493	3	2005
1601	3	638
2036	3	2352
2347	3	944
797	3	2537
1360	3	571
1506	3	2375
3069	3	211
3214	1	3601
1822	3	1922
266	1	3571
1191	3	580
234	3	1706
2404	3	192
1148	1	3570
2981	3	2816
2357	1	3568
2406	3	105
1734	3	363
2411	3	1060
6	3	813
2450	3	2751
2844	1	3575
623	1	3767
3463	3	677
120	3	1645
879	2	3778
1106	1	3604
1579	1	3774
2462	1	3568
3404	3	1310
570	3	2291
249	1	3571
290	1	3634
1288	3	799
3432	1	3591
1541	3	668
1206	1	3582
3058	1	3574
387	3	358
1306	1	3587
1444	3	2300
1498	1	3601
545	1	3568
1407	3	2760
2707	3	3127
17	3	3365
509	3	944
2697	3	807
3104	3	2796
3341	3	471
2080	1	3591
2566	3	1345
3302	1	3601
689	1	3590
1432	3	1006
0	3	3015
2398	3	2522
578	3	1671
691	3	1476
1119	1	3568
1237	1	3574
1875	3	2504
1764	1	3819
2164	3	1250
2226	3	745
3041	1	3574
2294	1	3590
3083	3	553
3169	3	2794
1481	1	3601
1605	3	942
528	1	3568
3506	3	417
1120	1	3596
570	3	547
2201	3	2657
3087	3	2796
2693	1	3573
3515	1	3569
2332	1	3568
2855	3	824
372	1	3581
135	3	2216
161	3	1657
2764	3	102
322	3	2995
1102	1	3568
2069	1	3617
3146	1	3574
915	3	3437
1224	3	3261
2268	3	1219
2707	3	1383
98	1	3569
3425	3	301
2176	1	3581
2951	1	3616
3398	1	3591
2578	3	114
3405	3	1122
2434	3	1068
148	3	2022
1901	3	2070
2232	3	2649
2739	3	2014
885	1	3585
1707	1	3581
2168	1	3591
913	1	3636
269	1	3619
1990	1	3593
1794	1	3574
2135	1	3646
356	1	3612
1936	3	2810
3498	1	3569
2014	3	161
503	1	3578
1325	1	3574
1484	1	3700
3550	3	1935
1473	1	3601
1085	1	3568
3121	3	483
3129	1	3574
3131	3	904
1318	1	3645
2007	1	3569
81	1	3569
2681	1	3568
1195	1	3584
2017	1	3637
2135	3	2379
2649	3	2612
1600	1	3626
1343	1	3611
494	1	3568
1057	3	1637
1640	3	1658
582	1	3592
1418	3	3343
1777	1	3574
2312	1	3573
2979	3	2232
560	1	3586
1308	1	3574
3549	1	3679
2432	3	2629
574	1	3602
1291	3	3495
186	1	3569
3099	3	3079
1825	3	1743
2264	1	3581
1147	3	440
2566	3	1829
363	3	2253
2995	1	3572
960	1	3573
2365	1	3590
968	3	2855
509	3	2367
599	1	3568
969	3	1017
1981	3	2080
2544	3	114
2664	1	3568
1194	3	1340
2863	3	2079
2366	3	691
1873	3	3260
2275	3	322
2662	1	3840
2072	3	3388
2751	3	2853
3400	1	3581
2890	3	1345
3552	1	3593
2693	3	720
616	3	207
694	3	564
1124	3	2077
931	3	1221
2810	3	2014
1568	3	2825
523	1	3626
2522	3	2165
1588	3	2560
419	3	2965
1603	3	2273
2181	3	929
657	1	3580
2243	1	3569
3018	1	3604
2202	3	725
643	3	2856
2350	3	3549
2462	3	849
485	3	2438
622	1	3600
2488	1	3627
664	3	2652
978	3	3431
467	1	3644
816	3	1853
1872	1	3661
2799	3	1337
1276	3	904
540	1	3602
344	3	3464
3235	1	3584
3453	3	668
114	3	86
90	3	558
263	3	3163
2785	3	540
1122	1	3592
1768	3	2219
2405	1	3598
580	1	3634
2261	3	3269
489	3	1648
2031	1	3581
3228	1	3655
522	1	3574
285	3	2209
484	3	283
1344	1	3570
3292	3	461
2226	1	3569
2333	3	3549
3377	3	1507
1757	1	3569
95	3	2273
2113	3	592
109	1	3572
1608	3	1894
2147	3	1507
13	3	1719
538	3	2051
2687	3	2461
76	1	3627
3066	1	3572
3375	3	1779
3540	3	2156
2470	3	3067
598	1	3614
745	1	3580
371	3	283
405	1	3569
3127	3	2507
505	1	3574
519	1	3590
3499	3	2796
974	3	2456
2209	1	3569
36	1	3574
2566	3	3252
38	3	904
2101	1	3574
3506	1	3591
1233	3	867
1767	3	279
3375	3	2129
1865	3	371
1451	1	3659
1740	1	3569
3023	1	3575
1625	3	1089
2616	3	878
1393	1	3599
180	3	1979
29	1	3645
510	1	3569
2914	3	603
3237	3	3519
2120	3	2749
836	1	3575
3097	1	3594
1570	3	3037
1694	3	1816
2648	3	1156
3207	3	683
671	3	2688
2089	3	3471
2314	1	3569
388	1	3569
266	3	2275
923	1	3568
712	3	2398
1310	1	3570
1929	3	308
2532	1	3580
502	1	3590
3218	3	1721
1805	3	1893
19	1	3574
841	1	3570
3365	3	2441
1021	3	1262
1692	3	1499
1378	3	3373
564	3	687
59	1	3606
493	1	3569
2130	3	2796
593	1	3574
1415	1	3570
1370	3	939
2499	3	1812
3372	1	3613
2297	1	3569
3072	1	3604
820	3	63
3217	1	3657
3470	3	2441
303	3	3104
1770	3	2616
1099	3	2935
130	3	1074
2	1	3574
2256	1	3634
2565	3	1841
3480	3	974
1569	3	2760
2108	1	3637
2418	3	2450
2989	1	3575
2918	3	749
2334	3	2195
2695	3	2935
476	1	3569
502	3	229
1742	3	1578
1143	3	3137
2656	3	105
934	3	2352
290	1	3581
3096	3	330
3387	3	3351
2355	1	3581
2864	3	2522
542	1	3598
1825	1	3604
242	1	3589
1017	1	3624
807	1	3570
581	1	3569
690	1	3568
1164	1	3590
1677	3	72
2721	1	3619
3200	3	505
984	3	917
13	3	109
1340	3	2422
3343	1	3611
2494	1	3568
459	1	3569
1234	1	3604
1322	1	3628
1073	3	2914
2215	3	2462
2399	3	2722
3511	3	3234
3224	3	3237
964	3	1559
1166	3	695
328	3	1679
673	3	1012
3079	3	330
1516	1	3585
1486	3	3266
697	3	2613
1604	1	3609
2051	1	3584
125	1	3584
2077	3	2688
2269	2	3820
1657	3	2407
2518	3	2963
2105	3	2796
2799	1	3572
2890	3	3252
56	1	3598
673	1	3568
1141	3	2446
1464	3	1551
2418	3	1645
2451	1	3571
2209	3	2005
317	1	3783
1145	3	2969
2728	3	2439
3373	3	1955
2743	3	1973
2402	3	2989
530	1	3593
2652	3	2749
1547	1	3577
1846	3	571
1247	1	3568
336	3	2958
1137	3	2434
2310	3	1835
256	1	3581
3078	3	2722
146	1	3730
3384	3	665
778	1	3568
1587	1	3609
1889	3	1857
108	1	3584
78	3	3265
339	3	623
2449	3	1637
2719	3	2418
722	3	2929
2809	1	3619
3331	1	3606
3078	3	561
100	1	3594
2582	1	3568
3536	3	325
1665	3	1006
2717	3	2690
252	1	3761
1652	1	3577
2521	3	1917
912	3	2461
2450	3	3182
3232	3	2422
2862	1	3636
3023	3	1637
696	1	3600
3365	3	1770
2352	1	3573
2618	3	1224
213	1	3584
1618	1	3601
1230	1	3568
1929	3	3020
3313	3	444
1009	3	78
1135	1	3585
1797	3	125
761	1	3568
2714	3	679
1171	3	666
1270	1	3600
326	1	3574
2850	3	3354
3470	3	1770
3074	1	3600
1086	3	1134
1124	3	735
540	3	1017
193	3	3491
1863	3	2981
3099	3	3026
1391	3	1727
2409	1	3581
3080	1	3626
971	1	3619
1769	3	2470
3379	1	3604
1665	3	3234
494	3	528
744	1	3568
1894	1	3681
1767	3	2186
2291	3	13
123	3	1784
492	1	3581
262	1	3613
2799	3	2439
2914	3	2510
1227	3	3451
2010	2	4005
1923	3	3277
1706	1	3601
110	1	3574
2609	3	2856
1084	3	1211
74	3	196
849	1	3568
974	3	2269
1769	3	376
2288	1	3591
1881	3	1648
897	1	3590
687	3	3026
2180	1	3596
491	3	2253
2736	1	3570
2848	3	2107
2941	3	1979
3175	2	3780
203	3	2404
2912	1	3840
1291	3	1698
2528	3	1248
574	3	188
1324	1	3624
2388	1	3569
1227	3	1357
3459	3	483
3463	1	3613
1312	3	2582
1187	3	2264
767	1	3600
2653	3	1924
2503	3	506
2295	3	1472
167	1	3582
1632	3	2709
93	1	3574
2801	1	3568
1349	1	3590
2743	3	363
2940	3	988
3491	3	761
1797	1	3569
2633	3	2566
3046	1	3626
557	3	3221
2352	3	720
580	1	3581
672	3	2939
1403	3	2566
1671	1	3573
870	3	1316
1835	3	1317
583	3	2073
2509	3	2827
3493	1	3574
1937	1	3606
2371	1	3569
2498	3	3463
2906	1	3568
691	3	2041
1987	3	2059
3535	3	793
3425	3	188
1043	3	696
2923	3	3240
2002	1	3574
76	1	3574
2195	1	3649
1032	1	3581
1854	1	3577
2853	3	3402
1099	3	2748
1554	1	3568
2476	1	3569
1386	3	2566
3171	3	2862
3437	3	440
650	1	3574
3358	1	3568
1966	3	1889
555	1	3591
969	3	1448
1330	1	3626
3216	1	3624
2354	1	3569
1247	3	3293
3142	1	3616
181	1	3574
2067	1	3572
963	1	3568
1754	3	1551
2154	3	2672
1912	3	279
807	3	3079
1451	1	3606
1945	3	3032
1885	1	3569
1959	1	3577
3317	1	3633
323	3	558
980	3	3240
1344	3	2600
1220	3	623
1730	1	3613
1985	1	3574
2578	3	679
147	1	3598
655	1	3569
2724	3	3237
2522	3	1657
2927	3	1316
3242	1	3594
1537	1	3568
2942	1	3585
1689	3	398
1387	3	533
907	3	51
1951	1	3598
2459	1	3569
1606	3	3402
1265	3	3330
246	1	3572
929	3	3459
1068	1	3568
1213	3	1250
1455	1	3570
1651	1	3589
2566	3	3549
1990	1	3569
64	1	3569
3341	1	3568
3533	1	3582
3553	3	2232
3274	1	3636
164	1	3574
2872	1	3568
2853	3	1658
122	3	3304
1868	1	3569
2672	3	981
312	1	3601
3159	3	2857
2253	3	3360
651	1	3581
638	1	3569
936	3	3367
1656	3	1967
1742	1	3573
2082	1	3793
1685	3	1517
261	3	2927
432	3	2421
2442	1	3569
1589	3	3402
1051	1	3568
3010	3	1294
1678	3	1588
1526	1	3594
47	1	3569
1127	3	1462
1158	3	1104
2992	3	883
2256	1	3581
3257	1	3636
2077	2	3969
2108	1	3584
3330	1	3594
3351	3	2497
1625	1	3568
3030	1	3585
521	3	1193
3077	3	1929
173	3	3061
2544	3	679
2223	3	521
634	1	3581
621	1	3569
2547	1	3569
1109	3	270
2561	1	3585
3370	1	3626
1064	3	976
1597	3	1062
2365	3	1949
2221	1	3574
2794	3	2856
2386	3	25
2111	3	1295
338	3	405
3372	3	1512
252	1	3574
1194	3	1316
1034	1	3568
1654	3	720
2513	1	3593
1028	1	3670
387	1	3589
1209	1	3585
2294	3	1679
3182	3	1929
3240	1	3636
1829	3	384
2091	1	3584
759	1	3878
517	3	2312
1160	3	3060
1791	1	3575
1608	1	3568
1432	3	3344
1504	1	3578
1589	3	1658
2298	3	1849
1622	1	3584
2471	1	3627
2732	3	1812
3437	3	1863
1401	3	2167
1172	3	540
49	3	2373
392	1	3584
824	3	2408
71	3	1055
3053	1	3617
3360	3	1157
2029	3	1704
2541	3	1270
2561	3	3257
2155	3	184
1768	3	1845
1040	3	3491
120	3	2239
224	3	2037
2675	3	1224
232	3	3511
613	1	3569
1158	3	299
1863	3	2794
1896	1	3575
1901	3	86
1979	3	2337
289	3	2005
2814	3	3099
2013	3	1179
3077	3	1124
246	3	1658
383	1	3574
2309	1	3574
1605	1	3584
3471	1	3611
582	1	3702
1252	3	2880
702	1	3640
1512	3	3004
375	1	3584
1474	3	2858
3036	1	3617
2006	3	86
1022	3	3238
1160	3	1316
2671	3	3488
2890	3	3549
721	3	2815
2672	3	2404
3480	3	466
2665	1	3709
998	1	3637
452	3	375
596	1	3569
1338	3	1678
1588	3	1381
1879	1	3575
1175	1	3585
1507	3	2578
488	1	3574
2037	3	303
2332	3	2919
2761	1	3574
1410	1	3575
2775	1	3590
1323	1	3612
294	3	687
431	3	3238
406	1	3576
2292	1	3574
2245	1	3613
586	3	2958
1069	2	3913
1689	3	3110
1821	3	2454
2981	3	161
3141	1	3617
1288	1	3575
1816	3	1089
3037	3	1600
2147	3	2422
2284	1	3584
1101	3	1000
3505	1	3742
58	1	3575
3080	3	78
349	3	3061
1649	1	3765
1796	3	394
2585	3	1801
1311	3	465
1368	3	1639
954	1	3590
1291	3	2450
1428	1	3612
2560	3	2421
2907	1	3637
471	1	3574
1845	3	2332
315	3	3085
2070	3	1901
1012	3	1073
271	1	3570
3366	3	229
3124	1	3617
1167	1	3585
2022	3	745
2259	3	493
2267	1	3584
3075	3	3035
3044	3	949
3104	3	3067
1981	1	3591
423	3	1740
1142	3	2352
1799	1	3645
964	1	3637
1567	1	3572
1912	3	2186
577	3	854
2563	1	3581
637	1	3581
454	1	3574
1600	3	1664
2320	1	3601
929	1	3600
897	3	981
1851	1	3601
3290	1	3624
2045	3	1911
3182	3	1258
3227	3	3026
1211	1	3581
1875	3	3232
3097	3	3242
247	1	3641
1672	1	3572
1763	3	1179
2758	3	3026
309	3	2607
2799	3	2736
600	1	3637
1848	1	3842
232	3	1901
1291	3	1645
3476	1	3572
543	3	493
3511	3	2510
3537	1	3568
720	3	2693
2277	3	69
2363	1	3574
2212	3	1040
2691	1	3634
333	1	3584
1805	3	714
262	3	1512
363	3	403
578	3	305
1704	3	1997
151	1	3581
1854	3	3062
369	3	665
2820	3	1751
679	3	2815
561	3	2399
2946	1	3568
2586	3	832
1358	3	1116
2864	3	3087
2623	3	1300
3120	1	3581
571	3	376
2515	3	2097
2868	3	3257
3308	3	674
405	3	1658
3512	3	2167
102	3	1130
1010	3	1115
215	3	1901
1704	3	2347
2642	3	2122
567	3	556
2229	1	3572
1133	3	951
1947	3	1193
3051	1	3568
114	3	330
1299	1	3581
2047	1	3569
2521	1	3591
524	3	765
2974	3	1245
2929	1	3568
830	1	3581
3170	3	2192
3478	1	3602
1573	3	1751
2422	3	687
757	1	3634
1620	3	3432
674	3	295
2817	1	3588
1893	3	714
3156	1	3568
566	1	3637
1422	3	1211
3320	3	224
3503	1	3568
576	3	2441
2567	3	1679
594	3	964
609	3	2750
518	1	3645
3034	1	3568
908	3	1917
54	3	1673
3206	3	3196
2043	1	3581
2879	1	3612
2281	3	3406
1344	3	2547
3085	3	2435
2846	1	3724
813	1	3581
308	3	1546
3102	3	3371
1124	3	2455
1944	3	3504
2978	1	3586
785	3	2239
2617	1	3581
2604	1	3569
4	1	3570
897	3	2404
1640	3	292
1213	1	3568
2521	3	2482
3139	1	3568
802	3	3175
2135	1	3569
2419	3	497
128	3	3149
3017	1	3568
2935	3	3087
831	1	3618
1180	3	1827
1320	3	1679
2489	3	3173
70	1	3599
2969	3	592
1787	1	3568
1222	3	2143
1223	3	2557
3214	3	1795
796	1	3581
28	3	1077
1379	1	3602
1382	3	1538
2374	3	422
3371	3	109
2797	3	1623
197	3	3287
2022	1	3569
1913	3	2707
1196	1	3568
198	3	3348
3122	1	3568
2189	3	687
3473	3	2444
2118	1	3569
438	3	3205
673	3	1122
667	1	3652
3000	1	3568
2957	1	3574
1070	3	2690
3088	1	3592
2262	3	3472
3445	1	3612
2585	3	325
2558	1	3615
1147	3	363
1469	3	3026
2258	1	3606
1839	3	3402
3397	3	3283
3054	3	100
3102	3	2566
158	3	1797
2366	1	3574
987	3	2661
206	3	2728
928	1	3612
2258	3	1208
2318	3	1935
1779	1	3568
1536	3	251
1890	3	1089
1877	1	3660
3105	1	3568
775	1	3569
2773	3	1694
744	3	1146
2940	1	3574
2408	3	1492
502	3	473
1843	1	3684
255	1	3660
3533	1	3663
3158	1	3585
1188	1	3568
1649	1	3578
2471	1	3574
3226	3	5
2492	3	33
3269	3	3179
2613	3	558
2903	3	2973
2773	3	493
1845	3	2145
2349	1	3574
2490	3	2749
2753	3	3218
2313	3	196
66	3	1357
1934	3	331
816	3	2365
468	3	1072
1880	1	3574
2126	3	3210
634	3	2419
758	1	3569
2678	3	3179
2489	1	3611
2497	3	1748
2923	1	3574
1106	3	1747
2618	3	2273
691	3	1667
2754	1	3583
3224	3	3481
95	3	1846
1804	3	1486
2454	1	3574
3321	3	2967
2850	3	3464
1332	1	3569
1957	3	3013
2543	3	2234
3004	3	3332
396	3	2434
2569	3	511
121	3	1452
574	1	3659
17	3	1462
863	1	3569
1598	1	3602
1769	3	3169
1225	3	854
2928	1	3569
1745	1	3568
3028	1	3574
3009	3	1664
368	1	3602
1505	3	2612
499	1	3620
741	1	3569
3200	3	2038
886	1	3622
3225	3	3317
1296	3	720
633	1	3574
2144	3	157
2559	1	3574
1849	3	1160
2097	3	17
3069	3	3330
3311	3	3279
2820	3	1089
2437	1	3574
1315	1	3569
2799	3	105
2578	3	305
2935	3	2416
2429	1	3584
1437	3	818
1588	3	1678
846	1	3569
1497	3	2454
1621	1	3604
1754	3	2116
1052	3	3146
427	3	3365
3080	3	25
1728	1	3568
3011	1	3574
1617	3	683
2014	3	2796
724	1	3569
1476	3	1345
2725	1	3581
300	3	2410
2542	1	3574
616	1	3574
3023	3	1881
1420	1	3569
3167	3	574
2595	3	2180
3365	3	2014
3495	3	691
29	1	3568
140	3	1089
2052	3	471
1309	3	331
2603	1	3581
2283	3	1658
2420	1	3574
2716	3	3459
1326	3	1620
1564	3	3062
1459	3	2658
1203	1	3586
1190	1	3574
1312	1	3585
2510	3	2648
790	3	25
1657	3	1846
2618	3	2407
2834	3	1195
2762	3	1854
1432	3	742
1977	3	3061
1583	3	322
2070	3	2198
3082	1	3598
3008	1	3590
2616	3	2679
2769	3	3297
1256	1	3603
2525	1	3574
1710	3	1109
495	1	3584
3427	3	2223
2198	3	1901
12	1	3568
2360	1	3580
2299	1	3584
1388	3	1829
2329	3	403
1769	3	270
2054	3	1673
2821	1	3571
2454	3	2441
2716	3	2304
673	3	1740
1891	1	3580
492	1	3825
1077	3	1368
2308	3	1546
2865	3	2937
1658	3	3549
1770	3	95
443	1	3772
745	3	2020
1651	3	3237
3065	1	3598
1981	3	3210
255	3	3035
2691	1	3581
2623	3	308
1182	1	3574
3114	3	1445
3102	3	3184
478	1	3584
2549	1	3637
2333	3	1512
3489	3	2432
2504	3	1006
178	1	3575
370	1	3589
289	1	3679
1400	1	3585
1710	3	2398
2355	3	194
2769	3	2142
1640	3	105
98	3	3351
2290	3	1721
2508	3	1176
67	3	511
1164	3	3209
1224	3	1492
1052	1	3584
3142	3	1328
1344	3	266
1732	1	3636
3280	1	3850
48	1	3585
2291	3	1546
2639	1	3769
2410	3	878
583	1	3584
1187	3	2508
2437	3	1660
1387	3	643
3504	3	2124
388	1	3626
2640	3	295
3523	1	3624
1165	1	3574
1651	1	3699
3196	1	3568
2730	3	1740
380	1	3636
827	1	3611
1016	3	735
308	3	204
3272	3	1462
1300	3	3252
2714	1	3613
2007	3	3351
1194	3	3170
2120	3	712
699	3	376
3402	3	3522
1904	3	1924
1753	1	3590
1221	3	363
493	1	3626
2338	3	1133
419	1	3618
866	1	3593
2470	3	2319
2608	3	750
2780	3	2749
1624	3	3549
403	3	2981
566	1	3584
574	3	1721
2439	1	3570
187	3	29
1088	1	3571
3510	3	2736
2147	3	1698
2909	3	2304
354	3	1982
2223	1	3618
3429	3	2435
2448	3	604
1148	1	3574
3179	1	3568
1162	1	3590
1678	3	1698
2985	3	125
831	3	2322
1140	1	3584
2094	3	3149
2057	3	2855
3470	3	3437
2510	3	1038
2773	3	1507
1414	3	1754
2498	3	1613
3537	3	1443
155	3	2204
1106	1	3608
1153	1	3569
1204	3	363
1350	3	2167
1928	1	3604
2100	3	3232
2945	3	251
2165	3	571
102	1	3609
1476	3	1613
2030	3	939
3284	1	3568
3552	3	1712
2012	3	2972
2255	3	1262
1336	3	1370
2327	3	1913
1538	1	3843
910	1	3774
1206	1	3586
3162	1	3568
2139	1	3686
949	1	3571
117	3	745
1753	3	229
723	1	3570
2004	3	2437
2081	3	1626
2974	3	387
3260	3	2396
1645	1	3571
941	1	3581
161	3	2816
81	3	102
347	3	3342
1539	3	1698
2238	1	3660
2831	3	765
2167	3	1588
3171	1	3568
1136	1	3569
1485	3	1778
355	1	3636
1564	1	3634
1854	3	460
1965	3	2816
607	1	3596
50	3	645
3315	1	3590
1350	3	1012
457	3	561
2001	3	3234
20	1	3590
3305	3	1316
755	1	3623
1380	3	3067
1630	3	2770
1330	3	2761
3334	3	2765
602	1	3580
4	3	156
576	3	2522
2783	3	548
1235	3	2808
2253	3	571
2675	3	2273
3547	3	131
2545	3	2842
2204	3	2770
785	3	1381
3154	1	3568
3371	3	1345
83	1	3675
91	3	1812
449	3	1157
2041	1	3570
115	1	3570
2152	3	3343
1924	1	3568
2623	3	3020
2654	3	3416
3289	3	438
86	3	2167
920	1	3569
2868	3	2533
2533	3	3488
1902	3	2680
2507	3	1383
511	3	2679
1759	3	2130
774	3	704
790	3	1932
1275	3	363
120	3	1194
1333	1	3568
1826	3	136
1081	3	2509
2616	1	3574
2914	3	3372
2297	3	1712
3454	3	3238
1088	3	3377
1797	3	3215
2764	1	3601
241	3	29
1648	3	3157
2786	3	3110
3513	3	2578
1689	3	3220
1826	3	3519
922	3	2215
2014	3	3548
1088	3	344
209	3	1073
903	1	3569
2829	1	3569
203	3	3266
1438	1	3568
3170	3	879
3476	3	1150
86	3	1012
1291	3	2560
2853	3	2036
2973	1	3591
1278	3	687
2481	1	3568
1871	3	1883
1846	3	2856
2599	1	3574
2653	3	2786
2012	1	3568
86	1	3568
1382	1	3586
2747	1	3601
2677	3	1381
574	1	3606
1816	3	3077
561	3	3314
1901	3	330
2033	3	27
364	3	1935
640	3	1833
2190	1	3577
3086	1	3581
1675	1	3666
2259	3	603
1890	1	3568
3527	3	1075
2082	3	1211
2943	3	1414
3087	3	1769
3102	3	2647
2812	1	3569
886	1	3569
1421	1	3568
1050	3	1487
196	3	1243
1063	3	2253
3423	3	2216
1775	1	3644
2222	1	3619
1446	3	550
3180	3	3381
639	1	3604
2842	3	3226
3072	3	942
884	1	3662
69	1	3568
1995	1	3568
629	3	3229
3400	1	3585
3437	3	363
991	1	3569
3535	3	455
3069	1	3581
908	3	2482
2801	3	130
1873	1	3568
3125	3	2649
1286	3	979
1031	1	3601
1397	3	1083
1431	1	3615
1404	1	3568
2405	3	2359
1934	3	2856
2523	3	1611
1210	3	125
2687	1	3574
474	1	3577
1913	1	3600
2007	3	2814
174	1	3568
917	3	984
3380	3	331
622	1	3604
1444	1	3600
2057	3	440
2308	3	2648
2319	3	303
1381	3	3002
777	3	2461
1978	1	3568
52	1	3568
2852	3	3273
3018	3	1402
540	1	3606
974	1	3569
3414	3	465
1062	1	3593
1588	3	2914
749	3	3292
92	1	3600
2574	1	3574
1322	3	1747
3366	3	473
1113	3	2107
2408	3	2273
3386	1	3724
1344	1	3574
1350	3	691
50	1	3661
1260	3	2827
2670	1	3574
1570	3	813
662	3	649
157	1	3568
1486	3	558
598	3	308
1354	3	861
1291	3	3044
2518	1	3592
2539	3	2495
2444	1	3584
1337	3	3308
1516	3	2613
2663	3	308
1902	1	3626
2842	3	2421
3224	1	3839
3293	1	3627
3074	3	804
25	3	1883
753	1	3574
814	3	3290
2108	3	951
2353	3	3261
1816	3	3561
464	3	2622
1746	3	1268
2557	1	3574
2072	1	3645
405	1	3573
2140	3	418
453	3	1359
2974	3	2294
361	3	384
1327	1	3574
2102	1	3609
2995	1	4060
3234	3	2418
1493	3	86
140	1	3568
1009	3	1908
202	3	2534
2773	3	2259
736	1	3574
1309	3	2856
728	1	3584
1557	3	23
1984	1	3600
658	3	3263
2097	3	1387
2963	3	2545
3136	1	3569
1998	1	3616
2603	3	3146
980	1	3601
95	3	533
2283	3	1150
1651	1	3646
1310	1	3574
2751	3	308
2337	3	1979
1708	3	2411
530	3	557
1674	3	3216
1141	1	3583
1189	3	2533
1438	3	1630
1065	3	1310
1690	1	3617
86	3	691
841	1	3574
2012	3	691
973	1	3672
2280	1	3597
3495	3	1122
232	3	51
1559	3	465
929	3	483
870	3	1507
2408	3	2407
2435	3	2454
3485	3	465
3520	3	2165
1884	1	3574
2076	1	3588
719	1	3574
742	3	3497
2010	3	2862
3175	3	1698
1085	1	3601
1986	3	2189
152	3	720
1415	1	3574
2197	1	3568
711	1	3584
3522	3	1698
2566	3	1512
2041	3	3079
3119	1	3569
3127	3	1706
385	1	3589
1634	1	3646
1293	1	3574
3234	3	1613
1184	3	3046
1678	3	1645
1198	1	3591
1140	3	194
2954	3	3238
824	1	3574
1512	3	2927
2167	3	246
2301	3	1890
2470	3	2616
2885	1	3589
3261	3	1492
3248	3	1480
432	3	384
1398	1	3574
1993	2	3744
1379	3	1664
1165	3	1823
633	3	1179
3102	1	3569
1217	1	3632
285	3	603
548	3	1072
142	1	3588
2665	3	1234
2935	3	2981
1317	1	3637
3020	1	3571
1064	1	3589
728	1	3718
2406	3	1345
3010	3	2640
807	1	3574
1678	3	2934
2209	3	720
1310	3	2815
534	1	3612
2768	1	3584
1113	3	1436
2199	3	63
228	3	2459
530	3	3135
643	3	95
215	3	1340
2116	3	3067
2338	3	275
3207	1	3569
1281	1	3569
1872	3	1727
258	3	2070
2078	3	669
2230	1	3617
1495	1	3793
5	3	2578
3096	3	1623
2755	3	1551
344	3	114
613	1	3626
4	3	2547
2190	3	53
411	1	3709
1445	3	174
1969	1	3590
2759	3	1721
1224	3	2273
2523	3	135
2459	3	1712
2649	3	2779
496	3	1418
2099	3	3067
94	3	1350
1921	1	3598
1264	1	3569
483	3	299
83	1	3622
2152	3	3290
45	3	3549
3105	3	125
3190	1	3569
1754	3	937
630	1	3602
2069	1	3568
3149	3	1461
335	3	1211
1152	1	3589
2945	3	2776
2820	3	385
831	3	1814
2709	1	3618
531	3	1805
2134	3	3454
2645	3	1660
1534	3	2508
1706	3	1854
2613	1	3604
3137	1	3683
1505	3	2722
3238	3	2856
2505	3	3137
26	1	3590
1102	3	2976
2455	3	2831
1560	3	1360
561	1	3589
1363	1	3671
1652	1	3581
3362	1	3827
458	3	3342
937	3	1492
1181	1	3725
2909	1	3601
1427	3	3304
1086	3	3232
696	1	3604
2767	1	3657
3248	1	3581
180	3	1662
129	3	3194
941	3	325
2421	3	603
139	1	3580
2052	1	3568
1705	3	1598
3184	3	1623
3348	1	3586
67	3	3520
603	3	1507
2030	3	1370
835	1	3580
2300	3	2707
1381	3	2815
2839	1	3584
3438	3	1496
3443	3	2508
825	3	3205
279	1	3617
3369	3	292
3461	1	3576
3416	3	945
3462	1	3637
1624	3	2236
1566	1	3793
1021	3	945
2376	3	3157
2408	3	2086
2521	3	3210
3231	1	3581
2116	3	3551
1774	3	2119
826	1	3570
1018	1	3584
2720	3	1648
2035	1	3568
2931	1	3572
718	1	3575
1073	3	3402
1243	3	1536
897	3	99
1988	3	91
2422	1	3570
2560	3	384
1142	3	2409
1845	3	295
3263	3	1078
3344	1	3571
3510	3	105
3036	3	471
3488	3	647
1906	1	3609
2997	1	3601
3537	3	130
2335	3	1000
9	1	3569
107	1	3661
640	3	2130
2440	1	3577
255	3	2795
2739	3	571
2749	3	1784
2140	1	3568
2359	3	3157
1671	3	1395
2188	1	3590
1770	3	3238
3110	1	3591
1546	3	2566
2914	1	3572
839	3	389
2736	1	3574
2193	3	2749
2816	3	699
2981	3	2796
659	3	299
2604	3	2434
2687	3	3567
98	3	78
1025	3	1091
633	3	1797
3536	3	813
1422	3	3012
2123	1	3568
1021	3	140
3420	1	3647
2402	3	1383
2763	1	3618
1614	1	3919
1871	1	3581
738	2	3875
2646	1	3616
1701	3	1912
2045	3	3257
376	3	2165
1486	1	3657
2045	3	813
580	1	3585
602	3	3094
506	1	3577
1972	3	3310
1849	3	2693
3064	3	1835
294	3	2167
3342	3	482
2463	3	1211
1340	3	3044
2989	3	2149
3206	1	3581
3135	3	3459
302	1	3568
3193	1	3569
1658	3	2504
2598	3	664
2684	3	2495
2522	3	2816
432	3	2291
2494	1	3601
2719	3	1751
559	3	2522
342	1	3600
2824	1	3574
3548	3	363
2669	3	338
2322	3	2812
1093	3	2490
1854	1	3581
3478	1	3659
109	3	2815
2703	3	843
3184	3	13
1123	1	3718
1385	1	3581
2081	3	3480
2406	3	3252
376	3	3454
3068	1	3601
3069	3	325
1472	1	3574
3387	3	2229
14	3	1698
2827	3	2096
2177	3	3288
1960	1	3612
2592	3	1116
3214	1	3715
3446	3	3259
483	3	917
1003	1	3574
963	1	3572
2259	1	3590
294	3	1012
1959	1	3581
348	3	1841
2799	3	2927
433	1	3595
1151	1	3601
2881	1	3582
2807	1	3574
377	3	2145
576	3	3437
3250	3	3306
1286	3	471
694	3	3443
2935	3	2794
1963	3	2134
1837	1	3581
2198	3	51
294	1	3568
2359	1	3568
658	3	3210
3281	1	3569
2604	1	3626
979	2	3897
1455	1	3574
879	3	330
1134	3	1045
138	1	3581
1478	3	670
538	1	3595
3232	3	3044
3381	1	3574
166	3	3352
868	1	3568
2478	3	2748
2618	3	1846
1146	3	969
1391	3	471
2751	3	1194
110	3	2795
242	1	3756
1721	3	91
2096	3	1078
2308	3	3079
2963	3	2842
651	1	3585
1460	1	3569
1473	1	3581
3443	3	3126
2940	3	1476
1014	3	1476
711	3	194
277	1	3568
2636	1	3679
668	3	3257
1720	3	969
2041	3	3026
1157	3	491
2259	3	229
248	3	1812
2161	3	1800
2622	3	2955
3264	1	3569
421	1	3590
2644	3	1637
2985	3	2463
1303	1	3942
121	1	3581
95	3	1769
1219	3	2441
1424	3	1130
582	1	3572
851	1	3568
288	3	1844
2897	3	904
250	3	1698
3330	1	3598
2447	1	3568
3440	3	687
3369	1	3569
1917	1	3591
341	3	3551
1156	1	3572
260	1	3568
1543	1	3574
3391	3	2533
1747	3	1377
3547	1	3578
2690	3	3062
3247	1	3569
2881	1	3716
1074	1	3574
2283	3	292
1856	1	3568
3375	3	1625
104	1	3581
3232	3	2239
775	1	3626
1860	3	2474
3062	3	497
1894	3	1316
2422	3	2167
2454	3	3169
1023	3	3519
3277	3	3226
1475	1	3622
1476	3	1857
2430	1	3568
3476	3	3354
2871	1	3645
3352	1	3569
232	3	2576
1506	1	3839
1092	1	3611
2881	3	2449
2920	3	1492
642	3	3011
13	3	3443
2909	3	1393
749	3	2918
338	3	1698
2466	3	1588
87	1	3581
308	3	3026
3270	1	3601
86	3	1122
1302	3	325
692	3	2330
2774	3	38
1099	3	1492
2413	1	3568
2751	3	1678
366	3	436
2534	1	3901
2464	3	2435
2482	3	3402
1122	1	3572
330	3	2647
648	3	1179
233	1	3644
3085	3	1821
1598	1	3659
765	3	1507
2928	1	3626
2258	3	460
3064	3	3392
3387	3	2497
2626	3	226
2406	3	2931
191	3	3021
1418	1	3569
2975	3	2526
3101	1	3589
165	3	1136
1183	3	1726
95	3	2253
1342	3	1852
733	1	3636
406	1	3580
3114	1	3574
1934	3	2616
1992	1	3569
2628	3	668
2767	1	3604
988	1	3570
2981	3	3548
1910	1	3571
2916	1	3827
2365	3	2437
270	3	2856
2151	3	2596
1428	1	3616
2454	3	270
207	3	1431
3442	1	3584
1800	3	568
3566	1	3574
171	1	3569
1346	1	3618
54	3	3287
785	3	2914
2569	3	2796
271	1	3574
3261	3	2273
1053	1	3568
3097	1	3574
3558	1	3584
1975	1	3569
2942	1	3618
3540	3	981
584	1	3568
715	3	3076
1097	1	3740
1867	1	3574
2556	3	161
2229	3	105
3300	3	3362
2145	3	251
276	1	3569
1294	3	469
1177	3	1804
2563	1	3585
1965	3	161
1276	1	3574
3452	3	1660
154	1	3569
805	3	2454
929	1	3604
2229	2	4017
1846	3	67
939	3	2408
1721	3	1648
1395	3	2198
1958	1	3569
3241	1	3575
3431	3	2450
3555	1	3600
2854	3	792
870	3	2422
1850	1	3574
1961	3	341
2591	1	3660
2030	3	2956
2625	1	3609
3229	3	2533
1489	1	3569
1481	2	3804
1904	3	2786
1124	3	1386
2919	3	204
2640	3	1507
855	3	1019
2644	3	3194
259	1	3569
3374	3	2215
1014	3	0
1586	1	3630
1936	3	2253
1856	3	1630
2704	3	1067
2856	3	2398
261	3	1455
1122	3	1658
1259	1	3574
2405	3	1664
2588	3	564
1387	3	2794
137	1	3569
2063	1	3569
3183	2	4071
1678	3	2560
1913	3	1288
3475	1	3626
691	3	114
1434	1	3591
643	3	2165
430	1	3649
1157	3	2398
663	1	3726
2029	1	3593
271	3	2815
1833	1	3574
1729	1	3584
1230	3	3110
1073	3	2544
1046	3	2497
1486	1	3604
3104	3	1784
3261	3	2407
1949	3	925
1345	3	384
720	3	603
242	1	3569
2461	1	3828
2556	3	2739
3186	3	2721
598	3	2646
1934	3	67
1124	1	3568
2321	3	1214
208	1	3593
2121	1	3581
2149	3	3352
3478	1	3606
1297	3	2611
344	3	679
1539	3	2560
456	1	3568
806	3	3194
2810	3	3551
320	3	1905
3187	3	305
2167	3	2450
3336	1	3662
1656	3	2134
3409	1	3620
3456	1	3581
3549	3	135
2484	3	1304
2260	1	3568
225	1	3569
941	3	2045
1437	3	2648
2765	3	1224
229	3	402
67	3	2796
648	3	1797
295	3	3464
2300	1	3600
2431	1	3637
191	1	3593
144	1	3632
1612	3	2312
351	3	3061
1403	3	773
2043	1	3585
2104	1	3581
2283	3	105
267	3	1487
813	1	3585
1164	3	2461
2780	3	712
1333	3	935
3403	3	1546
1695	1	3584
961	1	3612
1291	3	1194
1709	1	3600
1079	1	3618
1639	3	2134
1513	1	3581
2170	1	3610
4	1	3574
1923	3	679
2317	1	3576
2934	3	1546
674	3	1588
5	3	1399
2665	3	1933
3528	3	3348
1643	3	2304
3291	3	2753
1916	3	750
643	3	3238
3289	3	2239
1464	3	376
3312	3	1527
649	1	3619
908	3	3210
1678	3	3044
210	3	674
2669	1	3571
3294	3	3015
128	3	120
371	3	1820
1194	3	2422
1278	1	3570
423	3	484
1549	3	2176
56	3	25
319	3	494
1751	3	3002
1766	1	3608
2167	3	1645
3157	1	3609
3483	1	3577
1496	1	3581
2117	3	2484
508	3	1883
2189	3	691
870	3	1751
1936	3	643
996	1	3568
3074	1	3580
1038	3	547
2266	1	3600
580	3	1810
3041	1	3635
527	1	3568
1000	1	3738
3175	1	3589
3193	3	1040
2648	3	2693
32	1	3601
1986	3	3372
1678	3	1889
2112	3	745
765	3	2259
3060	3	3385
1398	3	3514
2198	3	2576
215	3	295
445	1	3600
2069	1	3678
257	3	964
283	3	405
2175	1	3581
981	3	3342
132	3	3299
2773	3	1698
2842	3	3149
1298	1	3813
2915	3	299
1518	2	3962
3475	1	3577
3401	1	3569
1949	1	3591
1709	3	1528
1388	3	3443
75	1	3574
2697	3	63
1160	3	2422
1617	1	3890
3046	3	2363
3497	1	3569
761	3	3378
39	3	1667
807	3	481
2884	1	3577
1747	3	2613
1218	3	1330
338	3	1645
3039	3	2434
2341	1	3588
2408	3	1846
911	3	100
1088	3	401
1345	3	63
1424	1	3609
903	1	3626
2931	3	3405
1150	3	2704
2253	3	2856
420	1	3610
1380	3	2319
3008	3	904
2872	3	666
2502	1	3568
3384	1	3569
691	3	1671
863	3	1017
3039	3	3373
1232	1	3568
3382	3	140
1700	3	2446
1935	3	363
3492	3	745
2608	3	3519
3429	3	1821
2154	1	3569
702	1	3591
3252	3	3183
2163	3	1959
2439	3	3002
1150	1	3570
1093	3	2116
1953	3	1713
2767	3	56
3170	3	1875
1917	3	2779
2956	3	2590
2567	1	3568
641	1	3568
3299	1	3581
2398	3	3067
1637	1	3577
3076	3	3263
1563	1	3569
3155	3	3472
338	3	2934
3005	1	3701
346	1	3581
142	3	471
3184	3	578
1089	3	1751
2416	3	2165
2600	3	1671
3367	1	3569
3141	1	3568
3333	1	3582
1688	3	2647
2268	3	1414
2585	3	813
2584	3	207
3259	1	3574
2137	1	3569
956	3	3342
1220	1	3590
688	3	363
1968	1	3578
334	3	670
2101	3	191
2976	3	3237
846	1	3573
1668	1	3569
1805	3	531
2334	3	1988
2766	3	3183
2877	1	3624
777	1	3785
2103	1	3593
2550	1	3568
1184	3	1330
877	1	3790
1239	3	3519
798	1	3581
1546	1	3569
1320	1	3568
629	1	3590
2439	3	1258
316	1	3569
2977	1	3602
1072	3	1751
1936	3	2416
1253	3	912
3124	1	3568
3242	1	3574
1876	3	1336
2416	3	3454
2987	3	1242
1490	1	3587
2895	1	3604
867	3	382
3541	3	2288
729	1	3568
2125	3	1008
2500	1	3612
1651	1	3569
3294	3	250
753	3	136
1064	3	2700
2089	3	365
2919	3	2245
3455	1	3569
3447	2	3804
2150	3	3226
1677	3	804
1303	1	3568
3510	3	1667
1495	3	1211
865	3	1229
2410	3	1098
312	1	3581
2225	1	3569
319	3	1112
3528	3	1872
834	1	3568
1417	1	3589
2865	1	3619
3107	1	3568
3482	1	3589
245	3	2032
304	1	3591
1893	3	531
2151	3	799
2261	3	297
2952	3	275
483	3	3121
3121	1	3584
3225	1	3574
2638	1	3568
2384	3	2596
1496	3	3491
597	1	3671
2609	3	2165
67	3	2609
1634	1	3569
3467	3	2815
3504	3	3283
243	1	3568
1287	1	3599
1342	3	1344
115	3	3187
175	3	325
3212	1	3568
1286	1	3568
1327	1	3631
2470	3	95
2208	1	3569
1474	1	3597
646	3	2457
817	1	3568
3066	3	646
1640	3	109
3131	1	3631
2051	3	3049
1360	3	1734
2621	1	3568
2353	3	1224
2780	3	1464
2498	3	2422
1691	1	3577
2019	1	3637
1396	3	432
1617	1	3569
1929	3	3402
1391	1	3568
836	1	3636
2424	3	3342
431	3	640
493	3	135
387	1	3569
304	3	2482
1702	3	1278
3318	3	1602
448	3	1929
134	3	3049
540	3	460
3496	1	3581
1987	1	3574
2762	1	3609
3040	3	275
3406	3	3346
3153	3	3298
3427	3	1422
1853	3	2521
991	3	1712
800	1	3568
2515	3	2398
559	3	2416
2334	3	3411
1224	3	1846
1650	1	3672
2445	3	105
1722	1	3569
2399	3	2649
2799	3	943
3134	1	3898
2717	3	389
2796	3	2318
2979	1	3589
3006	1	3636
1521	3	376
2259	3	3372
159	3	3533
1016	3	1678
3489	3	692
1374	1	3568
3136	3	2359
3018	3	1943
2821	3	564
1886	3	3180
2108	3	1142
1970	1	3574
1051	1	3682
710	1	3610
212	3	2796
514	3	3472
626	3	18
1340	1	3592
2431	1	3584
1185	1	3636
1862	3	1962
783	1	3568
1929	3	1658
2262	1	3593
438	3	3372
1751	3	1660
2600	3	1350
1477	3	3183
1667	3	86
2758	3	78
1340	3	1194
598	3	849
2962	1	3589
2885	1	3646
2354	3	2170
1461	3	1719
3057	3	56
3099	3	725
1088	3	2308
720	3	2189
1437	3	501
3079	3	1546
149	1	3574
1576	3	3100
2094	3	120
3244	1	3570
1300	3	1512
1979	3	223
816	3	1243
1507	3	114
2628	1	3604
1953	1	3574
1475	3	422
3094	1	3636
730	3	3549
578	3	3184
723	1	3574
1484	1	3574
1945	1	3584
3535	3	1130
351	3	325
2815	3	86
941	1	3585
1258	3	1546
254	1	3574
207	1	3613
2527	1	3574
2645	1	3580
2372	1	3618
2983	3	1690
3023	3	2503
3167	3	1196
3194	3	1243
506	3	810
132	1	3574
954	1	3570
981	1	3617
2058	1	3574
824	3	2522
2269	3	3352
2707	3	102
1054	1	3575
2493	1	3598
3369	3	3351
777	3	3136
1000	3	2792
1743	3	1825
2307	3	465
2439	3	2815
2596	3	375
713	3	3549
2927	3	2853
3115	1	3590
706	1	3574
747	1	3637
345	1	3569
1120	1	3604
2450	1	3571
3232	3	1194
1150	3	423
237	1	3574
355	3	2373
2037	3	67
3332	1	3570
2524	1	3590
2716	1	3604
3028	3	3437
2613	3	2603
359	3	2543
2224	1	3581
2041	1	3574
115	1	3574
1432	3	2303
493	3	2497
1425	1	3608
2516	1	3600
2794	3	2165
2320	1	3581
2644	3	2820
2993	3	603
2187	3	1835
460	3	3127
694	3	438
255	1	3611
1990	3	456
2227	3	1292
2975	3	192
3271	1	3593
1722	3	2594
2636	3	1121
620	3	251
220	1	3574
2185	3	2107
2103	2	4008
1429	1	3572
2842	3	63
582	3	105
3211	1	3580
1340	3	1678
2312	3	86
2418	3	2995
3442	1	3594
1992	1	3679
2322	1	3652
517	3	2560
1738	1	3581
794	1	3574
2610	3	3194
1156	3	105
2794	3	3454
2610	3	750
2512	1	3585
2524	3	229
2473	3	1761
3303	1	3568
713	1	3637
1569	3	1211
2612	1	3590
3421	1	3574
3134	1	3577
386	1	3581
203	1	3574
2012	1	3572
86	1	3572
1461	3	109
2216	3	2129
1021	3	1002
825	3	229
2382	1	3595
873	1	3588
2712	1	3568
677	1	3569
1260	1	3590
337	3	2820
2544	3	2566
259	3	773
3006	3	917
1638	3	3248
3395	3	3276
1166	3	1240
2147	3	1381
3289	3	3020
674	3	3308
2246	3	3224
1266	1	3616
3000	3	666
2748	3	1224
1821	3	824
1578	3	3096
348	1	3785
2175	3	325
3286	1	3568
1073	1	3571
1265	1	3585
2295	1	3581
369	1	3581
2512	3	3257
2442	3	964
410	1	3644
891	1	3568
2817	1	3568
1083	3	1211
3232	3	1678
604	1	3571
926	3	645
3365	3	3470
3069	1	3585
2043	3	813
2813	3	647
2138	3	3061
3018	3	3500
81	3	1879
3544	1	3611
84	3	2398
136	3	3314
988	3	1258
1194	3	1698
262	3	687
848	1	3598
1465	1	3568
774	1	3590
1357	3	849
1193	3	2223
331	3	1414
3269	1	3568
3000	3	1955
603	3	1698
2680	1	3649
3127	1	3624
131	3	444
352	1	3581
1678	3	2670
2800	1	3568
3567	1	3849
2455	3	3372
1539	3	1381
1048	1	3581
3131	3	457
1331	3	2347
1141	3	1836
268	3	3372
2056	3	969
2678	1	3568
270	3	67
2793	1	3639
3536	3	1809
34	4	3253
3374	1	3568
1219	3	2014
549	3	1219
2739	3	2856
57	3	1196
241	3	1456
3173	3	1712
498	1	3644
979	1	3568
1959	3	3176
2276	1	3647
3157	3	248
3418	1	3571
483	3	3068
1148	3	2498
1568	3	1089
1496	3	3438
2783	1	3568
223	3	2708
401	3	262
3193	3	666
2436	1	3598
263	3	1077
526	3	1546
396	3	2869
1917	3	3210
1265	1	3719
1160	3	1698
667	1	3632
937	3	878
1549	3	647
1819	1	3601
3357	1	3568
2733	3	511
1847	3	3372
2741	1	3602
2545	3	3464
2927	3	438
3439	3	4
962	1	3568
2743	3	2652
1522	3	3229
1259	3	1262
3276	1	3631
743	3	745
2332	3	268
2766	1	3568
836	3	2690
3485	3	2563
1276	3	107
2505	1	3766
1537	3	1982
1536	1	3568
3481	3	1259
1728	3	3110
2161	3	568
1984	1	3604
3351	3	330
3352	3	744
3281	1	3626
1022	3	937
2132	1	3574
674	3	1698
582	3	723
1760	3	325
319	1	3591
251	3	1072
945	1	3568
466	3	974
2871	1	3568
180	3	2337
541	1	3569
2619	1	3581
3152	1	3581
275	3	3229
1640	3	1345
2376	1	3601
2706	1	3574
3528	1	3570
2398	3	1754
1900	3	1116
152	3	3168
219	3	2672
2237	1	3574
2810	3	2856
169	1	3630
1588	3	3402
2521	1	3839
3495	3	1476
1589	3	3463
1611	3	2145
2115	1	3574
2481	1	3601
68	3	1779
1247	3	2549
3290	3	861
1063	3	1936
2673	3	699
524	1	3569
2102	3	602
2602	1	3581
900	3	1472
1780	3	1911
1395	3	2576
1921	3	3514
1525	3	843
2689	1	3574
3511	1	3570
1219	3	3437
476	1	3577
2336	3	1706
1702	2	3982
1865	3	2957
2220	1	3574
3312	3	482
3305	3	2422
34	1	3624
3351	3	3497
2368	1	3601
666	1	3863
1265	3	2586
38	3	457
1664	1	3611
2098	1	3574
169	3	3302
2611	3	409
781	1	3581
215	3	405
1122	3	2036
1536	1	3702
324	2	3787
914	3	3002
1945	3	194
2139	1	3637
2278	3	2956
2469	3	465
2978	3	497
3261	3	1846
581	1	3577
1067	1	3702
507	1	3569
399	1	3574
1360	3	2165
2103	1	3569
2366	3	1667
2577	1	3591
2616	3	1370
751	3	259
1296	3	2578
2203	1	3574
2386	1	3581
1936	3	2981
2498	3	2853
3385	3	598
1081	1	3569
589	3	2300
1923	3	1862
2659	3	1747
2732	3	2812
2722	3	1246
764	1	3581
2677	1	3569
1863	3	2855
2940	3	1667
3359	3	2096
1383	3	3127
1494	1	3568
2777	1	3574
905	1	3649
1567	3	943
2791	1	3590
490	1	3569
3403	3	3079
2301	3	1089
3464	1	3592
382	1	3574
2310	3	904
909	3	482
2312	2	3969
3090	1	3568
2796	3	2749
530	1	3601
2175	3	2582
1904	3	2359
1261	3	1611
2186	1	3574
557	3	867
1005	1	3627
1589	3	564
2831	3	2005
595	1	3569
2782	1	3580
2660	1	3569
1696	3	292
1934	3	1734
2701	1	3632
3101	1	3646
886	1	3736
1434	3	3237
258	3	330
1669	1	3582
1913	3	861
2059	3	3018
2774	1	3590
2848	1	3598
2578	1	3571
1008	3	985
247	1	3568
2612	3	2294
2291	1	3574
365	1	3574
2470	3	3104
2726	1	3598
1288	1	3636
2836	3	687
668	3	1704
1435	1	3602
2874	1	3568
3348	1	3590
1135	1	3593
3102	3	720
2425	3	777
1854	3	2989
509	3	444
1835	1	3589
2239	1	3570
1417	3	3237
2690	2	3940
2127	1	3608
544	1	3593
1540	3	1019
1263	3	3342
244	1	3584
1414	3	95
470	3	1176
3558	1	3641
136	1	3589
951	3	2820
1975	1	3626
2797	3	2005
1271	1	3636
3231	1	3585
2109	1	3580
2048	1	3584
1486	3	375
402	3	2005
1082	3	3221
2342	3	933
502	1	3627
1700	3	2690
2422	1	3574
276	1	3626
5	3	3066
46	1	3658
202	1	3618
636	1	3581
1075	3	465
1734	3	2441
2075	1	3604
2448	1	3571
2504	3	2275
2287	3	2881
3020	3	2546
3189	1	3619
154	1	3626
765	3	1698
2441	3	2749
1134	3	2070
2440	1	3581
3234	3	1929
1706	1	3609
2850	3	679
1695	3	2264
1589	3	109
1044	3	1762
2545	3	3277
28	3	2748
1309	3	1734
3214	1	3585
2092	1	3580
2693	3	86
385	3	2005
401	1	3570
340	1	3574
1533	3	1625
2470	3	3238
2780	3	1224
2077	3	1086
2845	1	3590
815	1	3600
792	3	2095
619	1	3581
38	3	136
114	3	1546
2487	3	2275
1056	3	2625
2920	3	878
261	3	1512
2974	3	2461
131	3	2835
814	1	3569
1872	3	471
137	1	3626
3127	3	234
921	3	3549
914	1	3574
2945	1	3568
2192	3	2850
201	3	3259
1469	3	725
2271	3	2706
3382	3	2612
2941	3	2337
1017	3	3357
2351	3	2976
3435	3	936
492	3	2672
2312	3	517
2510	1	3574
1762	3	805
941	3	3257
2129	3	1072
3385	1	3614
384	1	3570
1660	3	1072
919	1	3569
367	3	1573
674	3	2450
2464	3	1821
2359	3	1417
2556	3	2796
2872	3	3488
3206	1	3585
2104	3	3176
2353	3	2273
1719	1	3570
650	3	1750
341	3	3071
603	3	2934
2047	1	3630
342	1	3604
1372	1	3600
1965	3	2796
715	1	3571
85	1	3589
3488	3	3229
1303	1	3812
420	2	3809
2493	1	3574
2534	1	3637
2968	1	3600
667	1	3579
2732	3	397
915	3	3071
902	1	3569
2294	1	3574
2707	3	1017
824	3	3437
1863	3	440
1225	3	647
1468	3	2347
1488	3	1116
702	3	982
938	3	650
820	1	3571
1261	3	2229
2004	3	1262
1597	3	936
2640	3	1698
2012	3	2736
1072	3	251
1702	1	3570
1995	3	3110
1709	3	1101
2006	3	765
955	1	3586
640	3	2618
594	1	3581
1108	3	669
2659	1	3581
3495	3	2578
3366	1	3680
3319	1	3719
815	3	1528
1678	3	2751
2651	1	3591
1160	3	2934
3479	3	0
885	1	3569
674	3	1645
414	3	2449
1279	3	1102
1690	1	3568
3064	1	3590
1936	3	2794
2316	3	821
1489	3	1712
2764	1	3581
2956	3	1224
551	1	3584
1006	3	2450
3215	3	2462
3445	3	178
577	1	3581
3452	3	1046
1134	3	1399
2623	3	1845
2600	3	305
3101	3	2216
1070	3	1812
2733	3	2097
2858	3	3381
2914	3	1258
1643	1	3604
2225	3	3054
2869	1	3581
121	1	3585
1291	3	96
2936	3	3559
1673	1	3568
3421	3	1179
769	3	1772
669	1	3569
2747	1	3581
3135	3	1997
2349	3	699
234	1	3575
2305	1	3628
621	1	3577
1628	1	3685
1399	3	2693
2561	1	3593
1931	1	3611
2365	1	3574
624	1	3686
3547	1	3582
2216	3	3044
2839	1	3568
643	3	1551
839	3	72
1836	1	3658
1187	3	1012
2909	3	3491
1136	3	3355
926	1	3581
2089	3	2032
303	3	376
145	1	3648
639	1	3584
1848	1	3582
2407	3	1492
3327	3	1637
239	3	2509
2410	3	2765
2913	1	3588
13	3	2508
39	3	785
44	3	1797
1366	1	3627
3252	1	3568
170	1	3614
2374	3	2122
2722	1	3591
3452	3	241
2230	1	3568
1092	1	3615
2348	1	3574
720	3	3372
135	1	3577
697	3	1040
1203	3	3209
1588	3	2544
2490	3	2810
2791	3	981
1913	1	3580
1866	1	3619
685	1	3672
1908	3	598
2835	1	3581
511	3	699
3403	3	3026
3373	3	382
3384	1	3626
299	3	2434
773	3	3210
825	3	3372
3235	1	3568
975	1	3610
675	1	3601
304	3	3210
816	3	2776
337	3	3519
506	1	3610
803	3	1657
2506	3	2755
1109	3	2856
327	3	2509
740	1	3569
3342	1	3660
3529	3	1102
271	3	1396
499	1	3681
1563	1	3626
2010	1	3601
2510	3	481
2518	1	3572
313	3	1712
3184	3	635
2882	3	770
1148	3	30
2553	3	47
1261	3	1908
2436	1	3574
3367	1	3626
3218	1	3568
2733	3	3520
1288	3	2690
934	3	1852
3501	1	3580
712	3	1093
1180	1	3588
813	3	1704
3422	3	2663
2748	3	2273
519	1	3574
1328	1	3615
2767	3	1402
2799	3	3549
811	1	3593
949	3	3060
3506	1	3575
786	3	2596
2323	1	3574
1164	3	3136
2396	1	3730
2773	3	2239
797	3	1179
1678	3	3369
2977	1	3659
1093	1	3574
1875	1	3568
115	3	1016
1846	3	2165
2797	1	3569
2789	2	3804
821	3	2983
876	1	3591
114	3	2648
1436	3	2107
1528	3	638
502	1	3574
2556	3	3548
2977	3	672
1458	1	3581
2577	3	1624
3502	1	3587
3305	3	1698
2945	3	1333
1061	3	2059
1573	3	1625
161	3	3548
1408	3	494
2306	1	3574
209	3	1671
464	3	2386
976	1	3569
746	1	3601
2350	3	1573
2902	1	3569
1417	1	3646
1076	1	3574
1268	1	3588
2561	3	716
2995	3	679
2289	3	3259
289	3	2497
1302	3	813
72	1	3575
3085	3	1370
1039	1	3681
1145	3	3408
1651	3	2359
3168	3	86
2672	1	3574
1529	3	1049
1846	3	3454
2311	1	3569
385	1	3569
39	3	114
1656	3	2943
2914	3	2815
2303	3	1962
114	3	1493
1687	3	3160
3354	1	3569
398	3	38
1934	3	2165
2252	3	697
959	1	3569
2885	1	3569
3504	3	307
1059	1	3574
1186	1	3805
135	3	2952
3066	3	703
3388	3	3366
1846	3	1360
2763	1	3569
1589	3	1345
590	1	3574
636	3	167
2655	1	3574
441	3	1899
1027	3	3372
3024	1	3754
1533	1	3569
1001	3	1487
2054	3	3023
142	1	3568
1639	3	2943
643	3	3108
1317	1	3617
2455	1	3570
1312	3	2887
1064	1	3569
1477	3	1012
1164	1	3574
1986	1	3570
338	3	1381
1124	1	3572
1946	1	3568
2768	3	1947
2868	1	3569
942	1	3569
3268	3	1000
2121	1	3585
1477	1	3568
2081	3	2492
3152	3	497
1934	3	3454
2607	3	986
1734	3	2522
473	1	3569
785	3	3402
573	1	3574
2199	3	982
2979	1	3646
2086	3	824
3013	3	1224
2540	3	2774
1516	1	3569
2921	1	3586
2051	1	3568
125	1	3568
236	1	3672
1930	1	3599
2997	3	1480
1047	1	3569
686	3	981
3105	3	3138
2961	1	3618
39	3	2692
2002	3	542
786	3	986
1086	3	1923
1934	3	1360
2851	1	3569
1781	3	389
1060	3	38
1013	1	3593
1539	3	2914
2362	3	1072
1113	1	3598
390	3	2862
2408	3	427
524	1	3679
1983	3	100
2160	3	2300
2332	3	3545
330	1	3573
1295	1	3574
1309	3	2165
2972	3	2450
2853	3	674
1416	3	2482
2034	1	3568
108	1	3568
402	1	3679
483	3	1218
925	3	935
1240	1	3623
694	3	361
26	1	3570
266	3	1588
2631	3	2563
3414	3	2352
1536	3	475
3244	3	2919
2909	1	3581
138	3	1326
694	3	1300
2081	3	1687
3049	3	1062
1645	3	295
2677	3	3402
718	3	649
3157	3	2720
3365	3	1754
1147	3	2465
1613	3	603
720	3	152
1278	1	3574
1549	3	2180
2509	3	2327
2967	3	2963
2994	3	3010
3094	3	1295
3277	3	949
3483	1	3581
2017	1	3568
1496	1	3585
1270	1	3584
3085	3	699
745	3	471
1731	1	3575
607	1	3657
3014	1	3581
1350	3	1073
3304	3	3215
1671	3	86
2833	3	1268
3320	3	2810
1054	3	1234
379	1	3575
913	3	1896
1845	3	3308
2129	3	1853
1380	3	95
2523	1	3586
2156	1	3881
246	3	1829
943	3	1507
1022	3	2470
2972	3	1645
2991	3	3026
5	3	598
445	1	3604
2175	1	3585
219	3	3266
468	3	3174
473	3	3375
784	1	3584
1001	3	3260
1801	1	3568
3308	3	2455
3472	3	3135
884	1	3589
2086	3	2247
3126	3	1698
1366	1	3574
2451	3	2422
362	1	3575
107	3	1243
461	3	2081
1022	3	376
897	1	3574
2743	3	2441
3497	1	3573
2061	3	187
1694	3	674
261	3	2077
3075	3	1917
271	3	2498
2275	3	603
2884	1	3581
3029	1	3634
1678	3	3182
1236	1	3584
247	3	1280
484	3	2308
746	3	2171
1194	3	2560
1062	3	964
1350	3	268
431	3	376
950	1	3591
879	3	765
2336	3	2300
867	3	252
420	1	3614
1012	3	305
2012	3	1073
86	3	1073
1606	3	3252
1815	3	448
3453	3	3043
1349	1	3574
3360	3	1462
2271	1	3575
3554	1	3581
2785	3	471
1818	3	12
3410	3	3252
1631	3	3218
3228	1	3586
931	3	2441
1889	1	3568
2758	3	1908
1292	3	558
1320	3	3110
1742	3	86
1805	3	2629
85	3	63
363	3	2318
547	3	2578
1322	3	2613
1637	1	3581
2150	3	63
2663	1	3572
2688	3	3234
1816	3	105
2972	3	1779
3029	3	3306
3400	3	3534
2140	3	3378
3238	3	2165
893	3	982
3333	1	3586
2950	1	3754
784	1	3718
2959	1	3569
3372	3	1012
3433	1	3591
2042	1	3590
2477	1	3614
3511	3	1742
2374	3	2203
1620	1	3581
3053	3	561
1437	1	3574
916	1	3591
1202	3	3229
2838	3	3467
182	1	3619
2379	3	2979
327	1	3672
2255	3	1002
2700	3	1064
2733	3	1373
1151	1	3581
2123	3	3378
2576	3	807
2834	1	3601
3424	1	3581
2505	1	3689
1908	3	679
1588	3	2036
1845	3	1698
347	1	3790
3238	3	3454
426	1	3646
1852	3	2566
2942	1	3569
598	3	2463
2989	3	1913
1893	3	2629
1302	3	2854
1321	1	3600
1725	1	3581
3130	1	3598
1021	1	3591
1917	3	1978
320	3	783
1417	3	3481
2566	3	1089
91	1	3600
2396	1	4027
3378	3	3491
1300	3	3126
3516	1	3569
2825	1	3591
2848	3	3514
2125	1	3568
1194	3	3044
1895	1	3600
57	1	3624
674	3	2560
3047	1	3569
664	3	3067
787	1	3611
1221	1	3574
2458	3	1680
2329	3	2855
403	3	2855
2999	1	3577
3327	3	3357
1814	1	3663
2460	3	2347
2925	1	3569
3373	3	813
3460	1	3568
1534	1	3568
82	1	3590
1708	1	3581
2022	1	3606
945	3	2032
2398	3	2616
922	3	666
1213	3	2523
1586	1	3581
2108	1	3568
322	3	295
514	3	309
3443	3	1012
3030	1	3569
299	3	3215
187	1	3590
1889	3	1654
2979	3	3131
3502	4	398
2384	3	506
2693	3	330
2908	1	3569
598	3	1658
3443	1	3568
2439	3	1396
647	3	2286
2663	3	1658
1691	1	3581
2751	3	3402
989	3	167
2213	1	3568
3243	3	981
697	3	666
0	1	3571
2944	3	471
1209	1	3569
2610	3	3519
2845	3	1436
633	3	2045
2091	1	3568
931	3	1770
1357	1	3596
2532	1	3645
2207	3	3363
2385	3	163
2457	3	3066
800	1	3572
1622	1	3568
493	3	1078
427	3	824
1538	3	730
2083	1	3578
3326	3	2299
2664	3	1315
3496	3	1379
2855	3	2796
2750	3	3146
306	3	2928
1527	1	3615
3289	3	2406
262	3	2167
840	3	1987
578	3	960
1796	3	1183
658	3	1230
936	3	3485
2196	1	3568
2779	1	3589
198	3	136
114	3	3079
758	1	3606
3118	1	3569
2055	1	3685
2234	3	1316
2977	3	1103
3141	3	695
1979	3	2321
41	3	3306
303	3	3169
710	1	3614
198	3	3519
1403	3	3168
1932	1	3624
1232	1	3601
2644	3	1751
3070	1	3577
1605	1	3568
2751	3	1658
49	1	3600
984	3	2137
2257	3	615
3519	1	3617
1656	3	2435
1780	1	3585
384	3	1012
3156	3	2256
3366	1	3574
3372	3	691
3380	3	2165
1468	3	2591
23	3	1761
1068	3	325
2540	3	38
1320	3	695
2134	3	937
2001	1	3570
3470	3	2856
3101	1	3569
1175	1	3569
3447	3	1779
482	1	3660
3536	1	3593
2775	1	3574
693	1	3614
1386	3	3168
3020	3	295
3126	3	2450
2253	3	1734
526	3	3026
2767	1	3584
1059	3	668
581	1	3634
1184	1	3569
1763	1	3585
2086	3	2410
832	3	3061
989	1	3611
3349	1	3574
1608	1	3686
3390	1	3637
2037	3	2165
2280	3	647
2880	1	3574
954	1	3574
3239	1	3601
173	1	3641
234	3	3357
1020	3	1047
1758	1	3569
2843	3	2417
2719	3	1194
1734	3	2014
3260	1	3647
3233	1	3600
285	1	3570
3454	1	3574
1528	1	3574
3243	3	2404
2750	1	3584
1030	3	2407
1167	1	3569
960	3	114
888	3	2463
777	3	107
1012	1	3613
1834	3	1992
2300	3	540
3004	3	120
3332	1	3574
3222	3	1295
1763	3	3257
1088	3	1507
1337	3	604
2120	3	1204
2427	3	2081
819	1	3568
2863	1	3574
937	1	3574
2037	3	3454
0	3	344
1077	3	1055
1124	3	1016
1741	1	3569
2365	3	1262
303	3	270
2482	3	1072
350	1	3568
1027	3	2648
1125	1	3603
1633	1	3574
206	3	2094
929	1	3584
2033	1	3588
399	3	270
963	3	55
3337	1	3569
3481	3	645
268	1	3570
1374	3	1658
1511	1	3574
3437	1	3574
2677	3	2544
1626	3	864
2966	3	2044
765	3	2560
1042	1	3574
1935	3	2408
3256	1	3632
582	3	109
2917	3	692
2526	3	2758
802	1	3568
3029	1	3581
2846	1	3574
3062	3	745
1396	3	115
213	1	3649
660	1	3624
2257	1	3655
3224	3	2497
3439	3	679
549	3	739
333	1	3568
1616	1	3574
3390	3	626
1930	3	1982
2347	3	2729
1728	3	402
178	1	3612
2761	1	4042
2498	3	3044
3288	3	2613
3420	1	3574
3126	3	2934
1635	3	2749
1963	3	2866
1845	3	2450
2334	3	3094
743	3	2359
3024	1	3730
1025	1	3574
1486	1	3584
3134	1	3581
819	3	1870
3426	1	3600
155	3	602
2546	3	2298
55	3	1153
2120	3	399
1456	3	468
3012	1	3581
2692	3	1658
960	3	2692
361	3	2352
3332	3	2815
2814	3	3351
2419	3	1286
1782	1	3581
1599	1	3574
3004	1	3591
3291	3	72
2779	3	3314
1588	3	694
2648	3	2189
8	1	3569
2195	1	3580
2656	1	3590
3417	1	3590
806	3	3174
890	1	3568
1191	1	3581
1218	1	3628
1008	1	3574
3117	1	3581
1476	3	361
939	3	2522
78	3	3464
1049	1	3637
2074	3	95
375	3	1630
2107	3	2848
1395	3	2312
2187	1	3590
192	3	1431
376	3	937
384	3	691
428	3	1853
2366	3	114
140	3	105
2425	3	3062
2927	3	308
2743	3	2522
2627	3	299
2934	3	1176
3137	3	918
25	3	2107
3405	3	679
3517	1	3568
262	3	691
2300	1	3580
1465	1	3572
270	3	2165
519	3	1262
1178	1	3575
1578	3	1006
2926	3	1186
2940	3	114
206	3	2578
725	3	204
3050	3	2618
1396	3	249
575	3	2758
426	3	2700
766	1	3604
956	1	3570
2614	3	2563
1845	3	1645
2639	1	3590
2738	3	2096
1878	1	3571
197	3	1982
2339	1	3581
3100	1	3581
1658	3	687
270	3	3104
3510	3	679
901	1	3619
1710	3	2569
214	3	827
689	3	3354
276	3	322
1151	3	2261
1533	1	3679
179	3	1601
2855	3	2609
2006	3	2566
3221	3	2462
1857	3	2508
423	3	3497
3551	3	2435
2462	3	1211
1056	3	588
270	3	3454
1451	3	3209
2260	3	2439
2466	3	1381
3216	3	2446
1861	1	3571
3083	1	3581
339	3	2461
1272	1	3652
2857	1	3580
2036	3	1588
597	1	3622
631	1	3571
1892	1	3788
973	1	3896
2643	3	958
3075	1	3591
1986	3	3002
3156	3	1130
3397	3	2917
1875	3	2545
3551	3	341
879	3	1546
3060	3	3015
229	3	3549
667	1	3636
2119	3	1997
1432	3	1986
363	3	2749
1966	1	3571
1262	1	3581
3175	1	3569
1158	1	3591
806	3	275
2072	3	2945
3524	3	1835
2934	3	1310
1193	3	1422
32	1	3581
648	3	1911
2175	3	813
1104	3	556
109	3	3226
2766	1	3572
928	1	3596
640	3	2675
1836	1	3581
2119	3	2347
472	1	3627
1536	1	3572
2956	3	931
1958	3	830
1333	3	1049
2951	1	3657
507	3	102
1067	1	3572
299	3	1068
205	1	3574
1027	1	3570
1082	3	1668
2953	1	3570
2737	3	1035
3533	1	3647
1274	3	204
1990	1	3634
2582	3	325
3158	1	3569
1051	3	138
3030	3	1468
703	3	2006
2893	3	2889
266	3	1698
3344	3	405
1941	1	3581
3548	3	2652
1172	3	471
1455	3	2927
2567	3	3086
589	3	2170
3449	3	3438
2490	3	2733
3528	1	3574
2333	3	2167
1012	3	870
396	3	2068
3286	1	3634
1600	3	1111
2126	3	3194
2341	1	3568
128	1	3571
2829	1	3606
1042	3	481
2549	3	1894
3114	3	3039
2530	1	3658
2576	3	1588
2937	1	3574
3169	3	2030
576	3	1754
517	3	3532
2765	3	533
3329	1	3598
294	3	268
1380	3	3238
908	3	1230
567	3	1158
2445	3	1345
2741	1	3740
2774	3	904
3511	1	3574
1088	3	2259
2751	3	2544
3150	1	3569
1694	3	3467
414	3	762
998	1	3568
1129	1	3586
1979	3	2618
1637	3	1940
2995	1	3613
2333	3	1012
7	1	3581
620	3	68
1061	1	3680
1034	1	3633
2920	1	3574
3257	3	2434
59	3	2701
431	3	3169
2930	3	1624
295	3	679
2333	1	3568
407	1	3568
3090	3	3110
232	3	1698
3384	3	3221
581	1	3581
1731	3	3357
1127	3	2816
1329	1	3569
1784	3	2435
1996	1	3666
2791	3	99
603	3	1381
2403	1	3582
2877	1	3604
3258	3	2815
934	3	2714
3494	1	3574
3507	1	3586
120	3	1365
2366	3	1671
3133	1	3569
2729	3	1179
981	1	3568
2907	1	3568
2560	3	2352
3025	1	3574
3170	3	700
1903	1	3569
2974	3	3136
2247	3	1224
282	1	3600
1563	3	3221
1086	3	1012
2766	3	1658
1966	3	344
764	1	3585
2327	3	3157
2940	3	1671
2232	3	3174
2316	1	3568
390	1	3568
1399	3	1006
215	3	1698
2286	3	1559
1312	1	3569
1827	3	1071
1086	1	3568
1204	1	3574
3090	1	3572
3477	1	3574
3116	1	3569
2450	3	1316
2890	1	3568
964	1	3568
914	3	1262
3008	1	3574
3082	1	3582
1992	3	135
1886	1	3569
2661	1	3604
96	3	2543
495	1	3568
1317	3	1947
1417	1	3569
2497	3	2216
2391	3	61
3482	1	3569
598	3	345
1267	3	1288
1418	1	3630
2299	1	3568
943	3	1751
136	3	3131
1069	1	3568
1876	3	161
1187	1	3574
1233	3	558
3002	3	1853
65	1	3569
1268	3	2833
600	1	3568
961	3	849
1335	1	3601
2873	1	3568
1220	3	367
634	3	793
2836	3	691
2991	1	3574
2165	3	3454
1435	1	3606
2284	1	3649
2410	3	2956
2887	1	3584
893	1	3648
2093	3	141
3532	3	517
478	1	3568
1761	1	3574
3008	3	3246
946	3	1109
3358	1	3662
785	3	2036
829	3	2444
1400	1	3569
1652	3	602
2984	1	3645
3341	3	2419
1909	1	3601
2739	3	1734
674	3	1381
1614	1	3793
2253	3	2165
1052	1	3568
422	1	3586
1330	3	1322
318	1	3596
1170	1	3574
1416	3	3210
1598	3	2803
2453	3	3108
48	1	3569
699	3	2454
1429	3	721
2126	1	3581
583	1	3568
1221	3	2441
2180	3	3146
2259	3	3002
2364	3	2652
2935	3	440
343	3	2669
3048	1	3582
529	3	2785
88	1	3601
1186	3	2461
1776	3	1630
461	1	3568
1744	1	3574
502	1	3631
1383	1	3569
414	3	91
2280	1	3634
533	3	511
3182	3	384
1986	3	2815
2157	1	3573
976	1	3626
1423	1	3601
2362	3	645
1016	3	1658
1445	3	666
1753	1	3574
2528	1	3609
1690	3	2976
3514	1	3598
566	1	3568
1204	3	2441
2327	3	608
3472	3	2574
1876	3	2739
365	3	375
629	3	2595
1891	1	3698
385	1	3626
2245	3	2919
2633	3	700
1367	3	3090
2333	3	691
1162	1	3574
2745	1	3589
993	1	3602
3504	3	3397
2124	3	1805
3142	3	3540
2466	3	39
1140	1	3568
2719	3	2914
2036	3	246
2083	3	3034
2253	3	1360
2885	1	3626
3216	3	515
1736	1	3574
94	3	2192
2511	1	3609
3511	3	1986
206	3	3464
732	1	3575
1844	3	2470
2028	1	3593
2482	3	1853
3556	3	2219
1401	3	1911
1533	1	3626
1858	3	3061
384	1	3574
589	1	3600
1482	3	2434
2265	3	2223
689	3	268
872	1	3612
1647	1	3647
1751	1	3637
2310	1	3574
1086	3	691
1400	3	716
2156	3	3342
534	1	3649
1137	1	3584
3010	1	3570
266	3	2450
2329	3	2749
403	3	2749
1719	1	3574
3009	3	1111
3365	3	2616
2011	1	3593
2695	3	1821
1493	3	1546
489	1	3574
1711	1	3584
1731	3	1881
3028	3	3067
3112	3	3124
2921	1	3643
20	1	3574
1340	3	3402
2989	3	2507
2995	3	870
708	1	3646
367	1	3574
2293	1	3574
3003	3	1435
1369	3	2952
1816	3	2927
272	1	3591
285	3	1929
2499	3	1987
469	3	2189
2598	3	1022
720	1	3570
1194	1	3592
939	3	2014
1120	1	3584
294	3	3464
1111	3	3259
2120	3	1769
2332	3	2663
2993	1	3570
3023	3	389
475	3	3026
417	3	1246
931	3	3169
1323	3	2463
1702	1	3574
372	1	3569
425	3	2720
2743	3	2014
1856	3	1825
2001	3	1124
472	1	3574
1294	1	3570
2758	3	192
3402	3	1546
2510	3	1156
1059	3	2872
384	3	1122
1275	3	3380
2176	1	3569
2576	3	246
470	3	2953
3	1	3574
954	3	24
1072	3	1194
2617	3	2753
444	3	1068
2315	1	3724
2765	3	1635
3098	1	3570
2448	3	1072
753	3	2612
1221	3	1770
268	3	1929
1707	1	3569
1846	3	1551
1990	1	3581
269	1	3607
2094	1	3571
703	1	3570
1060	1	3590
3327	3	2446
3388	3	524
3126	3	2560
809	2	3883
1340	3	1658
2725	3	1761
3015	3	204
1726	1	3637
2160	1	3600
3537	3	1911
984	2	3900
455	1	3574
3457	1	3679
1719	3	2815
1718	1	3647
2464	3	1370
169	1	3581
2116	3	3238
2623	3	1849
3232	3	3402
3277	3	1006
2103	3	2119
1395	3	1588
152	3	86
739	3	2165
1553	3	1653
3374	3	666
2869	1	3585
713	3	280
713	1	3617
460	1	3569
283	3	2560
1636	3	342
560	1	3574
2196	3	475
2537	3	2267
3182	3	63
2078	3	1779
1329	3	21
2264	1	3569
3039	1	3604
261	3	3289
2198	3	1698
1456	1	3589
3060	3	63
2097	3	2981
18	1	3627
479	1	3637
350	3	1122
325	3	2095
3332	1	3684
744	1	3609
3520	3	376
2167	3	2995
927	3	100
282	3	2304
2221	3	1380
1848	1	3586
3287	1	3609
377	3	1698
265	1	3571
726	1	3581
2749	3	1821
3400	1	3569
3552	1	3581
2359	3	3194
2647	3	2498
2022	3	2717
3252	1	3572
2356	1	3568
388	3	3146
106	3	3138
1690	3	561
488	3	2185
992	1	3614
2209	3	86
2905	1	3602
3352	1	3577
939	3	3437
3158	3	2942
3561	3	3263
100	3	3061
293	1	3646
1124	3	3004
657	1	3568
27	1	3586
849	3	1211
717	3	2678
289	3	1078
854	3	2223
515	1	3624
14	3	96
1131	1	3590
1724	3	342
2013	3	252
2835	1	3585
3473	3	1704
2713	3	3045
2461	1	3568
2531	3	3099
420	1	3671
709	1	3581
2825	3	3210
614	1	3598
285	3	1258
2422	3	3464
3153	3	3091
240	1	3581
2948	1	3575
2901	1	3614
975	1	3614
650	3	1433
2485	3	2963
3035	1	3568
526	3	1176
2814	3	78
118	1	3581
739	3	3238
2031	1	3569
2270	3	1173
2566	1	3568
438	3	2815
2682	3	2454
2968	3	1666
2418	1	3571
3456	3	1704
2071	1	3601
1834	3	2236
2013	3	1541
2150	3	120
2444	1	3568
2172	3	2774
943	3	1698
1421	1	3686
3512	3	3200
2145	3	475
597	1	3598
2955	3	3176
2280	3	2180
283	3	3044
1116	3	695
2919	3	78
2458	3	2542
745	1	3568
1344	3	2291
1554	1	3609
1480	1	3601
2853	3	3443
438	3	721
1249	3	618
1366	1	3765
2732	1	3575
2549	1	3568
623	1	3568
2172	3	3124
3399	1	3672
292	3	1546
1579	1	3575
2354	1	3610
3005	3	2495
181	1	3615
1935	3	2652
2054	1	3601
2553	1	3738
2464	3	699
802	3	2919
1693	1	3596
1211	3	849
691	3	3371
3024	1	3624
2478	3	2435
1197	1	3568
2578	3	720
3496	3	952
824	3	1965
594	3	1997
642	3	120
728	1	3568
1957	3	2273
3389	1	3601
1164	3	107
1098	3	664
1013	3	557
543	3	1660
3257	3	3215
2532	1	3568
3341	1	3609
1089	3	68
1168	1	3614
3437	3	1770
2967	1	3592
46	1	3609
1307	3	1243
2280	1	3581
3304	3	3540
507	3	1017
3502	1	3591
3516	1	3626
1972	3	3481
2572	1	3600
2054	3	799
1884	3	221
3047	1	3626
1087	1	3677
3149	3	3405
1898	1	3574
829	3	647
3225	1	3635
711	1	3568
2150	1	3591
702	3	3243
1062	3	2444
2736	3	384
2864	3	1221
2851	3	102
945	3	2089
2142	1	3601
2068	1	3593
158	3	1541
3056	3	511
1953	3	2258
3292	3	933
633	3	813
640	3	2435
490	3	1017
915	3	3238
389	3	2300
888	3	3191
1959	3	1196
2255	1	3591
3155	3	1573
437	3	13
1664	3	3287
2544	3	720
1881	1	3574
2454	3	2856
2890	3	1012
2304	3	1438
2318	3	2618
3177	1	3592
1175	3	3373
2418	3	3377
3385	3	2672
1578	3	1250
290	1	3569
2608	1	3617
2368	1	3581
2355	1	3569
2952	3	1625
3177	3	1194
811	3	1525
2455	1	3574
2659	3	1377
533	3	2097
1137	3	194
1164	1	3578
60	1	3574
1835	3	3131
1986	1	3574
2636	3	1853
2768	1	3568
898	3	3238
2774	3	2758
2739	3	2165
209	3	870
1504	1	3619
1477	1	3572
1879	3	2023
2312	3	818
1864	1	3574
2083	1	3635
2380	3	2827
1905	1	3637
2170	3	1436
1067	3	3004
3210	3	1853
1008	3	2709
1350	3	943
1491	3	647
273	1	3569
674	3	2751
1373	3	2130
1785	3	2657
1830	1	3598
2351	1	3581
2699	3	39
501	3	1828
2812	3	3062
3556	3	3455
3354	3	1875
2618	3	2956
1869	1	3569
417	1	3591
765	3	1194
2915	3	2267
1969	1	3574
43	1	3574
677	3	3243
1937	3	1709
2097	3	2794
578	1	3573
2785	3	1146
2570	3	1800
1455	3	943
2739	3	3454
673	3	1350
530	1	3581
1219	3	168
1810	3	697
2198	3	2450
3243	3	3266
3549	3	493
3205	3	114
164	3	1701
617	1	3574
3272	3	2816
3043	3	1189
2130	3	824
256	1	3569
921	1	3753
548	3	251
148	1	3574
3439	1	3589
2509	1	3598
2837	3	3378
1852	1	3569
400	1	3591
2333	3	1122
1952	1	3574
26	1	3574
2663	3	1849
2739	3	1360
2694	1	3683
2692	3	292
979	3	455
743	3	1932
513	1	3581
2426	1	3569
1184	1	3626
3005	3	3113
1271	3	2373
3308	1	3568
58	1	3616
2540	1	3590
13	1	3568
3377	3	3402
131	1	3574
1380	3	2193
2017	1	3572
2176	3	1468
2353	3	1769
981	1	3678
2058	1	3635
2794	3	937
1422	3	418
1835	1	3569
2147	3	3402
3566	1	3611
171	1	3606
593	3	2937
1086	3	1122
1678	3	3402
1728	3	1264
3427	1	3584
2308	2	3913
2409	1	3569
1675	1	3597
361	3	2275
2234	3	1507
2247	3	2273
2005	1	3570
1150	3	484
3102	3	2578
2663	3	105
116	2	3712
624	1	3637
2523	1	3590
1159	1	3636
672	1	3659
3557	3	617
10	1	3584
1567	1	3613
1223	3	3269
67	3	2349
2075	1	3584
492	1	3569
501	3	2312
1818	1	3569
3480	1	3601
2950	1	3624
737	1	3627
988	3	246
2421	3	2815
667	3	3306
1179	3	2872
505	3	2482
471	3	3287
3515	3	2304
328	3	3090
1734	3	3360
2188	1	3574
3305	3	2670
1823	3	1193
1672	1	3613
1680	3	1750
2180	1	3584
2193	3	2733
1233	3	668
2402	3	1017
2746	3	2362
742	3	2005
2886	3	1460
257	3	1322
2976	3	78
3232	3	2544
2584	1	3768
1072	3	1625
475	1	3569
3454	3	270
2856	3	2435
1687	3	749
1089	3	2914
347	1	3660
1274	3	3026
420	1	3618
2275	3	1546
1147	3	2014
2171	1	3574
2946	1	3609
3349	3	1559
3298	3	3091
3434	1	3647
2572	2	3638
1373	3	2398
1976	1	3771
2531	3	13
2938	1	3619
580	1	3569
1069	3	1630
337	1	3589
1166	3	362
2810	3	3238
2454	3	1380
688	3	2465
1647	1	3623
1889	1	3572
1865	3	1461
2889	3	3094
3437	3	2522
501	3	1507
763	3	1370
2353	3	2253
2458	3	1550
2276	1	3574
3308	3	1654
1159	1	3770
917	3	2204
1705	3	3005
1088	3	1698
3337	3	2439
603	3	2914
1063	3	2318
2017	3	1658
3087	3	2410
2963	3	1187
2012	3	2366
1032	1	3569
3202	3	2128
2269	3	864
2546	3	261
2146	1	3584
563	1	3569
2036	3	2450
210	3	2455
855	1	3588
3131	3	2612
481	1	3571
1403	3	1399
2742	1	3590
2330	3	692
2751	3	2333
2259	1	3574
5	3	1086
512	1	3788
1407	3	1569
2143	3	1044
1291	3	1820
2846	1	3765
3050	3	2675
3158	3	2434
2608	3	2722
279	3	2976
1631	3	2417
2432	3	1893
1127	3	161
3512	3	1403
1042	3	2498
3388	3	1089
2706	3	945
1897	3	2803
618	1	3849
552	1	3595
3062	3	1286
3274	1	3624
2242	1	3574
2815	3	765
1403	3	2688
3017	1	3609
987	1	3619
2487	3	295
1056	3	645
2464	3	1935
651	1	3569
225	3	53
3225	1	3582
1908	1	3589
2486	3	3072
2742	3	229
2999	1	3581
3257	3	1068
1534	1	3572
1753	3	1262
860	3	811
1123	3	1280
1466	1	3636
2437	3	2827
2530	1	3581
2813	3	2347
1826	1	3591
1600	1	3590
1526	1	3582
1357	3	3138
3020	3	2259
1674	1	3609
2588	3	2963
997	1	3666
3375	3	1259
2576	3	2450
73	3	38
1939	1	3581
836	3	1812
1370	3	1224
3175	1	3626
3443	3	1016
221	3	1172
634	1	3569
3526	3	2149
1300	3	1386
2674	3	1761
769	1	3584
3443	1	3572
1276	3	2612
1291	1	3571
153	1	3618
1612	3	39
2513	1	3581
2690	3	602
2213	1	3572
878	3	3067
3401	3	1050
1740	3	1432
2640	3	2751
1546	3	3168
218	1	3586
2112	3	1721
1547	3	1330
2796	3	1387
2842	3	742
2913	1	3568
753	3	2722
1174	1	3593
3313	1	3582
2886	3	2078
558	1	3627
763	3	699
66	1	3604
2799	3	951
311	3	325
2835	3	813
1422	1	3568
2657	3	1761
1527	1	3619
631	3	2896
2864	3	363
524	3	135
1274	1	3571
1287	3	1909
2496	1	3581
3305	3	1194
2196	1	3572
3018	1	3568
428	1	3637
494	3	3362
2164	3	543
643	3	376
1475	3	1585
2364	3	2441
267	3	503
1641	3	878
1567	3	870
2055	1	3689
51	3	1658
2114	1	3574
2247	3	2086
2641	3	482
854	3	3138
1658	3	2167
736	3	2722
2570	3	1747
3070	1	3581
3190	3	163
2262	1	3601
1632	1	3619
38	3	2612
2520	3	3340
364	3	2618
2601	1	3581
215	3	2560
631	3	802
1016	3	2036
2267	3	1040
1899	3	921
1163	1	3619
1405	1	3568
1578	3	2836
3397	3	75
3320	3	533
3328	1	3624
3066	3	3232
677	3	3540
1890	1	3662
401	3	807
2312	3	2993
315	3	1784
1195	3	2223
2850	1	3617
407	3	1069
3550	3	878
469	3	3372
2185	1	3598
2546	3	879
1876	3	84
2775	1	3578
3441	1	3614
6	3	1179
1556	1	3677
1425	3	2215
1658	3	1012
2869	3	3367
265	1	3681
554	1	3591
1015	1	3601
1724	3	102
879	3	3026
2796	3	1521
1179	1	3928
2931	3	3226
2989	3	1596
330	3	1476
3522	3	3402
2984	1	3568
1394	3	1068
2498	3	2914
2880	1	3578
798	1	3618
1914	1	3725
2591	3	2051
3567	1	3589
1903	1	3626
2832	1	3586
2386	3	1436
338	3	1816
418	3	941
285	1	3574
3558	1	3568
1345	1	3571
1602	3	805
283	3	1865
537	1	3591
3042	3	270
165	3	3348
237	1	3582
429	1	3596
2707	3	460
1204	3	2014
1291	3	344
529	1	3601
2408	3	2956
2039	1	3669
2187	3	904
2967	1	3568
1203	3	1229
3305	3	1678
2438	3	668
2563	1	3569
637	1	3569
1434	3	2359
3096	3	2038
3273	3	96
350	1	3572
750	3	1003
1633	1	3578
2211	3	3061
3243	3	2758
1157	3	1093
3290	1	3612
1372	3	995
3337	1	3573
915	3	2864
268	1	3574
1991	3	2969
2196	3	1658
1511	1	3578
1770	3	3169
2398	3	3238
488	1	3696
3555	1	3584
2649	3	750
1972	1	3569
3255	1	3575
742	1	3569
460	3	102
1667	3	578
304	3	1230
3377	3	2544
134	3	1797
842	1	3574
1081	3	1932
1624	1	3568
2846	1	3578
2147	3	2544
2546	1	3569
1417	3	2359
2895	3	1778
794	1	3582
2438	1	3574
1084	3	1496
1716	3	246
1678	3	2544
790	3	2294
151	1	3569
612	1	3579
1834	1	3589
2512	1	3593
850	3	2297
1890	3	1748
2463	3	203
1207	1	3581
1511	3	776
3120	1	3569
1729	1	3568
1624	3	2301
2373	3	2895
1455	3	2663
2735	3	2207
725	1	3569
389	2	3744
956	1	3790
1700	3	1812
3386	1	3602
825	1	3574
2456	1	3611
1176	3	2450
251	3	1751
3304	1	3604
2458	3	1497
1172	3	1146
1422	3	849
1599	1	3578
1646	3	1922
2171	3	2254
1299	1	3569
2421	1	3574
1383	1	3626
1373	3	2695
830	1	3569
1770	3	2364
2340	1	3637
1929	3	1345
3013	3	1204
890	1	3572
13	3	1012
1191	1	3585
1712	1	3568
2441	3	2810
1682	3	1559
708	1	3569
797	3	2582
2629	3	587
2643	3	1767
3069	1	3593
1598	3	1705
2040	3	668
239	1	3569
3479	3	691
1876	3	2796
3421	3	1911
1784	3	1821
2291	3	432
1338	3	1345
3289	3	934
1970	1	3611
328	3	138
2404	1	3574
3319	3	3342
993	1	3659
1282	1	3569
1770	3	270
2043	1	3569
883	3	2525
1204	3	3437
1396	3	2697
2766	3	105
556	3	1381
1620	3	1326
720	3	2815
813	1	3569
1083	3	1569
2178	1	3584
2286	3	6
2727	1	3618
1695	1	3568
2814	3	1611
2978	1	3574
3351	3	204
844	1	3786
2617	1	3569
691	1	3569
3512	3	1350
3198	3	161
2402	3	1448
2001	3	1986
466	3	3292
222	1	3569
533	3	2796
731	1	3601
3550	3	2435
1712	3	2459
2310	1	3631
2387	1	3574
3323	3	1418
1876	3	1641
2647	3	3226
2862	1	3600
2529	3	2810
2919	3	1611
3134	3	1513
532	3	3321
441	3	2952
796	1	3569
106	3	1422
451	3	3373
1409	3	2308
3437	3	2014
694	3	2219
2029	3	2444
2196	3	3431
3114	3	465
3050	3	878
2340	1	3771
1179	3	1559
1912	3	1853
20	1	3631
1176	3	2934
1044	1	3574
807	3	2209
367	1	3631
1852	3	773
3549	1	3590
1380	3	664
1596	3	1172
3110	3	645
2261	3	602
1783	1	3568
635	3	785
806	3	279
1120	1	3641
1031	3	602
1044	3	1368
1063	3	2749
1360	3	161
842	3	2949
1625	3	3549
2666	1	3571
191	1	3711
1381	3	2209
2332	1	3613
819	1	3601
2258	3	1196
2198	3	2560
2658	1	3581
1149	1	3574
445	1	3584
1340	3	1365
671	3	1176
2253	3	1551
3388	1	3568
165	3	1872
2052	3	2419
2512	3	716
469	3	152
1027	1	3574
1849	1	3570
846	3	86
2660	3	3540
2953	1	3574
1502	1	3600
2609	3	376
538	1	3660
558	1	3574
1045	3	2688
1507	3	285
211	1	3604
3386	3	2977
17	3	161
1936	3	2855
2676	1	3618
3028	3	1380
2495	3	130
557	3	2835
1124	3	2927
1729	3	1630
3102	3	1399
2641	1	3581
961	3	2463
1132	1	3574
828	3	261
2821	3	2963
1173	1	3637
1929	3	674
1292	3	2632
673	3	305
2199	1	3628
2719	3	1820
2844	3	1706
1603	3	3123
3152	3	745
2936	1	3574
815	3	2878
3248	3	2997
3411	1	3600
1932	1	3575
2020	1	3599
1824	1	3580
674	3	2995
1478	3	2024
386	1	3618
1486	3	3498
2633	3	86
3329	1	3602
2406	1	3570
633	3	252
1955	3	465
1207	3	1212
949	3	1698
1115	1	3574
2852	3	1086
1129	1	3590
1645	3	1698
1931	1	3672
2412	1	3596
2815	3	1546
3470	3	3454
3247	1	3634
2164	3	1779
299	1	3604
359	3	2714
392	3	158
444	1	3657
772	1	3774
937	3	1370
1694	3	438
781	1	3589
1315	3	2664
2003	1	3599
671	3	1310
2679	3	2618
1807	1	3580
2722	3	3348
1027	3	2815
2953	3	2815
1507	1	3571
2912	1	3588
1220	1	3574
1009	3	2404
366	3	1656
657	3	1069
658	3	2820
1381	3	2693
151	3	1765
17	3	2739
1536	3	723
3127	3	3357
812	1	3581
1273	1	3591
629	1	3574
1305	3	149
2725	1	3569
3126	3	2751
3265	3	98
203	3	58
27	1	3643
282	1	3604
1104	1	3600
1997	3	2434
2640	3	3182
139	3	471
2814	3	2229
1047	3	456
3180	3	1328
2364	3	2522
286	1	3774
2850	3	2647
3402	3	3026
2974	3	107
1129	3	229
1203	1	3574
2780	3	2253
3215	3	2068
1086	1	3572
568	3	2862
2900	3	273
3227	3	1083
2639	3	471
287	3	1982
1383	3	102
1660	3	1751
2956	3	1769
294	3	2850
2418	3	1072
1786	1	3568
2779	3	3131
578	3	1395
3266	1	3846
869	1	3589
1644	1	3624
795	1	3581
1527	3	3342
3040	3	1064
3301	3	321
2797	3	2229
2960	1	3586
1774	3	2347
1549	1	3671
3252	3	268
1933	3	1328
2360	1	3568
3121	1	3568
2099	3	3429
1981	3	2259
2532	3	2032
109	1	3617
2539	3	92
1891	1	3568
3541	3	3561
322	3	3308
887	1	3569
2308	3	1534
2965	1	3581
120	3	564
1928	1	3600
17	3	1934
311	3	2045
2432	3	714
2980	3	2586
1062	3	3306
1613	3	3079
852	1	3589
2442	3	1135
2567	3	2419
2691	1	3569
1300	1	3568
501	3	3495
1256	3	1543
2833	3	2805
520	3	551
1474	1	3581
3353	3	684
398	3	3348
3159	3	1666
2555	3	1125
1748	3	1751
1352	1	3581
3265	1	3569
266	3	1381
305	3	1588
422	1	3590
1874	1	3568
2794	3	376
81	3	2989
1732	1	3624
2993	3	1258
870	1	3569
1482	3	2304
1521	3	2454
3244	3	268
2634	3	2273
970	1	3574
3231	1	3593
1814	3	2534
1610	1	3624
2674	1	3569
429	1	3677
1824	3	2955
3062	1	3602
2232	3	279
1398	3	2022
353	1	3577
385	3	135
2311	3	135
2406	3	2191
53	1	3568
118	3	2879
1134	2	3920
1934	3	937
2089	3	483
750	3	3528
1755	3	525
2310	3	457
3076	3	2576
3352	3	1720
2704	3	3226
1857	1	3568
2757	3	1550
229	3	3366
937	3	699
1123	1	3596
2267	3	666
3153	1	3586
866	1	3581
86	3	1671
2779	1	3569
815	3	3496
593	1	3619
1388	1	3568
3169	3	2652
3214	1	3593
1731	3	2690
2453	1	3574
1797	3	1780
1524	3	2572
518	1	3580
2431	1	3568
1242	3	3530
2275	3	3079
993	1	3606
1368	3	3347
2537	3	2942
1962	1	3568
1212	3	2031
1003	3	1246
1420	3	1993
3416	3	2596
958	1	3569
3155	3	1630
2689	1	3611
2202	3	2543
1612	3	3182
1987	3	197
3545	3	78
2147	3	2036
2318	3	2675
2796	3	1147
2803	1	3632
2222	3	2661
992	3	1733
2807	3	465
1370	3	2273
2991	3	725
3163	3	71
3530	3	338
2422	3	2850
1206	1	3574
3132	1	3574
589	3	1987
2428	1	3584
2128	1	3575
1945	1	3568
3095	1	3681
1426	3	161
1012	3	687
2867	1	3569
941	1	3569
1357	1	3710
2868	1	3630
1003	3	91
2541	1	3574
322	3	1698
355	1	3624
2722	3	1872
489	1	3578
607	1	3584
3131	3	1701
1813	3	3367
860	3	116
3360	3	2816
2385	1	3587
3461	3	745
2785	1	3601
2711	1	3593
821	3	3528
1852	3	720
999	3	2170
1374	1	3686
555	3	2714
482	3	3312
2485	1	3592
3115	1	3574
225	1	3634
402	3	2497
2111	1	3575
602	1	3568
1227	3	3012
3242	3	1778
720	1	3574
2136	3	2648
704	3	493
1414	3	937
1966	3	1316
2524	1	3574
38	3	2722
2776	3	607
2652	3	2794
594	3	444
3091	3	2958
3446	1	3575
952	3	2969
11	1	3568
1294	1	3574
1970	3	1486
2516	1	3584
861	3	1436
1645	3	2450
1152	1	3630
1677	3	2345
1688	3	0
2998	1	3569
3098	1	3574
721	3	469
596	1	3667
1477	3	268
2029	3	647
2693	3	578
585	1	3568
703	1	3574
1336	3	1492
509	3	131
1081	3	2497
1652	1	3622
2441	3	1147
2719	3	3402
2920	3	1370
447	3	1211
3548	3	2014
3103	1	3569
2322	1	3636
2697	3	3377
1277	1	3574
2052	1	3609
102	3	744
1569	1	3593
460	3	1017
2989	3	1706
808	1	3574
1419	3	558
2010	3	2232
2949	3	2613
481	3	1901
3122	1	3637
1731	1	3636
568	1	3568
594	3	2672
2612	1	3574
686	1	3574
2795	1	3581
2298	3	3020
590	3	1721
1615	1	3887
2438	3	2872
3416	3	986
3365	3	2165
1129	3	981
210	3	1089
1382	1	3574
1053	1	3662
2747	1	3589
2993	3	2815
3086	1	3569
640	3	1821
949	3	1645
3020	3	1698
3186	1	3574
1070	3	2170
1260	1	3574
2365	1	3582
899	1	3569
1769	3	2515
2815	3	1493
3379	1	3649
2270	1	3599
2309	1	3806
791	1	3574
2183	1	3636
2719	3	1658
2796	3	2920
832	1	3637
3005	1	3632
444	1	3604
1253	1	3645
1588	3	674
3105	1	3637
3152	1	3598
3158	3	1068
1241	3	2603
305	3	3495
532	3	1658
2595	1	3574
2656	1	3570
565	1	3584
1848	1	3590
738	3	600
3098	3	2815
2520	3	551
1365	1	3574
3080	3	2404
3552	1	3585
229	3	951
3317	3	3240
1716	3	2450
3505	1	3624
889	3	1089
1518	3	465
3069	1	3569
1841	1	3661
1972	1	3679
890	3	1150
1889	3	1447
2433	1	3689
3352	1	3581
1284	1	3637
431	3	3470
656	1	3568
466	3	2918
327	1	3599
774	1	3574
957	1	3581
1728	3	3549
1551	3	939
1806	1	3624
2221	3	1734
547	3	1350
2753	3	3287
3098	3	721
2210	3	471
115	3	890
846	3	517
3166	1	3815
1531	1	3581
1689	1	3646
1838	3	942
3052	1	3569
1062	1	3581
2271	1	3636
3527	1	3595
2648	1	3570
3266	1	3793
3011	3	1461
2296	3	3062
323	3	2347
1939	3	598
1350	3	679
1889	3	292
2047	3	1111
2185	3	3514
2566	1	3572
2698	1	3670
742	3	3351
330	3	2070
537	1	3835
2075	3	465
467	3	2369
2102	3	102
2718	1	3584
2963	3	305
2853	3	2508
450	1	3636
150	1	3627
523	3	257
1130	3	2071
1637	3	1436
3215	3	3304
440	3	3261
3076	3	295
1455	3	679
1186	3	3567
265	3	564
1265	1	3703
705	1	3570
2441	3	2920
929	3	2215
1927	1	3580
2864	3	2030
2849	1	3581
3470	3	3238
3371	1	3568
854	3	1422
798	3	2753
1664	3	3157
1875	3	3464
2591	3	551
3142	3	324
2354	1	3614
2453	3	2120
3431	1	3571
3367	3	647
1445	3	1772
3529	3	2399
1959	1	3622
2393	1	3585
2332	1	3589
2766	3	215
521	1	3660
2019	1	3568
1803	3	1443
1099	3	699
910	1	3575
1102	1	3589
2422	3	2663
91	3	3357
1028	1	3581
3532	3	818
2227	3	1894
2470	3	376
1695	1	3678
277	3	2366
2855	3	1784
2459	1	3614
2893	1	3577
1134	3	1086
2955	3	1436
1261	3	172
64	1	3614
1313	1	3671
3126	3	3182
2733	3	1784
979	3	1130
86	3	679
2038	3	120
2531	3	204
180	3	2321
468	3	1625
969	3	2782
2	3	2323
2572	1	3604
655	3	2347
3237	3	1417
1534	3	1073
163	1	3588
308	3	3522
1208	3	869
861	3	3343
2995	3	687
2077	3	2546
2924	1	3569
108	3	1445
370	3	163
2453	3	376
3372	3	268
2198	3	1381
2489	1	3575
385	1	3577
2142	1	3605
1655	3	2537
14	3	934
658	3	2096
3412	1	3637
5	3	338
1395	3	2560
2013	3	2029
2544	3	3168
2373	1	3601
1335	3	1480
95	3	2749
2913	3	3348
2703	1	3574
2935	3	2030
1698	1	3571
2856	3	1821
3349	3	6
1760	3	2537
78	3	679
723	3	949
657	3	695
3364	1	3773
586	3	3458
647	3	2347
3078	3	3519
2972	3	3263
1654	3	765
2947	1	3601
689	3	2663
1272	3	3438
2540	3	904
3167	3	188
3529	1	3591
1495	3	2915
2598	3	3067
1927	3	1666
1357	1	3657
1838	1	3581
2030	3	1224
3060	1	3591
1504	1	3623
2356	1	3601
25	1	3598
2957	3	3344
2686	1	3574
1315	3	1135
1948	3	1226
173	1	3568
3500	1	3637
2094	3	1340
1095	1	3569
3173	1	3581
3345	1	3681
2358	3	1116
945	3	1288
829	3	3229
2490	3	403
3463	3	1316
3260	1	3574
266	3	2751
634	3	2517
975	3	3343
1128	3	1116
747	1	3568
117	1	3586
2791	1	3574
3223	1	3681
2541	3	2254
605	1	3624
1441	3	3375
2563	3	936
1854	3	745
1316	3	1546
1490	2	3957
2851	1	3577
3443	3	268
2309	1	3619
943	3	1381
1679	1	3637
2235	1	3611
2673	3	3261
399	3	3230
530	1	3585
3514	3	2386
1450	1	3673
3404	3	444
1124	3	943
156	1	3568
2661	1	3584
2879	3	668
384	3	1073
1329	3	188
444	3	3463
102	3	2785
2073	1	3726
2601	3	1240
3243	1	3574
1465	3	55
1418	1	3610
3502	4	163
3547	3	416
2840	3	491
2537	3	3373
730	1	3568
969	3	1172
2774	1	3574
1140	3	666
1652	1	3569
261	1	3568
1667	3	501
1083	3	1947
716	3	2434
2292	1	3619
2366	3	846
2537	3	340
1335	1	3581
1796	1	3591
2426	1	3573
1206	3	3139
1506	3	704
1981	3	3174
3187	1	3573
139	1	3568
3248	1	3569
1148	3	1006
3308	1	3572
3348	1	3574
3322	1	3588
2645	1	3645
835	1	3568
762	3	476
953	1	3574
2345	1	3636
1152	3	3249
3004	3	2275
2880	1	3635
974	3	33
1483	3	1755
1909	1	3581
2492	1	3602
1101	1	3601
713	1	3568
2757	1	3574
3566	1	3615
3489	3	3335
1940	3	3269
244	1	3568
2189	3	114
2928	3	3524
2362	3	275
2967	3	3321
3231	1	3569
1122	3	3443
1228	1	3626
3075	3	3080
2423	1	3589
2048	1	3568
598	3	109
481	3	2198
384	3	268
3484	3	465
818	1	3568
865	3	1912
439	3	13
832	1	3584
1890	3	3549
2345	3	3278
2758	3	2721
3561	1	3591
2280	3	1997
2888	3	3061
475	3	78
1549	3	444
1800	3	1898
1510	1	3574
2653	3	38
2995	1	3861
2588	1	3592
3469	3	193
3214	1	3569
1847	3	725
2927	1	3572
2750	3	1597
2427	3	2492
3353	3	444
3355	1	3637
1189	1	3601
777	3	1457
3556	3	1849
1204	3	3360
870	3	3402
2713	3	2996
2219	1	3570
1038	3	2198
912	1	3645
1505	3	750
3226	3	2815
921	3	1089
988	3	1539
1389	1	3584
1835	3	370
2751	3	109
2876	3	1393
1456	3	3562
1871	1	3569
3120	1	3626
3554	1	3589
2301	3	402
2799	3	687
1493	3	1176
1172	1	3601
3386	1	3659
2220	3	465
3206	1	3569
2492	3	749
1599	1	3635
2202	1	3570
824	3	3071
2926	1	4049
331	3	2634
1272	1	3579
1910	3	1698
2047	1	3614
5	3	3184
150	1	3574
355	1	3600
915	3	2116
1531	3	1480
1650	3	2149
1780	3	769
737	3	2872
2503	3	1787
3386	3	672
1854	1	3569
2927	3	3402
734	3	2174
988	3	384
2100	3	2041
1800	3	2032
1385	1	3569
295	3	2566
1530	1	3622
125	3	1234
3522	3	1849
3550	1	3574
1296	3	1086
634	3	102
1546	3	2688
2836	3	0
3221	3	1234
2693	3	204
1970	3	2051
1925	3	1037
1959	1	3569
2058	3	2075
785	3	1345
2043	1	3626
133	1	3574
1276	3	38
2099	3	640
1935	3	2014
2972	3	3076
38	1	3591
1608	3	3122
3316	1	3594
3079	3	2229
249	3	3369
1837	1	3569
1464	3	67
3334	3	1224
2129	3	251
382	3	465
3373	3	2915
1468	1	3574
1772	3	769
1470	3	904
3533	1	3574
138	1	3569
2233	3	2678
1313	1	3618
2773	3	2544
3168	3	1546
238	1	3574
1828	3	13
1795	1	3603
2019	3	1494
2644	1	3646
1127	3	3548
2927	3	1658
142	3	2122
831	1	3663
1942	1	3569
1089	3	3402
694	3	1337
551	1	3568
2087	1	3622
2236	1	3680
3539	1	3600
861	3	3290
2160	1	3580
210	3	715
1473	1	3569
29	3	1728
1899	3	441
1230	1	3589
2504	3	1588
1173	3	1943
469	1	3570
1791	1	3783
569	1	3575
1818	3	2948
2450	3	1698
3217	1	3596
336	3	1824
2840	3	2398
1512	1	3570
2695	3	1935
121	1	3569
2822	1	3604
1194	3	3402
2887	3	2915
2934	3	432
221	1	3574
1694	3	2455
1740	3	3530
39	1	3571
363	3	2810
1925	1	3569
2013	1	3593
2649	3	3519
3500	3	1402
1778	3	2895
1456	1	3569
603	3	3402
3160	3	2300
501	3	2934
226	1	3569
1591	1	3584
2066	1	3610
928	1	3657
2513	1	3585
2193	3	2416
2560	3	1929
2889	3	1488
939	3	3067
2508	3	603
2915	3	3373
104	1	3569
3288	1	3620
2490	3	376
1645	3	2560
799	2	3744
245	1	3637
3098	1	3684
582	3	3232
1930	3	1722
3205	1	3591
558	1	3631
1748	3	2129
1439	1	3569
1571	3	3491
2111	3	1637
1722	1	3581
687	3	603
2244	1	3568
1109	3	1551
1574	1	3584
3500	1	3584
649	1	3794
1934	3	376
3271	1	3620
651	1	3707
2729	3	2045
87	1	3569
2788	1	3604
1160	3	3402
175	1	3593
1050	1	3633
1578	3	1901
1564	3	529
797	1	3585
2058	3	465
2618	3	2318
1316	3	1493
784	3	849
3188	1	3591
3308	3	1337
193	1	3600
1088	3	1381
1343	1	3713
2145	3	105
1674	3	602
1655	3	2029
1780	1	3593
2227	1	3568
540	3	1172
1310	3	1006
14	1	3571
146	1	3669
1849	3	266
2376	3	864
1792	1	3574
2567	1	3609
3220	3	1262
158	1	3593
741	1	3614
2071	1	3581
318	3	3061
1291	3	564
2559	1	3619
875	1	3568
1253	1	3755
2623	3	3252
2811	1	3636
294	3	679
3539	3	373
406	1	3568
1032	1	3602
1807	1	3637
992	3	1172
2237	3	2722
3433	1	3628
1047	3	2607
3472	3	3306
1220	1	3631
1763	1	3593
1732	3	1580
2210	1	3568
3059	1	3611
3397	3	1368
375	3	3248
1425	3	3158
1980	3	3090
289	1	3590
614	3	25
17	3	2796
2192	3	2647
2282	3	511
2880	1	3582
949	3	3044
2810	3	2116
2054	1	3581
2984	1	3572
3090	3	138
2378	3	2410
1821	3	2796
2578	3	700
338	3	1820
1309	3	376
3381	3	843
608	3	3157
1444	3	2081
2167	1	3571
690	3	1785
311	3	3257
305	3	2450
1394	3	1422
2677	3	674
3398	3	1779
311	3	813
529	1	3605
2041	3	2693
2790	1	3624
1976	3	601
2967	1	3572
2957	3	742
3495	3	1086
2045	3	964
3200	3	1278
3155	1	3601
2704	3	3149
1087	1	3657
3428	3	2874
1904	3	1835
1438	3	2533
3263	1	3569
3148	1	3672
2150	1	3571
2046	1	3581
3472	3	2501
742	1	3573
2038	1	3591
887	1	3626
598	3	1345
277	3	1187
1336	3	931
2275	3	3002
2470	3	3169
2663	3	1345
3056	3	491
725	3	78
994	1	3590
2256	1	3602
1640	3	3183
3257	3	2040
3368	1	3569
477	1	3568
1286	1	3609
1588	3	1857
1212	1	3601
1916	1	3591
2522	3	1462
986	1	3600
1808	1	3596
3463	3	592
2651	3	1017
2703	3	1933
811	1	3711
944	3	2223
1593	1	3705
1778	1	3817
3538	1	3588
2029	1	3581
715	3	2259
1243	3	3110
395	1	3600
1082	3	2347
2453	3	3169
423	3	3371
505	3	689
3186	3	2709
1647	1	3574
2903	1	3590
2687	3	1408
2942	1	3740
867	3	557
2314	1	3671
677	1	3581
3351	1	3569
1899	1	3591
1828	3	765
2349	3	2590
2500	3	2170
3451	1	3574
208	1	3581
2121	1	3569
827	1	3656
2180	3	174
2247	3	1769
1716	3	1539
2997	3	525
3003	1	3568
3169	3	1770
132	3	1864
323	3	2591
1229	1	3735
502	3	1486
2422	3	679
399	3	2856
2534	1	3568
2304	1	3600
664	3	3238
1604	1	3577
1038	3	401
1530	1	3569
2004	1	3591
2260	3	2663
305	3	2934
2780	3	2794
2018	1	3607
1183	1	3599
1630	1	3574
1947	3	1535
3504	3	75
313	1	3581
870	3	2544
215	3	3182
412	1	3734
1878	3	3467
1970	1	3615
1441	3	907
191	1	3581
2104	1	3569
2466	3	2544
1436	3	3514
837	3	3174
1987	3	3287
2766	3	109
2204	1	3574
321	3	2657
2879	1	3604
1877	3	181
2986	1	3568
3360	3	3056
183	1	3591
958	1	3626
2397	1	3649
1406	3	325
2470	3	270
1053	3	1992
2228	1	3658
2503	3	3023
2498	3	1658
2517	1	3568
1153	1	3614
1698	3	344
2283	3	3476
3439	1	3569
691	1	3573
1513	1	3569
365	3	786
1811	3	3367
2086	3	2097
2107	3	173
3071	3	1833
3360	3	3406
109	3	1006
1980	1	3662
1056	3	3040
2475	1	3602
2087	1	3569
2862	1	3604
845	1	3626
728	1	3816
696	1	3568
1279	1	3589
2129	3	548
2622	1	3568
107	3	2032
1618	1	3569
765	3	3402
3013	3	403
1718	1	3574
2660	3	1316
1567	3	687
1911	3	2032
1496	1	3569
3422	1	3569
1690	3	2232
1270	1	3568
2858	3	3312
1140	3	2520
1758	1	3606
2189	3	679
279	1	3581
2192	1	3569
702	3	108
273	1	3683
937	3	3334
3266	3	3463
2345	3	460
1150	3	3497
3074	1	3568
2230	3	1317
2070	1	3569
2900	3	948
2605	1	3568
679	1	3568
1262	1	3589
2810	3	640
3028	3	95
485	3	125
332	1	3598
1601	1	3569
2675	3	2318
717	3	1316
3386	3	1103
38	3	2779
2454	3	2165
3551	3	699
1253	1	3568
3480	1	3581
2450	3	2934
2175	1	3569
1367	1	3589
2067	3	3102
773	3	1852
1849	1	3574
2245	3	3464
491	3	2810
1281	3	2558
1904	3	3392
2175	3	1171
2588	1	3568
1019	1	3588
1387	3	17
1584	1	3569
1546	3	86
1088	3	3422
951	3	1625
550	1	3588
1340	3	1719
1426	3	2796
802	3	268
1821	3	2609
717	3	2605
2510	3	1567
2715	1	3593
1236	1	3568
2914	3	384
428	3	251
2821	3	2967
1277	1	3631
1724	1	3606
3463	1	3581
2751	3	674
2508	3	1839
2623	3	1910
3567	1	3756
1245	1	3568
3303	1	3609
300	3	2618
2448	3	2422
241	1	3569
603	3	2544
1019	3	1540
2312	3	2005
1137	3	792
2640	3	3402
3056	3	2398
2663	3	3252
3415	1	3774
2406	1	3574
3228	1	3570
2100	3	1667
918	3	1306
3540	3	1132
505	3	2246
2786	1	3617
1937	1	3574
638	3	1032
1233	1	3584
1340	3	564
2629	3	270
899	1	3626
1012	3	2167
2735	3	3179
2465	3	2398
1186	3	107
346	1	3569
702	3	592
3310	3	3210
1747	3	857
1886	1	3793
2275	3	2815
1807	1	3584
639	1	3649
3398	1	3577
1654	3	204
2042	1	3574
116	1	3574
2223	3	944
3421	3	2533
3232	3	1719
2477	1	3598
2403	1	3590
2545	3	3371
2688	3	1124
508	1	3598
1920	1	3574
2891	1	3628
798	1	3569
1160	3	2544
2395	1	3600
399	3	1380
163	3	2857
3317	1	3601
2983	3	1060
329	1	3569
1104	1	3604
3182	3	2352
2169	3	465
943	3	2914
353	3	137
1456	3	289
2897	3	2612
2339	1	3618
2666	3	2038
2969	1	3600
1380	3	2441
99	1	3574
2025	1	3574
3543	3	1779
1046	3	3237
332	3	1280
1988	3	2417
2680	3	1292
3046	1	3728
1564	3	21
1807	3	1721
3232	3	564
2163	3	2081
2387	3	3488
1382	1	3765
2078	1	3591
3018	3	2386
3228	1	3704
312	1	3569
674	3	2544
984	3	1637
1784	3	699
2960	1	3590
986	3	2304
307	3	587
2851	3	3062
1269	1	3580
2518	1	3637
2618	3	2749
3169	3	2522
2008	1	3574
82	1	3574
3413	1	3591
1340	3	109
389	3	1288
677	3	592
2483	1	3600
1004	1	3575
501	3	2560
224	3	2810
1300	3	1016
2965	1	3585
1336	3	878
1375	1	3611
2558	3	888
174	3	252
1344	3	2352
1619	3	2981
610	1	3644
3513	1	3569
229	3	1142
2061	1	3591
3357	1	3609
1300	1	3572
455	3	2071
670	1	3590
1770	3	3470
2296	1	3581
1651	3	196
1776	1	3851
1469	3	603
1620	1	3699
2193	3	2981
1555	3	2434
3296	1	3586
2234	3	3044
2648	3	266
2174	1	3581
213	3	3061
440	3	1224
1980	3	138
2584	3	679
3170	1	3590
1816	3	1512
3396	1	3591
2566	3	268
253	1	3603
2126	1	3589
1477	3	943
3389	3	325
1704	3	2286
3062	1	3606
3496	1	3569
475	3	1611
2009	3	3071
535	1	3584
2014	3	3272
1273	3	742
91	3	381
2279	1	3581
353	1	3581
1383	1	3577
66	1	3584
2288	3	1779
3006	1	3624
1350	3	870
1857	1	3572
1313	3	1330
3344	3	1381
940	1	3593
2176	3	2200
866	1	3585
152	3	765
481	3	2576
1388	1	3572
1047	3	1883
2350	3	1049
1398	3	2376
411	1	3620
1304	3	381
1588	3	3443
1151	2	3900
813	3	964
786	3	917
1721	3	1128
3061	3	2661
271	3	1006
330	3	3200
1625	3	3366
165	3	750
3253	1	3568
3526	3	1913
1657	3	3261
2262	1	3581
336	1	3581
1455	3	870
1962	1	3572
2784	1	3568
1780	1	3569
328	1	3591
363	3	2920
2989	1	3624
2953	3	2498
2662	1	3568
2960	3	3366
1745	3	252
1298	1	3614
1949	3	2499
1431	3	3035
768	3	300
1095	3	3164
102	1	3601
263	3	1602
501	3	3044
2286	3	3340
2720	3	3303
3476	3	3102
829	3	1997
2655	1	3639
2481	3	2183
1809	3	368
3072	3	1605
3015	3	78
1123	3	239
1989	3	643
3305	3	3402
2767	1	3568
948	1	3885
1834	3	687
1015	1	3581
1763	1	3569
1021	3	506
2488	3	18
3071	3	2130
2645	1	3568
3207	1	3614
134	3	2582
86	3	870
270	3	376
2294	3	2720
2011	1	3601
3567	1	3569
1633	3	652
320	1	3591
1095	1	3626
0	3	2422
1615	1	3757
2385	1	3591
2791	3	1075
3219	1	3568
3109	3	2434
1006	1	3571
2411	1	3588
3233	1	3584
198	1	3591
1068	3	2537
2363	3	1949
2750	1	3568
1601	3	179
1923	3	2842
2898	1	3595
2851	1	3634
3477	1	3611
3512	3	2940
1875	3	2850
1413	1	3672
3346	1	3574
1076	3	3230
2039	1	3649
2890	3	268
3324	1	3568
1418	3	1111
3344	3	1865
3168	3	3079
3214	3	2434
2313	3	2229
2320	1	3569
2376	3	974
2407	3	1370
3532	3	2648
576	3	2864
2239	3	3149
2626	3	324
423	3	2647
2134	3	1055
2654	3	375
3434	3	668
1407	1	3568
106	3	3012
851	3	813
17	3	2556
3294	3	2145
392	3	325
765	3	2544
857	3	1075
2626	3	1263
1512	3	1012
1892	3	2045
2720	3	404
2099	1	3574
3197	3	2434
3229	3	3436
63	3	598
3551	3	1935
977	1	3569
1266	3	3142
1510	3	2038
1569	1	3597
1738	1	3569
1797	3	174
427	3	3520
1005	3	3340
1328	1	3709
1336	3	1846
2022	3	497
2319	3	161
3175	3	1072
3469	1	3611
3406	3	3013
2869	1	3593
457	3	3131
1390	1	3568
2878	1	3581
130	1	3604
1982	1	3596
2899	1	3575
801	1	3649
460	1	3577
2312	1	3569
386	1	3569
3434	1	3574
752	1	3596
3511	3	384
3348	3	561
1587	3	297
1549	3	2595
3283	3	3335
2122	3	296
1990	3	2672
2423	1	3646
2082	1	3574
2482	3	251
671	3	322
3424	3	1330
2886	1	3569
960	1	3569
335	1	3788
865	1	3586
2278	3	1387
1589	3	3183
3528	3	2612
2656	1	3574
113	1	3604
2458	3	2416
2006	3	322
784	1	3649
757	1	3602
2295	1	3569
369	1	3569
3372	3	943
3417	1	3574
904	1	3568
2187	1	3574
570	3	1027
2975	3	2758
85	3	344
3263	1	3679
2	3	3348
2335	1	3601
849	1	3617
2283	3	3102
3346	3	2441
2065	1	3574
2239	3	250
2106	1	3637
943	1	3569
2193	3	2794
656	1	3572
774	3	241
1478	1	3568
1853	3	1972
1625	3	951
2116	3	2441
474	1	3569
515	1	3632
680	3	3146
1088	3	2914
1272	3	3174
1396	1	3570
2685	3	3002
2186	3	1701
2639	1	3574
5	1	3569
814	1	3610
2608	3	2649
2653	1	3590
2640	3	2544
352	1	3569
514	1	3601
2680	1	3637
1625	3	1890
1507	3	720
2170	1	3574
2820	3	1853
1048	1	3569
732	1	3612
2736	3	2352
1062	1	3585
241	3	505
322	3	1381
3134	1	3699
3385	1	3655
2019	3	1417
1461	1	3568
1008	3	2449
2099	3	2441
2744	1	3574
457	1	3569
491	3	1147
2167	3	2198
3252	3	2663
2674	1	3736
15	1	3616
2636	1	3590
640	3	1370
2291	3	2640
1272	1	3636
109	1	3568
2047	1	3671
2153	1	3574
2336	1	3581
2504	3	2450
3297	1	3789
3218	1	3580
3260	3	912
2306	3	465
2688	3	266
931	3	2856
2728	3	2167
1133	3	1992
3028	3	3104
469	3	2815
2546	3	322
2782	3	744
2706	3	2161
1016	3	1829
2072	1	3637
1385	1	3626
1957	3	403
2450	3	2560
2301	3	1748
363	3	2733
2497	3	2521
2484	3	1402
697	1	3584
3371	1	3572
600	3	1317
3235	3	1909
1784	3	1935
2816	3	878
2106	1	3771
1279	3	3237
2097	3	440
1722	3	2261
581	3	3127
1106	3	3459
2268	3	1833
73	3	904
134	3	2045
305	3	1539
810	1	3574
2113	3	1877
2761	3	18
885	3	3306
2487	3	2450
655	1	3618
1732	1	3575
1787	3	1673
3090	3	3549
742	3	1611
1512	3	691
2186	3	1835
2448	3	1698
2589	3	1402
2714	3	3440
3436	1	3570
3442	3	1040
2129	1	3645
1059	3	465
2722	3	750
2893	1	3581
680	1	3584
400	3	3562
1502	1	3580
2724	1	3590
138	1	3626
570	3	2450
598	3	1939
1016	3	674
1196	3	1673
915	1	3574
1656	3	1077
2233	3	2735
211	1	3584
2616	3	1224
2886	3	2005
1898	2	3999
2619	1	3569
377	3	96
666	3	6
2796	3	2253
793	1	3574
2745	3	3432
2437	3	1949
89	1	3584
2504	3	1645
1918	3	2071
2643	3	137
3136	3	2294
725	3	1611
324	1	3574
2881	3	3299
3254	3	2300
1528	3	1000
2993	3	2498
728	3	1528
2253	3	376
2142	1	3609
1829	3	1588
2815	3	1176
121	1	3626
568	1	3601
870	3	1849
1469	3	2189
2289	1	3575
898	1	3574
377	1	3591
1561	3	1474
194	1	3584
1673	1	3609
2362	3	950
2613	3	2404
2692	3	2260
2954	3	3230
2602	1	3569
2989	3	234
330	3	114
2835	3	2029
776	1	3574
2059	1	3580
2487	3	1645
2073	1	3596
1706	3	1712
307	1	3574
3213	3	1435
586	1	3581
1192	3	698
1815	3	2286
2729	3	813
299	1	3584
3143	1	3624
2560	3	1986
359	3	250
781	1	3569
2450	3	3044
229	3	1573
2838	3	3077
1505	3	3519
3278	3	494
881	1	3574
1801	3	325
1966	3	2422
2912	1	3568
3425	3	460
1948	1	3628
491	3	2920
1613	3	481
2122	3	2203
2398	3	937
578	3	86
671	3	2229
3004	3	2145
2629	3	2124
3160	1	3600
2799	3	1012
2230	1	3609
1436	3	1664
1088	3	3532
640	3	699
820	3	1698
1273	1	3571
341	3	2441
3528	1	3692
2097	3	1863
282	1	3584
1427	3	1068
2351	1	3589
2799	1	3568
764	1	3569
1347	1	3590
1961	3	2935
864	1	3574
1686	1	3570
2441	3	2253
570	3	2934
709	1	3618
915	3	2441
1138	3	2097
3216	3	2109
2815	3	1310
2006	3	3168
1665	3	3096
1329	3	3225
2047	3	1733
2154	1	3667
3168	3	3026
3182	1	3571
555	3	3015
1152	1	3581
448	1	3591
2291	3	3258
3566	3	683
379	1	3803
641	1	3666
1477	3	2663
2782	1	3568
1418	1	3614
3331	1	3602
3148	1	3595
3285	3	557
886	1	3724
1060	3	400
441	1	3662
1552	1	3568
1952	1	3582
2140	3	3472
898	3	2441
439	1	3570
2474	1	3569
2566	3	2927
2050	3	2410
261	1	3572
566	3	1020
2767	1	3649
1315	1	3671
2498	3	2036
2512	3	964
2887	1	3568
358	1	3633
3237	3	3194
3532	3	501
1135	1	3581
39	3	960
268	3	2234
2819	3	2769
1104	3	1158
2273	3	2652
2392	1	3601
2728	3	691
2731	1	3581
724	1	3671
1122	3	2508
742	3	2229
1535	1	3568
322	3	1194
1141	3	1637
2404	3	1908
618	1	3589
1899	3	3210
544	1	3581
2457	1	3569
3365	3	2116
120	3	2422
2281	3	1093
1074	3	1705
836	1	3600
3105	3	1756
3265	3	1009
1706	3	102
2312	3	1310
2280	3	1062
501	3	1381
2109	1	3568
908	3	543
2870	1	3568
3008	3	1136
429	1	3657
1940	1	3577
1685	3	1245
3373	3	557
3379	1	3600
818	1	3572
1640	1	3568
1787	3	197
1753	3	1002
2004	3	3210
2095	3	2434
636	1	3569
2863	1	3639
1051	3	1679
1073	3	361
1678	3	1316
1518	1	3568
2414	1	3572
2440	1	3569
301	1	3580
1049	1	3568
2482	3	548
1775	3	623
1224	3	2749
1400	3	2444
815	3	1032
739	3	376
2092	1	3568
2853	1	3568
300	3	768
2106	1	3584
294	3	870
3562	3	1751
2366	3	3428
658	3	2129
1623	1	3568
257	3	1330
3387	3	3026
2499	3	2776
2545	1	3569
619	1	3569
1160	3	1849
1154	1	3568
2074	3	376
51	3	109
0	3	1698
533	3	1784
1589	1	3592
2063	1	3614
2219	1	3574
1600	3	3002
659	1	3601
2262	3	1159
3044	3	3226
2315	1	3574
3499	3	511
687	3	3372
2211	1	3584
129	1	3624
102	1	3577
309	3	3006
2758	3	981
98	3	1009
2463	1	3601
2799	3	691
1985	1	3786
2868	3	3306
752	1	3677
1651	3	1245
746	3	2533
1561	3	3381
1606	1	3568
2028	3	1179
3071	3	2695
105	3	1698
1496	3	2434
557	3	2628
2030	3	1846
3149	3	3226
441	3	2879
440	3	2273
1124	1	3613
1137	1	3568
1863	3	2522
1046	3	3481
403	3	2733
2202	1	3574
2276	1	3582
2329	3	2733
3492	3	1111
1057	1	3681
2265	3	3146
1910	3	1702
2415	3	47
1116	3	3094
972	1	3574
2298	1	3574
1564	1	3602
1711	1	3568
3210	3	1890
3184	3	5
1843	3	3137
2856	3	699
2510	3	3234
1065	3	2404
2418	3	2259
3068	1	3593
3476	3	1923
821	3	1064
211	3	3069
381	1	3574
1987	3	2405
555	3	250
2307	1	3574
3168	3	261
3522	3	1853
3303	3	2720
2724	3	2294
439	3	501
373	1	3584
427	3	2796
2917	3	3335
3168	1	3571
1654	3	3026
2881	1	3574
955	1	3574
3454	3	2856
127	3	2434
2177	1	3584
2699	1	3571
617	1	3611
2263	3	1899
1829	3	246
2578	3	86
2847	1	3598
484	3	1865
3211	3	3240
2290	1	3574
364	1	3574
1221	3	1754
3345	3	3194
2793	3	563
730	1	3601
2582	1	3593
1060	1	3574
1664	3	425
783	3	2207
3479	3	2041
2764	1	3569
3126	3	2544
3539	1	3604
504	1	3611
728	1	3873
938	1	3574
2845	3	1664
2864	1	3574
1324	3	1898
351	1	3568
371	3	1865
469	1	3574
1811	3	1330
13	3	268
820	3	2450
216	3	1909
156	3	3273
1122	3	3126
2234	3	1194
1866	3	1075
1781	3	2658
1512	1	3574
210	3	1658
639	3	666
1600	1	3598
2011	1	3711
2273	1	3574
2869	1	3569
3435	3	2347
1043	1	3574
1865	1	3570
2758	3	2404
2711	1	3707
1380	3	3169
1006	3	344
2056	3	2327
2747	1	3569
186	3	204
574	1	3574
1262	1	3646
161	3	824
921	1	3574
334	1	3568
2561	1	3581
452	1	3574
1965	3	824
2544	3	86
3428	3	3549
1798	3	2607
444	1	3584
1333	2	3922
2852	1	3569
926	1	3569
1322	3	3459
592	1	3611
639	3	1955
1026	1	3574
3077	3	2275
1482	3	1747
2304	3	1743
2730	1	3569
2981	3	3406
431	3	67
557	1	3574
2798	1	3679
2666	3	1611
2058	3	2563
1688	3	3497
2214	1	3608
3452	3	229
3104	3	2097
435	1	3574
1088	3	3479
209	1	3573
840	3	471
1512	3	1122
3187	3	2576
1531	3	3257
1131	1	3574
1597	3	2347
802	1	3662
1913	1	3568
2062	1	3626
351	3	557
3182	3	2275
2835	1	3569
430	3	221
3418	1	3590
2673	3	2273
3118	1	3581
3562	3	275
3548	3	3067
1828	3	501
3488	1	3604
540	1	3574
3510	3	2167
2192	3	423
689	3	870
975	1	3598
2134	3	2454
241	1	3626
1021	2	3908
1373	3	2435
2886	3	3375
3087	3	2097
1267	1	3617
1308	1	3680
3062	3	2717
94	3	700
863	1	3618
1114	1	3574
364	3	2037
2190	1	3679
2316	3	2232
2519	1	3591
1465	3	2450
1740	3	3079
196	1	3743
1549	1	3598
2739	3	376
2818	1	3569
3140	3	2895
1380	3	270
1249	1	3589
2412	1	3657
139	3	1687
2886	1	3679
2204	3	3006
2984	3	2333
3384	3	2347
1080	1	3598
838	3	2032
735	3	3402
3071	3	1219
2002	1	3599
1187	3	1134
1477	3	3549
3375	3	1751
1395	3	2995
1344	3	2275
658	1	3589
3177	3	694
2462	3	3049
371	1	3592
1568	3	1992
1968	1	3623
1963	3	1805
756	3	2417
216	1	3636
1280	1	3581
1387	3	2652
2102	1	3577
1913	3	1146
3029	3	1253
2821	3	2219
811	1	3581
2244	3	561
1767	3	251
539	3	2434
629	1	3635
663	1	3584
881	3	668
204	3	725
363	3	1204
2262	3	1911
1538	1	3624
2498	3	2333
2826	3	551
23	3	2473
441	2	3780
1685	1	3590
872	3	72
812	3	1436
3484	1	3568
1733	1	3612
1668	3	2347
3389	1	3585
85	3	2332
251	3	1625
200	3	905
429	1	3604
982	3	145
1002	3	2886
2446	3	3110
1122	3	361
868	1	3589
1458	1	3569
1635	3	533
2450	3	1381
3549	3	3026
580	1	3740
2750	3	609
162	3	1698
2954	3	2856
3150	3	623
1641	3	1370
664	3	3108
2167	3	2308
3451	2	4019
446	1	3580
2999	1	3618
2972	1	3571
1988	3	380
2810	3	376
2704	3	120
3289	3	3252
1694	3	3077
2974	3	1457
2576	3	3076
3550	3	431
1768	1	3568
2836	3	3200
3142	3	3471
3038	1	3600
3546	1	3571
136	3	163
986	1	3604
1747	1	3604
1006	3	1901
1761	1	3639
3351	3	78
3550	3	1370
3281	1	3819
3210	3	548
721	3	262
1853	3	2216
2029	1	3585
2310	3	2612
619	3	529
1617	1	3614
2751	3	3443
2843	1	3591
2126	1	3646
1751	1	3568
2530	3	3290
1953	3	3531
2531	3	3351
3425	1	3581
1262	3	2216
1316	1	3574
2728	3	1122
208	1	3585
524	3	3205
827	1	3660
2713	1	3601
51	3	1345
802	3	943
250	3	564
376	3	2454
2824	3	368
2215	3	2434
2889	3	16
1316	3	1176
198	3	3210
3261	3	2749
2435	3	2556
3244	3	679
2364	3	3067
1221	3	2856
1904	1	3590
2304	1	3604
1123	1	3657
1604	1	3581
2616	3	2273
2445	3	1089
2328	3	2424
2452	1	3574
1881	3	197
2857	3	471
3408	1	3581
2057	3	1965
2622	3	3110
2633	3	765
191	1	3585
1013	1	3581
38	3	2649
1250	3	548
483	1	3604
846	3	2993
1890	3	951
1915	1	3668
3060	3	3243
2943	3	2134
41	1	3651
1039	3	816
1204	3	2856
810	3	1262
2446	3	1500
1587	1	3581
3053	3	3314
2856	3	1935
1351	3	378
1923	3	671
102	1	3658
1864	3	2449
1879	1	3600
908	3	2263
3391	1	3581
1657	3	1224
1034	1	3727
2680	3	3122
2895	3	2270
2475	1	3606
1924	3	2216
2909	1	3569
3383	1	3591
3069	3	964
1992	1	3590
649	1	3611
1726	1	3568
2656	3	1150
3009	1	3574
2867	1	3630
1035	3	1935
1720	3	3352
496	1	3568
3028	3	2193
2540	1	3574
13	3	215
3322	1	3568
1570	1	3581
1065	3	1546
1762	3	1224
2130	3	2097
2550	3	2025
3422	1	3573
2355	3	1666
3483	1	3569
1896	3	1178
3317	3	695
1101	1	3581
3014	1	3569
799	3	1288
1694	3	2406
723	3	2352
945	3	1402
1053	1	3589
2070	1	3573
679	1	3572
632	1	3611
2558	1	3611
2777	1	3672
345	1	3614
1675	1	3581
2258	1	3602
210	1	3572
479	1	3568
2196	3	1345
1770	3	2856
2523	1	3574
3340	3	1752
2446	3	695
3522	3	1345
3550	3	699
2375	1	3577
10	1	3568
1706	3	1017
2796	3	403
465	3	2434
1570	3	1533
697	3	3069
1438	3	3155
2075	1	3568
544	3	2098
2116	3	2014
2997	1	3569
3146	1	3627
547	3	3371
1380	3	1022
1814	3	985
1171	1	3574
1469	3	3372
1917	3	543
3143	3	1312
3401	3	416
39	3	720
2588	1	3572
2916	1	3632
1841	1	3588
654	1	3582
2954	3	1380
1435	2	3925
2726	1	3696
2176	3	647
2366	3	960
2884	1	3569
2525	3	2193
2715	1	3597
2352	1	3679
1929	3	3126
2072	3	1213
2099	3	2014
2499	1	3645
977	1	3626
2980	1	3569
2830	3	534
5	3	1875
2509	3	2449
2666	3	1908
33	1	3600
3002	3	2886
3067	3	1370
1932	3	2690
2736	3	2275
2009	3	363
1101	1	3715
2566	3	943
2646	1	3584
3369	3	3530
3554	1	3569
3240	3	188
3134	1	3622
2746	1	3589
560	1	3639
246	3	1012
3228	1	3574
3341	3	1008
2461	1	3849
695	3	3317
283	3	2036
1637	1	3569
2963	1	3569
3050	3	1370
865	1	3643
3104	3	300
576	3	2116
3151	1	3598
668	3	647
2074	3	3169
1713	1	3636
2023	3	2449
3489	3	1355
3333	1	3574
1863	3	3437
3478	3	1256
264	1	3575
1128	3	1714
757	1	3659
1046	1	3569
410	1	3689
1503	3	2348
2187	1	3631
2441	3	403
2742	1	3574
1620	1	3569
2395	1	3604
1765	1	3622
814	3	1111
2398	3	376
696	3	695
616	1	3570
1748	3	1625
2759	3	3246
3087	3	300
384	3	1671
1151	1	3569
474	1	3626
599	3	1573
908	1	3589
2893	3	2446
285	3	384
3308	3	2927
1771	1	3705
956	1	3611
3316	1	3574
846	3	578
3479	3	1667
512	3	1374
525	3	2140
1038	3	2312
1484	3	1681
2301	3	3549
2025	1	3578
1978	1	3617
3534	1	3585
1725	1	3569
739	3	2364
962	3	2020
2143	3	1967
1767	3	548
2831	3	493
721	1	3570
2167	3	1316
2804	1	3783
361	3	1588
1991	1	3602
3076	3	2450
3463	3	1698
3392	3	1243
1495	1	3574
95	3	1387
1258	3	2209
2874	3	1779
3321	3	2508
1161	1	3616
1134	1	3569
2417	1	3575
3205	3	2005
268	3	384
2240	3	493
2616	3	2086
3299	1	3574
134	3	813
1651	3	2294
700	3	63
2408	3	3261
1383	3	460
1088	3	1816
3083	1	3622
642	3	1340
1378	1	3596
1044	3	1055
1282	3	2497
1708	1	3569
2319	3	1641
317	1	3568
900	1	3589
2504	3	63
3292	3	864
461	3	1398
2441	3	2981
2823	1	3645
1586	1	3569
1017	3	2300
2074	3	270
2094	3	3011
2298	3	532
2325	3	2478
3404	1	3574
3448	3	645
1086	3	2663
1829	3	2450
1002	3	1089
2547	3	204
2836	3	114
140	1	3617
1613	3	2498
930	3	994
2522	3	824
3282	1	3574
1598	2	3903
2976	3	2774
3054	3	125
3296	1	3590
3404	3	1176
645	3	2361
769	1	3568
1625	3	1142
2687	1	3757
2734	1	3718
810	1	3631
831	3	2534
627	1	3624
450	3	1649
1691	1	3569
2210	3	3110
2122	3	1924
2864	3	2441
1456	3	2871
1536	1	3613
687	1	3570
2487	3	63
2208	3	574
1006	3	2198
1106	3	483
803	3	3365
338	3	1316
3387	1	3574
898	3	3169
1357	1	3584
556	3	2491
1641	3	2956
1935	3	3067
2579	1	3594
3018	2	3804
2490	3	1462
2081	3	2427
2273	3	2441
1381	3	152
1905	1	3568
943	3	3402
541	1	3614
955	3	2417
1283	3	1370
3053	1	3589
2389	1	3658
3079	3	2693
2410	3	1224
1003	3	3348
1534	3	1134
65	3	1883
866	3	252
2971	1	3591
246	3	691
2216	3	1853
2762	3	2334
1485	1	3637
2077	3	3546
2262	1	3585
1640	3	1740
919	3	2534
3467	3	2352
960	3	3351
1360	3	3365
1589	3	475
3464	3	2007
2287	3	2658
3036	1	3589
3372	3	679
146	1	3649
700	3	547
2079	3	1180
622	3	2089
1298	1	3618
767	3	2142
234	3	2056
1698	3	295
1109	3	376
1745	1	3593
1445	1	3584
924	1	3601
67	3	3085
1671	3	1176
1611	3	96
2655	1	3643
3536	1	3581
995	3	130
1323	1	3584
2152	3	1111
398	3	457
3388	3	402
1845	1	3571
393	1	3593
2699	3	2198
2386	3	3514
854	1	3584
2086	3	2398
2831	3	3205
1029	1	3601
1475	1	3724
3225	3	1248
546	1	3585
3467	1	3568
1065	3	1493
2282	3	491
2545	3	960
1322	1	3681
3018	3	1130
1291	3	2422
3099	3	2006
898	3	270
812	1	3618
300	3	2435
1062	3	1704
2968	3	471
1820	3	3277
3315	1	3586
1420	1	3594
1976	1	3568
2785	1	3609
2111	3	2690
2413	3	3366
764	1	3626
785	3	438
3163	3	1368
2547	3	2566
1935	3	3551
8	3	3119
2418	3	1698
1395	3	1816
624	1	3568
692	3	2432
3477	1	3615
2790	1	3604
2796	3	2794
708	3	3115
1411	1	3584
1111	1	3575
2242	3	1778
882	1	3611
2864	3	1770
2660	1	3614
2975	3	2628
3331	1	3659
192	3	1285
968	3	3071
777	1	3590
1803	1	3581
688	3	3551
320	3	2678
1699	1	3591
1837	3	2304
1016	3	2504
2239	3	120
2474	1	3626
802	3	2663
2653	3	904
2563	3	2286
2722	3	3519
3085	3	2273
3029	1	3569
3531	3	2396
1988	3	1295
1283	3	699
1016	3	3443
1108	1	3591
2567	3	12
501	3	3532
2308	3	2510
1220	3	1347
1914	1	3843
2903	3	3266
524	3	2831
939	3	1221
1352	1	3618
460	1	3581
2319	3	3548
156	3	268
1300	3	2927
1086	3	1187
3134	1	3569
318	1	3637
1382	1	3582
1455	3	2647
2868	3	3229
3266	1	3667
3386	1	3586
3071	3	2618
1975	1	3671
2030	3	1769
3012	1	3569
511	3	931
3204	1	3583
2786	1	3568
1362	3	1641
2952	3	2524
3062	3	2022
1782	1	3569
865	1	3590
2291	3	2510
502	1	3672
105	3	2560
813	3	647
2469	3	2872
3526	3	1596
186	3	3026
2195	1	3568
3478	1	3574
2595	1	3582
332	3	2386
634	3	3062
443	1	3581
2053	1	3624
1191	1	3569
2441	3	2794
3002	3	1089
3117	1	3569
274	1	3590
361	3	246
384	3	679
3473	3	3221
2769	1	3568
3361	1	3596
654	1	3663
1765	1	3569
2838	3	3402
262	3	679
1065	3	3266
2012	3	2647
2300	1	3568
224	3	533
703	3	1510
1462	3	2935
1296	1	3569
1250	3	524
43	3	382
2829	3	2806
398	3	136
720	3	2799
1396	1	3574
1568	3	2236
2178	1	3568
683	3	3259
814	1	3614
1799	3	3423
2339	1	3569
3100	1	3569
948	1	3568
284	1	3637
987	3	3438
1709	1	3568
2479	3	1785
2211	1	3641
1870	1	3569
732	1	3616
51	3	3549
2752	1	3568
2122	1	3586
936	3	2347
1401	1	3569
2531	3	78
552	3	1909
731	1	3585
1461	1	3572
357	1	3568
1653	1	3586
2283	1	3568
2670	1	3570
2427	3	1398
2647	3	3210
1279	1	3569
1531	3	602
1578	3	2283
703	3	2799
1379	1	3574
1951	1	3867
3385	3	1261
15	1	3620
3340	1	3584
1435	3	1733
411	3	100
3083	1	3569
2857	1	3568
3371	3	3464
762	1	3577
1853	1	3569
462	1	3568
2466	3	2308
1455	3	687
2735	1	3568
1384	1	3569
594	3	131
2311	3	1245
1819	1	3593
2266	1	3568
2300	3	1146
2229	3	691
3549	1	3574
1447	3	344
1204	3	2616
1919	1	3598
1262	1	3569
2172	3	3136
2628	3	99
1036	1	3568
38	3	3348
2147	3	1857
2841	1	3599
2925	1	3854
3394	3	3146
2758	3	3266
432	3	246
32	1	3569
1117	3	3562
2282	3	2398
1678	3	1857
2393	1	3593
2821	3	1658
372	1	3610
928	1	3584
2224	1	3602
1836	1	3569
2198	3	2544
2566	3	2663
2854	1	3584
445	1	3568
2450	3	2914
2659	1	3626
3561	3	2820
1978	3	2805
1873	3	3155
1367	1	3569
2359	1	3617
3436	1	3574
284	1	3771
1998	1	3612
2315	1	3765
917	3	525
3532	1	3574
2745	3	2497
1019	1	3568
3246	1	3581
1566	3	3217
86	3	687
1736	3	1543
2643	3	3174
1941	1	3569
3558	3	3061
3306	1	3584
1088	3	3402
2736	3	1901
1133	1	3589
2041	3	2136
2554	3	2308
2784	3	24
3211	1	3601
1615	1	3574
2837	1	3584
303	3	2165
2788	3	194
428	1	3568
1657	3	2273
2750	3	48
1856	3	3155
1350	1	3569
2655	3	1785
3193	3	792
3351	3	1611
2170	3	1664
1485	1	3584
1822	3	1280
1258	3	2640
102	3	1720
1002	1	3568
1250	3	2886
2410	3	1521
2719	3	1345
3131	3	1872
1588	3	361
3520	3	67
2150	3	3060
638	3	1601
2629	3	3283
305	3	3182
3404	1	3655
429	3	2715
1987	3	2596
1598	1	3574
2330	3	3335
621	1	3622
368	1	3574
1129	1	3574
1590	1	3584
303	3	3454
1735	1	3637
2095	3	665
7	1	3569
3370	1	3679
2388	3	3189
1763	3	964
390	3	3094
2172	1	3574
2486	1	3599
78	3	98
1176	3	3402
1260	3	1213
2391	3	854
926	1	3626
2943	3	2378
2994	1	3570
3094	1	3575
3394	1	3584
1703	1	3574
2019	3	3194
3497	1	3589
177	1	3588
943	3	2544
128	3	2450
1666	3	2417
2138	1	3598
3505	1	3661
1281	3	2672
799	1	3580
2600	3	2578
1800	1	3635
3252	1	3613
1460	3	2886
2813	3	668
3507	1	3574
1625	3	1573
2503	1	3575
206	3	3184
3099	1	3570
923	3	1496
2743	3	95
3254	3	1499
3393	1	3681
571	3	161
2490	3	2855
2884	1	3679
2155	1	3574
448	3	2352
1403	3	2298
1559	3	6
2630	1	3600
720	3	384
1686	1	3574
564	1	3569
2161	1	3600
52	1	3593
152	3	261
2695	3	2130
2890	3	2663
102	3	1854
2244	3	2362
3000	3	2915
2039	1	3600
399	3	3238
648	1	3599
1427	3	1422
2083	3	1599
348	1	3590
61	1	3593
1194	3	564
56	3	611
2960	1	3570
787	1	3575
1386	3	2298
1590	3	381
1734	3	3238
2510	3	526
1669	1	3574
508	3	25
50	3	1288
128	3	1645
838	3	2089
2144	1	3600
918	3	2359
439	1	3574
1833	3	1492
2030	3	427
2794	3	2454
3004	3	1344
1770	3	67
2444	3	1211
1046	1	3679
3187	1	3581
2836	3	679
2935	3	2522
2540	3	457
1456	3	2497
105	1	3589
44	1	3593
2633	3	1493
1774	1	3574
2700	3	1751
1749	3	2930
3184	1	3571
2209	3	261
1427	1	3604
883	3	3261
1139	3	418
2776	3	1262
2245	3	679
3310	3	1230
1246	1	3662
2831	1	3590
3464	3	344
236	3	2929
1801	3	813
544	1	3585
422	1	3574
1072	3	1853
318	1	3584
607	3	3157
463	1	3637
764	1	3707
1686	3	2815
738	3	2649
2189	3	2566
1923	3	1399
136	1	3581
721	3	1124
1417	3	196
2126	1	3569
2419	2	4029
511	3	878
1773	3	1701
304	3	2450
1933	3	3540
2093	1	3624
2931	1	3568
1762	3	1602
2090	3	1662
2327	3	2690
3419	1	3606
2789	1	3624
114	3	2693
1940	1	3581
2223	3	2347
2532	1	3609
3463	2	3650
1640	1	3572
1818	1	3581
1676	3	300
2697	3	1588
2340	1	3568
3083	3	3428
1745	3	2915
2750	3	666
2318	3	1370
3351	3	2229
119	1	3581
3531	3	1538
2297	1	3598
117	3	1872
1213	3	3210
813	3	944
2409	3	1533
2853	1	3572
2914	1	3568
2451	3	1849
2398	3	270
1623	1	3572
2445	1	3568
3122	3	1894
3292	3	974
3365	3	376
3176	3	471
3334	3	1098
3429	3	3346
2457	3	1875
2406	3	3464
3471	2	3969
3378	3	2434
2036	1	3571
1355	3	3504
659	1	3605
402	1	3590
964	3	299
1457	3	2456
2315	1	3578
2028	1	3581
102	1	3581
924	1	3577
2990	3	1812
1807	3	91
2056	3	3352
3470	3	376
1980	1	3589
666	3	2267
2835	3	557
831	3	200
1936	3	2652
1172	1	3609
2428	1	3568
3207	3	3290
631	3	2640
215	1	3571
676	1	3581
360	1	3624
1373	3	1821
1773	3	1835
2240	3	2831
3262	3	3035
3350	1	3569
2834	3	1435
205	1	3725
418	3	551
207	1	3581
543	3	1835
989	1	3575
3485	1	3584
1477	1	3613
3390	1	3601
3002	1	3568
2641	3	226
1295	3	3157
3063	3	1928
2011	1	3581
1881	3	3287
607	1	3568
2533	1	3568
3268	1	3601
3300	1	3849
3528	1	3725
723	3	2275
3513	3	322
467	3	2674
703	3	3096
2411	1	3568
1658	3	2850
1828	3	1176
151	3	273
1779	3	3375
1824	3	979
2258	3	188
2547	3	98
2972	3	2145
1740	3	371
190	1	3581
1650	3	2507
2504	3	2751
2804	3	316
3468	1	3584
3	3	1006
1684	3	2258
2985	1	3568
2875	3	2434
1522	3	135
3252	3	870
2516	1	3568
3352	3	3127
1098	3	3067
555	3	604
2978	1	3639
95	3	2920
63	3	2672
884	3	163
955	3	1372
1191	3	1040
1478	3	3110
3243	1	3611
2394	1	3568
2752	3	2756
3112	1	3574
1156	3	2167
307	3	2124
3088	3	3183
3170	3	501
43	3	813
1877	3	592
1294	3	2291
1274	3	3522
3356	1	3601
1760	1	3574
1015	3	358
1473	1	3577
2598	3	3238
3077	3	51
1285	3	1695
1173	1	3568
2499	1	3568
3210	3	1089
826	3	2352
2454	3	937
2318	3	699
3564	1	3574
169	1	3569
986	3	1747
2334	1	3574
2147	3	3443
1022	3	2165
846	3	1306
582	1	3568
1865	1	3574
1588	3	308
2097	3	2030
339	1	3588
1156	3	1012
1729	3	1911
2832	1	3680
3219	1	3682
861	1	3575
2353	3	2749
1907	3	2273
2117	1	3591
574	1	3578
975	3	3514
3549	1	3655
3519	3	2983
2258	1	3659
431	3	2165
2035	1	3593
1156	1	3568
1348	1	3582
278	3	2122
152	1	3569
3547	1	3574
357	3	1978
2482	2	3978
2701	2	4039
2626	3	3471
2448	1	3592
2805	3	275
215	3	344
592	1	3615
565	1	3568
1709	3	638
1848	1	3574
1022	3	3454
1917	3	600
726	1	3569
234	3	2300
1068	3	557
328	3	3131
2304	3	1747
3552	1	3569
2448	3	1194
603	3	1316
1287	3	982
257	1	3569
3022	1	3592
2335	1	3581
3246	1	3662
2092	1	3601
2887	3	1179
1139	1	3568
1250	3	1089
1594	3	2434
135	1	3569
27	1	3574
2618	3	1387
3018	1	3580
483	3	1747
13	3	2850
1318	1	3755
3519	3	136
937	3	2590
2889	3	2785
1831	1	3574
3251	3	933
375	3	3472
709	1	3569
2707	3	2782
1242	3	2038
797	1	3593
167	1	3611
2753	1	3575
2754	1	3636
240	1	3569
3342	3	3540
1338	3	3183
1797	1	3598
1971	1	3611
1122	1	3568
1897	1	3603
2405	1	3574
1093	3	2165
2498	3	109
118	1	3569
161	3	3406
699	3	161
1889	1	3613
308	3	3372
1076	3	95
1936	1	3574
2718	1	3568
361	3	2450
957	3	3237
2371	1	3598
547	3	2623
1073	3	3561
3463	3	2560
1814	1	3574
3197	3	1393
1705	3	602
3526	3	1706
1300	3	943
1807	1	3645
1046	1	3626
464	3	2594
2223	3	3449
377	3	1820
2303	3	1820
3210	1	3570
3359	1	3628
950	3	275
2429	1	3637
3360	3	2796
189	1	3593
1012	3	2578
659	3	3491
1919	1	3574
1678	3	2422
2102	1	3581
2766	3	3232
2291	3	526
811	1	3585
1445	3	1756
2509	3	1701
616	1	3627
1693	1	3584
2273	3	2014
2976	1	3590
3285	3	1797
381	3	2929
3424	1	3626
2310	3	38
1936	3	2465
1477	3	870
1733	1	3616
3416	1	3636
1550	3	1935
1203	1	3639
2136	3	1156
2774	3	2612
3406	3	3261
576	1	3574
1943	1	3637
1131	3	725
742	3	86
2280	1	3569
1219	3	2116
1339	3	3142
359	1	3591
2356	3	299
2198	1	3571
3206	1	3740
1425	3	1422
1277	3	1778
3104	3	2935
1606	3	1337
1561	1	3660
1708	1	3626
2096	3	2042
1853	1	3679
2068	1	3581
559	1	3574
828	3	1160
1381	1	3570
1768	1	3572
2504	3	120
1375	1	3672
2251	3	72
3333	1	3765
377	1	3571
135	3	2005
851	1	3593
3038	1	3604
53	3	2417
808	3	465
2707	3	1172
3463	3	3044
623	1	3690
3032	3	944
2751	3	2508
502	3	2649
2408	3	1224
2257	3	1465
2936	3	2075
2173	1	3581
3087	3	2935
2955	1	3575
1471	3	167
3443	1	3613
1986	3	1006
2368	1	3569
442	1	3569
1278	3	2566
838	3	3459
1391	1	3617
542	1	3574
879	3	3522
538	3	3450
1109	3	1238
1820	3	2850
1017	1	3600
2748	3	2749
2596	3	2384
3200	3	481
2138	1	3574
3543	1	3591
1546	3	765
1843	1	3766
1791	1	3604
2626	1	3612
2259	3	2482
2967	3	2821
2167	3	1507
2718	3	1280
3447	1	3577
2003	3	2881
3160	1	3580
3535	1	3601
547	1	3569
270	3	303
2571	1	3661
481	3	1698
934	1	3571
324	3	1132
1722	1	3618
1469	1	3570
3002	3	3561
2870	3	3110
3077	2	3776
2351	1	3569
1533	3	3203
1150	3	3371
493	1	3679
2485	3	186
344	3	86
1000	1	3600
1822	1	3596
3114	3	2286
239	1	3581
56	1	3574
341	3	3360
2278	3	1769
1986	3	3234
1013	1	3585
3406	3	712
1626	3	425
1884	3	693
1454	1	3662
530	1	3569
629	3	2075
2206	3	2192
1016	3	2077
2565	1	3568
2255	3	2820
2934	3	603
630	1	3574
723	3	128
363	3	2981
1773	3	38
2113	2	3994
2531	3	1611
3169	3	3067
3371	3	3026
2927	3	674
96	3	63
2842	3	3011
2328	1	3671
3067	3	3334
511	3	2598
1261	3	2518
2588	3	105
2547	3	308
736	3	669
888	1	3617
2151	3	2271
1237	3	136
1935	3	2319
1464	3	2816
2198	3	344
3501	1	3601
1053	3	2350
1471	1	3611
513	1	3569
3189	1	3581
128	3	2560
1237	3	3519
1710	3	2935
2743	3	3238
115	3	687
135	3	3428
1318	1	3568
3015	3	3522
105	3	1194
2600	3	2688
3494	1	3672
664	3	2441
2392	1	3581
2451	3	186
440	3	1769
729	3	1679
1210	3	849
2775	3	2352
2015	3	2939
216	3	1271
1491	3	769
3416	3	917
77	1	3672
1347	3	367
2933	1	3636
2704	3	2836
3094	3	1637
2534	3	1504
3184	1	3592
2936	3	465
641	4	695
1301	1	3568
1779	2	3985
310	1	3581
931	3	3238
2375	1	3581
1812	3	3176
832	1	3568
3113	3	1705
3297	1	3582
2333	3	305
1749	3	1751
304	3	921
1084	1	3585
2470	3	2856
3280	3	2339
1776	3	2533
3369	2	4087
3372	3	870
2756	3	2068
1993	1	3574
3492	3	1896
884	1	3581
1706	1	3577
2357	3	3216
2504	3	3182
1249	1	3756
3410	1	3572
943	3	1849
1231	3	1153
2868	3	1997
1927	3	979
3382	3	2230
1284	1	3568
322	3	3402
1774	3	936
2206	1	3569
815	1	3568
802	1	3613
1296	3	1875
3354	1	3590
1324	1	3600
2593	1	3571
2453	3	2856
3040	3	3036
3100	3	155
1589	1	3572
1858	1	3568
1839	3	1658
716	3	3491
3305	3	564
514	3	1911
612	1	3620
3234	3	109
1389	1	3568
3104	3	2398
609	3	551
6	3	1704
1635	3	2794
2508	3	1258
2463	1	3581
1124	3	3289
2082	3	325
1267	1	3568
1769	3	1641
752	1	3657
824	3	2116
209	3	1476
393	3	982
2967	3	3439
1189	3	3257
1307	1	3600
2135	3	2786
2221	3	2954
2576	1	3571
335	3	512
88	1	3699
744	3	2785
3216	3	2357
750	1	3576
1541	3	1559
2053	3	1125
838	1	3600
927	3	2613
1266	1	3665
1326	3	2775
1372	1	3568
578	3	1623
1623	3	2439
2976	3	2294
2640	3	1316
3087	3	2398
2225	3	444
456	1	3593
1870	3	3164
1712	1	3609
1008	1	3619
1378	3	1068
1968	1	3574
1512	3	268
3470	3	3169
1380	3	571
2130	3	491
2675	3	2810
139	3	1988
1401	3	720
2064	1	3574
2498	3	1345
849	1	3678
1191	3	666
3443	3	870
1345	3	1698
405	3	532
2004	3	1230
2212	1	3601
1315	3	3026
629	1	3586
2531	3	2229
1743	1	3601
1730	1	3589
2202	3	3226
147	1	3574
956	1	3615
3428	3	951
13	3	2931
300	3	1821
2036	3	344
1103	1	3581
3131	2	4068
1951	1	3574
418	3	311
2179	3	1833
3537	1	3574
721	1	3574
2226	3	3514
1943	1	3584
1695	3	1211
2983	3	1418
1991	1	3606
305	3	1816
2425	1	3569
2644	3	1259
2250	3	1699
1508	1	3590
831	1	3647
1430	3	3458
1134	1	3573
1754	3	2816
2718	1	3649
578	3	818
3122	3	3293
591	1	3584
185	3	3392
2999	1	3569
668	3	3229
3083	1	3626
594	3	3221
122	1	3584
82	1	3582
51	3	1512
1753	3	1250
1466	1	3624
2530	1	3569
1078	1	3591
1853	1	3626
2783	1	3617
1211	3	3012
1461	3	642
2059	3	2449
704	1	3574
1479	1	3609
2965	1	3593
3412	1	3568
1102	3	2411
1342	3	1340
13	3	1187
2981	3	2097
309	1	3582
235	1	3574
363	3	2794
2105	3	2935
3312	1	3568
1939	1	3569
3293	1	4030
1632	3	1075
2028	3	2582
1122	3	1012
2816	3	939
2982	1	3569
262	3	870
2609	3	67
3470	3	270
1591	1	3568
968	3	363
2766	1	3617
2513	1	3569
1536	1	3617
687	1	3574
1143	3	27
1387	3	3087
210	3	2927
3133	3	3176
2189	3	2005
1697	1	3599
1987	3	425
218	1	3574
2408	3	1521
1843	1	3713
1174	1	3581
2234	3	3402
2207	3	3355
1696	1	3568
2279	1	3589
2917	3	1355
745	3	2720
481	3	1645
1467	1	3604
103	3	2033
792	1	3574
1574	1	3568
2693	3	1611
3500	1	3568
985	1	3649
156	3	4
2496	1	3569
3271	1	3604
1132	1	3615
3175	3	1751
3418	1	3570
2329	3	2981
3564	3	347
101	1	3569
1787	3	3023
3275	1	3774
2679	3	1370
2162	1	3584
2937	1	3619
3070	1	3569
3384	1	3594
1966	3	1194
1067	3	3289
1679	1	3568
2408	3	2810
1929	3	1654
1076	3	3104
2508	3	2815
675	1	3569
1865	3	2067
2601	1	3569
482	3	3540
816	1	3637
2744	3	1721
3454	3	2165
1605	3	1162
36	3	620
115	3	2728
2479	1	3569
2234	3	1658
261	3	943
460	3	2989
1249	1	3569
1151	3	696
2537	3	3304
441	1	3589
1263	1	3585
1663	1	3599
3536	1	3585
1258	3	603
687	3	2815
3401	3	1172
781	1	3630
2943	3	2435
2333	1	3613
2013	3	2444
2584	1	3569
658	1	3569
3511	3	2352
1679	3	3240
371	1	3572
405	3	1150
2867	1	3581
135	3	3375
2659	3	857
2981	3	3520
501	3	3402
3467	1	3572
3494	1	3619
1940	3	2261
289	1	3574
2925	3	1243
2079	3	2473
2211	3	1760
724	1	3598
451	3	299
2461	3	3362
3267	1	3568
135	1	3679
1491	3	716
1038	3	2934
2832	1	3574
1650	3	1596
172	3	3265
2940	3	1716
988	3	2275
911	1	3596
950	3	2129
1694	3	1768
1254	3	2661
2130	3	2398
2616	3	1769
429	1	3584
647	3	668
1446	1	3568
3361	3	2223
765	3	674
1080	3	25
2028	3	1911
2869	3	2200
1903	3	2347
721	3	1986
2133	3	1208
2716	1	3600
1011	1	3574
2890	1	3613
3513	3	700
263	3	805
525	3	668
2963	3	988
1933	1	3575
2012	3	2167
3182	3	295
3250	1	3568
1403	3	261
3066	3	3354
2956	3	2749
2838	3	2333
1851	1	3577
2360	1	3609
1966	3	1678
2137	3	1172
2697	3	2450
209	3	2578
2613	3	2949
3473	3	647
3355	1	3568
1429	1	3568
2595	3	465
3403	1	3590
3136	3	745
994	1	3574
679	3	1852
1816	1	3570
2399	1	3591
793	3	2071
676	3	2261
852	1	3630
3321	1	3592
2430	3	471
525	1	3574
986	1	3584
1386	3	261
2892	3	1068
1689	3	187
3180	1	3709
691	3	86
2839	1	3637
883	3	3318
836	3	3357
3199	2	3638
2512	1	3581
2454	3	376
1503	3	3454
571	3	2796
801	3	512
1207	1	3569
2396	1	3832
1740	3	2038
3501	3	695
2308	1	3572
318	1	3641
3498	3	3215
2021	1	3575
449	3	2796
1763	3	2444
3289	3	2077
459	3	3217
2903	1	3574
1564	3	3225
1359	1	3709
3201	3	1625
2432	3	2044
2105	3	2398
3078	1	3591
3104	3	2695
2736	3	2576
1673	3	793
471	3	2417
2357	3	2358
2497	3	1456
559	3	2441
2097	3	2408
308	1	3570
2116	3	571
289	3	1660
1392	3	1812
1517	1	3568
2296	3	3290
1933	1	3709
3161	1	3617
1565	1	3590
1147	3	3238
1365	3	2693
1265	1	3581
997	3	2574
1082	1	3574
3191	1	3581
2167	3	2422
1123	1	3637
322	3	2544
571	3	1641
752	3	1556
18	2	3629
2202	3	2234
3261	3	1224
1250	3	3561
748	1	3589
2600	1	3581
3238	3	2454
3087	3	2695
1637	3	1664
250	3	2422
1296	1	3573
3294	3	1698
3327	1	3624
1398	3	3352
766	1	3596
3074	3	1959
1279	3	78
2370	1	3586
3174	1	3581
1248	1	3581
1065	1	3574
289	3	505
961	1	3584
1658	3	679
2578	3	13
3301	3	1785
3549	3	1834
102	3	301
779	1	3581
1240	1	3591
477	3	1288
3052	1	3581
2133	1	3689
1150	3	2192
1024	1	3639
2122	1	3590
1065	3	1176
422	1	3765
2644	1	3577
2283	1	3572
1653	1	3590
919	1	3618
70	1	3575
1353	1	3581
1792	3	465
2575	1	3591
2950	3	1995
1460	3	3561
3457	1	3590
1220	3	1835
403	3	2794
2329	3	2794
3157	1	3581
1231	1	3581
497	1	3609
944	1	3584
697	3	1760
1089	1	3637
762	1	3581
2835	3	964
81	3	3514
129	3	1637
564	3	3351
3557	1	3568
13	3	1134
1833	3	878
97	3	1945
3305	3	1345
414	1	3580
1762	3	2143
3088	1	3568
1381	3	1258
482	3	909
602	1	3609
2223	3	444
1797	3	1955
341	3	3470
3126	3	1316
3337	3	1623
867	1	3581
2115	1	3786
815	3	638
480	1	3609
1403	3	879
372	1	3614
2224	1	3606
2915	3	3304
517	3	1296
2658	1	3569
937	3	1224
3020	3	2544
2957	3	2283
330	3	338
915	3	3470
3101	3	976
2196	3	2264
920	1	3598
2123	3	2862
3540	1	3568
1244	3	1339
245	1	3568
3145	1	3576
397	1	3580
1319	1	3581
1841	1	3568
1910	3	3402
2098	1	3786
308	3	2006
2389	1	3609
559	3	1770
1432	1	3571
1086	3	870
1395	3	694
2641	1	3569
974	3	3160
2675	3	1147
1250	1	3568
450	3	2889
1383	3	2989
1424	1	3581
2908	3	117
2849	3	1895
1463	3	3259
3230	3	2780
420	1	3582
2681	1	3601
1632	3	2661
1816	3	2167
705	3	3015
2011	1	3772
2855	3	3085
870	3	1857
1824	1	3568
399	3	3108
801	1	3686
1223	3	3017
67	3	2097
2746	1	3569
1380	3	3230
874	1	3644
2747	1	3630
450	3	3239
42	3	465
646	3	1006
1344	3	1852
2413	3	1089
3520	3	3454
234	1	3624
1700	3	3357
3183	3	725
3127	3	2056
1233	1	3568
821	3	670
2412	1	3584
815	3	772
2197	3	1712
1416	3	1779
234	3	1418
772	3	425
2336	3	1113
2994	1	3574
1157	3	1833
492	1	3667
763	3	2273
1181	1	3591
2633	1	3569
3115	3	2482
1807	1	3568
3239	1	3632
73	3	457
3497	3	3371
443	1	3614
1657	3	533
1816	3	1012
1403	1	3569
2729	1	3569
2914	3	152
1337	3	1698
2987	3	3308
3520	3	1360
2816	3	1370
1845	3	1316
2107	3	425
2403	1	3574
257	1	3626
2755	3	3056
2905	1	3647
3099	1	3574
556	1	3604
812	1	3569
2450	3	3402
2068	3	1911
217	3	1418
2984	3	3549
3385	3	5
2977	1	3574
2374	3	3110
338	3	1751
3071	3	2435
464	1	3568
2508	1	3574
571	3	3548
1386	1	3569
1048	1	3606
3405	3	2578
1651	3	1924
898	3	571
1221	3	3238
453	3	99
1799	1	3568
3082	1	3574
2485	3	564
1770	3	2165
1644	1	3612
795	1	3569
2013	3	647
1546	3	1493
2566	1	3613
3071	3	341
2960	1	3574
1003	3	750
893	3	145
3448	3	275
740	1	3618
2130	3	2695
2610	3	1259
2974	1	3590
3069	3	2501
447	1	3568
2491	1	3574
1369	1	3569
1468	3	2075
2336	1	3618
1261	1	3574
511	3	2037
1063	3	2416
2291	1	3570
3289	3	735
807	3	2815
151	3	3392
2543	3	250
2965	1	3569
1204	3	3238
2631	1	3611
3065	1	3574
295	2	3778
1417	3	2294
1833	3	2435
2812	3	745
867	3	2582
670	1	3574
1006	3	1828
1926	3	1162
1474	1	3569
3354	3	3530
2007	3	2038
2658	3	850
181	1	3660
470	1	3570
430	1	3568
1692	1	3580
1982	3	2658
2782	3	1720
1016	3	361
1352	1	3569
3088	3	2919
3170	1	3574
1244	1	3574
2649	1	3591
654	3	3122
712	3	1492
1640	3	3464
2465	3	1361
3221	3	2267
564	3	2814
1464	3	161
525	3	2254
3048	1	3574
522	3	1909
2451	3	564
1770	3	1360
3464	3	308
3523	1	3600
2639	3	3037
535	1	3568
2191	3	204
2762	1	3581
653	1	3574
116	3	3364
366	3	3067
1457	1	3569
1832	1	3590
604	3	3402
2196	3	3232
66	1	3568
2069	3	557
1676	3	2748
1881	3	3157
699	3	2796
435	3	1721
705	3	250
1686	3	725
516	3	2597
1706	3	460
1126	2	3918
6	3	2887
1227	1	3574
664	3	3169
1123	1	3584
1379	3	404
2634	3	2611
2831	3	1546
866	1	3569
858	2	3804
880	1	3604
2149	1	3575
2576	3	2198
2695	3	2618
1972	3	493
2182	1	3884
2952	3	2825
3149	3	1006
114	3	603
1469	3	2815
3214	1	3581
3119	1	3598
3406	3	1224
78	3	2814
3546	3	322
518	1	3568
1293	1	3603
1300	3	1134
3476	3	2736
2445	1	3572
2289	1	3612
49	1	3568
1763	3	647
2612	3	1835
951	3	1072
3312	3	3540
742	3	1432
1223	3	602
2375	2	3780
2589	3	1223
2883	1	3705
1406	1	3593
3319	1	3581
1073	3	1658
1816	3	691
982	3	2434
1106	1	3584
2544	3	765
2328	1	3594
2146	3	1418
2315	1	3582
2615	1	3591
2028	1	3585
924	1	3581
674	3	1507
2724	3	74
1367	3	3432
2720	3	3287
1499	3	2776
2510	1	3570
270	3	2454
1024	1	3586
1507	3	86
2805	3	950
3377	3	2963
442	1	3626
35	3	929
1219	1	3574
1685	1	3785
2920	3	1224
2187	3	2612
2586	1	3637
1130	3	3535
1038	3	2560
488	3	2848
2425	3	1257
1946	1	3617
1093	3	1551
2598	3	3108
1468	3	465
3007	3	2937
438	3	2189
1247	3	1419
1800	3	3549
3302	1	3581
420	3	58
689	1	3570
1564	3	2717
3002	1	3572
2161	3	1666
1611	1	3571
3261	3	2810
2011	1	3585
3431	3	1698
265	3	2967
2291	3	2006
673	3	1045
1694	3	2333
1759	3	3261
1024	3	1538
1775	3	3209
2022	3	1286
2260	3	2728
2711	1	3581
638	1	3789
599	3	3110
186	3	78
2018	1	3672
1447	3	295
1677	1	3600
2343	3	299
1481	1	3581
3233	1	3568
2810	3	571
3407	1	3581
2680	3	1894
664	3	270
1716	1	3571
144	3	2792
2406	3	2663
2644	3	1853
1244	3	347
2869	3	2176
3073	1	3596
772	1	3575
2232	3	1690
3437	3	3238
1989	3	2855
1452	1	3627
973	3	1033
2825	3	1779
3004	3	1027
256	1	3614
2951	1	3596
1020	3	2304
1822	3	2386
778	1	3601
3032	3	1135
738	1	3599
3327	3	1499
3243	1	3615
3317	3	3094
2358	3	2446
526	3	2189
1006	3	1507
296	1	3646
1288	3	3357
489	3	2649
1688	3	3371
396	3	1068
1128	3	2446
1317	3	2907
2067	3	0
1102	3	561
3209	1	3639
3256	1	3600
938	3	1935
570	3	1816
393	1	3707
2130	3	1219
1773	1	3590
1577	1	3571
522	3	2177
1645	3	344
980	1	3898
2716	3	3248
543	1	3590
2232	3	2979
3308	1	3613
1890	3	2301
286	1	3575
309	3	3498
1157	3	2935
1569	1	3581
835	1	3609
2167	3	1698
647	3	2872
86	3	988
2566	3	870
279	1	3646
2560	3	63
2118	1	3626
2795	1	3569
1650	3	1706
212	3	2097
2663	3	3183
703	3	3234
3169	3	2097
1176	3	2414
1222	3	3489
2644	3	1987
644	1	3596
1422	3	813
226	1	3581
2354	3	1471
3479	3	305
744	1	3601
2549	3	3122
1714	1	3624
2543	3	63
1326	1	3591
2778	1	3569
2552	1	3568
626	1	3568
665	3	3438
737	1	3672
3397	3	307
1665	1	3571
543	3	229
2442	3	936
1226	3	626
45	3	679
2633	3	1310
557	1	3582
743	3	1172
3077	3	1694
3214	3	3491
1599	3	2083
2261	1	3577
917	3	21
38	3	750
435	1	3582
939	3	3429
571	3	2556
1157	3	2130
340	1	3599
957	1	3569
2175	3	647
1932	3	1812
2292	1	3794
40	1	3590
2044	3	2330
3175	3	251
3180	3	1263
622	1	3580
2535	1	3568
2653	1	3574
144	3	1182
322	1	3571
3102	3	879
1531	1	3569
3004	3	2450
931	3	1551
2801	1	3601
2823	3	3110
3197	3	3491
1062	1	3569
1824	1	3649
2271	1	3624
3277	3	543
1164	3	904
3227	1	3574
1461	3	215
292	3	2693
192	1	3581
246	3	1073
1525	3	3364
1789	1	3612
3546	3	3168
2179	3	2695
1521	3	161
2206	3	1578
3220	1	3645
1933	3	1263
2518	1	3568
1091	1	3705
2636	1	3574
2934	3	3372
305	1	3571
3440	1	3569
1514	1	3569
2165	3	2454
708	3	3363
3496	3	574
297	1	3581
1550	3	650
580	3	2347
1045	1	3569
1850	3	1234
469	3	2799
1134	3	2229
1927	1	3568
3210	1	3574
2450	3	2544
2849	1	3569
978	3	1667
1224	3	2920
1690	3	3131
697	1	3568
2623	1	3568
3561	3	2450
588	3	3040
2399	3	1279
2890	3	870
917	3	155
228	1	3568
300	3	939
2501	1	3568
3422	3	2070
1373	3	699
3438	3	854
3464	3	295
133	1	3615
106	1	3568
2032	1	3568
2807	1	3603
1285	1	3584
1443	3	2032
261	3	1671
1028	1	3569
3434	3	1270
1989	3	440
1826	3	3174
3389	1	3593
691	3	330
2202	3	250
1868	3	3298
548	3	1853
391	1	3658
149	3	2092
680	1	3568
2606	1	3568
1492	3	2435
211	1	3568
2242	1	3619
3085	3	427
3314	3	1701
2147	3	3126
1133	1	3569
646	1	3592
930	3	2210
1206	1	3725
1868	1	3602
2489	3	3259
2507	3	2327
2417	1	3636
2987	3	1645
2015	1	3568
89	1	3568
3298	1	3574
2792	3	933
1380	3	2856
638	1	3602
1288	3	1881
3004	3	2934
1657	3	2253
3467	3	1929
2407	3	3261
666	3	3373
785	1	3568
564	3	78
2336	1	3699
1378	1	3657
3072	1	3584
1304	1	3649
1708	1	3630
1992	3	3002
2194	1	3755
2852	3	700
2068	1	3585
1381	1	3574
185	3	416
1875	3	2647
47	1	3602
3346	3	1754
194	1	3568
1292	3	1091
1187	3	687
2072	1	3755
51	3	2508
3185	1	3574
114	2	3708
661	1	3840
270	3	1462
1116	1	3569
1729	3	3472
2116	3	1754
2867	3	2261
3477	3	256
437	3	5
1955	1	3574
3549	2	4098
2507	3	1172
2640	3	1857
1734	3	640
934	3	2332
2393	1	3707
3191	3	2558
2014	3	2398
951	3	1369
3428	3	1142
1364	1	3574
1825	1	3584
104	1	3610
2586	1	3584
322	3	694
2594	3	1721
626	3	1226
177	1	3568
949	3	3540
1838	1	3569
2626	1	3616
6	3	2029
215	3	1316
1721	3	3287
375	3	3155
1938	1	3574
2057	3	95
1234	1	3584
3467	3	1124
954	3	1118
1540	3	1446
3314	3	1835
824	3	2441
1469	1	3574
2612	3	38
3150	3	3209
3244	3	687
3337	3	578
3173	1	3569
3087	3	1784
3279	3	1798
1211	3	2264
921	3	1748
1263	3	3180
1347	1	3574
1160	3	3443
1698	3	2450
2795	3	1176
117	1	3574
878	1	3574
1339	1	3584
1800	3	1402
1970	3	482
1989	3	1863
2510	3	2600
2229	3	0
3561	3	1779
3011	3	2067
1600	1	3769
462	1	3816
2972	3	1507
3289	3	469
931	3	3108
1921	1	3574
2238	3	1535
2696	1	3609
643	3	1360
2601	1	3626
3423	3	2005
1452	1	3574
1577	3	2275
330	1	3569
1613	3	2693
559	3	3169
741	1	3655
3077	3	1507
441	1	3646
100	1	3574
1505	1	3591
2026	1	3574
2755	3	2816
141	1	3637
635	1	3573
2761	1	3607
2960	3	398
3208	3	188
3209	1	3586
3020	3	344
1512	3	943
715	3	1816
2586	1	3718
2622	1	3580
3418	3	2518
1335	1	3569
658	1	3626
179	3	1032
1618	1	3581
1309	3	67
1435	1	3574
2330	3	1355
105	1	3569
2403	1	3684
3515	3	1825
3526	3	234
2268	3	2435
1427	1	3584
3070	3	2517
3273	3	186
869	3	781
1909	1	3569
1698	3	1645
1788	1	3600
2305	3	3459
2831	1	3570
426	3	976
223	3	2143
2832	1	3631
3536	3	1594
2374	3	3220
561	3	3237
758	1	3789
536	1	3575
2454	3	1238
1774	3	2095
1339	1	3718
1601	1	3581
2423	1	3577
2515	3	2935
3548	3	3238
88	1	3569
2523	1	3582
3379	1	3584
831	3	985
1936	3	3437
2460	3	2075
2580	3	2347
188	1	3574
2239	3	2275
2796	3	2855
1443	3	556
1369	3	3375
2814	1	3570
1153	3	615
1633	1	3623
154	1	3598
529	3	1248
484	1	3571
806	3	645
1706	1	3581
3127	3	2300
1851	1	3634
671	3	603
337	3	645
1958	1	3598
3261	3	1147
1022	3	2816
95	3	2416
520	1	3636
1584	1	3581
2433	1	3624
897	1	3570
3086	3	3176
2106	1	3568
2345	3	1172
354	1	3581
433	3	100
2563	3	2347
1000	3	1101
185	1	3590
2846	1	3623
1961	3	1309
2993	3	1006
328	3	3432
2980	1	3577
1190	3	1797
341	3	1754
1477	3	687
2680	1	3568
1032	3	1379
2057	3	363
2585	1	3585
659	1	3585
461	3	2427
75	3	587
612	1	3624
1689	1	3581
1767	2	3984
2202	3	63
2211	1	3568
4	3	1852
1541	1	3584
919	3	985
2946	1	3601
2515	3	2130
915	3	1754
3155	3	2533
2089	1	3568
2774	3	3061
1403	3	2546
1408	3	2747
988	3	2466
1240	3	1116
1943	3	3500
2165	3	1462
3225	3	21
3374	3	1997
2001	3	2836
2456	1	3656
1307	1	3604
1793	1	3729
3354	3	1546
1646	1	3584
3051	1	3601
2663	1	3568
63	1	3569
838	1	3604
1868	3	1017
1746	1	3589
1910	3	1686
1727	3	1679
3117	3	1074
2194	1	3568
3450	1	3584
1597	3	558
580	3	2294
974	3	1444
2441	3	2855
2206	3	1875
2072	1	3568
2095	3	3491
1386	3	2546
559	3	3437
3156	1	3601
2025	3	91
818	3	703
1677	3	1959
181	3	2661
555	1	3571
2960	3	3110
3317	3	2720
373	1	3568
1437	1	3570
32	3	1125
1629	1	3584
1637	3	1721
2436	1	3867
3034	1	3601
3068	3	1179
3364	1	3574
1403	3	802
233	3	2674
2251	1	3576
2177	1	3568
1154	1	3686
2024	3	188
2589	3	1333
2135	3	1046
2517	1	3609
3534	1	3593
2904	1	3611
2603	3	3069
3466	1	3657
2460	3	465
2869	3	647
2679	3	3334
2751	1	3568
2116	3	2856
85	3	1698
3115	3	3210
2150	3	1698
2301	3	524
165	3	2722
356	1	3568
3347	1	3574
813	3	2347
753	3	3519
367	3	1679
44	3	2574
1386	3	802
2070	3	1613
2758	1	3655
2160	1	3568
2871	3	1089
3009	1	3611
1563	3	558
2349	3	2765
2790	3	788
1908	1	3581
2920	3	2273
3217	1	3584
2022	1	3602
1900	1	3591
3397	3	2966
370	3	3481
173	1	3719
909	1	3604
1526	1	3574
2189	3	720
773	3	604
2364	3	3238
2402	3	2782
339	1	3568
1196	3	2893
1970	3	1234
1052	3	1756
638	3	1528
2313	1	3590
1688	3	2192
3330	1	3574
2013	1	3581
3476	3	2041
1704	1	3569
1099	3	2273
2853	3	2927
1483	1	3604
1686	3	1908
642	3	1698
939	3	2116
596	3	78
2005	1	3591
662	1	3612
1063	3	2794
1629	1	3718
2450	3	2036
2608	3	1909
2920	3	2435
1828	3	2229
1776	3	3155
2183	1	3600
1342	3	1694
3288	1	3608
2658	1	3626
399	3	937
860	1	3709
2430	3	3240
3218	3	3287
1509	1	3574
2609	3	3454
2523	3	1213
3435	1	3574
1367	1	3630
1801	1	3593
2877	2	3744
3348	3	38
84	3	2935
300	3	1370
3313	1	3574
1174	1	3585
1996	1	3581
2556	3	2097
3158	1	3618
1696	1	3572
2083	1	3574
1551	3	1492
161	3	2097
2723	1	3624
3447	3	2820
1614	1	3574
3091	3	962
2396	1	3568
2699	3	2422
2931	3	51
1577	3	344
2896	3	250
3271	1	3608
2677	3	3561
2675	3	1204
843	1	3709
1460	1	3679
1626	3	1881
2341	1	3617
1492	1	3574
1763	3	2180
2358	2	4024
758	1	3602
1555	3	3146
3418	1	3574
2232	3	645
530	3	964
905	1	3568
1780	3	3469
2252	1	3896
1656	3	1492
1852	3	13
349	3	813
1006	3	3495
2648	3	978
2850	3	114
746	3	3135
2074	3	2856
2154	1	3598
2850	3	3497
3205	3	2497
945	3	1573
2574	3	1909
3008	3	1872
1780	1	3581
703	3	3344
1597	1	3574
1013	3	1330
962	3	2862
3372	3	687
3301	1	3569
3546	3	700
1745	1	3601
3369	1	3679
3126	3	1507
1549	1	3582
1338	3	1658
2931	3	1340
1137	3	1772
158	1	3581
1944	3	2866
2071	1	3569
614	3	2107
843	3	3381
1600	3	2449
888	1	3568
173	3	2586
3314	3	38
1639	3	1492
405	3	215
299	1	3649
378	3	168
1555	1	3608
2797	3	3079
1570	3	1704
3462	3	2509
2484	1	3568
264	1	3612
2835	3	2444
1073	3	2036
1480	1	3569
1408	1	3827
1954	1	3591
2067	3	3277
2441	3	440
1763	1	3581
673	3	2578
1580	1	3574
1399	3	3149
741	3	615
2096	3	2827
2384	3	986
2803	1	3998
1511	1	3786
3126	3	1857
546	1	3593
3103	3	1245
1012	3	114
3373	3	2582
2054	1	3569
2402	3	1172
687	3	725
2637	1	3590
2725	1	3614
1246	1	3589
3428	3	1573
2588	3	1345
2510	3	1742
526	3	3372
3339	3	2606
804	1	3636
2544	3	1493
1298	3	2709
906	3	3415
1685	1	3574
2467	1	3568
2650	1	3575
1261	3	725
1820	1	3589
1086	1	3617
1459	1	3584
2105	3	2268
2821	3	109
331	3	2435
2298	3	3252
2522	3	161
2840	3	2065
2186	1	3627
3055	1	3584
3170	3	2038
2820	3	2886
1758	3	1709
2143	3	2943
1120	3	3061
2540	3	2612
2495	3	1598
2831	3	1469
2068	3	3257
1851	1	3581
2872	3	1179
3161	3	1089
3443	3	687
3077	3	1588
3555	1	3576
2046	1	3569
120	1	3569
1769	3	303
11	3	789
300	3	699
1042	1	3570
1442	1	3584
39	3	86
2240	3	1469
3128	3	1719
506	3	2449
600	1	3617
3387	3	2957
2190	3	810
1816	1	3574
2216	3	251
1449	3	1690
1529	1	3577
497	3	3017
1968	1	3741
189	1	3707
1300	1	3613
968	3	3429
1808	1	3584
1573	3	2886
325	1	3574
898	3	2856
2408	3	1204
2611	3	946
1221	3	1551
551	3	813
2029	1	3569
1701	3	1835
3285	3	1911
210	3	3549
139	3	3094
602	3	3017
3434	3	1179
412	3	3260
1017	1	3580
1064	3	1924
460	3	1383
2273	3	3067
1045	3	3351
2490	3	17
279	3	3131
1606	3	3545
1791	1	3584
3196	1	3601
208	1	3569
491	3	436
1491	1	3575
3232	3	3183
1269	3	2889
308	1	3574
2787	1	3604
3040	3	1243
485	3	3012
175	3	2582
984	3	1812
1904	1	3574
3284	3	3139
1123	1	3641
835	3	2720
1622	3	2915
3226	3	1006
645	3	1243
2598	3	937
384	3	687
1027	3	2189
1344	3	1588
313	1	3569
655	3	3384
1547	3	3229
700	1	3571
2451	3	1910
2636	3	3110
191	1	3569
246	3	1667
3509	1	3574
3373	3	1911
642	3	2450
2623	3	475
1819	3	2200
2653	3	457
158	3	2582
1887	1	3574
1113	3	1172
3071	3	1821
892	3	1019
1444	3	1398
296	1	3569
1392	3	72
394	1	3661
441	3	2005
356	3	178
1370	3	2318
731	1	3593
2355	1	3671
2618	3	1769
561	3	1924
3405	1	3581
13	3	3232
2193	3	123
2057	3	3238
2614	3	465
2875	1	3604
3179	3	799
1044	3	71
2896	3	63
2308	3	3002
3076	3	1816
3492	1	3574
1665	3	1901
2380	1	3637
1548	3	3236
2887	3	1911
3163	3	1055
1935	3	3238
308	3	2815
3275	1	3591
1766	1	3584
1267	3	3110
2255	3	1645
3171	1	3601
2345	1	3600
455	3	3535
2610	3	645
552	3	2267
2058	1	3603
3032	3	2347
3262	3	63
279	1	3569
1054	1	3604
3480	3	3292
423	3	1399
674	3	2853
2004	3	2820
2167	3	2560
3088	1	3572
310	3	3257
1698	3	2560
1020	1	3628
1262	1	3577
517	3	361
1228	1	3590
438	3	152
642	3	1645
2198	3	1613
2816	3	3334
492	3	981
867	1	3585
1775	3	233
2136	3	2693
3176	3	3110
3564	3	482
96	3	3210
1894	1	3637
398	3	2722
772	1	3632
2981	3	2398
3480	1	3569
3250	1	3601
2308	3	1258
262	1	3569
598	3	1012
1925	1	3854
2195	3	1854
2260	3	691
2886	3	1078
95	3	2981
1067	1	3568
1245	3	3094
1640	3	2850
105	3	3402
720	3	2352
604	3	1849
2059	3	3100
3363	1	3591
1746	3	1972
2271	3	2304
3211	1	3609
401	3	1901
881	3	465
2005	3	3210
1129	3	3120
2715	1	3581
1361	3	1503
3463	1	3569
3543	1	3839
3563	1	3574
1738	1	3610
1741	3	1546
2829	1	3602
1438	1	3601
2311	3	448
526	3	152
459	1	3793
1050	1	3568
921	3	1053
1288	3	1320
2255	3	1779
751	3	475
2618	3	2253
2995	3	114
3017	3	695
23	3	3209
3545	3	1546
2646	1	3568
3120	1	3590
1805	3	1662
1221	3	3108
460	1	3618
1898	3	799
3046	1	3582
441	3	3428
943	3	674
114	3	3372
2836	3	2647
3086	1	3614
2698	1	3581
485	1	3584
3220	1	3568
2919	3	3026
1060	3	2722
2045	3	1704
311	3	964
75	3	2441
3156	3	1610
494	3	618
1929	1	3572
3117	3	1050
1033	1	3568
766	3	2975
3094	3	2690
3199	1	3604
2988	3	2434
2107	1	3581
1300	3	870
1425	1	3771
2778	1	3626
3239	1	3636
2195	3	1988
1698	3	3044
2770	1	3636
1534	3	2728
1588	3	1658
465	3	3491
362	3	2034
596	1	3846
2503	3	2690
1006	3	1698
1873	1	3601
3203	1	3568
3131	3	136
963	3	1153
1150	3	1875
1176	3	1316
1178	1	3600
2366	3	1078
3156	3	2899
3522	3	308
3169	3	1221
3131	3	3519
3427	3	325
1989	3	363
2805	3	1625
164	3	3226
186	3	1908
1362	3	1462
3003	3	813
167	1	3672
3018	3	1435
1678	1	3592
1147	3	2116
1698	3	1889
974	1	3602
2611	3	1109
3420	1	3733
524	3	3002
563	3	3209
3093	1	3677
2759	3	1136
2669	3	2518
1169	1	3590
874	1	3782
165	1	3591
1789	1	3669
2388	3	2392
3040	3	1056
3300	1	3589
572	1	3681
157	1	3601
2470	3	2165
1551	3	2273
343	3	437
581	3	1879
3195	1	3568
1269	1	3568
3463	3	3243
2191	1	3569
2816	3	3013
2336	1	3622
3026	3	2714
1726	3	1183
2824	1	3660
1187	1	3570
2162	3	1813
29	3	187
811	3	3534
1067	3	691
3564	3	1132
2991	1	3570
674	3	438
852	1	3581
2699	3	1698
2089	3	1630
166	3	2149
2296	1	3569
2697	3	2751
239	3	2107
174	3	1179
620	3	548
470	1	3574
1252	1	3568
3296	1	3574
3331	3	1758
2720	3	3157
330	3	960
2174	1	3569
2543	3	604
3023	1	3612
2570	3	3459
2216	3	548
2066	1	3574
1276	3	136
2728	3	114
2755	3	161
1779	1	3577
2704	3	1340
1705	1	3569
2736	3	1588
3096	1	3570
2126	1	3577
1387	3	3067
1648	3	425
704	3	1506
2187	3	38
2308	3	2815
3048	1	3578
2195	3	3411
1276	3	3519
3105	3	982
3273	3	564
2893	1	3622
700	3	2275
712	3	2435
949	3	3463
1357	1	3568
3020	3	1072
1853	3	2497
353	1	3569
406	3	2720
715	3	2544
2279	1	3569
453	1	3574
3161	1	3568
299	3	2032
824	3	2364
1626	3	2446
1521	3	2796
2572	1	3649
2157	1	3569
1017	3	540
389	3	471
2049	1	3574
3079	1	3570
3467	3	1986
940	1	3581
419	1	3598
1688	1	3569
1941	3	1208
3004	3	547
324	1	3615
974	3	749
3304	3	668
3453	3	1189
2291	3	2815
3066	3	2850
1823	1	3584
3147	3	3373
1340	1	3568
2333	3	687
2569	3	1109
810	3	254
2289	1	3616
2262	1	3569
47	1	3659
336	1	3569
871	1	3568
1837	3	1804
1915	1	3599
1258	1	3570
1312	3	1062
1154	1	3580
3321	3	532
3232	1	3592
3519	1	3589
3043	3	1104
41	1	3582
2228	1	3593
3109	3	194
470	3	2815
95	3	2794
757	3	1705
38	3	3519
1468	3	2563
1640	3	2663
1521	3	1641
1928	1	3584
2315	1	3586
334	1	3662
1445	1	3568
2836	1	3569
3137	1	3582
3369	3	2038
441	1	3569
2413	3	2061
580	3	444
1022	3	161
3512	3	700
2316	3	3131
2802	1	3593
1323	1	3568
2120	3	2920
878	3	3169
904	3	2610
2502	1	3584
2245	1	3569
2176	3	444
74	3	904
854	1	3568
1086	3	687
1415	3	2498
2799	3	114
1493	3	603
1015	1	3569
1363	3	1172
161	3	2796
3313	1	3684
689	1	3574
1938	1	3631
1911	1	3584
3194	1	3590
2248	3	1280
1966	3	3402
3050	3	3261
1428	1	3568
2670	3	2982
587	3	1662
1081	1	3598
424	1	3569
2634	3	2749
314	3	2435
77	1	3599
511	3	1370
3415	1	3575
1650	3	1576
2071	3	19
2711	1	3585
1347	1	3631
1296	3	3546
1822	1	3657
1838	3	1605
90	1	3584
960	3	86
2398	3	2856
578	3	2005
3043	3	299
2675	3	2253
3043	1	3636
2598	1	3574
672	1	3574
43	3	2915
964	1	3593
1411	1	3568
156	1	3613
807	3	2498
1425	1	3584
1748	3	1072
3338	1	3572
3436	3	384
2927	3	735
3	1	3570
1147	3	640
1057	3	2776
2479	1	3683
2864	3	1754
2468	1	3584
2782	1	3609
3434	3	3100
447	1	3601
2299	1	3593
886	1	3765
1966	3	1658
15	3	1877
777	1	3574
1428	3	2459
1552	1	3609
1447	3	1588
2326	1	3640
1850	3	1909
3169	3	95
3352	3	102
1328	2	3949
209	3	114
1522	3	493
261	1	3613
616	3	3440
2922	1	3646
2581	1	3574
3403	1	3570
3203	3	229
1835	3	3314
174	3	1797
647	1	3584
2408	3	1769
582	3	3464
1923	3	1086
2719	3	361
878	3	270
1187	3	2167
1569	1	3585
2365	3	2523
2923	3	1854
330	3	1578
953	1	3619
1195	1	3568
1370	3	2749
1243	1	3590
2731	3	2005
2303	3	405
760	1	3574
3461	1	3609
1845	3	2422
1982	1	3584
801	1	3637
2200	3	1422
2379	3	670
652	3	1208
1052	1	3593
1976	1	3686
1072	3	1890
2510	3	1852
291	1	3574
14	3	308
752	1	3584
2264	3	2672
764	3	2127
1546	3	1310
3339	1	3609
1613	3	1006
3551	3	2273
1678	2	3980
2471	3	2584
1762	3	1639
2044	3	3489
1348	1	3590
644	1	3600
1204	3	2116
865	1	3574
640	3	1224
1605	3	471
301	3	3317
2972	3	1698
105	3	2544
276	1	3655
3005	1	3624
444	1	3596
3190	1	3736
1226	1	3590
1892	1	3626
3371	3	870
743	1	3574
2263	1	3662
692	3	3489
2590	3	937
1273	3	1698
2014	3	1784
2882	3	47
399	3	376
274	1	3574
2140	1	3601
524	3	1660
3266	3	849
749	1	3600
2366	3	86
3077	3	1698
2261	1	3581
2433	1	3681
1087	3	1357
898	3	2616
1031	1	3581
1852	3	1546
848	1	3574
1189	3	2029
1734	3	376
3215	3	1068
1551	3	931
2940	3	86
2452	3	2856
2881	3	1864
3222	3	2690
378	3	1351
1575	1	3617
3429	3	939
3127	1	3600
3182	3	1698
2445	3	2927
120	3	1658
2123	1	3601
1323	3	849
1488	3	2889
1273	3	543
2246	3	1456
3046	1	3663
1141	3	1812
250	3	308
349	3	252
1038	3	3182
1749	3	68
3044	1	3571
3221	3	2434
3431	3	1381
1087	3	2646
831	1	3574
2236	1	3591
2408	3	2253
3480	3	2918
2817	3	183
125	3	3373
545	1	3581
1773	3	1872
251	3	1853
3556	3	3183
638	3	1101
86	3	1476
2818	1	3581
3221	3	3373
3340	1	3568
1814	1	3582
1449	3	645
2134	3	2816
2336	1	3569
2494	1	3634
2097	3	2522
271	3	807
1517	1	3682
197	3	799
1119	1	3581
2616	3	2956
3258	1	3570
751	3	1845
344	3	765
292	3	603
2731	3	3428
997	1	3581
257	3	566
2623	1	3572
3445	1	3568
246	3	2366
2409	3	1704
460	3	2782
330	3	3351
3323	1	3568
2504	3	344
3537	3	647
890	3	687
2854	1	3568
928	1	3568
255	3	3312
1541	3	465
1877	1	3616
398	1	3591
1512	3	679
1300	3	2240
980	1	3581
2893	1	3569
1088	3	3
3289	3	1386
1502	1	3568
3428	1	3568
1157	3	2618
1721	3	3157
2167	3	1381
1261	3	164
1281	3	78
1696	3	1878
2424	1	3569
3522	3	3183
1224	3	1769
1394	3	849
2815	3	3258
2998	3	2912
3306	1	3568
2676	1	3586
2487	3	344
721	3	1429
2267	3	3049
1338	3	292
2076	1	3568
1505	3	1279
2390	1	3593
2837	1	3568
651	1	3618
21	1	3636
638	1	3606
796	1	3671
1085	1	3581
2629	3	2917
3511	3	51
785	1	3572
1607	1	3568
949	3	1316
169	1	3606
1016	3	1012
569	1	3620
1477	3	2167
1787	3	506
2055	1	3604
3002	3	402
3564	1	3611
1395	3	1613
1645	3	1316
1485	1	3568
691	3	1623
909	3	324
2964	1	3593
3411	1	3568
47	1	3606
894	3	3438
1016	1	3568
3357	3	2785
2081	1	3574
363	3	2855
2447	1	3601
1881	3	425
2059	1	3568
1283	3	2590
2820	1	3568
2147	1	3592
2223	3	558
2073	1	3584
3222	1	3636
1122	3	1073
730	3	2533
1590	1	3568
526	3	2006
226	1	3614
3354	3	3026
1650	3	234
3018	3	3155
586	1	3569
3163	3	2454
1842	1	3585
3247	1	3602
1856	1	3601
1523	3	912
2109	3	1240
2749	3	2435
3394	1	3568
3541	3	951
104	1	3614
256	3	444
1098	3	3238
2135	3	1237
3497	3	3351
999	1	3568
2697	3	3182
2973	3	3080
94	3	2485
172	3	2842
1204	3	640
2410	3	2794
3301	3	2033
2048	3	2183
2430	1	3601
1728	3	187
2760	1	3574
3122	3	2549
1826	3	279
2214	1	3649
3535	1	3609
1573	1	3568
2566	3	687
1706	3	2989
2757	3	95
2864	3	2856
2495	1	3569
2956	3	1387
867	3	3367
788	3	3158
3252	3	2919
2169	1	3574
2192	3	3497
2388	1	3635
2572	3	1524
2630	1	3584
2651	3	1733
2145	3	3183
3270	1	3634
939	1	3574
578	1	3569
1493	3	1839
95	3	1936
383	1	3611
2743	1	3574
3116	3	204
1976	3	512
813	3	444
2727	3	2937
1739	1	3575
230	1	3568
256	3	2672
2274	1	3574
348	1	3574
1152	1	3569
3099	3	3226
1665	3	51
3245	3	2586
1417	3	1924
2152	1	3574
2541	3	2596
2613	1	3584
1270	3	2533
2938	3	3019
2444	1	3593
785	3	1658
922	1	3574
2848	1	3574
3327	3	861
3510	3	114
561	1	3569
780	1	3630
1470	3	2722
2292	1	3611
2726	1	3574
2184	1	3616
1414	3	2165
705	1	3591
1966	3	2544
2721	3	592
102	3	3127
213	1	3568
2866	3	2143
2164	3	2820
331	1	3574
2257	1	3574
105	1	3573
58	1	3612
511	3	2956
1135	1	3569
2732	1	3600
3422	3	2692
1484	3	1425
323	1	3584
3167	1	3624
1309	3	3454
2731	1	3569
3314	1	3590
1865	3	384
918	1	3586
1246	1	3646
1451	3	2055
2127	1	3584
171	1	3602
2234	3	564
2831	1	3574
544	1	3569
3182	3	2450
1624	3	2216
318	1	3568
3431	3	1194
436	1	3574
115	3	1045
1981	3	1072
911	1	3657
2336	3	72
196	1	3568
1852	3	204
2240	1	3574
2314	1	3582
1118	1	3569
2100	3	960
2641	2	3638
1010	1	3574
1660	3	1853
92	3	1372
21	3	917
2714	1	3569
212	3	2398
3155	3	309
1084	1	3593
454	1	3611
2677	3	1658
2814	1	3574
1403	3	322
2902	1	3598
2979	3	1924
2828	1	3590
2997	1	3581
3528	1	3569
301	1	3568
939	3	2441
1496	3	194
419	1	3574
880	1	3584
1567	3	1403
1729	3	3155
2107	3	2767
2528	1	3581
1242	3	115
3077	3	1645
1814	1	3745
3283	3	587
746	3	1232
1901	3	1546
2223	1	3574
2371	3	3061
1602	3	2143
2890	3	687
1156	3	1667
86	3	2578
671	3	1546
993	1	3574
1678	3	1654
818	3	1512
1344	3	2450
1863	3	1221
2697	1	3569
3472	1	3604
2015	3	2142
2980	1	3581
3437	3	640
2332	3	3440
1386	3	322
1808	1	3641
3054	3	808
657	3	1305
2204	3	3531
284	1	3568
2006	3	1546
2511	1	3581
402	1	3574
3372	3	2167
63	3	78
298	1	3584
620	3	658
1929	3	105
2831	3	2815
1458	3	2501
2418	3	3402
1748	3	1853
2623	3	1337
1380	3	1734
763	3	427
3332	3	1929
2163	1	3580
1025	1	3627
744	3	1854
2799	3	679
1698	3	1194
3077	3	2934
1342	3	3308
68	1	3589
425	1	3609
2339	1	3850
1749	3	3398
3004	3	2751
266	3	2422
3485	1	3568
942	1	3598
3086	3	1436
2522	3	2796
1845	3	2853
2036	3	1507
1864	1	3599
2494	1	3581
2405	3	542
3182	3	2934
785	3	3431
2340	1	3686
3076	1	3571
456	1	3601
359	3	2145
2542	3	1750
2632	1	3705
2897	3	750
1155	3	256
1977	1	3589
3068	1	3581
2618	3	2981
1677	1	3580
1534	3	2167
1694	3	3252
3468	1	3568
231	1	3628
2734	1	3596
1091	3	1608
461	3	1626
3071	3	939
1547	1	3590
3218	3	3157
3508	1	3600
2607	3	2304
1051	3	3090
2904	1	3615
1027	3	152
1829	1	3571
2617	1	3618
3447	3	1751
1212	3	3072
2546	3	1546
438	1	3570
3199	3	2715
648	3	2180
1759	3	2086
2751	1	3572
3382	3	2722
1688	3	3351
2582	1	3581
941	3	3367
2729	3	964
435	3	91
2407	3	2273
911	3	3032
2449	3	2589
3263	3	2831
2068	3	1704
2748	3	2920
1096	1	3627
3352	3	1017
2229	3	2850
2350	3	3375
543	1	3570
496	1	3609
1640	3	679
2515	3	2618
2189	3	3168
3556	1	3568
1626	3	2690
3512	3	2688
279	1	3626
862	1	3647
1488	1	3624
648	3	3469
307	3	3397
3126	3	438
215	3	2422
1833	3	939
2265	1	3572
3319	3	2586
1374	1	3788
934	3	1344
2266	1	3633
751	3	1337
782	3	979
2013	1	3585
2078	3	1751
487	1	3599
679	1	3613
2698	3	167
3165	3	2129
3522	1	3592
2561	1	3569
526	1	3570
1913	3	3094
1735	1	3568
1448	3	234
75	3	2364
2820	3	3561
2172	3	2612
2183	1	3604
2743	3	2120
3005	1	3600
380	3	1812
530	1	3740
3218	3	3291
1696	3	3464
2331	1	3574
3477	3	557
3169	3	3238
3287	1	3581
292	1	3590
96	1	3571
3421	3	2444
2976	3	3136
2905	1	3574
75	3	270
384	3	2167
1447	3	1698
2261	3	1940
2544	1	3569
392	1	3568
2057	3	3429
2916	1	3568
315	3	2935
1006	3	2560
2478	3	2273
1573	3	3561
691	3	765
322	2	3776
338	3	1678
3234	3	735
643	3	2816
175	1	3585
3270	1	3581
3220	3	3348
1727	1	3568
275	1	3590
303	3	1641
2038	3	2987
2484	3	3110
3146	3	3340
3504	3	1893
2801	1	3581
2973	1	3681
365	3	2254
2271	1	3604
2888	1	3574
3171	3	1586
3035	3	203
675	1	3577
197	3	425
375	1	3568
73	3	2612
2301	1	3568
2419	1	3574
2225	3	131
2179	3	2675
1641	3	1224
960	3	330
1505	3	2649
158	1	3585
3135	3	3257
1461	3	1134
1263	1	3593
638	2	3858
2283	3	2850
2673	3	3550
688	3	3429
1187	3	1122
2978	3	2998
598	1	3574
3108	3	511
547	3	3546
350	3	2167
1394	3	125
1554	1	3581
931	3	376
640	3	2273
2991	3	156
1062	3	3221
2121	3	2965
358	1	3568
1246	3	3481
1635	3	1676
2265	3	1658
2284	1	3568
2402	1	3574
2987	3	3369
1280	1	3569
3429	3	699
1920	1	3619
3210	3	402
3517	3	2033
811	1	3569
943	1	3667
674	3	1300
937	3	1769
1399	3	120
229	3	1992
85	3	1381
1433	3	1035
1693	1	3568
2523	3	1701
2976	1	3574
3261	3	2253
3203	3	473
1987	3	917
463	1	3568
147	1	3611
1685	1	3578
3308	3	524
879	3	3372
1963	3	2143
2420	1	3611
1766	3	764
1537	1	3581
1839	3	1829
2642	1	3589
99	1	3619
2267	1	3568
555	3	2145
1929	3	268
3104	3	2569
2736	3	2450
2762	3	1891
3125	3	645
3341	1	3581
3237	1	3591
46	1	3581
2943	3	699
1402	3	2107
646	1	3572
2981	3	1784
834	1	3601
2556	3	491
446	1	3568
3075	3	925
2618	3	2794
2237	3	1909
1020	3	1747
654	3	1894
811	3	208
1416	1	3591
2305	3	1666
3080	3	1701
1799	3	2362
237	3	1722
2115	3	1909
243	1	3601
2077	3	1009
784	1	3881
3545	3	3026
1250	3	402
3257	3	2032
2931	3	1828
525	1	3582
2208	1	3602
1310	3	2421
817	1	3601
851	3	1179
1363	3	745
2512	3	444
84	3	2618
1147	1	3574
3120	3	2672
530	3	2741
3282	1	3615
3528	3	750
2523	3	1835
3504	3	1222
1014	3	330
1847	1	3570
2407	3	2086
2916	2	3762
930	1	3591
3164	3	47
3000	3	2175
274	3	107
3048	1	3635
3425	1	3569
534	1	3568
2077	3	2298
2421	1	3570
2140	3	1797
288	3	698
1615	3	1112
3310	3	1645
1176	3	1857
2344	3	2937
1269	3	2893
1130	1	3574
2333	3	2838
1045	3	322
3149	3	128
1296	3	86
1422	1	3593
2861	1	3616
2900	1	3766
3053	1	3630
2427	3	1626
1193	3	349
1839	3	2313
2641	3	3540
3541	3	2805
1604	1	3569
1360	3	3056
927	1	3626
2275	3	2189
3258	3	1258
3464	3	1698
613	1	3582
1126	1	3754
1704	1	3574
824	3	3360
1863	3	363
1869	3	1924
2993	3	152
3408	1	3569
2234	3	1345
3526	1	3575
385	1	3679
1702	3	2600
1702	3	156
246	3	1671
1013	1	3569
1198	1	3681
1962	1	3617
1113	1	3574
937	3	1098
1154	1	3637
2175	3	90
2656	3	3232
2885	1	3679
1	1	3580
2177	3	3565
2664	3	189
1587	1	3569
1687	1	3574
1701	1	3590
683	1	3575
3391	1	3569
3497	3	78
771	1	3599
2992	3	1380
114	1	3570
377	3	2422
3283	1	3574
2098	1	3660
2922	1	3569
1470	1	3591
210	3	3098
2917	3	587
1096	1	3574
1688	3	265
2386	3	1111
1835	3	3237
1447	3	2450
1402	3	1436
1889	3	2167
115	3	671
620	3	1089
1147	3	2441
1843	1	3884
2598	3	3169
1475	1	3765
3057	1	3584
3067	3	1224
3183	3	2693
3088	3	3464
1380	3	2165
1570	1	3569
3008	3	750
2230	3	370
3167	1	3600
179	1	3568
473	1	3679
2578	3	1310
3371	3	3476
1936	3	3067
1788	1	3580
620	1	3645
1101	1	3569
2934	3	2815
424	1	3626
3014	3	1940
735	3	2853
604	3	564
3266	1	3574
1380	3	3104
197	1	3575
266	3	2853
1053	1	3577
1291	3	3402
1528	1	3603
1457	3	777
1901	1	3570
3310	3	2129
1675	1	3569
1438	3	2204
308	3	725
3332	3	266
671	1	3570
2688	3	3076
3050	3	1224
2408	3	2981
2283	3	2663
3479	1	3569
1553	1	3569
1889	3	1012
1213	3	2820
1772	3	2347
2088	1	3568
2167	3	2914
3073	1	3657
3150	3	1229
1111	1	3616
1084	1	3569
1859	1	3604
2607	3	3498
1480	3	3459
1367	1	3581
2879	3	770
2028	3	2887
870	3	3020
3249	1	3574
1398	3	461
781	3	1245
2186	3	1262
3263	1	3590
1072	3	658
1658	1	3569
1447	3	1645
2224	3	2347
3545	1	3571
3277	3	120
85	3	1194
1577	3	295
305	3	1316
2715	1	3585
1291	3	1658
3077	3	2560
3537	1	3581
1482	3	2032
799	3	471
1089	3	2886
720	3	262
341	3	1734
1430	3	2958
1608	3	512
2556	3	2398
2975	3	575
3490	3	2912
1872	1	3568
3008	3	884
1974	3	3347
3273	1	3637
278	1	3646
1868	3	3091
2598	3	270
279	3	370
2920	3	1769
2946	1	3581
1160	3	308
3294	3	96
1982	1	3641
90	3	465
51	3	1012
3182	3	2560
978	3	305
1655	1	3585
3366	3	2820
2815	3	603
2480	3	3237
1022	3	1641
1220	3	2327
1424	3	602
1076	3	2470
1087	3	125
51	1	3568
1307	1	3584
1361	3	2796
644	1	3657
1606	3	1134
1855	1	3568
642	3	1194
2030	3	2749
2633	3	432
2811	1	3575
2819	3	1712
2929	1	3581
8	1	3598
2195	1	3609
2367	1	3709
3076	3	210
3286	1	3601
1654	3	2640
2303	3	1751
1641	3	1521
2956	3	2920
674	3	308
2429	1	3568
1867	3	6
2675	3	2794
3090	3	2521
3503	1	3581
1960	1	3568
3399	1	3591
1959	2	3762
1391	3	3110
3086	3	3290
328	3	163
951	3	1751
262	3	720
2259	3	1929
2300	1	3609
2692	3	532
2838	3	3443
3272	3	3406
27	1	3639
908	1	3577
3454	3	376
2672	3	3035
2929	3	779
1175	3	125
3495	3	86
1507	3	765
2800	1	3601
3130	1	3574
199	1	3571
974	1	3606
438	3	1929
1068	3	1911
845	3	1091
1871	1	3671
2234	3	3252
1943	1	3568
2442	3	2286
3382	1	3591
1053	3	2952
1821	3	3085
2644	3	1243
461	3	3480
3124	3	561
1508	1	3574
1046	3	196
55	3	1316
2232	3	3524
3402	3	3372
1087	1	3596
965	1	3585
1878	3	2333
3160	3	979
979	1	3601
591	1	3568
658	3	1072
1747	3	44
2105	3	2569
1462	3	1821
3116	3	3026
976	3	1286
2302	3	340
122	1	3568
1351	3	2273
1378	1	3584
2336	1	3626
603	3	3020
3499	3	2749
2648	3	2352
1392	1	3600
3113	1	3574
577	3	1135
374	1	3585
376	3	161
968	3	2441
2616	3	3013
2651	3	2461
3076	3	344
1926	1	3568
108	3	2299
2921	1	3725
505	3	2722
735	3	438
1674	1	3581
2668	1	3677
1359	3	2613
3357	1	3601
2268	3	939
2518	3	642
3371	1	3617
187	3	229
962	1	3601
702	3	1068
136	3	3481
2164	3	2259
582	3	2850
1292	1	3574
2401	1	3624
3501	3	3094
2996	1	3569
1461	3	2504
3096	1	3574
43	3	557
1836	1	3610
1935	3	2116
438	3	1124
1522	3	229
101	3	647
2797	3	481
3011	3	3149
381	3	2405
797	3	647
3401	1	3578
1157	3	2675
774	3	770
1188	1	3581
2424	1	3626
3258	3	266
945	1	3601
3377	3	3187
1275	1	3574
2618	3	1936
1901	3	3079
2717	1	3706
2087	1	3724
2979	1	3569
51	3	691
2062	1	3590
1852	3	3026
1742	3	330
3079	1	3574
940	1	3585
1749	1	3569
3004	3	2995
3464	3	1645
621	3	1666
2500	3	2459
2612	3	904
2783	3	398
3553	1	3569
2031	3	2459
552	3	2434
1051	1	3662
1340	1	3572
1932	1	3600
75	3	2124
1434	3	2786
2162	1	3568
2408	3	2794
543	3	3002
1332	1	3582
1258	1	3574
2004	3	543
2602	1	3614
696	3	12
2962	1	3569
3443	3	1122
1344	3	1889
1632	3	1193
1745	1	3581
2836	1	3573
3137	1	3586
3171	3	2501
2850	1	3589
2426	3	3184
1263	1	3569
2628	1	3584
2899	3	1436
3346	3	2165
2368	1	3634
3536	1	3569
609	3	2442
1363	1	3574
2145	1	3568
2810	3	1734
359	3	295
1134	3	330
1417	3	2786
104	1	3671
393	1	3581
1512	3	870
2116	3	2165
2176	3	448
3141	1	3577
3504	3	714
1315	1	3582
1022	3	3548
864	3	2376
2743	3	3169
1429	3	266
24	1	3586
673	3	114
2719	1	3568
1139	3	325
2013	3	3367
2250	1	3568
907	1	3589
724	1	3582
3079	3	2815
1246	1	3569
3315	1	3574
1432	3	405
3173	1	3630
1346	1	3574
968	3	1770
2799	1	3613
3307	1	3584
1781	1	3598
2099	3	2165
1318	1	3849
3176	3	2122
2179	3	2435
925	3	3086
2404	3	2758
1820	1	3569
682	1	3616
1645	3	1507
2629	3	75
2702	1	3568
1296	3	517
705	3	742
1258	3	2815
3184	3	2815
1569	3	1407
530	1	3634
2233	1	3568
2623	3	3004
526	3	1258
1704	3	668
764	3	2347
1229	1	3569
1619	3	2652
3301	1	3683
1785	3	27
2954	3	376
2116	3	1360
2607	3	1743
2699	3	1381
3364	3	811
210	3	2240
3121	1	3593
777	1	3578
332	3	3179
252	3	465
1087	3	1227
1803	1	3569
2743	3	2364
2979	3	2786
530	3	2367
695	1	3580
65	1	3598
3403	1	3574
2834	3	53
2216	1	3568
660	1	3600
3229	3	3428
1212	1	3569
58	1	3669
2298	3	2077
2391	1	3585
1625	3	1748
2195	3	3094
3536	3	716
1422	3	2915
1186	1	3757
3202	3	758
3472	3	375
2743	3	270
2704	3	1962
813	3	2729
1582	1	3574
1131	3	469
985	1	3901
362	3	696
1676	3	2435
3550	3	2273
1388	3	687
3386	1	3574
2783	3	3110
2461	1	3784
664	3	2856
873	1	3568
3042	3	376
2917	1	3574
3133	3	745
3378	1	3584
2866	3	3489
3437	3	2441
718	1	3612
2189	3	3546
1118	1	3626
2570	1	3604
1633	3	1128
2455	3	1124
2785	3	744
1583	3	469
636	1	3614
2582	3	1911
440	3	3123
2491	3	1189
743	1	3578
1565	1	3574
2078	3	2129
2787	1	3584
1698	3	2995
2970	1	3591
1218	1	3604
931	3	270
2303	3	1698
3144	1	3604
1221	3	376
274	1	3578
1365	1	3570
3409	1	3576
3232	3	1658
1224	3	2794
1282	3	3237
134	3	964
361	1	3571
1756	3	2095
63	3	2229
2853	1	3613
3361	1	3584
319	3	2194
761	3	1911
1778	1	3569
3159	3	1475
3068	3	1106
1670	1	3574
1709	3	1000
2388	3	465
964	3	3373
2407	3	1846
2427	3	3480
2508	3	384
3027	1	3599
1548	1	3574
3474	1	3574
1695	3	203
2779	3	2135
426	1	3569
1077	3	2454
1781	3	1280
2360	3	1706
961	1	3568
179	3	638
1072	3	1089
1204	3	376
1074	3	945
3208	3	733
2546	3	1469
1488	3	2893
3125	3	2983
3292	2	3981
2074	3	1360
3126	3	3044
229	3	2236
879	1	3570
1215	3	1824
2122	1	3574
3411	3	2195
337	3	1995
2433	3	1637
2914	3	807
1653	1	3574
1606	1	3613
12	3	2606
341	3	2165
649	1	3575
414	3	3287
3513	3	13
614	3	611
1434	3	1660
3457	1	3574
2853	3	2504
643	3	161
2145	3	2919
366	3	3238
944	1	3568
3171	1	3581
915	3	2165
1138	3	1821
3258	1	3574
1223	1	3575
600	3	370
3545	3	1658
1237	1	3591
738	3	3174
3472	3	1798
1870	3	3229
601	1	3768
3309	1	3705
2146	1	3637
1819	1	3581
861	3	1111
1636	1	3574
2708	3	1656
2111	1	3600
758	3	2128
824	3	3470
1377	1	3628
3361	3	381
3361	1	3718
45	1	3569
2693	1	3590
1006	3	1194
3354	3	2896
1815	1	3761
2393	1	3581
1770	3	376
2085	3	1761
3154	1	3581
188	3	1721
898	3	2165
2395	3	1467
11	1	3593
915	3	3454
3248	1	3568
526	3	2815
1098	3	3108
1073	3	1829
179	3	772
1666	3	2271
2751	3	292
3382	3	2779
2798	1	3590
341	3	1360
1215	1	3575
3246	1	3569
389	1	3574
2788	3	3215
2179	3	1309
1133	1	3577
2890	3	2167
3066	3	1862
2376	1	3581
2720	3	425
3225	3	1988
2207	1	3590
2649	3	1690
2827	3	389
2079	3	3209
114	3	3002
2790	3	849
2829	1	3582
3564	1	3615
3160	3	471
662	3	178
1156	3	114
2036	3	1698
2515	3	2675
2733	3	2130
2943	3	1077
3261	3	2981
3287	3	3176
1847	3	2547
633	3	3257
2006	3	3026
2781	1	3590
180	3	223
94	1	3571
2481	1	3581
2972	3	1381
2994	3	63
3028	3	3230
1673	1	3601
3229	1	3569
1016	1	3572
2206	3	2070
3067	3	2273
3329	1	3574
1507	3	1546
861	1	3616
2248	3	2386
482	3	3471
1704	1	3818
816	1	3568
265	3	105
1158	3	556
3175	1	3679
898	3	1360
2190	1	3590
1109	3	2755
3471	3	3564
11	3	1171
2699	3	1194
2412	1	3568
1543	1	3611
1492	3	699
2275	3	3372
547	3	86
2677	3	2333
1112	1	3757
607	3	1722
1889	3	1122
2164	3	1751
1580	3	3197
3247	1	3606
686	3	2140
3473	3	444
3357	3	695
1556	1	3596
2656	3	3476
2872	3	1911
145	1	3681
3085	3	2074
114	3	1258
1408	1	3754
218	1	3639
2346	3	2457
799	1	3568
1949	1	3681
814	3	1664
1899	3	2129
2383	1	3644
847	1	3590
2722	1	3624
1873	1	3581
3085	3	3013
2283	3	679
2395	1	3568
1890	3	1533
2244	1	3617
2566	3	691
3536	3	194
1800	3	471
3285	3	1704
2595	3	2140
3550	3	2086
1835	3	3481
3269	1	3577
528	3	358
1239	1	3587
44	3	2180
2001	3	2576
723	3	1645
2897	3	136
123	3	699
33	3	2081
2791	1	3570
2918	3	2376
52	1	3581
2576	3	1698
3020	3	1507
508	3	2107
1046	3	3205
1678	1	3572
635	3	86
3565	1	3574
2113	1	3596
2935	3	1221
2897	3	3519
1754	3	3365
1898	3	913
3560	3	592
675	1	3634
1169	1	3570
3562	3	1259
348	1	3578
1447	3	3044
2031	1	3598
61	1	3581
2080	3	135
2409	3	448
2318	3	1224
2974	1	3574
2435	3	2796
2010	1	3634
48	3	609
2859	1	3677
2952	1	3568
2329	3	363
725	3	3026
2466	3	2914
3332	1	3847
3374	3	1179
2692	3	2736
3026	3	250
3501	3	2720
64	3	3012
2549	3	3293
3548	1	3574
3177	3	3183
1128	3	1812
1335	1	3577
1618	3	444
3187	1	3569
2361	1	3568
3519	3	1064
358	1	3625
2120	3	2416
2210	1	3617
2359	3	3357
44	1	3581
505	1	3591
1280	1	3626
1655	3	3367
1899	3	2263
2308	3	2445
2216	3	3561
81	3	2022
1090	2	3915
1447	3	1889
435	3	416
1546	3	322
2239	3	405
2810	3	2165
834	3	3196
918	1	3590
2416	3	161
3206	1	3941
2949	1	3584
2918	3	864
2649	1	3575
510	1	3586
2480	3	3131
3531	1	3574
136	1	3569
937	3	2765
31	3	1548
1018	1	3568
2636	3	1748
3062	1	3574
923	1	3585
88	1	3577
185	3	3136
1815	3	668
1940	1	3569
3025	3	2417
405	3	2504
1832	1	3574
1864	3	132
2963	3	3497
2596	3	786
3210	3	1748
2514	1	3569
1475	3	2122
3301	1	3764
1123	1	3568
5	3	13
2773	3	3561
1510	1	3570
3377	3	1658
3514	1	3574
217	3	381
119	1	3569
166	3	1913
2013	3	1704
219	1	3574
1850	1	3611
1001	1	3568
2147	3	1658
1193	3	1211
2927	1	3568
3045	1	3574
2448	3	564
3515	3	3472
1923	1	3569
532	1	3568
1678	3	1658
1815	1	3574
1454	1	3569
2810	3	1360
970	3	2437
1575	1	3568
1701	3	957
644	3	1880
2585	1	3593
659	1	3593
942	3	1605
987	3	3373
1106	1	3568
3479	3	960
2028	1	3569
102	1	3569
1157	3	2435
2910	1	3568
1394	3	666
508	3	1436
2355	1	3598
140	3	1317
2539	3	1487
3104	3	1821
1798	1	3574
1876	3	1560
3297	3	1896
307	3	2917
676	1	3569
1623	3	1512
2031	3	1280
934	3	3308
2490	3	2522
507	1	3578
1310	3	384
114	3	2815
207	1	3569
2532	1	3731
2121	1	3618
2941	3	223
2252	1	3636
1089	1	3568
1805	3	2044
2372	1	3574
2378	3	2943
342	1	3584
3261	3	2794
1059	3	1559
85	1	3569
2011	1	3569
3314	3	1872
174	3	2582
620	1	3568
870	3	1654
2796	3	2408
3528	1	3713
433	3	1747
2653	3	2612
1451	3	3482
501	3	1857
1749	1	3679
3068	1	3585
3087	3	1821
1781	1	3574
2077	3	261
3156	1	3609
1822	1	3637
700	3	295
1147	3	270
1041	1	3704
1075	3	3373
1194	1	3568
2053	3	1487
3263	3	1546
190	1	3569
3077	3	1194
1232	3	1316
1847	3	266
2077	1	3571
1626	3	466
2172	3	38
2235	1	3636
398	3	2649
2551	1	3593
2843	3	275
230	1	3601
2069	1	3581
603	1	3568
1645	3	2422
3168	3	603
1027	3	2600
2801	3	2989
3303	3	3062
108	1	3601
438	1	3574
2803	1	3738
3289	3	1337
512	3	801
2919	3	725
913	1	3600
2230	3	2521
1177	1	3568
1893	3	2044
2582	1	3585
3096	3	481
2076	3	1872
3356	1	3589
807	3	384
1773	1	3574
1787	1	3609
1860	3	2674
2352	1	3590
213	1	3601
2052	1	3581
543	1	3574
2935	3	95
2339	3	3280
761	1	3585
428	3	3549
1381	3	384
2347	1	3574
421	1	3574
3406	3	2981
1172	3	744
792	3	465
2926	1	3590
909	1	3612
3556	1	3572
1957	3	2920
2842	1	3568
1295	3	2690
3079	3	481
1704	3	2872
1387	3	1221
3200	3	1006
3562	3	1072
3354	3	2038
1002	3	3549
1929	3	943
542	3	1701
1481	1	3699
1009	1	3590
2231	1	3600
2497	3	2005
2035	1	3581
375	3	1232
526	1	3574
797	3	2180
1611	3	2422
1448	1	3575
310	1	3622
344	1	3571
1245	3	2216
1553	1	3626
2164	3	1698
2407	3	533
3518	3	2159
1883	1	3599
2330	1	3574
404	1	3574
3026	3	63
1727	3	3110
2036	3	2934
1852	3	1176
2222	1	3579
934	3	1698
396	1	3584
1264	3	564
712	3	939
1816	3	943
1908	3	2672
2515	3	878
2588	1	3617
2332	3	679
994	3	358
2335	1	3569
890	3	1122
1403	3	1294
2330	3	587
62	1	3599
56	3	1701
509	1	3574
2560	3	2275
1800	3	2862
2967	3	2191
3002	3	1992
984	1	3600
3402	3	2006
1465	3	1153
40	1	3574
3200	3	3234
2794	3	161
185	3	2010
1047	3	375
1345	3	2544
404	3	772
331	3	1370
2025	2	3714
2202	3	689
2388	1	3586
2199	1	3681
603	3	1654
2462	3	813
2488	1	3591
3382	3	3210
797	1	3581
305	3	2312
614	1	3574
1461	3	3232
2802	3	854
3567	1	3805
1705	3	2684
2427	1	3568
676	3	850
1221	3	3169
2398	3	2165
533	3	300
968	3	2014
1171	3	1756
36	3	3076
23	1	3574
1213	3	2072
2704	3	3011
3094	3	1812
3467	3	1779
2663	3	268
2010	1	3581
49	3	3061
750	1	3617
346	1	3618
780	1	3581
918	3	2294
597	1	3574
76	1	3591
2004	3	921
2648	3	2275
3259	1	3611
724	3	1778
2342	1	3632
2584	1	3581
109	3	384
1160	3	1654
1480	1	3577
3433	1	3624
3106	1	3568
1180	1	3568
3421	3	2582
2398	3	3454
361	3	344
189	1	3581
2102	1	3569
132	3	2881
3498	3	2154
2395	1	3649
105	3	564
617	3	130
2054	1	3577
3159	3	1585
3468	3	3482
2642	3	3481
348	3	1854
2313	3	2815
3088	3	2850
1854	3	2327
3364	1	3611
266	3	1300
258	3	1546
2834	1	3634
3077	3	2751
1654	3	603
1055	3	263
147	1	3615
1285	1	3568
3289	1	3572
1504	3	905
157	3	2419
694	3	1012
577	3	2347
1221	3	2364
1490	1	3624
2398	3	1360
2975	3	766
3305	3	3183
1625	3	1992
3089	1	3568
3416	1	3624
2690	3	1436
2085	1	3569
582	3	679
694	1	3568
2130	3	1821
238	1	3599
1650	1	3575
164	1	3591
2872	1	3585
1462	3	939
1901	3	3002
2498	1	3568
1350	3	785
1114	1	3700
1142	3	1751
746	1	3581
241	3	1546
1444	3	2427
12	1	3609
1221	3	270
1268	1	3568
677	1	3793
2437	3	1917
1854	3	1172
3522	3	1658
1047	3	1798
3566	3	167
3038	3	1036
3072	1	3568
215	3	3044
2255	3	3263
2068	1	3569
443	1	3813
851	1	3581
1068	3	3257
1282	3	3481
2851	3	1017
2170	3	2567
2766	3	3354
968	3	3437
14	3	1845
2452	3	2165
3030	1	3602
817	1	3605
2244	3	3131
3177	1	3568
209	3	2940
621	1	3586
13	3	2167
331	3	699
334	1	3589
1090	3	2878
260	1	3581
1705	3	1074
2173	1	3569
2556	3	1784
2720	3	3218
782	1	3568
3015	3	3026
1847	1	3574
161	3	1784
2473	3	1180
820	3	1316
1825	1	3568
2586	1	3568
1740	3	1461
315	3	2618
507	3	188
1356	1	3568
2091	1	3601
1281	3	192
3343	1	3575
3160	1	3568
1234	1	3568
2012	3	785
1006	3	3182
2815	3	3372
2452	3	3454
3406	3	2794
1947	3	592
1994	1	3890
1089	3	3561
196	3	3110
2122	3	3110
3002	3	3549
2957	3	283
215	3	2239
1550	3	2407
97	3	1823
1830	1	3574
685	1	3681
909	3	3471
521	3	3438
2526	1	3574
96	3	2145
666	3	3491
1822	1	3584
84	3	878
687	3	1567
2784	3	1061
1339	1	3568
2450	3	1857
3226	1	3570
335	1	3569
1605	1	3601
2784	1	3617
1935	1	3574
1602	3	1639
1005	1	3583
375	1	3601
2700	3	426
3135	3	2140
3556	3	1337
1	1	3584
3098	3	2600
3520	3	3548
109	3	63
2803	3	2792
3098	3	156
769	3	2854
2509	1	3574
39	3	578
3273	3	2264
427	3	3085
1172	3	2785
114	1	3574
1056	3	3036
2665	3	1328
3377	3	2439
295	3	765
1918	1	3574
3550	3	1846
2914	3	246
2695	3	939
2927	3	1012
1036	3	2533
2138	1	3696
609	3	3438
2521	3	2820
688	1	3574
1350	3	114
3198	3	511
2779	3	1924
3467	1	3613
3049	1	3598
217	1	3718
459	1	3667
2392	1	3569
2675	3	436
2492	1	3574
1862	1	3592
1758	1	3602
1465	3	1316
2023	1	3574
97	1	3574
2995	3	3371
3410	3	3098
2741	3	465
1862	3	1194
1455	3	114
2672	3	677
1975	1	3582
3005	3	995
1901	1	3574
584	1	3581
2497	1	3569
3080	1	3590
2610	3	1003
867	1	3593
237	1	3611
2597	1	3574
671	1	3574
1493	1	3570
1192	3	3028
3379	1	3568
310	1	3569
1758	3	2335
1686	3	1274
2375	1	3569
2560	3	344
160	3	1288
202	1	3574
1956	3	2611
2736	3	39
3479	1	3573
2616	3	2749
151	3	3136
1460	3	1829
816	3	475
1933	1	3616
2263	1	3589
3096	3	2067
2006	1	3574
80	1	3574
1995	3	138
2193	3	1770
884	1	3569
2057	3	2441
1558	1	3568
815	3	1000
2651	3	3136
2480	1	3569
206	3	3066
1672	1	3589
2257	3	1132
1935	3	2441
654	1	3574
1476	1	3570
1812	3	1070
2318	3	2273
2580	1	3574
293	1	3569
2355	3	3297
86	3	114
185	1	3574
3431	3	3402
3176	1	3580
2499	1	3637
105	3	1316
720	3	266
1003	3	2722
1738	1	3618
1989	1	3574
2246	1	3589
1978	3	138
2995	3	2566
737	3	1555
3338	1	3574
759	1	3574
1225	3	2347
1541	1	3568
2463	1	3569
248	3	1288
66	3	1695
203	1	3611
250	1	3572
271	3	384
1230	3	679
1966	3	564
2688	3	2275
1901	3	2815
988	3	2450
995	3	1598
2362	3	2825
50	1	3568
168	1	3574
3020	3	1751
3239	3	1812
51	1	3572
1234	3	849
1360	3	2739
598	3	215
2229	1	3589
691	3	2005
3209	3	2033
3151	1	3590
1233	3	2872
1583	3	526
1603	3	440
3003	1	3593
3450	1	3568
2559	3	1356
2446	1	3569
456	1	3581
3221	1	3604
2704	3	3308
122	3	1040
2729	1	3581
3346	3	1551
1340	3	3354
904	1	3617
1774	3	2563
1108	3	275
2140	3	325
2153	3	1091
3442	3	3049
408	1	3589
14	3	1658
266	3	308
1296	3	1058
2202	3	2275
2525	3	1380
2841	3	173
3471	3	909
2164	3	2129
3361	1	3641
2507	3	969
1778	1	3626
1812	1	3575
880	3	546
2842	1	3571
544	3	2574
1478	1	3617
2116	3	2490
1890	2	3780
2640	3	1654
2834	1	3581
619	1	3671
2397	1	3674
3508	1	3580
98	3	172
1103	1	3569
426	1	3626
3234	1	3568
418	3	299
988	3	1645
1179	3	299
418	1	3636
1673	3	3062
2179	3	1821
287	1	3599
2303	3	3044
91	1	3580
887	3	1764
2024	3	1111
3115	3	3194
3398	3	1133
3274	1	3600
1264	3	1345
2407	3	2253
2536	1	3661
2945	3	1260
1461	1	3617
2099	3	2490
3492	1	3611
1983	1	3604
1970	3	3312
2718	1	3637
2312	3	1546
204	1	3570
157	1	3609
1098	3	937
1288	3	1812
1966	3	109
1644	3	1418
2273	3	3238
1002	3	3175
2275	3	2006
2341	3	3348
2636	3	1992
456	3	1159
793	3	3535
1482	3	3459
2683	1	3600
1062	3	2367
3149	3	3497
878	3	1754
559	3	2616
742	3	371
2641	3	324
2779	3	3481
3217	1	3568
323	3	2750
1312	2	3744
1875	3	2578
3210	3	1992
2269	3	974
1102	3	2399
996	1	3581
3257	1	3600
3113	3	1372
2036	3	2560
3000	1	3585
376	3	3548
338	3	3402
2157	3	1395
2211	3	325
746	3	1480
1443	3	1158
3370	1	3590
1734	3	571
1336	3	1224
1972	3	1660
700	3	1344
1836	1	3614
3047	3	188
1603	3	1863
1945	3	97
2537	3	125
75	3	3283
3240	1	3600
3534	1	3711
292	1	3570
391	3	2830
1027	3	266
135	3	3229
2009	3	3067
1174	1	3569
367	3	858
1445	3	2175
1721	3	3218
2074	3	1551
2471	1	3591
620	2	3687
3077	3	3182
2645	3	2722
2593	3	2560
3053	1	3581
2060	1	3681
650	3	1035
957	3	1912
1445	3	3114
985	1	3637
2745	3	3481
2884	1	3590
468	3	1089
236	1	3599
1849	3	2332
1286	3	1854
1476	3	2167
1078	3	2820
373	3	325
858	1	3591
1740	3	2697
3311	1	3624
468	1	3645
1462	3	1370
1769	3	2247
2399	3	2983
2754	1	3600
1232	1	3581
2565	3	358
2796	3	2652
3386	3	912
702	1	3604
2186	3	140
3000	3	382
322	3	2853
2701	3	979
120	3	109
232	3	1381
1619	3	2522
712	3	699
517	3	532
1745	1	3585
641	1	3581
2567	1	3581
2969	3	2032
3342	1	3616
3539	3	3378
2654	1	3574
1678	3	2036
441	1	3577
473	3	135
258	1	3570
1276	3	2722
221	3	693
141	1	3568
643	3	1641
905	3	1504
2185	1	3574
2145	1	3572
505	3	3210
1476	3	1012
393	1	3585
1696	3	1134
532	3	1740
2437	1	3591
2552	1	3662
2814	3	1908
1356	1	3649
1329	1	3602
2751	3	2927
3019	1	3581
1865	3	3344
3540	3	3035
2719	1	3572
2877	1	3637
3507	1	3619
3541	1	3568
578	3	135
800	4	3395
1620	1	3590
1354	1	3568
2637	1	3574
1384	3	387
2450	3	3443
229	3	1972
2765	3	2794
1190	3	2533
341	3	2490
124	1	3568
915	3	1551
2919	3	1908
3024	1	3576
3124	1	3581
911	1	3584
110	3	2434
390	1	3601
6	3	2444
1397	1	3709
2777	1	3611
3091	1	3636
361	3	2198
1820	1	3573
2642	1	3569
3271	1	3568
1678	3	292
2872	3	813
3398	3	1751
1459	1	3568
3464	3	1194
3548	3	3169
2499	3	1402
824	3	2856
3473	3	2729
3524	1	3568
975	1	3700
1542	3	1364
1667	3	2648
2437	3	2482
3397	3	2629
2321	3	1979
2353	3	2981
3320	3	3087
94	3	802
1877	3	2113
107	1	3568
2033	1	3568
2441	3	2652
3007	1	3576
1030	3	2737
650	3	2458
1432	3	1698
3049	3	2628
3107	1	3581
3482	1	3602
1039	1	3637
1237	3	2649
1377	3	1747
1337	3	934
2625	1	3569
1442	1	3568
314	3	699
1115	4	221
3556	3	1768
2629	3	1368
384	3	1476
1335	1	3634
2762	3	3160
3210	3	3549
1482	1	3600
3395	1	3588
77	3	1909
1286	1	3581
1049	3	2216
893	1	3681
2956	3	643
478	1	3601
3352	3	460
2869	3	444
1100	1	3593
2512	1	3569
430	1	3609
1252	1	3605
2001	3	1828
2384	1	3660
130	1	3600
1399	1	3571
1656	3	805
2608	1	3569
388	3	333
2310	3	136
2695	3	1370
3426	1	3580
1500	1	3580
30	3	3443
1820	3	2814
1358	1	3636
2989	3	2056
283	1	3592
1497	3	511
1655	3	1330
2780	3	2416
2310	3	3519
2628	3	2051
3004	1	3571
461	1	3601
439	3	2510
1640	1	3617
1613	1	3570
1641	3	533
3120	3	558
3470	3	2165
27	3	1785
1083	1	3593
1905	1	3589
2504	3	2312
120	3	2821
383	3	3290
854	3	349
535	3	1211
113	1	3600
2822	3	1772
2992	3	3104
1639	3	805
1265	1	3569
3191	1	3569
1376	1	3673
10	3	1435
1846	3	161
1557	1	3588
3464	3	1678
960	3	578
1041	1	3627
1250	3	3549
2961	1	3574
3289	3	3354
2600	1	3569
674	1	3569
518	1	3609
2312	3	2648
2987	1	3571
3018	3	2895
17	3	2097
3536	3	3197
619	1	3618
917	3	3416
2926	3	2461
531	3	2330
1476	3	691
1846	3	511
766	1	3584
1648	3	2690
2370	1	3574
389	3	2386
322	3	438
1695	3	207
1650	3	3357
1248	1	3569
2176	3	131
908	3	2820
2497	3	289
3049	3	668
3168	3	526
461	3	2492
3174	1	3569
1540	1	3588
2315	1	3623
1436	1	3598
3365	3	1360
779	1	3569
2462	3	252
2416	3	2796
55	1	3665
2495	3	3005
2561	3	2095
3366	3	2825
879	1	3574
3382	3	2649
2944	1	3574
863	3	2937
3085	3	2749
2583	1	3569
831	1	3582
3531	1	3765
937	3	2956
1353	1	3569
1498	1	3622
2149	3	2507
2038	3	3369
2607	3	137
3470	3	1360
1453	1	3574
1013	3	3221
1625	3	2236
2275	1	3570
3320	3	2416
3562	3	645
2140	3	1911
1231	1	3569
3157	1	3569
3275	1	3575
2981	3	1093
1766	1	3568
3049	1	3574
3179	3	1722
1234	1	3678
376	3	2556
762	1	3569
1447	3	3369
3184	3	2498
862	1	3574
2493	1	3611
1147	3	3360
196	3	3220
668	3	131
13	3	1122
2364	3	3169
2167	3	2544
294	3	114
3549	3	229
414	1	3568
1819	1	3585
3057	3	2297
258	3	3079
198	3	279
520	3	2942
935	3	770
1698	3	2544
1825	3	1630
2933	1	3600
528	1	3589
2749	3	1370
1017	3	1650
2165	3	2816
45	1	3573
867	1	3569
1966	3	1345
1965	3	739
1302	1	3593
3215	1	3581
461	3	1687
332	3	2862
1133	3	2338
3032	1	3574
83	1	3692
1402	1	3598
3073	1	3637
1512	3	687
1667	1	3570
1773	3	136
2471	3	982
1441	1	3569
2366	3	578
2287	3	369
776	1	3786
2806	1	3584
3504	3	531
437	1	3570
397	1	3568
2624	1	3581
879	3	2815
2168	3	275
2816	3	1224
1707	1	3602
1319	1	3569
215	3	1194
1407	1	3593
3070	3	2261
1952	1	3660
1344	3	2995
877	1	3616
850	1	3569
929	3	2915
1573	3	105
2592	3	2446
469	3	1067
431	3	3365
2402	3	969
570	3	1857
2730	3	3530
3138	3	854
3015	1	3574
237	3	3259
17	3	3520
1309	3	161
943	3	308
2126	3	3174
2192	3	3371
2887	3	2029
347	1	3612
1233	3	1559
1424	1	3569
3357	3	1854
307	3	75
2253	3	2816
1821	3	3520
1678	3	105
1098	1	3574
3443	3	2578
1087	3	3138
2899	1	3600
390	3	1208
3116	3	78
494	1	3589
2139	3	2570
2948	3	1857
2791	3	1234
1385	3	611
3303	1	3581
2582	3	1594
1374	3	512
922	3	2582
1116	1	3581
1941	3	1513
2306	3	6
2353	3	2794
1710	3	939
2269	3	466
738	3	279
1283	3	2598
1751	3	1002
2364	3	270
2337	3	223
677	3	3463
485	1	3568
2786	1	3589
1049	3	1679
2668	3	1556
3298	3	1538
2510	3	384
3311	3	2304
134	3	647
886	1	3586
2649	3	2983
599	1	3589
1421	1	3585
2723	3	2446
1842	1	3593
3294	1	3571
3346	3	2116
2546	3	802
3565	3	2177
67	3	2435
309	3	2384
2700	3	670
2222	1	3636
3286	1	3581
1218	1	3637
35	3	299
726	1	3614
1127	3	2796
3416	3	2304
13	3	2545
2896	3	1820
1621	1	3568
1427	3	125
217	1	3612
1059	3	6
1091	3	2153
1186	1	3574
209	3	285
490	3	1721
2508	3	1006
182	1	3575
1465	1	3581
1404	1	3585
1780	3	2595
3277	1	3571
3529	3	2294
657	1	3601
174	1	3585
1857	3	2167
3269	1	3581
2131	1	3628
3013	3	643
3165	1	3591
575	1	3660
1366	3	2397
215	3	1678
3128	3	361
842	3	1315
1578	1	3571
52	1	3585
1370	3	2920
140	3	1992
2915	3	1682
240	1	3614
594	3	2835
2749	3	699
1084	3	2574
1169	1	3574
3134	1	3724
1314	1	3627
2459	3	1111
698	3	2454
822	1	3604
3050	3	533
1657	3	2749
118	1	3614
61	1	3585
3371	3	691
1396	3	2136
1901	3	481
3374	1	3581
1383	3	1017
2733	3	2618
1577	3	1698
363	3	2408
2523	3	473
2917	3	2124
2439	3	63
2974	1	3578
1814	1	3619
174	3	3257
1296	3	818
1857	3	1012
753	1	3591
3000	3	813
3168	3	3372
3351	3	3026
2557	3	254
1020	3	2613
1480	1	3634
2303	3	1865
3427	3	2537
405	1	3590
2121	3	3026
6	3	647
1576	3	3515
44	1	3585
1327	1	3591
2766	3	3277
236	3	1982
1301	3	2533
94	3	2038
3224	3	1835
1069	1	3898
686	3	2628
2731	1	3577
1692	1	3568
400	3	3237
426	3	3432
2657	1	3569
1078	3	2096
1740	1	3590
1767	1	3637
362	3	3091
3026	3	604
752	3	2646
1440	1	3581
889	3	2191
3238	3	161
736	1	3591
510	1	3590
1732	1	3600
673	3	2993
2909	3	979
2416	3	3548
2359	3	1267
2209	3	603
612	1	3852
1610	1	3600
1665	3	1698
1875	3	1399
88	1	3581
2762	1	3569
380	1	3600
827	1	3575
2036	3	1381
1958	3	1778
263	3	3318
652	3	1513
1781	3	2386
2288	3	1751
2531	1	3570
2640	1	3569
1447	3	3182
2414	1	3568
2729	3	2582
831	1	3745
2239	3	1698
214	3	1909
1286	3	2419
1087	1	3710
1423	1	3581
719	1	3591
2272	1	3624
715	3	3467
493	1	3590
2844	3	2300
3336	1	3569
2858	3	64
1415	1	3591
2835	3	1704
2717	3	1288
1041	1	3574
1053	2	3780
1823	1	3568
1989	3	1770
1340	3	215
1667	3	3079
2081	3	301
229	1	3646
592	3	3035
2745	1	3569
28	3	2143
532	1	3572
2845	1	3574
1811	3	2347
2152	3	3173
2388	3	416
1641	3	1769
2397	1	3568
3193	3	1752
256	3	131
2176	3	78
2695	3	2956
1406	1	3581
3319	1	3569
1928	1	3568
1640	3	2647
2328	1	3582
84	3	2679
176	1	3581
334	1	3646
924	1	3569
1010	3	221
2850	1	3569
2941	3	2321
3003	3	2570
2312	3	501
3198	3	84
1024	1	3574
936	3	2286
482	1	3616
305	3	1698
2481	3	2155
548	3	1089
2728	1	3569
589	1	3580
1391	1	3662
274	3	2612
1779	3	2078
2055	3	3313
322	3	735
341	3	2116
268	3	2714
407	1	3577
1498	1	3569
2057	3	3169
2609	3	3548
2425	3	1245
922	3	2045
22	3	3534
2138	1	3619
2380	1	3568
3544	3	2625
1029	1	3569
1935	3	3169
674	3	1845
124	3	3240
3302	1	3569
1911	1	3568
2372	1	3578
2510	3	2291
2298	1	3570
978	3	687
2576	3	1381
159	1	3581
2833	1	3569
907	1	3569
17	3	300
1388	3	1122
681	1	3568
2907	1	3577
3039	3	3146
13	3	3513
870	3	1658
3353	1	3700
2427	3	1687
813	3	131
2779	3	2786
3232	3	215
2785	1	3577
932	3	551
2711	1	3569
1333	3	3070
2485	1	3568
1033	3	3061
417	1	3624
1481	1	3569
1822	1	3641
377	3	1194
239	1	3626
411	1	3726
90	1	3568
1194	1	3572
1945	3	1496
2016	1	3568
2057	3	2014
3081	1	3574
821	3	471
1012	1	3569
335	1	3626
2377	1	3584
1112	1	3574
3373	1	3593
1894	1	3568
3073	1	3584
2318	3	1846
1601	3	1090
1739	1	3612
5	3	501
603	1	3572
1380	3	937
1493	3	2815
2018	3	2393
2951	1	3584
109	3	120
3543	3	275
1127	3	2609
2719	3	2439
1513	1	3622
2468	1	3568
2935	3	2193
1660	3	251
2057	3	2364
2510	3	547
2438	3	1559
222	1	3626
782	3	2142
73	1	3568
1999	1	3568
247	1	3581
700	3	1588
530	3	2347
995	1	3569
1476	3	1122
3064	1	3574
3421	3	3257
3522	3	105
660	1	3580
647	1	3568
1337	3	1849
2887	1	3593
58	1	3649
367	3	1102
1569	1	3569
1718	1	3627
2057	3	270
3402	3	2815
386	3	985
1461	3	3102
3169	1	3574
180	3	2618
1243	1	3574
3014	1	3618
1935	3	270
1535	1	3593
1982	1	3568
1497	3	3520
1839	3	2508
2543	3	2145
978	1	3569
1944	3	1805
2711	1	3703
1896	1	3783
1936	3	95
1817	1	3574
673	3	578
359	3	1698
714	3	1805
2915	3	2434
3039	1	3584
2497	1	3626
3403	3	3226
2759	3	1872
2035	1	3585
1748	3	251
1348	1	3574
1040	3	666
343	1	3571
166	3	1596
520	3	2434
644	1	3584
2294	3	3176
2308	3	384
2570	1	3584
3471	3	482
1613	3	1929
3152	1	3574
1226	1	3574
212	3	2435
1577	3	2450
1518	1	3593
639	1	3568
2263	1	3646
757	1	3574
1218	1	3584
1257	1	3791
3144	1	3584
1812	3	188
3198	3	2796
2140	1	3585
1176	3	308
2037	3	511
1800	1	3574
2288	3	275
430	3	1722
897	1	3611
1194	3	1658
1331	1	3574
209	1	3569
984	1	3604
1806	1	3600
251	3	548
1131	1	3570
87	3	1922
2281	3	3346
1291	3	1719
705	3	2145
2237	3	494
3135	1	3574
1580	3	465
1250	1	3637
13	3	2842
2154	3	3498
622	1	3568
3310	1	3591
603	3	1658
3495	3	13
1201	1	3584
1460	3	3175
2794	3	3548
901	1	3575
2111	3	1987
2123	1	3585
1436	1	3574
1100	1	3703
3244	3	3440
457	3	3237
938	3	2407
1871	1	3598
229	3	2216
663	3	1425
51	3	1073
875	3	982
1314	1	3574
1210	1	3584
1382	1	3684
192	1	3569
483	3	2089
725	1	3655
3237	3	1259
84	1	3574
3231	3	2115
3113	3	945
1129	3	502
1360	3	2796
1577	3	1645
2275	3	1929
277	3	114
2242	3	1075
3169	3	2441
285	3	1588
1888	1	3574
1638	3	3342
576	3	2165
23	3	1180
2239	3	2450
2302	1	3604
674	3	3402
1419	1	3574
559	3	95
816	3	3110
297	1	3569
3245	1	3599
1710	3	1370
3510	1	3571
416	1	3636
1480	1	3581
1160	3	1658
1297	1	3574
3277	3	1820
138	3	3136
1193	1	3584
1385	1	3598
1412	1	3645
661	1	3694
1989	3	2522
1086	3	2578
189	1	3585
67	1	3574
381	1	3599
1289	1	3584
1472	1	3591
2064	1	3619
1240	3	2446
2643	3	1853
3050	3	1769
3077	3	1816
3104	3	699
3358	1	3589
1179	3	6
1003	1	3591
491	3	2408
502	3	63
2298	3	1386
268	3	1588
2693	1	3570
2589	1	3580
2987	3	344
1912	1	3637
3194	3	3110
1645	3	3044
2346	1	3600
2573	3	2943
3276	1	3591
2881	1	3599
2143	3	1077
1402	1	3574
2881	3	1982
1120	3	1195
2798	3	3266
694	3	1016
2005	3	2820
3389	1	3581
325	3	465
1665	3	1645
1755	1	3600
228	3	2289
1654	3	1546
674	3	1658
2442	3	2347
2672	3	63
664	3	2165
694	1	3572
270	3	161
2183	3	2048
2191	3	3522
1206	1	3713
2498	1	3572
1017	3	471
1595	1	3628
2417	1	3624
2989	3	2300
59	1	3574
2160	1	3609
283	3	2219
1268	1	3572
1507	3	1176
1596	3	3352
3174	3	2232
351	1	3593
155	1	3574
3230	3	300
951	3	68
2036	3	1678
1304	1	3637
2031	3	2386
2530	1	3614
1051	1	3589
2142	1	3581
3056	3	2935
3075	1	3681
3147	3	3304
1291	3	109
273	1	3765
851	1	3585
1673	1	3581
530	3	1810
664	3	3454
2626	3	3142
3194	1	3574
330	3	86
47	3	2882
2504	3	3495
1939	1	3614
1344	3	1816
3030	1	3606
1516	3	3061
42	1	3574
1933	2	3762
3131	3	2779
2073	1	3568
3177	1	3572
3464	1	3569
2995	1	3569
3082	3	2726
3258	3	2421
3296	1	3639
475	3	725
2521	3	1751
3546	3	1546
2646	3	3035
1391	1	3609
734	1	3580
434	1	3571
1651	3	599
1316	1	3570
444	3	1211
980	1	3699
1687	3	461
2764	3	1172
2487	3	3495
2941	3	2618
2992	3	2193
1444	3	1626
2356	1	3577
2647	3	63
25	1	3574
1622	1	3605
1819	3	3367
961	3	1610
2056	1	3568
3447	1	3569
500	1	3600
555	3	1698
818	3	2167
1722	1	3610
2230	1	3581
2969	1	3568
3393	1	3649
839	1	3580
1614	1	3615
765	1	3572
2553	3	1804
2816	3	2273
66	3	1431
1932	3	3357
2296	3	2717
1993	3	1435
2630	1	3568
87	1	3598
3414	3	3491
1710	3	699
2520	3	2434
1134	3	1546
2699	3	3402
432	3	2576
2161	1	3568
164	3	742
1734	3	2856
3226	1	3574
188	3	91
2262	1	3634
2854	3	325
735	3	3077
352	3	418
2039	1	3568
2672	3	1486
1450	1	3649
3549	3	473
1369	3	3229
1147	3	571
528	1	3833
471	3	3133
621	1	3724
721	3	2836
1753	3	1779
2613	1	3568
2561	1	3740
3331	1	3574
788	1	3604
2149	3	1596
2327	1	3575
3452	3	2482
1666	3	1580
2144	1	3568
2652	3	3067
918	3	2327
2783	3	1748
255	3	3564
3209	1	3574
2922	1	3577
2352	3	2648
1658	3	1045
371	1	3617
3098	1	3847
1660	3	548
1576	3	1047
2229	3	2216
532	3	2736
1281	1	3667
370	3	1912
953	3	1933
2358	1	3624
2675	3	440
2592	3	2690
1745	3	1594
3177	3	1658
2637	1	3631
3314	1	3574
1128	1	3624
1635	3	2652
2323	1	3587
689	3	679
3061	3	1909
801	1	3568
250	3	105
197	3	2690
1689	3	3481
1243	3	561
102	3	1017
3484	1	3593
911	1	3641
1975	1	3586
2352	3	1493
586	3	1824
210	1	3568
1335	3	3229
1493	1	3574
665	3	2434
2591	3	2434
1889	3	3464
2914	3	1539
529	1	3634
3090	1	3662
3419	1	3574
3289	3	2927
1784	3	1370
1011	1	3619
1103	3	2977
3082	1	3672
3297	1	3574
658	3	1751
1551	3	2956
3213	1	4073
3338	1	3637
784	1	3568
765	3	1658
2828	1	3574
2981	3	1821
1846	3	84
1706	1	3569
2693	3	3079
2786	3	2216
2956	3	2794
1811	1	3620
960	3	501
1748	3	548
2260	3	114
3076	3	3467
440	3	17
174	3	3367
234	3	1650
1857	3	1122
354	3	1922
1705	3	757
2165	3	161
1476	1	3574
1429	1	3613
2198	3	2914
2443	3	2416
3402	1	3574
354	1	3569
2523	3	1522
889	1	3568
185	1	3578
3280	1	3574
2454	3	3454
2874	1	3662
3013	3	2981
1616	1	3611
767	1	3568
2050	1	3574
2510	3	978
2656	3	691
2531	3	3026
625	1	3624
289	1	3753
718	3	178
1689	1	3569
298	1	3568
1423	3	3229
1581	1	3574
916	1	3791
2805	3	914
1294	3	2714
3312	1	3616
3434	1	3627
1729	1	3601
1341	1	3568
203	1	3615
1655	1	3593
3076	3	2312
3385	1	3574
2021	1	3620
1172	1	3577
337	1	3569
1719	3	3226
872	1	3568
1456	3	505
125	3	3304
777	3	2722
1578	3	2198
2545	3	1493
3425	1	3606
2836	3	2070
3221	3	3304
750	1	3568
1081	3	810
865	1	3639
2318	3	533
3545	3	1908
3363	3	1905
3311	3	1743
281	1	3568
1564	1	3574
2253	3	161
700	3	3308
456	1	3585
273	1	3578
960	3	3079
2654	3	3006
125	3	1210
363	3	2652
1288	3	2032
258	3	3002
855	1	3568
428	3	1890
818	3	691
1330	3	257
2067	3	2647
2297	1	3700
3408	1	3606
2640	3	1658
1451	1	3574
3424	3	2672
2592	1	3636
1547	1	3574
255	3	3243
1304	3	1402
137	3	2827
2430	3	3094
315	3	2435
3174	1	3626
1270	3	3135
912	1	3755
3076	3	1507
3534	1	3581
284	1	3686
2598	3	2856
1321	1	3584
1329	3	1721
1883	3	1047
4	1	3591
2853	3	687
2737	3	938
3234	1	3572
623	3	3137
1807	3	193
2623	3	1455
2352	3	3266
1024	1	3684
683	1	3612
1313	1	3594
2135	1	3590
1461	3	2728
2679	3	878
3135	3	668
2583	1	3626
2972	3	3402
1612	1	3572
3274	1	3604
357	1	3617
2717	1	3580
157	3	2720
606	3	3362
204	1	3574
210	3	691
979	1	3609
1908	1	3569
469	3	1929
564	3	13
820	3	2422
1016	3	943
939	3	1754
2253	3	2739
1304	1	3584
453	3	465
1523	1	3645
1872	3	1854
2196	3	3464
785	3	3549
374	1	3593
2111	3	3357
2796	3	2522
1929	3	1512
2118	1	3590
1846	3	2796
951	3	3398
984	3	1987
2765	3	436
511	3	1464
309	1	3574
2850	3	3351
3378	3	792
755	1	3697
3404	1	3570
2537	3	2223
1776	3	2204
483	3	3459
1818	2	3638
187	1	3574
1009	1	3570
1214	3	1979
1949	3	2365
1989	3	2014
432	3	295
2451	1	3702
2471	3	100
2504	3	2853
3438	3	3367
2920	3	3550
819	1	3634
2521	3	1698
2140	3	813
2036	3	2914
1583	1	3570
1904	3	38
1150	3	1432
2275	3	266
1801	1	3581
292	1	3574
3387	1	3570
2719	3	105
1996	1	3569
1475	1	3586
1319	1	3626
2541	3	299
170	1	3574
2150	3	1820
2537	3	1068
700	3	1698
3353	1	3594
469	3	1124
984	1	3580
1531	3	3229
3232	3	109
1006	3	2544
304	3	2820
2196	3	215
2504	3	1698
2641	1	3614
2677	3	3549
2971	1	3587
176	3	2558
1252	3	1909
275	1	3574
1990	3	2404
3168	3	2006
705	3	3060
1936	3	3238
1524	1	3604
1130	3	1673
1671	1	3570
427	3	2097
1092	3	1527
2928	1	3590
2441	3	2522
1824	3	1215
1109	3	2816
799	3	2386
1456	1	3679
1157	3	939
1628	1	3779
1937	1	3603
262	3	3440
2487	3	1698
2665	1	3677
1934	3	1641
158	1	3569
166	3	1706
2084	1	3569
2766	3	2850
2825	3	1072
739	3	161
258	1	3574
417	3	1470
1342	3	1816
1363	1	3582
733	1	3600
3437	3	3470
1420	3	2347
3008	3	2210
1556	1	3657
2576	3	2914
1427	3	3215
1316	3	2758
3064	3	1262
3013	3	2794
1654	1	3570
1892	3	1322
721	3	689
68	2	3638
546	1	3581
1098	3	270
2399	3	1243
1728	1	3589
2615	3	3249
2619	3	611
2258	3	1713
556	3	2032
2067	1	3569
3152	3	2417
3125	3	279
523	1	3704
3459	1	3574
2495	1	3634
501	3	361
2628	3	982
316	1	3586
1222	3	2432
2207	1	3785
29	1	3589
3452	1	3645
2028	3	964
1166	3	155
549	3	939
1733	1	3584
3416	1	3604
1274	3	725
3149	3	3011
1360	3	2556
1333	3	2509
690	3	1761
2263	3	3428
829	1	3590
168	3	3437
529	1	3581
2612	3	457
2113	1	3657
2790	1	3600
105	3	2422
431	3	1462
2948	1	3665
2602	3	611
1716	3	1381
3161	3	138
3305	3	1658
3442	1	3574
795	1	3614
2125	1	3581
3155	1	3577
595	3	2717
1350	3	765
929	1	3568
2508	3	2352
2693	3	3026
33	3	2492
1851	1	3569
559	3	3238
3186	1	3794
3482	1	3606
810	3	3194
1380	3	376
1626	3	3292
2821	1	3592
2239	3	2560
1891	1	3601
1399	3	2332
2633	3	603
2293	3	945
385	3	1912
1124	3	1350
908	3	1751
1747	3	1020
785	3	1134
2163	3	16
3545	3	3010
2179	3	699
1482	1	3604
1491	3	2347
615	3	2257
2108	1	3581
2731	3	1078
2393	3	3367
2864	3	2116
2391	1	3593
2838	1	3568
912	1	3568
75	3	2966
1993	3	3155
2296	1	3610
1573	3	2874
2306	3	1486
770	1	3624
1834	1	3569
1625	2	3975
2548	1	3627
2850	3	1875
2982	1	3590
1577	3	3044
769	1	3593
1352	1	3614
3522	3	2927
1874	1	3601
1486	1	3568
2854	3	2045
3530	1	3574
463	1	3686
1199	1	3571
2756	1	3600
3531	1	3635
760	3	1380
2850	3	2814
1017	1	3568
1387	3	664
2229	3	2647
2590	3	2454
2688	3	1637
305	3	2560
1863	3	2441
548	1	3568
403	3	2652
1013	3	647
531	3	3489
2091	1	3581
2106	3	2586
3183	3	2543
1613	1	3574
3023	3	2386
53	1	3601
2756	1	3601
869	1	3756
902	3	920
2330	3	2124
3336	1	3626
67	3	1821
466	1	3600
3409	1	3584
1643	3	979
593	1	3652
1854	3	1286
1000	1	3568
2079	3	855
1846	3	3548
423	3	2192
570	3	438
1444	3	3480
3158	3	1422
2745	1	3626
922	3	3257
1676	3	699
1596	1	3574
922	3	813
1651	3	3392
366	1	3574
3068	3	525
1386	3	2831
723	3	96
2844	1	3600
3266	3	1211
968	3	3551
496	3	2297
2281	3	341
2743	3	2856
2935	3	2116
3238	3	2796
2462	1	3593
1701	1	3574
816	3	1260
1243	3	3220
2013	3	3054
731	1	3581
2644	1	3569
3280	3	668
3405	1	3569
3025	3	1673
2915	3	1068
364	3	533
640	3	431
3020	3	308
949	1	3592
1754	3	2755
3010	3	2714
520	3	1068
2275	1	3574
349	1	3574
1645	1	3592
1571	1	3584
3057	1	3568
3162	3	2881
700	3	2450
1424	3	102
1731	3	979
209	3	960
1549	3	2140
2501	3	813
3126	3	3402
3447	1	3679
1136	1	3590
2852	3	3026
1934	3	3548
1645	3	1194
1296	3	2648
2833	1	3626
50	3	3110
2881	3	132
1684	1	3574
1731	3	1918
3153	3	416
124	1	3601
3238	3	1641
3504	3	2629
2365	3	925
2321	3	1662
3549	1	3570
2411	1	3617
2933	1	3604
635	3	765
1194	3	292
2968	3	1435
2258	1	3574
332	1	3574
848	3	2827
969	3	3352
95	3	2030
2283	3	2647
819	1	3581
1567	1	3569
2041	1	3591
1924	1	3589
906	1	3574
1667	1	3574
2263	1	3569
2722	3	3194
128	3	2312
437	1	3574
3145	1	3568
3126	3	1658
3532	1	3570
1570	3	2444
1707	1	3606
2141	1	3569
400	1	3681
1032	3	993
2149	3	1706
2326	1	3681
3410	3	1923
875	1	3707
1916	3	3292
1863	3	1770
3010	3	268
1488	3	2446
3064	1	3631
781	1	3785
1346	3	58
2209	3	3372
2715	1	3569
1288	1	3706
1611	3	1194
3077	3	2544
3476	1	3569
1324	1	3568
2843	3	1625
635	3	2993
333	1	3581
347	1	3616
2216	2	4015
2246	1	3569
2337	3	2321
2931	3	3369
3021	1	3604
283	3	1658
420	1	3574
1195	1	3609
1242	1	3570
1678	3	109
1394	3	1211
2523	3	2437
1309	3	3548
928	3	1909
2023	2	3913
273	3	2900
2525	3	3104
3385	3	802
2795	1	3614
840	1	3885
1957	3	2981
2265	1	3637
2012	1	3589
120	3	2504
1683	1	3677
1747	3	483
1311	3	1535
2327	3	3357
700	3	2934
2697	3	1316
1790	1	3584
2890	3	3464
2698	1	3569
3473	1	3604
1187	3	114
1307	1	3568
1890	1	3589
1645	3	1678
2644	3	2032
644	1	3641
2229	1	3569
3169	3	2364
3124	3	2294
2112	3	3287
1240	3	2019
1345	3	1316
1613	3	1986
2030	3	2733
2664	1	3593
1616	3	3259
1667	3	2815
3297	1	3684
2107	1	3569
2953	3	2795
285	3	2450
745	3	1854
369	1	3598
999	1	3580
1191	1	3594
3454	3	2454
469	3	266
1995	1	3589
2770	1	3624
2785	3	1720
1518	3	2942
2068	3	964
878	3	95
2477	1	3574
2515	3	939
3169	3	270
128	3	1857
508	1	3574
1290	1	3568
1439	1	3626
1482	3	1211
870	3	105
1134	3	3079
2848	3	2185
3216	1	3568
2212	1	3569
3289	3	943
3265	3	78
3348	3	457
1845	3	1658
3378	3	2512
268	3	2450
1056	1	3588
2450	3	361
2312	3	1176
295	1	3569
2895	1	3568
1978	1	3589
2460	1	3574
2770	3	1576
3028	3	1844
3197	3	3536
240	1	3618
530	3	444
3015	3	725
3346	3	376
1597	3	2750
1991	1	3574
2043	3	2119
2116	3	376
3076	3	2422
3200	1	3572
869	1	3569
1140	3	2175
2172	3	1872
2940	3	2005
3374	1	3585
2461	3	618
304	2	3780
2037	3	2796
3378	3	418
2438	3	6
1658	3	2578
2215	3	3158
1987	3	2137
3294	3	564
2878	1	3568
2927	3	105
3421	3	1704
2856	3	1370
2215	3	125
1032	1	3659
506	3	2384
152	3	1546
42	3	941
2688	3	295
2918	1	3600
3187	3	432
3243	3	3035
3500	3	1943
3183	1	3572
852	1	3569
1627	1	3604
2785	3	1854
2957	1	3571
2623	1	3613
1946	3	2232
3445	1	3609
2983	1	3568
2721	3	15
1158	1	3604
1666	1	3575
1836	3	3290
1875	3	3497
2836	3	86
2548	1	3574
3323	1	3609
2352	3	3026
480	1	3630
2832	3	502
3075	3	2145
3440	3	2919
133	1	3660
153	1	3574
764	3	558
2762	3	1017
1877	1	3657
1028	1	3614
2897	3	2722
3238	3	3548
796	3	25
1736	1	3774
245	1	3589
3136	1	3590
2940	1	3571
3452	3	3210
923	1	3593
345	3	2156
727	1	3574
3428	3	1992
481	3	1613
1795	1	3689
2531	1	3574
2867	3	1017
2619	1	3598
1219	3	2165
3006	1	3600
1846	3	2556
2647	3	3369
511	3	1224
648	3	769
3422	3	960
212	3	1821
940	1	3569
1715	1	3604
2995	3	720
3306	3	1211
304	1	3689
1769	3	2816
2237	1	3591
2376	3	466
1145	1	3568
1194	3	105
3086	3	1664
411	1	3596
82	1	3684
2819	1	3581
3365	3	2816
710	1	3574
3548	3	571
107	3	3110
1072	3	105
1185	1	3600
1526	1	3672
3473	3	131
2441	3	3087
2797	3	2693
3210	1	3753
2602	1	3598
2989	1	3600
3044	3	1698
3466	3	2646
1230	3	2216
1406	1	3585
2059	1	3609
2144	3	743
1219	3	3454
2228	1	3581
2473	1	3639
998	1	3581
694	3	268
1477	3	114
3467	3	3263
7	1	3594
86	3	2940
2628	1	3568
17	3	2398
2802	1	3581
2486	1	3624
2728	1	3573
693	1	3574
2694	1	3586
3094	1	3600
1164	3	2722
407	1	3581
1821	3	2398
75	3	3397
3076	3	1751
1403	1	3590
1828	3	3266
1329	1	3582
1219	3	1360
3237	3	645
2356	1	3634
2692	3	1134
2872	3	2887
2531	3	2815
1281	1	3590
2445	3	2647
1058	3	3405
2616	3	1387
1107	3	2134
981	1	3581
2386	1	3598
2203	1	3591
765	3	292
1160	3	105
576	3	1551
718	2	3714
432	3	1694
1346	3	221
3173	1	3614
3298	3	416
2785	1	3581
867	3	964
441	3	3229
1826	3	1259
2485	1	3572
2643	1	3637
1781	1	3582
3307	1	3568
390	1	3581
738	3	96
2303	1	3569
2782	3	102
1727	1	3662
1386	1	3590
1120	1	3568
2954	3	2454
3179	3	2023
1577	3	1381
1086	1	3581
2249	3	2032
1626	3	2918
850	3	25
494	1	3756
1264	1	3590
2716	1	3568
3190	1	3590
1739	1	3616
341	3	376
1499	1	3580
1300	3	671
1533	3	1158
2301	1	3662
270	3	1641
2918	3	3352
3290	1	3568
2326	1	3628
2299	1	3581
915	3	376
1139	3	2537
1153	3	1465
3314	3	136
1069	1	3581
3519	3	1690
1149	1	3851
294	3	765
1078	3	1779
1796	1	3624
2873	1	3581
3308	3	268
139	1	3601
1732	3	1666
2042	3	2096
2798	3	558
3395	1	3568
2391	1	3569
1358	3	1649
3464	3	3402
2563	3	3197
761	1	3593
3180	1	3677
1591	3	2537
3273	1	3568
1081	3	2827
179	1	3633
3314	1	3631
1917	3	1751
2423	1	3645
898	3	376
2069	3	2672
2319	3	3520
3513	3	2896
2056	3	799
1052	1	3581
547	3	1546
978	1	3573
3497	3	1432
2052	3	602
2855	3	2435
2506	3	2609
3465	1	3767
725	3	1908
2842	3	1316
1147	3	2856
1719	3	3149
2705	3	3491
423	3	879
359	3	1702
2337	3	2618
2441	3	2416
1340	3	2931
1570	3	647
1359	1	3677
3546	3	3026
2048	1	3601
1551	3	2074
2733	3	2435
3378	1	3568
1354	3	695
2445	3	687
883	3	1192
2374	1	3569
3357	3	3094
3344	1	3592
2037	3	3548
1818	1	3606
3488	3	668
2040	1	3584
2652	3	2319
735	1	3572
3272	3	2398
3526	3	2507
1328	3	324
258	3	481
770	3	47
2927	3	268
2261	1	3569
3214	1	3602
3544	1	3575
3361	1	3568
897	1	3615
1031	1	3569
1806	1	3604
2357	1	3569
2413	3	1728
1834	3	3375
305	3	1381
3364	1	3615
2613	3	18
1444	1	3568
794	1	3672
184	1	3604
2097	3	1221
2727	1	3574
304	3	2259
914	1	3591
1689	1	3626
490	3	2022
3256	3	1705
387	3	3392
2234	3	3183
2207	3	3136
3232	3	2931
283	3	1150
361	3	1507
92	1	3568
2799	3	720
1921	3	2055
2136	1	3574
428	3	658
2263	3	289
824	3	2165
1014	1	3569
930	3	2068
2498	3	105
1660	3	1089
1142	3	1625
774	3	1506
1794	3	1043
545	1	3569
677	1	3667
2710	1	3574
2663	1	3613
3372	3	114
423	1	3569
2055	3	1841
597	1	3582
3377	3	890
1119	1	3569
1262	3	3237
266	3	3402
3248	3	375
43	3	2582
1917	3	3174
3328	3	645
1712	1	3658
2119	1	3574
2024	3	2327
2246	3	289
51	3	2366
997	1	3569
2247	3	2794
2070	3	3402
3021	3	324
2815	1	3574
1025	3	3340
2294	1	3591
602	1	3577
528	1	3569
2211	3	252
2147	3	1829
148	3	1673
2165	3	2796
1109	3	161
2993	3	246
1812	1	3636
3131	3	2649
1445	3	1752
44	3	1330
2693	1	3574
3258	3	2291
2845	3	404
2734	1	3637
3044	3	2450
2332	1	3569
2346	1	3604
1102	1	3569
3368	1	3789
2942	3	465
1716	3	2914
2515	3	1370
98	1	3570
1984	1	3568
2359	1	3589
3431	3	564
980	1	3569
1755	1	3604
2502	3	1179
1068	1	3593
2396	3	169
1468	1	3607
2751	1	3613
2555	3	1402
582	3	687
1108	3	1625
985	3	1008
2623	3	1512
2010	3	1891
2798	1	3574
3060	3	1820
266	3	1658
1047	3	3311
1370	3	2416
2236	3	2820
2644	1	3679
2676	1	3574
2872	1	3593
2572	1	3584
3006	3	2654
3479	3	2070
873	3	675
1681	3	3463
163	1	3568
2390	1	3581
3495	3	501
270	3	3548
2523	3	3002
1460	1	3590
1085	1	3569
2248	3	2020
3451	3	2901
1539	3	1829
2007	1	3570
3038	3	3488
359	3	1381
944	3	349
1089	3	402
1924	3	3237
2647	3	283
2253	3	2796
1577	3	1194
27	3	2033
2504	3	2560
1913	3	2785
2781	1	3574
2964	1	3581
3443	3	114
2189	3	765
1343	1	3612
494	1	3569
2706	3	2271
3252	3	679
2700	1	3637
3044	3	1645
2077	3	432
1756	3	2347
186	1	3570
1172	3	1720
146	1	3568
1002	3	1142
2373	1	3581
1429	3	2291
838	3	2516
2751	3	2504
3077	1	3571
2473	1	3586
3222	1	3624
1320	3	602
215	3	3402
1845	3	934
3369	1	3590
2365	1	3591
3008	3	2722
908	3	2129
782	1	3576
1072	3	402
599	1	3569
1276	3	2649
765	3	2333
1061	1	3640
1664	1	3575
2658	1	3671
2947	1	3581
1675	3	2985
3435	1	3619
2778	1	3590
3075	3	1637
3239	1	3600
251	1	3568
3076	3	1698
1698	3	564
22	1	3604
2997	3	1232
78	3	1009
1116	3	1513
1576	3	917
2356	1	3581
847	1	3574
2766	3	679
3305	3	292
17	3	2695
1988	1	3636
62	1	3636
1139	1	3593
2560	3	2312
3491	3	465
3545	3	1294
1325	1	3709
741	3	1465
2057	3	3470
2187	3	457
1821	3	2695
2896	3	295
3452	1	3568
155	3	375
1429	3	547
43	3	1911
1751	3	3210
1456	3	241
2001	3	2560
2488	1	3628
215	3	1658
1016	3	1134
2036	3	1816
1117	3	1924
2640	3	105
2492	3	461
384	3	114
1829	3	1698
2413	1	3589
2853	3	2167
3188	1	3624
1679	1	3617
3374	3	813
1759	3	3550
1305	1	3600
1533	3	3549
1623	3	2167
3035	1	3581
440	3	2920
822	1	3584
1863	3	3169
1344	1	3571
1172	3	1854
931	3	67
1763	3	131
228	3	683
1325	3	3381
2929	3	173
2412	1	3686
455	3	1673
2334	3	1712
2444	1	3581
488	1	3599
935	1	3574
2498	3	1073
2813	1	3761
1146	3	3352
78	3	204
1476	3	1073
2097	3	95
3026	1	3571
1316	3	2815
3124	3	2399
2560	3	1507
2853	3	1012
1377	3	2613
405	1	3570
117	3	2649
2593	3	1816
1806	3	1211
2252	3	580
189	1	3618
1373	3	1309
2963	3	2192
1336	3	1769
1728	1	3646
2209	1	3570
2487	3	3044
812	1	3671
1767	1	3617
918	1	3574
2759	3	884
2352	3	558
29	1	3646
1455	3	2566
1344	3	210
2045	3	647
3340	3	813
1521	3	2410
3097	1	3595
2705	3	3438
937	3	2749
1975	1	3590
3427	1	3568
1271	1	3600
2423	1	3569
2897	1	3591
3523	1	3568
1863	3	2364
3419	1	3578
96	3	1698
1310	1	3571
2465	3	2268
502	1	3591
1935	3	571
19	1	3575
1729	3	2204
1773	3	2612
2504	3	2239
749	3	979
1826	3	1690
1992	3	229
1084	1	3581
3155	1	3634
3182	3	344
3410	3	1012
3530	3	2038
154	1	3590
84	3	1370
1376	1	3600
2731	3	3229
2784	3	1553
615	1	3581
694	3	2927
2528	1	3569
3069	3	2603
363	3	2522
1401	3	3026
3410	1	3568
3241	1	3596
2465	3	2618
246	3	2167
1638	3	3509
2046	1	3614
3313	3	2055
2625	1	3630
1193	3	1195
2180	1	3568
2005	3	1698
1189	1	3581
3464	3	2544
1702	3	63
508	3	3514
1619	3	3067
635	3	1493
964	3	3304
2468	3	666
497	3	3062
852	1	3679
2165	3	3548
1340	3	1134
478	3	325
1477	3	679
1589	1	3568
959	1	3586
519	1	3725
2511	1	3569
1447	3	2007
2172	3	827
2349	3	2273
759	1	3582
2101	1	3709
2193	3	3067
241	3	428
305	3	1678
1045	3	13
2163	1	3568
2355	1	3582
1172	1	3581
542	1	3599
1694	1	3568
1510	3	2445
1647	1	3607
1707	3	2717
2187	3	136
3337	3	249
3375	3	3203
3318	3	1676
690	1	3569
1164	1	3591
1336	3	2253
1770	3	1462
1814	3	2624
2688	3	1694
790	1	3574
561	3	2774
1572	1	3568
1764	3	1211
366	3	3169
2187	3	3519
2521	3	279
2627	3	2434
322	3	1654
387	3	1245
866	3	3367
2494	1	3569
342	1	3568
3343	1	3612
810	3	2446
1702	3	2291
3003	1	3601
292	3	2982
2269	3	3292
2787	1	3649
2446	1	3577
2673	3	2920
273	1	3582
2146	1	3568
3265	3	1611
2253	3	3548
2051	1	3585
125	1	3585
1155	1	3581
2628	3	2462
3068	1	3569
3194	3	2122
1677	1	3568
2827	1	3681
747	1	3577
673	1	3569
3232	3	1134
1063	3	2652
2451	1	3572
2404	1	3611
3481	1	3568
2734	1	3584
1487	1	3632
652	1	3624
1140	3	325
2251	1	3568
2362	3	1089
3421	3	2887
1247	1	3569
2896	3	2202
1177	3	3248
2319	3	2796
2470	3	303
256	1	3582
639	3	1797
1711	3	1496
1322	3	857
2129	1	3568
778	1	3569
2836	3	330
1908	3	78
108	1	3585
2086	3	2130
2315	1	3684
2847	1	3574
2198	3	3402
2853	3	691
123	3	2590
1660	1	3568
1623	3	691
2051	3	3257
304	3	1751
730	1	3577
683	1	3616
2582	1	3569
2761	1	3628
3305	3	105
1652	1	3578
1698	3	1316
1700	1	3600
366	3	2364
1994	1	3711
2622	1	3601
696	1	3601
2234	1	3568
2248	1	3584
851	3	1704
166	1	3624
266	3	2544
1230	1	3569
2768	3	2098
1278	1	3591
84	3	699
2830	1	3574
761	1	3569
1959	3	188
1270	1	3601
2970	3	645
1643	1	3568
1600	1	3574
2926	1	3574
154	3	713
896	1	3584
594	3	2628
2822	1	3584
3300	3	618
2345	3	2937
366	3	270
2976	3	1835
3074	1	3601
3000	1	3593
3168	3	2815
440	3	2733
3371	3	484
2770	3	2304
1449	3	1064
1009	1	3574
2633	3	3372
2231	1	3584
1601	1	3602
32	1	3622
1931	1	3575
1748	1	3568
2163	3	2785
606	1	3828
3234	3	1878
2820	3	3549
2813	1	3574
744	1	3569
1365	3	3226
1286	3	3017
750	2	3877
2739	3	1157
3105	1	3593
1924	1	3646
1583	1	3574
2983	3	3053
2578	3	2640
3287	1	3569
396	1	3568
1801	1	3585
377	3	1658
402	3	493
484	1	3592
1067	1	3613
2329	3	1099
2841	3	665
3475	1	3598
526	3	2291
2141	1	3626
1577	3	3369
992	1	3574
73	1	3682
132	3	287
1403	3	1278
2214	1	3584
232	3	2544
1467	1	3600
1941	1	3622
2736	1	3571
2874	3	385
3497	1	3590
2305	3	3264
523	1	3574
1853	3	1924
432	3	1588
1241	3	465
381	3	2767
3155	3	2204
1573	3	3549
1132	1	3611
2900	3	3209
1566	1	3574
1880	1	3599
2788	1	3584
903	1	3647
2290	3	2417
3270	1	3569
1097	1	3574
385	3	493
1872	1	3609
1262	3	1924
2537	3	1422
1107	3	2378
3398	3	1625
1248	2	3935
2801	1	3569
574	3	1128
1166	3	3408
1349	1	3591
1684	1	3765
2901	1	3574
975	1	3574
3046	1	3627
604	3	3183
3367	3	2347
215	3	2544
1463	1	3612
3266	1	3749
1321	3	1085
1671	1	3574
2333	3	114
506	1	3574
1862	3	1365
884	3	2497
2920	3	2749
3350	3	1761
1549	1	3574
2943	3	1492
2300	3	744
2365	1	3672
2544	3	2640
14	3	1345
247	3	2586
1263	1	3581
114	3	384
943	3	1658
1080	1	3574
1769	3	161
1855	1	3609
2302	1	3584
2805	3	2825
827	3	1909
3441	1	3598
1820	3	1399
1382	3	2397
3365	3	161
2320	1	3789
739	3	3548
1841	3	1195
1099	3	2749
1554	1	3569
1002	3	1573
2729	1	3618
2810	3	1157
371	1	3568
1654	1	3574
328	3	3237
1995	1	3646
255	3	482
2730	1	3679
1453	3	2071
2005	3	2450
2935	3	2441
749	3	2081
3358	1	3569
2446	3	1208
1310	3	2275
289	1	3570
601	3	1330
1769	3	511
1903	3	465
2706	3	3052
963	1	3569
2036	3	3402
308	3	2189
1052	3	2582
1912	1	3617
1063	1	3574
3317	1	3634
134	3	1997
316	1	3590
2044	3	2432
3476	3	423
147	1	3599
917	3	1062
2816	3	1769
3242	1	3595
502	3	982
3000	3	2029
1103	1	3606
1537	1	3569
1223	3	2261
268	3	63
788	3	194
1918	3	1673
1951	1	3599
2545	3	1310
1370	3	2981
1483	3	2032
246	1	3573
403	3	2522
1546	3	603
1455	1	3571
1651	1	3590
2145	3	2663
2774	3	140
1168	1	3574
2748	3	2398
3341	1	3569
1671	3	2815
46	1	3569
2793	1	3713
3549	3	3002
2697	3	1507
3155	1	3581
620	3	1748
498	1	3718
1742	1	3574
250	3	1345
3448	1	3661
1980	3	1326
3443	3	679
3293	1	3705
3555	1	3568
1868	3	1172
2683	3	2020
3099	3	262
1342	1	3571
735	3	3512
1535	3	2574
2427	3	2419
1063	3	2465
1661	1	3637
1426	3	1219
1634	1	3590
2038	1	3571
2653	3	3348
921	3	2521
1334	1	3581
1479	3	297
2321	3	2337
2965	1	3618
3076	3	385
1654	3	2815
3512	3	261
1626	1	3600
2560	3	1588
3546	3	1176
1529	1	3569
3138	1	3581
1212	1	3581
1267	3	1679
2319	3	2609
2633	3	1546
2838	1	3572
2296	1	3614
1447	1	3571
3177	3	215
1403	3	1546
1592	1	3624
2454	3	2816
366	3	1238
2690	1	3575
2698	3	1712
2895	3	1173
2032	2	3895
3538	1	3568
2908	1	3586
1381	3	2275
2812	3	1733
3044	3	2560
2578	3	3258
1461	3	2545
395	1	3580
700	3	1381
2308	1	3568
253	3	299
3505	3	107
1391	1	3589
1779	3	2005
1317	1	3581
1845	3	1849
2974	3	2722
1839	1	3568
387	1	3590
1533	3	2825
3048	1	3623
338	3	1345
2091	1	3585
2729	3	1704
3496	1	3602
759	1	3879
1791	1	3576
2351	3	3237
6	3	1997
2968	3	955
991	3	1733
2068	3	2444
2253	3	2556
2713	1	3577
943	3	3431
1847	3	2291
1422	1	3581
760	3	1734
2864	3	376
3070	3	3290
78	1	3571
866	1	3618
305	3	2914
2149	1	3624
324	1	3660
3213	1	3569
1822	1	3568
2487	3	1381
1075	3	3304
605	1	3580
2852	3	802
362	3	1408
1387	1	3574
2005	3	1779
2425	3	2461
3039	3	2347
1093	3	2755
2892	1	3596
383	1	3575
2649	3	279
783	1	3589
234	3	1146
3471	1	3612
673	3	1310
2286	3	2434
3482	1	4094
427	3	2130
1405	1	3581
1053	3	1972
1	1	3568
1065	1	3570
1461	3	1740
1046	3	1660
3366	1	3591
2992	1	3574
773	3	1698
3466	1	3596
398	3	3519
1062	3	444
596	1	3570
1281	3	2404
2005	3	2129
2860	3	2434
480	1	3821
3088	3	3102
2310	3	2722
1652	3	188
2775	1	3591
3097	3	665
2475	1	3582
138	3	1290
2862	1	3584
2379	1	3568
166	3	234
152	3	3026
179	3	1000
2136	3	1396
2028	3	647
2862	3	2876
575	3	63
3019	1	3618
1910	1	3568
2437	3	1230
1223	3	1940
2975	1	3574
3548	3	2856
3567	1	3602
14	3	3252
954	1	3591
2603	3	325
1087	3	3012
1788	1	3568
1684	1	3578
2109	3	3216
904	3	561
2908	3	918
2219	3	2714
2943	3	366
3462	1	3581
271	1	3571
703	3	3149
1664	3	1637
1924	3	3481
1075	3	3438
721	3	2600
3080	1	3574
2252	3	2434
802	3	1403
3034	3	529
3075	3	592
3536	3	2501
567	1	3568
2702	1	3609
2618	3	17
680	3	1756
3304	2	3893
2958	1	3574
1833	3	1224
3446	1	3612
3541	3	3277
2482	3	1089
2826	3	2434
2320	1	3602
2244	3	3383
2097	3	3238
2871	3	2667
1978	3	2216
2482	1	3645
3173	3	3343
2722	3	165
120	1	3590
2124	3	2330
520	1	3604
2006	3	1160
2387	3	2045
2399	3	1060
2869	3	131
1982	3	2386
2797	3	3234
3063	1	3574
117	3	3348
550	1	3568
2976	3	38
1005	3	2434
1590	3	1402
2941	1	3574
2720	1	3774
3537	1	3569
2352	1	3655
128	3	2666
2853	3	1122
1219	3	1551
1437	3	1006
1963	3	1944
333	1	3585
1910	1	3702
330	3	1623
2300	3	2785
1242	1	3574
1837	2	3801
3128	1	3572
3522	3	3549
1370	3	2794
2606	3	12
2946	1	3569
1252	3	1271
3046	1	3574
559	3	2116
1729	1	3581
1734	3	2165
874	1	3640
1140	3	2045
2269	3	2918
246	3	988
1014	3	1875
2143	3	2748
2790	3	1211
3551	3	2318
1023	3	1690
2017	3	679
2600	3	700
1136	3	2461
3186	1	3611
2294	3	3237
1782	1	3598
140	3	2216
1854	3	969
2229	1	3573
929	3	1179
1088	3	1658
1225	1	3574
3151	1	3574
399	3	3454
103	1	3569
1279	3	2786
1773	3	2722
2929	1	3569
2261	3	3514
3478	1	3603
2327	3	1267
421	2	3810
1712	1	3581
3532	3	2815
1076	3	364
1437	3	3234
516	1	3568
401	3	1088
1734	3	3454
1821	3	1784
1493	3	2421
2545	3	3351
3503	1	3569
1758	3	2803
1330	1	3574
2112	1	3568
2586	3	3061
3540	3	3142
493	3	3002
1404	1	3593
1451	3	1937
558	3	1486
1208	1	3574
2077	3	1160
1104	1	3584
3136	3	904
3317	1	3581
2846	1	3725
174	1	3593
1771	1	3681
2086	3	2695
2566	3	114
3512	1	3569
2508	1	3570
1248	1	3606
1695	1	3581
1734	3	1360
2504	3	1194
1395	1	3572
1826	3	645
1907	3	1521
2500	1	3580
1048	1	3602
949	3	877
30	1	3568
67	3	699
571	3	511
1176	3	1658
1313	1	3574
2081	3	2269
2678	1	3589
1645	3	877
3274	1	3584
3424	3	558
1972	3	3388
831	1	3619
564	3	3026
70	1	3600
23	1	3639
431	3	824
1087	1	3584
2364	3	2856
2589	3	3179
3495	1	3569
1460	3	1142
2669	1	3568
2721	3	2113
2683	1	3584
635	3	448
1212	3	942
2040	3	465
2487	3	1194
939	3	1734
2783	1	3589
3429	3	2273
1261	1	3570
143	3	15
1387	3	1770
415	1	3636
1479	1	3581
745	1	3609
746	3	525
1889	3	679
1927	1	3617
3257	1	3584
1674	1	3569
1930	3	389
2036	3	2544
664	3	937
2773	3	1345
75	3	2917
995	3	3005
63	3	2404
3370	1	3574
581	3	3160
3215	1	3618
882	3	167
1363	3	91
2766	1	3589
627	1	3600
679	3	2145
3170	1	3570
298	3	1260
1779	1	3569
3289	1	3637
2359	1	3646
2855	3	1821
205	1	3591
102	3	460
1238	3	2611
1188	1	3569
3054	1	3596
361	3	1698
2871	1	3589
2115	3	100
2733	3	1821
1461	3	2842
2329	3	2014
3353	1	3574
3308	3	943
3006	1	3604
840	1	3568
1444	3	2492
3528	1	3591
2149	3	234
1107	3	2943
1230	1	3679
1929	3	687
2211	3	2537
1194	3	109
2489	1	3612
2614	3	1559
2923	1	3575
1532	1	3574
292	3	3226
1797	3	1175
1016	1	3613
1667	3	2498
524	1	3590
3240	3	1721
1551	3	2749
1045	3	1546
41	1	3574
2228	1	3585
1816	3	687
929	3	1797
2487	3	1678
3053	3	3237
1745	1	3569
2120	3	1973
1417	3	1835
3137	1	3574
3150	1	3586
368	1	3603
1760	3	2574
2068	3	647
741	1	3570
1951	3	1982
886	1	3623
921	3	2952
3523	3	1898
2217	3	1280
2802	1	3585
214	3	173
1187	3	1086
1515	1	3574
393	1	3569
2927	3	943
2953	3	384
1700	3	1288
1029	1	3577
2462	3	557
24	1	3574
799	1	3609
846	1	3570
1444	3	1687
2656	3	484
1728	1	3569
3133	1	3586
266	3	1849
2242	3	465
2994	3	2332
1207	3	70
432	3	1698
1754	3	3056
1116	3	2509
158	3	3221
1474	3	1062
1072	3	1748
1394	1	3584
2545	3	1875
1849	3	2450
1127	3	739
2739	3	2556
911	1	3568
1494	1	3589
2055	1	3783
401	3	2995
2791	1	3611
2347	3	465
2531	3	725
245	3	1679
2618	3	2408
3443	3	305
311	3	769
2413	1	3646
1908	3	1611
1763	3	3221
273	3	623
116	3	811
1399	3	1962
964	1	3585
1786	1	3581
3008	1	3591
2196	3	679
2963	3	960
3385	3	1908
1152	1	3614
2329	3	3437
495	1	3585
1252	3	2373
596	3	2758
1910	3	2406
760	3	3104
676	3	1883
2540	3	136
2660	1	3590
2782	1	3601
2943	3	1602
447	1	3593
2299	1	3585
2360	1	3581
3121	1	3581
547	3	261
2697	3	2422
2821	1	3572
239	3	1778
2578	1	3592
2591	1	3604
1891	1	3581
2540	3	3519
3208	1	3574
2673	3	1204
1373	3	427
695	1	3568
3560	1	3569
1287	1	3596
553	1	3624
2019	3	3357
529	3	1513
2881	3	1722
1961	3	1224
1345	3	2422
1482	1	3584
2351	3	1924
2874	1	3589
255	3	592
478	1	3585
3311	3	381
1828	3	2815
2649	3	1060
2997	3	3164
3273	1	3572
2172	3	750
1909	1	3618
3527	3	108
2221	3	1934
1440	1	3618
1052	1	3585
1874	1	3581
678	1	3568
1641	3	3550
2120	3	363
536	1	3624
2122	3	2720
2724	3	904
85	3	2418
2423	1	3626
2445	3	691
2046	3	176
535	1	3593
1948	3	1747
1633	3	1116
2473	3	2079
1719	3	120
2909	3	1955
511	3	1846
1747	3	3228
3056	3	2675
567	3	1443
1256	1	3738
113	1	3584
1080	3	3514
1657	3	2920
1128	3	1637
1917	3	3044
206	3	2192
2217	3	3053
2408	3	17
2547	3	3026
1753	1	3591
2140	1	3593
419	1	3619
661	1	3568
3216	2	3744
72	1	3649
1962	3	3277
2439	1	3571
2145	3	679
2223	1	3619
701	1	3600
2431	1	3581
1162	1	3591
1762	3	2920
2845	1	3611
3530	3	2445
2401	3	465
1140	1	3585
2560	3	1698
1949	3	3097
766	1	3568
846	3	501
2057	3	2856
283	3	215
2649	3	1102
514	1	3581
3169	3	571
49	3	1195
2123	1	3593
1329	3	1648
2945	1	3589
1798	3	3311
1935	3	2856
2864	3	3169
1417	3	3392
212	3	699
802	3	679
618	1	3756
889	3	2362
1278	3	204
405	3	1740
1206	1	3587
2310	1	3591
3191	3	192
1570	3	3229
23	1	3586
1970	3	3243
2758	1	3570
867	3	647
1392	3	979
1012	3	700
152	3	3002
1460	3	1089
2543	3	1698
1130	2	3897
497	1	3581
1016	3	870
3171	1	3569
309	3	945
2494	1	3626
3495	3	1310
1564	1	3635
715	1	3592
2823	1	3568
2648	3	1698
20	1	3591
667	1	3600
1496	3	373
755	1	3624
204	3	2234
367	1	3591
1819	1	3569
2267	3	813
1632	3	3438
1027	3	2291
588	3	3036
602	1	3581
3479	3	785
219	1	3749
2805	3	3203
3526	3	2056
2748	3	1676
2071	3	979
224	3	3087
3515	1	3574
874	3	2804
480	1	3581
2393	1	3569
2734	1	3641
2900	3	1843
3154	1	3569
608	3	1637
254	3	799
753	3	1690
11	1	3581
183	1	3681
820	3	1194
1247	1	3626
1807	3	3287
1924	1	3569
2864	3	2364
98	1	3574
2071	3	1918
2806	1	3568
1802	1	3569
2979	3	3392
879	3	2799
3268	3	3302
1667	3	1156
585	1	3581
1990	1	3598
730	1	3634
1333	1	3569
1645	3	3402
1690	1	3589
2273	3	2364
16	3	1959
2582	1	3626
2407	3	2318
2616	3	1204
3002	1	3591
3498	1	3574
2935	3	3169
2993	3	1539
2389	1	3581
2376	1	3569
3211	1	3577
1978	3	3131
985	1	3568
2294	3	1924
2390	1	3585
1027	3	547
1230	1	3626
1436	3	2449
2007	1	3574
81	1	3574
2746	3	3237
1853	3	2786
432	3	2450
2655	3	1761
1785	1	3569
565	3	3135
2964	1	3585
3556	1	3613
1600	1	3631
568	1	3581
1343	1	3616
2481	1	3569
2580	3	2075
1090	1	3568
342	3	799
361	3	2934
2012	1	3569
86	1	3569
669	1	3590
1262	3	2786
1683	1	3657
2466	3	1829
2296	3	497
634	3	2717
186	1	3574
1817	1	3611
2894	1	3568
377	3	1365
949	3	1658
1917	3	279
939	3	2165
880	3	3189
1601	1	3659
1890	1	3569
2665	1	3604
499	1	3568
452	1	3607
899	1	3582
1006	3	1316
1645	3	1658
1073	3	1012
2675	3	2408
3200	3	1986
3246	3	196
2743	3	2165
3256	3	3482
3474	3	2937
1194	3	1345
2816	3	403
3349	3	3373
1556	1	3584
2597	3	1270
2563	3	2075
2523	3	1262
2656	3	3464
2812	3	1172
1434	3	38
251	1	3572
1073	1	3568
418	3	2942
1870	3	668
1995	1	3569
69	1	3569
2770	1	3604
3184	3	1461
1833	3	2273
3289	3	1512
5	3	1611
603	3	1345
2877	1	3568
1873	1	3569
1147	3	1734
1378	3	1955
458	3	3530
2566	3	679
3185	3	933
3310	3	1072
1913	1	3601
2243	1	3574
2281	3	939
252	3	1555
2593	3	2036
903	1	3704
1056	1	3568
2508	3	1929
2312	3	1156
3482	3	3256
1978	1	3569
52	1	3569
638	3	772
2604	3	3427
3096	3	1006
3562	1	3645
3459	3	1480
2113	1	3584
3026	3	2332
2039	1	3576
1458	3	131
3071	3	3346
2601	1	3622
85	3	3170
1611	3	1658
1897	1	3632
3087	3	2130
658	3	1625
3548	3	67
1631	3	3292
2661	1	3568
61	1	3569
3292	3	466
543	3	2482
1029	3	2607
3479	3	3497
687	3	1929
432	3	2934
2226	1	3574
2701	1	3600
2688	3	3308
1039	1	3568
2444	1	3585
1757	1	3574
313	3	1733
2796	3	3067
2664	1	3707
635	1	3569
2842	3	2422
333	3	3367
2219	3	3308
3079	3	1006
1315	3	2758
2484	1	3617
1264	3	3183
134	3	1704
397	3	2173
2104	3	1721
2110	1	3600
2545	3	78
640	3	2318
620	3	3549
2836	3	3099
405	1	3574
1627	1	3584
3060	3	564
44	1	3569
2995	1	4061
697	1	3593
3358	1	3626
3096	3	3234
2544	3	603
1403	3	1469
2204	3	945
2209	1	3574
188	3	2327
2250	1	3637
2560	3	2450
502	3	100
2580	3	465
2501	1	3593
642	3	3170
2684	1	3600
3294	3	2422
1740	1	3574
2176	3	867
618	1	3569
979	3	793
2181	3	1068
510	1	3574
1099	3	712
1875	1	3589
1901	3	2693
836	1	3580
2526	3	575
603	3	1829
2314	1	3574
152	3	2815
388	1	3574
3479	3	2692
680	1	3593
3341	1	3626
3079	3	3234
2286	3	1068
1386	3	1469
539	3	373
1359	3	1422
2563	3	465
3051	2	4065
2503	3	1637
3121	3	1106
1906	1	3581
976	1	3590
601	1	3569
1376	1	3604
1884	1	3575
1340	3	3232
1156	3	720
493	1	3574
1512	3	2578
3159	3	471
1527	2	3965
1933	3	1422
2084	1	3764
1769	3	2796
2197	1	3569
3184	3	3234
242	3	1412
2297	1	3574
2336	1	3724
2030	3	2981
320	3	2735
2890	3	679
2311	1	3590
385	1	3590
2648	3	2450
1392	3	2081
514	3	3416
2772	1	3600
3061	3	173
1810	3	580
2441	3	3067
345	3	981
1147	3	1063
1529	1	3626
2560	3	1645
3305	3	344
1049	1	3898
3093	3	3451
2350	1	3591
3212	1	3646
3480	3	979
525	1	3627
2209	3	2815
959	1	3590
1747	1	3637
2071	3	1731
2353	3	363
2585	1	3581
659	1	3581
402	3	229
476	1	3574
2885	1	3590
721	3	295
33	3	1398
2315	3	2846
2192	3	2229
1533	1	3590
2055	3	3297
2455	1	3591
1281	3	3266
1064	1	3590
728	1	3719
1387	3	3169
1694	1	3572
3226	3	3149
2688	3	1698
922	3	2029
1946	1	3589
2768	1	3585
3496	1	3659
790	1	3578
1416	3	275
2568	1	3581
3343	1	3616
322	3	1658
459	1	3574
2510	3	2275
473	1	3590
1564	1	3582
1829	3	1381
2425	1	3785
173	1	3581
2697	3	1698
2446	1	3581
2719	3	1134
163	3	398
273	1	3586
1785	3	2674
163	1	3735
1943	3	1402
2001	3	3182
867	3	944
268	3	604
1234	3	1211
2485	3	215
1977	1	3581
2968	1	3568
310	3	3172
3069	3	2741
3560	1	3596
2821	3	642
2269	1	3600
2081	2	3981
747	1	3581
1687	3	2376
1969	1	3591
2055	3	2142
2909	3	2386
2161	3	1988
3217	3	459
1701	3	140
2404	1	3615
2377	1	3568
1770	3	2755
246	3	1716
1021	3	1751
336	1	3671
633	3	964
1921	1	3599
2453	3	1462
2551	1	3581
3073	1	3568
3566	3	1281
917	1	3600
807	3	2466
2069	1	3569
1925	1	3769
2299	3	813
289	3	3002
2825	3	1751
877	3	3243
2951	1	3568
3006	3	1666
404	3	2720
602	3	2261
273	3	1538
1809	3	3491
2993	3	547
2782	1	3577
576	3	376
2699	3	1345
3020	3	3402
3143	3	1211
2482	1	3568
3284	3	2033
343	3	1962
3305	3	109
473	3	229
26	1	3591
2310	3	2779
1652	1	3582
850	3	1883
3525	1	3568
1122	3	2167
2930	3	1751
3356	1	3577
651	3	2664
2036	3	694
3539	1	3584
1051	3	3432
2234	1	3572
535	3	2915
2137	3	2059
1546	3	3372
2348	3	3454
1128	3	3357
139	1	3581
2052	1	3569
345	3	2404
3013	3	440
2482	3	2301
511	3	533
835	1	3581
330	3	1546
2089	3	3155
2647	1	3571
2934	1	3568
86	3	960
2846	3	1116
1204	3	1734
3308	3	1187
746	3	2997
63	3	1493
694	3	1671
571	3	300
2464	3	2273
1533	3	3366
315	3	699
1196	3	2889
1744	3	65
3039	1	3568
319	3	869
3002	3	691
3020	3	1658
1601	1	3606
2048	1	3581
664	3	376
1224	3	2408
585	3	167
2035	1	3569
2109	1	3577
644	1	3568
1441	3	1078
3077	3	1316
430	3	1356
749	2	3820
1076	3	3320
25	3	1697
1865	3	2283
2005	3	1381
2764	3	188
2448	1	3568
3277	3	2259
3446	1	3669
3144	1	3568
396	1	3572
1218	1	3568
548	3	402
2140	1	3569
1438	3	155
2188	1	3591
3182	3	1316
3260	3	1673
3022	1	3568
1880	3	3491
1140	3	813
2092	1	3577
2652	3	3238
1089	3	1992
2923	3	1017
1682	3	2434
1806	1	3584
2233	3	2207
501	1	3572
535	3	3049
155	3	2770
1021	3	3174
2388	1	3574
1246	3	1245
767	1	3605
1682	3	3373
1201	1	3568
3127	1	3568
3174	3	1912
3375	3	2886
797	1	3569
2123	1	3569
3488	1	3584
172	3	98
2407	3	2749
1871	1	3582
721	3	1852
1537	3	287
1496	3	3032
1797	1	3574
1820	3	3497
2529	3	3335
394	3	1796
1072	3	1992
1210	1	3568
3261	3	17
2376	3	3292
700	3	2995
608	3	3357
206	1	3569
425	1	3630
3237	3	1243
2698	1	3630
2522	3	3406
216	3	2373
490	3	497
1315	3	1766
2371	1	3574
2412	1	3637
2618	3	2652
2010	1	3569
2629	3	307
1344	3	1316
2465	3	2435
3440	3	204
1902	1	3574
3013	3	1863
904	3	1102
780	1	3569
1031	3	188
1976	3	801
1773	3	2779
2030	3	2794
2952	3	3549
861	3	1664
2531	3	1908
1863	3	3470
167	3	3259
1220	3	2722
2959	1	3590
2180	3	1179
728	3	2289
563	1	3586
1193	1	3568
2476	1	3574
1772	1	3584
189	1	3569
2425	3	3136
2439	3	344
15	3	2113
3503	1	3626
2354	1	3574
1767	1	3568
960	3	1611
1885	1	3574
1296	3	2038
63	3	3266
870	3	3549
655	1	3574
1936	3	2441
1916	1	3791
3316	1	3607
2897	3	2649
2359	1	3569
1749	3	3203
1877	2	3994
1493	3	384
2459	1	3574
1133	3	3237
798	3	619
1461	3	3354
2677	3	658
1147	3	2165
172	1	3569
3480	3	2081
642	3	3467
1090	3	638
64	1	3574
868	1	3569
1966	3	3183
2825	3	275
1854	3	221
858	3	3194
1868	1	3574
3126	3	109
2246	3	2497
746	1	3569
501	3	1658
638	1	3574
1257	3	1457
2564	1	3574
3030	3	2347
3466	3	2223
277	1	3569
1186	3	2722
2019	3	2446
2925	1	3590
3453	3	1104
3459	3	1911
2625	1	3581
2783	1	3646
2442	1	3574
3049	3	2051
2930	3	275
2221	3	84
2044	3	692
1303	1	3943
2156	1	3581
47	1	3574
1173	3	2895
3177	3	3252
851	1	3569
2074	3	303
2293	1	3701
1690	3	3237
1696	3	691
1098	3	2856
1747	1	3584
1666	1	3636
2547	1	3574
621	1	3574
3449	3	2223
260	1	3569
34	1	3568
1300	3	1403
1533	3	1890
2908	1	3590
3293	3	1661
1208	1	3765
2874	3	68
2349	3	1635
640	3	2749
1147	3	1360
2213	1	3589
2139	1	3581
1019	3	3350
271	3	2198
204	3	250
775	1	3627
1839	1	3572
844	3	653
1722	3	3290
272	3	2259
3076	3	1678
2827	3	137
2774	3	2722
3496	1	3606
2143	3	2134
1982	3	3061
3381	1	3709
1430	1	3575
1649	1	3636
170	1	3611
1671	3	2953
2268	3	2273
350	3	2993
2713	1	3581
1862	3	109
2631	3	2747
660	3	979
3149	3	120
3226	3	63
3459	3	1106
982	1	3569
1422	1	3585
2842	3	1698
1089	3	3549
3304	3	3049
2304	1	3584
696	3	2151
2496	1	3598
2490	3	363
3352	3	1172
2322	3	2142
2674	3	623
613	1	3574
1816	3	2838
1698	3	2422
411	1	3657
3561	3	1751
2597	3	91
120	3	3183
1151	3	375
1483	3	3459
2696	1	3581
3486	3	958
483	1	3584
1063	3	2014
5	3	432
1136	3	3136
2286	3	2438
2227	1	3581
2510	3	3511
2944	3	2720
1072	3	3549
1447	3	564
1814	3	831
2236	3	1779
1936	3	1770
3150	1	3643
2657	3	623
603	3	3549
3094	3	3357
3526	3	2300
596	1	3574
924	1	3634
1879	1	3580
2097	3	664
659	3	3146
3101	1	3590
875	1	3581
1000	3	1528
608	3	1881
2145	1	3613
2180	3	1797
2588	3	3464
393	1	3626
3246	3	1245
1551	3	712
1288	1	3580
2203	3	3348
3201	1	3568
166	1	3575
988	1	3571
2210	1	3581
1910	1	3572
2779	3	1912
3541	3	1992
2280	3	668
3180	1	3604
2439	3	1901
132	1	3599
1835	3	196
1354	1	3609
1961	3	2086
2100	3	578
620	1	3637
2230	1	3699
2351	3	2786
3243	3	1486
3566	1	3575
754	1	3591
730	3	1480
1346	1	3619
2124	3	3489
1053	1	3569
2746	3	3481
229	3	2952
584	1	3569
3184	1	3568
2886	3	135
934	3	694
1688	3	1546
2865	3	1706
2618	3	2465
703	3	120
3550	3	3123
1159	1	3600
366	3	571
2555	3	2939
551	3	2582
511	3	1769
2437	3	2523
3000	3	557
1899	3	1072
1065	3	2815
1688	3	2485
2320	1	3606
487	3	551
1125	1	3624
2189	1	3569
2263	1	3577
1160	3	1455
3481	3	3110
78	3	3351
2896	3	1698
3241	1	3576
1952	1	3672
1929	3	2167
1363	3	416
850	1	3581
1641	3	2318
2004	3	1072
2616	3	643
3466	3	3191
1152	3	2404
712	3	1224
3176	1	3568
1182	1	3632
2659	3	1020
1108	1	3624
1221	3	2165
3300	3	1112
1045	3	3026
2859	3	64
3536	3	761
2376	3	2300
2612	3	2722
55	1	3572
2969	3	3496
1603	3	2522
3120	1	3586
2510	3	1901
3134	1	3602
833	1	3581
3261	3	2408
1270	3	1480
2019	3	1320
3078	3	1064
725	1	3586
1810	3	2434
1947	1	3596
575	3	551
864	3	461
1929	3	1012
825	1	3591
13	3	679
2277	1	3569
2502	3	1911
3086	1	3610
3252	3	2566
3159	1	3568
1124	1	3569
54	3	389
2674	1	3639
3373	3	647
1204	3	2165
2480	3	196
16	1	3580
1929	1	3568
2047	1	3574
124	3	756
1294	3	604
925	1	3569
3003	1	3581
2195	1	3601
2728	3	2070
456	1	3569
3117	1	3602
3375	3	1089
1338	1	3568
3034	3	1017
2056	3	2149
2260	1	3569
95	3	2522
1416	3	2129
3517	1	3589
3142	1	3568
366	3	1055
3355	3	394
2648	3	2560
2679	3	2956
559	3	376
789	3	2064
2300	1	3601
1912	1	3568
2333	3	765
144	1	3633
1208	1	3578
2195	3	2334
2834	1	3569
908	1	3569
2986	1	3581
1068	3	964
234	3	2707
1443	1	3568
3244	3	2566
2178	1	3601
3508	1	3568
663	3	551
184	3	2048
237	3	372
1027	3	120
1709	1	3601
2170	1	3611
1321	1	3568
2604	1	3574
1260	3	1917
1476	3	1671
2298	3	1667
3205	3	1046
91	1	3568
30	1	3572
2752	1	3601
3358	3	1472
3464	3	564
1288	3	861
1244	1	3790
1204	3	1360
1206	1	3644
3374	1	3593
1895	1	3568
1963	3	2432
2430	3	984
1003	3	3194
2128	1	3645
2259	3	3210
1819	3	131
1262	3	2359
2545	3	1611
2669	1	3572
1573	3	951
2618	3	2733
2560	3	3044
3262	3	677
3157	1	3610
3371	3	114
1457	1	3785
493	3	1262
1304	1	3568
1466	1	3600
2022	1	3574
2450	3	1658
2503	3	1881
1275	3	2165
3371	3	3497
2000	1	3568
74	1	3568
55	3	1658
1745	3	3135
1342	3	1316
905	3	1008
996	1	3569
1399	3	1698
3074	1	3581
44	3	452
1957	3	440
2469	3	6
2266	1	3601
2955	3	188
2596	1	3574
527	1	3569
1966	1	3592
1289	1	3649
2111	1	3645
2663	3	687
3169	3	2856
1036	1	3601
2486	3	942
2997	2	3638
1409	1	3568
3126	3	1345
1694	3	3354
3175	1	3590
32	1	3602
3008	3	2649
1300	3	1350
696	3	809
54	3	1812
3258	3	2352
3004	3	1698
3154	1	3626
1447	3	1316
543	3	3210
1368	3	1107
3053	3	74
2658	1	3598
2994	3	1852
2588	3	3277
445	1	3601
2746	3	2005
3501	3	53
53	3	2690
775	1	3574
1275	3	3454
1997	1	3584
2215	3	1422
2172	3	3519
2874	3	3398
1285	3	1431
1802	1	3626
727	1	3582
1613	3	384
1843	1	3689
2579	1	3574
2990	3	2032
1333	1	3626
2610	1	3791
3053	1	3569
162	1	3568
1924	3	2359
3342	3	3142
1464	3	511
878	3	937
2629	3	2966
2677	3	1089
2376	3	2918
324	1	3611
417	3	165
758	1	3574
128	1	3592
903	1	3627
1844	3	3028
1929	3	691
2193	3	1221
2647	3	344
3382	3	3174
2489	1	3616
3437	3	2165
1053	3	3428
2562	1	3574
862	3	412
1232	1	3569
3137	3	2712
128	3	1194
331	3	2273
1797	3	1179
1332	1	3574
1287	3	2223
1116	1	3622
1150	1	3571
3036	1	3569
41	1	3578
73	3	136
35	3	2434
863	1	3574
2928	1	3574
679	3	1344
3360	3	2398
3254	1	3580
2567	1	3569
309	3	1486
641	1	3569
1806	3	788
741	1	3574
2059	3	2909
73	3	3519
888	3	203
1430	3	1824
3141	1	3569
3286	1	3622
3075	3	1698
1829	3	2914
1461	3	2041
1315	1	3574
2275	3	384
3050	3	2318
3374	3	2029
23	3	2079
1220	1	3591
69	1	3626
3019	1	3569
1029	1	3581
3337	3	2136
846	1	3574
2477	1	3611
2550	1	3569
1159	3	2304
2455	3	3076
1620	1	3578
543	3	1250
724	1	3574
1546	1	3570
1320	1	3569
765	1	3637
2095	1	3604
2725	1	3586
3437	3	1360
2733	3	1370
1420	1	3574
1834	3	1021
1061	3	1653
3124	1	3569
3028	3	2470
1733	1	3568
3091	1	3624
215	3	1719
2791	1	3615
729	1	3569
1380	3	2454
2439	3	2198
2990	3	72
3135	3	1270
382	1	3599
360	2	3799
829	1	3574
1678	1	3617
2790	1	3584
300	3	2765
458	3	1493
1246	3	2294
261	3	114
675	1	3679
3455	1	3570
440	3	2981
1303	1	3569
1636	1	3887
2545	3	2229
2677	3	1573
3338	1	3568
132	2	3717
312	1	3582
984	3	1650
195	1	3580
2757	3	1433
1417	1	3590
2068	3	3229
740	1	3647
3107	1	3569
1400	3	2347
981	3	2672
1492	3	878
3121	1	3585
488	1	3660
68	3	2288
332	3	3171
3208	1	3578
2185	1	3696
1253	1	3849
2448	3	475
330	3	3079
1373	3	431
215	3	564
2640	3	1455
3541	3	1134
555	3	3402
2825	3	2129
2248	3	471
3348	3	2722
658	1	3679
2547	3	802
63	3	3026
2591	3	1210
2147	3	2508
2210	1	3662
261	3	1403
1286	1	3569
1807	3	3023
3212	1	3569
2247	3	440
3321	1	3568
1373	3	1370
1100	1	3581
2020	3	389
1089	3	2236
333	3	1330
389	3	3179
361	3	1381
2321	3	223
375	3	309
978	1	3581
3406	3	2408
515	1	3832
3426	1	3568
1500	1	3568
3564	3	3035
1089	3	3175
1497	3	2943
1608	3	801
2456	1	3575
970	1	3591
2320	3	1101
2582	3	964
85	3	2422
1754	3	161
1793	1	3648
2150	3	2422
2287	1	3584
2674	1	3586
1054	3	3138
88	1	3622
1987	1	3575
3304	1	3568
3255	3	178
2717	3	979
439	3	2498
2009	3	640
2633	3	2815
939	3	1551
932	3	3491
1259	3	3194
1383	1	3590
1083	1	3581
2858	3	3138
1650	3	2056
1520	3	2625
259	3	156
201	1	3612
2053	1	3604
601	1	3626
3277	3	1698
1754	3	511
1432	3	1820
1260	1	3912
1958	3	2758
2117	3	3237
3409	1	3568
3215	3	125
593	1	3636
2918	3	461
2197	1	3626
2697	3	2560
1804	3	2109
2749	3	1224
2927	1	3613
3224	3	1660
1095	3	2827
701	1	3604
1588	3	1012
1845	3	674
2267	3	1622
2319	3	1784
2357	1	3577
2627	1	3604
1040	1	3584
3253	1	3581
3513	3	1160
2855	3	699
1403	3	721
2770	3	592
1620	3	1290
2724	3	3136
387	3	2461
642	3	2422
215	3	109
1588	1	3568
2738	1	3681
2733	3	699
1316	3	2421
3497	3	3079
1816	3	720
1153	1	3574
1962	3	1187
3301	3	1761
3392	1	3568
1983	3	3427
1641	3	2749
3244	1	3571
143	1	3677
763	3	2920
3140	1	3581
3227	3	429
1072	1	3637
1606	3	268
3132	1	3591
2193	3	95
2608	3	2983
2758	1	3574
1077	3	2796
3529	1	3661
60	1	3648
1946	1	3646
1133	3	3481
279	3	3237
436	3	1551
1571	1	3568
1410	3	2878
1646	1	3637
1804	3	365
3010	1	3591
3013	3	363
1136	1	3574
2372	1	3619
1270	3	1911
2573	3	1077
1901	3	3234
2533	1	3601
345	3	3266
2673	3	2981
2812	3	3136
3010	3	604
1589	3	268
3030	3	2591
3115	1	3591
2919	1	3572
3175	3	1890
3440	3	3026
2019	3	2690
2741	1	3574
3045	3	416
1280	3	2107
1845	3	3252
1682	3	1068
190	1	3614
2431	1	3719
2753	3	1881
3332	1	3571
1013	1	3671
1302	1	3581
2524	1	3591
3215	1	3569
3472	3	2140
1445	3	1171
835	3	3176
11	1	3585
472	1	3595
398	1	3587
363	3	3067
603	1	3613
558	3	982
1136	3	3246
920	1	3574
1427	3	3012
1486	3	1234
1690	3	3481
2176	1	3590
2998	1	3586
1546	3	3079
1587	1	3671
3190	3	1229
2624	1	3569
2843	3	1259
288	3	3028
1760	3	2741
255	1	3612
2724	1	3574
2094	1	3592
1407	1	3581
1013	3	2404
666	3	2434
1961	3	1846
2100	3	338
3211	1	3581
3356	1	3634
1913	3	1854
1506	3	774
21	1	3632
2788	3	174
2143	3	2378
1194	3	2504
1719	3	2836
2829	1	3574
438	3	2352
903	1	3574
2509	3	2405
169	1	3602
2252	1	3815
322	3	1849
2255	3	1751
3128	3	215
3240	3	733
3077	3	3467
1987	3	1637
1936	3	3169
2151	1	3600
2422	3	3351
2408	3	2733
68	3	1751
2612	1	3591
1608	3	1419
2707	1	3574
3303	1	3569
722	3	1836
867	3	1135
2012	1	3573
86	1	3573
3304	3	849
1053	1	3679
206	3	1875
1790	1	3568
3349	3	2438
2712	1	3569
2035	1	3626
499	1	3572
2812	1	3574
886	1	3574
1664	3	2690
1553	1	3671
1842	1	3581
299	1	3568
2062	3	2612
2298	3	943
3286	1	3569
565	1	3601
1073	1	3572
1947	3	2113
3360	3	2695
95	3	3087
102	3	2989
1936	3	2014
1541	3	6
891	1	3569
512	3	3424
604	1	3572
1629	3	784
991	1	3574
2766	3	687
3544	1	3612
1139	1	3601
2775	1	3839
1465	1	3569
271	3	2576
3548	3	2165
282	1	3568
2454	3	3548
543	1	3753
3269	1	3569
101	1	3626
1878	1	3568
426	1	3590
512	3	1330
352	1	3582
2461	1	3589
440	3	1989
2666	3	128
1013	3	444
712	3	2273
548	3	1748
974	1	3574
2578	3	1546
3202	3	913
377	3	564
1062	1	3598
3235	1	3593
2909	3	1772
2094	3	1678
571	3	491
2678	1	3569
262	3	2566
2411	3	2976
2746	1	3679
3234	3	1134
2274	1	3570
2629	3	3397
2741	3	697
3371	3	679
3374	1	3569
3425	1	3636
1929	3	1122
1936	3	270
2521	3	3402
449	3	491
2566	1	3589
3427	3	2175
3429	3	3454
3114	3	3491
3548	3	3454
1472	3	3355
3340	1	3593
1861	1	3568
1421	1	3707
1468	3	2051
2144	1	3580
780	1	3626
3067	3	2749
2436	1	3599
525	3	941
3403	3	2815
2642	3	3176
186	3	725
700	3	3402
371	3	2736
1436	3	3287
1854	3	2022
714	3	2330
2184	1	3612
2584	1	3626
556	3	1158
1935	3	1734
2853	3	3464
2257	1	3570
261	3	1350
3357	1	3569
191	3	3400
578	3	2648
2504	3	3402
3182	3	1507
3479	3	818
2790	3	2614
3031	1	3574
544	3	2672
2201	1	3588
2444	3	1541
1440	1	3569
1448	3	1706
1585	1	3622
2215	1	3604
908	1	3679
2505	1	3767
2544	3	1546
3387	3	3226
3436	3	448
1534	3	3184
1028	1	3598
3369	3	2815
3093	3	1227
3342	3	324
912	1	3849
2070	3	1345
1978	3	370
2084	3	273
3136	1	3574
2240	1	3570
3463	3	849
2677	3	715
712	3	2407
2132	1	3575
2487	3	3402
2532	1	3589
3104	3	2618
1016	3	687
2877	3	1658
3345	3	816
3498	3	3488
3006	1	3584
1306	3	422
1042	3	3511
1423	1	3569
2164	3	1072
3404	3	2421
3277	3	1645
2779	3	196
3305	3	1134
829	3	668
482	3	3142
1045	3	1176
1291	3	3183
2924	1	3586
3306	3	1195
2842	3	2560
3119	1	3574
2555	3	3317
3217	1	3666
1589	3	3464
2772	1	3604
3087	3	2618
559	3	270
487	3	3373
606	1	3568
3136	3	3246
357	3	1690
1408	3	869
265	3	715
2006	3	603
2546	3	469
3472	1	3600
431	3	2816
477	1	3609
524	1	3570
191	3	3534
2241	3	3067
1808	1	3637
1053	3	1899
1406	1	3569
1298	1	3574
402	1	3570
3454	3	2441
176	1	3569
3008	3	2759
1839	3	1073
3285	1	3581
2714	3	204
737	3	982
1551	3	1224
252	3	299
2310	3	2649
666	1	3864
1980	1	3569
1664	1	3612
2927	3	1512
3102	1	3574
589	1	3568
2245	3	204
2351	3	2359
3012	3	485
2234	3	105
2824	3	3438
2286	1	3604
360	1	3604
658	3	3402
933	3	2132
3102	3	1176
3397	3	1893
3543	1	3624
917	3	668
1838	1	3598
2364	3	2165
2363	3	1559
2864	3	3470
215	3	1345
3390	1	3581
2424	1	3728
1281	1	3574
1695	3	1431
66	1	3678
2056	1	3609
305	3	2036
159	1	3569
507	3	1172
1322	1	3637
2230	1	3622
2447	3	3298
2717	3	471
982	1	3626
2645	3	2820
765	1	3613
3268	1	3581
2051	1	3593
125	1	3593
1826	3	1243
2077	3	2697
1863	3	2856
1013	3	1062
403	3	3067
1869	1	3590
1494	1	3569
2777	1	3575
589	3	3240
3291	3	471
3100	3	1798
3526	1	3624
1748	3	105
29	3	2871
818	3	114
1013	1	3618
1093	3	2816
2202	3	1702
2551	1	3585
824	3	376
1264	1	3574
1857	3	679
1332	1	3684
2140	3	3135
2364	3	3454
917	1	3604
2559	3	1722
1533	3	1142
2411	3	561
3122	3	1419
3205	3	135
3251	1	3581
3351	3	2693
647	3	1559
2013	3	2180
266	3	674
929	3	1911
1153	1	3655
1587	1	3618
793	3	1673
108	1	3593
2560	3	1194
276	3	2815
2782	1	3581
2836	3	338
2842	3	3044
3025	3	799
1507	3	2640
1552	1	3581
2492	3	2376
2774	1	3591
371	3	3354
3169	3	67
3452	3	2523
3191	3	2721
247	1	3569
1147	3	1551
2316	3	3237
209	3	86
688	3	1063
3517	3	1761
308	3	1929
571	3	2398
3356	1	3581
251	3	402
1124	3	2838
2622	1	3609
3501	1	3634
513	1	3602
809	3	1043
2322	1	3600
660	1	3568
1435	1	3603
2453	3	2755
916	3	196
2874	1	3569
491	3	3067
2887	1	3581
603	3	1512
774	3	1006
2082	3	3257
2308	3	2466
2645	1	3662
2934	1	3572
2955	3	1721
2976	3	904
1146	3	1295
1835	1	3590
1948	3	1377
1731	1	3600
2239	1	3571
2856	3	3261
1535	1	3581
3461	1	3581
3272	3	1093
2117	3	1924
2265	1	3568
15	3	3138
785	3	2972
3219	1	3662
132	3	1450
244	1	3585
197	1	3624
3339	1	3581
1157	3	3261
2409	1	3590
584	1	3626
1317	2	3947
2109	1	3581
2825	3	950
1301	1	3601
2137	3	3352
2446	3	3176
2695	3	2273
1973	3	562
772	3	2792
2028	3	1997
744	1	3577
1871	3	2185
10	1	3605
202	1	3619
444	1	3568
2088	1	3617
1773	3	2649
373	3	1496
2448	1	3572
2616	3	2794
1518	1	3581
9	1	3574
1710	3	1224
3346	3	1462
2040	1	3568
1993	1	3607
3359	3	137
1659	1	3649
2759	3	2210
2100	1	3571
2116	3	1462
3022	1	3572
1702	3	689
362	1	3600
2092	1	3581
1699	1	3681
1069	1	3699
3138	3	3367
2464	3	533
401	1	3571
723	3	645
2773	3	2077
468	3	3549
815	1	3601
889	3	1992
2807	3	108
3200	3	3226
469	3	547
1529	3	2042
2191	3	3026
1575	1	3589
2350	1	3624
878	3	376
767	1	3609
2267	3	2537
1872	1	3617
1013	3	2835
1370	3	2855
2612	3	2779
3093	1	3596
1701	3	1917
1989	3	1221
2463	1	3614
2642	3	1245
2294	3	2359
3423	1	3569
3032	3	1945
2163	3	1988
1007	3	1068
1067	3	2704
384	1	3571
3512	3	2229
872	1	3609
673	3	700
937	3	2920
2277	1	3626
135	2	3720
3193	1	3574
258	3	2693
2859	1	3616
1091	1	3681
450	1	3600
3350	3	1180
925	1	3626
281	1	3609
1156	3	1476
1372	1	3601
2669	3	343
598	1	3570
785	3	1012
633	3	647
931	3	2816
416	1	3624
1849	3	604
904	1	3662
294	3	78
563	1	3590
494	2	3829
1957	3	363
2129	3	2362
2430	3	2785
2588	3	2850
2294	1	3575
1434	3	3506
2064	1	3607
1179	3	2438
25	3	2185
2889	1	3577
677	3	849
2981	3	2935
2589	1	3568
663	1	3568
330	3	879
1688	3	3026
2425	3	107
1585	1	3569
739	3	1462
897	3	1527
908	1	3626
1745	3	964
989	3	58
2749	3	2273
2448	3	1658
2896	3	2239
1911	3	813
3389	1	3569
578	3	501
3004	3	2560
1998	1	3568
3281	1	3574
772	3	1182
1573	3	658
1825	3	3472
2560	3	2751
2193	3	3238
2795	3	668
2994	3	2714
308	3	2547
697	3	1496
2036	3	1316
1690	1	3569
1795	1	3620
1342	3	3467
646	1	3568
1453	2	3897
2572	1	3568
3291	3	3317
359	1	3571
551	1	3585
1759	3	3050
1568	1	3569
1773	3	1978
715	3	3402
3489	3	587
1460	1	3574
670	3	136
2077	3	2510
2353	3	2408
351	1	3581
3420	3	799
277	1	3573
975	3	3173
1146	3	1913
3372	1	3569
1910	3	1849
2830	1	3611
3151	1	3769
3264	1	3574
2142	1	3569
1650	3	2300
751	1	3568
2690	3	2717
3109	3	3146
1779	3	135
1673	1	3569
3047	3	2327
820	3	3402
631	3	689
3183	1	3637
361	3	2914
2117	3	3481
2555	1	3568
3180	3	3012
3476	3	2070
1289	3	369
1302	3	1135
305	3	694
1633	3	1714
2498	3	1512
3327	3	1288
160	1	3568
621	1	3578
3334	3	436
3282	1	3611
551	3	3257
2057	3	2165
321	1	3569
41	3	3547
1742	3	1534
2515	3	549
2647	3	2145
1171	3	2582
1394	3	3049
3247	1	3574
1291	1	3592
2079	1	3639
3143	1	3584
1935	3	2165
2224	3	2075
951	3	1345
2487	3	2544
734	1	3568
229	3	1533
715	3	1658
1281	3	3217
1518	3	3491
145	1	3649
2129	3	402
1230	3	2497
265	1	3568
588	3	1056
646	3	2836
2091	1	3593
1482	3	1760
2538	1	3568
608	3	2690
1062	3	668
1982	3	3065
341	3	1462
2048	3	2155
558	1	3648
1622	1	3593
170	1	3615
992	1	3611
3422	3	86
3085	3	2981
3535	1	3581
2230	1	3569
1092	1	3616
1480	3	2032
392	1	3593
839	1	3568
1574	1	3601
2175	3	2180
915	3	1462
3134	3	1721
2590	3	2816
1986	3	2275
2006	3	2189
279	3	3481
717	1	3568
2643	1	3568
1935	3	3454
1068	3	2444
688	3	2165
2014	3	1219
1134	3	1534
2265	3	3427
768	3	2435
2422	3	78
248	1	3568
709	1	3578
2923	1	3636
1749	3	658
2695	3	2086
3384	1	3627
1296	3	432
862	1	3806
943	3	1345
1343	1	3730
2235	1	3575
2009	1	3574
83	1	3574
1784	3	1224
2075	3	3491
2346	3	1270
342	3	913
2486	3	194
822	1	3568
303	3	161
785	3	691
41	1	3635
42	3	551
1	1	3576
2928	1	3631
3109	1	3584
1935	3	1360
2198	3	1829
2809	1	3575
1203	3	2055
1136	3	107
1418	1	3574
111	1	3649
1563	1	3627
2675	3	2522
2927	3	344
875	1	3585
38	3	2983
2164	3	1853
4	3	1344
3289	3	687
3367	1	3627
1464	3	2796
802	3	2566
2300	3	1720
303	3	511
1656	3	366
3011	3	3332
1992	1	3574
3501	1	3581
2110	1	3580
3359	1	3637
2284	1	3593
2710	3	465
1169	3	3210
2692	1	3570
99	3	3367
1328	1	3616
1354	3	2720
461	3	2269
1447	3	1857
1172	3	3127
2984	1	3589
2364	3	1657
1772	3	465
1320	1	3626
3265	3	172
1340	3	1923
2119	3	465
171	1	3574
1610	3	3260
1393	1	3584
2451	3	3549
3561	3	950
1275	3	1551
1875	1	3569
699	3	2398
1687	3	933
43	3	2029
1639	3	366
2546	3	2189
1975	1	3574
2570	2	3744
2797	1	3570
3060	3	2422
3184	1	3572
112	3	3146
1970	3	592
729	1	3626
971	1	3575
1190	1	3636
2267	1	3593
2897	1	3575
3075	3	3044
2374	3	163
1987	3	1881
482	3	324
1159	1	3604
2224	3	465
1345	3	1194
276	1	3574
39	3	2209
2923	3	3062
1667	3	2693
2967	1	3589
2952	3	3366
1111	1	3612
1303	1	3626
2491	3	1104
435	3	1673
154	1	3574
3459	3	2533
1376	1	3584
2479	1	3736
3071	3	427
143	3	3138
2515	3	3261
3312	3	3142
2254	3	3459
72	1	3576
1958	1	3574
3479	3	578
1972	1	3590
2625	1	3614
516	3	3488
1534	3	2005
91	3	2195
220	1	3603
564	3	1611
1489	1	3574
3013	3	2030
112	1	3608
2300	3	1854
259	1	3574
921	3	114
1099	3	2920
1624	1	3589
3354	1	3570
721	3	3308
163	3	2122
2546	1	3590
2909	3	3171
3138	1	3618
3317	3	3501
333	1	3593
2063	1	3574
137	1	3574
1542	1	3591
151	1	3590
1317	3	3314
735	3	1455
3183	3	2234
1982	1	3637
3437	3	1551
1655	1	3581
1080	3	1697
2569	3	2935
725	1	3590
470	3	1258
2455	1	3571
2895	3	2149
2751	3	1012
425	1	3581
105	3	1658
78	3	1611
242	1	3574
1017	1	3609
2004	3	2365
2616	3	1936
1946	1	3569
909	3	3142
1381	3	807
109	3	1828
548	3	1992
1972	3	229
1491	1	3604
308	3	266
2097	3	2441
2398	3	2454
2043	3	2347
1702	3	2275
3003	1	3585
1600	3	1807
1657	3	2981
2407	3	17
2697	3	1678
3191	1	3614
1273	3	1751
1457	3	1257
2225	1	3761
3117	1	3606
1175	3	2215
1338	1	3572
708	1	3590
1530	1	3586
2653	3	136
797	3	2603
119	1	3671
2260	1	3573
225	1	3574
3077	3	1751
3314	3	2779
2961	1	3619
3216	1	3580
138	3	38
2312	3	2693
2212	1	3581
2653	3	3519
3397	3	714
2734	1	3568
1282	1	3590
3144	3	666
805	3	2943
1743	1	3581
1113	1	3599
871	3	2033
1730	1	3569
3512	3	432
364	3	224
2167	3	361
2255	3	385
1295	1	3575
2858	1	3657
1993	3	3330
3534	1	3569
2446	3	1513
2619	3	920
2318	3	2749
2796	3	1221
1240	1	3624
391	1	3581
2317	1	3581
309	3	3100
3277	3	3044
913	1	3568
1313	1	3582
2174	1	3785
3175	3	658
3085	3	2794
1973	3	2282
2970	3	279
2835	3	647
2717	1	3568
2087	1	3586
1754	3	2796
965	1	3581
1726	1	3581
1787	1	3577
1316	3	384
2248	1	3568
381	3	173
3227	3	1425
1863	3	2616
496	1	3581
1009	3	63
1231	1	3614
3157	1	3614
3126	3	3443
3291	1	3568
2208	3	1713
374	1	3581
1196	1	3577
2585	3	3367
2688	3	2751
2822	1	3568
862	1	3619
896	1	3568
3551	3	2810
1337	3	308
148	3	799
1889	3	687
2464	3	2253
1977	3	358
1656	3	2273
3168	3	2799
2700	1	3568
2618	3	3087
3484	3	3491
1987	3	2499
1783	1	3589
379	1	3576
1409	1	3572
2231	1	3568
0	3	3431
2766	3	2704
2666	1	3592
3175	3	2886
292	3	1006
2079	1	3586
1732	3	471
3176	3	695
1160	3	2077
3288	1	3584
3446	1	3649
1872	3	3131
2805	1	3568
3215	3	666
1270	3	3257
2584	3	78
1801	1	3569
1296	3	1534
2202	3	2751
3511	3	2198
3486	1	3681
410	1	3568
564	3	2229
2948	3	613
885	1	3651
648	3	2286
1475	1	3574
3401	1	3574
1466	3	243
2012	3	3168
1051	3	163
2214	1	3568
2755	3	511
1467	1	3584
108	3	551
1945	2	4001
2441	3	1221
1675	3	3266
984	1	3568
1661	3	1894
452	3	1486
1438	3	1074
2160	3	2785
2522	3	2097
2423	3	810
2608	3	3174
2765	3	2652
3029	1	3635
1236	1	3585
1025	3	1661
2663	3	2919
2264	3	2404
3147	3	2434
3271	1	3584
1573	3	1089
2788	1	3568
301	3	2110
2560	3	3182
2751	3	691
2976	3	96
169	1	3659
820	3	2544
2417	3	1487
2220	3	108
2681	1	3634
2576	3	1613
179	1	3727
468	1	3637
3384	1	3574
2744	3	762
1074	3	2417
2902	3	827
2795	1	3655
2075	3	3438
2154	1	3574
2220	3	3491
833	1	3614
1450	1	3584
1636	1	3757
967	1	3568
2940	3	1912
863	1	3578
2362	3	402
1889	1	3569
2698	1	3610
3193	3	1179
1224	3	2522
1563	1	3574
2427	3	2269
1784	3	1521
1555	1	3584
2004	3	889
3367	1	3574
1795	3	2969
17	3	1821
784	1	3719
2137	1	3574
679	3	1698
371	3	215
2774	3	1279
2212	3	3306
3059	1	3575
2429	1	3593
431	3	161
1281	3	2709
1668	1	3574
2714	3	3026
546	1	3569
2735	3	1102
3497	3	371
382	3	108
1710	3	2273
843	3	1263
1654	3	1160
1546	1	3574
175	3	1135
2842	1	3592
2943	3	2765
316	1	3574
874	3	316
978	3	114
3024	1	3568
29	1	3577
1962	3	1862
1665	3	2198
1731	3	1288
2120	1	3574
2301	3	3562
978	3	3497
1517	3	3110
1333	3	2497
3130	1	3599
1651	1	3574
3130	3	1982
529	1	3569
1042	3	51
2449	3	3179
2669	3	2547
2359	3	2117
1466	3	1666
1934	3	824
2196	3	687
3423	1	3679
3455	1	3574
2125	1	3569
1657	3	2794
2264	3	444
773	3	259
207	3	2672
162	3	1658
495	1	3593
2225	1	3574
3007	1	3568
12	1	3577
412	3	1008
787	1	3612
1628	1	3901
591	1	3593
1522	1	3645
2642	3	2294
1932	3	743
1918	3	3535
3076	3	3402
2999	1	3578
1402	3	3018
2330	3	2917
2291	3	266
879	3	2189
3061	3	100
1634	1	3574
2117	3	74
512	1	3569
448	3	645
2841	3	3361
139	3	2720
1093	3	161
2796	3	95
1148	3	3495
3165	3	275
1239	3	275
3158	3	2215
590	3	3218
2108	1	3569
1978	3	2521
478	1	3593
1637	3	2449
2208	1	3574
2391	1	3581
2917	3	75
1611	3	564
1158	1	3645
1400	1	3594
1546	3	2815
2401	1	3649
3431	3	308
1100	1	3585
564	3	1908
1922	1	3581
307	3	1893
769	1	3581
532	3	2216
1015	3	3160
1829	3	3402
2504	1	3571
1617	1	3574
1640	3	3497
870	1	3590
583	1	3593
387	1	3574
215	3	1857
3095	1	3568
1645	3	109
750	3	2610
2091	1	3569
1751	3	2820
2180	3	2582
1719	3	128
3074	3	3094
306	1	3637
572	3	1288
3561	3	1381
2943	3	805
1169	1	3753
1083	1	3585
3102	3	2038
165	3	417
201	1	3616
1527	1	3616
2487	1	3571
2540	3	2722
881	3	2051
1379	1	3774
2779	1	3590
566	1	3593
1514	3	2896
1970	2	3804
686	3	929
2507	3	3352
2935	3	1754
676	3	1436
1272	3	2223
748	1	3569
1588	3	1016
2142	3	342
518	1	3601
1293	1	3636
2357	1	3581
2896	3	1194
3179	1	3577
3312	3	190
736	3	275
1310	3	1588
2262	1	3598
2879	1	3568
49	1	3601
624	2	3857
595	3	745
1140	1	3593
2350	3	2005
2546	3	526
3127	3	2707
1588	1	3572
958	1	3590
1979	3	3261
1934	3	2247
1867	3	299
2628	3	299
941	3	2347
2949	3	1211
828	3	2189
2697	3	2914
3235	3	2113
896	3	2299
1698	3	308
2842	3	2967
3550	3	1464
917	3	375
31	3	3236
2001	1	3571
2462	1	3581
2975	3	63
125	3	2434
2038	3	2422
3056	3	939
141	1	3589
731	1	3569
1311	3	100
1980	1	3626
2140	3	964
1825	3	333
2895	3	2230
308	3	1852
2862	1	3568
2267	3	2915
307	3	2966
407	1	3622
3048	1	3741
633	3	2180
1447	3	2422
162	3	3431
2560	3	2995
989	1	3612
3310	3	1751
1136	1	3578
74	3	1872
3149	1	3571
1756	1	3657
2695	3	1846
2269	3	3357
458	3	1176
1350	3	1021
399	3	2954
2672	3	1234
3560	1	3657
2711	1	3614
3233	1	3601
902	1	3598
1020	1	3604
1344	3	1698
1494	1	3626
1194	1	3617
345	1	3574
2117	3	2786
1086	3	2005
3312	3	324
1770	3	2816
1302	1	3585
3176	3	3086
819	1	3569
1594	1	3604
2369	1	3639
1065	3	2795
1452	1	3660
1741	1	3570
2950	1	3568
782	3	1248
350	1	3569
1125	1	3604
3085	3	1936
3203	3	2352
700	3	694
634	3	497
3531	3	2059
1784	3	2273
2345	3	1713
1407	1	3585
1333	1	3577
3414	3	2434
2180	3	1911
3256	1	3633
1531	3	3164
1098	3	3454
3103	1	3590
2294	3	1932
513	1	3659
802	1	3569
3029	1	3582
2202	3	604
2052	1	3630
3341	3	3062
333	1	3569
1535	3	1082
1957	3	2030
1438	1	3577
1799	3	858
2582	3	647
1507	3	603
3175	3	1089
2263	3	3229
3352	3	1706
2151	1	3604
2028	3	1704
12	3	3086
1589	3	2850
1682	1	3604
861	1	3612
3077	3	438
3384	3	1315
1304	3	3110
2382	1	3600
3467	3	1694
937	3	399
1701	3	2779
2471	3	2613
581	3	1721
2812	1	3578
886	1	3578
818	3	305
2006	3	3372
153	3	522
1166	3	1245
1036	3	1480
1857	3	870
1121	1	3568
1510	3	3344
2664	1	3581
2856	3	1224
763	3	2253
2059	3	2271
2195	1	3581
2543	3	96
1436	3	3157
402	3	3002
890	1	3569
2295	1	3586
2749	3	1846
2441	3	363
2001	3	694
1287	3	3463
322	3	109
2851	3	798
3410	1	3662
1875	3	3351
2598	3	2470
2769	1	3581
3517	1	3569
950	3	3561
2161	3	3472
2255	3	950
1104	1	3568
1913	1	3609
3090	3	3432
1559	3	2434
3485	3	2434
1810	1	3815
1575	1	3646
2178	1	3581
2639	1	3591
385	3	3002
1878	1	3572
460	3	1172
985	3	1504
3239	3	1564
2273	3	2856
1906	3	3343
1678	1	3568
2598	3	376
418	1	3604
30	3	215
2948	1	3600
2752	1	3581
192	3	2721
979	3	1017
539	1	3584
2793	1	3644
3274	1	3568
647	3	6
3292	3	2918
3463	3	1658
192	1	3614
2122	2	4009
705	3	96
2189	3	322
1087	1	3568
3388	3	1972
33	3	2427
2529	3	363
1289	3	2386
2130	3	2675
1861	1	3572
63	1	3655
2554	3	3126
502	1	3819
1299	1	3700
2546	3	3372
2565	3	781
2030	3	2855
2857	1	3581
3040	1	3588
631	1	3572
1661	1	3568
2095	3	194
3089	3	1435
3464	3	2422
3029	3	355
2078	3	2288
1375	1	3575
897	3	1234
1927	1	3601
3257	1	3568
1340	3	1012
2849	1	3602
1070	1	3568
1939	3	1908
2769	1	3715
2764	3	733
2501	1	3601
592	3	3243
2838	3	3549
3402	3	2189
922	3	964
2077	3	1278
810	1	3591
2032	1	3601
744	3	1720
371	3	646
2846	1	3843
1285	1	3617
2935	3	2856
2365	3	2820
3240	1	3568
3555	3	2582
1709	1	3715
2774	3	2649
3523	1	3580
923	1	3581
1757	3	221
1042	3	2576
1016	3	691
211	1	3601
920	3	2929
3076	3	2544
541	1	3574
2291	3	1852
102	3	1383
1148	3	1698
2376	1	3606
2987	3	1678
3158	3	418
2508	3	2421
2015	1	3601
89	1	3601
2738	3	137
487	3	2438
1986	3	2198
2924	1	3590
3530	3	1461
1894	3	3122
711	1	3593
2179	3	2273
2512	3	2591
2593	3	3467
261	3	2993
411	1	3584
3223	1	3568
3441	3	2904
328	3	2497
3548	3	270
1064	3	3136
2819	1	3569
3232	3	1012
1526	1	3660
2	1	3587
3467	3	2312
1187	3	720
524	1	3574
1157	3	1492
1761	3	2033
388	3	1911
2259	3	1230
2825	3	1625
258	3	3234
2585	3	444
3232	1	3568
2228	1	3569
146	1	3609
3177	1	3617
760	3	2954
2328	1	3574
3013	3	2408
998	1	3569
465	3	3146
2173	1	3618
2541	3	47
2745	3	2294
1222	3	1107
3556	3	2191
2466	3	361
1606	3	2663
1619	3	3429
640	3	2810
1061	1	3681
1664	1	3616
1995	3	858
2736	3	1698
2694	1	3574
2802	1	3569
1603	3	1965
807	3	246
407	1	3569
2333	1	3569
3088	3	0
507	1	3574
2768	1	3593
1904	3	3519
1996	1	3667
3494	1	3575
2279	1	3679
3087	3	878
3455	3	2896
3069	3	1810
1234	1	3617
139	3	3501
14	3	3183
981	1	3569
1381	3	246
2907	1	3569
543	3	1230
1081	1	3574
846	3	1156
1246	3	1924
3343	3	1418
2785	1	3569
3274	3	1630
1394	1	3568
2677	1	3574
1890	3	2497
390	1	3569
2316	1	3569
2672	3	592
2775	3	3194
1844	3	698
1800	3	1435
2036	3	1857
490	1	3574
1432	3	1316
2129	3	1748
1086	1	3569
1222	3	3335
2418	3	1658
2339	2	4021
3169	3	2165
3393	1	3817
3455	3	802
1676	3	768
3373	1	3585
3116	1	3570
1534	3	1578
2797	3	2815
964	1	3569
2369	1	3586
2448	3	105
2890	1	3569
1499	1	3568
156	1	3589
61	1	3606
2006	3	152
495	1	3569
3522	3	2191
71	3	2410
778	1	3581
1661	3	3293
595	1	3574
2660	1	3574
1340	3	691
2097	3	3169
2845	3	3157
2299	1	3569
441	1	3679
100	1	3607
109	3	3495
128	3	1658
1952	1	3599
2402	3	3352
1069	1	3569
2474	1	3586
2434	1	3584
753	3	1995
2679	3	2749
2922	1	3622
2378	3	2134
3169	3	3454
1143	1	3588
513	1	3606
2767	1	3666
2873	1	3569
3200	3	3096
3392	3	3110
1482	1	3568
1797	3	2582
2120	3	2441
2887	1	3585
2934	3	1929
3091	3	243
3290	3	2289
3454	3	161
478	1	3569
250	3	3183
1734	3	1157
2365	3	2499
761	1	3581
3017	3	3062
3056	3	1370
2792	1	3632
2926	1	3586
1350	3	3546
2876	3	1280
820	3	1849
130	1	3568
1030	3	1550
1535	1	3585
1820	3	3371
1577	3	564
2301	3	289
1336	3	2749
2533	3	1480
1699	3	3223
2652	1	3574
2461	1	3756
125	3	3215
1648	1	3575
1018	1	3593
210	1	3613
461	1	3569
773	3	3402
2302	3	125
2887	3	3257
744	1	3581
2935	3	1380
1266	1	3568
2097	3	2364
303	3	2796
256	3	2835
2222	1	3575
113	1	3568
172	3	1261
9	1	3578
1518	1	3585
154	1	3631
127	1	3584
2053	1	3584
2546	3	152
1383	3	1172
2927	3	3289
2298	3	305
1397	3	100
85	3	308
3514	1	3599
1493	3	2352
849	1	3581
344	3	1546
2796	3	3238
130	3	1705
589	3	695
2627	1	3584
2661	3	2347
2097	3	270
1576	1	3624
185	1	3623
3327	1	3580
850	3	1436
3280	1	3619
2205	1	3575
1398	3	864
677	3	1658
814	1	3574
939	3	376
1387	3	2856
1477	3	720
1742	3	2209
2515	3	1224
3100	3	192
1736	1	3575
3157	3	2294
246	3	114
2743	3	376
143	1	3657
813	3	2835
1044	3	3056
2193	3	664
1604	3	745
684	1	3584
1486	1	3666
2089	1	3601
851	3	2200
206	3	432
1651	3	1262
1947	1	3657
234	3	540
642	3	308
919	1	3574
2030	3	1863
3026	3	1698
3010	1	3571
2192	3	3205
1040	3	792
3091	3	1666
1272	1	3600
1228	3	821
604	3	3545
342	1	3609
789	1	3584
1395	3	1455
1211	3	2915
489	1	3575
291	3	2417
1936	3	571
2652	3	2441
1337	1	3568
2146	1	3609
3540	3	1527
667	1	3584
2668	1	3596
559	3	3470
466	3	2081
1065	3	2421
2820	1	3637
3156	1	3634
902	1	3574
3213	1	3663
865	3	2417
1651	3	107
1797	3	1911
45	3	204
2086	3	1821
2120	3	1770
2889	1	3581
2934	3	1258
2993	1	3571
2698	2	3809
2175	3	761
3034	1	3634
3147	3	1068
552	3	125
3317	3	2753
433	1	3604
1310	3	1698
2043	1	3647
2296	3	1286
207	3	3266
2126	3	1853
2251	1	3609
929	3	2533
3191	3	2404
531	3	2432
3373	3	1997
2507	1	3574
786	1	3600
3289	1	3568
3271	3	2264
302	3	1714
1905	3	3363
1229	3	1761
1980	3	3432
2759	1	3591
3365	3	1462
2465	3	699
2315	1	3725
1429	3	51
779	1	3671
1068	1	3581
885	1	3574
2790	3	471
138	1	3590
3083	1	3582
1728	3	29
1060	1	3591
3044	3	344
2872	1	3581
911	3	3061
357	1	3662
831	1	3684
1653	1	3680
1942	1	3590
105	3	1849
3297	3	2055
1498	1	3724
1300	3	2566
1623	3	1671
1722	3	3514
2160	1	3601
2390	1	3569
3470	3	1462
2490	1	3574
455	1	3575
1907	3	1936
351	1	3585
161	3	2935
81	3	221
1173	1	3581
2276	1	3733
3050	3	17
1673	3	1017
3020	3	1345
2850	3	13
2964	1	3569
2766	3	2411
3029	3	2880
317	1	3609
2264	3	3266
751	1	3572
2790	3	1760
2147	3	1012
1878	3	2736
2648	3	1816
669	1	3574
3377	1	3568
1678	3	1012
1925	1	3590
3330	1	3607
1986	3	51
2373	1	3569
345	3	347
839	3	3110
2147	1	3568
1456	1	3590
2473	1	3574
79	1	3624
18	1	3628
21	3	1564
1899	3	1751
1966	3	1447
221	3	608
174	3	647
405	3	114
2966	3	1805
2947	1	3569
3446	1	3706
1556	1	3568
322	3	674
565	1	3581
2013	3	2347
2105	3	878
95	3	3067
265	1	3572
1776	3	155
1337	3	1654
761	3	2501
2107	3	381
2004	3	1751
2430	1	3577
2207	3	3392
203	3	3035
2356	1	3569
2891	1	3568
2905	1	3603
877	1	3718
161	3	2130
1139	1	3581
1751	3	2259
162	3	292
2244	1	3589
3129	2	3922
657	1	3569
1131	1	3591
2640	3	3126
2137	3	2230
210	3	870
1302	3	3367
1966	3	292
2930	1	3569
1539	1	3568
3465	1	3568
2007	1	3692
3118	1	3598
2461	1	3569
2931	3	3467
1016	3	1122
335	3	2672
420	1	3672
3509	3	2877
1577	3	1316
3425	3	1713
2867	3	1436
3209	3	1761
1981	3	1853
2113	1	3568
2120	3	1099
2699	3	361
3035	1	3569
1644	1	3568
1864	2	3717
3372	3	720
1947	3	1877
175	3	2347
2709	1	3574
3342	1	3665
740	1	3574
2712	1	3683
1522	1	3568
2589	3	695
3448	1	3568
499	1	3686
158	3	1997
2444	1	3569
2218	1	3568
2981	3	2618
361	3	3402
2990	3	1288
250	3	2191
465	3	194
2096	1	3568
2045	3	2729
2578	3	2815
3348	3	2649
273	3	1843
1627	1	3568
629	3	3348
2210	1	3589
2856	3	2273
694	3	687
3434	3	929
1280	1	3598
2097	3	1022
623	1	3569
2450	3	109
2692	1	3574
3170	3	3226
532	3	2728
3467	3	51
2216	3	1089
1825	3	3155
2354	1	3611
2362	3	1748
4	3	1698
2736	3	2129
3431	1	3568
1157	3	2273
2201	1	3568
1059	3	3491
2215	1	3584
1197	1	3569
1036	3	2879
1875	1	3573
2239	3	1316
3484	1	3585
136	3	1924
2797	1	3574
2860	3	3146
3467	3	1588
2130	3	2435
1610	1	3568
2229	3	114
54	1	3600
109	3	1698
1013	3	558
1146	3	1596
3524	1	3617
640	3	1147
2462	3	1911
493	3	1002
2229	3	3497
1380	3	3454
1194	3	3102
2902	1	3574
976	1	3574
2006	1	3570
2657	3	3209
2521	3	1072
1641	3	1387
2704	3	3170
615	1	3569
51	3	2167
2660	1	3655
125	3	1068
2886	3	493
3225	1	3636
2130	3	341
72	1	3580
2544	3	2815
1039	1	3686
2150	1	3592
1022	3	2796
1225	3	465
2780	1	3574
549	3	2273
3221	3	1068
3241	1	3584
3288	3	764
267	1	3568
2311	1	3574
385	1	3574
940	3	1135
2772	1	3584
1189	1	3569
512	1	3626
3024	3	264
383	3	1111
1770	3	161
2150	3	1194
2573	3	2748
2995	2	3650
3354	1	3574
1719	3	1340
3086	3	2567
432	3	3402
431	3	2796
464	3	297
2108	1	3626
1340	3	1122
189	1	3740
268	3	2332
959	1	3574
2181	1	3584
2838	1	3613
2885	1	3574
1310	3	2450
3175	3	3561
1881	1	3575
2460	3	311
161	3	2398
2731	1	3679
3020	3	3252
2763	1	3574
100	3	3330
2687	1	3827
763	3	403
164	3	63
250	1	3568
1533	1	3574
2756	3	2752
838	3	3472
773	3	2544
1035	3	2407
1172	1	3569
3421	3	647
1064	1	3574
1715	3	15
1118	3	2786
869	3	1245
2762	1	3671
3051	1	3581
2868	1	3574
942	1	3574
2993	3	2275
838	1	3584
3470	3	17
1338	3	3464
1746	1	3569
1453	3	3535
2047	1	3582
3179	3	1637
355	1	3568
2117	3	2359
453	1	3660
3039	3	3114
126	1	3604
1035	3	2757
1516	1	3574
1830	1	3599
2004	3	275
2632	1	3681
1656	3	2143
3456	1	3590
427	3	1821
1155	1	3569
1379	1	3831
2308	3	807
2707	3	969
3156	1	3581
1047	1	3574
458	3	2038
2112	1	3580
3361	1	3637
848	3	2738
1588	3	1073
1923	3	338
3232	3	1122
3034	1	3581
2851	1	3574
1093	3	2796
1310	3	1645
338	1	3568
2330	3	75
807	3	2450
617	1	3575
1774	3	465
739	3	824
1474	1	3793
2283	3	3497
2853	3	679
3439	1	3590
702	3	1284
276	3	2795
1274	3	2543
2317	1	3585
2509	1	3599
1030	1	3574
3511	2	4095
763	3	2981
2437	3	921
1150	3	2229
1381	3	2450
2806	3	1293
141	1	3646
1953	1	3636
3017	1	3581
162	3	105
3196	3	1212
3126	3	2508
3337	3	2815
812	3	1721
3539	1	3568
1787	1	3581
1804	2	3988
278	3	3237
468	3	951
349	1	3619
1012	3	765
1184	1	3627
1310	3	2934
1966	3	105
3308	1	3569
502	3	702
989	1	3669
2540	1	3591
3546	3	2640
13	1	3569
664	3	2454
1340	3	2545
1990	3	2262
3182	3	3044
2058	1	3636
3522	3	1012
1196	1	3581
691	3	1546
2788	3	1040
1350	3	3522
909	1	3584
1731	1	3580
2192	1	3590
1488	1	3600
1588	3	268
2175	3	2347
2449	3	471
2482	3	3224
335	3	3424
192	3	66
1530	1	3724
1171	3	1594
2313	1	3570
3000	1	3581
3522	1	3568
2605	1	3589
1147	3	376
2704	3	405
1628	1	3637
2057	3	2116
1301	1	3581
526	3	1929
1254	1	3620
2523	1	3591
3332	3	295
3374	3	964
943	3	1512
3435	3	2661
1253	1	3589
490	3	1286
2075	1	3585
3105	1	3581
3250	1	3634
1589	3	679
1714	1	3580
3480	1	3602
335	3	1330
1381	3	1645
1107	3	1077
556	3	951
2856	3	2086
3505	1	3568
721	3	547
1319	1	3618
2588	1	3589
1584	1	3590
1881	3	1637
3018	3	984
2342	3	2792
3165	3	950
1470	3	417
3080	3	3287
1806	1	3568
1853	3	1912
2186	3	2230
3232	3	2545
2914	3	2005
3427	3	813
1053	3	2497
2254	1	3604
785	3	2736
1462	3	427
1624	3	2005
475	1	3570
2072	3	1230
2612	3	3348
333	1	3626
1858	1	3581
1438	1	3634
420	1	3619
3128	1	3613
1863	3	2165
2413	3	187
3452	3	543
61	3	944
311	3	647
529	3	102
574	3	1116
925	3	2363
193	1	3568
1245	1	3589
2502	3	2537
241	1	3590
2405	3	197
1267	1	3581
1986	3	2576
1665	3	2418
1789	1	3568
337	1	3590
109	3	2450
3340	3	964
2698	1	3614
1083	3	3367
169	3	2396
2589	3	3086
2247	3	2408
2129	3	1992
2859	1	3596
1369	3	135
2172	3	2722
3050	3	1387
3222	3	1487
450	1	3580
696	3	362
3123	3	2273
2952	3	1089
2959	1	3574
1218	1	3686
964	3	3105
431	3	2609
857	1	3681
3067	3	2920
1772	1	3568
761	3	2582
557	1	3672
216	1	3600
1387	3	2616
2957	3	1865
1427	3	174
2802	3	3054
2550	1	3577
2742	1	3591
1873	1	3634
2716	3	2533
435	1	3672
2705	3	2434
322	3	3549
431	3	3548
182	1	3624
3403	3	2693
1425	3	2537
2346	1	3568
1059	3	3438
329	1	3590
29	1	3581
2223	3	1315
1398	3	974
387	3	107
1733	1	3576
2942	1	3574
2116	3	3454
429	1	3568
109	3	1645
1651	1	3578
261	3	2566
1511	3	964
3093	1	3710
2515	3	2273
802	3	773
2858	3	3012
3516	1	3574
1847	3	2145
987	1	3620
416	3	243
1245	3	1517
3155	1	3569
1764	1	3568
3047	1	3574
2464	3	1936
1011	3	1352
12	1	3581
2267	3	557
157	1	3634
2712	1	3764
2999	1	3582
2925	1	3574
2342	3	1182
2099	3	3454
326	3	2564
1534	1	3573
2338	1	3568
412	1	3568
1281	3	1908
598	1	3684
1334	1	3569
3397	3	531
1192	3	288
207	3	3026
2823	1	3662
2271	3	1666
517	3	1012
3499	1	3574
3212	1	3577
997	1	3667
453	3	1425
2849	1	3659
3138	1	3569
3364	3	1161
986	1	3568
1747	1	3568
2208	1	3578
3030	1	3574
3246	3	745
2695	3	427
817	1	3577
601	3	1452
1158	3	2032
228	1	3658
517	1	3568
2875	3	3146
1252	1	3601
283	3	3476
2482	3	1748
2908	1	3574
769	1	3585
1591	1	3581
968	3	376
1210	3	325
2052	3	3062
264	3	2459
153	1	3619
395	1	3568
1244	1	3611
510	1	3639
1291	1	3572
2499	3	3037
687	3	250
366	3	2165
1317	1	3569
1705	1	3602
3406	3	2416
2490	3	2441
1209	1	3574
1507	3	3372
2914	3	2167
28	3	3347
2249	1	3991
1802	1	3663
2099	3	1710
871	3	3139
3367	3	1075
969	1	3568
3196	1	3581
3013	1	3574
3533	1	3705
3540	3	482
380	1	3649
3377	3	603
2838	3	1512
2515	3	2407
3258	3	295
500	1	3568
259	3	164
851	3	2444
1422	1	3569
2264	3	3026
576	3	1462
1194	3	3183
1574	1	3581
368	3	2428
951	3	3203
2673	3	2855
1274	1	3572
1930	3	2658
2304	1	3568
2706	1	3636
1162	3	3491
3447	3	385
2353	3	2522
236	1	3624
141	3	3131
1192	1	3574
964	3	2434
366	3	3454
432	3	2544
1845	3	3126
603	3	3183
605	1	3568
2449	3	1223
553	3	2877
749	3	1398
3179	1	3581
3551	3	1093
2892	1	3584
1632	1	3620
1835	3	1924
2147	3	1122
3472	3	299
49	1	3605
483	1	3568
1476	3	687
1405	1	3569
14	1	3568
2228	1	3626
700	3	564
416	3	1666
3120	3	3194
1079	1	3574
3466	1	3584
3416	3	2032
2647	3	2259
2462	1	3585
1175	1	3574
3249	3	264
588	1	3568
114	3	1929
2185	3	1982
1910	3	3252
2521	3	1853
687	3	384
3162	1	3581
2875	1	3584
156	3	2245
1945	1	3593
2826	3	194
1060	3	1279
1184	1	3574
3446	3	1418
1160	3	3183
1350	3	86
1594	3	3146
2410	3	436
2001	3	2308
2645	1	3589
2760	1	3660
2345	1	3580
2907	1	3626
1309	3	3406
371	3	1187
1758	1	3574
3441	3	2156
1054	1	3584
2487	3	564
3126	3	361
754	1	3575
3462	1	3569
2974	3	750
2930	1	3679
3219	1	3589
908	3	1072
1006	1	3592
3233	1	3605
2868	3	668
2191	3	725
2316	1	3626
643	3	511
56	1	3668
1167	1	3574
1628	1	3584
1648	3	1881
1499	3	1069
375	3	1151
978	3	1086
2497	3	1924
942	3	3297
1159	1	3584
2329	3	95
674	3	3183
241	1	3753
3310	3	3044
1089	3	1573
1576	3	2304
1445	3	1179
1760	3	1810
1669	3	3340
1741	1	3574
2022	3	1673
2036	3	2853
3250	1	3581
187	3	2970
350	1	3573
299	3	3488
517	3	691
2626	3	345
1659	1	3576
2693	3	603
1511	1	3579
3489	3	2124
396	3	3549
1382	3	3137
1972	1	3570
2558	3	1527
1402	3	607
84	3	2273
2652	3	3169
1442	1	3593
1856	3	2204
309	3	2596
742	1	3570
1753	3	2820
140	2	3723
1294	3	2332
2069	3	2367
271	3	2450
2694	1	3765
2012	3	86
2922	1	3679
1624	1	3569
2931	3	2422
2697	3	3402
3015	1	3570
2855	3	2130
206	3	5
1724	1	3574
2546	1	3570
1431	3	3540
3021	1	3596
1682	3	3304
1438	1	3581
330	3	1611
1195	1	3601
440	3	1863
3273	1	3613
1368	3	1762
2560	3	2544
1345	3	3402
1971	3	2625
2522	3	2398
3232	3	2842
460	1	3598
1729	1	3569
376	3	2097
725	1	3570
174	3	2180
1199	1	3592
1308	1	3591
1767	3	1317
1784	3	533
2456	1	3612
1641	3	1147
1279	3	1835
2382	1	3604
3467	3	1698
2780	3	2441
638	3	1000
2747	3	1408
1013	3	668
2523	1	3672
2886	1	3590
2702	1	3731
3143	3	2915
3491	3	1047
1421	1	3581
63	3	1908
2869	3	2347
2664	1	3585
261	3	285
879	3	2006
1713	1	3600
1279	3	2774
2622	3	2753
3199	1	3584
1012	3	1546
8	1	3574
3452	3	1779
1265	1	3594
475	3	156
1712	1	3569
1720	3	1706
2295	1	3590
2673	3	440
904	1	3589
2508	3	63
2187	3	1978
3437	3	376
271	3	1645
3279	3	3311
197	3	1637
3182	3	1381
1345	3	1658
1450	3	1864
1478	1	3589
3423	3	135
1404	1	3581
3317	1	3569
1559	3	2438
3327	1	3637
1622	2	3638
174	1	3581
1896	3	471
2652	3	270
297	3	1436
2004	3	2129
2727	1	3619
1695	1	3569
3371	3	2192
1310	3	2560
3463	3	723
69	3	3223
2123	1	3634
691	1	3570
2362	3	1992
2500	1	3568
766	3	1211
2660	3	963
1261	3	63
1588	3	2927
1701	3	1978
802	3	720
2799	3	765
2644	1	3590
3497	3	1611
1133	3	135
2788	3	666
3387	3	1006
3300	1	3569
457	1	3590
1279	1	3586
545	1	3614
157	1	3581
2865	1	3575
1875	3	1611
2156	3	956
1751	3	543
109	1	3589
309	3	986
2068	3	2595
2234	3	1134
2483	1	3568
428	3	1053
252	3	2267
785	3	1073
1479	1	3569
700	3	3410
1881	3	3357
3557	1	3581
483	3	44
951	3	3366
385	3	1262
2510	3	3308
2293	1	3632
2623	3	268
2849	1	3606
3357	1	3577
1199	3	1678
2945	3	2521
828	3	2006
679	3	1194
1262	1	3586
3175	1	3574
2401	1	3600
662	1	3568
859	1	3840
1445	3	1797
2666	1	3572
1302	1	3618
1913	3	602
2346	1	3649
2854	1	3601
700	3	1316
962	3	1179
2466	1	3568
1503	3	2796
2245	3	78
2758	3	250
2656	3	3371
3388	1	3569
3495	3	2640
3540	1	3581
1065	3	384
1997	1	3568
3436	1	3591
2504	3	1316
633	3	1997
1849	1	3571
988	3	1751
365	3	917
2887	3	1704
1641	3	2920
1502	1	3601
2673	3	1863
250	3	2919
3158	1	3574
358	2	3796
33	3	1626
2022	3	197
2280	3	465
2439	3	1698
2852	3	2831
2755	3	491
2571	1	3568
645	1	3568
2871	1	3577
344	3	3026
1936	3	2856
2676	1	3619
2723	1	3580
3104	3	2037
3306	1	3601
3360	3	1093
1797	3	813
2785	3	102
1084	3	2115
1300	3	2623
1667	3	2136
1630	3	2596
1241	1	3574
2425	3	1457
1283	3	2273
77	3	3491
1963	3	3489
2487	3	1316
361	3	2036
2485	3	3476
2964	1	3626
3411	1	3601
1932	1	3576
2020	1	3600
3405	3	13
984	3	2089
2593	3	438
2554	1	3568
628	1	3568
3519	1	3569
623	3	2084
3232	1	3572
3319	3	2672
1210	3	1911
3149	3	1340
1480	3	3248
1908	3	2404
3150	1	3574
621	1	3639
79	1	3681
452	1	3648
1116	3	1208
2925	3	3297
3285	3	444
851	3	647
3247	1	3635
2014	3	2435
733	1	3568
2172	1	3591
2001	3	1316
781	1	3590
363	3	3238
419	3	2661
1735	3	502
2720	1	3575
2144	3	1085
1329	1	3574
3520	3	1373
1948	1	3649
1384	3	3392
3159	3	2122
2726	3	1075
2837	3	1179
2059	3	799
3133	1	3574
3124	3	3249
231	3	137
1916	3	1003
2566	3	720
812	1	3582
1903	1	3574
1075	3	2434
2495	1	3602
2685	1	3568
1418	3	3173
192	3	2404
2207	3	416
2640	3	3183
1658	3	1310
872	3	12
2842	1	3569
1273	3	1194
695	3	3094
756	1	3600
1312	1	3574
2308	3	246
2044	3	3335
2353	3	2014
2642	3	1924
3497	3	2229
1587	3	3514
2790	1	3568
3105	3	2582
1076	3	3198
3116	1	3574
3276	3	2076
722	1	3624
1786	1	3569
3467	3	2450
869	1	3590
1886	1	3574
1381	3	1539
3228	3	1330
109	3	2560
522	1	3620
692	3	3335
2886	2	3978
882	1	3575
640	3	2009
2960	1	3587
3388	3	2005
1417	1	3574
1136	3	2612
1549	1	3672
447	1	3581
1269	1	3577
2360	1	3569
323	3	3340
3121	1	3569
2631	3	1068
2327	1	3624
3182	3	1194
1403	3	1160
1891	1	3569
1735	3	3080
65	1	3574
715	3	1853
1287	1	3584
2773	1	3568
2176	3	558
703	3	1340
691	3	3079
2143	3	805
2118	3	1778
1337	3	1845
852	1	3590
3079	3	1986
1675	3	131
1328	1	3677
1013	3	2709
1400	1	3574
278	1	3569
1751	3	2450
3131	3	279
430	1	3581
2450	3	3549
952	1	3568
3265	1	3570
626	3	1747
1874	1	3569
1204	3	1157
244	1	3593
1974	1	3574
48	1	3574
91	3	3411
870	1	3570
2719	3	691
2756	1	3568
937	3	2794
1187	3	2497
1912	3	1317
2908	3	398
1150	3	2957
2616	3	1863
2674	3	233
2870	1	3589
1688	3	1611
532	3	691
1060	3	2649
535	1	3581
2755	3	1109
466	2	3820
2914	3	1588
2993	3	2198
640	3	1204
3006	3	3317
3520	3	2796
306	1	3617
1383	1	3574
1124	3	3546
1266	1	3572
3343	3	1906
1702	3	2202
1012	3	1493
2861	1	3568
916	3	904
2920	3	2981
3428	3	2952
1857	1	3569
2988	3	1772
301	1	3601
1215	3	2955
2140	1	3581
749	1	3580
3410	1	3613
2697	3	2544
1823	1	3593
2657	3	233
2223	1	3607
267	1	3625
1983	3	3061
2890	3	720
2903	3	1486
518	1	3581
18	3	1747
2266	3	1000
1287	3	381
908	3	1853
979	3	3062
2301	3	2521
2431	1	3569
2755	3	2398
1132	3	482
1055	3	2573
2105	1	3574
2545	1	3590
3506	3	1215
3427	3	252
2758	3	63
1279	3	38
2844	1	3568
867	3	2729
3285	3	1062
2858	1	3584
2411	3	1992
3010	3	2332
514	1	3569
1073	3	1671
3127	1	3580
2123	1	3581
1317	3	3375
1641	3	2733
3317	3	529
432	1	3571
629	1	3843
2976	3	457
3285	1	3618
192	3	2672
3155	3	2570
3050	3	2920
2428	1	3585
1694	1	3613
676	1	3598
1852	3	2815
3350	1	3586
2439	3	2450
302	1	3581
3382	2	4089
2893	1	3765
15	1	3584
1619	1	3574
2524	3	669
425	3	1436
497	1	3569
1746	1	3626
986	3	1630
2127	3	764
2180	3	252
2430	3	1854
3540	3	592
3364	3	116
3548	3	376
2239	3	1857
825	3	669
456	1	3634
2446	1	3622
1337	1	3572
2193	1	3574
2318	3	1521
2509	3	3194
1748	3	3175
294	3	86
2797	3	2498
2607	1	3604
2968	1	3609
3290	3	683
2927	3	2838
225	1	3635
828	1	3570
602	1	3569
526	3	1852
3468	1	3601
1770	3	2796
2925	3	3110
480	1	3569
2729	3	647
372	1	3574
3428	3	3436
1917	3	1072
11	1	3569
786	1	3604
1877	1	3596
1295	1	3636
2176	1	3574
2217	1	3637
528	3	2294
1521	3	1784
2304	3	1630
1068	1	3585
2318	3	2810
631	3	1852
885	1	3578
585	1	3569
3147	3	1422
730	1	3622
1959	3	2327
1230	3	3310
1414	3	2816
2287	3	1280
1652	1	3623
3085	3	2855
3080	3	3210
570	3	1829
2389	1	3569
551	1	3593
189	3	2664
2234	1	3613
2492	3	3352
3227	3	1486
2546	3	1929
2592	3	3357
1090	3	1000
2055	1	3584
2200	1	3637
197	3	3357
2151	1	3584
2006	3	3002
378	3	2165
568	1	3569
531	3	692
2041	3	2450
880	3	2238
1122	3	114
1924	3	196
2005	3	1072
0	3	109
1129	3	982
2360	3	72
3377	1	3572
1688	3	2229
2242	3	1555
403	3	3238
2447	1	3581
2573	3	2134
1619	3	2441
2264	1	3574
1700	3	3317
2147	1	3572
3546	3	603
570	3	674
960	3	229
1254	1	3677
899	1	3570
1913	3	3127
870	3	2167
1779	3	493
1286	3	3062
2086	3	1370
2593	3	735
241	3	2246
1856	1	3581
2193	3	2441
2968	3	2476
3152	1	3599
926	1	3590
900	3	1778
2610	3	2024
1658	3	3351
639	1	3593
626	1	3581
2835	3	2347
1848	1	3591
193	3	1443
2950	1	3682
2853	3	870
3400	1	3574
2730	1	3590
3505	1	3625
432	3	694
991	3	221
2929	3	381
2430	1	3581
217	1	3584
1387	3	95
1139	1	3585
43	3	964
2363	3	925
1614	1	3611
656	1	3569
765	1	3568
1431	1	3604
3146	3	2434
2515	3	1846
2543	1	3571
3155	3	2249
3032	3	1632
1447	3	2670
1972	3	3002
1539	1	3572
870	3	1012
2969	3	207
347	1	3718
1213	3	1751
2535	1	3581
3490	3	2998
742	3	3002
3160	3	581
3070	3	2717
376	3	2796
2151	3	381
3520	3	2609
240	1	3586
2901	1	3619
2648	1	3571
723	3	2560
1550	3	2757
3004	3	3402
3155	3	155
3410	3	870
1014	1	3590
3372	3	3168
2031	1	3574
857	3	2495
209	3	1546
2920	3	2794
2364	3	376
307	3	531
537	1	3836
2208	3	2258
2344	1	3568
3490	3	904
788	1	3600
3040	1	3568
150	1	3628
76	1	3620
2647	3	1698
2995	3	1493
853	1	3568
3096	3	2283
2918	1	3568
705	1	3571
1927	1	3581
799	3	2785
904	1	3699
694	3	691
2732	1	3580
697	1	3581
1038	3	2036
2490	3	2014
3366	3	1751
1678	3	2439
1427	1	3568
1368	3	1656
3431	1	3572
214	3	592
2501	1	3581
1983	3	780
1458	3	2347
3023	1	3568
2196	3	2842
2012	3	330
86	3	330
902	3	2929
3050	3	2733
2019	1	3569
1847	3	1852
1172	3	102
1391	3	163
1962	3	1923
964	3	1068
836	1	3568
3490	1	3840
958	3	1924
2556	3	2618
3168	3	2189
161	3	2618
2606	1	3581
680	1	3581
261	3	2623
2693	3	2136
322	3	1512
2485	3	3102
46	1	3614
2393	3	2127
1650	1	3604
2663	3	3464
1906	1	3569
1914	3	1706
3189	1	3575
3006	1	3568
3053	3	1912
1042	3	3495
2086	3	699
2540	3	2649
2850	3	3079
3047	1	3631
1512	3	2566
3044	3	1316
1828	3	1006
180	3	3261
744	3	2989
350	3	1395
470	3	2421
1700	3	2996
2785	3	1017
3337	3	1396
723	3	3044
3402	1	3570
2142	1	3606
33	3	3480
1262	3	3392
1768	1	3589
3472	1	3584
2864	3	2165
2429	1	3788
125	3	1422
2989	1	3568
2470	3	161
197	3	1881
2585	1	3569
659	1	3569
817	1	3634
1835	3	2786
2677	3	2927
3221	3	1422
603	3	1012
2687	3	494
2273	3	2165
290	1	3574
3136	3	1136
1072	1	3568
2355	1	3574
2631	3	2438
3385	1	3570
1705	1	3659
68	1	3569
820	3	1345
1994	1	3569
1751	1	3589
1742	3	2510
2609	3	3520
1124	3	2688
2470	3	511
2115	3	3231
3127	3	540
1400	3	668
1459	3	2862
3425	1	3602
2721	1	3612
1278	3	3522
870	3	691
1646	1	3568
2164	3	251
643	3	84
2453	3	161
2568	1	3569
25	1	3599
642	1	3569
834	3	1212
960	3	2136
2490	3	3437
2641	3	190
3167	3	1128
383	3	3343
830	1	3598
173	1	3569
2006	3	2815
3431	3	1658
1390	3	1761
273	1	3574
2692	3	2041
3560	1	3584
2273	3	3454
1630	3	2706
866	1	3663
1977	1	3569
3260	1	3575
1160	3	1012
239	1	3598
117	1	3587
747	1	3569
2864	3	1360
3408	1	3602
1629	1	3568
2753	3	1812
2851	1	3578
2204	3	2706
2551	1	3569
2235	1	3612
923	3	3367
1698	3	3402
84	3	1846
338	1	3572
1160	1	3568
2443	1	3574
3528	3	2422
156	1	3569
981	3	3221
256	1	3574
1598	1	3701
1816	3	785
2927	3	691
1929	3	2663
2165	3	3085
1792	3	2011
2703	1	3709
1142	3	3203
2935	3	2165
2095	3	792
3013	3	2522
1704	3	1559
730	1	3569
785	3	1667
2078	3	2886
62	3	3514
96	3	3463
2327	1	3600
2419	3	2958
1002	3	2236
1664	1	3730
1612	1	3568
1719	3	1828
3354	3	725
261	1	3569
3317	3	21
2198	3	361
3254	3	1692
3421	3	3229
1143	1	3568
1427	3	849
2426	1	3574
2163	3	1488
210	3	687
796	1	3598
139	1	3569
917	3	786
2857	3	2720
2121	3	583
3257	3	3488
1910	1	3613
2167	3	1658
835	1	3569
2645	1	3646
2200	1	3584
2679	3	1224
3088	3	3497
2880	1	3636
1428	1	3658
1717	1	3568
1698	3	1658
3130	3	1722
2703	3	3381
1101	1	3602
1684	1	3623
713	1	3569
2653	3	2722
212	3	2057
2045	3	668
244	1	3569
2313	1	3574
3366	3	275
3522	1	3572
1528	1	3636
469	3	2275
2409	1	3574
2305	1	3584
2594	3	3157
2423	1	3590
2048	1	3569
2056	3	1706
671	3	266
2562	3	465
1301	1	3585
2669	3	3226
311	3	867
2262	3	456
818	1	3569
2183	1	3584
1613	3	1901
2935	3	1360
364	3	2810
2981	3	2435
3105	1	3585
3480	1	3606
492	1	3574
892	1	3588
1577	3	2422
305	3	3443
2051	3	2444
2077	3	721
166	3	2507
2006	3	266
1657	3	440
1088	3	2508
878	3	2454
2782	1	3699
2160	3	1854
511	3	2749
3080	3	2352
2995	1	3862
0	3	1345
1222	3	1355
1980	3	2928
1072	3	691
3011	3	120
3498	3	1996
1447	3	1678
2433	1	3637
1988	1	3575
3461	3	2456
2106	1	3581
2877	3	3549
1576	1	3604
3214	3	418
3522	3	879
2399	1	3661
2498	3	2167
96	3	564
2617	3	745
2688	1	3571
475	1	3574
936	1	3584
643	3	2796
1082	3	2051
2191	3	3010
3176	1	3609
105	3	1345
1797	3	252
1858	1	3585
3375	3	2874
2057	3	376
3541	3	2167
3563	1	3611
2794	3	3520
167	1	3575
1389	1	3585
1929	3	114
1917	3	1853
2598	3	303
3420	1	3636
3546	3	2189
366	3	2840
1935	3	376
1824	1	3609
2271	1	3584
1420	3	465
3554	1	3590
164	3	96
2285	1	3600
2089	1	3581
580	1	3574
3308	3	720
997	3	2294
1444	3	2269
2264	1	3655
2456	1	3669
1853	3	3205
2594	3	3291
3322	3	2456
501	3	1512
2451	3	687
277	3	86
499	1	3637
2407	3	3087
933	1	3600
2202	1	3571
14	3	1337
2498	3	1012
1816	3	114
2914	3	1698
2239	3	2422
2783	3	163
2926	1	4050
832	1	3719
1706	3	1172
445	3	602
2582	3	1997
2569	3	878
304	3	1072
1032	1	3574
1678	3	1447
987	3	2223
2545	3	13
2524	3	1584
1046	1	3590
1520	1	3612
2546	3	266
2799	3	2566
1135	3	2603
904	1	3646
563	1	3574
1049	1	3699
1512	3	285
2160	3	1988
1224	3	436
2834	3	3306
3399	1	3624
1923	3	371
1478	1	3646
1839	3	870
821	1	3617
2423	3	3396
433	1	3584
2782	2	3654
323	3	551
1434	3	457
3103	1	3785
3168	1	3568
3316	1	3595
2892	1	3657
2131	1	3681
3337	3	2498
2036	3	361
2345	3	2258
3343	3	861
2712	3	273
1490	1	3600
3416	1	3600
830	3	3299
2872	3	3257
3004	3	2544
1321	1	3609
2802	3	964
46	3	2668
3278	3	1243
91	1	3609
538	1	3584
1131	3	689
1313	1	3619
1359	3	1357
427	3	699
3055	1	3568
1795	1	3604
2140	3	2582
1134	1	3590
2850	3	3026
3047	1	3578
2359	3	1536
834	1	3581
1970	3	897
651	1	3574
2439	3	2560
684	3	546
2628	3	2267
2818	1	3671
3180	3	2646
2836	3	2229
765	3	1012
2925	1	3578
2638	1	3581
2994	3	604
3198	3	2097
3429	3	2318
1122	3	679
3217	1	3597
1708	1	3590
1004	1	3600
1512	1	3571
1119	1	3671
2196	3	1045
243	1	3581
2156	1	3569
2604	3	813
2991	3	2714
2836	3	3168
3512	3	2697
2256	1	3574
221	1	3575
3038	1	3568
2956	3	3087
1400	3	2709
1808	1	3568
2879	3	482
1117	1	3590
338	3	3431
2983	1	3617
1666	1	3624
817	1	3581
850	3	745
634	1	3574
962	1	3634
2606	3	2419
517	1	3572
832	3	2586
1075	3	1068
1923	3	505
2346	3	2059
1591	1	3585
2621	1	3581
487	3	1210
2111	3	1288
2688	3	694
3512	3	603
1244	1	3615
928	1	3658
1217	1	3568
4	3	1194
556	3	1573
1908	3	3266
1391	1	3581
3143	1	3568
2139	1	3569
3388	1	3626
3530	1	3570
694	3	1122
2576	3	361
2644	3	471
1310	3	2751
1847	3	1344
824	3	1462
680	3	325
1791	1	3568
1957	3	1770
1202	1	3649
2589	3	2419
2713	1	3569
295	3	1546
945	1	3634
1360	3	2097
580	3	697
1322	1	3568
2972	3	3561
2244	1	3569
3117	3	416
2969	3	772
2351	3	196
1227	1	3615
1197	3	3296
1200	1	3568
3126	1	3568
940	1	3618
1896	1	3568
2434	3	3049
964	3	2438
2993	3	2576
905	1	3581
2679	3	1387
912	3	1112
2956	3	2282
1241	3	1425
914	3	1779
1962	3	2704
2498	3	691
1291	3	215
2698	3	3343
2696	1	3569
773	3	751
1305	1	3568
1956	3	2453
1419	3	1608
558	3	3304
3226	3	1340
2642	3	2786
3258	3	1588
520	3	3158
14	1	3572
3109	1	3568
2479	1	3586
2730	3	13
1753	3	1751
2974	3	1909
271	3	1381
1879	1	3568
3385	3	2758
888	1	3581
875	1	3569
1410	1	3568
3480	3	1398
3217	3	1683
1464	3	2780
2475	1	3574
406	1	3569
1387	3	3238
691	3	3002
1471	1	3575
1288	1	3568
246	3	2940
2867	1	3598
2210	1	3569
58	1	3568
3008	3	3174
2602	3	3319
3439	1	3574
2965	3	2073
3167	1	3580
1370	3	2652
837	3	1402
1862	1	3568
1720	1	3624
2495	1	3659
3232	3	268
1393	1	3568
1773	3	2230
1934	3	511
2504	3	1857
3146	3	100
2598	3	3499
1860	1	3840
246	3	846
1355	3	1805
1828	1	3592
2458	1	3574
162	3	1345
1787	3	3174
2145	3	3273
1271	1	3568
1228	1	3574
2750	1	3593
3197	1	3568
1656	3	1639
2814	3	3226
54	1	3580
1172	3	1017
1493	3	1929
392	3	2444
1763	3	3266
494	1	3805
3176	3	3094
1360	3	3520
2563	1	3574
637	1	3574
3004	3	3512
266	3	3183
1859	1	3584
1815	3	1559
2573	3	2378
2676	3	1008
2914	3	2450
929	1	3593
1212	3	1605
1376	1	3568
1792	1	3709
1910	3	2451
1721	3	1637
219	2	3751
2441	1	3574
2609	3	2796
1773	3	3519
289	3	2482
2852	3	1278
3443	3	700
74	3	136
1211	1	3574
128	3	1719
1972	1	3574
1627	3	3378
2101	3	3400
3483	3	1085
3402	3	1929
2575	3	2820
742	1	3574
887	1	3627
2623	3	943
1287	1	3641
1896	3	2785
994	1	3591
3440	3	1294
2546	1	3574
328	3	3392
315	3	2273
986	1	3601
33	1	3568
15	3	2264
151	1	3574
612	1	3584
1403	3	1567
2743	3	303
2770	3	1438
904	3	3131
2668	3	3061
2804	1	3617
3120	1	3574
1379	3	3157
2051	3	647
1138	3	1370
3274	3	1825
2867	3	745
3510	3	1493
1414	3	161
725	1	3574
3426	1	3609
1947	1	3584
25	3	827
2692	3	1667
2903	1	3591
867	3	558
2300	3	3127
2314	1	3672
2444	3	2574
2497	1	3679
2529	1	3574
3204	1	3604
3351	1	3570
2914	3	1645
285	3	1507
969	1	3601
773	3	3463
2574	2	4032
16	1	3568
1299	1	3574
1661	3	2549
2375	1	3679
1383	1	3631
814	3	3173
1327	3	3345
2081	3	33
85	3	3402
2711	3	769
2425	3	2132
120	3	2850
830	1	3574
1414	3	511
3003	1	3569
1229	1	3736
2902	1	3688
1265	1	3598
2014	3	1821
2528	1	3671
891	1	3581
1557	1	3617
708	1	3574
1989	3	2441
1930	1	3584
1093	3	3365
219	1	3660
2101	3	3534
398	3	3190
2495	3	2684
1970	1	3616
945	3	2204
2431	1	3626
1747	3	1179
1163	3	2625
1282	1	3574
2043	1	3574
2914	3	2934
1296	1	3590
2986	1	3569
951	3	1142
813	1	3574
1213	3	251
2980	1	3671
3329	3	1880
1845	3	1654
2036	3	308
3416	3	2654
2595	3	1555
680	3	2582
2800	1	3581
2617	1	3574
691	1	3574
2318	3	2733
759	1	3684
779	1	3598
176	3	2046
1042	3	2450
879	3	266
1166	1	3600
1787	3	2503
2116	3	2816
85	3	1658
2174	1	3769
2193	3	3169
2549	3	1419
134	3	2286
600	3	2497
3088	3	679
3200	1	3568
324	3	909
1994	1	3679
68	1	3679
357	1	3589
2107	3	1113
57	1	3580
1957	3	2522
1279	1	3590
2411	3	2399
2995	3	3026
1967	3	2943
2832	3	1653
251	3	1890
979	1	3581
796	1	3574
1504	2	3959
2865	1	3579
3010	3	295
128	3	109
152	3	603
837	1	3637
3451	1	3709
2612	3	750
2232	3	471
3083	1	3590
2857	1	3589
156	3	773
1392	1	3580
1419	1	3627
1853	1	3590
1897	1	3998
2644	3	1573
3003	1	3703
3261	3	436
3305	1	3568
2735	1	3589
273	1	3684
1384	1	3590
1340	3	3464
3074	1	3569
3183	1	3568
2668	1	3657
2896	1	3571
3357	1	3581
934	3	1300
2070	1	3570
1289	1	3637
1262	1	3590
3064	3	3194
3532	3	2352
747	1	3679
2239	3	2853
962	1	3581
332	1	3599
228	1	3609
3318	3	3067
2794	3	2796
3154	1	3614
2703	3	1263
3459	3	3135
2466	1	3572
2702	2	4040
3288	1	3568
1233	3	299
2130	3	939
2893	3	1959
415	3	1580
1138	3	699
1367	1	3590
3200	3	2836
3366	3	2129
3098	3	295
773	3	1853
1619	3	270
885	1	3635
723	3	1194
1865	3	742
3258	3	246
945	1	3581
3163	3	263
1467	1	3568
2242	1	3660
3393	1	3568
793	3	2706
1206	1	3766
214	1	3718
2193	3	270
271	3	39
1400	3	912
2215	3	1760
3234	3	691
611	1	3596
828	3	266
428	1	3589
1058	1	3571
1194	3	2545
1929	3	679
2113	3	3191
2442	3	2750
2474	3	2998
1239	3	1869
6	3	2286
2495	3	1074
1512	3	2005
1820	3	78
1050	1	3581
3232	3	3464
3311	1	3600
3149	3	405
1932	1	3580
1245	1	3569
2020	1	3604
2030	3	2408
241	1	3570
1338	3	679
1399	3	1820
1450	1	3568
2554	1	3572
2608	3	1064
1117	3	2778
2032	3	1911
522	3	153
686	3	1234
3254	1	3568
207	3	78
668	1	3604
3429	3	2749
2346	3	2140
1990	3	282
3102	3	2693
2024	1	3568
2216	3	3110
1033	1	3581
2664	1	3618
1555	1	3568
2994	1	3591
2623	3	3200
2694	1	3582
2931	3	2239
2620	1	3574
1326	1	3661
2327	3	1288
3359	3	231
1875	3	5
1311	3	3438
955	3	1580
1146	3	234
1903	3	3466
1908	3	2758
3359	1	3568
1482	3	1825
1588	3	1671
1063	3	3238
799	1	3601
2477	1	3599
1373	3	1224
2714	3	3010
1979	3	533
2870	3	2216
2566	3	3168
1673	3	2717
2203	1	3587
2395	1	3601
438	3	1588
1720	3	234
2725	1	3574
3173	1	3610
1538	1	3568
1342	3	3077
1881	3	2690
1687	3	864
2507	3	1913
517	3	2736
826	3	2560
32	3	2053
1846	3	2097
2030	3	1603
2603	1	3574
2969	1	3601
697	3	2045
3305	3	691
2866	3	3335
2801	1	3671
324	3	1527
3090	1	3581
3190	1	3586
1264	1	3586
3046	1	3729
341	3	2816
958	3	2786
1382	1	3766
1425	1	3568
2708	1	3574
2329	3	3429
2389	3	1712
195	1	3568
753	3	1064
1602	3	1107
2154	3	1486
2247	3	2522
2152	1	3611
2671	1	3681
915	3	2816
835	3	102
2294	3	3392
447	1	3585
1269	1	3581
2281	3	2273
2550	3	196
3155	3	1151
3195	1	3581
1001	3	130
3432	3	548
1903	3	2661
1654	3	3372
1069	1	3577
1641	3	2253
1131	3	2543
1438	3	3420
3026	1	3620
887	1	3574
2773	1	3572
1162	3	1832
1375	1	3612
2067	3	3371
3104	3	1370
116	1	3709
1810	1	3636
617	3	3249
1858	3	2586
2691	1	3574
3513	1	3570
2325	3	31
1934	3	2097
483	2	3824
547	3	603
178	1	3568
1098	3	376
94	3	2067
2335	1	3789
3187	3	1396
3510	3	501
392	3	647
1100	1	3569
2067	3	338
1252	1	3581
308	3	2291
781	3	2461
2687	1	3754
3265	1	3574
2439	3	1381
2733	3	1492
2835	3	444
752	1	3568
2796	1	3574
870	1	3574
2126	1	3590
2751	3	943
399	3	2454
2556	3	2675
1537	1	3671
283	1	3568
3087	3	1370
1381	3	3182
1854	3	3352
1993	3	1033
2192	3	3079
2674	1	3574
2407	3	2981
377	3	3183
535	1	3585
857	3	1747
1357	1	3581
676	3	3514
2532	1	3630
502	1	3640
2980	3	1436
807	3	1088
2175	3	2729
3460	3	1008
27	3	1761
1083	1	3569
2577	3	1690
2667	1	3645
2538	3	1130
265	3	2850
470	3	1539
2020	3	1666
1719	3	3495
1337	3	105
1376	1	3649
1358	3	2345
1156	3	765
2528	1	3618
735	1	3568
2779	1	3574
3425	3	2258
3168	3	152
1125	3	1487
2788	3	1772
266	1	3568
3116	3	725
1556	3	752
3253	1	3569
304	3	1316
869	3	2461
144	1	3568
336	1	3582
2242	3	2230
542	3	2405
1908	3	3026
951	3	1089
51	3	2578
958	1	3574
2363	1	3648
525	1	3672
184	1	3600
623	1	3764
3319	1	3598
2650	3	2937
1106	1	3601
2511	1	3618
470	3	384
1767	3	2907
951	1	3645
1431	3	592
730	3	155
3140	1	3569
249	1	3568
1748	3	1890
146	3	1248
1461	3	2647
2136	1	3570
3453	3	2491
634	3	1286
916	3	3136
1323	1	3581
1429	3	3308
589	1	3609
581	2	3844
2652	3	571
2934	3	2421
3557	3	2289
957	3	1701
845	1	3574
215	1	3592
1156	3	2993
875	3	393
3425	1	3659
534	1	3658
1137	1	3593
2545	3	1546
941	1	3574
837	1	3584
938	3	2757
1602	3	436
1641	3	643
3402	3	266
1315	3	1193
1711	1	3593
666	3	194
2796	3	2441
3176	3	2720
2936	3	3438
97	3	1909
3219	1	3569
2438	3	299
1155	1	3630
1242	3	2730
1006	1	3572
2347	3	1075
1894	3	3293
2411	1	3589
828	1	3574
2526	1	3660
2815	1	3570
747	1	3626
3408	1	3659
2943	3	2143
261	3	720
2097	3	2856
3481	1	3617
2215	3	418
1302	1	3569
109	3	3182
128	3	1345
1180	3	23
1213	3	2776
2487	3	2422
1511	3	2501
230	1	3634
2069	1	3614
2470	3	2796
978	3	2005
2089	3	1911
2998	1	3574
1809	3	3536
1068	3	444
1884	3	1706
2920	3	436
1478	3	3131
2782	1	3622
2620	3	427
677	3	1211
885	1	3582
3567	3	2461
1407	1	3569
2051	3	3306
2492	3	2417
1505	1	3661
152	3	2189
356	1	3609
951	3	1573
3243	3	1234
503	1	3575
1924	3	2294
3211	1	3569
283	3	691
957	3	1835
1092	3	3540
1756	3	465
2453	3	2796
2499	1	3589
1488	3	3357
918	3	904
2383	1	3840
2934	1	3613
2981	1	3574
1131	3	1067
1281	1	3749
1195	1	3581
3332	3	2450
3469	1	3612
270	3	511
468	1	3568
1309	3	3520
1966	3	3549
2421	3	1588
2572	1	3930
1390	1	3569
713	1	3626
2746	3	196
233	2	3752
2312	1	3570
2653	3	2779
945	3	1480
1671	3	152
1012	3	1176
3262	3	3540
1068	3	2672
3277	3	1365
873	1	3577
1159	2	3923
1187	3	86
2109	1	3622
2665	1	3596
2864	3	1551
960	1	3570
899	1	3574
1954	3	3194
2172	3	2649
3472	3	2262
1936	3	1063
1842	1	3569
375	3	2204
2242	3	1909
1441	1	3679
2914	3	2560
3296	3	3348
437	3	343
677	3	1345
1366	1	3640
1872	3	163
2117	3	810
1006	3	1658
1507	3	2815
2656	3	423
2335	1	3602
2842	2	3748
2124	3	2432
3476	3	3371
556	1	3568
1914	1	3624
943	1	3570
2575	3	2930
2786	3	3237
1478	1	3569
135	1	3590
429	2	3747
1433	3	938
3332	3	1645
2130	3	1370
657	1	3577
2439	3	1194
599	3	1517
2880	3	1271
61	3	66
2535	1	3585
1445	3	2582
307	3	2629
2653	1	3591
3161	3	3090
248	1	3580
1381	3	2995
2980	2	4057
349	3	854
1986	3	1698
93	1	3624
2407	3	2794
2638	3	2261
2926	1	3757
2946	1	3671
1283	3	1769
3235	1	3581
2765	3	3067
2427	1	3601
3294	3	186
3403	3	2450
539	1	3568
315	3	878
696	3	2517
1012	3	1310
1336	3	2920
1525	3	3381
2229	3	3371
1461	1	3569
3234	3	1122
897	3	3312
3301	3	273
400	3	1924
1675	1	3793
2404	3	3035
2308	3	547
1704	3	6
2089	3	1240
2859	1	3657
3340	1	3581
1422	3	964
2636	1	3591
633	1	3648
1855	1	3658
109	1	3569
2935	3	1551
3483	3	979
3066	1	3569
3467	3	2751
501	3	2508
297	1	3598
525	3	929
853	1	3572
2929	1	3671
3218	1	3581
3439	3	3026
1554	1	3618
1837	3	1630
3301	3	623
3210	1	3591
697	1	3585
2294	3	1245
2249	1	3568
323	1	3568
3169	3	376
2841	1	3596
36	1	3571
988	3	1381
3061	1	3718
2501	1	3585
3323	1	3581
1878	3	1134
2623	3	1187
3385	3	2547
3411	3	1988
2127	1	3568
311	3	2347
2179	3	968
655	1	3619
1833	3	2749
363	3	640
2359	3	1243
1744	3	1883
3089	1	3601
246	3	285
2192	3	3026
3499	3	699
680	1	3585
1502	1	3581
2532	1	3577
3341	1	3618
2232	1	3568
306	1	3568
295	3	1469
1695	3	1285
3430	3	1467
2799	3	879
2722	3	1690
3306	1	3581
81	3	3291
1276	1	3591
1686	3	689
2272	1	3600
312	1	3651
793	1	3575
89	1	3585
3477	3	2367
880	1	3568
2642	3	2359
2924	1	3574
3104	3	2956
3405	3	3026
589	3	3094
411	1	3568
3072	1	3601
1456	3	1660
1282	3	2575
1124	3	1403
1966	3	1134
3366	3	950
704	1	3648
338	3	105
773	3	674
377	1	3592
438	3	3308
2041	3	39
2361	1	3682
2889	3	1196
3535	3	3160
1259	1	3591
514	3	375
2130	3	699
87	3	1280
2059	1	3581
2283	3	3371
1613	3	2576
2724	3	38
1445	3	1911
3087	3	2956
3258	3	2450
2470	3	3548
3285	1	3569
394	1	3568
134	3	2180
3374	3	2582
640	3	2794
142	1	3581
1825	1	3601
2139	1	3626
432	3	1316
507	3	221
2019	3	747
691	3	481
2092	3	149
2721	1	3616
2146	3	1732
2538	1	3609
2185	3	2848
1567	3	3026
2967	3	2842
1956	3	1221
3390	1	3569
1938	1	3591
2268	3	2318
3160	1	3601
645	1	3682
403	3	2116
2329	3	2116
805	3	1077
1868	3	416
1443	3	2533
3268	1	3569
1095	1	3574
3375	3	3549
2351	1	3590
1156	3	846
2051	1	3581
125	1	3581
2799	1	3569
1347	1	3591
529	3	3225
2419	3	1673
744	3	3127
3080	2	3714
2343	1	3600
2612	3	994
490	3	221
2699	3	3431
2398	3	2816
2451	1	3568
3373	1	3569
2235	1	3616
3471	3	324
1160	1	3572
2154	1	3668
2408	3	440
230	1	3581
2247	3	3087
3258	3	1645
2227	1	3626
2872	3	1704
336	3	2955
3251	1	3569
3177	3	2842
3340	3	2582
3352	1	3624
2034	1	3581
108	1	3581
2782	1	3569
2817	3	1753
2988	3	3146
315	3	1846
3285	3	558
1552	1	3569
1737	1	3681
120	3	1134
875	1	3626
2821	3	1923
1081	3	2449
2138	3	419
1652	1	3574
1891	3	1932
2434	1	3568
2259	3	1698
1078	3	1751
3514	3	297
3356	1	3569
835	3	1017
626	3	1377
1315	1	3672
810	3	1637
744	3	1383
95	3	3238
2352	1	3570
213	1	3581
1936	3	2165
2379	1	3617
2887	1	3569
3050	3	2416
301	3	1988
1318	1	3589
3559	1	3569
1111	3	1471
3258	3	2934
460	3	969
716	3	3378
802	3	3546
2516	1	3604
2017	1	3581
3522	3	3464
1600	3	425
3017	3	602
954	1	3640
907	1	3679
2539	1	3568
724	1	3672
3077	3	3402
3346	3	161
1101	1	3606
1706	3	3136
1535	1	3569
2685	1	3682
3461	1	3569
754	1	3636
1373	3	2273
1937	3	913
2116	3	161
2457	1	3570
535	3	3257
318	1	3581
14	3	268
921	3	1899
1683	1	3596
1986	3	2450
700	3	2853
3339	1	3569
1365	3	2283
3427	1	3593
1228	1	3631
2259	3	543
2109	1	3569
2870	1	3569
3182	3	3402
718	1	3568
3365	3	3056
2880	3	2373
3379	1	3601
1309	3	1373
114	3	246
1640	1	3569
2067	3	2192
2972	3	1658
2140	3	3257
3060	3	3402
460	3	2258
2075	1	3593
2837	3	2582
18	3	1377
295	3	3026
1589	3	687
3160	3	1687
1518	1	3569
127	1	3568
2099	3	161
917	3	3018
2560	3	1316
2462	3	2887
301	1	3581
168	3	2014
2909	3	2862
3249	1	3611
3269	3	2261
3365	3	3406
2766	3	3066
3497	3	2693
2044	3	1355
3077	3	1658
481	3	109
1263	1	3793
1220	3	3519
2940	3	3079
1001	1	3577
2092	1	3569
2743	3	2454
2180	1	3593
2627	1	3568
701	1	3568
1284	1	3589
2416	3	2398
2853	1	3569
3367	3	465
354	1	3598
1623	1	3569
270	3	2097
1934	3	2796
2010	3	1379
2206	1	3590
2988	1	3584
3225	1	3605
3511	3	2560
692	3	1355
50	3	2358
324	3	482
515	1	3580
2505	1	3568
2915	3	666
2556	3	2435
2391	1	3675
282	3	3549
3512	3	526
2350	2	4022
1344	3	3402
1942	3	3136
161	3	2435
38	3	1064
450	3	2345
2211	1	3585
2455	3	3308
3362	3	2687
3060	3	1658
1871	1	3574
2692	3	785
3093	1	3584
3120	1	3631
3049	3	1559
559	3	2165
763	3	440
2285	1	3604
2610	1	3568
684	1	3568
646	3	3495
280	1	3569
536	3	389
760	3	1462
2589	3	3094
2786	1	3646
3206	1	3574
1007	1	3612
152	3	526
837	3	1943
1388	3	1716
2993	3	2312
2014	3	939
16	1	3625
1929	1	3613
2816	3	2920
3372	3	86
3485	1	3581
274	3	1112
972	1	3575
2464	3	2749
1190	3	659
75	3	1893
2189	3	603
1854	1	3574
2401	3	2661
2970	1	3681
1403	3	469
667	1	3568
1385	1	3574
1338	1	3613
2450	3	2508
2607	1	3584
3482	3	1451
1505	3	2983
166	3	2056
2815	3	1929
3503	1	3618
392	3	2985
1102	3	3237
2545	2	3929
3468	1	3581
1451	1	3603
1959	1	3574
2332	3	204
2747	3	2758
1208	1	3623
1462	3	3013
1709	3	1090
2664	3	3288
3168	1	3572
3423	3	196
347	3	2156
556	3	1443
2177	1	3585
2074	3	511
3166	1	3601
2797	3	384
1837	1	3574
932	3	2434
1103	1	3602
749	3	2427
1386	3	469
2451	3	2919
2963	3	2485
2847	1	3599
2217	1	3617
1368	1	3574
1133	3	3229
2566	3	3546
246	1	3569
1719	3	2450
2568	3	2493
1476	3	1716
138	1	3574
913	1	3609
3149	3	2422
164	1	3571
532	3	0
2425	1	3590
1942	1	3574
2717	1	3609
1057	3	1260
1983	1	3637
3047	1	3582
333	3	2501
504	1	3612
2417	1	3600
2955	3	2327
3397	3	2044
3549	3	2409
1742	1	3570
440	3	2408
1998	3	2289
3299	1	3599
351	1	3569
764	3	1766
285	3	1698
1231	1	3655
89	3	2824
339	3	2527
491	3	640
2857	1	3646
309	3	1047
3460	1	3581
1078	3	275
3232	3	943
335	3	78
229	1	3569
1004	1	3604
165	3	645
1600	1	3599
121	1	3574
354	3	1280
12	3	602
3483	3	471
2390	3	2286
341	3	161
283	3	2545
1233	3	6
763	3	1863
1412	1	3755
1925	1	3574
2647	3	1194
1906	3	1664
2616	3	17
2327	3	861
2573	3	2114
3269	3	1940
700	3	438
103	3	3209
1469	3	3076
334	1	3569
32	1	3647
3467	3	3182
268	3	1698
1254	1	3657
915	3	161
2393	1	3671
3443	1	3581
2776	3	722
1719	3	1645
2153	3	1608
1149	1	3636
2351	3	2294
248	3	3094
104	1	3574
2030	1	3574
2523	3	1230
2623	3	679
145	1	3637
1051	3	3237
1387	3	3108
1026	1	3575
2056	3	234
798	3	3189
2275	3	295
2315	1	3843
1981	3	548
2495	3	3225
727	1	3627
1812	3	1721
1820	3	2229
1949	1	3637
1667	3	1258
3467	3	3532
33	3	1687
1622	1	3581
2130	3	1935
440	3	1603
2424	1	3663
1370	3	2522
2192	3	2518
3480	3	2376
3535	1	3569
392	1	3581
135	3	229
2107	3	1304
3202	1	3574
2892	3	1760
2496	1	3590
1866	1	3608
3102	3	1461
1380	3	2954
3126	1	3572
3018	1	3577
1880	1	3624
3226	3	1875
87	1	3574
3418	1	3591
1191	3	3049
3099	3	2836
3452	3	1169
438	3	2450
1727	1	3581
1740	3	2730
51	3	1667
3312	3	2646
3495	3	1546
2914	3	1381
384	3	86
936	3	465
2754	1	3633
2421	3	1698
2815	3	1258
1605	1	3581
975	1	3599
2041	3	120
702	1	3637
675	1	3590
1064	3	2612
32	3	471
2601	1	3590
375	1	3581
1328	3	3142
1538	3	2032
1780	1	3598
3476	3	2192
863	1	3619
543	3	2450
1837	3	1256
3301	1	3586
1383	3	969
2967	3	1045
39	3	3002
1549	1	3599
2701	1	3568
111	1	3637
246	3	2005
1245	3	2359
1803	3	135
837	3	3500
1074	1	3701
3394	3	325
1603	3	2030
586	3	2955
3501	1	3569
2310	3	2129
1315	1	3619
2110	1	3568
658	1	3590
3472	3	3311
1329	1	3635
2284	1	3581
358	1	3581
3198	3	2935
3204	3	3197
526	3	2450
1111	3	1418
3173	3	1111
809	3	389
2891	1	3686
3180	1	3596
1428	1	3609
929	3	3135
1862	1	3572
2684	1	3568
1476	3	1395
2612	3	136
3546	3	2006
1693	1	3581
3513	3	2815
1715	3	2898
3024	1	3609
152	3	3372
1884	3	2300
2612	3	3519
1929	3	870
3484	1	3569
2678	3	3363
2093	1	3568
1340	3	2850
2312	3	1258
1359	1	3596
2268	3	2749
2267	1	3581
3160	3	695
626	3	2613
2789	1	3568
981	3	2367
464	3	1436
3308	3	1476
2593	3	3077
939	3	1462
116	3	860
2154	1	3749
2601	1	3724
769	3	2029
1300	3	3168
3056	3	2590
2667	1	3568
236	3	779
1933	1	3596
165	1	3661
2736	3	3402
3007	1	3609
846	3	2510
446	1	3581
3263	1	3574
3076	3	3443
134	3	867
305	3	361
3241	1	3568
1554	3	1172
2658	3	3018
2796	3	3169
3555	1	3593
3252	2	4077
1672	1	3569
2318	3	2253
2772	1	3568
1630	3	1047
1768	1	3569
1375	1	3669
2202	3	3060
3006	3	2089
923	3	769
2028	3	3221
2486	3	1605
195	3	2358
206	3	13
3368	1	3574
249	3	3187
722	3	3357
2299	3	647
18	3	2613
2149	3	2056
1222	3	1656
1295	3	1812
3434	3	1047
151	1	3578
625	1	3600
299	3	813
1244	3	1092
2296	3	2022
2862	3	2417
2259	3	2129
2786	3	3481
3350	3	3209
2160	3	3094
3232	3	2850
3114	3	2434
1406	3	1135
3375	3	2236
3182	3	2544
1655	1	3569
425	1	3569
1751	1	3569
2916	3	2687
21	3	72
922	3	1997
2948	2	4053
3351	1	3574
838	1	3568
2121	1	3574
1305	3	695
2521	3	251
2810	3	161
1517	1	3589
2570	3	1435
2283	3	2192
2796	3	2364
2842	3	1719
3221	1	3584
1457	3	1245
1638	1	3569
1630	2	3804
229	3	3428
674	3	292
1412	1	3568
1590	3	3037
1065	3	2352
1530	1	3574
1748	3	658
2555	3	32
810	3	3357
408	1	3569
3456	1	3574
1337	3	3545
1863	3	376
3334	1	3574
2704	1	3592
2976	3	2612
3467	3	2995
2357	1	3622
2628	3	3373
821	1	3568
2104	1	3574
3326	1	3584
17	3	2130
1344	3	2544
1743	1	3569
2216	3	402
2441	3	3169
2796	3	270
2835	3	2729
2704	3	1194
616	3	3026
1588	1	3613
1611	3	3183
1248	1	3602
1816	3	765
2722	3	645
1395	1	3568
1377	3	2264
1587	1	3582
1513	1	3574
2264	3	1908
2362	1	3617
2842	3	564
1641	3	2794
391	1	3569
2317	1	3569
2410	3	123
551	3	964
296	1	3586
2576	3	3561
3140	1	3626
21	3	3239
808	3	1535
3050	3	2981
1002	3	2216
2592	3	2345
1377	3	3203
1593	3	1638
2593	3	2406
1923	3	1611
2087	1	3574
1983	1	3584
1353	1	3602
965	1	3569
649	1	3612
1726	1	3569
3009	1	3575
3489	3	2966
1955	3	2434
1276	3	1279
496	1	3569
1147	3	2454
2810	3	2739
1378	1	3568
1383	1	3769
3422	1	3574
1496	1	3574
374	1	3569
1447	3	3402
1074	3	2271
909	1	3568
988	3	2914
1955	3	3373
2192	1	3574
502	3	1625
1858	3	1033
2934	3	384
3210	3	1972
3261	3	440
667	1	3649
1006	3	292
2616	3	2408
598	3	679
2978	3	2474
2070	1	3574
2663	3	679
2421	3	2450
2014	3	1370
416	3	1487
2558	1	3612
1483	1	3568
345	1	3615
694	3	2578
2106	3	655
3198	3	2398
1177	3	2415
479	1	3569
2312	3	2815
118	3	981
1553	1	3582
2079	1	3574
10	1	3569
2566	3	2688
2652	3	2856
846	3	3128
3272	3	2935
892	1	3568
1512	3	720
2175	1	3574
547	3	3372
2881	3	1450
3398	1	3645
2441	3	270
2624	1	3614
1180	3	1019
157	3	1891
585	1	3630
696	3	1151
1841	1	3589
2089	3	2907
370	3	1701
658	3	251
1447	3	1658
517	3	1667
1016	3	114
2069	3	2404
577	3	2758
2062	1	3574
376	3	1784
1432	1	3592
1852	3	3010
3510	3	1176
2751	3	679
903	1	3619
1534	3	517
2199	1	3637
375	3	3416
1872	1	3581
1360	3	2398
1523	1	3755
3311	1	3604
2524	3	275
2192	3	371
3531	3	945
377	3	475
2362	3	3423
3303	1	3614
2234	3	687
5	3	2815
241	1	3574
702	1	3584
722	3	1881
2746	1	3590
2785	3	460
2780	3	3067
1163	1	3575
703	3	3308
1986	3	2560
2439	3	2995
2729	3	2347
2918	3	3218
96	3	2422
298	3	2895
1102	3	1924
3392	3	599
3407	1	3789
1386	3	2189
3470	3	2816
111	1	3584
3273	3	2191
3547	1	3652
1033	1	3585
1350	3	1546
346	1	3574
1855	1	3581
2441	3	3437
1121	3	1992
1103	3	672
2107	1	3598
2595	3	299
3149	3	1698
1807	1	3589
224	1	3574
999	1	3609
1046	1	3570
3177	3	642
265	1	3637
469	3	295
1146	1	3575
2304	3	1825
13	3	2578
2429	1	3581
1845	3	1337
3153	3	1868
1621	1	3601
1610	3	2256
270	3	2796
2675	3	363
974	3	2376
370	3	1835
2722	1	3661
3011	1	3571
3348	3	3519
1981	3	40
798	1	3574
1620	1	3570
2318	3	2416
2395	1	3605
3104	3	2470
1465	1	3614
1720	1	3575
2838	3	1012
244	3	2574
329	1	3574
540	3	3352
804	1	3600
1640	3	3351
2381	3	27
1056	1	3617
797	1	3671
14	3	3545
2466	3	1073
1568	3	3229
2014	3	699
721	1	3571
1042	3	39
1799	1	3589
100	3	1033
3403	3	63
3004	3	3463
1481	3	2276
495	1	3581
312	1	3574
2968	3	1732
1156	3	635
2497	3	2229
677	1	3749
591	1	3581
86	3	1546
363	3	2441
2012	3	1546
2301	3	1456
2492	3	864
3121	1	3577
3248	1	3600
1376	3	3565
2697	3	2418
2821	1	3568
331	3	2749
1369	1	3590
1087	3	1211
720	3	1698
597	3	327
1876	3	2618
2591	1	3600
3067	3	2794
3487	1	3604
1051	3	1924
900	1	3590
1472	3	367
2398	3	161
2807	3	2434
3314	3	3519
2991	3	250
2956	3	3067
3513	1	3574
1294	3	1698
578	3	2693
478	1	3581
1144	1	3617
2444	3	647
1070	1	3609
1665	3	1381
3039	3	1756
2072	3	543
1922	1	3569
3002	3	2216
3139	3	1761
2804	1	3568
769	1	3569
295	3	1176
1380	3	1641
703	3	1698
1406	3	1082
1544	1	3604
1596	3	2149
1986	3	950
929	3	2627
94	3	3010
3050	3	2794
2685	3	3194
2934	3	2291
1674	3	2327
523	3	1608
687	1	3571
583	1	3581
283	1	3572
2840	3	1224
1691	3	1172
1370	3	3087
2776	3	1637
876	1	3661
2789	1	3649
3496	1	3574
461	1	3581
2579	1	3595
2736	3	2544
2981	3	939
983	1	3568
1457	1	3590
644	3	3072
1905	1	3569
1566	3	827
1495	1	3709
3189	1	3636
2787	1	3568
3453	1	3604
1764	1	3686
229	3	3375
960	3	3002
1379	3	425
1557	1	3568
1006	3	105
2886	3	3002
3175	3	1748
785	3	305
3464	3	1658
566	1	3581
757	3	1372
71	3	1967
142	3	3176
266	1	3572
1088	1	3568
2521	3	548
1729	3	2607
229	1	3679
518	1	3589
2005	3	1751
2117	3	196
272	3	1072
966	1	3568
2892	1	3568
3177	3	3354
3471	1	3584
1140	1	3581
2408	3	363
3382	3	1690
2246	3	505
166	3	2300
2958	3	3458
1291	3	1134
1928	1	3601
3466	1	3568
1540	1	3568
300	3	1147
176	1	3614
1445	1	3585
924	1	3602
2462	1	3569
603	3	1073
3128	3	2167
249	1	3572
934	3	2406
1071	1	3568
290	1	3635
1017	3	2785
359	3	308
1845	1	3572
2428	1	3593
949	1	3568
1176	3	1012
2245	1	3586
2838	3	691
2875	1	3568
3262	3	3060
1645	1	3568
916	3	107
595	3	2022
1475	1	3725
689	1	3591
3390	1	3626
1523	1	3568
2241	1	3574
1611	1	3592
3567	1	3574
3522	3	943
3373	3	131
1901	3	3226
2960	3	2216
1054	1	3568
3414	3	194
2935	3	937
3079	3	384
2699	3	105
511	3	1387
1362	3	2097
2774	3	3174
1828	1	3572
42	3	299
3407	1	3602
1194	3	268
261	3	3168
846	3	2136
400	3	1660
1628	1	3568
1518	3	2434
1992	3	3210
2896	3	1316
624	1	3569
2702	1	3581
704	1	3839
1159	1	3568
3511	3	1194
3184	3	384
1258	3	384
2224	1	3574
603	3	268
1077	3	1044
1696	3	3371
2780	3	3230
1748	3	1089
1037	1	3568
2320	1	3574
468	3	3110
299	3	3472
1344	3	2036
882	1	3612
2920	3	440
3439	1	3655
1109	3	511
2404	3	677
3214	3	3378
777	1	3591
2940	3	3002
206	3	3022
403	1	3574
995	1	3602
367	3	196
2931	3	2406
1142	1	3568
867	3	3221
1911	3	1179
3103	1	3578
2570	3	3155
2207	1	3574
1577	1	3592
1598	3	2495
2929	3	1982
3379	3	3196
1710	3	3013
3129	1	3575
977	1	3574
1738	1	3574
958	3	1664
1741	3	1510
1864	3	2881
2075	3	2434
671	3	2421
2681	1	3569
3168	3	1929
908	3	251
3062	3	1673
135	3	473
1160	3	268
3197	3	3378
432	3	1857
2967	3	0
2485	3	2842
2312	1	3574
386	1	3574
3036	3	2615
1395	3	1012
3266	1	3668
3247	3	1758
3305	3	1447
1408	3	2687
3489	3	3397
3361	2	4085
1975	1	3672
2190	1	3574
2494	3	769
742	3	3226
2561	3	465
2299	3	2501
2594	3	3218
2786	1	3569
3482	3	3468
289	3	2246
960	1	3574
2886	1	3574
2182	1	3584
3557	3	683
1468	3	1909
1679	3	2216
1350	3	1493
2664	1	3569
491	1	3574
1694	3	2838
3199	1	3568
932	3	1068
1116	3	574
1380	3	3548
1977	3	777
2448	1	3617
2195	1	3569
1913	3	102
3320	3	3230
2263	1	3679
443	1	3582
1388	3	2578
369	1	3574
1665	1	3592
2295	1	3574
3294	3	1345
2074	3	84
720	3	2450
297	3	3514
1142	3	3398
2770	1	3600
3298	3	1868
533	3	1492
3366	3	1625
520	3	373
2335	1	3606
362	1	3645
1455	3	1493
1069	3	407
2769	1	3569
943	1	3574
523	1	3627
1721	3	2690
957	1	3590
2445	3	2005
2733	3	1309
657	1	3581
980	3	3160
474	1	3574
870	3	3464
2178	1	3569
3540	3	3312
622	1	3601
1754	3	2410
1374	3	2131
1038	3	2260
2246	1	3679
352	1	3574
961	1	3581
948	1	3569
1872	1	3662
2329	3	2441
403	3	2441
1048	1	3574
3099	3	2275
3183	3	2332
3235	1	3585
3277	3	564
2752	1	3569
2122	1	3587
3527	1	3604
579	1	3574
2405	1	3599
1267	1	3646
2310	3	279
528	3	3136
3211	3	581
280	1	3626
2670	1	3571
1846	3	2398
2509	3	2881
457	1	3574
761	3	769
2508	3	2275
2679	3	1769
3467	3	1816
2149	3	72
3567	2	3829
1197	3	645
86	3	1493
1379	1	3575
1492	3	3261
1577	3	1678
2124	3	692
2789	1	3812
2818	1	3598
1054	3	849
3340	1	3585
497	1	3606
799	3	1854
944	1	3581
2857	1	3569
2567	3	1436
2648	3	2312
1853	1	3570
3234	3	1476
1119	1	3598
1434	3	2612
1045	1	3590
2596	3	986
943	3	1122
1403	3	526
745	1	3581
443	1	3716
562	1	3574
364	3	2416
2735	1	3569
997	1	3598
408	1	3679
2401	1	3584
491	3	2441
2889	1	3622
1221	3	1462
2976	3	2722
3284	3	1761
1740	1	3570
2949	1	3568
2169	3	551
2807	1	3624
2560	3	1857
2854	1	3585
1732	1	3580
2659	1	3627
1103	1	3659
268	3	2560
728	1	3581
158	3	2709
1386	3	526
2149	3	2300
1600	3	3194
1354	3	3086
1547	3	1262
2532	1	3581
138	1	3631
380	1	3580
1016	3	679
1141	1	3580
3054	1	3568
3433	1	3679
3456	3	912
1598	3	3113
1172	3	460
1204	3	1462
2619	1	3574
1133	1	3590
3066	3	1875
2272	1	3604
2648	3	1507
2837	1	3585
493	1	3570
1387	3	937
803	3	1219
2458	3	1750
371	3	1923
712	3	2749
711	1	3581
1654	3	1929
1908	1	3655
2474	3	2978
3061	3	2613
1300	3	3546
2378	3	699
1361	3	2435
751	1	3613
3287	3	745
1573	3	1992
1194	3	3464
3037	1	3568
451	1	3604
502	3	1735
2074	3	2796
3268	1	3789
309	1	3660
2602	1	3574
3115	3	2129
198	3	422
1027	3	2450
2045	3	2286
2953	3	2450
2126	3	1089
2421	3	2560
3062	3	197
668	1	3584
2094	3	2504
2206	3	3022
2469	3	3491
260	1	3618
2556	3	1821
3010	3	1698
152	3	2006
3157	3	1664
161	3	1821
2172	1	3575
561	3	1835
2486	1	3600
2923	3	745
2094	3	3443
781	1	3574
2994	1	3571
3226	3	120
3394	1	3585
3020	1	3568
3095	1	3637
3077	3	2333
3525	3	2722
95	3	3108
265	1	3613
825	3	2129
2768	1	3581
115	3	578
799	1	3581
294	3	1546
1522	3	1262
1534	3	277
1701	3	2230
170	1	3660
2056	1	3601
1986	3	1381
1230	3	3481
3088	3	3371
2376	3	2081
2386	1	3574
3484	3	2434
3546	3	1929
1344	3	694
765	3	268
2736	3	2036
2903	3	3080
2993	3	1698
3125	1	3568
51	3	785
3126	3	292
514	3	2607
2636	3	2216
764	1	3574
1657	3	2408
2630	1	3601
1160	3	3464
2343	1	3604
1194	3	215
2981	3	1370
56	1	3599
564	1	3570
2161	1	3601
1648	3	1812
2943	3	1224
1137	3	1496
2953	3	1645
3463	3	2264
120	3	3232
3	3	3422
3043	1	3600
3210	3	2216
956	3	2156
2039	1	3601
2030	3	2522
2782	3	1017
2369	1	3574
2609	3	1784
1406	3	2802
348	1	3591
109	3	2544
522	1	3604
1000	3	638
1815	3	1486
146	1	3731
3301	1	3643
576	3	2816
207	3	192
641	1	3671
2809	1	3620
2346	3	2254
1671	3	1258
1369	3	229
3525	3	1917
2144	1	3601
2770	3	3459
1631	3	1812
2474	1	3574
3256	1	3568
404	1	3774
735	3	1016
1267	3	2216
2437	1	3681
2953	3	2934
1027	3	2934
1053	3	2375
818	3	1395
1755	3	2254
2352	1	3574
2859	3	3012
825	3	2263
213	1	3585
105	1	3590
1799	3	3237
2909	3	638
1302	3	2603
2839	1	3581
3393	1	3816
1205	1	3600
2831	1	3591
616	1	3681
3437	3	1462
336	3	1215
2457	1	3574
2544	3	1567
1969	3	2828
1889	3	114
984	3	1402
3342	3	345
2116	3	3548
2022	3	799
1018	1	3581
2515	3	2956
908	3	548
2640	3	268
2931	1	3569
1862	3	642
3030	3	2075
1118	1	3586
1403	3	3372
115	3	2001
1383	3	221
636	1	3574
3344	1	3568
2340	1	3569
601	3	257
806	3	3110
3564	3	909
898	3	1641
1884	1	3600
2303	3	1658
1042	3	1088
438	3	547
1123	1	3581
2095	3	3378
1078	3	950
2440	1	3574
119	1	3582
382	3	2434
2866	3	1355
849	1	3569
2099	3	3548
1850	1	3624
1001	1	3581
2422	3	1546
2914	1	3569
1399	3	2418
2358	3	1959
1445	3	1594
2004	3	1121
2850	3	1611
3378	3	1496
1623	1	3573
3522	3	2663
232	1	3572
382	3	3373
501	1	3568
619	1	3574
2545	1	3574
3327	1	3568
2223	3	1193
2980	1	3598
3179	3	389
170	3	3035
51	3	114
767	1	3601
2036	1	3572
922	3	1704
1106	1	3581
3325	1	3840
2690	3	1286
1389	1	3593
3303	3	497
485	3	1797
2981	3	699
2851	3	2022
3272	3	1219
3548	3	2454
1655	1	3626
2610	1	3572
1506	1	3568
1980	1	3590
3098	3	1027
1942	3	107
3431	3	1345
2739	3	2796
215	1	3572
676	1	3582
730	3	1074
3411	3	3094
498	1	3584
1367	3	1924
3206	1	3578
3299	3	132
2380	1	3577
193	3	3037
15	1	3568
1539	3	1671
1816	3	2566
2080	1	3568
2374	1	3679
938	3	2737
2677	3	870
2906	1	3569
3051	1	3622
3485	1	3585
3002	1	3569
1496	3	3378
2194	1	3589
547	3	2006
3268	1	3602
2191	3	1274
2350	3	1753
707	1	3574
1638	1	3626
2072	1	3589
2668	1	3584
716	3	1772
408	1	3626
2695	3	2749
3168	3	266
2189	3	1546
1411	3	813
249	3	2439
2889	1	3569
3434	3	299
2311	3	2132
1977	3	1208
2377	1	3593
3470	3	161
1499	3	2557
1959	1	3578
2537	3	3061
3181	1	3588
2985	1	3569
1357	3	3367
594	1	3574
2659	1	3574
3030	3	465
2117	3	1245
256	1	3611
2917	3	307
2821	3	2545
3282	3	482
2318	3	2794
1068	1	3569
3112	1	3575
1287	3	849
134	3	2347
2012	3	635
3274	1	3637
232	3	2439
2872	1	3569
1698	3	1345
1857	3	2578
1942	1	3578
2764	1	3574
650	3	938
1353	1	3659
504	1	3616
3375	3	3366
1726	1	3626
159	3	3420
1505	3	1243
2288	3	1089
1862	3	3354
21	1	3600
349	1	3660
577	1	3574
2216	3	1748
1173	1	3569
2810	3	2796
3291	3	2720
3480	3	2427
2993	3	2450
702	3	3203
2055	1	3568
2069	3	3266
2036	3	1658
3127	3	1650
1051	1	3569
2334	1	3575
1196	1	3622
1665	3	2914
181	3	1877
74	1	3617
1526	1	3595
2067	3	1875
2697	3	1857
3136	1	3575
582	1	3569
673	3	1176
674	3	2927
950	3	2825
722	3	1804
996	1	3618
1064	3	38
1530	1	3765
3043	3	3459
1925	1	3578
2747	1	3574
3332	3	3369
2899	3	404
1625	1	3569
3098	3	2450
1837	3	1126
3222	1	3600
2330	3	3283
234	1	3568
1917	3	251
2547	1	3570
2656	3	2497
1156	1	3569
479	1	3626
558	3	145
749	3	1626
1993	3	2570
152	1	3570
1591	1	3593
2821	3	1740
2009	3	2165
3332	2	4083
1034	1	3569
1567	3	2038
2417	3	243
926	1	3574
363	3	3169
915	3	3548
3220	3	2076
565	1	3569
3224	3	2246
1513	1	3765
84	3	2956
1779	3	1416
2730	1	3574
2626	1	3584
3317	3	3225
2850	3	2229
1608	1	3569
2141	1	3655
3258	3	2751
2471	1	3628
217	1	3568
1622	1	3585
1913	3	1017
936	3	2563
1139	1	3569
2387	1	3774
392	1	3585
2993	3	1645
2929	3	1304
533	3	2407
2062	1	3631
1300	3	2688
3345	1	3637
3018	1	3581
898	3	3548
1318	1	3756
2232	3	3110
622	1	3577
2410	3	664
3546	3	2815
2167	3	1829
322	1	3568
3223	1	3637
466	3	1398
363	3	2014
2273	3	376
2275	3	1588
93	1	3604
461	3	33
1648	2	3978
2576	3	1658
1469	3	2275
561	3	38
2427	1	3581
1797	1	3599
1384	1	3785
2220	3	3536
2097	3	2165
1971	1	3612
1122	1	3569
2916	3	3362
2229	3	3351
1210	1	3593
3423	1	3590
3379	3	1212
1967	3	1044
2506	3	2748
81	3	693
135	3	1522
2009	3	1360
1937	1	3636
3403	3	3369
85	3	109
113	3	2661
788	1	3584
363	3	2364
396	3	3427
305	1	3568
780	1	3594
406	1	3577
1359	3	3138
934	3	1845
2292	1	3575
1630	3	917
574	3	2446
1998	3	683
1869	3	2612
3142	3	3342
1193	1	3593
720	3	2560
2284	1	3585
3106	1	3581
511	3	2920
3434	3	917
3128	3	2545
3166	1	3584
363	3	270
257	1	3704
658	3	2886
1611	3	475
777	3	2218
1933	3	3138
2399	3	1276
2204	3	917
2560	3	2422
4	3	1686
3506	1	3568
1549	3	1555
2915	3	1422
1989	3	3470
471	1	3575
1016	3	305
2797	3	1006
2976	1	3591
2780	3	1380
3464	3	292
2313	3	384
14	3	2663
3424	1	3627
1285	1	3581
234	3	2785
1908	3	725
2408	3	2030
1166	3	188
2751	3	870
2422	3	204
2935	3	376
3465	1	3690
3558	1	3581
2097	3	1360
2417	3	1666
67	3	1370
2837	3	1594
1625	3	2005
2267	1	3585
3089	1	3581
2557	3	1499
285	3	1381
1674	3	745
1799	1	3646
1458	1	3574
1897	1	3738
1230	3	879
61	1	3675
601	3	204
1042	3	3479
929	1	3601
1595	1	3637
2198	1	3572
2562	3	3214
1268	1	3581
2990	3	471
3107	1	3618
3375	3	951
72	1	3568
2028	3	2286
3546	3	266
3072	1	3581
1891	1	3634
3205	3	3002
3160	3	1988
1381	1	3571
968	3	67
1396	3	2576
377	1	3572
714	3	2432
3472	1	3568
3243	3	677
604	3	2191
3175	3	3549
765	3	2927
1764	3	3281
56	3	1982
1849	3	1698
1922	1	3626
55	1	3568
1464	3	3272
3404	3	1234
250	3	2663
3149	3	2239
3085	3	2652
1585	1	3724
1047	3	3100
2195	3	102
705	3	2422
1613	3	3495
1825	1	3581
2522	3	1821
1056	3	471
1017	1	3601
821	3	3110
1023	2	3909
1045	3	3372
3562	3	548
109	3	1820
3051	1	3569
969	1	3609
1838	3	1195
2100	3	1058
524	3	3210
1136	3	1872
1622	3	1997
1038	3	3443
53	1	3634
1341	1	3898
1505	3	1995
934	1	3572
1905	1	3626
2300	3	102
2006	3	2799
392	3	1997
931	3	2755
3406	3	363
773	3	438
735	3	2736
175	3	2603
879	3	1429
1486	3	3243
926	3	3110
2129	3	2301
3156	1	3569
750	3	561
2524	3	950
1000	1	3601
1660	3	2301
2030	3	3087
559	3	2816
2070	3	2736
2253	3	491
2398	3	2796
2609	3	2349
3034	1	3569
2565	1	3569
2198	3	2439
610	1	3840
3088	3	2192
736	3	1259
2217	1	3568
2328	1	3672
1513	1	3578
354	3	2386
4	1	3571
3139	1	3569
1213	1	3569
143	1	3726
296	1	3590
3244	3	2663
2761	1	3604
1612	3	215
153	3	2177
3017	1	3569
3025	3	1706
2922	1	3586
2909	1	3574
1353	1	3606
3305	3	3464
1787	1	3569
1471	1	3612
2640	3	2927
2322	1	3568
349	1	3607
796	1	3582
2820	3	2236
2821	3	2842
3373	3	3221
254	1	3624
1318	1	3569
1450	3	132
2200	1	3568
501	3	1012
3483	1	3574
1224	3	2030
1270	1	3577
3122	1	3569
1196	1	3569
1769	3	2097
2452	3	1157
982	1	3728
279	1	3590
1731	1	3568
1976	1	3626
3000	1	3569
3044	3	63
403	3	3169
3407	1	3659
2558	1	3616
1790	3	1112
2224	3	1075
2305	1	3568
379	1	3568
1187	3	13
524	3	1250
820	3	308
715	3	658
1301	1	3569
624	1	3626
482	3	345
2677	3	2240
1573	3	2236
1546	3	2189
3	3	1088
1553	1	3586
2183	1	3568
2318	3	1936
1512	3	3168
3105	1	3569
3467	3	2544
215	3	292
1714	1	3568
1125	3	2032
475	3	63
484	1	3568
1917	3	548
415	2	3807
497	3	2717
1784	3	2318
2224	3	1425
255	3	324
511	3	2733
2057	3	2454
2624	1	3618
577	3	1823
1124	3	2001
1387	3	2470
2577	3	141
3226	3	2450
3475	1	3574
2288	1	3568
362	1	3568
2603	3	2582
17	3	2618
1093	3	824
1469	3	344
995	1	3659
1284	1	3569
1935	3	2454
2427	3	33
503	1	3636
2646	3	3312
3543	1	3577
2206	1	3570
3464	3	105
1821	3	2618
2884	1	3574
3439	3	725
843	1	3677
1324	1	3601
936	1	3568
1561	3	3012
3508	3	3531
2876	1	3584
2120	3	95
958	3	1721
1858	1	3569
467	1	3568
1387	3	376
3458	1	3574
1389	1	3569
1894	3	2549
3511	3	3479
2762	3	1721
2946	1	3598
1673	3	497
2271	1	3568
3554	1	3574
328	3	1924
1338	3	687
1524	1	3584
2285	1	3584
3304	3	3342
1267	1	3569
197	3	389
560	1	3644
1900	3	1487
172	3	1009
1109	3	2796
432	3	2853
2050	3	1370
1307	1	3601
2665	1	3657
1233	1	3593
2378	3	1077
1401	3	2815
1637	1	3574
2859	1	3584
3220	1	3589
3556	3	679
2329	3	270
403	3	270
435	3	2417
450	1	3568
988	3	3402
477	3	3086
735	3	3354
300	3	533
1923	3	5
2165	3	2398
940	3	936
1372	1	3569
268	3	1194
2929	1	3598
2852	1	3655
2917	3	2966
3226	3	1645
2492	3	1673
3441	1	3574
1046	1	3574
1875	3	13
109	3	344
549	3	3013
2246	3	241
2429	1	3585
2786	3	2359
492	3	1486
2733	3	427
1369	3	473
987	3	3146
1620	1	3574
2193	3	2856
2234	3	2919
1749	3	2236
433	1	3568
1151	1	3574
869	3	107
2355	3	1000
29	1	3569
3424	1	3574
3369	3	2730
2420	1	3575
2639	1	3636
263	3	2282
3258	3	3182
3416	1	3584
1505	3	869
1400	3	465
212	3	1370
1012	3	432
3136	3	1872
3430	1	3600
745	3	3176
988	3	1658
1725	1	3574
2500	1	3609
531	3	3335
2253	3	2398
1754	3	3406
2877	3	1573
3082	1	3599
1603	1	3574
3076	3	2455
1321	3	1195
1336	3	2981
2835	3	668
3522	3	679
3187	3	115
3071	3	2810
1134	1	3574
2732	3	2594
12	1	3569
3332	3	2995
807	3	1901
591	1	3585
304	3	251
658	3	1089
1379	1	3632
2084	1	3683
2391	3	78
995	3	2684
1482	3	3472
1488	3	869
423	1	3655
39	3	2498
3217	1	3581
1063	3	2441
1708	1	3574
2404	3	63
1004	1	3584
921	3	2497
3333	1	3713
2466	3	2366
2729	3	2835
3412	1	3569
443	1	3773
3184	3	120
3065	1	3599
1586	1	3574
1932	3	1085
1966	1	3617
1117	1	3574
1492	3	1224
2202	3	2422
2618	3	664
370	1	3590
555	1	3702
576	3	161
3074	3	1208
662	1	3609
1759	3	1863
283	3	3464
2982	1	3570
1839	3	988
2115	3	2223
1591	1	3569
2174	1	3590
152	3	1929
2353	3	1221
1947	3	2646
1691	1	3574
2166	1	3600
583	1	3585
2319	3	2935
2614	3	299
1829	3	361
1710	3	2749
1962	3	1399
2560	3	2853
3196	1	3569
1304	3	2484
70	3	1207
168	3	3551
1274	3	250
1188	1	3598
827	1	3612
2279	1	3590
749	3	3480
53	1	3581
381	3	3361
2833	3	135
1574	1	3569
1350	3	879
2646	3	897
3321	3	2647
793	1	3636
1912	3	1679
156	3	5
3079	1	3591
466	1	3580
1006	3	109
440	3	2522
2149	1	3600
2413	3	3237
3260	3	169
1291	3	3232
566	1	3585
2179	3	2318
425	3	1664
1088	1	3572
458	1	3590
45	3	86
664	3	161
2943	3	1147
2162	1	3585
2209	3	1929
1625	3	3375
3179	1	3569
1408	3	3362
1198	1	3645
3512	3	2815
1835	3	1912
2514	3	623
359	3	2406
1601	3	993
98	3	2547
2844	1	3580
546	3	684
2858	1	3596
1625	1	3679
1598	1	3632
2236	3	1751
3374	3	1704
1153	1	3570
3038	3	1480
2362	1	3568
1497	3	2134
3284	1	3569
99	3	2985
2282	3	2590
441	1	3590
2799	3	3168
3056	3	931
3157	3	1721
580	3	465
3512	3	721
2796	3	571
640	3	2855
674	3	943
3162	1	3569
2198	3	292
2886	3	1262
949	1	3572
881	3	299
2404	3	1486
723	1	3571
2181	3	666
1945	1	3581
1414	3	2105
2633	3	2006
798	3	3303
3155	3	1993
554	1	3580
1645	1	3572
3489	3	2917
995	3	1074
582	3	3351
2915	1	3604
3494	1	3620
2645	1	3577
1328	1	3584
1117	3	1660
2345	1	3568
2358	1	3580
3354	3	1006
1322	1	3686
1816	3	2005
2591	3	2040
1354	1	3581
724	1	3599
3267	1	3569
1128	1	3580
3427	3	964
3315	1	3591
424	1	3590
1182	3	2792
2450	3	1012
124	1	3581
2070	3	1878
2005	3	950
2216	3	1992
2919	1	3568
43	3	1997
1146	3	2149
417	1	3661
101	1	3704
3118	1	3696
3407	1	3606
2193	3	1380
1853	3	3002
156	3	3522
1249	3	2461
2016	1	3605
2450	1	3568
3032	3	373
2560	2	3866
2229	3	78
1106	3	1911
1459	1	3581
1446	1	3569
1022	3	2410
2716	1	3601
1890	3	3481
1706	3	969
1720	3	2149
582	3	2196
1011	1	3575
115	1	3571
2041	1	3571
3250	1	3569
3300	1	3756
2983	3	2976
1859	1	3568
2821	3	1045
882	1	3616
2180	3	964
1812	3	91
117	3	2385
362	3	1868
867	3	2286
1934	3	1784
1084	3	1135
1702	3	604
535	3	2029
383	3	1664
2433	1	3568
1442	1	3581
1429	1	3569
3355	1	3569
2944	3	3176
1142	1	3572
1866	3	2613
2288	3	3561
1394	3	252
1073	3	2167
2873	1	3614
3029	1	3574
2835	3	131
1047	3	282
3059	1	3730
300	3	1635
3071	3	2273
748	3	2778
3021	1	3584
164	3	3060
1438	1	3569
2156	3	2904
612	1	3568
75	3	531
1132	3	1328
2374	3	2359
1855	3	2289
1882	1	3600
1713	3	2345
3461	1	3630
2967	3	4
3134	1	3574
2504	1	3592
2306	3	2434
1395	3	1016
2209	3	1258
3011	3	1340
2388	1	3843
3097	1	3681
1194	3	2850
2716	3	1179
2831	3	1250
3012	1	3574
3349	3	2434
3473	1	3584
1359	1	3710
3155	3	3416
2445	3	720
1782	1	3574
3098	3	1889
1421	1	3569
2521	1	3568
294	3	3026
1078	3	68
308	1	3571
465	3	2520
1517	1	3569
2222	1	3620
1565	1	3591
155	3	945
2340	1	3626
1525	3	1161
1409	3	3102
3117	1	3574
1191	1	3574
2487	1	3592
820	3	3183
1260	3	600
604	1	3568
715	3	1089
2300	3	1017
1059	3	2434
1183	1	3584
2353	3	95
1309	3	1784
2874	3	2886
2035	3	3264
398	3	3174
748	1	3590
2692	3	2940
1261	3	2145
1765	1	3574
3375	1	3617
2357	1	3602
2931	3	2544
1404	1	3569
3351	3	3226
3424	3	2628
1059	3	3373
1178	1	3568
574	3	2690
1296	1	3574
2888	3	1033
50	3	2419
174	1	3569
1009	3	2714
766	1	3597
1072	2	3914
1784	3	2749
3483	3	2142
1444	1	3601
533	3	1846
2339	1	3574
3100	1	3574
1336	3	1989
1048	1	3578
1870	1	3574
3092	1	3584
1274	3	63
1924	3	2786
2699	3	2821
868	3	151
2122	1	3591
2785	3	2989
3044	1	3592
402	3	1250
919	1	3619
50	1	3662
1161	1	3568
1279	1	3574
3318	3	1762
157	1	3569
932	1	3604
302	1	3622
3121	1	3574
3044	3	1194
2906	1	3626
3457	1	3591
1449	3	3110
2710	1	3607
3532	3	1986
3083	1	3574
944	1	3585
972	1	3636
570	1	3568
1716	3	1658
1853	1	3574
3443	3	13
36	3	3467
3557	1	3569
1055	3	2398
438	3	3182
1337	1	3613
871	3	1785
563	1	3639
2449	1	3580
414	1	3581
3149	3	1194
304	3	548
1144	1	3568
3387	3	2283
1262	1	3574
1166	3	1721
1068	3	131
140	1	3569
1613	3	2450
3184	3	1006
582	3	2814
32	1	3574
1111	3	861
1827	3	2674
2917	3	3397
480	1	3610
3215	1	3594
3509	1	3705
3537	3	668
285	3	2914
955	1	3636
712	3	1464
1836	1	3574
2979	3	38
3289	1	3613
3540	1	3569
2983	3	561
920	1	3599
1984	1	3601
3216	3	695
245	1	3569
397	1	3581
451	3	3146
3486	3	2032
1982	3	2980
2706	3	3459
1213	1	3679
1890	3	2005
2937	3	72
211	1	3593
818	3	2070
700	3	1654
1941	1	3574
2723	1	3568
2728	3	432
2935	3	3198
377	3	105
1221	3	2755
2791	3	897
1432	1	3572
89	1	3593
2347	3	3340
1715	1	3584
711	1	3585
2730	3	2038
1202	1	3930
951	3	105
3311	1	3584
1989	3	1754
0	3	3183
2252	3	2223
3193	3	797
599	3	2359
1051	1	3626
2688	3	2853
120	3	3102
601	3	3026
1073	3	691
3301	3	3209
1765	3	1256
1483	3	3378
3392	3	1679
451	1	3608
720	3	1194
1350	3	1176
3515	2	3989
194	1	3593
996	1	3675
1662	3	2273
2898	3	3463
3238	3	1784
1197	3	1133
54	3	979
2275	3	2450
258	3	3226
2989	1	3580
3044	3	1678
1625	1	3626
3324	1	3584
2342	3	1601
2775	3	958
160	1	3617
105	3	3183
2805	3	3366
3470	3	2796
1453	3	1673
2365	1	3624
1006	3	1345
7	1	3574
782	1	3609
1801	3	3367
3102	1	3570
2429	3	3257
299	1	3593
2330	3	307
1779	1	3679
492	1	3668
2633	1	3570
926	1	3631
1853	3	1660
2896	3	2422
3020	1	3572
3094	1	3580
3239	1	3633
2452	3	2556
581	1	3574
1356	1	3609
1403	1	3570
2465	3	878
3308	3	114
22	1	3637
1621	1	3581
1608	1	3626
257	1	3627
2641	3	2646
2952	3	1992
1262	3	1660
3124	3	3237
3496	3	2969
1756	1	3596
435	1	3636
1970	3	3540
2451	3	3464
282	1	3593
2320	3	1528
2722	3	1243
3065	3	1982
3564	3	2873
1232	3	365
464	1	3569
1869	1	3586
136	3	1835
2895	1	3577
564	1	3574
1386	1	3570
2275	3	1645
152	3	266
3043	1	3604
3262	1	3665
824	3	2816
744	3	102
2202	3	1698
1264	1	3570
2001	3	3532
551	3	2501
1799	1	3569
648	1	3604
887	3	3281
2574	1	3604
3035	1	3614
3246	3	3392
1747	3	626
3523	3	1069
2235	3	1418
1942	3	1721
2652	3	2165
2709	1	3619
2271	3	1280
1135	3	2347
3372	3	765
1845	3	3545
3434	3	3068
740	1	3619
2974	1	3591
2451	3	96
447	1	3569
1098	3	2454
2927	3	114
1847	3	604
2578	1	3568
3362	1	3828
561	1	3590
1363	1	3672
2291	1	3571
2556	3	1370
349	3	2180
553	1	3600
2631	1	3612
127	3	2175
3406	3	2030
3348	1	3587
2036	3	105
3507	1	3713
2188	3	2190
519	1	3624
1387	3	270
1689	3	135
3294	3	2451
2652	3	3454
470	1	3571
1160	3	2663
430	1	3569
1593	1	3637
879	3	63
2731	1	3590
1865	3	405
2875	3	666
1696	3	1578
2892	3	1955
1683	3	459
3279	1	3574
2387	3	3257
2263	3	135
244	1	3581
3247	3	1709
2005	2	4004
2126	1	3574
502	3	1068
2994	3	1294
1534	3	765
2555	3	2053
1623	3	1395
3242	1	3681
1359	1	3657
1018	1	3585
1065	3	1929
3293	3	2548
3523	1	3601
1370	3	3067
1862	3	646
2458	3	1433
535	1	3569
1118	1	3590
2085	1	3639
469	3	1698
2570	1	3568
2762	1	3582
1148	3	2308
2198	3	1073
2422	1	3571
3513	3	3226
2529	3	3551
1892	3	257
3344	1	3572
1906	1	3610
438	3	2995
2009	3	1551
2514	1	3586
2758	3	2145
615	1	3614
1214	3	2337
1049	1	3577
2666	3	63
3561	3	2288
547	3	2815
749	1	3568
3432	3	3110
1140	3	3257
1046	3	1262
95	3	2441
2619	3	2929
2488	3	1747
1823	1	3581
2914	1	3573
1399	3	2422
3113	1	3701
1259	3	1072
518	1	3569
1293	1	3604
1392	3	2110
2553	1	3568
1997	3	813
512	1	3671
1624	3	493
2023	3	254
2688	3	438
2721	3	3191
3225	3	529
2421	3	3182
878	3	2816
1109	3	946
2397	1	3581
2319	3	2695
1106	1	3585
1626	3	1288
2328	1	3595
135	3	3002
2211	1	3593
732	1	3568
3092	3	194
2763	1	3619
2805	3	951
3184	3	3149
2056	3	3357
2037	3	1784
2510	1	3571
3241	3	827
1622	3	1704
1492	3	2273
250	1	3613
1425	3	325
3432	1	3572
2536	1	3568
2132	3	1178
2993	3	1381
3127	3	581
3133	3	3287
1306	1	3568
2097	3	1551
3350	1	3574
696	3	1883
2748	3	363
302	1	3569
837	1	3568
371	3	1740
2080	1	3572
2051	3	1062
342	1	3601
1611	1	3572
715	1	3568
2465	3	1846
2239	3	1845
3131	3	1690
2191	3	1278
1797	3	964
2665	3	3142
2623	3	2647
1123	1	3719
3375	3	1142
2594	1	3580
74	3	2779
1677	1	3601
1289	1	3568
161	3	699
1186	3	494
1179	3	2434
1667	3	3226
373	1	3593
820	1	3568
2259	1	3591
2584	3	3026
2814	3	742
3249	3	2456
643	3	1414
3243	3	3312
2177	1	3593
3349	3	3215
860	1	3600
1522	3	140
1877	1	3584
2746	3	1924
1603	3	1770
3470	3	3548
3541	3	785
3251	1	3606
256	1	3615
2978	1	3644
3131	3	2979
984	3	3179
2468	1	3581
255	1	3584
3087	3	640
1990	1	3574
54	3	2081
900	3	2571
2058	3	2438
1880	3	942
582	3	78
2764	1	3578
2142	3	1733
2956	3	1221
940	3	2603
242	1	3757
551	1	3581
1773	1	3591
2418	3	524
658	3	3561
1577	1	3572
785	3	2647
3304	3	2915
1204	3	824
988	3	2036
543	1	3591
2994	3	3060
90	3	3438
169	1	3574
2975	1	3660
1747	3	3472
1270	1	3634
421	1	3591
3122	1	3626
1643	1	3601
3459	3	1322
1973	1	3574
2795	1	3570
2384	3	2032
735	3	2927
2692	3	2216
3456	1	3769
1533	3	951
266	3	2927
2700	1	3617
3522	1	3613
2447	1	3569
379	1	3625
1215	3	2622
328	3	2786
3369	1	3570
1156	1	3573
578	3	2136
1993	3	2574
3547	1	3579
152	1	3574
3327	3	695
1342	3	1719
2041	3	344
444	1	3593
592	2	3845
1856	1	3569
2812	3	2851
3105	1	3626
3258	3	1816
2989	3	540
104	1	3582
1956	1	3574
270	3	1784
2221	3	1373
639	1	3581
626	1	3569
2552	1	3569
2914	3	2544
3239	1	3580
2842	3	3203
726	1	3574
1608	3	2680
1948	1	3584
22	1	3584
2770	1	3580
3475	1	3631
1063	3	3169
3552	1	3574
2430	1	3569
3182	3	1345
257	1	3574
1086	3	13
1577	3	3402
1600	3	2690
3076	3	1089
809	1	3600
17	3	2675
1172	3	2989
765	3	2663
1284	1	3626
3480	3	1626
3060	3	1345
135	1	3574
2108	3	2672
2562	3	1795
3234	3	3200
1913	1	3577
38	3	1690
622	1	3581
1261	3	3060
2535	1	3569
322	1	3572
1727	1	3589
2116	3	3365
709	1	3574
2825	3	3203
2753	1	3580
797	1	3598
167	1	3616
2432	3	1805
3462	3	1245
2801	1	3602
2413	1	3569
2512	3	2075
240	1	3574
2291	3	2275
2948	1	3568
3054	3	1797
786	3	365
1267	1	3626
2301	1	3589
2761	3	1747
118	1	3574
3325	1	3644
3517	3	3209
2743	3	1336
1890	3	2786
469	3	2450
944	3	813
2783	3	3237
1476	3	114
2081	3	3160
3220	1	3646
1911	3	2582
1577	3	1658
2720	3	1812
2780	3	95
2644	3	2122
2518	1	3569
493	2	3826
1073	3	1122
305	1	3572
3032	3	465
3440	1	3570
1514	1	3570
1820	3	1432
3277	3	2422
492	1	3749
406	1	3581
1362	3	2695
223	1	3574
2353	3	3238
3215	3	849
370	3	957
1461	3	2094
2524	3	1625
1186	3	1112
1927	1	3569
136	3	38
2620	3	3123
2623	1	3569
697	1	3569
2732	1	3568
2916	1	3828
1440	3	985
3305	3	2850
692	3	587
1493	3	63
1834	3	135
1579	1	3568
1278	3	3026
1536	3	3237
1798	3	3100
1187	3	1493
2501	1	3569
1930	3	1280
1063	3	270
663	1	3593
375	3	2672
1425	3	2582
1671	3	2498
3107	3	1440
3252	3	1493
133	1	3616
106	1	3569
331	3	1521
2462	3	964
3244	3	204
958	3	1912
1077	3	2581
2942	1	3619
3036	3	1924
2267	3	252
2531	3	3226
948	1	3683
1203	1	3644
980	1	3578
634	3	2022
680	1	3569
2085	1	3586
2351	3	3136
3381	1	3604
3402	3	63
276	1	3570
2280	1	3574
1926	3	2399
796	3	920
973	1	3649
968	3	2165
3227	1	3709
2125	1	3618
3202	1	3575
2239	3	1658
1936	3	376
773	3	308
6	3	2835
89	1	3569
2416	3	1414
3488	3	6
2558	3	15
2742	3	275
3320	3	95
2330	3	2966
1850	1	3575
3460	1	3618
1534	3	2001
1708	1	3631
1681	1	3584
2616	3	3087
1334	1	3614
3550	3	440
3412	1	3626
1455	3	802
259	1	3570
371	3	2842
451	1	3584
1889	3	765
3360	3	2935
779	3	920
477	1	3581
807	3	2308
3138	1	3614
1819	3	2091
624	3	964
3212	1	3622
1795	3	2563
3227	3	3381
3287	3	1664
2080	3	1522
2512	3	465
30	3	2545
129	1	3580
722	3	2776
1030	3	95
2803	1	3568
2656	3	86
143	1	3596
2955	1	3580
3372	3	1546
305	3	1658
442	1	3574
1291	1	3617
2368	1	3574
206	3	371
2672	3	3243
2843	1	3600
2856	3	2749
1621	3	809
2139	3	1993
2633	3	1929
1623	3	1476
1471	3	1111
1505	3	1060
2767	3	1883
120	3	1923
968	3	1360
2287	1	3637
2557	3	1637
870	3	679
1416	3	251
2238	1	3584
1057	1	3637
2252	1	3600
2931	3	694
164	3	405
547	1	3574
2380	3	2820
468	3	1748
2303	3	215
1574	1	3626
2534	1	3581
2351	1	3574
2630	1	3581
304	1	3779
1896	1	3609
2018	1	3620
3360	3	2130
1583	3	3308
341	3	3365
2367	3	2404
1645	3	1447
462	1	3817
2407	3	363
1921	1	3575
2696	1	3610
2887	3	647
530	1	3574
1602	3	1656
1852	3	1006
2130	3	3261
1967	3	1077
1425	3	1911
2268	3	1147
330	1	3570
14	1	3613
691	3	2693
2517	1	3581
252	3	3438
744	3	1017
2498	3	1671
576	3	2796
1079	1	3619
2853	3	671
2927	3	679
786	3	1333
998	1	3671
1879	1	3609
3344	3	2736
2306	3	1068
3102	3	343
2135	1	3574
2695	3	17
2629	3	1893
1403	3	1124
3202	3	2792
686	3	2267
1700	1	3580
214	1	3596
2922	1	3590
2586	1	3719
92	3	3113
534	3	2830
2622	1	3581
696	1	3581
513	1	3574
1288	1	3609
1645	3	292
554	1	3637
1324	3	1854
3122	3	2680
1570	1	3590
2392	1	3586
1171	3	647
3483	1	3578
532	3	305
1462	3	1224
1788	1	3601
2118	1	3574
721	3	1694
2178	3	2684
1386	3	1124
3125	1	3682
2943	3	399
908	3	3561
816	3	2586
2616	3	2416
1657	3	2522
292	3	63
805	3	2134
1502	3	1812
359	3	1658
2694	3	3348
537	1	3637
1123	3	1594
981	3	2404
1526	1	3896
3143	3	382
2796	3	2856
3005	1	3568
1553	1	3590
3447	3	914
1193	3	854
373	3	1468
3375	3	1573
3422	3	1534
807	3	2576
1775	1	3568
1474	3	3026
2950	1	3617
1633	1	3624
784	1	3581
3006	3	1776
1194	3	679
2034	3	362
4	3	564
63	3	2758
484	1	3572
3290	1	3658
3317	3	3176
2633	3	1258
268	1	3620
1701	3	600
2367	3	444
886	1	3843
1958	1	3599
1093	3	3272
2630	3	913
2288	1	3572
2643	3	1679
3110	1	3568
3039	3	1496
3497	1	3570
2658	3	611
2106	1	3569
3355	1	3626
1478	3	163
1694	3	671
2922	1	3724
293	1	3586
2206	1	3574
2988	1	3568
889	1	3581
3464	3	109
2826	3	373
1236	1	3581
2846	1	3624
2751	3	687
767	1	3581
2680	1	3569
1872	1	3589
420	1	3611
612	1	3625
3489	3	75
3562	1	3568
2020	3	471
2078	3	914
1541	1	3585
438	3	1816
1031	3	2258
1057	3	1699
1856	3	155
3093	1	3568
3127	3	1146
1341	1	3581
2163	1	3577
2089	1	3569
1638	3	2363
411	3	3061
872	1	3581
1706	3	221
538	3	1040
1003	3	645
85	3	2504
1124	3	261
1749	3	951
2367	3	2672
3057	3	1883
3051	1	3602
2663	1	3569
63	1	3570
1160	3	679
846	3	1742
1272	1	3568
195	3	1240
484	3	1150
1421	1	3626
1746	1	3590
2434	3	325
2464	3	2733
1892	1	3704
3559	1	3584
3003	3	1993
1355	3	2330
1310	3	1316
1394	3	2537
3076	1	3568
456	1	3598
2539	3	3358
1712	1	3614
2441	3	2856
3259	1	3575
2072	1	3569
1995	1	3626
2817	1	3622
516	1	3601
1721	3	1812
2923	3	188
1085	3	1932
1140	3	3367
1093	3	3406
555	1	3572
1769	3	491
2855	3	1370
1391	3	3131
2976	3	2649
1437	1	3571
986	3	3472
629	1	3591
3088	3	2814
2913	3	117
943	3	2927
1686	3	2714
2186	3	1767
1266	3	3342
3344	3	3354
363	3	571
1695	1	3614
2229	3	2497
3430	1	3604
980	3	188
1391	3	3481
1829	1	3568
1972	3	2482
3301	3	1843
2736	3	2418
2751	1	3569
2418	3	1089
1690	3	1924
2189	3	2815
973	1	3596
2425	1	3574
127	3	325
2782	3	460
834	1	3569
3004	3	438
2853	3	2578
2999	1	3574
444	3	2915
2304	3	3472
2239	3	2544
2638	1	3569
2052	2	3984
2336	1	3647
512	3	2672
597	1	3672
2437	3	2820
2530	1	3574
198	3	3382
243	1	3569
2973	3	1735
128	3	1089
864	3	974
824	3	161
950	3	2805
1626	1	3580
2408	1	3574
1989	3	2616
1939	1	3574
817	1	3569
2454	3	2796
1233	3	3373
1629	1	3719
0	3	1012
212	3	3013
2227	3	1025
2308	3	1901
2982	1	3574
3128	3	2041
2621	1	3569
1289	3	1280
1574	3	1576
2513	1	3574
576	3	3548
872	3	2606
1809	1	3584
939	3	3056
1391	1	3569
2166	1	3604
1588	3	2167
2704	3	1365
0	1	3568
1136	3	884
533	3	2037
2367	3	1062
2658	2	4037
3011	3	3170
969	3	1913
245	1	3626
205	1	3624
3255	3	2622
57	3	2889
1804	1	3568
2561	3	2299
551	3	1135
1635	3	3067
1696	1	3573
3158	1	3619
800	1	3569
945	1	3622
1596	3	2507
508	3	1697
692	1	3574
2972	3	3549
3187	3	2697
1258	3	2352
2041	3	2198
2362	3	3110
2979	1	3590
3528	1	3624
2496	1	3574
1749	1	3590
611	1	3637
1374	1	3569
2707	3	3352
2924	1	3639
2515	3	2749
3553	1	3590
1853	3	428
2562	1	3603
3070	1	3574
2498	3	679
3111	1	3637
931	3	3056
783	1	3569
1546	3	2006
1901	3	1006
1752	3	194
2154	1	3599
2784	1	3581
675	1	3574
1124	3	879
2962	1	3590
2275	3	63
2143	3	366
1751	3	1072
2330	3	3397
2479	1	3574
2842	3	2963
1017	3	1854
641	1	3598
3175	1	3753
723	3	3463
694	3	305
1445	1	3593
1249	1	3574
1484	3	3463
1611	3	105
888	1	3569
2735	3	777
324	3	3312
1948	3	3390
2100	3	2648
2828	3	2722
2145	1	3589
906	1	3774
1821	3	2435
854	1	3593
1945	1	3585
278	3	3176
658	1	3574
95	3	3169
1408	1	3828
1495	3	2985
96	1	3702
1769	3	1109
930	3	1487
2086	3	2407
2138	1	3660
2654	1	3624
2004	3	1853
2645	1	3581
3174	3	1701
3167	1	3568
1422	3	2802
109	3	1316
1941	1	3765
50	3	3094
2637	1	3591
2836	3	1546
2566	3	765
3375	1	3570
1054	1	3576
1246	1	3590
138	3	1620
3079	3	2836
2155	1	3636
2977	1	3632
2650	1	3576
764	3	2018
435	3	1295
56	3	2767
2750	1	3581
2016	1	3609
2450	1	3572
1820	1	3590
2089	3	984
237	1	3575
54	1	3568
1769	3	2398
2618	3	2441
1482	3	3155
1411	1	3593
2233	1	3589
3324	1	3581
118	3	347
2090	3	2529
3320	3	3104
1264	3	2919
1403	3	266
2544	3	3372
1055	3	2134
469	3	2560
929	1	3581
3382	3	1243
1365	3	120
1659	1	3568
1269	1	3622
2163	3	3062
75	3	2629
2557	3	3357
1224	1	3574
120	1	3570
1291	3	687
520	1	3584
1803	1	3590
2046	1	3570
1469	3	295
1069	1	3618
2110	3	1130
228	3	1712
1442	1	3585
3255	1	3568
695	1	3601
2773	1	3613
921	3	86
1027	3	2995
744	3	1448
2216	1	3589
1516	3	1195
2319	3	2618
1386	3	266
2333	3	1546
3174	3	1835
178	1	3609
3273	3	268
1434	1	3568
95	3	270
2657	1	3639
1767	3	370
949	3	723
1207	1	3574
2485	3	2850
3134	1	3578
15	3	3191
1486	1	3581
2688	3	2239
2695	3	1387
2835	3	485
418	3	1068
583	1	3618
951	3	2874
1975	1	3680
1956	3	1770
2461	1	3805
3540	3	1092
2872	3	964
1906	3	1111
1987	1	3604
884	3	1835
3218	3	1812
676	3	1111
2678	1	3785
1588	3	691
1086	3	1546
2077	3	3234
1447	3	3252
2783	3	3481
3221	1	3568
2993	3	3182
1753	1	3624
2817	1	3569
1464	3	2097
1853	3	1046
3076	3	3561
1059	3	2438
981	3	2835
1461	3	1399
2827	1	3637
666	3	1040
3143	3	813
700	1	3572
1896	2	3995
3061	1	3596
501	3	2736
2300	1	3577
848	1	3599
2285	3	174
774	1	3591
652	1	3580
437	3	3149
1913	3	460
1067	3	879
2642	3	3392
3136	3	884
3558	3	2586
71	3	2943
3007	3	1706
799	3	3017
1088	3	2927
2178	1	3577
3495	3	2498
3272	3	341
2865	3	72
336	3	471
1966	3	2167
2800	1	3569
2123	1	3626
84	3	2749
55	3	345
254	3	1637
3317	3	574
2832	3	702
283	3	1187
1024	1	3644
1025	1	3705
2355	1	3672
2618	3	1770
2434	3	1911
949	3	268
3102	2	4066
1983	1	3568
57	1	3568
2438	3	2434
1222	3	2124
1427	3	813
2648	3	1381
2209	3	807
979	1	3569
3423	3	1416
3057	1	3581
828	3	120
491	3	571
497	1	3614
1272	1	3649
1635	3	3230
1766	1	3585
2783	1	3569
2155	3	917
631	1	3568
570	1	3572
1392	1	3568
2675	1	3574
2747	3	945
2885	3	3348
2919	3	2543
3075	3	251
1804	3	1333
2520	3	3146
258	3	3096
1106	3	2533
1966	1	3568
2629	3	714
1000	1	3715
3545	3	2352
1855	3	683
962	1	3569
2226	3	1722
480	1	3614
2387	3	1704
646	3	1816
2766	1	3569
2854	1	3593
772	1	3633
2658	1	3574
3284	3	1180
1536	1	3569
1486	3	1263
2081	3	1444
3020	3	105
1426	3	2435
145	1	3568
749	3	2492
1367	1	3578
2918	3	974
3182	3	1857
1067	1	3569
3281	1	3627
1068	1	3630
3112	1	3636
1949	1	3568
2779	3	1701
585	1	3614
2308	3	2198
3246	1	3590
2871	1	3569
945	1	3569
2802	3	444
700	3	1658
1941	1	3578
3244	3	3026
2120	3	3108
377	3	109
11	3	2347
2041	3	2145
2376	1	3602
131	3	3373
2389	1	3614
314	3	2273
1006	3	2504
1760	1	3636
2504	3	1658
2641	1	3574
2084	3	623
487	3	2434
611	1	3584
2537	1	3584
2466	3	1512
2388	3	1909
2820	3	2350
3563	1	3575
128	1	3568
2829	1	3603
3126	3	3549
1050	1	3569
2334	1	3636
468	3	1992
1932	1	3568
3111	1	3584
94	1	3592
2790	3	1809
2384	3	2089
3229	1	3590
352	3	325
702	1	3568
1463	1	3568
1623	3	2070
716	1	3584
1507	3	1567
233	1	3568
1462	3	2273
1939	1	3655
561	3	904
2487	3	1658
2749	3	1521
2520	1	3584
485	1	3585
2510	3	401
111	1	3568
749	3	1687
1007	3	1955
2675	3	2441
3547	1	3636
1573	3	2350
3221	3	849
1033	1	3569
3473	3	465
1074	1	3632
2816	3	436
255	3	3471
3394	1	3593
3359	2	3781
1667	3	384
2633	1	3574
2656	3	3497
2860	3	1772
2552	1	3626
626	1	3626
1403	1	3574
357	3	2979
2795	3	345
3104	3	1224
103	3	1180
110	1	3665
216	1	3568
1754	3	2097
2779	3	1835
2877	1	3601
1361	3	699
3207	1	3574
285	3	3402
1873	1	3602
2143	3	1602
2100	3	501
812	1	3574
656	1	3614
2718	3	724
322	3	1073
2815	3	384
2677	1	3570
1836	3	1664
55	3	963
2724	3	750
673	3	432
937	3	2652
2482	3	2521
2895	1	3581
3091	1	3600
1386	1	3574
2872	3	3221
532	3	2993
558	3	2434
3087	3	1224
3305	3	679
3385	3	949
3090	1	3569
199	1	3568
162	3	691
339	3	2137
3190	1	3574
268	3	3402
2219	3	2991
695	3	53
1169	1	3591
2186	1	3575
2477	3	3259
874	1	3783
1966	3	691
795	1	3574
61	1	3602
3510	3	2450
805	3	2378
3334	3	3067
1087	1	3593
1845	3	3549
2660	1	3570
2701	1	3633
507	3	1872
1269	1	3569
1669	1	3583
2518	1	3626
232	3	890
2848	1	3599
2854	3	716
331	3	2733
1033	1	3703
1369	1	3574
665	1	3584
2144	1	3609
2191	1	3570
2578	1	3572
2591	1	3584
1187	1	3571
663	3	3373
900	1	3574
2700	3	821
3141	1	3679
553	1	3604
2584	1	3655
2361	1	3589
2665	3	784
423	3	2957
1063	3	3360
322	3	268
1156	3	2497
3526	3	2707
1472	1	3661
2983	1	3581
1474	1	3574
3500	3	2895
1731	3	455
1134	3	3226
3028	3	1641
1252	1	3569
2657	1	3586
2292	3	649
51	3	3371
2312	3	384
3534	3	3400
1352	1	3574
295	3	1160
3240	3	91
618	1	3602
3403	3	2275
2990	2	3714
2728	3	115
3096	1	3571
2007	3	2982
883	1	3574
2934	3	2275
3355	3	1472
136	1	3590
1358	1	3600
1064	3	1872
1576	3	1438
388	1	3607
1357	1	3569
3428	3	2005
2864	3	3365
1673	3	745
502	1	3628
1457	1	3574
3020	3	1073
3232	3	687
1650	1	3649
1906	1	3614
2408	3	2441
3381	3	1263
2157	1	3570
2716	3	1480
2665	3	3012
2706	1	3604
564	3	725
2706	3	1987
3079	1	3571
592	3	2113
3304	3	557
2391	3	192
866	1	3574
1577	3	1849
2853	3	2688
1619	3	2165
531	3	1355
1823	1	3585
1776	1	3624
3429	3	2416
3172	3	310
3375	1	3568
1340	1	3569
2628	3	3304
3370	2	3969
1454	1	3590
619	1	3582
3137	3	273
2193	3	2165
2416	3	1821
1154	1	3581
939	3	2816
3519	1	3590
2367	3	3266
1212	1	3671
2439	3	564
877	3	3142
882	3	3343
785	3	2167
2677	3	2972
1928	1	3585
2807	3	3491
773	3	1654
2836	1	3570
115	3	265
2945	1	3569
1292	1	3705
2495	3	2969
3105	3	964
78	3	725
674	3	1512
2444	3	1704
2628	1	3581
521	3	2223
2728	3	249
1323	1	3569
2098	1	3604
142	1	3622
2502	1	3585
3183	3	1698
1261	3	3385
2128	1	3568
1498	1	3586
861	3	3173
1137	1	3581
2585	3	2347
2639	3	3176
3313	1	3685
2915	1	3584
3291	3	2594
2568	1	3614
1719	1	3571
1089	1	3589
1911	1	3585
2510	3	2308
453	1	3709
715	1	3572
85	1	3590
1192	3	2618
2488	3	3390
2833	1	3586
620	1	3589
1081	1	3599
620	3	1972
1711	1	3581
197	2	3744
367	3	1924
2968	1	3601
2647	3	1072
2280	3	1559
525	3	299
927	1	3704
2302	3	3049
2111	1	3568
2698	3	58
1062	3	2628
1555	3	813
1120	1	3581
2462	3	2444
1588	3	1122
820	1	3572
2898	1	3584
1394	3	2915
2677	3	2167
1702	1	3571
1160	1	3613
1339	3	1244
1555	3	1752
860	1	3604
3446	1	3568
630	1	3636
466	3	2427
3070	3	1286
1934	3	2353
981	3	3266
1290	3	3090
2186	2	4014
2858	1	3710
3	1	3571
3131	3	2983
738	1	3604
3297	3	1112
3423	3	3002
2094	1	3568
1552	1	3610
3463	3	207
247	1	3598
679	3	2422
1612	1	3613
3038	3	2533
3064	1	3591
695	1	3577
2087	1	3639
2234	3	268
2130	3	1224
1012	3	3258
66	3	1285
1245	3	3392
633	3	2286
843	1	3604
647	1	3585
2499	1	3577
2803	3	772
2199	1	3568
3449	3	349
1759	3	17
1387	3	303
501	3	1073
1195	1	3569
1425	3	3257
1932	3	2622
3075	3	2776
3077	3	3443
770	3	1804
1243	1	3591
3005	3	130
655	3	2661
2795	1	3574
3446	3	2459
1221	3	3056
1124	3	773
737	3	2434
1972	3	3210
3522	1	3617
187	3	2722
527	1	3626
3339	1	3610
2920	3	2652
3369	1	3574
2665	1	3584
3182	3	3443
1224	3	2441
1138	3	2273
289	3	2230
1931	1	3612
644	1	3601
2182	1	3568
2268	3	399
2523	1	3640
3332	3	344
344	1	3592
1429	3	1686
1127	3	1821
254	3	3357
1996	3	3498
1300	3	818
2222	1	3600
1417	2	3954
743	1	3575
2275	3	2751
639	1	3585
2353	3	3108
565	1	3577
2778	1	3574
3209	3	2912
2540	3	279
2770	1	3584
511	3	2794
36	2	3650
271	3	1613
361	1	3568
1366	1	3628
1151	3	945
3252	1	3569
1276	3	2983
809	1	3604
1631	1	3600
3352	1	3574
2106	1	3626
950	3	1089
820	3	1658
340	1	3604
492	3	2352
957	1	3574
1387	3	3470
1913	1	3581
2105	3	1224
371	3	484
1771	1	3637
1444	1	3581
2680	1	3626
3127	1	3601
3240	3	3287
2301	3	3481
1531	1	3574
440	3	1965
305	3	2333
187	3	1917
2801	1	3606
2821	3	4
3235	1	3569
1062	1	3574
2948	1	3572
3035	3	2672
3335	1	3574
672	3	2977
2866	1	3574
3228	1	3640
1797	3	647
359	3	1849
2875	3	1772
2233	3	3529
2706	3	1800
3087	3	1521
2779	3	38
808	3	2434
932	1	3584
2418	1	3568
1748	3	402
47	3	2415
2818	1	3582
1296	3	3226
2010	1	3602
2104	3	762
3340	1	3569
2631	3	1007
2591	3	194
3210	3	2521
3335	3	587
1514	1	3574
3440	1	3574
1555	1	3637
3403	3	344
3258	1	3571
525	3	917
1119	1	3582
1734	3	161
1045	1	3574
3218	1	3569
3004	3	1300
2836	3	3079
285	3	2544
1055	3	2378
1972	3	1250
1763	3	465
3433	1	3645
857	3	393
2072	1	3626
2849	1	3574
1310	3	2312
3420	3	2572
234	3	1854
1290	1	3662
2086	3	1846
2401	1	3568
2841	1	3584
3506	1	3576
2298	3	1403
603	3	870
3323	1	3569
566	3	1330
2773	3	2240
3168	1	3613
910	1	3568
359	3	105
2053	3	32
1028	1	3574
2171	3	1202
2566	3	204
3079	3	2275
3537	3	1803
1124	3	2546
1984	1	3581
2835	3	6
2078	3	3549
2511	1	3769
2261	3	2449
1606	3	3440
391	1	3663
1029	3	1782
1502	1	3569
2085	1	3590
2692	3	960
1168	1	3611
319	1	3568
1602	1	3574
3183	3	2450
3450	3	2533
978	3	517
3377	3	687
3502	1	3588
3306	1	3569
1101	3	1709
2147	3	687
2076	1	3569
2589	3	3269
651	1	3619
1678	3	687
3225	1	3632
494	3	3278
785	1	3573
1126	1	3645
1172	3	1383
2512	3	2563
2899	3	91
1160	3	870
2489	1	3568
249	3	2260
262	3	3026
385	1	3570
1734	3	2739
1892	3	558
1485	1	3569
2964	1	3594
2156	1	3614
266	3	3549
1546	3	1929
2876	3	2862
3027	3	369
485	3	813
363	3	2856
2255	3	251
2596	1	3660
2695	3	2920
146	1	3581
2059	1	3569
2841	3	381
3177	1	3589
2073	1	3585
1443	3	1232
224	3	3230
2472	1	3568
1652	3	91
2210	3	3176
1791	3	2747
3247	1	3603
2486	1	3584
207	3	981
142	1	3569
3153	3	2417
840	3	163
1830	3	100
1315	3	189
1472	3	1721
243	3	3298
1021	3	2886
1986	1	3571
916	3	38
1838	1	3574
2489	3	2459
2936	3	2434
1477	1	3569
2871	1	3679
349	3	521
2867	3	1111
469	3	1194
515	3	2622
792	1	3636
1345	3	3183
2408	3	2522
432	3	1654
2418	3	691
3173	1	3574
1734	3	1934
3299	3	2881
1625	3	2497
125	1	3569
396	3	2175
1374	1	3626
3262	3	897
738	3	56
2269	1	3580
261	3	3099
2757	3	1035
2600	3	469
2036	3	1829
39	3	2693
578	1	3570
2300	3	460
1821	1	3574
2949	3	325
3043	1	3584
1013	1	3594
383	1	3612
1335	3	668
2446	3	574
2716	3	1911
2890	3	204
3428	3	3375
1813	1	3584
491	3	1754
230	1	3569
322	3	2927
1300	3	631
164	3	1698
1381	3	1507
330	1	3574
2467	3	2033
2034	1	3569
108	1	3569
2152	1	3575
3047	3	1128
2081	3	749
3429	3	403
2515	3	712
1770	3	3085
1828	3	2421
120	3	1122
26	1	3571
588	1	3617
1475	3	2924
1187	3	1176
2588	3	3497
2292	1	3612
111	3	1280
205	3	2922
1492	3	1769
943	3	2663
213	1	3569
221	3	1706
1810	1	3600
505	3	251
799	3	362
2462	3	647
1759	3	2408
3322	1	3581
2403	1	3689
3549	3	1779
2760	1	3709
2017	1	3569
1448	3	2300
1909	1	3574
3314	1	3591
3349	3	1422
2384	1	3600
959	3	2033
2596	3	2877
318	1	3569
2150	3	2963
81	3	2958
197	1	3600
174	3	2095
1067	3	2546
1683	1	3584
2236	3	68
207	3	2404
393	3	857
2409	3	229
25	3	738
3427	1	3581
117	1	3713
2497	1	3590
2647	3	564
196	1	3569
3231	3	1945
468	3	2236
1118	1	3570
1243	3	1517
1988	3	72
502	1	3604
2488	3	1377
1856	3	375
2375	1	3590
10	1	3581
1963	3	692
2601	1	3765
2075	1	3581
330	3	2815
1892	1	3574
1958	3	3299
454	1	3612
2835	3	2286
3360	3	2618
635	3	1156
301	1	3569
884	1	3590
1444	3	33
2528	1	3582
2406	3	3099
3271	3	1752
2003	3	1280
867	3	2347
1434	3	3348
496	3	1883
1290	3	138
2480	1	3590
1584	1	3586
1776	1	3600
1902	3	2153
2180	1	3581
2257	3	1153
3497	1	3574
2438	3	1068
763	3	2522
3167	3	2893
293	1	3590
2471	3	1377
3062	3	799
2216	1	3646
515	1	3568
1324	1	3609
747	3	2778
2874	1	3679
640	3	17
2980	1	3582
2186	3	1637
986	3	309
1214	3	223
2404	3	1092
557	3	2267
1077	3	2398
2070	3	1134
2301	3	3428
2450	3	268
3540	3	3243
2136	3	978
284	1	3569
1689	1	3586
246	3	86
3236	3	31
172	3	78
700	3	2036
951	3	1992
1417	3	3348
2271	1	3576
2378	3	2590
1360	3	1821
1492	3	2253
2163	1	3581
1165	3	3361
1658	3	1546
155	3	3100
2504	3	2036
3261	3	2441
425	1	3610
50	1	3589
825	1	3624
30	3	1073
1930	3	2386
2437	3	1751
1419	3	982
498	1	3568
2451	3	679
2439	3	2418
3004	3	308
1572	1	3581
765	3	870
63	1	3574
2857	3	163
3485	1	3569
2302	1	3568
2575	3	1121
1583	3	547
342	1	3581
1806	3	203
3087	3	2407
1650	3	2142
2596	3	917
2595	1	3648
3076	1	3572
773	3	475
1901	3	742
416	1	3600
918	3	1673
2146	1	3581
2520	3	3069
1753	1	3681
2042	1	3591
891	1	3626
755	1	3580
2668	1	3568
2817	1	3626
336	3	2622
2695	3	2733
2741	3	1909
2054	3	1898
1972	1	3753
481	1	3568
1732	3	955
1142	3	2874
2245	3	3026
945	3	2249
2097	3	376
2300	1	3634
2275	3	3182
3436	3	950
3468	1	3569
3387	3	3149
2251	1	3581
2505	1	3690
2986	1	3614
1443	1	3601
1476	3	765
1856	3	1798
2178	1	3634
3171	3	3197
1249	3	912
3263	3	2482
3508	1	3601
3147	1	3596
1479	3	1436
2904	1	3616
1321	1	3601
696	2	3866
1829	1	3572
2617	1	3619
2651	1	3568
438	1	3571
391	1	3610
1767	3	561
2001	3	2036
2981	3	3261
215	3	1134
91	1	3601
1063	3	571
2621	1	3789
2425	1	3578
3522	3	687
3017	1	3606
805	3	878
1895	1	3601
2487	3	292
2430	3	1017
2897	3	2979
3389	3	558
3561	3	658
1531	3	668
604	3	268
441	3	3002
1817	3	3290
403	3	2856
2560	3	3077
1068	3	2286
2442	3	2661
1719	3	344
122	1	3593
569	1	3568
1534	1	3569
571	3	898
2783	1	3626
3460	1	3569
66	3	2200
2675	3	2014
317	1	3581
1487	3	92
173	3	2107
2446	1	3724
1233	3	2438
3230	1	3574
3183	1	3613
2640	3	870
2971	3	2203
3168	3	384
2236	3	1625
187	1	3591
2601	3	1046
251	3	3224
3044	3	2544
3443	1	3569
1291	1	3568
1149	1	3624
2213	1	3569
472	1	3681
1536	1	3626
786	3	2089
2247	3	3238
0	1	3572
558	3	1068
2331	1	3575
3298	3	2417
3443	3	603
3561	3	2886
3076	3	1658
292	1	3591
1067	1	3626
57	3	2893
2626	1	3568
157	3	1932
1246	3	904
340	3	832
1622	1	3569
2268	3	2253
448	3	1345
2273	3	2454
1722	1	3574
2407	3	2408
2544	1	3570
3104	3	2086
392	1	3569
78	3	1908
1221	3	2816
1274	1	3568
2058	3	3491
3318	1	3574
2761	3	1377
685	1	3649
2124	3	3335
611	1	3641
1434	3	1872
2196	1	3569
3294	3	3183
2796	3	1734
686	3	3373
2751	3	720
3060	3	2264
1340	3	2704
275	1	3591
1727	1	3569
1656	3	1497
2130	3	2273
3272	3	1821
2162	1	3593
1932	1	3625
3360	3	1492
620	3	2216
1605	1	3569
2244	3	2294
951	3	3549
320	3	2207
2464	3	2416
2108	3	558
628	1	3617
1794	3	1621
2601	1	3578
2301	1	3569
375	1	3569
2700	3	394
3087	3	2086
3096	3	1901
3174	3	3136
1816	3	3168
1204	3	2816
1257	1	3568
3301	1	3574
2441	3	95
51	3	2005
1989	3	2165
1129	1	3640
788	1	3568
1301	1	3740
2071	1	3574
2825	3	1089
3210	3	2497
96	3	3402
1158	3	1573
1055	3	2943
1639	3	1497
2765	3	937
1596	3	1706
1613	3	2995
168	3	2165
358	1	3569
720	3	2544
2284	1	3569
893	1	3568
939	3	161
3079	3	1901
3166	1	3568
3180	1	3584
3188	3	1721
3399	1	3645
1873	1	3659
1837	3	2533
1546	3	266
114	3	2275
2743	3	161
2054	1	3574
2862	3	2271
2005	3	3402
1420	1	3607
463	1	3569
87	1	3696
285	1	3571
2420	1	3612
880	3	1535
1213	3	1853
1345	1	3568
570	3	3004
1450	3	2881
2415	3	2882
1359	1	3584
2642	1	3590
807	3	1588
2267	1	3569
2750	1	3585
2236	3	3398
429	1	3593
508	3	2185
876	1	3568
2105	3	2273
3479	3	2648
3524	1	3589
2304	3	3155
1648	3	1288
3114	3	194
1671	3	384
2059	3	2137
1551	3	2920
1933	1	3584
61	1	3659
574	1	3831
1146	3	2507
805	3	2435
929	1	3585
1250	3	2497
2179	3	2810
2302	3	3427
998	3	611
3337	1	3570
446	1	3569
1682	3	1422
1811	1	3584
1868	2	3993
268	1	3571
808	3	100
533	3	1370
2360	1	3618
2943	3	1639
3445	3	1712
3555	1	3581
2046	1	3574
120	1	3574
1069	1	3622
1720	3	2507
241	3	2482
859	1	3568
1656	3	2920
112	1	3584
1210	3	2444
829	3	1559
3282	3	3312
931	3	511
1485	2	3955
2211	3	964
1286	1	3602
105	1	3655
1616	1	3575
2490	3	2116
2642	3	229
969	3	1596
1310	3	2422
2360	1	3574
2757	3	2755
1042	3	2308
2600	3	2189
1122	3	2578
1268	3	3237
1399	1	3592
2029	1	3574
3194	3	3237
2608	1	3590
3024	1	3731
1658	3	1493
1847	1	3571
3406	3	2441
575	3	2975
2021	1	3584
2455	3	210
1469	3	1588
2487	3	105
3426	1	3601
780	3	3384
328	3	1290
1399	3	1194
2332	3	1294
934	3	3252
960	3	2693
251	3	1748
677	1	3574
1012	3	603
3305	3	870
700	3	2333
1291	3	2919
2421	1	3571
208	1	3574
2816	3	2855
2827	2	3893
203	3	592
128	2	3714
1130	1	3575
2594	3	197
3102	3	2067
541	1	3656
14	3	687
2900	1	3767
418	3	1422
2940	3	2209
3417	1	3591
3551	3	2652
227	3	2749
490	3	3218
746	3	375
1443	3	53
1008	1	3575
998	3	745
2187	1	3591
735	1	3613
927	1	3627
3213	1	3582
3412	3	1184
313	1	3574
266	1	3613
377	3	1134
2422	3	1611
367	3	2786
2567	3	1664
1294	3	934
769	3	2501
2582	3	2286
2600	1	3590
2300	1	3581
381	3	1304
2411	3	1102
191	1	3574
2583	3	2347
1413	1	3584
2592	1	3600
3031	3	1238
2994	3	1698
3171	3	3144
1740	3	1242
2588	3	679
3174	1	3590
3443	3	1176
2892	3	1211
1709	1	3581
1082	3	1535
2945	1	3626
714	3	3489
3435	3	3438
1876	3	699
3387	3	3371
3113	3	2495
3009	3	3259
296	1	3574
1701	1	3591
658	3	105
1243	3	3237
2578	3	3405
3261	3	2522
2583	1	3590
2724	3	3519
1206	1	3624
2534	3	200
813	3	2299
1023	1	3617
1465	3	963
70	1	3584
315	3	2749
816	3	2216
3175	3	1573
42	3	2434
3057	1	3585
1843	1	3885
1561	3	418
2683	1	3568
949	3	1211
2508	3	1698
944	1	3593
72	3	1988
250	3	687
2130	3	2086
2392	3	1195
473	1	3680
692	3	2124
1461	3	598
1462	3	1204
462	1	3581
1022	3	2097
279	1	3574
1476	3	2940
590	3	1637
754	1	3600
77	1	3657
2792	3	1182
295	3	2640
2366	3	2693
2266	1	3581
1006	1	3617
2847	3	173
3175	1	3570
687	3	1698
1002	3	1049
1036	1	3581
1148	3	2853
1673	3	1286
431	3	2097
694	3	2566
1890	3	135
2186	3	3357
2864	3	1462
32	1	3582
1637	3	1807
2666	1	3568
474	3	2827
567	1	3581
2321	3	2618
1815	1	3786
672	1	3632
1926	1	3890
3452	3	2259
3481	1	3662
2960	3	163
3362	1	3568
3480	1	3574
445	1	3581
262	1	3574
1441	1	3590
3443	3	1310
980	3	2717
258	3	1006
416	3	1825
778	1	3663
884	3	229
773	3	1845
1298	1	3794
1408	1	3645
2460	3	551
3074	3	1513
2647	3	2418
1660	1	3662
841	3	438
1302	3	2347
1869	3	3348
2566	3	3026
3545	1	3572
1464	3	2935
2758	3	596
1800	3	362
322	3	943
1471	1	3730
3345	1	3568
3463	1	3574
890	3	2005
2341	1	3569
1731	3	1130
2876	1	3568
128	1	3572
950	1	3568
91	3	695
3480	3	2492
723	3	1536
1872	1	3569
2872	3	647
2754	1	3568
1278	3	725
1895	3	695
3427	3	1135
3473	3	2563
3561	3	1089
1524	1	3568
215	3	2504
2285	1	3568
578	3	1258
3329	1	3599
3549	3	2352
1697	3	2638
943	3	679
109	3	2422
935	3	925
2731	3	3002
3328	1	3568
2718	3	1883
51	1	3569
400	3	1835
3049	3	2462
3342	1	3584
1931	1	3669
1650	3	2707
134	3	668
933	1	3568
2761	3	2613
515	3	3216
2859	1	3568
1245	3	2294
1495	3	1997
1855	1	3569
2935	3	1462
299	1	3601
1656	3	2733
2360	3	471
2003	1	3596
330	3	481
553	3	137
1807	1	3577
3398	3	2874
2604	3	2175
565	1	3634
2836	3	3002
1507	1	3568
3308	3	2566
3433	1	3568
2719	3	2647
1239	3	117
516	1	3581
2429	1	3569
1038	1	3568
2406	3	765
2103	1	3574
3110	1	3682
1873	1	3606
1139	1	3634
654	1	3705
136	3	904
916	1	3568
571	3	2618
1420	3	2661
354	1	3696
327	1	3649
1733	3	992
2095	1	3584
2706	3	568
3193	3	2444
282	1	3601
375	3	155
828	3	2836
1414	3	2410
2695	3	1204
2085	3	3209
2708	3	71
206	3	164
2502	3	1704
3127	1	3658
1490	1	3568
3147	3	1955
3416	1	3568
199	1	3572
23	3	3348
1021	1	3568
287	1	3596
378	3	2348
1871	1	3672
1660	3	1748
1511	3	936
2086	1	3574
3138	3	1359
525	3	3068
3008	1	3575
3200	1	3589
2825	1	3568
3090	3	1367
1981	3	1317
2796	3	2165
2409	3	473
1580	3	2417
1595	1	3568
3357	3	2359
2929	3	2658
1740	3	3149
2995	3	603
591	1	3569
2578	3	1929
2801	3	2396
744	3	460
3040	1	3617
2191	1	3574
2853	3	114
2336	1	3627
3479	3	501
352	3	813
2304	3	1008
1320	3	188
1373	3	2855
1004	1	3568
763	3	2416
540	3	1596
600	1	3569
1698	3	3183
667	3	3547
3183	1	3589
2765	1	3574
6	3	668
308	3	1344
445	3	1643
893	1	3649
1959	3	1116
1978	3	2497
2609	3	3085
2296	1	3574
370	1	3574
1468	3	2434
3530	3	3234
2841	1	3641
2067	3	330
1148	3	438
858	3	1995
1089	3	2216
2612	3	2649
512	3	558
2174	1	3574
1015	3	3136
1394	3	557
422	1	3587
1705	1	3574
1784	3	2920
2166	1	3584
583	1	3569
670	3	2316
3498	3	2582
2748	1	3574
1935	3	3056
951	3	2236
1228	3	3131
1457	1	3578
353	1	3574
827	1	3596
2279	1	3574
2680	2	3638
1072	3	2216
2544	3	1929
3426	1	3898
987	1	3726
2157	1	3574
3336	1	3590
2508	3	2450
2417	3	2081
1754	3	491
307	3	714
2779	3	229
927	1	3574
1688	1	3574
236	1	3596
348	3	777
1749	1	3570
1863	3	2755
140	3	2497
566	1	3569
1435	3	1909
2077	3	152
2629	3	531
1147	3	161
458	1	3574
2980	3	1778
2993	3	2544
820	3	105
1589	3	3497
1716	3	1829
518	1	3577
1734	3	2796
2745	1	3590
521	3	349
843	3	3012
993	1	3603
172	3	1611
108	3	2434
336	1	3574
2262	1	3574
1140	1	3569
687	3	2450
949	3	2313
1464	3	2398
2917	3	2629
3172	1	3624
1645	3	2313
2228	1	3598
798	3	2937
1106	1	3593
2836	1	3574
405	3	785
998	1	3598
951	1	3637
1089	3	2350
2850	1	3590
3296	1	3713
441	1	3574
120	3	1045
2335	3	1709
266	3	1512
1528	3	2335
2368	1	3635
3104	3	1846
3151	3	1807
3360	3	3346
1825	3	309
589	1	3601
1364	1	3636
2428	1	3581
393	1	3582
2245	1	3574
2541	3	3459
2711	3	2347
3243	3	1092
1577	3	109
1734	3	1641
1310	3	2853
1137	1	3585
1015	1	3574
3372	3	2546
311	1	3584
3313	1	3689
1010	3	592
1157	3	2810
2719	1	3569
671	3	2275
1696	3	2070
3548	3	2816
658	3	402
3135	3	929
2833	1	3590
907	1	3590
2578	3	1258
1711	1	3585
142	3	2359
607	1	3581
424	1	3574
1339	3	3342
2107	3	1402
1510	3	2836
1781	1	3599
141	3	3237
2933	1	3568
2920	3	2522
897	3	592
720	1	3571
894	1	3584
2451	1	3613
1913	3	2989
2773	3	687
2702	1	3569
3020	3	1194
1849	3	3402
3221	3	666
2985	1	3581
2441	3	3238
2508	3	2934
1261	3	1645
1279	3	2612
2255	3	2886
1294	1	3571
1116	1	3765
2516	1	3581
2618	3	3360
1099	3	2522
2460	3	2942
68	3	2886
2147	3	2167
3098	1	3571
5	3	1461
1058	3	1678
626	3	483
1852	3	2006
1678	3	2167
1552	1	3614
703	1	3571
73	1	3589
198	3	1536
2094	1	3572
542	3	2881
449	3	1492
877	1	3584
3373	3	2347
2646	3	3243
214	1	3657
695	1	3581
2417	3	471
2518	3	1261
3490	1	3568
981	3	1176
1153	3	2421
660	1	3601
1435	1	3636
2499	1	3581
2716	3	3257
2887	3	1997
58	1	3670
3021	1	3568
3152	3	3133
1287	3	1211
1550	3	1680
1156	3	86
2424	3	558
3344	3	703
2017	1	3626
107	3	1517
2263	3	3205
3469	1	3604
1291	3	2545
1559	3	3215
2407	3	2652
529	3	21
2899	1	3568
648	3	3498
3182	3	2508
2243	1	3774
678	1	3581
1875	3	2038
2143	3	2708
56	3	2881
2991	3	2145
2086	3	427
1304	3	3086
2120	3	376
1397	3	2223
2264	1	3570
753	3	869
67	3	1464
33	3	2269
873	1	3569
807	3	1698
466	3	1626
1448	3	2707
849	3	2367
3473	1	3568
343	1	3592
3004	1	3568
2638	3	25
188	1	3636
1535	3	2347
3000	3	647
886	3	2846
262	1	3655
743	1	3579
1381	3	1698
3360	3	2675
1837	3	1488
405	3	3497
1891	3	1172
1365	1	3571
340	3	3304
156	3	1546
361	1	3572
1183	1	3568
1132	3	3540
1342	3	2077
738	3	1536
2463	3	2404
2050	3	2590
2987	1	3568
3357	3	1017
2459	3	3173
16	3	1488
3459	3	525
2291	3	1344
261	3	1546
1754	3	2398
2786	3	196
2333	3	1660
961	1	3569
969	3	1706
284	1	3626
750	3	2399
1336	3	1973
2353	1	3574
614	1	3599
2598	3	2796
3109	3	1756
1166	1	3568
3508	3	2092
1693	1	3813
2037	3	1821
2285	1	3649
167	3	1418
2662	3	2912
174	3	2286
1469	3	1698
1166	3	416
1087	3	207
1009	3	604
1476	3	2566
2257	3	55
2338	3	3375
2566	1	3569
453	3	3438
1221	3	161
1124	3	322
2418	1	3572
2718	1	3581
1473	3	1868
1370	3	3238
703	3	344
3451	1	3677
1525	1	3677
865	1	3713
944	1	3569
2336	1	3574
2449	3	1008
597	1	3599
1372	1	3634
2464	3	2794
3193	3	647
3333	1	3644
3076	3	292
2598	3	1641
745	1	3569
2454	3	1784
2823	1	3581
322	3	2663
2259	3	1072
3310	3	251
2549	1	3569
1158	1	3568
528	1	3586
1204	3	161
1074	3	730
1684	3	2889
3361	1	3719
2773	3	2640
181	1	3616
1259	3	1243
2036	3	3443
2693	1	3591
1762	3	3067
2393	1	3582
3004	3	1654
2319	1	3574
3526	2	4096
691	3	3372
640	3	2652
1732	1	3568
2652	3	376
2102	3	2327
2806	1	3581
462	3	3229
2033	3	1785
2459	1	3611
980	1	3586
1802	1	3582
2893	1	3574
2532	1	3569
380	1	3568
1141	1	3568
361	3	1658
2424	1	3574
2130	3	1846
1650	1	3600
1605	3	2249
1232	3	3248
484	3	2850
2593	3	2504
760	3	1641
2600	3	3372
985	1	3581
434	3	2191
2406	3	1546
685	1	3572
1715	1	3568
2353	3	2441
2492	3	933
711	1	3569
3564	1	3616
2116	3	824
715	3	402
2582	3	2180
2142	1	3602
3056	3	2956
3182	3	3126
2289	1	3568
94	1	3572
725	3	2543
1981	3	1748
2407	1	3574
2193	3	2116
1839	3	114
1116	1	3578
2379	3	2232
2418	3	2439
186	3	250
1658	3	3026
351	3	2347
816	1	3569
2310	3	1690
1267	2	3939
1264	3	268
2592	3	1288
234	1	3609
2670	3	1645
3440	3	725
1698	1	3568
1976	3	1322
761	3	2180
1063	3	2856
2995	1	3590
1543	1	3612
197	3	1288
586	1	3574
482	1	3584
758	3	3202
477	3	602
3332	3	1316
2286	1	3584
360	1	3584
2294	3	1721
2675	3	3360
1585	3	1530
299	3	1179
726	1	3611
2427	3	3160
2538	1	3601
91	3	2899
870	3	687
2014	3	3346
2768	1	3569
799	1	3569
1694	3	1350
1077	3	2134
3137	1	3884
1005	3	3146
558	1	3681
847	1	3591
1645	3	3549
2083	1	3636
1762	3	1107
2115	3	194
2308	3	2312
473	1	3574
2860	1	3584
114	3	2198
1588	3	2578
432	3	1658
2396	1	3630
3080	3	925
465	1	3584
3272	3	939
1721	1	3600
1096	1	3819
1125	3	32
128	3	345
1127	3	699
1194	3	2647
1239	1	3588
2888	3	2574
2923	3	2022
1577	3	1345
578	1	3574
1756	3	1559
383	1	3616
3335	3	270
2560	1	3572
2154	1	3660
2056	3	2507
2661	1	3581
118	1	3611
1152	1	3574
2031	1	3599
1067	3	322
301	3	102
1456	1	3753
2448	3	3464
3437	3	161
1852	1	3570
2010	1	3635
1139	3	2501
2544	3	266
3294	1	3702
3486	3	1345
561	1	3574
2417	3	2862
2234	3	2663
2694	1	3684
393	1	3663
414	3	1812
598	3	1261
2791	3	3243
553	1	3584
2426	1	3570
3187	1	3570
3406	3	2014
3427	3	90
115	3	700
1142	3	3549
1580	1	3636
1135	1	3574
618	3	3278
2989	3	1650
3436	3	1625
2767	3	1436
1427	1	3593
2839	1	3569
1665	3	1345
877	1	3881
2646	3	3540
642	3	3183
2304	3	2862
261	3	2298
2384	1	3604
939	3	1157
3566	1	3612
1124	3	3168
1301	3	3469
2832	1	3640
544	1	3574
2496	1	3769
463	1	3626
1849	3	2544
68	3	1089
2239	3	1345
2560	3	3402
457	3	38
3427	1	3585
2409	1	3570
1018	1	3569
3476	3	1432
3088	3	1399
777	3	165
152	3	384
1118	1	3574
1291	3	2842
601	3	3278
1455	3	3522
3524	1	3646
1469	3	2450
1424	3	1436
832	1	3581
1694	3	2773
3311	3	1630
2071	3	455
454	1	3616
2367	1	3604
435	3	1706
2841	3	3097
201	1	3568
207	3	2758
84	3	1387
3189	1	3600
949	3	1939
1123	1	3569
1214	3	2321
3100	3	2262
1510	1	3571
3284	3	623
3514	1	3575
72	1	3609
818	3	578
3499	3	2598
2408	3	3360
3104	3	533
1850	1	3612
1001	1	3569
1776	1	3604
2927	1	3569
879	3	2275
2180	1	3585
2546	3	1067
2647	3	1857
341	3	824
603	3	687
623	3	2674
1923	1	3570
1576	1	3600
2229	3	1432
889	1	3589
815	1	3581
2376	3	1398
2560	3	1658
2410	3	3067
2738	1	3637
1575	1	3569
3172	1	3600
98	3	63
184	1	3568
535	3	2444
151	1	3623
1106	1	3569
1381	3	2934
1689	1	3590
2209	3	384
2743	3	2796
1389	1	3581
1935	3	2816
1541	1	3593
1555	3	2537
1384	3	599
3087	3	533
2748	3	3380
1980	1	3578
2264	3	2758
102	3	1172
2507	3	2149
425	1	3614
79	3	2250
1647	1	3624
1156	3	517
2543	3	1658
690	1	3586
1899	3	304
3273	3	679
2721	1	3637
750	1	3589
469	3	1816
3294	3	475
1160	3	687
589	3	2899
2121	1	3619
1567	3	603
1089	1	3569
2047	1	3611
2502	3	2887
1373	3	2749
363	3	1734
1734	3	2556
2600	3	152
1655	3	2347
85	1	3570
3140	3	2270
3450	1	3593
931	3	2796
2165	3	1821
2534	1	3618
2508	3	2560
2968	1	3581
3258	3	1316
1688	3	2067
855	1	3589
1630	1	3624
1368	3	71
481	1	3572
2112	1	3609
215	3	3232
1812	1	3600
560	3	1019
1970	1	3665
2377	1	3581
3375	1	3682
99	3	2729
2077	1	3572
1264	3	3464
3177	3	3452
158	2	3732
2204	1	3624
2823	3	2261
2749	3	2253
674	3	687
2030	3	95
308	3	1588
1877	1	3568
2247	3	664
2517	1	3618
1171	3	3367
552	3	1040
2951	1	3581
1408	1	3568
2533	3	3229
3098	3	210
738	1	3584
1283	3	314
1755	1	3568
391	1	3614
913	1	3601
1748	3	1992
1630	3	1576
305	3	1829
2447	3	3091
673	3	3258
2856	3	2920
2095	3	1756
2897	3	2983
1787	1	3610
861	3	3287
2688	3	1845
120	3	2094
3010	3	344
1860	1	3568
2204	3	1576
2768	3	2115
496	1	3614
1672	3	2831
1009	3	96
1908	1	3590
359	3	1345
3383	3	1239
2522	3	2935
2620	3	2273
978	3	818
3305	1	3617
2517	3	3290
1600	1	3591
679	3	308
279	1	3631
2822	1	3601
3184	3	2576
1122	3	86
39	1	3568
1967	3	898
3260	1	3734
17	3	1370
345	1	3660
2231	1	3601
0	3	3464
2561	1	3574
1696	3	86
1821	3	1370
1158	3	1443
1102	3	2774
2698	3	1111
1735	2	3983
640	3	2733
2489	3	1471
404	1	3575
3073	3	2098
2418	3	2736
1224	3	3360
2836	2	4043
295	3	603
441	3	1262
592	1	3604
1756	3	2661
1801	1	3602
218	1	3587
105	3	3464
22	1	3568
1948	1	3568
2913	1	3569
1727	3	78
1319	1	3647
466	3	3480
362	1	3609
1988	1	3600
2544	1	3574
2180	3	1997
2967	3	2192
2120	3	3169
71	3	1044
984	1	3601
2528	3	2937
3369	3	3226
3500	1	3581
1012	3	3372
3351	3	742
854	3	2200
2445	3	3377
448	3	2288
3018	1	3569
917	3	945
3198	3	699
3118	1	3574
101	1	3582
2424	3	668
3232	3	3513
217	3	2289
797	1	3582
520	3	2215
1337	3	2919
2427	1	3569
1807	3	1637
1210	1	3581
1770	3	2097
1678	3	1122
785	3	671
280	1	3590
1099	3	2416
1838	3	1854
1246	3	3136
1898	3	1800
3220	3	1259
2024	1	3617
3101	1	3574
2197	3	1778
1021	3	2032
3456	1	3569
346	1	3619
2185	1	3599
3441	1	3615
3245	1	3596
3259	1	3612
1091	3	1292
318	3	25
2184	1	3568
1881	3	861
43	3	131
1193	1	3581
1180	1	3569
2429	1	3626
3106	1	3569
460	3	3352
1280	1	3574
1308	3	1625
1328	1	3596
3399	1	3649
1013	3	2628
2984	1	3569
2112	3	1267
1278	3	3010
811	1	3574
798	1	3619
1593	1	3568
1567	3	2510
37	1	3600
571	3	2675
2167	3	1012
2196	3	2814
670	3	2828
3098	3	828
1285	1	3569
916	3	473
2240	2	3751
3558	1	3569
735	3	2240
2120	3	270
557	3	2434
801	3	1330
1345	1	3572
1279	3	1701
2167	1	3568
2300	3	2989
1045	3	3226
3089	1	3569
52	1	3663
606	3	618
2914	3	1507
765	3	687
529	1	3602
1386	3	1429
557	3	3373
2967	1	3569
3055	1	3593
3502	1	3568
3548	3	161
1821	3	699
3442	1	3595
541	3	1909
943	3	870
2498	1	3569
2272	1	3568
45	3	3026
2534	3	1814
3540	3	1316
12	1	3610
3337	1	3574
1268	1	3569
3363	3	2678
164	3	1194
258	3	2836
2735	3	3363
2688	3	3402
1493	3	2275
2150	1	3568
3555	1	3585
3072	1	3569
2955	3	3287
3113	1	3632
1728	3	1912
577	3	1193
3467	3	2853
3226	3	1820
1964	1	3580
2308	3	1588
2504	3	109
461	3	1444
162	3	2041
806	3	951
1549	3	738
1214	3	2618
2614	3	2434
1286	1	3606
2883	1	3637
1212	1	3598
3200	3	109
1333	3	786
1808	1	3593
912	1	3589
2255	1	3568
3030	1	3603
151	1	3570
338	3	1012
1834	1	3590
3320	1	3574
1641	3	2652
3402	3	2275
2133	1	3568
742	3	2303
3312	1	3584
555	3	1345
2202	3	3402
3143	1	3593
1765	3	3094
3104	3	1769
1344	3	308
2843	1	3584
3116	3	1929
2291	3	1588
1825	1	3569
2487	3	109
2732	3	2419
3204	1	3600
283	1	3617
1702	3	1316
3425	1	3574
3431	3	691
292	3	2007
2721	1	3584
548	1	3589
974	3	461
548	3	1972
1146	3	1706
2119	3	3373
2179	3	2009
2238	1	3568
2193	3	937
1491	1	3584
2252	1	3584
3020	3	1134
1234	1	3569
3550	3	2652
470	3	1588
2697	3	1658
828	2	3714
2346	3	929
2004	3	251
268	3	564
335	3	3266
419	1	3660
670	3	279
1300	3	261
535	3	647
1604	1	3574
119	1	3651
566	1	3626
1146	3	2056
1717	3	1008
1888	1	3839
313	1	3578
891	3	3061
3408	1	3574
2223	1	3660
3298	3	1295
3521	3	1008
1063	3	2616
2319	3	1821
3526	1	3580
1626	2	3976
2703	2	3933
2365	3	1751
598	1	3847
1210	3	2582
1013	1	3574
1402	3	2596
1678	3	1740
3065	3	2881
3226	1	3571
3452	3	2129
49	1	3634
1720	3	2056
1751	3	1698
491	3	1734
2981	3	2273
3230	3	1370
3454	3	2796
3564	3	1328
197	3	1987
3431	3	2919
3292	1	3600
1868	3	1673
95	3	2856
1731	3	3094
1587	1	3574
3109	1	3593
3388	3	3481
3323	3	480
1852	3	1929
3398	3	3549
3285	1	3671
1507	3	152
3391	1	3574
14	3	2919
1863	3	1657
2770	3	979
2179	3	1204
438	3	1316
2387	1	3575
2922	1	3574
2862	1	3601
604	3	2663
3350	1	3639
1918	1	3575
3352	3	969
1920	3	905
155	3	2596
120	3	2041
162	3	3464
128	3	105
713	3	3237
1837	3	3155
1838	1	3688
1476	3	2005
1635	3	3238
1766	1	3593
3049	1	3599
3541	3	2005
459	1	3668
1570	1	3574
1241	3	1234
1966	3	3464
797	3	1778
1624	3	2786
2413	3	29
1494	3	3355
2237	3	1243
1758	1	3603
2500	3	1712
2094	3	1447
2469	3	2434
2995	3	3372
3462	1	3598
3246	3	3136
197	1	3580
1311	3	1422
506	3	1787
3233	1	3634
1147	3	2796
3549	1	3591
1020	1	3637
2402	3	2149
2364	3	161
695	3	3176
1675	1	3574
2515	3	2920
1523	1	3963
3080	1	3591
363	3	2165
237	1	3612
1189	3	668
1254	1	3596
468	3	2216
2819	1	3789
3099	3	2041
3479	1	3574
1553	1	3574
2410	3	1754
1457	3	1721
3066	3	13
2489	3	1418
2658	1	3582
1694	3	305
224	3	95
2263	1	3590
96	3	186
3079	1	3590
1443	3	1480
1398	3	466
1456	3	2246
2647	3	2422
2141	1	3590
2240	3	2096
1967	3	2134
1658	1	3574
338	3	691
1699	1	3637
1672	1	3590
1147	3	1641
1311	1	3604
3467	3	438
363	3	3454
2838	3	870
3356	1	3671
1243	3	2786
2117	3	1664
1658	3	1176
1462	3	403
633	3	2347
3176	1	3581
2817	1	3637
2751	3	671
1738	1	3619
2246	1	3590
1077	3	2378
3174	3	1872
1689	3	229
212	3	1224
2675	3	571
73	3	1625
1986	3	1613
3226	3	344
3461	1	3671
1824	1	3581
328	3	1912
2234	3	679
363	3	1360
386	1	3619
3498	3	3257
1382	1	3628
1073	3	114
2857	3	3176
1383	3	3352
50	1	3569
1790	1	3605
3230	3	699
51	1	3573
873	1	3626
485	1	3593
1989	3	2116
1233	1	3581
2931	3	1296
3220	1	3577
3261	3	3360
520	3	2512
2136	3	2836
120	3	3464
338	3	2919
1091	1	3637
1816	3	86
1947	3	1211
1437	3	2312
2189	3	1160
2212	3	2347
2229	1	3590
2835	1	3593
91	3	1988
3067	3	2652
103	1	3586
92	3	1487
2312	3	2352
3151	1	3591
1064	3	457
1300	3	879
2353	3	3169
1163	3	2300
3541	3	3428
1807	1	3581
2879	3	909
264	1	3568
3559	1	3568
1507	1	3572
850	3	1172
1412	1	3589
1038	1	3572
3170	3	3149
552	3	666
520	3	418
2020	3	2683
1710	3	2253
3142	1	3581
2842	1	3572
2093	3	3395
2509	3	1637
262	3	725
1865	3	283
2600	3	2006
1912	1	3581
3100	3	3311
1178	1	3609
2707	3	1913
27	1	3644
1104	1	3601
2538	3	3086
63	3	3226
2935	3	2755
134	1	3608
2041	3	1698
1661	3	1419
2639	1	3624
774	3	1230
1852	3	2547
3397	3	1662
526	3	295
243	3	3091
1493	3	344
3305	3	687
1321	1	3581
2697	3	532
3234	1	3569
1527	3	2404
114	3	2576
285	3	1316
3373	3	444
1134	3	1006
530	3	465
91	1	3581
432	3	2036
1512	3	1546
39	3	2136
1360	3	1935
2418	3	1073
2508	3	1381
1341	1	3699
3274	1	3601
2536	1	3662
2932	1	3574
128	3	723
1895	1	3581
1089	3	3375
2427	3	1444
1233	3	2068
879	3	1230
30	3	1187
1674	3	91
1497	3	699
2417	1	3568
514	3	2384
1333	3	2827
384	3	2953
1551	3	2282
1980	3	1290
3136	3	2210
3482	1	3574
750	1	3699
561	3	457
1561	1	3596
2336	1	3631
2396	3	1987
1304	1	3581
150	1	3681
3217	1	3569
1740	3	120
268	3	1316
1392	3	1988
2701	3	1435
74	1	3581
922	3	647
1479	1	3598
3517	3	1180
1927	1	3634
2957	1	3592
1330	2	3950
2653	3	279
2070	3	3476
3469	3	2878
1300	1	3569
210	3	2566
2353	3	270
2386	3	3023
2549	1	3626
2983	1	3589
155	3	2059
643	3	2097
1134	3	3234
3370	1	3591
3323	1	3630
551	3	769
2996	1	3574
1893	3	1805
396	3	813
1093	3	491
3288	1	3593
1832	3	3491
253	1	3600
308	3	1698
940	3	2347
559	3	1462
2200	3	813
1992	3	1779
2504	3	1345
3044	3	3463
3240	1	3601
1998	1	3658
2287	1	3568
1798	3	3515
689	3	3522
649	3	2709
1057	1	3568
1083	3	2672
2154	3	677
2232	1	3617
1714	3	2907
2383	1	3568
3002	3	114
66	1	3581
53	1	3569
978	3	578
916	3	3348
1403	3	2799
2421	3	1316
2972	3	1089
929	3	525
1469	3	1889
2842	3	1658
2979	1	3574
2305	3	813
1221	3	2796
2645	3	279
3301	3	2900
466	1	3568
1749	1	3574
866	1	3582
712	3	2794
1388	1	3569
2601	3	3254
2843	3	3203
2487	3	1345
2186	3	3174
2936	1	3604
3553	1	3574
1785	1	3639
2919	3	2714
914	3	1751
2788	3	1179
1040	1	3568
3077	3	1089
3084	1	3574
109	3	3044
336	1	3578
1147	3	3548
49	1	3581
1962	1	3569
2448	3	4
1864	3	1450
932	3	792
283	3	2647
1064	3	136
763	3	1965
2004	3	548
3044	3	1719
2962	1	3574
816	1	3626
2695	3	2981
2689	1	3612
1436	3	425
1928	1	3593
1298	1	3611
2751	3	2578
3013	3	2441
3094	3	3317
1064	3	3519
3054	3	252
41	3	1193
488	3	1922
3543	3	3549
3536	1	3574
141	1	3569
2210	3	3237
3243	3	3540
2560	3	2036
2502	1	3593
1023	1	3568
2886	3	1250
3067	1	3574
3020	1	3613
1945	1	3569
599	3	1245
554	1	3568
1015	1	3578
1435	3	169
2006	3	1929
2719	1	3573
6	3	2095
2057	3	161
343	3	2219
1911	1	3593
2358	1	3568
3207	1	3611
936	3	2661
2571	3	394
3044	3	564
1020	3	3472
51	2	3638
403	3	2165
1354	1	3569
1409	3	1667
1128	1	3568
1502	3	804
1935	3	161
1942	3	473
2223	3	1909
2929	3	1402
3080	3	982
1615	1	3754
124	1	3569
2385	1	3588
1747	3	2761
2711	1	3594
1006	1	3568
3233	1	3581
1194	3	2704
3050	1	3574
3440	3	3010
2777	1	3612
90	1	3593
537	1	3568
1820	1	3574
3149	3	564
1459	1	3569
120	3	3277
1022	3	2398
561	3	136
1637	2	3977
3126	3	687
3369	3	1242
1594	1	3584
2648	3	2036
67	3	2273
1111	1	3568
1425	1	3593
2151	3	1402
2124	3	1355
292	3	344
403	3	3454
1125	1	3584
107	1	3569
469	3	2544
700	3	674
1447	3	658
2033	1	3569
431	3	2398
3349	3	194
2805	3	3541
2406	3	3026
2896	3	1658
1696	3	330
1707	1	3574
2748	3	2014
2990	1	3580
3024	3	3249
506	3	3023
2821	1	3589
520	1	3568
1803	1	3574
491	3	2165
1442	1	3569
3026	3	308
571	3	2435
2983	3	3314
1853	3	1835
2288	3	3549
441	3	1506
2052	3	2717
476	3	762
1482	1	3601
647	1	3593
449	3	2435
3395	1	3589
347	1	3584
631	3	2202
1116	3	1721
388	3	3367
625	1	3568
2984	1	3679
3273	1	3589
173	3	611
1935	3	2739
2749	3	2981
2245	3	725
2167	3	1122
130	1	3601
2929	3	1536
3265	3	262
3461	1	3618
460	1	3574
1044	3	511
1682	1	3584
1455	3	2640
1199	1	3568
1500	1	3581
3426	1	3581
2086	3	431
1820	3	371
1630	3	2304
1852	3	266
3285	3	2835
3304	1	3581
2799	3	1546
2591	3	2512
3004	1	3572
461	1	3602
265	3	3464
1370	3	664
2374	1	3590
1613	1	3571
2462	3	1997
608	1	3568
735	3	3289
2398	3	2410
2633	3	384
1093	3	2398
2204	3	2304
113	1	3601
2656	1	3571
3057	3	2753
443	1	3574
1541	3	2434
615	1	3655
1157	3	1204
3437	3	2796
3409	1	3581
578	3	2498
2130	3	427
151	3	185
2644	3	2350
849	1	3614
1731	3	2720
2961	1	3575
2546	3	1124
1778	1	3574
674	1	3570
2600	1	3570
2987	1	3572
2518	3	1399
2077	3	1124
1624	1	3679
456	3	2262
619	1	3619
1488	3	1959
766	1	3585
1443	3	1911
1575	1	3626
1924	3	1835
2976	3	3519
426	1	3574
3127	1	3609
797	3	465
338	3	1122
3373	3	2835
1436	1	3599
806	1	3617
418	1	3584
732	1	3609
1179	1	3584
1240	1	3580
308	3	2450
1891	3	21
1512	3	1493
1922	3	2107
2910	1	3626
2944	1	3575
2610	1	3617
2684	3	1598
2291	3	1698
549	3	1204
1568	3	135
531	1	3574
215	1	3617
2298	3	2566
1453	1	3575
2275	1	3571
1539	3	1716
1231	1	3570
423	1	3590
1089	1	3626
2139	3	3026
2448	3	2850
1223	1	3580
2386	3	2031
869	1	3887
1939	3	949
415	1	3600
2493	1	3612
2776	1	3624
2990	1	3577
971	3	812
2561	3	941
2449	1	3568
414	1	3569
2590	3	491
2695	3	2794
2945	3	2497
3371	1	3569
555	1	3637
528	1	3590
1684	3	2893
228	1	3581
45	1	3574
2345	3	1372
224	3	3104
1959	1	3623
2845	3	425
144	1	3727
2077	3	1258
2332	1	3590
2879	1	3711
3004	3	1658
955	1	3624
106	1	3581
1402	1	3599
3215	3	1211
1102	1	3590
472	1	3608
1976	3	2131
835	3	745
3147	1	3657
1758	3	3251
292	3	1901
397	1	3569
3229	3	668
1215	1	3580
1202	1	3568
2313	3	3194
1313	1	3672
3246	1	3574
3411	3	2334
211	1	3581
28	1	3574
1429	3	3467
2434	3	2029
3184	3	2283
2593	3	2508
3244	3	3010
1759	3	3087
603	3	2167
1077	3	2943
2015	1	3581
89	1	3581
1747	3	2574
3048	1	3884
2077	3	2547
611	1	3568
2537	1	3568
2939	3	912
1147	3	2556
548	3	2216
1075	3	3215
2153	1	3705
807	3	1381
1785	1	3586
2415	1	3568
2656	3	2192
2754	3	211
2644	3	1679
2827	3	1333
3111	1	3568
1185	1	3568
3229	1	3574
1673	1	3606
3337	3	807
194	1	3581
2508	3	2751
604	3	679
2267	3	964
716	1	3568
3258	3	1507
1977	1	3785
1224	3	3067
2526	1	3819
1146	3	2300
1849	3	186
733	3	3240
2059	1	3577
2565	3	1245
2820	1	3577
2073	1	3593
1698	1	3572
2520	1	3568
261	3	879
2693	3	2836
3239	3	3317
1931	1	3649
2504	3	2931
2071	3	1130
2425	3	2722
1986	3	3467
3292	3	1288
599	1	3590
3530	3	2730
3294	1	3572
2435	3	699
299	1	3581
1720	3	2300
1800	3	2570
2588	3	3371
2497	3	3002
3094	1	3568
2655	3	623
2275	3	344
251	1	3589
2248	3	297
999	1	3577
1015	3	188
1332	3	1486
1784	3	2416
276	3	3015
1943	3	2895
1621	1	3569
2529	3	2116
3060	1	3592
3205	1	3645
684	3	2238
1760	3	444
1199	3	3077
1685	3	3202
2503	1	3568
1756	1	3584
2560	3	2333
2749	3	2794
2274	2	3650
1273	1	3568
2193	3	376
2633	3	2291
3277	1	3572
2301	3	135
282	1	3581
3326	3	1772
804	1	3568
3346	3	3406
134	1	3584
3452	1	3589
1869	1	3574
2140	3	2180
1567	3	3372
322	1	3613
1235	3	1216
2116	3	3406
682	1	3568
2365	3	251
1046	3	3210
3188	1	3645
3132	3	2605
720	3	1316
2371	3	2586
1419	3	1661
212	3	2273
3182	1	3568
1256	1	3568
118	1	3615
969	3	234
2040	3	3491
2661	1	3585
944	3	854
2479	1	3639
3414	3	1422
787	1	3568
3416	3	2089
3429	3	2855
492	3	1234
716	3	1496
605	3	2358
1418	1	3611
1852	1	3574
3279	3	3100
2526	3	1747
599	3	387
3479	3	481
43	3	3221
2591	1	3568
665	1	3568
719	3	1060
3437	3	3548
2089	3	2204
1106	3	3135
1132	3	324
3187	1	3574
1672	3	1278
2239	3	3443
405	1	3591
431	3	2695
390	3	188
2076	3	1259
1957	1	3574
2732	1	3609
3470	3	824
2308	3	2450
323	1	3593
770	1	3568
1579	1	3609
1365	3	1340
1835	1	3574
2418	3	3277
978	3	2648
1701	3	1767
2127	1	3593
3424	3	335
2526	3	592
1626	3	2081
2972	3	715
699	3	2435
136	1	3574
787	3	2459
951	3	2805
1350	3	493
427	3	1370
1139	3	761
305	3	2504
1610	1	3601
1276	3	1060
1940	1	3574
1942	3	904
1798	3	1047
2291	3	2450
380	1	3601
1101	3	2335
2449	3	3269
100	3	1135
6	1	3584
1208	3	1488
1818	1	3574
2640	1	3570
2675	3	1754
2414	1	3569
2442	3	3340
2514	1	3574
1194	3	691
56	3	738
3129	1	3678
2673	3	363
932	3	418
493	1	3591
1136	3	2722
1445	3	647
880	1	3593
1609	1	3698
3277	3	1658
2780	3	270
119	1	3574
2618	3	2856
2827	1	3568
3363	3	2735
470	3	2450
1046	3	1250
1816	3	330
1823	1	3569
267	1	3601
1016	3	2578
1773	3	2983
603	3	691
295	3	3372
1006	3	1012
1923	1	3574
532	1	3573
2301	3	2497
1862	3	1923
2556	3	1492
2845	1	3575
1454	1	3574
1915	1	3584
2956	3	3169
728	3	2493
1706	3	2327
2397	1	3569
3172	1	3604
2515	3	1204
2063	1	3611
3182	3	1654
1573	3	2952
2343	3	2032
2511	1	3590
772	3	1032
2359	2	4025
2211	1	3581
2318	3	2652
2028	1	3574
102	1	3574
2548	1	3705
1623	3	578
2871	3	29
344	3	2815
2728	1	3570
730	2	3874
589	1	3581
1685	1	3774
2941	3	3261
1957	3	2441
676	1	3574
2963	3	2697
1760	3	1062
861	3	3157
60	1	3608
1899	1	3645
2380	1	3569
3543	1	3637
870	3	720
207	1	3574
2487	3	3549
989	1	3568
2993	3	2308
1160	3	691
1360	3	2179
3220	3	645
355	1	3601
2298	1	3571
2656	3	2005
3108	3	2935
2011	1	3574
85	1	3574
2953	3	1316
3366	3	3203
173	1	3598
126	1	3637
773	3	2927
2989	3	2707
2838	3	2927
77	1	3584
1590	3	3086
2692	3	2070
1990	3	3100
2921	1	3624
2485	1	3569
1704	3	299
1930	1	3637
2594	1	3568
1047	3	1990
628	3	2649
2291	3	2934
2889	3	416
341	3	3406
373	1	3581
190	1	3574
3481	1	3589
2377	1	3585
231	1	3637
2043	1	3627
1719	3	1507
2177	1	3581
216	3	3061
674	3	691
59	3	2495
183	1	3645
735	3	687
1549	3	929
2699	1	3568
1243	3	2359
2815	3	2275
266	3	687
2129	1	3589
2927	3	720
2751	3	2688
2034	1	3606
1513	1	3623
2468	1	3569
359	3	3443
609	3	3146
2934	3	1588
2956	3	270
1660	1	3589
138	1	3570
2761	1	3649
3244	3	3252
1047	3	3279
356	1	3581
494	3	2294
2434	1	3593
3539	1	3601
1075	3	2223
551	1	3569
2712	3	623
1300	3	2546
658	3	3549
2160	1	3581
292	3	2198
1710	3	2981
1230	1	3590
1718	1	3628
3369	3	63
1340	3	2578
569	1	3576
2247	1	3574
821	3	2700
1406	3	1668
2497	3	1660
3182	3	3077
599	3	2294
3332	3	2422
3469	1	3584
3374	3	647
328	3	1835
3448	3	3110
624	3	3367
39	1	3572
861	1	3568
1242	3	2836
982	3	813
739	3	3085
1291	3	3464
1817	1	3575
2455	3	1694
3039	1	3585
255	3	2463
1456	1	3570
1175	3	1797
1890	3	196
2665	1	3568
2035	1	3586
45	1	3655
3527	3	1040
3043	3	418
1748	1	3589
1051	3	2294
606	1	3849
691	3	1929
3443	3	432
1448	1	3580
1220	3	3194
2480	3	1660
702	3	512
444	1	3581
1176	3	3342
2259	3	1507
2219	3	694
979	3	2717
2943	3	2318
3239	1	3568
639	1	3569
2616	3	363
1942	3	1872
1002	3	1460
1995	3	196
3210	3	3310
2770	1	3568
3363	3	320
3464	3	3183
1650	3	540
409	1	3574
324	3	3540
62	1	3604
109	3	1194
640	3	3087
2979	3	457
438	3	1507
209	1	3570
1806	1	3601
2396	1	3581
3232	3	2578
1131	1	3571
1866	1	3604
3340	3	647
1113	3	1722
1345	3	105
622	1	3569
1397	1	3604
2014	1	3574
3275	1	3791
3566	3	2721
926	3	2484
1050	1	3634
2753	1	3568
540	3	234
2466	3	988
1868	3	3153
193	1	3601
1871	1	3599
3046	1	3648
1387	3	1360
1210	1	3585
3136	3	2722
2532	3	1017
50	1	3626
2364	3	2796
950	3	2362
1423	3	1778
3301	1	3582
2567	1	3610
2247	3	2441
932	1	3568
2470	3	2097
335	3	558
3143	3	557
3362	3	618
105	3	2663
3447	3	1089
2508	3	3182
103	1	3643
2699	3	691
2311	3	1803
526	3	1507
1038	3	1073
440	3	3238
2195	1	3671
1032	1	3603
2543	3	186
2642	3	3136
1434	3	136
2872	3	1997
3259	1	3616
1004	2	3905
2749	3	1936
1193	1	3585
1146	1	3624
3059	1	3612
661	1	3695
1879	3	581
97	3	3438
2102	1	3574
2675	3	2856
3358	1	3590
1210	3	3257
1434	3	3519
1553	3	24
3063	3	445
289	1	3591
1140	3	964
2842	3	292
181	1	3596
1157	3	2253
2589	1	3581
663	1	3581
3364	1	3616
2346	1	3601
3387	3	742
3013	3	3169
746	3	2343
1733	1	3609
2167	1	3572
2365	3	2776
2163	3	1196
3070	3	2827
1998	1	3581
1311	3	808
1755	1	3601
2455	3	3467
2085	1	3574
765	3	691
978	3	501
1224	3	1754
258	3	1901
2572	1	3581
705	3	186
2498	1	3573
3071	3	2855
4	3	2967
516	3	2533
937	3	3067
3155	1	3602
2245	3	1908
3327	3	12
1590	3	2899
695	3	3501
446	1	3577
2262	3	3197
2414	3	1310
370	3	140
529	3	619
2150	1	3572
2972	1	3568
3321	3	3497
1613	3	2198
1797	3	1704
2142	1	3582
2038	1	3592
198	3	3423
2068	1	3574
751	1	3581
3077	3	1012
3234	3	1578
2374	3	1436
1955	3	1007
1286	3	2717
3138	3	2709
3546	1	3568
2178	3	310
1529	1	3590
1594	3	1756
950	3	402
477	1	3569
1585	2	3968
2555	1	3581
1808	1	3597
623	1	3683
1625	1	3590
2802	3	3221
3030	1	3607
1447	1	3592
3464	1	3570
3013	3	2364
2698	3	1733
2475	3	913
129	1	3568
1252	1	3634
1778	1	3818
2173	1	3574
2955	1	3568
143	1	3584
493	3	3210
2989	3	1146
2799	3	3079
3147	3	1211
3396	1	3645
678	3	2720
3098	3	3410
395	1	3601
1061	1	3637
1617	1	3611
805	3	699
2566	3	322
734	1	3581
3529	1	3568
2006	3	1852
1316	1	3571
1954	3	1690
2538	1	3581
646	3	405
2967	3	2814
1142	3	951
3205	3	1250
827	1	3657
2311	3	193
2247	3	1770
500	1	3601
1035	3	2737
71	3	1077
2856	3	3087
497	3	1286
77	3	194
2534	1	3569
1588	3	114
1721	1	3580
2304	1	3601
67	3	1846
715	3	3549
1156	3	818
2365	3	816
2529	3	587
2896	3	292
2630	1	3569
1863	3	2816
2018	1	3608
2078	3	1573
285	3	1857
3151	3	3023
239	1	3574
2212	3	2672
2588	3	2192
282	3	1159
3253	1	3622
335	1	3574
955	3	373
884	3	3136
2696	1	3598
952	3	2893
881	3	2438
3521	1	3568
1405	1	3602
2300	3	1383
2281	3	2810
2517	1	3569
3006	3	1630
3439	1	3570
621	1	3725
249	3	2728
2404	3	592
2613	1	3569
222	1	3574
3292	3	1398
141	1	3626
1363	1	3636
885	3	3547
90	3	2434
214	1	3584
1700	1	3568
2622	1	3569
696	1	3569
828	3	2576
2379	1	3589
607	3	2776
1645	1	3617
1258	3	1588
2028	3	668
207	1	3655
2546	3	1852
989	1	3649
2556	3	2273
1281	1	3668
2077	3	1852
2392	1	3574
3422	1	3570
1270	1	3569
1815	3	299
2302	3	2175
2835	3	981
2421	3	1507
2192	1	3570
1488	1	3580
2936	3	3491
801	1	3569
563	3	510
1418	3	3259
2870	3	3237
1427	3	1175
428	3	468
1683	1	3568
2919	1	3613
635	3	3234
543	3	2259
1029	3	2384
679	1	3569
2605	1	3569
2703	3	324
2417	3	1687
2777	1	3669
1628	1	3617
2450	1	3613
3054	3	2537
2294	3	3124
210	1	3569
2898	1	3649
3246	3	107
299	3	2582
1245	1	3785
2702	1	3630
310	1	3574
383	1	3730
2375	1	3574
1063	3	2165
1253	1	3569
2319	3	1370
2666	3	3060
1899	3	1089
466	3	2492
1886	1	3660
3213	1	4074
691	3	2815
737	1	3608
784	1	3569
1559	1	3604
1186	3	913
3545	3	2714
884	1	3574
774	3	3194
2588	1	3569
2696	3	745
3169	3	161
1447	3	1654
687	3	2995
850	1	3598
2831	3	2450
674	3	1122
807	3	2914
1142	1	3617
293	1	3574
2093	3	821
2312	3	128
889	1	3569
2515	3	1769
2254	1	3584
2569	3	2598
3537	1	3590
1236	1	3569
1771	1	3568
2147	3	2578
576	3	824
3071	3	2318
1063	3	3454
1424	1	3598
1445	3	2501
767	1	3569
1602	3	3067
250	3	3273
1616	1	3612
2308	3	2560
1381	3	2914
2556	3	2407
1770	3	1109
1815	3	2877
1461	3	3184
3567	1	3757
2559	3	72
2973	1	3637
2646	1	3581
2134	3	2398
2779	3	3002
1341	1	3569
2814	3	2450
1035	3	2416
48	1	3660
161	3	3346
943	3	687
1350	3	603
872	1	3569
937	3	436
2600	3	721
2135	3	2779
466	3	1687
1233	1	3585
1007	1	3584
2618	3	2616
750	1	3569
3184	3	3011
2023	3	2446
1507	3	1929
1770	3	2398
3476	3	2485
1940	3	1286
1455	3	603
2736	3	3561
988	3	361
2920	3	3067
1935	3	1641
2219	3	186
125	3	1211
604	1	3613
1224	3	2856
1479	3	3514
2313	3	1828
855	1	3569
1630	1	3604
2259	2	3780
3221	3	1211
508	1	3599
987	3	3138
2632	3	1292
1812	1	3580
2448	3	679
99	3	2709
2734	1	3581
3317	1	3602
3332	3	1698
3170	3	120
521	1	3584
529	3	1721
2204	1	3604
2211	3	1135
1869	3	457
938	3	1550
3126	3	2167
3000	3	1997
1103	1	3574
1989	3	376
2745	3	3002
912	1	3756
1826	3	3110
3096	3	3495
2025	1	3575
2386	3	799
1321	1	3585
3234	1	3573
884	3	1660
1719	3	2422
879	3	295
913	1	3581
1261	3	96
1748	3	1972
2515	3	2253
2589	3	2261
192	3	2758
2919	3	2234
1632	3	2223
809	3	1621
973	1	3584
1987	3	1223
299	3	1911
2583	1	3627
174	3	2347
1022	3	1784
2717	1	3581
306	3	2779
3053	3	1835
2351	3	38
3085	3	363
3300	1	3602
1399	3	1365
342	3	389
2319	3	699
889	3	3375
1416	3	402
1908	1	3570
2853	3	2566
206	3	1461
3471	3	3142
925	3	2827
3487	1	3600
1378	1	3593
3126	3	1012
1359	3	1683
3291	1	3581
570	1	3613
2483	1	3601
2304	2	3989
896	1	3581
700	3	3443
3557	1	3614
745	1	3630
1193	3	521
1626	1	3568
334	3	3237
491	3	1551
1812	3	404
708	3	400
2776	1	3681
282	3	1911
2056	3	2300
1	3	3475
670	1	3591
487	1	3584
2631	3	1422
129	3	2622
1041	1	3819
1009	1	3571
1546	3	2799
1666	1	3600
2817	3	1538
3296	1	3587
3398	3	3366
2799	3	3026
1606	3	2566
2019	1	3626
1779	1	3590
136	3	457
1694	3	338
1583	1	3571
2692	3	86
3049	3	3304
283	3	423
2286	3	174
3403	3	1698
3540	1	3614
1177	3	935
2170	3	425
2934	3	1698
3387	1	3571
1174	1	3574
1445	3	2180
1319	1	3627
1475	1	3587
2088	3	2928
2220	3	2215
1649	1	3600
2629	3	2044
376	3	2398
2998	3	2978
2343	3	3215
2237	3	1060
299	3	2045
3306	1	3634
3353	1	3595
2291	3	1889
3453	1	3600
957	3	1917
1003	3	3345
163	1	3646
212	3	1846
2059	3	1637
3403	3	2987
730	3	2249
1853	1	3753
1932	1	3609
252	3	2434
1198	1	3637
1810	3	3069
128	3	1211
1926	1	3711
1258	3	246
2784	1	3569
2059	3	1987
2444	3	3221
626	3	3390
3036	1	3586
3062	3	2690
2578	3	2421
2662	1	3569
1469	3	3182
1698	3	292
2187	3	1690
1445	1	3581
2068	3	668
3110	3	2294
2729	3	867
582	3	2404
733	1	3601
1845	1	3568
1181	1	3637
2623	3	785
2510	3	1381
2707	3	1596
854	1	3581
2767	1	3569
1264	3	679
2874	3	3549
1640	3	3026
2867	1	3574
1146	1	3600
1029	1	3598
1641	3	3087
1970	3	2646
3258	3	2853
1282	3	884
2645	1	3569
3180	1	3568
1728	1	3590
3504	3	1662
1869	3	3519
1428	1	3581
2250	1	3577
1458	3	2299
1720	1	3600
389	3	3062
2057	3	3548
2495	1	3635
2974	3	3174
1038	3	2927
3125	1	3617
914	3	950
1729	3	1798
3277	3	292
29	1	3590
3438	3	2347
1828	1	3568
1390	3	1229
1935	3	3548
2164	3	658
367	3	1347
2404	3	3266
2750	1	3569
2122	3	163
2774	3	2976
2777	1	3616
1359	1	3568
2025	3	1987
363	3	2116
829	1	3591
338	3	2736
2702	1	3577
181	3	2113
529	1	3582
2790	1	3601
1062	3	2051
3477	1	3612
3520	3	2695
3126	3	691
1957	3	3169
2186	3	279
1411	1	3581
3324	1	3569
3258	3	1698
2640	3	1122
1933	1	3568
795	1	3615
3334	3	3108
929	1	3569
405	3	3371
812	3	3287
3284	3	550
1623	3	3184
1811	1	3568
3107	1	3586
452	1	3815
3148	1	3649
3463	3	2663
3354	3	3226
1342	1	3568
405	3	338
123	3	2050
0	3	679
2038	1	3568
112	1	3568
2259	3	1751
512	1	3582
2464	3	440
3103	1	3574
2631	1	3657
377	3	1923
3224	3	2482
1916	1	3568
91	3	3094
918	3	3348
2267	3	2444
2838	1	3569
912	1	3569
1328	1	3710
1400	1	3607
2310	3	3174
1546	3	384
36	3	2036
2512	1	3574
2864	3	3056
2443	3	270
742	3	2283
1696	3	1623
2733	3	1521
1678	3	3464
1486	1	3569
2604	3	252
1199	1	3572
2021	1	3568
63	3	949
1088	3	687
1978	2	4002
2420	1	3730
2462	3	1062
1017	1	3569
1957	3	2364
2097	3	1462
696	3	1794
2382	1	3584
1972	2	3751
2850	3	2815
3086	1	3574
3168	3	2275
1899	1	3568
3378	1	3593
1612	3	988
543	3	1751
461	1	3606
969	1	3577
2040	3	299
137	3	1486
720	3	1507
1222	3	2917
1713	1	3580
2518	3	3497
3155	3	375
2787	1	3593
3191	1	3574
1265	1	3574
2632	1	3637
1820	3	725
301	1	3634
904	1	3569
1957	3	270
2004	1	3568
78	1	3568
2018	1	3584
3069	1	3574
1000	1	3569
828	3	1852
50	3	1472
1963	3	1107
2600	1	3574
674	1	3574
3061	1	3584
526	3	1751
737	3	3146
1596	1	3575
652	1	3568
2879	1	3581
1370	1	3574
2892	1	3593
818	3	1578
666	1	3584
114	3	1588
1672	3	1469
1396	1	3571
2397	1	3626
2844	1	3601
5	1	3570
814	1	3611
3174	1	3574
1012	3	2815
1248	1	3574
3292	1	3580
645	3	3110
2697	3	2927
3159	3	1530
2170	1	3575
2269	3	2081
483	3	1179
2690	1	3706
2843	3	1142
779	1	3574
3314	3	645
2371	3	1033
3052	1	3574
1078	3	2288
3140	1	3598
3298	3	3153
271	3	2914
802	3	700
1027	3	3467
311	3	2563
2583	1	3574
3405	1	3570
2935	3	3056
2934	3	2450
2291	3	1702
3209	3	1180
1320	3	1648
2862	1	3581
70	1	3568
1353	1	3574
1797	3	659
2128	1	3609
1718	2	3776
2616	3	2030
647	3	3373
3057	1	3569
785	3	114
2380	1	3626
15	1	3617
3163	3	1044
3453	3	3459
3157	1	3574
1231	1	3574
497	1	3602
1963	3	3335
2047	1	3672
3513	3	3405
3311	3	1825
1853	3	229
2393	3	2347
1151	3	2596
762	1	3574
715	1	3613
1611	1	3617
1768	3	2566
1847	3	2422
2577	3	1853
2493	1	3616
1337	3	268
2823	1	3589
300	3	17
3139	3	3209
251	3	2216
3041	1	3600
3445	1	3581
752	3	1683
1336	1	3574
2111	1	3609
1054	3	1195
2558	1	3584
1377	1	3637
1698	3	105
820	1	3613
1773	3	3174
2319	3	1935
3481	1	3646
884	3	3246
1954	3	645
2985	1	3618
627	1	3568
928	1	3581
2796	3	376
2854	1	3581
2140	3	761
3053	3	38
1924	1	3590
2247	3	3169
1359	3	2919
906	1	3575
2666	3	592
3403	3	1645
1441	1	3574
3155	3	1798
2129	1	3646
1506	3	441
3406	3	1754
2934	3	1645
643	3	2398
699	3	1821
549	3	403
3079	3	1698
2416	3	2935
3532	1	3571
559	3	824
1319	1	3574
2724	1	3591
1333	1	3590
1794	1	3600
2424	1	3582
2439	3	1678
3246	1	3578
211	1	3585
1370	3	2441
2677	3	114
1311	1	3584
3050	3	3087
1228	3	2497
964	3	1422
1133	1	3586
2856	3	2981
1016	3	86
2837	1	3581
1577	1	3617
785	3	2692
2774	3	2983
3308	3	322
679	3	3402
10	3	3213
575	3	194
686	3	3304
1424	1	3574
1429	3	438
1607	1	3581
2402	3	1913
1766	1	3707
420	1	3575
2997	3	770
1072	3	2521
1027	3	1507
1485	1	3581
2953	3	1507
3411	1	3581
121	1	3627
2560	3	109
3289	3	2688
2337	3	3261
194	1	3585
2012	1	3590
580	3	1909
744	3	3343
81	3	608
1651	3	2722
686	3	1210
1917	1	3637
1890	1	3590
1976	3	1330
2712	1	3586
2852	3	1067
362	3	1673
1590	1	3581
2919	3	3015
2523	1	3681
3342	1	3568
3438	3	3449
95	3	2165
620	3	2497
1612	3	2545
299	1	3585
1121	1	3581
1719	3	1698
3394	1	3581
294	3	603
492	1	3660
3034	3	1599
2308	3	1381
624	3	1330
289	3	3210
999	1	3581
369	1	3599
95	3	3104
665	3	1040
679	3	1658
1995	1	3590
69	1	3590
2441	3	376
2912	1	3569
799	1	3577
2247	3	270
2477	1	3575
358	3	2792
3325	1	3568
2842	3	215
1273	1	3572
2095	1	3568
2981	3	427
282	1	3585
1104	1	3581
1702	3	1698
1757	3	3133
2855	3	2273
483	3	1797
1309	3	300
1318	1	3805
767	3	342
1686	1	3571
1056	1	3589
2746	3	3392
2895	1	3569
295	1	3570
248	1	3609
709	1	3619
1978	1	3590
2733	3	2273
3430	1	3568
266	3	2167
954	1	3856
240	1	3619
1706	3	3352
2719	3	1476
677	3	2663
2252	3	1760
2870	3	3481
3046	1	3705
330	3	2693
1966	3	679
3182	1	3572
1953	3	1812
95	3	1360
916	3	750
292	3	295
2078	1	3568
1068	3	2835
438	3	2853
1087	1	3581
3301	1	3639
3472	3	1486
618	3	1408
1970	3	849
2195	3	1172
2209	3	2352
886	1	3725
3293	1	3649
1330	3	18
1863	3	161
2302	3	325
2239	3	2508
2878	1	3569
2454	3	2410
3413	1	3568
2185	1	3660
439	1	3571
322	3	3289
512	3	192
2963	3	1278
2230	3	1912
2918	1	3601
338	3	0
1776	3	2770
266	3	1012
1907	3	363
2480	3	1262
3248	1	3574
3243	3	592
1044	3	1967
2061	1	3568
1098	3	2796
1867	3	125
1070	1	3581
2983	1	3569
1391	3	3229
3506	1	3617
2657	1	3574
438	3	1698
3034	3	2083
2167	3	1073
2285	3	325
361	3	1345
2949	1	3593
3396	1	3568
1440	1	3586
232	3	2167
2693	2	4038
942	3	2419
3025	3	1487
956	1	3718
836	1	3601
1521	3	2435
1687	3	974
2095	3	1496
2166	1	3568
2614	1	3604
2995	3	2815
3231	1	3574
3136	1	3591
1302	3	2949
3489	3	307
1128	3	3110
305	3	2508
1422	3	3221
1291	3	2850
1880	3	1605
2480	3	107
1936	3	3454
2762	1	3574
2765	3	3230
3054	1	3593
1464	3	1093
3481	3	2216
2640	1	3574
2619	3	1982
3006	1	3601
2053	1	3568
601	1	3590
2164	3	1089
3336	1	3574
1576	3	1776
2267	3	647
1049	1	3569
2129	3	2216
85	3	292
849	3	2672
2149	1	3568
593	1	3600
2236	3	1369
3214	1	3574
1145	1	3569
3454	3	1784
1660	3	2216
2434	3	557
82	1	3685
3126	3	1122
5	3	3405
2957	3	1150
2819	1	3582
2023	3	2690
1754	3	1414
526	3	1698
2745	1	3574
2919	3	250
2551	3	131
2950	3	3090
1657	3	3238
1875	3	2693
120	3	679
3236	3	1548
232	1	3568
279	3	1912
2545	1	3570
1751	3	1625
1673	3	2022
1398	3	3292
1154	1	3569
1667	3	51
2167	3	268
3232	1	3581
85	3	642
2989	1	3601
2036	1	3568
3182	3	1658
3319	1	3574
2585	1	3602
1506	3	254
1698	3	268
806	1	3568
998	1	3582
1798	3	3279
321	1	3639
924	1	3574
2556	3	1846
2751	3	114
500	3	2415
2850	1	3574
3020	3	3289
2628	1	3569
1467	3	3430
1736	3	1353
3098	3	3467
3308	3	3168
161	3	1846
1730	3	1455
2728	1	3574
2843	1	3645
3013	3	3360
2856	3	2794
550	3	1761
3079	3	2450
215	1	3568
1498	1	3574
3549	3	2275
633	3	2140
1137	1	3569
1157	3	2794
3302	1	3574
1346	3	3255
361	3	1829
2490	3	3470
355	1	3605
789	1	3568
1073	3	2940
2386	1	3599
907	1	3574
2833	1	3574
200	1	3649
1140	3	2444
1711	1	3569
1258	3	2450
3017	3	497
3531	3	730
320	1	3568
673	3	1038
2534	1	3626
2385	1	3568
1865	3	1820
3284	3	3209
3560	1	3617
5	3	156
2229	3	3079
1300	3	322
2711	1	3574
1781	1	3583
198	1	3568
1344	3	1658
1212	3	1207
127	3	1496
1481	1	3574
2486	3	3297
3407	1	3574
1120	1	3569
894	1	3568
373	1	3585
3551	3	3067
1413	1	3649
49	3	358
772	1	3568
2816	1	3574
786	1	3584
2069	1	3590
617	1	3612
1405	1	3659
2597	3	1104
1152	1	3611
1551	3	436
1814	3	905
266	3	691
3129	3	2304
1166	3	2010
2151	3	3266
3349	3	174
2482	1	3589
2656	3	265
2070	3	691
2582	1	3594
877	1	3568
976	3	2828
3525	1	3589
1149	1	3852
2993	3	1507
214	1	3641
2278	3	3108
2692	3	330
3513	3	2547
3539	1	3605
1656	3	436
2247	3	1022
1473	1	3574
2248	1	3609
1363	3	1295
602	3	188
3125	3	3423
1365	3	1962
286	1	3568
1569	1	3574
2175	3	1445
1287	3	1195
2313	3	3495
2471	3	2223
2647	1	3592
132	1	3673
2343	3	3459
2881	3	2658
801	1	3626
1865	1	3571
1588	3	305
1623	3	2005
1773	3	2316
1645	3	687
2871	3	1456
2885	3	2828
3304	3	3257
2802	3	1668
744	3	3290
1639	3	436
1456	1	3574
2515	3	2981
2786	3	1924
888	3	2558
507	3	1673
226	1	3574
232	3	691
1113	3	2881
1258	3	2934
2618	3	95
3032	1	3660
2876	3	3171
444	1	3585
1266	1	3581
85	3	3354
2448	1	3589
2852	1	3570
2950	1	3662
2688	3	109
2560	3	1345
287	3	3065
484	1	3617
778	1	3728
300	3	1387
2730	1	3570
432	3	674
1280	3	111
3470	3	3085
99	3	3221
1439	1	3574
2671	3	668
897	1	3616
331	3	440
2775	1	3803
435	1	3575
490	3	1673
2864	3	2816
209	1	3574
984	1	3609
1294	3	2422
671	3	1588
1431	1	3584
3317	3	188
889	1	3626
2748	3	3067
1913	1	3569
1847	3	1698
1429	3	2963
528	3	2758
1239	3	398
24	3	502
1444	1	3569
1156	3	2648
2094	3	703
2727	1	3575
3490	3	2978
125	3	3012
578	3	384
2543	3	1345
3332	3	2560
901	1	3580
703	3	2422
3463	3	679
93	1	3600
540	1	3575
1291	3	2663
1055	3	1077
163	3	3131
642	3	3354
898	3	511
130	1	3715
2706	3	849
3434	3	2068
2227	3	2680
2642	3	1262
92	1	3569
1341	1	3626
1550	3	2737
1690	3	1835
2163	1	3622
2536	1	3589
338	3	2041
192	1	3574
967	1	3609
1014	1	3570
280	1	3598
2814	3	63
2783	3	3229
3228	1	3628
2510	3	2914
677	1	3668
638	3	1090
85	3	105
3023	3	3086
1045	3	1006
2150	3	105
933	1	3633
1344	3	1337
1080	1	3599
2546	3	3332
208	3	2051
423	1	3570
2783	3	196
814	3	3259
156	3	725
1818	3	404
1156	3	1493
297	1	3574
1688	3	2693
2794	3	2398
187	3	3194
2559	3	1418
1665	3	361
3076	1	3613
2652	3	2454
3512	3	152
2198	3	2167
3257	3	1911
610	1	3568
1510	3	405
1968	1	3624
381	1	3604
980	3	2327
2642	3	107
2498	3	1395
3169	3	2796
705	3	1345
3369	1	3568
3503	1	3647
209	3	2815
1398	3	72
12	3	1436
3467	3	3077
663	1	3585
2332	1	3570
2215	1	3568
1585	1	3586
3354	3	437
1985	1	3600
114	3	1698
1396	3	344
1536	3	196
956	1	3665
1685	1	3591
2410	3	3238
2935	3	2816
3520	3	1784
355	3	3306
98	1	3571
1984	1	3569
2359	1	3590
645	3	3220
252	3	1068
561	3	2612
1844	3	2618
3381	1	3596
2540	3	1690
2198	3	1012
3403	3	2560
868	1	3590
2418	3	1134
973	1	3641
3169	3	1641
851	3	2347
456	3	282
2072	3	1751
2737	3	1935
2198	1	3568
163	1	3569
3514	3	1883
3004	3	2927
2466	3	1476
304	1	3637
2999	1	3619
2972	1	3572
1278	3	1274
2316	3	1778
2291	3	2751
1561	1	3657
1373	3	2920
401	3	361
1295	3	3317
2802	3	2286
265	3	679
377	1	3568
3428	3	3229
3038	1	3601
3546	1	3572
3257	3	2045
2889	3	1172
235	1	3624
3422	3	1258
2597	3	917
269	3	849
2696	3	3514
1027	3	2422
2780	3	571
299	3	3257
146	1	3569
2181	1	3568
943	3	2167
665	3	666
825	3	1751
2854	3	1135
3077	1	3572
3314	3	2983
2502	3	964
3464	1	3574
951	1	3568
321	1	3586
1820	3	1908
2995	1	3574
3296	1	3644
113	3	108
1282	3	457
2031	3	297
1591	1	3618
3489	3	1893
482	1	3568
2947	1	3582
2736	3	1658
387	3	2722
3435	1	3620
2286	1	3568
360	1	3568
415	3	1666
2741	3	2434
534	1	3581
2821	3	2704
2953	1	3665
2362	3	2216
918	3	3137
582	3	3266
1687	3	466
1791	1	3601
3060	1	3572
2164	1	3568
3447	1	3574
2194	3	387
1360	3	2130
3160	1	3577
2263	3	3002
2860	1	3568
494	3	2461
934	1	3568
836	3	695
405	3	2005
2548	3	1608
1228	3	163
465	1	3568
1904	1	3591
1550	3	2416
922	3	2347
1929	3	765
543	3	2129
2185	3	3174
2269	1	3568
2316	3	1912
295	3	1929
2515	3	2794
3285	3	2628
861	3	425
1425	3	964
2069	3	981
2378	3	805
1455	3	3372
1013	1	3582
3092	3	1772
2113	1	3581
1522	3	2523
2784	1	3626
1305	1	3601
3000	3	444
917	1	3568
1635	1	3574
2950	3	138
1405	1	3606
41	1	3652
448	1	3568
3373	1	3581
2927	3	671
2609	3	2695
1879	1	3601
2654	1	3636
3258	3	2560
3371	3	1611
888	1	3614
2327	1	3580
1140	3	647
2374	3	1924
2100	3	2693
380	3	1988
3026	1	3572
2464	3	363
2096	1	3581
553	1	3568
600	3	1912
703	3	1296
1992	1	3591
3201	1	3589
955	3	1666
2578	3	384
1618	1	3574
2269	3	2459
3064	3	1320
2362	3	2350
694	3	700
1142	3	1089
3322	1	3569
802	3	3522
914	3	68
2209	1	3571
179	1	3581
3191	3	3035
1914	1	3763
3097	3	1040
3485	3	3146
1286	3	1111
812	1	3672
2198	3	691
2725	1	3660
721	3	1686
2036	3	1012
3020	3	687
3414	1	3584
3121	3	3197
3219	1	3626
473	3	1486
1723	1	3574
3262	3	3463
1053	1	3590
2373	3	355
1686	3	344
2770	3	2276
3427	1	3569
536	1	3568
2074	3	2097
3197	1	3601
491	3	937
1271	1	3601
584	1	3590
1601	1	3574
440	3	2116
257	3	18
1480	3	2533
1461	3	960
2309	1	3734
2088	1	3581
1019	3	1761
2075	1	3569
2424	3	1778
2675	3	1734
1780	1	3761
2591	3	3378
154	1	3591
1631	3	979
1376	1	3601
1398	3	2918
1706	1	3574
3285	3	668
3410	1	3569
2046	1	3615
2283	3	3026
2544	3	384
1584	1	3574
148	3	1487
1482	3	1106
267	1	3581
1699	1	3645
2180	1	3569
2842	3	109
354	1	3574
1176	1	3570
1576	1	3584
1854	3	2149
1462	3	2855
2616	3	664
3169	3	3548
2295	1	3843
2756	3	2415
2593	1	3568
51	3	86
1589	1	3569
749	3	2269
1616	1	3616
33	1	3601
1862	3	2842
1689	1	3574
114	3	2450
430	1	3671
1213	3	1089
2127	1	3707
3134	1	3623
2576	3	1012
1655	1	3598
2163	1	3569
3032	3	1909
1310	3	3402
2281	3	1204
3308	3	700
337	1	3574
3026	3	1658
1223	3	2449
873	1	3634
1156	3	501
2576	1	3568
1370	3	3169
1632	3	3032
2407	3	3067
790	1	3575
2963	1	3570
1572	1	3569
3405	3	2815
865	1	3644
1640	1	3679
3125	3	821
3151	1	3599
261	3	322
355	1	3581
342	1	3569
1373	3	2733
2285	1	3930
2411	3	3237
2964	3	1778
3526	3	1650
2217	3	3131
2517	3	696
2913	3	2203
2446	1	3578
2453	3	1109
2146	1	3569
2508	3	2544
3179	3	2589
755	1	3568
1049	1	3679
2470	3	2398
257	3	502
213	3	1993
3510	3	2815
1960	1	3581
1455	3	1546
1850	1	3730
2719	3	2070
2736	3	532
1700	3	695
288	3	2618
2955	3	3458
3061	1	3641
0	3	870
3481	1	3569
1690	3	38
532	3	2070
1370	3	2014
2251	1	3569
908	1	3590
114	3	1645
576	3	3406
799	3	3062
3254	3	935
3388	3	135
3010	3	2422
3147	1	3584
3371	3	2229
2129	1	3569
2572	3	3420
75	3	714
738	1	3568
1651	3	417
84	3	2794
2566	3	3522
215	3	1122
1943	1	3581
1024	1	3689
3113	3	92
1243	3	3278
2263	3	2815
3398	3	1142
1795	1	3584
1342	3	3431
1653	1	3640
3079	3	2560
3539	1	3581
3158	3	325
1134	1	3570
2805	3	1992
1726	1	3598
2234	1	3569
2896	3	109
1381	3	3402
1380	3	2796
1453	1	3636
3372	3	2640
1230	1	3570
2697	3	890
461	3	460
496	1	3598
1908	1	3574
2311	2	3922
122	1	3581
697	3	1810
2200	1	3593
2510	3	2406
376	3	2618
1427	3	1797
1905	1	3785
2253	3	300
2504	3	2508
317	1	3569
1370	3	270
2822	1	3585
74	1	3589
607	3	1304
896	1	3585
879	3	1588
460	3	1913
3074	1	3602
1222	3	75
2013	1	3574
527	1	3590
691	3	2498
2263	3	1660
2498	3	1476
2618	3	3104
142	3	3392
2695	3	2855
2842	3	2821
2960	3	3237
2016	3	2066
2231	1	3585
2734	1	3719
2688	3	674
2879	1	3772
1883	1	3584
694	3	3546
1075	1	3604
1983	3	252
414	3	1609
2082	3	2095
1171	3	3485
744	3	1172
1697	1	3596
3475	1	3599
3505	1	3581
1996	1	3574
2246	3	1660
730	3	375
2931	3	3077
992	1	3575
3470	3	2522
2214	1	3585
828	3	3332
62	1	3584
1245	3	107
1467	1	3601
1941	1	3623
2928	3	2379
2164	3	3561
3053	1	3590
3104	3	2074
2107	3	1280
1866	1	3584
685	1	3637
1132	1	3612
1336	3	2522
1880	1	3600
936	1	3593
2788	1	3585
175	1	3574
502	3	849
1342	3	532
950	3	1992
2001	3	2508
170	3	592
1176	3	2167
2923	1	3600
2162	1	3581
3488	1	3581
489	1	3803
193	1	3581
975	1	3575
2030	3	2441
590	3	1812
1635	3	376
215	3	2545
3035	3	192
3462	1	3769
303	3	2569
295	3	2815
1780	1	3574
1150	1	3592
2353	3	2856
3036	1	3590
2618	3	3238
96	3	2451
2836	3	2693
268	2	3650
2519	1	3568
812	3	3157
2764	3	3352
59	3	1804
571	3	1370
3100	3	2059
3220	3	1243
2582	3	2595
1086	3	2209
158	1	3574
533	3	1224
1224	3	95
2688	3	3252
547	3	152
109	3	3402
738	3	1280
3250	3	444
1830	3	2613
1682	3	2215
2247	3	3360
696	3	375
2003	1	3637
2313	3	2450
3088	3	2485
3141	1	3590
854	1	3585
279	3	1701
3354	3	63
1894	3	1419
371	1	3569
1763	1	3574
2507	3	1596
761	3	2595
2096	3	2820
799	1	3634
2482	3	2216
2320	3	638
3467	1	3569
1165	3	2223
2550	1	3590
108	3	3146
3308	3	3546
2250	1	3581
812	1	3619
2633	3	2352
3317	1	3635
1671	3	2466
1124	3	3099
2301	3	196
1760	1	3815
2799	3	481
186	3	2543
2052	3	497
2853	3	1310
764	1	3627
2650	1	3568
1284	3	1330
102	3	969
1719	3	3044
2180	3	3054
2685	3	645
438	3	2560
3124	1	3590
3337	3	63
729	1	3590
1190	1	3600
1171	3	936
2445	3	3026
429	1	3581
109	3	1658
1651	1	3591
2953	3	1698
299	3	2533
3032	3	2661
2394	3	1761
3191	3	888
3477	1	3616
12	3	3290
3224	1	3568
1786	1	3606
1411	1	3585
2233	1	3581
3182	3	292
1073	3	285
1600	3	1637
2417	3	1988
1555	3	1179
1851	1	3574
3448	1	3662
2313	3	1645
2332	3	3026
1395	3	2167
3555	1	3569
1291	3	679
599	1	3785
1179	3	2215
1342	1	3572
364	3	3087
2338	1	3581
412	1	3581
2987	3	109
1634	1	3591
2038	1	3572
2628	3	3215
2927	3	3546
1461	3	2196
279	3	1835
3065	3	287
679	3	1849
3038	1	3577
846	3	2836
2738	1	3568
3212	1	3590
389	3	2261
1212	1	3582
986	1	3581
1747	1	3581
363	3	376
2549	1	3663
1447	1	3572
1834	1	3574
1922	1	3598
2101	1	3657
430	1	3618
2614	3	3357
3538	1	3569
1767	1	3699
2379	3	3131
330	3	1006
715	3	2240
1352	1	3619
763	3	363
2313	3	2934
2837	3	761
2908	1	3587
133	1	3718
395	1	3581
1816	3	1546
2019	3	1288
2308	1	3569
2373	3	2880
1391	1	3590
321	3	410
1088	3	691
536	1	3649
2030	3	1770
387	1	3591
2456	1	3596
3048	1	3624
3204	1	3584
17	3	3261
205	1	3645
1875	3	1461
2721	1	3568
1357	1	3614
561	3	2722
969	1	3581
1791	1	3577
2940	3	1258
1491	1	3568
571	3	699
2044	3	2917
500	1	3581
1403	3	2836
1626	3	2492
1966	3	870
2189	3	526
2270	3	1402
2810	3	3520
811	3	3364
668	3	6
1561	3	1211
2001	3	3126
3317	3	1721
2304	1	3581
2706	3	2032
2850	3	725
274	1	3591
881	3	2068
3336	1	3631
78	1	3572
866	1	3619
3201	3	1972
2907	3	2827
692	3	2917
3380	3	1833
1001	1	3634
2704	1	3568
330	3	3234
2745	1	3631
2675	3	2165
2300	1	3569
908	3	1890
2340	1	3972
2735	1	3785
1012	2	3907
1296	1	3570
3091	3	2862
1154	1	3626
766	1	3593
2363	1	3681
1049	3	2359
3212	1	3724
5	1	3574
1065	1	3571
2807	3	3536
1709	1	3569
2434	3	964
3346	3	2796
3392	1	3589
582	3	3026
2427	3	460
1166	1	3580
307	3	2044
2462	1	3598
1577	3	3183
2116	3	2796
647	3	2438
1401	1	3570
3398	3	1089
2644	1	3574
3405	1	3574
1660	3	3562
2283	1	3569
390	3	733
3383	1	3568
1751	1	3679
2385	3	3348
2864	3	161
2450	3	687
2753	3	3057
2622	3	1932
2379	1	3569
1027	3	438
2928	3	3131
2823	3	3481
1832	1	3774
1466	1	3568
428	3	3481
2273	3	161
2045	1	3584
344	3	3226
382	3	1682
462	1	3569
515	3	2720
851	3	2591
1493	3	1588
3176	3	2753
1613	3	1507
1260	3	3174
2278	3	937
788	3	813
1211	3	2367
2266	1	3569
1436	3	2690
2158	1	3574
700	3	361
1036	1	3569
567	1	3569
1151	3	506
535	3	1704
1758	3	2320
2958	1	3575
84	3	1936
372	1	3611
393	3	1760
1431	3	2264
1449	1	3568
1555	3	1797
1567	1	3574
2224	1	3603
445	1	3569
617	1	3669
3101	3	3417
3402	3	1588
1934	3	2398
1461	3	1875
3472	3	3100
405	3	960
1521	3	1821
2315	1	3766
3243	1	3665
97	3	3231
2141	1	3574
3226	3	2422
1019	1	3569
1381	3	2544
1794	1	3604
2032	3	602
1461	3	2814
1344	3	3004
3099	3	1820
550	1	3569
898	3	84
3277	3	109
2060	1	3637
1498	1	3765
1432	1	3568
2715	1	3574
1395	3	691
3476	1	3574
3431	3	943
3077	3	105
428	1	3569
2935	3	161
1350	1	3570
1865	3	1072
671	3	2450
1267	3	3237
441	3	2482
2275	3	1507
3128	1	3573
2124	1	3574
2899	1	3609
2020	1	3584
366	3	2796
2816	3	2522
1002	1	3569
2134	3	2378
3545	3	3252
2656	3	1611
2648	3	1857
940	3	558
3514	3	2261
1361	3	1846
3182	3	105
1563	3	982
2366	3	2815
3410	3	773
1567	2	3960
574	1	3632
2343	3	483
2862	3	917
2698	1	3574
2877	3	2350
3060	3	105
2412	1	3581
1782	1	3599
337	3	398
2270	1	3637
16	1	3577
1469	3	2544
299	3	252
1640	3	2038
1684	3	2446
2940	3	2815
2979	3	2612
215	3	2842
1196	3	3317
3297	1	3689
2107	1	3574
1773	3	279
2003	1	3584
565	1	3622
305	3	1089
443	1	3611
1309	3	2398
1520	1	3568
2670	3	2007
2774	3	1243
2775	3	1304
2817	1	3590
516	1	3569
3263	3	2096
3403	3	1194
1800	1	3636
2411	3	1708
3056	3	1224
132	3	369
2527	3	2032
1901	3	1645
699	3	1370
3099	1	3571
3164	3	2882
327	1	3637
671	3	1645
212	3	403
796	3	2929
2898	3	1715
3135	3	299
1414	3	2398
3317	1	3582
285	3	361
3512	1	3570
2935	3	2739
879	3	3308
1135	3	465
1390	3	1180
2131	1	3637
2178	1	3598
2508	1	3571
2680	1	3671
723	3	1658
2969	1	3581
295	1	3574
3504	3	1963
2444	3	2367
2189	3	3372
278	1	3769
114	3	2560
2361	3	645
2500	1	3581
1345	3	3549
287	1	3584
3098	3	1698
300	3	2733
2956	3	1754
1426	3	3261
557	3	3304
2678	1	3590
1781	3	2261
1085	3	745
869	1	3574
1644	1	3609
1631	3	3317
2900	1	3568
2546	3	2450
3072	3	3196
779	3	2929
609	3	1597
1087	1	3585
1134	3	1929
722	3	1402
2673	1	3574
3495	1	3570
2229	3	371
1104	3	3257
3340	3	1997
2329	3	376
403	3	376
1424	3	1664
2408	3	3238
2783	1	3590
1261	1	3571
1589	3	3351
2483	1	3581
842	3	2613
1038	3	1134
2879	3	3471
854	3	521
1287	1	3568
1355	3	2432
3478	1	3738
3005	3	1598
1187	3	603
852	1	3574
1458	3	1445
2817	1	3724
2883	1	3568
893	1	3637
2733	3	533
1919	1	3628
3340	3	2347
418	3	2512
844	1	3584
338	3	943
1666	1	3580
2966	3	2330
359	3	3183
181	1	3657
662	1	3581
898	3	2796
1351	3	168
1692	1	3577
2416	3	2618
3323	1	3614
3364	1	3677
3023	1	3605
2766	1	3590
2376	3	1626
106	1	3618
1732	1	3609
2396	3	3260
253	1	3584
2131	1	3771
2699	3	2041
2929	3	902
51	3	330
743	3	1706
1589	3	2196
2759	1	3661
1610	1	3609
2874	3	951
634	3	2071
13	3	5
398	3	1239
491	3	376
380	1	3609
827	1	3584
1472	3	2571
3155	3	2770
532	3	86
1416	3	3549
2972	3	1073
3492	1	3730
228	3	3290
234	3	744
840	1	3569
1042	3	3532
845	3	2153
1423	1	3590
2988	3	1756
940	1	3574
1333	3	2945
1406	3	2347
236	1	3584
337	3	3110
751	3	1086
1060	3	2983
1220	3	1995
2492	3	974
2728	3	1396
2927	3	2688
2316	3	1835
2521	3	524
3157	3	404
2297	1	3599
82	1	3689
2656	3	2229
3449	1	3568
2845	3	2690
841	3	2333
1419	3	2153
606	1	3589
2445	1	3569
1955	3	1068
432	3	3443
524	1	3591
571	3	1935
204	3	2422
3185	1	3624
85	3	646
2858	1	3568
776	1	3608
2615	1	3588
3545	3	63
3532	3	51
402	1	3591
594	3	1234
2476	3	1580
368	1	3604
321	1	3643
631	3	1702
1398	1	3600
2136	3	405
3432	1	3568
252	1	3657
2283	3	371
308	3	1816
2428	1	3569
1751	1	3626
1433	3	650
1110	3	1545
407	1	3586
1498	1	3578
3064	3	1243
3543	1	3645
2349	3	2652
1641	3	3067
1208	3	102
2252	1	3649
1387	3	161
2301	3	3205
3129	3	3463
1611	1	3568
174	3	2595
607	1	3569
287	3	1646
1732	3	2476
1030	3	1433
642	3	646
2122	3	3176
2533	1	3569
2555	3	2533
2934	3	2751
3415	1	3568
2155	1	3604
1681	3	1211
3128	3	988
1394	1	3585
2353	3	2616
310	3	3197
2411	1	3569
94	3	437
1447	3	292
35	3	2215
1020	1	3568
1494	1	3590
1627	3	2045
2303	1	3574
2466	3	1667
2699	3	3464
3071	3	17
3302	3	1000
1716	1	3568
585	3	58
3550	3	3067
3203	3	1377
1058	3	1316
3387	3	1637
2452	3	1426
3551	3	3071
595	3	3287
1594	1	3568
860	1	3596
2516	1	3569
1224	3	3238
3251	1	3602
1125	1	3568
405	3	3351
3398	1	3568
68	3	2874
195	1	3577
3060	3	268
2394	1	3569
2168	1	3568
2012	3	3079
86	3	3079
488	1	3657
1177	1	3581
1310	3	2036
2058	3	2434
3208	1	3575
1699	1	3568
438	3	1381
340	3	125
695	1	3569
1470	1	3661
625	3	3248
1934	3	2695
696	1	3630
979	3	497
1577	1	3568
3201	1	3646
969	3	2149
843	1	3596
2874	1	3590
116	3	2101
2499	1	3569
2507	3	1706
347	1	3568
1108	1	3568
2870	3	2359
1906	3	3173
2392	1	3635
658	3	524
3543	3	1573
1909	1	3619
2151	1	3568
3104	3	2318
2869	1	3574
2239	1	3592
3179	3	1223
1445	3	3367
1635	3	270
1671	3	2576
1589	3	2814
605	3	1240
1645	3	691
1682	1	3568
1997	3	2582
874	1	3588
2832	1	3681
2189	3	152
678	1	3569
2172	3	1690
1751	3	3402
3076	3	2240
548	3	2521
3077	3	402
3039	1	3593
2278	1	3574
2570	1	3593
1091	1	3568
2202	3	1857
2270	1	3584
502	1	3649
1876	3	2407
3013	3	1754
526	3	1381
2852	1	3574
555	3	3183
113	1	3585
3144	1	3593
3211	3	1851
1665	1	3568
1068	3	558
2956	3	2856
1136	3	2759
661	1	3569
325	3	2434
2439	1	3572
2728	3	2953
2261	1	3574
2868	3	2051
897	1	3620
701	1	3601
3002	3	2005
1031	1	3574
2700	3	976
327	1	3584
271	3	2544
889	1	3630
3360	3	3013
1309	3	2695
1437	3	3532
2835	1	3574
673	3	2815
766	1	3569
2877	3	553
1695	3	192
767	1	3630
3054	3	854
1611	3	691
440	1	3574
1689	1	3631
73	3	1690
2203	3	2971
167	1	3612
764	3	1315
2945	1	3590
418	1	3568
1799	3	367
1395	3	1122
1021	3	3549
94	3	3149
1014	1	3574
1789	1	3609
2776	3	2365
3426	1	3699
148	3	389
3166	3	813
2456	1	3706
2718	1	3569
2903	1	3681
2038	3	3354
545	1	3574
2825	3	3549
3464	3	1447
2818	1	3574
2132	3	2142
3012	3	1474
423	1	3574
1719	1	3592
3321	3	3371
1119	1	3574
1222	3	587
2439	3	3402
415	1	3584
3226	3	1698
2811	1	3581
1502	3	2345
2823	1	3569
608	3	1288
1719	3	1194
667	1	3601
997	1	3574
3409	1	3699
1138	3	2749
1611	3	2919
3431	3	2663
2204	3	3361
187	3	165
917	3	2596
219	1	3750
528	1	3574
2465	3	2810
2920	3	95
2030	3	3169
879	3	2450
2758	3	3243
2737	3	650
694	3	86
1667	3	807
1300	3	1294
3108	3	878
3181	1	3617
2332	1	3574
3154	1	3570
2192	3	2067
2807	1	3600
1286	3	497
1102	1	3574
845	3	222
1247	1	3627
1784	3	2855
1267	3	1924
1537	1	3598
2806	1	3569
1997	3	1911
2963	3	2518
3039	3	2029
980	1	3574
2271	3	2862
2482	3	2005
694	1	3581
1419	3	222
511	1	3574
2439	3	1658
1690	1	3590
3135	3	730
586	3	1215
1683	3	752
356	1	3618
3050	3	3067
1133	3	229
2670	3	344
2291	3	1816
255	3	1211
985	1	3569
1568	1	3590
315	3	403
440	3	2441
1085	1	3574
1173	1	3598
2683	1	3666
81	1	3575
3187	3	249
517	3	114
505	3	1853
2134	3	2943
3077	3	2450
2707	3	234
1493	3	1698
1229	3	623
554	3	3037
1434	3	2722
1598	3	995
3116	3	63
494	1	3574
2075	3	3378
136	3	2612
2540	3	2983
3486	3	849
2128	3	2456
3404	3	295
669	1	3591
2275	3	2422
2931	3	1845
3201	3	2216
2774	3	869
3372	3	603
1296	3	1258
160	1	3589
1917	1	3617
892	3	3350
1963	3	1355
3552	3	1632
1115	4	608
782	1	3581
270	3	2398
1074	1	3600
1719	3	1678
2193	3	2454
3026	3	105
438	3	1194
623	3	2394
2030	3	270
3402	3	1698
2586	1	3581
283	3	484
322	3	691
3239	1	3605
3246	3	1136
2446	3	1721
1356	1	3581
2315	1	3876
1843	1	3767
3160	1	3581
1234	1	3581
2056	1	3577
547	1	3570
2571	1	3662
1722	1	3619
1756	1	3568
2230	1	3590
1469	1	3571
2086	3	3261
1588	3	2566
2633	3	2275
957	3	1978
1274	1	3613
3560	1	3568
2243	1	3575
2643	1	3589
428	1	3679
2579	3	665
2751	3	765
3341	3	745
485	3	2444
3091	1	3568
1078	3	2886
905	1	3618
3442	3	2444
1339	1	3581
2253	3	2935
467	3	2033
2130	3	2318
2470	3	1784
2492	3	466
532	3	517
439	3	2308
1309	3	1219
2067	3	2038
1002	1	3679
2113	1	3585
2298	3	3168
2601	1	3623
1739	1	3568
3136	3	2759
2661	1	3569
1995	3	2461
1317	3	1912
3532	3	2576
1537	3	1280
2121	3	2661
2226	1	3575
3198	3	2618
2840	3	2920
2701	1	3601
2837	3	3367
2380	3	1072
3234	3	2070
828	3	1645
1513	3	3062
1146	3	3357
635	1	3570
166	3	2707
2537	3	325
764	3	189
2110	1	3601
114	3	1381
1654	3	295
1995	3	367
3013	3	2856
2351	3	1872
3209	3	623
3210	3	3481
2699	3	1667
1833	3	2408
3080	3	108
1852	3	2291
2582	3	558
2610	3	3110
1427	1	3581
2717	3	3017
109	3	1365
3517	3	2079
3012	3	3381
3014	1	3574
1767	1	3622
1693	1	3614
1175	3	813
2036	3	1016
3009	3	592
1230	3	3002
828	3	2934
1827	1	3568
3365	3	2097
3510	3	1396
1875	1	3590
483	3	1911
836	1	3581
2673	3	2441
2518	3	2485
1360	3	2618
204	3	1698
2423	1	3574
2917	3	1893
3261	3	3238
2789	1	3601
3379	1	3581
2465	3	2273
2934	3	3182
832	1	3569
2975	3	1747
1807	3	1812
6	1	3568
1845	3	268
3470	3	2097
198	3	3110
1303	1	3647
2997	1	3574
2169	3	2434
2376	3	3480
3420	3	1438
976	1	3591
601	1	3570
635	3	1148
2179	3	2855
2521	3	1089
2528	1	3574
1589	3	78
1249	1	3757
384	3	603
1558	1	3581
904	3	1290
2502	3	647
1358	3	3240
3441	1	3790
385	1	3591
2772	1	3601
618	3	2461
262	3	603
3508	3	149
1176	1	3574
2766	3	13
921	3	135
815	1	3569
2236	3	2288
2452	3	2796
1915	1	3568
2828	3	2316
3038	1	3634
3072	3	1212
2593	1	3572
3183	3	1316
3354	1	3591
2980	1	3574
525	1	3628
2733	3	643
2885	1	3591
2975	3	592
2215	3	1179
1940	3	2449
659	1	3582
152	3	2600
292	3	1698
1434	1	3617
483	3	1106
1186	1	3827
102	3	221
298	1	3577
1664	3	861
1541	1	3581
1763	3	1559
1825	3	3306
2487	3	3183
1551	3	1221
316	1	3782
350	3	2697
1533	1	3591
705	3	2451
142	1	3590
3085	1	3574
1295	3	2195
572	1	3568
598	3	2672
2070	3	1476
690	1	3574
2576	1	3572
908	3	658
1946	1	3590
2963	1	3574
790	1	3579
1646	1	3581
3104	3	2749
2402	3	1706
1753	3	3561
838	1	3601
1779	3	3002
1746	1	3586
3329	3	3072
2494	1	3574
3513	3	3332
742	3	250
3182	3	2927
281	1	3577
3450	1	3581
1027	3	1300
1875	3	2457
601	1	3704
2968	1	3569
1701	3	3174
3330	3	100
2931	3	1658
3068	1	3574
3174	3	140
3484	3	3378
1183	1	3637
17	3	1224
1493	3	2450
555	1	3568
673	1	3574
3457	1	3581
1373	3	3087
1629	1	3581
1124	3	1546
1821	3	1224
2377	1	3569
670	3	1259
2431	1	3663
3087	3	2749
1862	3	2041
336	1	3672
725	3	250
346	3	1722
1574	3	1438
1730	1	3590
735	3	671
168	3	2478
676	3	2449
1247	1	3574
2469	1	3584
271	3	2036
2951	1	3569
1847	3	1194
646	3	2670
784	2	3882
2673	3	1770
3402	3	2450
2175	3	1075
3490	3	2474
538	1	3568
501	3	691
1505	1	3617
2582	1	3574
552	1	3584
2573	3	805
1612	1	3581
1686	3	3060
142	1	3724
1508	1	3591
471	3	1666
696	1	3606
2097	3	1657
2156	3	3441
2636	3	2005
1230	1	3574
2592	3	3317
1995	3	1924
1654	3	1852
2486	3	3061
2167	3	1671
122	1	3585
2934	1	3569
3002	1	3679
2647	1	3572
164	3	564
3149	3	308
1717	1	3581
3075	1	3637
1493	3	1645
3520	3	2435
3210	3	2005
754	1	3645
1716	3	1122
2044	3	75
684	3	880
934	3	1337
1801	3	2347
508	3	2848
494	3	3567
2117	1	3568
548	3	2497
1939	1	3570
2616	3	2441
2700	1	3589
3497	3	1820
799	3	2261
1483	1	3601
2258	1	3636
3429	3	2652
120	3	3371
692	3	75
2270	3	1943
1337	3	679
1698	3	3549
10	1	3602
2705	1	3584
3446	1	3670
3402	3	1645
2942	3	551
2576	3	345
305	3	1012
2189	3	2006
3287	1	3574
2544	3	1006
3369	3	2275
2831	3	3076
2100	1	3568
1876	3	878
2719	3	114
1696	1	3569
3536	3	465
3384	3	100
1467	1	3605
640	3	3071
846	3	3511
1720	3	137
2554	3	2366
2864	3	2796
3500	1	3569
2988	1	3593
1374	3	2672
2149	3	2707
2240	3	3076
2045	3	465
1132	1	3616
1113	3	1706
428	1	3626
1954	3	1995
380	3	3094
1250	3	2005
1608	3	558
2388	1	3575
2465	3	1147
1858	1	3598
3270	1	3574
2346	3	299
2930	3	2825
3402	3	2934
2273	3	2796
3488	1	3585
2801	1	3574
3262	1	3584
2434	3	2444
1679	1	3569
2134	3	2435
3158	3	813
1373	3	2416
1210	1	3569
2675	3	1551
658	3	1573
1612	3	1667
344	3	384
206	1	3570
161	3	939
2956	3	2616
1476	3	86
1438	3	2384
1675	1	3749
1727	3	2294
664	3	511
2450	3	2167
2561	3	551
547	3	2600
2864	3	1641
2943	3	1497
1230	3	1660
2815	3	1588
3159	1	3622
2960	3	2786
1855	1	3614
1561	3	1886
629	3	2373
553	2	3744
2647	3	1658
2259	3	1625
3245	1	3584
2003	1	3641
2275	3	2853
1913	3	188
1554	1	3574
1507	1	3613
658	1	3570
2205	3	2459
2584	1	3570
1068	3	668
371	1	3573
1193	1	3569
2476	1	3575
2959	1	3591
3358	1	3574
1151	3	1047
325	3	100
1067	3	1546
2354	1	3575
1767	1	3569
2692	3	578
2898	3	1772
1400	3	3527
350	3	2510
3024	1	3589
292	3	2450
2935	3	2796
3321	3	2192
385	3	3076
1537	1	3574
2166	2	3905
2484	3	3237
2616	3	1770
349	3	944
1951	1	3604
2275	3	1698
429	1	3585
172	1	3570
287	1	3641
1981	1	3568
3341	1	3574
46	1	3574
3055	1	3581
3215	3	3049
323	3	2442
1229	1	3586
646	3	1194
43	3	2347
359	1	3568
438	3	2914
1568	3	229
1134	3	1986
2074	3	2398
2140	3	2595
2312	3	1588
2739	3	491
3195	1	3618
2077	3	63
3225	1	3600
2925	1	3591
3184	3	3182
1258	3	3182
1127	3	2057
431	3	1821
0	3	687
2333	3	603
1964	1	3568
1375	1	3649
402	3	3210
3512	3	266
1816	1	3571
1539	3	305
1869	3	2722
2920	3	3238
1529	1	3574
2441	3	571
3038	1	3581
2449	1	3662
2108	1	3590
2405	3	1637
960	3	807
2773	3	1403
1808	1	3581
3279	3	3515
305	3	691
2983	1	3630
211	3	769
1310	3	2414
2769	1	3789
292	3	1645
2690	1	3580
105	3	687
143	1	3568
1063	3	376
2943	3	2920
3201	3	3131
3030	3	1193
210	3	3546
3143	1	3581
1217	1	3581
2308	1	3573
2270	3	3500
206	3	343
425	3	404
642	3	2663
1947	1	3568
2021	1	3576
526	3	2914
1017	1	3577
1268	3	196
2200	3	854
1918	3	1812
2077	3	2291
703	3	2670
3431	3	679
3543	1	3568
1357	1	3618
2137	2	3900
1791	1	3581
3196	1	3598
1738	3	1722
1924	3	3002
2038	3	215
376	3	2435
2089	3	525
547	3	1929
3024	3	2456
14	3	679
126	1	3568
404	3	1379
1846	3	2618
2346	3	917
3467	3	2036
3148	3	2898
164	3	1316
236	1	3641
1930	1	3568
219	3	2751
2105	3	2749
1896	1	3581
2603	3	1135
3213	1	3574
2810	3	491
2198	3	1476
700	1	3568
1805	3	2330
2704	1	3572
2746	3	904
3232	3	1086
1740	3	295
1130	3	2300
3526	1	3568
514	3	3498
120	3	3184
231	1	3568
2262	3	282
2375	3	1053
136	3	2722
1837	3	1854
2546	3	547
2782	3	969
2370	1	3587
2844	1	3609
1117	3	400
2170	3	2690
2741	1	3815
596	2	3800
3109	1	3581
779	1	3582
149	1	3600
1879	1	3581
2267	3	1997
86	3	3002
735	2	3776
683	1	3568
437	3	3495
1401	1	3574
2992	3	1373
1953	1	3600
1627	3	813
3162	1	3598
214	1	3568
2167	3	679
393	1	3627
2896	3	2504
2450	3	691
3456	3	193
1862	3	3277
60	1	3673
3387	3	405
988	1	3572
2874	3	1142
2318	3	3067
528	3	107
3494	1	3649
1766	1	3581
1864	1	3673
250	3	679
159	1	3647
2058	1	3600
1027	3	1381
1354	1	3610
279	3	229
1862	1	3581
3149	1	3592
2620	3	1619
2345	3	2889
1384	1	3574
1957	3	2856
77	1	3649
2393	3	1766
3526	3	1146
3560	1	3678
1362	3	2130
325	3	1068
197	1	3568
200	3	1504
908	3	1089
1263	3	843
3088	1	3569
3131	1	3591
3190	3	3348
71	3	2134
1426	3	1492
1254	1	3584
1370	3	571
2702	1	3614
1159	1	3601
672	1	3624
68	3	1992
3137	3	2900
183	3	2817
1602	3	1762
3068	3	668
1667	3	246
215	3	268
1111	1	3609
2576	3	2736
2950	1	3589
3251	1	3659
2841	3	3061
1367	1	3574
2189	1	3570
549	3	2855
1686	3	2202
2120	3	2165
3137	1	3766
1122	3	1310
1811	1	3605
1865	3	3170
315	3	1936
1379	3	1881
2094	1	3617
1841	1	3569
2677	3	2566
2914	3	3402
1153	3	1527
324	3	3471
220	1	3600
2704	3	1658
2915	3	1211
3015	3	250
3311	3	3472
85	3	1187
2471	3	1345
1243	3	2774
2254	1	3568
802	1	3590
547	3	1258
2419	3	19
2641	1	3570
2917	3	714
213	1	3671
1324	1	3577
746	3	2140
1250	1	3569
3176	1	3569
3545	3	604
2739	3	2398
1350	1	3574
33	1	3581
501	3	1122
1195	1	3618
2946	1	3574
2612	3	279
3145	3	3249
3416	3	3472
1824	1	3569
465	1	3816
2529	3	3283
1006	3	2850
1224	3	1551
3182	3	109
1067	3	2648
1363	3	1706
1936	3	161
2410	3	937
457	3	136
1457	3	904
3520	1	3574
485	1	3581
2482	3	289
177	3	1761
1233	1	3569
3159	1	3569
1007	1	3568
2663	3	204
2914	3	1658
3004	1	3613
16	1	3581
1929	1	3569
1812	3	3287
1121	1	3589
583	3	2965
103	1	3574
1497	3	1492
2811	1	3568
1387	3	1641
2929	1	3574
2195	1	3602
743	1	3624
1807	1	3569
1854	3	1913
883	3	2193
805	3	2590
416	1	3568
635	3	1258
1528	3	1709
2342	1	3568
3191	1	3611
1338	1	3569
1049	3	2042
1427	3	2582
3545	3	1345
2260	1	3570
1474	3	99
2893	3	1488
2243	3	3491
3503	1	3574
2769	1	3602
2853	3	322
3216	1	3577
3142	1	3569
1521	3	1370
870	3	114
905	3	1814
689	3	3026
1499	3	2509
1912	1	3569
2445	3	2038
521	1	3568
2466	3	114
3085	3	2441
804	1	3580
1687	3	3292
206	3	156
1350	3	2815
3512	1	3574
2280	3	3381
2585	3	2075
2170	1	3612
1321	1	3569
2742	3	2288
2810	3	2398
91	1	3569
30	1	3573
664	3	2097
1267	3	2786
2196	3	3099
2694	3	2649
3108	3	2679
973	1	3568
2386	3	1722
120	3	2647
1455	3	2815
1966	3	687
987	1	3584
2966	3	3489
1895	1	3569
502	3	1284
1350	3	721
1983	1	3593
504	1	3568
965	1	3578
1576	3	1650
2437	3	1853
1899	3	402
3010	3	308
3489	3	531
3495	1	3574
300	3	3087
1561	1	3584
497	3	2022
2336	1	3619
3487	1	3584
1304	1	3569
2022	1	3575
1078	1	3568
559	3	161
2275	3	2934
2000	1	3569
74	1	3569
2098	3	2223
3473	3	6
2100	3	2136
161	3	1370
3551	3	363
3028	3	698
1674	1	3574
2247	3	2856
2266	1	3602
2773	3	1350
2859	1	4044
3445	1	3618
1493	3	2560
487	1	3568
3175	1	3591
3320	3	364
3099	3	564
1069	1	3911
3263	3	1645
1692	1	3581
1187	3	1546
2255	3	3549
2357	1	3765
2398	3	491
3252	3	1546
86	3	2815
3023	1	3609
1544	1	3584
17	3	2273
2032	1	3622
1061	1	3568
68	3	3549
556	3	1533
1779	1	3574
3288	1	3581
1075	1	3584
728	1	3614
1348	3	2857
184	3	2183
1821	3	2273
1997	1	3585
3226	3	3044
3534	1	3700
691	3	384
882	3	1111
1657	1	3574
496	3	25
1802	1	3627
1822	3	25
2028	3	465
1843	1	3690
2132	1	3600
1761	3	3209
3381	1	3657
3402	3	2560
1832	1	3591
1188	1	3574
66	1	3569
1243	3	3392
1151	3	2417
1101	3	1758
2706	1	3600
985	1	3626
1531	3	770
3271	1	3581
1129	3	702
1762	1	3574
2963	3	481
577	1	3660
2007	3	295
758	1	3575
2197	1	3598
3564	3	324
3223	1	3589
1923	3	2693
3119	1	3599
1766	3	2127
2923	1	3580
1373	3	2981
1997	3	3257
1671	3	807
816	3	3310
2695	3	2030
2847	3	3361
1073	3	720
1072	3	114
700	3	3561
1632	1	3584
49	1	3569
1521	3	699
3467	3	2333
603	3	114
1150	1	3572
1636	1	3754
555	3	2919
2642	3	2746
41	1	3579
527	1	3704
2989	1	3609
3085	3	1770
146	1	3630
679	3	1345
1928	1	3581
2751	3	2566
727	3	222
1619	3	67
1698	1	3613
1745	1	3574
1003	1	3791
215	3	3464
1871	3	2881
2030	3	3360
2485	3	1399
2024	1	3581
2522	3	939
3263	3	1779
17	3	2407
2126	3	2061
2566	3	2831
3492	3	2625
2509	3	1304
3015	3	63
393	1	3574
3094	1	3609
3501	3	188
2484	3	1924
526	3	2995
1493	3	3044
305	3	1122
1060	3	1243
442	3	1421
1009	3	2422
2874	3	1089
2673	3	2014
2653	3	1690
2273	3	2556
1728	1	3574
2503	1	3609
981	1	3590
2169	3	1068
3406	3	2864
681	1	3581
261	3	2209
1675	3	953
77	1	3596
2280	3	1555
2688	3	2077
1743	3	1798
764	1	3607
1657	3	2441
351	1	3793
2466	3	1671
114	3	3182
464	1	3598
2316	1	3590
1784	3	363
3233	1	3569
1497	3	366
90	1	3581
2016	1	3581
2161	1	3634
3049	3	2267
1716	1	3572
1086	1	3590
2038	3	646
831	3	905
2498	3	785
392	3	2404
331	3	2408
549	3	1863
2790	1	3585
2086	3	1224
2626	3	3342
361	3	3126
251	3	2521
1452	1	3628
1425	1	3581
3338	1	3569
2774	3	1060
3380	3	2268
195	1	3581
1109	3	2935
674	3	114
1417	1	3591
2673	3	270
3243	1	3616
899	3	437
2990	1	3568
400	1	3637
1669	1	3608
2596	3	1637
547	3	266
803	3	2675
2815	3	1698
2144	1	3634
2979	3	2779
3256	1	3601
3277	3	2504
493	3	2820
1052	3	2347
85	3	1134
2726	1	3624
1059	3	3215
407	1	3724
139	3	2717
3214	3	325
2399	1	3568
700	3	1012
94	3	2669
469	3	438
647	1	3581
1541	3	194
2284	1	3671
2935	3	2556
3321	1	3569
67	3	3550
1108	1	3572
2504	3	1012
178	1	3581
2518	3	2192
3279	3	1047
370	3	1978
278	1	3586
2521	3	2301
2560	3	2508
2973	1	3568
1044	3	2943
1982	1	3581
1477	3	1546
2036	3	1073
2450	3	1122
2504	1	3568
258	3	1645
2644	3	1049
752	1	3581
3426	1	3569
405	3	1611
1500	1	3569
2874	3	1573
2225	3	18
3068	3	2254
2382	1	3568
671	3	2751
1360	3	2675
1793	1	3649
2353	3	2165
2423	1	3631
1999	3	2472
3304	1	3569
3078	1	3568
2487	3	1012
3289	3	2993
1383	1	3591
1989	3	1462
2464	3	2652
2040	1	3593
1665	1	3572
2487	1	3568
2495	3	1705
1476	3	330
570	3	1012
3409	1	3569
2445	3	1046
2172	3	2983
404	3	2294
3314	3	279
996	3	985
897	1	3624
1069	1	3724
3061	1	3568
2406	3	115
2616	3	3169
3004	3	1512
40	1	3591
17	3	2086
2455	3	2406
666	1	3568
2704	3	1150
1426	3	2273
2675	3	640
3247	3	933
3392	1	3569
95	3	376
1240	1	3568
1555	3	2582
2600	3	2291
2508	3	1316
3527	1	3584
2353	3	1360
2576	3	1073
3123	3	440
2215	3	2175
3425	3	1116
1829	3	1089
3044	1	3568
2210	3	810
265	3	2647
2498	3	114
2330	3	1893
3341	3	3514
3071	3	2733
649	1	3568
1704	3	2434
198	3	2362
3170	3	1340
54	3	471
2192	3	3226
94	3	120
687	3	1316
2213	3	3022
2153	3	222
1582	3	2434
2410	1	3574
308	3	344
5	3	3226
229	3	135
112	3	325
1373	3	2794
1395	3	1476
1223	1	3568
1864	1	3649
2044	3	587
292	3	3044
1045	1	3570
1711	1	3606
3149	1	3568
1835	3	1701
3381	3	1422
1654	3	2714
2685	3	1243
2534	1	3663
1337	1	3589
871	3	1761
1078	3	3561
2634	3	331
1819	1	3574
3405	3	3226
2467	3	1761
632	1	3568
3532	3	2312
825	3	1625
228	1	3569
1313	3	2417
1740	3	405
2515	3	440
2609	3	2435
606	1	3756
1006	3	1187
2229	3	1611
2393	1	3574
1539	3	2993
1995	3	3136
3085	3	2522
1368	3	1055
2032	1	3569
2388	3	592
2807	1	3604
3117	3	2417
3154	1	3574
1924	1	3574
3146	1	3584
398	1	3588
2418	3	2647
1990	3	1047
1978	3	2786
2616	3	270
2367	3	981
2576	3	268
2176	1	3591
2189	3	1929
2896	3	2264
2898	3	1211
3076	3	1573
292	3	1889
1587	1	3672
1665	3	1658
1206	3	416
1802	1	3574
2435	3	1492
3125	3	3110
617	3	497
2286	3	3488
1215	1	3568
1333	1	3574
3306	3	2672
3168	3	1588
369	3	297
211	1	3569
884	3	1136
2242	1	3620
765	3	114
1317	3	493
2376	1	3574
3127	3	744
2779	3	2612
163	1	3577
2015	1	3569
1505	3	1276
3436	3	2288
21	1	3633
577	1	3607
638	1	3603
1907	1	3574
2282	3	1224
2020	3	1008
114	3	2995
377	3	3464
785	1	3569
997	3	1880
2560	3	3126
3129	1	3584
169	1	3603
1109	3	2398
1904	3	1259
2647	3	292
1432	3	1150
1785	1	3574
2194	1	3756
1243	3	1245
3221	3	2915
2707	1	3575
405	3	2229
1198	1	3568
2481	1	3574
951	3	3464
2507	3	234
194	1	3569
1667	3	2450
2005	3	1089
2108	3	473
3332	3	3402
86	1	3574
861	1	3609
304	3	658
2700	1	3646
1763	3	6
1779	3	3543
234	1	3601
1660	3	2521
2073	1	3581
1890	1	3574
262	3	3372
2687	3	2926
2812	1	3575
226	1	3611
2043	3	465
1927	3	3160
599	1	3578
1546	3	2275
2688	3	735
1553	1	3672
206	3	2815
299	1	3569
1034	1	3602
1555	3	1911
104	1	3611
1181	1	3568
2464	1	3574
2594	3	1722
1073	1	3573
2815	3	2450
177	1	3569
185	3	1706
3297	2	4079
2842	3	3232
69	1	3574
3080	3	2758
1393	3	3171
269	1	3763
1459	3	2261
3088	3	3351
1507	3	384
2056	1	3581
1873	1	3574
2506	3	1492
3175	3	870
1139	1	3602
1365	3	1194
714	3	692
3197	3	3171
3047	3	608
643	1	3574
322	3	1045
3020	1	3898
282	1	3569
2930	1	3590
2065	3	436
2136	3	1645
1258	3	1816
1672	3	3010
101	1	3627
2488	1	3637
1667	3	1645
2954	3	2410
2904	3	3441
715	3	2972
1748	3	2521
2161	1	3581
3514	3	1436
52	1	3574
1492	3	2920
810	3	2776
22	3	811
818	3	86
1074	3	2495
2342	3	772
1679	1	3626
2544	3	2352
2762	3	1807
2888	1	3624
2039	1	3581
2791	3	1357
294	3	2815
1064	3	2649
1752	1	3584
2003	3	203
822	1	3593
192	1	3611
2275	3	2560
2926	3	618
61	1	3574
522	1	3584
1391	3	1924
1342	3	943
1357	3	2729
1849	3	308
71	3	2378
2566	1	3590
3403	3	3402
3448	1	3589
1522	1	3589
447	3	208
1729	3	3018
2613	1	3581
3397	3	3504
1192	3	3261
310	3	465
2815	3	1645
2218	1	3589
68	3	2236
602	3	1648
1679	3	2359
483	3	626
635	1	3574
2086	3	1521
2144	1	3581
76	1	3637
1555	3	2045
2255	3	3175
2312	3	2450
2897	3	1418
3245	1	3641
2794	3	2435
2953	3	2914
1801	3	444
3443	3	1546
2584	1	3627
2557	1	3580
2810	3	1219
916	3	2612
458	3	2730
2257	1	3571
2402	1	3624
1294	3	1654
105	1	3570
44	1	3574
1671	3	1588
533	3	1635
2403	1	3685
2522	3	1370
3358	1	3631
1427	1	3585
323	1	3581
193	3	2533
2101	1	3584
1890	3	1660
674	3	1350
3264	3	2035
2233	3	2399
2831	1	3571
2977	3	2792
2523	3	1751
2127	1	3581
2748	3	3238
618	1	3574
815	1	3789
2815	3	2934
2649	1	3568
1197	1	3590
2315	3	273
2904	3	192
1285	1	3614
3520	3	1821
2430	3	745
2969	3	358
3198	3	878
3289	3	2001
664	3	2796
867	3	465
2825	3	3366
532	3	3099
3523	1	3577
243	3	745
2302	3	2537
561	3	2649
3341	1	3631
188	1	3575
1635	3	571
512	3	2404
743	3	2625
1799	1	3679
2367	1	3596
1229	1	3643
2814	1	3571
3287	3	404
154	1	3599
601	1	3574
929	1	3634
1549	3	2877
1884	1	3580
2546	3	120
2632	1	3568
2930	3	3366
2247	3	2616
3317	3	1648
880	1	3581
3070	3	774
1369	1	3680
1431	3	2646
2095	3	325
1016	3	2566
606	1	3569
1171	3	2286
3167	3	2889
506	3	2503
185	1	3591
109	3	564
2462	3	3221
3402	3	1381
168	3	2348
477	1	3610
3472	1	3601
533	3	1769
2490	3	2165
1224	3	640
2615	1	3568
1955	1	3604
2979	3	3210
2291	3	694
298	1	3581
2009	3	2816
2211	1	3569
2889	1	3765
2648	3	361
3285	1	3582
1854	3	2507
2616	3	1022
2655	3	1229
1874	1	3667
1175	2	3924
510	1	3713
589	1	3569
640	3	363
741	3	1153
3421	3	668
2220	3	2898
3258	3	3402
777	3	2735
3491	3	3536
1907	3	1770
3530	3	1242
2303	3	3277
377	3	3277
1721	3	3317
530	3	697
2647	3	105
2758	3	1316
2253	3	2618
1682	3	666
1781	3	2509
281	1	3581
2194	1	3569
2596	3	3357
3450	1	3585
982	1	3627
2565	3	107
2283	3	2229
1482	3	309
2225	1	3786
1740	3	3385
2607	1	3568
396	3	2200
1907	3	2120
3156	1	3602
2018	1	3649
1769	3	2935
2526	1	3620
2914	3	2036
1074	3	3113
944	3	521
1377	1	3568
2502	3	3229
3507	3	2125
3171	3	2254
45	3	172
2759	3	1727
2097	3	2816
373	1	3569
518	1	3679
1006	3	1134
2365	3	1796
3365	3	491
1013	1	3619
3181	1	3568
2177	1	3569
674	3	679
3127	3	2785
786	1	3568
2069	1	3574
1295	1	3600
2517	1	3610
2105	3	712
2853	3	700
1587	1	3619
2191	3	2543
2030	3	3470
1279	3	3519
2075	3	2040
908	3	2301
3305	3	114
1998	3	1334
988	3	1073
356	1	3569
1225	3	1909
1539	3	846
2434	1	3581
3017	1	3602
3080	3	3174
468	2	3780
695	3	1932
3164	1	3568
3356	1	3582
0	3	2167
1151	3	1722
2160	1	3569
2814	3	2007
3009	1	3612
21	1	3580
3029	3	1909
792	3	3491
1324	3	1883
2052	1	3574
2126	3	3110
2239	3	1016
1733	3	1712
241	3	921
2038	3	2850
2200	1	3601
2268	3	2465
2799	3	1160
2481	3	184
1731	1	3601
2239	1	3572
1343	1	3568
2822	1	3593
1876	3	2037
2634	3	2856
273	1	3725
1233	3	2434
730	3	1538
339	1	3569
2265	1	3569
1308	3	194
874	1	3568
3226	3	1194
3410	3	700
3057	3	2367
1021	3	951
897	3	3138
3222	1	3580
2613	3	1747
950	3	2216
2198	3	1667
1917	1	3568
2231	1	3593
2035	1	3574
2333	3	3372
1701	3	279
2825	3	951
1316	3	1698
1986	3	3402
3076	3	715
1448	1	3568
1232	3	1443
783	1	3785
2183	1	3601
10	1	3606
444	1	3569
617	1	3730
1722	3	1738
1326	1	3568
2445	3	1611
2653	3	645
9	1	3575
305	3	1016
475	3	96
737	1	3649
96	1	3568
857	1	3568
2086	3	2273
2100	1	3572
663	3	125
362	1	3601
2214	1	3593
836	3	3094
2408	3	937
1835	3	38
2783	3	1924
1042	3	2036
939	3	3406
1694	3	700
1431	1	3568
1267	3	2359
2396	1	3569
1086	3	3372
376	3	1821
2827	3	2907
941	3	465
1250	1	3626
2788	1	3593
1813	3	2661
2027	1	3574
101	1	3574
3026	3	1345
1542	1	3645
1274	3	604
1603	3	3169
1360	3	2435
3332	3	2544
1986	3	1658
797	1	3574
1370	3	2856
1953	3	804
93	1	3584
1013	3	392
2547	3	1852
3077	3	3549
3414	3	418
2593	3	2927
2271	1	3601
2601	1	3574
2437	3	2365
362	3	799
1671	3	246
2793	1	3588
468	3	1456
1493	3	1194
292	3	2670
1665	3	2439
2189	3	266
2435	3	2273
3176	3	2359
4	3	2821
206	1	3574
1067	3	261
1536	3	1924
2704	3	3004
820	3	2919
2856	3	363
2993	3	2914
1307	1	3634
2607	3	1630
2084	1	3582
3203	3	1625
2010	1	3574
2649	3	3053
450	1	3601
2302	1	3593
2351	3	884
780	1	3574
2699	3	679
2002	1	3584
1372	1	3602
3113	3	1873
2220	3	1422
704	3	137
598	1	3571
304	3	1089
2484	1	3569
1045	3	1929
2595	1	3673
3452	3	1853
17	3	1846
266	3	943
837	3	2895
988	3	402
929	3	2180
2584	1	3574
1660	3	2952
2402	3	234
3402	3	1194
1123	3	2107
189	1	3574
1889	3	1546
464	3	3514
765	3	2773
181	1	3584
2330	3	714
2842	1	3617
916	1	3617
2220	3	1772
2889	1	3578
2589	1	3569
663	1	3569
1603	3	2364
1912	1	3626
2780	3	1360
2983	3	1102
3385	3	63
763	1	3574
1985	1	3584
418	3	3378
1685	1	3575
2895	3	1987
2467	1	3569
294	1	3574
878	3	511
99	1	3616
1998	1	3569
2376	3	2492
884	3	1701
2480	3	38
172	1	3574
765	3	679
1213	3	1260
2434	3	2582
300	3	2794
3183	3	2422
1845	3	2663
3403	3	2544
3513	3	3149
868	1	3574
1053	3	3002
1505	3	1841
532	3	13
1650	1	3568
3055	1	3585
383	3	3173
3365	3	2398
2572	1	3569
646	1	3569
2244	3	1835
1719	3	3402
359	1	3572
1187	3	2758
3126	3	114
582	3	1611
746	1	3574
1162	3	3378
2818	1	3688
2407	3	3238
277	1	3574
818	3	517
1344	3	1455
3372	1	3570
2854	3	769
2816	3	3067
2638	1	3598
2693	3	2450
1182	3	3496
3470	3	2398
3436	3	3203
1156	3	1611
236	3	1113
440	3	3360
751	1	3569
920	3	779
1657	3	3169
29	3	241
2821	3	1399
851	1	3574
2290	3	3260
2838	3	2688
2129	3	2497
2555	1	3569
289	3	2820
1702	3	3402
1808	1	3585
3069	3	465
817	1	3598
105	3	691
260	1	3574
283	3	3497
2217	2	4016
3464	3	2850
716	3	2854
519	3	1475
2621	1	3598
3360	3	3261
2376	3	1687
3143	1	3585
3217	3	1566
734	1	3569
1317	1	3590
322	3	671
1017	1	3581
1224	3	937
2814	3	1820
1650	3	1146
2743	3	3085
2913	1	3590
2538	1	3569
3313	1	3604
2770	3	1776
1179	1	3816
1432	3	3354
138	1	3721
1878	3	1578
1430	1	3580
1469	2	3776
1701	3	2186
2484	3	2786
3060	3	1939
1985	3	731
3168	3	1698
3343	1	3568
3344	3	484
1047	3	986
982	1	3574
1613	3	1381
719	1	3661
1721	1	3568
2640	3	679
717	1	3569
862	3	3503
1330	3	2661
1368	3	2454
1612	3	1350
203	2	3746
1000	1	3581
1657	3	2364
339	3	2674
1700	3	3094
615	3	1465
3076	3	2972
3292	3	3480
3216	3	1320
174	3	2872
3104	3	17
344	3	1006
43	3	2835
4	3	3439
2453	3	1414
438	3	3402
3326	1	3568
1089	3	1460
2956	3	3238
2267	3	1062
5	3	437
1175	3	2537
1444	3	460
1242	3	2987
1150	3	1258
581	3	2417
1622	3	3266
41	1	3636
1243	3	2294
1	1	3577
1316	3	2450
1657	3	270
3109	1	3585
3458	3	2958
642	3	1862
1694	3	3546
1924	3	1262
1313	3	2661
1418	1	3575
268	3	1845
2289	3	683
394	1	3662
1505	1	3568
292	3	1194
2335	3	1758
2761	1	3584
3354	3	689
2810	3	1784
1846	3	878
1286	3	745
609	3	48
2076	3	1812
3087	3	17
1740	3	1588
2871	3	3481
1484	1	3604
360	1	3686
1187	2	3929
2815	3	2560
3088	3	78
166	1	3580
1561	3	2858
2869	3	945
3402	3	2751
2692	1	3571
2745	3	2722
3166	1	3593
3377	3	3371
2345	1	3601
1720	2	3866
2275	3	1381
2458	3	1035
109	3	1345
2880	1	3600
3006	3	2907
1788	1	3577
1641	3	95
3414	1	3568
1488	1	3568
196	3	3237
2122	3	3237
526	3	3402
1674	3	404
3252	3	3026
3271	1	3574
671	3	3263
3289	3	2566
1051	3	1290
2059	3	1812
3462	1	3590
1053	1	3574
1875	1	3570
1528	1	3600
1228	1	3591
2897	1	3576
1577	3	1447
1316	3	1645
3387	3	1698
3497	3	2303
2465	3	2253
1812	3	3157
813	3	551
582	3	2229
2922	3	205
2955	3	2958
3066	3	5
1129	3	1243
560	1	3840
427	3	2273
262	1	3570
743	3	157
1859	1	3601
1933	1	3609
2274	1	3681
2189	1	3574
3338	1	3626
3145	1	3581
880	3	3438
2359	3	3110
131	3	2434
1511	1	3600
3562	3	2301
2545	3	3226
3076	3	1012
2618	3	376
3241	1	3581
1972	1	3591
1639	3	1656
3208	1	3636
220	1	3604
2981	3	2749
3545	1	3568
261	1	3667
2758	3	592
465	3	325
3206	3	3072
1576	1	3568
1577	3	292
1624	1	3590
3354	1	3571
3406	3	2116
916	3	2722
805	3	366
1324	1	3581
2546	1	3591
3463	1	3570
1430	3	2955
794	1	3604
1997	3	1704
151	1	3591
2040	3	2434
2566	3	3372
2520	3	1752
2795	3	482
2646	1	3569
3120	1	3591
2005	3	3561
3100	3	1075
460	1	3619
2746	1	3574
203	1	3604
3537	3	2311
725	1	3591
824	3	2097
3386	1	3624
864	3	466
561	3	3348
2277	1	3574
2240	3	344
501	3	1476
802	3	1546
125	3	849
1124	1	3574
1307	1	3581
2082	1	3616
2674	1	3644
3220	1	3569
1599	1	3600
1936	3	3548
838	1	3581
5	3	3149
925	1	3574
99	3	2347
2032	3	2249
1624	3	229
456	1	3574
1972	3	1169
3191	1	3615
2729	1	3574
517	3	846
1365	3	283
708	1	3591
3409	1	3626
1027	3	2219
626	3	666
2260	1	3574
3300	3	1408
2854	3	932
2961	1	3620
1290	1	3581
3013	3	2165
3203	1	3569
3216	1	3581
1812	1	3568
1497	3	1846
3034	1	3578
2987	1	3617
189	3	1315
3464	3	2663
2734	1	3569
1282	1	3591
1178	1	3601
2327	3	1626
2506	3	931
2834	1	3574
908	1	3574
1730	1	3570
3421	3	2872
2995	3	2693
3147	1	3568
3489	3	2629
1709	1	3606
1074	3	995
2465	3	643
2239	3	642
391	1	3582
1641	3	363
913	1	3569
3134	1	3741
1795	1	3568
736	3	2207
1416	3	3423
2717	1	3569
70	1	3609
1846	3	2435
1694	3	2070
3460	3	985
2057	3	824
1609	1	3580
1380	3	2780
3168	3	2450
305	3	2736
3057	3	1993
304	1	3568
3431	3	0
285	3	1658
944	1	3618
1378	1	3581
3291	1	3569
3036	3	3136
946	3	2611
1078	1	3572
1900	1	3568
2215	3	2582
1434	3	2649
3550	3	363
2965	1	3574
896	1	3569
1455	3	725
2572	3	2249
629	3	1869
582	3	1908
996	1	3574
2072	1	3679
3257	1	3593
1477	3	3026
1970	3	1211
559	3	3548
2219	3	308
2252	3	3061
1768	3	3546
2266	1	3606
2562	3	3491
1847	3	3402
2700	1	3569
3098	3	2406
1483	1	3581
2762	3	91
1409	1	3573
2841	1	3637
3470	3	2695
39	3	384
18	3	1955
268	3	1658
2990	3	1687
1288	3	3094
1747	3	1330
1907	3	3169
2723	3	2358
2374	3	1721
836	3	2720
1863	3	1462
1751	3	1853
1868	3	2417
1883	1	3568
2066	1	3575
2421	3	3402
3288	1	3585
3311	3	3155
3388	1	3590
546	3	880
1934	3	2435
1018	3	444
1984	1	3634
1403	3	1852
2202	3	308
1719	3	2544
2410	3	270
885	1	3652
2508	3	1507
2347	3	2434
2825	3	2805
1645	3	3464
3168	3	1645
1220	3	1064
3053	1	3574
162	1	3573
1866	1	3568
3271	1	3585
1828	3	3495
1829	3	691
1688	1	3570
1880	1	3584
266	3	2663
1907	3	2014
161	3	3013
324	1	3616
1153	3	55
2149	1	3580
3050	3	95
687	3	1507
1145	1	3581
458	1	3570
2508	3	1857
2566	3	1546
2678	3	745
2705	3	792
2052	3	1286
2544	3	2275
1113	3	2625
1232	1	3574
416	3	695
2126	3	187
3523	2	3776
3471	1	3568
746	3	668
871	1	3569
1258	1	3571
628	1	3589
592	3	2463
3036	1	3574
3017	3	1664
863	1	3579
1854	3	1596
1855	3	3290
805	3	2273
1939	1	3684
2567	1	3574
641	1	3574
1445	1	3569
696	3	3392
2543	3	3183
3405	3	384
1391	3	2786
3137	3	623
3125	3	2362
1034	1	3659
293	3	38
3020	3	268
2623	3	773
2245	1	3570
3141	1	3574
1211	3	444
1577	3	105
428	3	2497
854	1	3569
1611	3	3464
509	3	3373
1309	3	2435
2137	1	3575
2537	3	252
793	3	1918
1043	3	1621
1802	1	3765
2165	3	3346
2803	3	638
3019	1	3574
3059	1	3576
3483	3	1854
2259	3	2544
3549	3	1698
2675	3	376
198	3	1748
2550	1	3574
3194	1	3591
1370	3	2616
1002	3	2497
1428	1	3569
3025	1	3600
37	1	3568
1320	1	3574
1273	1	3613
2685	1	3589
3035	3	2404
1671	3	2450
1597	3	2442
2207	1	3774
2215	3	1911
2569	3	2749
3024	1	3569
1394	1	3593
1677	3	460
3124	1	3574
917	3	1047
3307	1	3581
1094	1	3584
3499	3	1224
438	3	2544
135	3	1262
2797	3	1901
3369	3	295
90	1	3585
1190	1	3584
532	3	578
2169	3	1422
705	3	3183
61	3	1075
2926	1	3827
436	3	2816
2716	1	3581
1694	3	2688
2609	3	1821
1411	1	3569
2653	3	2983
1211	3	2672
1425	1	3585
1303	1	3574
118	1	3660
1654	3	2450
1665	3	105
206	3	2067
2479	1	3684
3290	1	3581
2974	1	3624
512	3	3266
363	3	2454
419	3	1877
2332	3	3010
3107	1	3574
933	1	3727
1192	3	3318
2283	3	2957
3223	3	925
365	1	3604
501	3	2578
763	3	2441
2012	3	2498
2097	3	161
3258	3	2036
3403	1	3571
152	3	1588
3469	3	3488
1204	3	3272
1493	3	3182
1796	1	3637
700	3	1016
96	3	475
3078	3	3110
3522	3	2566
1482	1	3593
2890	3	1546
1286	1	3574
1327	1	3637
526	3	2544
1671	3	1645
1695	3	66
2321	3	3261
2722	3	471
1259	2	3937
1400	1	3595
247	3	611
1186	1	3754
278	1	3590
377	3	2850
2009	3	2739
1904	3	645
2233	3	2456
978	3	2693
2804	1	3581
2089	3	155
2504	1	3572
1553	3	1061
969	3	2507
691	3	1006
1936	3	2556
2013	3	465
1324	3	2261
3050	3	363
576	3	1109
1910	3	671
3531	1	3624
2030	3	1754
3204	1	3568
3087	3	1387
3200	3	438
3378	1	3581
3504	3	2134
718	1	3609
751	3	773
1165	1	3584
1987	1	3580
805	3	1602
2205	3	1418
2836	3	2006
115	3	2038
1732	3	2968
983	1	3581
3546	3	2450
636	1	3611
1713	1	3568
1892	1	3627
2209	3	1588
1370	3	67
1276	1	3661
113	1	3593
2110	3	301
2787	1	3581
1345	3	687
981	2	3899
2487	1	3572
3309	1	3568
2779	1	3591
566	3	257
749	1	3601
1104	3	3428
2695	3	2652
2918	3	466
576	3	2398
234	3	1720
209	3	2693
3361	1	3581
1845	3	679
3238	3	2435
67	3	2749
2357	1	3582
349	3	2347
440	3	3470
2892	1	3581
966	1	3581
2399	3	561
2879	1	3569
1204	3	3406
3491	3	2304
2612	3	1869
666	3	1955
175	3	465
2001	3	1016
2719	3	2940
1294	3	1845
2155	3	2048
1702	3	3512
27	3	623
3292	1	3568
2512	3	551
3466	1	3581
12	3	1664
949	3	3277
196	3	1924
951	1	3662
1233	3	1068
1476	3	1623
1615	3	869
1635	3	2856
156	3	2831
2001	1	3572
1645	3	3277
1211	3	1062
318	3	611
703	3	1845
2280	3	299
2531	3	63
3017	3	188
1953	1	3580
3044	1	3572
3170	3	405
1908	3	949
362	2	3800
2803	3	1256
2875	1	3581
761	3	3197
2862	1	3569
2333	3	2006
1704	3	2438
60	1	3653
158	3	465
2172	3	1243
870	3	765
1127	3	427
3051	1	3659
3275	1	3568
319	1	3784
373	3	131
2253	3	2675
3000	3	3221
3149	1	3572
2045	1	3568
2866	3	587
128	3	1012
1187	3	3002
2823	1	3577
1134	3	2234
2990	3	695
2115	3	1211
2176	3	2352
1474	3	2628
2293	1	3600
1625	3	135
902	1	3599
2576	3	2366
2794	3	1821
2971	3	2122
3445	1	3569
2612	3	1064
3105	3	3221
2179	3	17
1628	1	3581
741	3	55
2069	3	1075
1977	3	1245
2163	3	2717
2365	3	1853
3215	1	3574
2455	3	2544
2854	1	3569
928	1	3569
2934	3	694
1741	1	3571
1425	3	1997
1316	3	2560
2380	3	1751
2927	3	765
239	3	2405
793	3	1731
1797	3	2286
2624	1	3574
3002	3	2497
3428	1	3569
1315	3	3438
2518	3	1875
1942	3	2722
345	3	1527
2749	3	2652
1133	1	3574
904	3	2774
1753	3	2817
2428	1	3740
2672	3	3463
420	3	3259
51	3	635
1740	3	1698
1577	3	268
704	3	1804
802	1	3570
2837	1	3569
3198	1	3574
685	1	3568
1184	1	3705
796	1	3672
455	1	3600
3549	3	2450
1607	1	3569
1641	3	3238
2783	3	2786
2678	3	3136
1420	3	3438
3237	3	821
1786	3	93
3467	3	1345
2471	3	2264
3411	1	3569
1847	3	2544
292	3	3182
2020	1	3568
94	1	3568
1390	1	3586
3007	3	72
2909	3	1643
117	3	1239
3303	1	3574
551	3	2347
1016	1	3569
1533	3	3428
2265	1	3626
1124	3	802
3174	3	2779
1116	1	3574
3044	3	1658
188	3	3357
680	3	936
2618	3	3169
2723	3	1500
2421	3	2544
2820	1	3569
3473	1	3593
668	1	3568
1740	3	2987
2712	1	3574
493	3	1698
2855	3	1603
434	3	3476
3049	3	2434
1590	1	3569
3100	3	1990
2649	3	2976
226	1	3615
2236	3	1089
1112	1	3754
1310	3	1857
2269	3	1398
3157	3	1648
1121	1	3569
1536	3	2786
1811	3	2661
2443	3	2165
3394	1	3569
674	3	870
3049	3	3373
2003	1	3568
2904	3	2156
3149	3	1658
3286	1	3574
2444	3	1062
1493	3	2995
305	3	1073
999	1	3569
1026	1	3616
3380	3	2435
773	1	3568
1613	3	2914
2646	3	2463
2633	3	1344
878	3	84
3205	1	3637
1224	3	376
3108	3	1370
2577	1	3568
2695	1	3574
1573	1	3569
720	3	3402
3100	3	3279
182	1	3568
1465	1	3574
3138	3	981
2931	3	109
1104	1	3569
1702	3	1686
94	3	2836
2388	1	3636
746	3	2254
956	1	3572
68	3	951
3071	3	2416
2443	3	3454
3269	1	3574
1957	3	2165
2482	3	2497
202	3	905
756	1	3568
3114	3	3146
3464	3	1134
167	1	3649
836	3	3501
1678	1	3569
114	3	2544
824	3	2796
287	1	3568
2948	1	3601
2113	1	3593
2560	1	3568
196	3	3481
2678	1	3574
2601	1	3631
2574	1	3584
539	1	3585
648	1	3584
2681	3	756
192	1	3615
165	1	3568
1087	1	3569
2797	3	2198
3427	3	2180
157	1	3578
1604	3	1738
2301	3	1416
934	3	943
960	3	384
2668	3	1683
3088	3	1611
3148	1	3584
2291	2	3776
3077	3	1512
3293	1	3637
1598	3	1487
1927	3	3298
2054	3	1630
2618	3	270
2454	3	2398
720	3	1658
2030	3	2856
2853	3	86
3040	1	3589
597	1	3624
1372	1	3659
1661	1	3569
3314	3	96
2175	3	465
3252	3	1176
853	1	3589
2275	3	2914
2484	1	3626
2	3	117
1335	1	3574
1651	3	3194
773	1	3702
3106	1	3618
2476	1	3636
308	3	1316
1456	3	2482
1294	3	1658
105	1	3574
1627	1	3593
2450	3	2578
2732	1	3601
329	3	1112
1070	1	3569
2209	3	246
844	1	3568
323	1	3585
3203	1	3679
542	3	3174
2731	1	3570
241	3	2751
491	3	2454
728	3	3290
3539	3	769
918	1	3587
2127	1	3585
2439	3	1345
1440	1	3574
2484	3	2359
2949	1	3581
2019	1	3590
1285	1	3618
253	1	3568
2198	3	114
536	1	3580
2017	3	3026
349	3	3449
2136	3	1194
2820	3	2005
3523	1	3581
88	1	3574
2598	3	511
3099	3	2422
846	3	1612
1010	1	3575
827	1	3568
3054	1	3581
1899	3	3549
1997	3	2887
2714	1	3570
3502	1	3617
541	1	3575
2788	3	797
1067	3	2896
1416	3	1089
1868	1	3636
1161	1	3711
1187	3	2815
1423	1	3574
1522	3	2080
2464	3	2014
2828	1	3591
2902	1	3599
1898	1	3600
3113	3	1125
638	1	3636
302	1	3765
236	1	3568
880	1	3585
1715	1	3593
2130	3	2810
3432	3	3090
1055	3	1602
1344	3	1512
1822	3	1883
2150	1	3617
411	1	3585
1293	1	3584
212	3	2749
3234	3	1623
3536	3	2299
3359	3	2907
74	1	3683
1573	3	2005
2136	3	39
3037	1	3581
3163	3	2134
2171	3	3459
2	1	3588
3546	1	3613
2697	1	3570
1555	3	1594
2850	3	1006
3289	3	261
878	3	2796
1667	3	39
466	3	2269
3232	1	3569
1138	3	2920
3495	3	2421
2366	3	384
1406	1	3574
1355	3	3489
2703	1	3596
176	1	3574
1292	1	3681
3067	3	3238
2173	1	3619
1839	3	1078
270	3	2435
1630	3	1438
2707	3	2149
1027	3	3402
1422	3	2404
1072	1	3589
2780	3	1551
1980	1	3574
2940	3	384
930	1	3645
457	3	2612
68	1	3590
1994	1	3590
2785	3	2327
387	3	319
2510	3	1345
2160	3	102
2339	1	3851
1209	3	2035
1356	1	3618
507	1	3575
2077	3	2352
2204	3	1438
943	3	114
942	1	3599
1228	3	3237
1956	3	1238
1372	3	2684
1760	3	465
1990	1	3770
2279	1	3680
2647	3	109
979	3	1286
1006	3	3232
159	1	3574
3050	3	3238
3360	3	1224
1889	3	3026
2730	3	1242
667	3	1909
3564	3	3471
2304	3	309
3079	3	344
3309	1	3649
131	3	1068
1977	1	3590
1986	3	2333
717	1	3626
1677	1	3581
1494	1	3574
3545	3	2275
439	3	2934
3120	3	982
747	1	3590
2247	3	2165
2785	3	1172
1965	3	3123
2170	3	1812
3210	3	2229
943	3	1403
2077	1	3568
3116	1	3571
1332	1	3689
1963	3	587
1547	1	3591
183	1	3637
156	1	3590
2886	3	1002
3088	3	2229
532	3	1493
1854	3	1706
2517	1	3614
266	3	679
778	1	3582
148	1	3600
2704	3	646
721	3	438
3251	3	2878
1136	3	165
2026	1	3608
1652	3	254
247	1	3574
2434	1	3585
3256	1	3581
2719	3	3371
2875	3	325
3047	3	425
2060	1	3568
361	3	1012
1740	3	1645
1934	3	2679
3009	1	3616
1573	3	3428
3381	3	3012
2874	1	3574
2072	3	1121
2556	3	2318
2312	3	978
1196	3	1959
2615	3	3348
945	1	3842
1065	3	1588
278	3	229
2792	1	3633
532	3	338
2498	3	2993
1988	3	2195
1422	3	444
1643	1	3581
3556	1	3569
996	3	2709
1732	3	2594
1903	1	3705
713	1	3590
760	3	1934
2798	3	1486
2956	3	1551
1734	3	2097
1821	3	427
3260	1	3730
3372	3	3002
506	3	1836
1666	3	471
2336	3	102
2434	3	3257
3334	3	2856
2198	3	1671
1016	3	1310
3054	3	2582
493	3	1645
1517	3	777
526	1	3571
1735	1	3569
3308	3	1546
2270	1	3568
344	1	3568
13	3	1546
1266	1	3569
2088	1	3622
1656	3	2652
2222	1	3576
2308	3	1316
1828	3	1645
9	1	3579
784	1	3614
396	1	3581
96	1	3572
2791	3	2463
2022	3	2690
828	3	1816
2722	1	3568
3520	3	699
2239	3	215
686	3	2434
3120	3	2405
3256	1	3715
3289	3	879
215	3	679
1142	1	3662
327	1	3568
1806	1	3593
2510	3	1613
2852	3	2291
1795	3	3214
815	1	3606
2329	3	1462
403	3	1462
1929	3	3168
2291	3	1316
2131	1	3568
432	3	1012
814	1	3575
1397	1	3596
2048	3	2481
2219	1	3592
3127	1	3577
1425	3	3367
901	1	3568
2172	3	869
2801	1	3582
2171	1	3600
432	1	3568
2919	3	2145
1497	1	3574
2595	3	2434
3423	1	3574
1486	1	3667
1053	3	428
1310	3	3443
2080	3	2523
2419	1	3575
470	3	1316
1021	3	1089
94	3	689
576	3	1219
1804	3	935
872	1	3614
2236	1	3568
2972	3	870
2497	1	3753
3522	3	266
3008	3	1288
493	3	1779
302	1	3578
953	3	2463
2084	1	3586
3078	1	3682
1769	3	2618
3485	1	3598
1272	1	3601
2165	3	2435
2824	1	3584
3174	3	3210
415	1	3568
1565	1	3681
1666	3	955
757	1	3701
1560	3	699
1480	1	3574
3406	1	3574
2923	3	221
438	3	694
2055	3	2769
1695	3	2404
493	3	2129
1772	1	3593
2402	1	3575
1138	3	2733
1671	3	1539
2471	3	601
2504	3	3354
3171	3	2876
2512	3	311
2257	3	1316
2134	3	699
3034	1	3635
592	3	3191
144	3	358
1288	3	3017
1465	1	3655
2845	1	3730
2526	3	2975
1585	1	3574
1483	3	1106
2670	3	2422
2807	1	3584
2507	1	3575
1877	1	3593
3289	1	3569
398	1	3568
505	3	548
3343	3	882
1537	1	3582
2320	3	1000
3389	1	3574
1434	3	1417
1710	3	2652
279	3	3002
2617	1	3648
2159	1	3574
1902	3	222
3381	1	3584
168	3	3454
1798	3	986
138	1	3591
1555	3	252
2154	3	592
2253	3	2435
2773	3	2566
868	1	3578
238	1	3596
1690	1	3574
1106	3	1330
1291	3	2196
1461	3	330
575	3	3191
1403	3	2714
1942	1	3591
2408	3	2364
1568	1	3574
3513	3	120
501	3	1667
3241	3	1909
1099	1	3574
1422	3	1062
1654	3	1889
2145	3	3026
2566	3	1469
3104	3	2920
3372	1	3574
2055	1	3581
2830	1	3616
3174	3	1767
434	3	3102
1900	1	3625
2142	1	3574
1826	1	3617
3102	3	2283
2729	3	2872
1021	3	1573
1391	3	2359
1396	3	2560
1673	1	3574
2408	3	270
2993	3	3402
2956	3	3108
3311	3	2862
3377	1	3569
1925	1	3591
2700	1	3626
2825	3	1573
2413	3	1046
1551	1	3574
2560	3	1012
234	1	3581
2147	1	3569
444	3	854
1283	3	123
3282	1	3616
321	1	3574
3087	3	2920
525	3	1377
802	3	3026
1222	3	1055
3396	1	3637
2584	3	725
1839	1	3581
1872	3	745
1656	1	3574
1106	3	525
1697	1	3637
534	1	3569
1712	3	1733
3431	3	687
988	3	1829
1088	3	114
2706	3	3549
3428	1	3679
2219	3	1654
217	1	3581
1622	1	3598
2905	1	3604
2230	1	3574
1987	3	1402
531	3	2917
392	1	3598
2244	1	3590
2993	3	1658
564	3	3226
2396	1	3602
1635	3	67
788	3	3135
2490	3	2816
2602	3	173
1426	3	427
2930	1	3570
3153	1	3636
236	1	3649
3372	3	2815
613	1	3583
1126	1	3755
2237	1	3661
1822	1	3581
2920	3	2441
1639	1	3574
2979	3	1417
3118	1	3599
2416	3	939
1445	3	131
2024	3	1645
74	3	2117
1222	3	3283
532	3	501
2576	3	1671
2562	1	3636
2202	3	1654
1311	3	2223
3432	3	138
2113	1	3569
2888	1	3604
3013	3	1551
2647	3	1345
3304	3	964
763	3	2014
1224	3	3169
1354	3	1436
770	3	2882
3017	3	1721
1	1	3581
1357	3	2709
437	3	120
345	3	482
2820	1	3679
1792	1	3596
1797	3	2180
367	3	3136
2200	3	2501
314	3	1204
1098	3	2410
376	3	699
396	3	3440
1300	3	1546
1637	3	2023
2327	1	3568
109	3	3443
1663	1	3637
2007	3	1645
3473	3	551
114	1	3571
1219	3	491
2639	3	2294
826	3	1345
3086	3	3023
3402	3	1816
1845	1	3613
2167	3	687
3114	1	3584
1164	3	2792
2096	1	3569
2044	3	2124
1573	3	3375
1698	3	687
1088	3	2692
2210	1	3590
24	1	3640
1846	3	1821
1280	1	3599
1996	1	3749
774	3	958
2732	1	3577
519	1	3580
3029	3	1271
3215	3	1797
152	3	2450
3167	1	3601
1422	3	2835
179	1	3569
1546	3	295
1354	1	3618
1573	1	3679
1788	1	3581
1320	1	3631
3566	1	3584
1563	3	3304
186	3	2584
1847	3	1849
1666	3	2862
1875	1	3574
2650	1	3609
3004	3	3183
2349	3	3067
3097	1	3584
2704	3	2821
2969	1	3675
1901	1	3571
725	2	3871
2870	3	196
1867	1	3584
808	3	2223
2267	1	3598
2439	3	2260
3443	3	2815
829	3	299
54	1	3601
671	1	3571
1291	3	2814
377	3	679
1469	3	2422
3479	1	3570
13	3	1493
2088	1	3569
2779	3	3210
3074	3	574
3354	3	2332
633	3	465
2263	1	3586
2006	1	3571
3249	1	3575
3519	3	821
399	3	300
615	1	3570
3263	1	3591
1934	3	1821
2209	3	2450
72	1	3581
1224	3	270
2215	3	3257
2215	3	813
3170	3	3011
68	3	2350
1658	1	3570
2330	3	531
267	1	3569
3086	3	3157
2693	3	39
684	3	1535
1172	3	2327
705	1	3702
1228	3	1924
364	3	95
1784	3	2652
2652	3	161
511	3	3067
2633	3	1588
2949	3	1135
1395	3	114
1459	3	2509
3262	3	2646
95	3	303
2040	3	2438
2099	3	1414
2520	3	1756
2946	1	3582
55	1	3581
1157	3	2408
3420	1	3604
3168	3	1381
2051	3	668
250	1	3569
3520	3	1935
2381	1	3568
2122	3	2786
196	3	2786
2556	3	2749
1603	3	3470
330	3	1986
2334	3	91
384	3	2815
2327	3	2785
923	3	2075
2762	1	3672
3451	1	3596
1525	1	3596
3438	1	3584
897	3	190
811	3	22
1588	3	3168
2553	3	2415
3126	3	870
355	1	3569
2160	3	1017
1130	3	1987
1316	3	1194
8	1	3599
2558	3	3191
1428	3	1712
2929	1	3582
2970	1	3645
646	3	1365
2211	3	3221
2074	3	2569
1430	3	1215
3551	1	3574
697	3	2603
5	3	120
2733	3	2855
78	1	3613
2301	3	1660
2997	3	1486
1611	3	2850
166	3	2020
700	3	268
1309	3	1821
870	3	2566
1960	1	3569
2112	1	3581
2086	3	1769
136	3	3348
2302	3	557
3087	3	2733
236	3	1280
1623	3	330
54	3	1687
2280	3	6
2872	3	2286
2807	3	194
818	3	1623
338	1	3569
469	3	3077
1730	1	3574
1594	3	1911
3079	3	2198
1512	3	603
2896	3	2191
3508	1	3577
1295	1	3580
2209	3	2934
3534	1	3574
2809	1	3730
1400	1	3786
29	3	1347
299	3	964
2350	3	3002
3020	3	943
1943	1	3569
3246	3	1872
1756	3	3438
552	1	3568
2301	3	505
2531	3	120
1506	1	3662
2815	3	3182
3432	1	3662
221	3	2300
457	3	2722
1469	3	1751
594	3	2267
2487	3	268
3184	3	2198
3539	1	3569
57	1	3601
2219	3	2406
389	3	342
979	1	3602
1126	1	3568
2927	3	2566
989	1	3670
1825	3	1330
2613	3	1377
352	3	3257
2713	3	416
122	1	3569
2890	3	3026
1378	1	3585
2200	1	3581
3232	3	3351
3561	3	1573
2333	3	3002
1392	1	3601
2465	3	1936
1219	3	2398
1194	3	3371
1546	3	1852
1926	1	3569
1536	3	2359
2797	3	2576
18	3	1020
3293	3	3122
1530	1	3725
2313	1	3571
2896	1	3592
3522	1	3569
506	3	1812
2741	1	3636
1002	3	1078
2972	3	2240
2796	3	3454
379	1	3581
334	3	196
2005	1	3572
3163	3	2378
2183	1	3581
1881	3	1288
449	3	1224
2881	1	3673
3125	3	2232
1836	1	3611
1149	1	3600
2704	3	1345
1997	1	3593
1801	1	3574
481	3	691
923	3	465
1697	1	3584
397	1	3618
3505	1	3569
2430	3	188
2312	3	3182
2960	1	3591
1319	1	3619
2424	1	3627
362	1	3581
1210	3	647
1092	1	3568
1017	3	2989
1456	3	3210
1754	3	2935
2062	1	3591
915	3	1414
1300	3	2648
3226	3	3402
1322	3	1330
3292	3	2492
2526	3	373
3298	1	3636
475	1	3571
936	1	3581
2697	3	1012
1835	3	957
975	3	3259
2739	3	2435
2829	1	3636
1228	3	3481
2441	3	2165
3472	3	1047
1050	1	3602
3264	1	3660
1065	3	1698
3344	3	785
2814	3	3060
1395	3	1671
2162	1	3569
1485	1	3626
1932	1	3601
2855	3	3123
1245	1	3590
3262	1	3568
1810	3	3061
193	1	3569
3488	1	3569
241	1	3591
3238	3	1821
440	3	2856
3360	3	2407
2014	3	1521
2843	3	3549
261	3	3372
3117	3	1673
1115	1	3600
2024	1	3589
2812	1	3636
1401	3	384
3366	3	1345
1663	1	3584
1667	2	3979
1889	3	1176
2441	3	3454
1363	1	3575
2145	1	3569
2033	2	4006
3245	1	3568
104	1	3672
3135	3	2434
1326	1	3682
2255	3	658
639	1	3671
188	3	1320
3138	3	99
846	3	246
216	1	3601
2529	3	2165
2117	3	884
546	1	3574
1328	1	3568
1612	3	2940
3292	3	1687
206	3	3226
1047	3	3515
1160	3	2566
2014	3	2810
2250	1	3569
1792	3	3215
629	1	3600
664	3	1784
1340	3	1875
1740	3	1889
3263	3	3076
329	1	3591
2313	3	344
1346	1	3575
461	3	3160
2006	3	2275
1342	3	3098
1168	3	3259
575	3	373
208	3	860
911	1	3581
136	3	1872
2199	1	3788
2634	3	2165
2687	3	1243
3242	1	3584
1959	3	2889
1820	1	3570
2733	3	2318
167	1	3706
429	1	3569
1612	3	846
529	1	3574
1482	3	3135
2790	1	3593
3237	1	3568
3448	1	3591
2233	1	3569
2301	1	3679
902	3	779
3010	3	934
2106	3	3384
3301	1	3684
2416	3	1370
3194	3	1924
1268	3	1924
2378	3	1224
2695	3	2522
1416	1	3568
2238	3	1947
2634	3	3454
3369	3	1588
294	3	3226
2338	1	3569
412	1	3569
760	3	84
1661	1	3626
3079	3	1072
1373	3	440
65	1	3599
512	1	3574
277	3	1156
3136	3	3174
2216	1	3569
1042	3	1345
997	1	3668
2406	3	3372
2504	3	3464
314	3	1635
986	1	3569
1747	1	3569
318	3	3514
1416	3	2301
2177	3	964
392	3	668
517	1	3569
3364	1	3718
1399	1	3568
53	3	3317
2815	3	2995
1370	3	2165
1244	1	3612
395	1	3569
1170	1	3604
63	3	3385
2799	3	603
3044	3	105
1500	1	3577
3261	3	2364
3426	1	3577
760	3	1373
2456	1	3584
3225	3	1721
1826	3	821
2275	3	1816
1321	1	3740
2697	3	691
3378	1	3585
1987	1	3584
2487	3	3464
969	1	3569
2374	1	3586
1504	1	3568
1897	3	2939
604	3	3440
2515	3	2408
2333	3	2815
500	1	3569
186	3	3015
3387	3	1194
824	3	2398
3006	3	309
2787	1	3585
1345	3	691
2673	3	2856
2704	3	3252
2304	1	3569
2404	3	3243
3422	3	1006
866	1	3607
1551	3	2441
1370	3	3454
821	3	976
1336	3	95
3262	3	849
2192	3	1006
3360	3	2086
2507	3	3357
1686	3	1702
3013	3	2116
1752	3	792
1078	3	402
748	1	3574
1075	3	849
1970	1	3584
2431	1	3594
3113	1	3738
3253	1	3590
3403	3	564
1171	3	2347
1040	1	3593
1487	1	3568
2504	3	215
672	3	1103
968	3	161
2892	1	3585
3512	3	384
483	1	3569
766	1	3581
1294	3	1849
2418	3	2521
1086	3	2815
2881	3	1280
1079	1	3575
1035	3	1550
1857	3	1546
3092	1	3568
204	3	3402
879	1	3571
2229	3	1835
1596	3	2300
731	1	3574
1980	1	3631
1470	1	3568
2875	1	3585
1484	1	3584
969	3	2056
1164	1	3661
1652	3	1116
359	3	1264
1641	3	664
2416	3	699
2645	1	3590
2345	1	3581
3464	3	870
2058	1	3584
132	1	3584
3075	1	3568
681	1	3618
1559	3	666
2422	3	3226
1054	1	3585
1127	3	1370
1660	3	1456
1142	3	1992
1294	3	105
2765	3	376
1728	3	1213
3219	1	3590
409	3	2273
1065	3	2450
3170	3	1698
2216	3	2005
706	1	3584
1494	1	3631
2111	1	3601
686	3	1068
561	3	750
3545	3	2332
2633	3	3308
2305	3	1911
2786	3	1835
820	3	268
45	1	3570
2332	3	2693
289	3	2129
1254	1	3568
3108	3	3334
1507	3	2352
292	3	3402
3497	3	2283
1112	1	3624
3163	3	2325
634	3	3535
819	1	3574
2014	3	2273
1274	3	1686
2369	1	3644
603	3	285
1863	3	824
2565	3	1457
602	3	2327
3367	3	3438
738	1	3637
3184	3	1340
115	3	432
1431	3	3191
2798	1	3591
1690	3	457
1907	3	3470
389	1	3575
1940	3	2059
765	3	2566
543	3	1072
2016	3	3290
1175	3	557
2773	3	2005
2944	3	745
2123	3	3197
3015	1	3571
802	1	3574
567	3	3229
1624	1	3570
1747	3	2570
2207	1	3591
2767	3	2107
1724	1	3575
2796	3	1657
3230	3	2765
794	1	3584
1108	3	1992
2609	3	699
3311	1	3568
1065	3	1645
1171	3	737
337	3	2480
3044	3	723
468	1	3589
2413	3	135
2781	1	3591
2765	3	2954
3421	1	3584
2305	3	1106
801	1	3671
460	1	3599
1090	1	3581
369	3	1594
854	3	25
1073	3	86
700	3	2927
1901	3	344
2894	1	3581
2190	1	3591
492	3	3540
1517	3	3278
137	3	2096
2298	3	13
2082	1	3596
2712	1	3578
1348	1	3624
289	3	2263
499	1	3581
1735	1	3626
2182	3	264
2412	1	3569
2886	1	3591
791	1	3600
1455	3	1160
1553	1	3680
3294	1	3568
1193	3	944
1443	3	647
444	1	3630
1588	3	700
3020	3	2663
3199	1	3585
2616	3	2856
2952	3	3481
270	3	1821
639	1	3618
890	1	3574
2295	1	3591
2810	3	1093
773	1	3572
2783	3	1046
904	1	3590
3429	3	3067
3460	3	2709
2504	3	3277
3130	3	56
2007	3	1889
3399	1	3568
3517	1	3574
2395	1	3569
1478	1	3590
2437	3	548
2495	1	3574
3277	1	3568
1178	1	3581
405	3	1432
2178	1	3586
2969	1	3569
3375	3	2952
3174	3	1978
1578	1	3568
948	1	3586
1380	3	2410
52	1	3582
134	3	2872
2498	3	3184
2500	1	3569
347	3	3035
1480	3	2415
2993	3	2036
3382	1	3568
2393	3	2018
785	3	3168
987	1	3568
995	3	1705
1461	1	3590
3410	3	3467
2743	3	1373
1161	1	3581
57	1	3577
2179	3	2733
457	1	3591
3551	3	2441
1799	3	1347
3113	3	995
59	3	1873
2490	3	161
2865	1	3576
532	3	879
1932	3	695
62	3	1982
1888	1	3624
1947	3	1317
2084	1	3643
2952	1	3569
3487	1	3568
1561	1	3568
109	1	3590
1340	3	78
2483	1	3569
1038	3	1122
2107	1	3696
1242	3	3369
2735	1	3586
2631	1	3596
2295	1	3725
2920	3	3169
377	3	1862
2361	1	3569
2896	1	3568
1005	3	1752
1518	3	3069
3403	3	1316
1493	3	2544
1666	1	3568
3163	3	2943
2401	1	3601
1838	3	3196
699	3	1492
2934	3	1316
2731	1	3574
662	1	3569
1003	3	2024
1432	3	2931
3067	3	664
2255	3	1089
1544	1	3568
2949	1	3585
2881	1	3649
2649	1	3576
2991	3	564
2466	1	3569
3300	3	2461
1613	3	3402
2434	3	1704
2856	3	2652
3289	1	3626
2956	3	937
1358	1	3580
728	1	3598
1773	3	1690
1025	3	1292
1184	3	1771
3062	1	3575
188	3	2690
2751	3	322
2224	3	2942
477	3	1436
1502	1	3602
3120	3	502
3402	3	2544
1832	1	3575
1649	1	3568
3054	1	3585
2794	3	699
2714	1	3574
645	1	3569
2144	3	1891
2855	3	2749
3522	3	773
1626	3	2427
2900	1	3690
2291	3	1857
2843	3	2236
3453	1	3568
1527	1	3568
6	3	2872
1497	3	805
2537	1	3593
936	3	3438
2733	3	2749
974	3	730
2460	3	2434
2014	3	1147
2920	3	2364
3127	3	1720
3416	3	1630
2943	3	1107
2819	1	3574
27	3	2079
2964	1	3627
2115	1	3584
2937	1	3580
644	3	942
532	1	3569
540	3	1706
607	3	1402
42	3	1068
1632	1	3568
1679	3	1912
1454	1	3570
1476	3	3079
2665	3	3342
820	3	3464
628	1	3569
2404	3	3540
939	3	2796
1049	1	3911
2697	1	3574
3165	3	2805
1688	3	2283
2799	3	2189
3075	3	1333
1506	3	2690
2228	1	3574
2353	3	376
146	1	3614
1166	3	1868
549	3	2652
2073	1	3618
2520	1	3593
2920	3	270
2831	3	2820
998	1	3574
2220	1	3584
557	3	1682
2438	3	1422
66	3	192
1979	3	180
2275	3	3402
1140	3	558
3247	1	3636
1585	1	3765
2355	1	3599
141	3	1924
371	3	785
2566	3	2815
2098	1	3584
162	3	0
589	1	3577
571	3	2273
1989	3	3056
2791	3	3138
2802	1	3574
2843	1	3637
2240	3	2820
407	1	3574
2333	1	3574
3529	1	3617
60	1	3604
1665	3	1829
3294	3	2919
449	3	2273
207	1	3570
1537	3	3065
3357	3	1664
3390	1	3590
945	3	375
2255	3	1573
2952	3	2005
2058	3	194
2833	3	229
2907	1	3574
981	1	3574
934	1	3613
864	3	3292
620	1	3569
2685	1	3569
3198	3	1370
105	3	2041
2648	3	1658
2785	1	3574
638	1	3774
2799	1	3590
3170	3	1645
2697	3	1122
3260	1	3600
974	3	864
272	1	3568
1239	1	3617
390	1	3574
2316	1	3574
564	3	250
1719	3	564
1194	1	3569
3127	3	1854
1086	1	3574
3366	3	3549
2265	2	4018
2569	3	1224
2790	1	3569
870	3	2005
3471	3	345
3073	1	3581
2890	1	3574
964	1	3574
860	1	3584
2186	1	3584
269	3	3472
204	3	2544
603	1	3569
1005	1	3637
3004	3	1012
2695	3	3087
96	3	105
1148	3	3126
2034	1	3602
642	3	1923
2693	3	2995
3512	3	3372
2312	3	3076
255	1	3568
2299	1	3574
269	1	3584
1177	1	3569
2544	3	295
3017	3	2717
1099	3	3437
1469	3	251
1069	1	3574
2775	1	3661
742	3	1901
2253	3	1821
501	3	114
224	3	364
1360	3	1370
2130	3	1204
2695	3	3437
2767	1	3671
947	1	3574
2873	1	3574
843	1	3584
2122	3	2359
196	3	2359
1221	3	2097
385	3	2820
2219	3	1845
2448	3	1399
2732	1	3634
2779	3	1978
2786	3	38
131	1	3604
2839	1	3598
1995	3	1347
17	3	431
430	1	3582
1228	3	2786
1731	1	3609
949	3	679
2041	3	2422
2633	3	2450
2556	3	3261
3378	3	3257
2943	3	436
1052	1	3574
26	3	802
292	3	2544
161	3	3261
2521	3	3224
1102	3	1835
3039	1	3581
3159	3	163
1648	1	3580
3561	1	3568
2870	1	3590
581	3	1673
3419	1	3624
343	1	3568
644	1	3581
2570	1	3581
3431	3	2167
344	1	3572
502	1	3637
1640	1	3590
1812	3	3218
3447	3	951
2508	3	3044
2609	3	1935
1208	3	1513
1992	3	275
3180	3	3342
2970	1	3568
2340	1	3586
2111	3	695
3144	1	3581
2489	3	882
1049	1	3590
2160	3	1879
749	1	3581
547	3	384
2991	3	3410
371	3	3497
1631	1	3580
1055	3	3163
3165	3	3423
1731	3	248
3224	3	1645
1089	3	2005
2553	1	3581
3544	1	3568
2259	3	1853
2931	3	2504
340	1	3584
818	3	1546
693	3	3127
2216	1	3679
2205	1	3580
432	3	1016
1491	3	6
1392	3	3062
2438	3	2040
1201	1	3581
3127	1	3581
1611	3	679
1310	3	2508
1941	3	652
732	1	3581
2171	1	3604
2180	3	2347
2875	3	813
432	1	3572
663	3	1422
3527	1	3568
1341	1	3618
3371	3	3079
1072	3	2005
1829	3	1073
120	3	2578
3090	3	1290
873	1	3679
2082	1	3677
1460	3	1078
1762	3	1754
3398	3	1992
532	3	826
152	3	547
2559	3	471
543	3	1853
1698	3	2167
1516	3	2574
210	3	1546
2446	1	3623
3510	1	3568
2223	3	3438
2342	1	3633
2146	1	3614
2042	1	3624
3041	1	3568
3004	3	691
381	1	3596
225	1	3636
828	1	3571
1289	1	3581
2618	3	571
1555	1	3967
283	3	3371
2589	1	3577
340	1	3718
1734	3	491
3364	1	3612
1836	3	197
2652	3	2796
96	3	723
608	3	1626
1698	3	1012
38	1	3617
2834	1	3635
66	3	944
1138	3	643
1395	3	305
1769	3	878
2033	3	1761
370	3	2230
3184	3	1316
1258	3	1316
2244	3	904
3139	1	3639
1856	3	2770
694	1	3569
138	3	1978
375	3	3006
598	3	1908
1794	1	3568
3325	3	1785
164	1	3592
739	3	1821
1854	3	234
3116	3	2145
3248	3	2596
3308	3	879
2572	1	3577
831	1	3689
365	3	1804
2719	3	960
845	1	3705
1456	3	689
1984	3	574
2390	1	3574
3488	3	2434
3234	3	635
1002	3	3229
564	3	63
1904	3	1243
1419	1	3705
1681	1	3568
229	1	3590
421	1	3604
2313	3	1072
317	1	3614
2347	1	3604
2530	1	3611
1883	3	2386
2964	1	3574
2493	1	3718
451	1	3568
221	1	3600
3422	3	1250
623	3	2032
2523	3	3345
1065	3	2560
3180	3	3021
2794	3	1935
2373	1	3574
2239	3	2931
3177	1	3569
1372	3	757
334	1	3590
2319	3	2037
3540	3	1211
34	1	3581
782	1	3569
277	3	1534
1045	3	2421
1232	3	1480
1654	3	3182
516	3	3229
359	3	2663
1664	1	3568
2521	3	1748
2749	3	2416
2947	1	3574
3153	1	3568
2586	1	3569
978	3	2136
322	3	679
434	1	3568
1269	3	1959
565	1	3586
2478	1	3574
2927	3	879
1697	1	3641
1356	1	3569
864	3	2300
3387	3	283
1901	3	2198
293	3	3348
2430	1	3582
2219	3	1658
2356	1	3574
3549	3	1625
3160	1	3569
1394	3	964
3452	3	251
2407	3	2441
280	3	713
2224	3	2434
839	1	3577
765	1	3569
2396	1	3606
1124	3	3010
2543	1	3572
2766	3	1611
969	3	2300
2930	1	3574
699	3	2273
1238	3	3031
1483	3	2533
2343	1	3568
417	1	3568
2461	1	3574
1635	3	3454
1761	3	1180
1050	1	3659
1136	3	2210
1339	1	3569
1367	3	1620
3075	3	475
1624	3	3002
2912	3	3209
2926	1	3754
2202	3	1658
2881	3	369
2614	3	1040
3389	3	1075
1142	3	2236
3434	3	2089
1752	1	3568
3035	1	3574
881	3	2434
1005	1	3584
2918	3	3292
2275	3	2544
3168	3	2995
599	3	3392
2031	1	3575
109	3	2508
522	1	3568
1	1	3585
3504	3	2866
2954	3	300
1806	3	854
788	1	3601
2326	1	3568
400	1	3568
2444	1	3574
2795	3	2450
469	3	3402
780	1	3611
301	3	1017
1512	3	3372
399	3	1109
1373	3	363
700	2	3751
853	1	3569
1065	3	3044
2167	3	691
2255	3	715
3194	3	2786
468	3	3371
2866	3	2124
705	1	3572
2631	3	1955
3198	3	2956
358	1	3602
3171	3	2909
3400	1	3709
505	1	3568
2450	3	114
2732	1	3581
769	3	761
1577	3	3549
375	3	3274
217	1	3719
535	3	2286
1427	1	3569
2545	3	1006
1579	1	3581
2577	1	3682
36	1	3568
986	2	3902
1554	3	2937
2250	1	3626
2862	3	2304
3104	3	2253
2246	3	1250
6	3	1559
1101	1	3574
3020	3	679
53	3	3240
3054	3	1594
427	3	403
2031	3	1712
3024	1	3630
1197	1	3574
475	3	2145
836	1	3569
1429	3	674
3558	1	3598
2140	3	2286
1878	3	2070
2005	3	402
2093	1	3589
2497	1	3570
749	3	33
818	3	2648
3379	1	3569
273	3	3137
469	3	1658
2330	3	2629
502	1	3584
2994	3	308
2719	3	1578
3066	3	2457
19	1	3568
1734	3	2398
3008	1	3661
2667	1	3589
3087	3	2253
2952	3	3375
658	3	1748
1084	1	3574
1657	3	2856
2306	1	3584
1546	3	1588
3050	3	640
3077	3	687
1764	1	3626
3155	3	290
364	3	2193
1376	1	3593
3189	1	3576
615	1	3574
1078	3	914
979	3	2071
993	3	3251
914	3	2288
3076	3	3464
593	1	3568
1558	1	3569
2735	3	3392
2952	1	3679
2842	3	2545
3369	3	1645
3402	1	3571
1476	1	3571
2038	1	3617
1189	1	3574
2482	3	1456
1768	1	3590
765	3	2005
2	1	3568
1102	3	38
3472	1	3585
1916	1	3617
300	3	1676
2438	1	3604
1347	3	1995
1747	1	3626
2208	1	3636
3555	3	2347
1323	3	3221
3387	3	1865
1059	1	3584
17	3	2956
84	3	2652
1929	3	86
2121	3	100
1541	1	3569
1846	3	1370
2803	1	3581
2979	3	750
3540	3	190
808	3	1422
305	3	1671
1072	1	3569
1874	1	3651
2355	1	3575
1429	3	3252
864	3	2918
142	1	3578
910	1	3711
68	1	3570
1172	1	3574
3385	1	3571
1751	1	3590
2868	2	3804
158	3	392
3443	3	2953
1461	3	3530
679	3	3183
884	3	1872
1646	1	3569
1838	3	1212
3052	3	502
2164	1	3589
1746	1	3574
642	1	3570
3192	3	2408
39	3	2352
3034	3	91
1222	3	2966
2766	3	2229
3450	1	3569
830	1	3599
2030	3	2165
1740	3	3369
1715	1	3707
638	3	1379
866	1	3664
555	3	2663
1155	1	3574
408	1	3590
1658	3	2815
1630	1	3600
2327	3	695
745	3	1286
2780	3	376
3096	3	1613
239	1	3599
2464	3	3067
2819	1	3684
2623	3	3546
1629	1	3569
1934	3	1370
1507	3	2275
2012	3	2693
86	3	2693
1462	3	2981
174	3	465
338	1	3573
1901	3	1072
2204	1	3600
1989	3	2816
997	1	3859
3054	3	3367
3508	1	3581
3101	3	884
2722	3	3110
959	1	3713
2071	3	1854
3216	3	602
1619	3	161
1534	3	2498
3394	3	964
3480	3	1687
1843	1	3568
2976	3	2983
3139	1	3586
3284	1	3639
2871	3	135
3087	3	643
3167	3	3357
2499	3	3229
1574	3	1776
2189	3	2799
1664	1	3731
1612	1	3569
2810	3	1821
3532	3	1088
2193	3	161
3492	1	3612
694	3	1310
807	3	361
316	3	944
578	3	807
2023	3	1637
796	1	3599
1939	3	63
3320	3	2470
745	3	3514
3472	3	917
2547	3	2291
2683	1	3601
2030	3	1360
13	1	3574
3402	3	344
1089	1	3679
2200	1	3585
1381	3	361
2288	3	1992
244	3	822
1717	1	3569
1826	1	3568
3267	1	3639
620	1	3679
1684	1	3624
697	3	2741
1656	3	2282
197	1	3609
2694	1	3569
1849	3	105
2350	3	1262
839	3	3062
2305	1	3585
1030	3	2470
431	3	2130
1409	1	3581
2522	3	3261
3428	3	135
1931	1	3568
1978	3	1912
2504	3	2850
1321	3	1883
2773	3	773
1132	3	3142
246	3	1839
1927	3	3091
3499	3	2253
2034	3	3408
2408	3	571
1809	1	3568
1149	1	3604
309	3	2304
1846	3	699
292	1	3571
1705	3	1372
2956	3	376
110	1	3568
1623	3	818
540	3	2300
2799	3	3372
2296	3	1722
1665	3	1134
1317	3	3002
1914	1	3568
1284	1	3586
2487	3	2850
984	1	3577
1853	3	1917
2988	1	3581
1992	3	2129
2688	1	3572
2641	1	3611
2677	3	3546
922	3	2286
3009	1	3730
480	2	3822
936	1	3585
2921	3	2032
63	3	677
2239	3	1134
3551	3	2014
3563	1	3612
2488	1	3568
1050	1	3606
2995	3	152
3452	3	548
93	1	3568
140	3	1912
2754	1	3601
3262	1	3572
2461	3	3567
3308	3	1310
2145	3	78
2271	1	3585
2285	1	3601
1897	1	3568
1934	3	699
1283	3	2652
2862	3	962
641	1	3582
1937	1	3600
204	3	1849
2588	3	2485
2917	3	2044
2412	1	3626
933	1	3601
1769	3	2598
1263	1	3574
16	1	3622
258	1	3571
194	3	647
1121	1	3630
1555	1	3593
2002	1	3568
76	1	3568
3149	3	1719
777	3	1243
3017	3	2022
3438	3	465
1046	1	3591
114	3	1316
438	3	674
857	1	3686
2410	3	2856
524	3	1751
3237	3	3110
3541	1	3569
120	3	1399
3011	1	3592
2143	3	1639
181	1	3568
1620	1	3591
2981	3	2920
3504	3	2966
1246	1	3574
2459	3	3259
282	1	3634
350	3	2498
1985	1	3568
1088	3	2993
3447	3	2350
1963	3	2124
1733	1	3581
2246	1	3753
3416	1	3601
1490	1	3601
1959	3	2893
2387	3	131
3524	1	3569
1751	3	251
1351	1	3574
846	3	1539
2864	3	824
2510	3	2077
618	1	3855
1999	3	1761
164	1	3568
1314	1	3681
3055	1	3569
795	1	3611
1309	3	699
725	3	2145
865	3	1243
1229	1	3574
561	3	3519
735	3	2566
773	3	268
613	2	3654
1804	3	1049
2546	3	51
3238	3	1370
3482	1	3603
2818	1	3672
3548	3	3520
3216	3	2509
402	3	2259
600	3	1046
818	3	501
2952	1	3626
3137	3	3209
502	3	2264
2008	1	3600
1458	3	551
274	3	1243
786	3	809
879	3	2198
1044	3	1077
1708	1	3591
268	3	1345
1004	1	3601
1119	1	3672
908	3	1748
1334	1	3574
3385	3	2275
3262	3	1658
1462	3	2794
3255	3	1346
2256	1	3575
3038	1	3569
2404	3	3463
3434	3	3459
571	3	1846
1924	3	1701
3138	1	3574
1212	1	3574
1387	3	2755
1808	1	3569
1117	1	3591
1944	3	3335
2204	3	3459
535	3	2367
2444	3	668
817	1	3582
1710	3	2416
2690	1	3568
2672	3	2264
449	3	1846
517	1	3573
714	3	3335
1121	3	2497
1784	3	2014
1255	3	378
1399	1	3572
3504	1	3574
3044	3	109
3143	1	3569
1217	1	3569
1170	1	3608
510	1	3644
3530	1	3571
1317	1	3574
2633	3	1889
1820	3	2815
2659	3	1330
1937	3	373
1650	3	1130
2748	3	270
1618	3	1791
3472	3	730
876	1	3682
1468	3	373
1804	1	3581
1791	1	3569
2364	3	2097
2534	3	985
1674	3	3287
3149	3	109
2924	3	3348
1905	1	3590
2183	3	2155
1724	3	913
2421	3	1345
1422	1	3574
2961	3	2709
594	3	2434
2987	3	1740
328	3	1620
1588	3	86
1576	3	1825
1200	1	3569
1261	3	1194
2311	3	1104
940	1	3619
1268	1	3679
3126	1	3569
3398	3	2236
2723	3	1240
1896	1	3569
285	3	1829
49	3	3306
2291	3	2853
594	3	3373
1041	1	3628
2351	3	1136
2431	1	3598
3466	1	3677
1270	3	2140
968	3	2609
1492	3	436
1953	3	2345
383	1	3568
548	3	3237
2592	1	3580
1915	1	3637
1673	3	2071
3289	3	322
328	1	3617
1405	1	3574
1138	3	2981
3246	3	884
146	1	3671
1676	3	1635
3109	1	3569
2703	1	3657
2315	1	3624
2934	3	1507
1879	1	3569
2654	1	3604
3284	1	3586
224	3	3320
2908	1	3713
54	3	1988
243	3	2449
2628	1	3618
2761	1	3568
2499	3	3176
3235	3	3061
2947	1	3684
3162	1	3586
589	1	3634
1784	3	3087
2139	1	3704
2475	1	3575
2862	1	3577
2247	3	937
1498	1	3623
2799	3	152
179	3	993
507	1	3636
1329	1	3632
1571	1	3581
2269	3	2427
2867	1	3599
2165	3	939
3013	3	376
3349	1	3584
2219	3	1768
2931	3	3232
1766	1	3569
2022	3	389
2248	1	3581
3238	3	699
1523	1	3589
3167	1	3581
3168	3	1816
311	3	465
1862	1	3569
1541	3	1040
620	1	3626
2887	3	2835
3267	1	3586
531	3	587
2095	3	2029
754	1	3580
1399	3	1658
3252	3	3010
3330	3	2613
3462	1	3574
3560	1	3666
2150	3	2919
2261	3	3023
482	3	3342
461	3	749
2743	3	1109
198	1	3617
2316	1	3631
2933	1	3601
2290	3	129
1721	3	1288
1222	3	3397
2313	3	1316
1459	1	3598
1012	3	2006
1446	1	3586
2045	3	1555
3184	3	405
83	1	3693
1641	1	3574
3435	3	2613
3324	1	3594
1667	1	3571
27	3	3209
2151	3	1431
2111	3	618
1447	3	687
3497	3	3226
494	3	1408
686	3	1422
195	1	3622
437	1	3571
2034	1	3659
1659	1	3581
3486	1	3637
1811	1	3593
1806	3	964
2253	3	939
2405	3	1304
263	3	1762
1511	1	3584
1875	3	3226
931	3	1109
3242	3	3097
1891	3	2010
3388	3	3002
1720	3	72
1325	1	3596
2469	3	666
3424	2	3629
2037	3	1370
361	3	1073
533	3	2318
407	1	3765
889	3	1924
1624	1	3574
155	3	2706
1127	3	3013
660	1	3634
1679	3	3392
1766	3	558
309	3	3540
33	1	3569
808	1	3604
960	3	2352
3532	3	1156
2899	1	3601
2560	3	105
1594	3	252
686	1	3604
268	3	3252
1267	3	196
1472	3	2295
271	3	361
343	3	3321
2333	3	2498
3371	3	3002
931	3	2398
1790	1	3581
2786	1	3590
485	1	3569
2712	1	3582
1967	3	366
2105	3	2416
166	3	1650
2444	3	131
773	3	3464
16	1	3569
885	3	1909
1398	3	2081
1767	3	2261
570	3	114
465	3	2537
1226	1	3628
2556	3	1224
557	3	1068
3258	3	1857
1781	3	25
2860	3	1756
2543	3	105
488	3	1280
2899	3	799
2441	3	2816
161	3	1224
1753	1	3637
2528	1	3672
3429	3	3071
1432	3	1862
2100	1	3637
2607	3	1911
2023	3	3357
796	3	1982
1965	3	1224
1211	1	3709
719	3	1276
897	1	3665
1641	3	2441
2648	3	105
3317	1	3574
501	3	305
222	3	1608
1104	1	3577
2537	3	557
102	3	3352
1088	3	2940
2856	3	2522
2639	1	3600
208	3	811
432	3	1073
1460	3	3229
1578	1	3572
1045	3	3149
2503	3	581
372	3	2066
251	2	3760
1166	1	3601
2948	1	3609
1571	3	3306
2668	3	752
539	1	3593
258	3	1820
481	3	1476
1151	3	2271
3200	1	3569
3208	3	1706
3495	3	1006
357	1	3590
705	3	105
2670	1	3592
3300	1	3574
1983	1	3581
57	1	3581
2903	3	389
1279	1	3591
1150	3	3149
821	3	3237
2407	3	3169
1769	3	2679
1172	3	1286
3451	1	3710
1525	1	3710
2239	3	2504
2857	1	3590
2418	3	1399
2633	3	547
66	3	2156
1392	1	3581
1853	1	3591
2029	3	6
2648	3	2333
3352	3	1913
1479	1	3574
3162	3	1402
1403	3	547
2735	1	3590
2660	3	2257
2612	3	1690
2831	3	1751
3414	3	1772
3183	1	3569
926	3	3237
2957	1	3568
2896	1	3572
1499	3	1692
2037	3	699
1138	3	2794
2656	3	3026
325	3	2613
1262	1	3591
1309	3	1935
1822	3	2107
2697	3	2736
2843	3	951
228	1	3610
3369	3	1889
432	3	268
957	3	600
1692	1	3569
2101	1	3596
1038	3	1476
2411	3	1245
2755	3	2590
2366	1	3568
3154	1	3615
2834	3	355
929	3	2595
1935	3	2097
2466	1	3573
1732	1	3601
1825	3	155
472	1	3637
1028	1	3611
3116	3	1852
3288	1	3569
3388	1	3574
1386	3	547
2485	3	2192
3054	3	1033
3258	3	1611
612	1	3853
2590	3	2398
2940	1	3568
1810	3	1752
2612	3	2979
1502	1	3606
2979	3	994
1215	1	3609
1016	3	700
1853	3	2482
881	3	1068
3377	3	3168
3464	3	687
2321	3	533
238	1	3657
2652	3	2981
2531	1	3571
2235	3	12
2881	3	2386
2572	1	3634
2703	3	3142
576	3	1414
3184	3	2312
793	1	3600
511	3	1221
2955	3	2405
3128	3	846
3271	1	3569
1058	1	3572
2432	3	2330
1607	1	3606
319	3	618
2757	3	938
411	1	3593
858	1	3568
721	3	2406
341	3	3272
2923	1	3568
3311	1	3601
468	3	2005
1932	1	3581
3261	3	571
2407	3	270
700	3	3549
702	1	3581
2554	1	3573
3015	3	2145
3519	1	3574
3194	3	2359
2616	3	95
2963	1	3590
3078	3	2610
2670	3	1678
1147	3	491
1928	1	3569
1357	3	192
3026	3	3183
1115	1	3580
3254	1	3569
2850	1	3570
394	3	2700
3087	3	2981
452	1	3653
2024	1	3569
1992	3	950
1688	3	3226
1263	3	1933
1513	3	529
2292	3	178
2791	3	3142
2200	3	3367
2699	3	2167
671	3	1316
1209	1	3660
2788	3	2444
3550	3	1770
943	3	2566
1258	3	1507
727	1	3705
2427	3	749
1445	3	2286
2001	3	2260
2915	1	3568
3033	1	3574
1911	1	3569
2707	3	2507
3011	1	3568
3548	3	2796
1055	3	805
2351	3	2722
765	1	3626
3125	1	3589
986	3	1017
2267	3	3221
2990	3	3094
669	3	275
3173	1	3611
3371	3	2815
3515	3	2672
1007	3	813
2604	3	90
1566	1	3677
2820	3	2497
1094	1	3568
1186	3	2926
1935	3	3520
390	1	3578
864	1	3600
820	3	2663
905	1	3663
90	1	3569
2016	1	3569
270	3	699
1012	1	3570
2288	3	2236
335	1	3627
2578	3	1588
2898	1	3568
2560	3	268
1894	1	3569
2901	1	3677
720	3	1345
746	3	786
274	3	869
2508	3	2914
460	3	2149
1786	1	3574
2844	3	2785
3190	1	3587
1499	1	3577
2044	3	307
1425	1	3569
54	3	1130
3167	3	2446
3238	3	1935
3467	3	2455
640	3	2014
195	1	3569
458	3	2421
2448	3	3497
2152	1	3612
2196	3	1611
1058	3	1658
1175	1	3660
2149	3	1650
106	3	2985
935	1	3624
692	3	307
73	1	3569
81	3	1706
824	3	739
1546	3	2450
1999	1	3569
2144	1	3622
2454	3	2435
3125	3	2480
2988	3	2582
3162	3	2020
2989	3	744
2378	3	2143
3050	3	2441
660	1	3581
358	1	3659
647	1	3569
2915	3	557
1182	1	3568
2646	3	190
1989	3	161
1911	3	558
3541	1	3679
578	3	246
178	1	3569
953	1	3604
2557	3	1223
3210	3	493
2717	3	3062
278	1	3574
757	3	3113
976	3	3174
1917	3	1748
2540	3	1418
3014	1	3619
130	1	3577
1982	1	3569
2679	3	664
2262	3	1990
3077	3	2838
978	1	3570
2544	3	1588
752	1	3569
576	3	1093
1437	3	1296
2165	3	1370
3519	3	2976
1975	1	3640
2093	1	3646
283	1	3569
388	1	3620
440	3	2165
3170	3	1194
1151	3	3023
343	1	3572
1165	1	3568
1296	3	3076
2570	1	3585
2465	3	2318
24	3	1653
715	3	114
1729	3	2254
1006	3	691
2222	1	3584
2663	3	3522
3320	3	3198
1546	3	1645
962	3	3091
2006	3	295
3144	1	3585
127	1	3593
1194	3	720
2040	1	3581
2528	1	3619
735	1	3569
2219	3	105
2335	1	3574
849	1	3590
266	1	3569
531	3	1368
680	3	2180
746	3	1270
1001	1	3602
1069	3	375
1857	3	1176
2627	1	3593
1148	1	3568
518	1	3586
2431	1	3574
3099	3	687
1839	3	765
1551	3	3360
2445	1	3590
3044	3	2313
144	1	3569
3333	1	3840
3374	3	2286
2126	3	1728
2145	3	1611
1149	3	1776
98	3	96
2253	3	1370
184	1	3601
3363	3	670
514	1	3574
580	3	3491
2504	3	1134
2511	1	3619
509	3	592
1436	1	3575
1731	3	602
640	3	3437
1890	3	1835
511	3	95
2318	1	3574
249	1	3569
33	3	1444
3020	3	870
533	3	2749
440	3	1360
3403	3	2422
1072	1	3626
2136	1	3571
684	1	3593
3491	3	194
139	3	745
2853	3	1546
1541	3	666
457	3	2649
2128	1	3581
3258	3	3443
1150	3	3096
3556	3	3168
152	3	2995
2248	3	1883
785	3	86
2414	3	1176
3300	3	3567
790	1	3624
1147	3	2398
3104	3	2794
469	3	1849
2639	3	745
3451	1	3657
261	3	2815
497	1	3574
721	3	2219
385	3	275
2515	3	2522
3002	1	3590
164	3	475
972	1	3600
789	1	3593
2079	3	23
1468	3	1422
2461	3	912
3510	1	3572
2831	3	1698
1078	3	3549
2075	3	792
3513	3	344
1385	1	3599
1141	3	3086
1143	3	2033
1945	3	2115
1957	3	376
2411	1	3590
186	3	96
2307	1	3600
2799	3	2006
2052	3	2022
2111	1	3581
2815	1	3571
411	3	419
555	1	3613
602	1	3574
2972	3	2167
2841	1	3568
1120	1	3594
1857	3	1310
3337	3	1588
229	3	473
1583	3	934
2694	3	840
1978	3	1835
2693	1	3571
212	3	2920
2851	1	3636
1997	3	964
3081	1	3604
480	1	3574
3087	3	2794
109	3	3183
851	3	465
252	3	125
3468	1	3606
955	1	3600
1220	3	645
2014	3	2253
2251	1	3618
894	3	1195
11	1	3574
472	1	3584
524	3	2129
2196	3	2229
2949	3	1330
2814	3	1698
2951	1	3614
3077	3	2167
1834	3	473
3398	1	3589
2165	3	699
629	3	645
881	3	3459
585	1	3574
3160	3	102
21	3	3317
3293	3	1894
2578	3	3495
2628	3	1357
3438	3	1193
356	1	3610
3314	3	1690
234	3	3127
2389	1	3574
799	3	1017
1833	3	3071
2919	3	1698
3182	3	2167
1734	3	1784
3365	3	1821
1637	3	608
3262	3	3191
3488	3	2438
351	1	3594
1573	3	1021
345	3	2450
2673	3	2165
2797	3	1698
1294	3	3252
3424	3	982
468	1	3569
1051	1	3590
140	3	1835
3287	3	3157
1600	1	3624
444	3	2367
127	3	716
568	1	3574
2881	3	239
273	1	3766
1043	1	3600
3470	3	1821
2571	3	1472
108	3	1772
1650	2	3751
3077	1	3568
550	3	3209
1437	3	2853
2073	1	3569
2244	3	3136
3519	3	561
2253	3	699
2995	1	3570
960	1	3571
2733	3	17
1770	3	2935
2834	3	2880
854	3	944
1139	3	2347
1448	1	3609
1250	3	3205
3182	3	1012
548	3	3481
3243	3	3463
252	1	3596
772	1	3727
2486	1	3568
2979	3	136
2119	3	2438
64	3	2859
3047	3	2690
3060	3	1012
985	3	200
3272	3	3013
402	3	543
2522	3	1224
3060	1	3568
1800	1	3604
1392	3	301
3318	3	1055
1591	3	2347
2056	1	3569
1541	3	3378
377	3	2647
1383	3	2149
435	1	3600
943	1	3571
839	1	3581
1436	3	1637
656	1	3574
135	1	3591
1614	1	3616
2145	3	2229
1027	3	674
2815	3	344
1230	1	3753
87	1	3599
3137	3	1843
3165	1	3568
1239	1	3568
2030	3	1551
3335	3	3283
248	1	3581
2161	1	3569
1563	3	145
2866	3	3283
3177	3	1875
540	1	3600
942	3	3196
1344	3	1012
3043	1	3568
3235	3	1211
2408	3	2856
2427	1	3602
1464	3	931
2039	1	3569
2673	3	3238
1813	1	3568
2574	1	3568
648	1	3568
2989	3	2785
1913	3	2327
1770	3	2130
822	1	3581
1344	1	3568
2605	1	3785
2519	1	3617
635	3	1006
3165	3	2301
1602	3	1055
3495	3	3464
149	3	471
3060	3	207
1604	3	1722
3148	1	3568
488	1	3596
3440	3	250
2144	1	3569
753	1	3568
3066	1	3570
1221	3	1109
3026	1	3568
1852	3	1344
853	1	3573
2983	3	3237
3226	3	1719
2688	3	268
3522	3	2497
565	1	3724
1554	1	3619
1796	1	3568
2557	1	3568
666	3	1752
1135	3	2661
2580	3	3491
116	1	3657
358	1	3606
1246	3	3519
1810	1	3584
3269	3	2449
3553	3	994
505	1	3572
1327	1	3568
2247	3	376
519	1	3588
1913	3	1172
2249	1	3569
323	1	3569
36	1	3572
161	3	2273
3506	1	3589
3012	3	3373
1205	1	3568
3131	1	3568
2384	1	3584
2312	3	344
2323	1	3588
2981	3	533
1071	3	1761
2127	1	3569
3200	3	3402
316	1	3640
2215	1	3593
736	1	3568
1965	3	2273
3459	3	668
1193	3	2347
1424	3	477
799	3	696
1345	3	268
1221	3	2398
2942	1	3636
2319	3	431
2497	1	3574
2563	3	3491
1793	1	3584
3226	3	564
3099	3	2406
1310	1	3568
2421	3	1857
3341	1	3619
529	1	3635
530	3	551
871	3	623
2232	1	3569
306	1	3569
2338	3	135
2483	3	2440
2633	3	2751
2967	3	265
1650	1	3609
2254	3	2533
1906	1	3574
2367	1	3584
359	1	3613
312	1	3652
1431	3	1695
1884	1	3568
719	1	3568
1865	3	1658
1774	3	2434
1131	3	1686
2272	1	3601
2130	3	2794
880	1	3569
2298	3	261
3047	3	2019
3168	3	2544
304	1	3662
1415	1	3568
1204	3	2398
1370	3	937
2480	1	3574
411	1	3569
2430	3	2022
3255	1	3609
2555	3	3306
2004	3	1089
1293	1	3568
3182	3	691
1065	3	3182
3366	3	951
2729	3	465
2796	3	161
114	3	1507
1175	3	2444
2588	3	3026
3311	3	2899
2057	3	2796
2240	3	2450
2753	3	2622
2181	1	3593
580	3	3438
2585	1	3574
659	1	3574
3169	3	511
1416	3	2362
3503	1	3806
668	3	1210
2966	3	2432
298	1	3569
1073	2	3650
208	3	116
1398	1	3568
1935	3	2796
2548	1	3681
2751	3	86
3015	3	3060
3434	3	483
2463	1	3574
394	1	3569
1117	3	1250
2327	3	1854
1394	3	647
2210	3	745
2145	3	1908
1994	1	3574
68	1	3574
2139	1	3627
3207	3	3259
315	3	2652
2286	1	3593
1839	3	2001
2990	3	2720
1243	3	107
60	1	3584
2721	1	3617
2639	3	3136
1751	3	2886
548	3	2005
727	1	3681
2575	3	3549
2340	1	3572
642	1	3574
2568	1	3574
1864	1	3584
3343	1	3609
2044	3	2966
281	1	3569
2860	1	3593
3274	3	2204
279	3	140
173	1	3574
2874	3	1992
2446	1	3574
2351	1	3591
2220	3	792
821	3	3481
1977	1	3574
2799	1	3570
2916	3	618
2747	3	1791
692	3	2966
1626	3	3480
2465	3	2749
712	3	436
747	1	3574
700	1	3613
56	1	3596
43	1	3584
2704	1	3617
2005	3	1829
2451	1	3569
1012	3	1929
1006	3	1122
1873	3	2132
2616	3	3238
2551	1	3574
2565	1	3590
38	1	3568
663	3	3012
926	3	3481
156	1	3574
2695	3	3067
1309	3	2179
1868	3	1706
94	3	2283
1995	3	38
2441	3	161
4	1	3592
1213	1	3590
1156	3	2136
3173	3	3259
388	3	2969
304	3	1748
730	1	3574
2135	1	3591
875	1	3627
1952	1	3584
35	3	3472
771	1	3637
1619	3	3548
2194	3	196
2690	3	799
1612	1	3573
2434	1	3569
162	3	114
2967	3	2038
3383	1	3617
2862	1	3634
2036	3	687
3000	3	2347
2240	3	2934
3020	1	3699
1703	3	2089
2352	1	3571
21	1	3568
213	1	3582
1966	3	114
139	1	3574
130	3	2495
35	1	3584
1088	3	285
491	3	3056
1641	3	3169
1718	1	3604
1972	3	2820
2193	3	3548
2380	1	3679
835	1	3574
1766	1	3626
3533	1	3901
179	1	3606
258	3	2198
1862	1	3626
2237	3	1276
1758	1	3636
2822	1	3581
2934	3	2853
3105	3	2347
713	1	3574
458	3	1242
609	1	3584
39	3	1901
2118	1	3591
3159	3	3176
3008	3	1727
1222	3	71
2524	3	3549
1173	3	2270
3222	1	3568
3414	3	1211
3553	3	457
3437	3	2398
2231	1	3581
2048	1	3574
1690	3	2612
3550	3	3169
3440	3	63
818	1	3574
1641	3	2014
1182	3	772
1129	3	1284
2298	3	879
257	3	982
592	1	3584
784	1	3598
737	1	3637
1125	3	2053
2239	3	3232
2736	3	1012
3249	1	3612
820	3	679
110	1	3572
1282	3	3194
578	3	2450
3331	1	3738
3205	1	3568
362	1	3589
2214	1	3581
1988	1	3580
2474	1	3705
2736	1	3568
1284	1	3590
2917	3	531
984	1	3581
354	1	3599
2206	1	3591
2253	3	1935
1395	3	3184
2988	1	3585
2628	3	849
1006	3	2545
1236	1	3598
2641	1	3615
515	1	3581
3555	3	2969
2191	3	3015
1724	1	3636
2788	1	3581
3563	1	3616
2908	3	163
575	1	3584
2001	3	2504
2995	3	2600
3310	1	3568
1578	3	1878
1434	3	1267
2604	3	3367
1657	3	1734
681	1	3813
3188	1	3568
1641	3	270
1674	3	3023
1871	1	3575
1464	3	878
3010	3	3252
3108	3	2590
1267	1	3590
1012	3	1258
1671	1	3571
2569	3	533
967	1	3581
1403	3	120
1365	3	2418
1304	3	3176
2076	3	3276
1853	3	3210
1937	1	3604
2515	3	3087
2082	1	3657
3466	3	2082
120	3	3497
402	3	2129
3293	1	3568
2302	1	3581
2824	1	3568
3215	3	3257
3550	3	270
1854	1	3575
3530	3	2198
292	3	564
1146	3	2707
451	3	1797
116	1	3604
353	3	2261
431	3	2618
1654	1	3571
2987	3	3354
1517	3	1245
1472	1	3568
3503	1	3619
1816	3	469
1494	3	1778
2821	3	2192
3216	1	3622
3142	1	3614
1720	3	2707
2318	3	2441
1812	1	3609
1871	3	214
937	3	1754
1935	3	2609
2067	1	3570
2220	3	1760
2038	3	2167
2417	3	695
1701	3	1690
2346	1	3577
1208	1	3624
2589	3	1940
1104	1	3634
2832	3	422
3024	1	3581
187	3	1072
371	3	578
2807	1	3568
147	1	3596
643	3	2935
1482	3	2204
1837	1	3575
1019	3	3209
1602	3	3230
1103	1	3603
2131	1	3686
2803	3	1000
2089	3	3416
2163	3	1172
2642	1	3574
99	1	3604
25	2	3642
1755	1	3577
246	1	3570
2770	3	1630
3381	1	3568
1455	1	3568
457	3	3348
2864	3	3272
1674	3	3157
2108	3	3120
1136	3	1706
164	1	3572
2425	1	3591
1493	3	1316
1329	3	2690
130	3	3113
680	3	1135
1942	1	3575
3047	1	3583
2417	1	3601
2718	1	3671
3007	1	3581
979	3	2022
2625	1	3574
2785	3	969
742	3	405
1583	3	694
1566	3	1068
670	3	1064
2156	1	3574
1250	3	2831
1436	3	3357
221	1	3580
949	3	2216
2245	3	2234
3183	1	3626
1412	1	3756
563	1	3713
3402	3	1316
1853	3	1250
3495	3	2352
1625	3	229
1645	3	2216
1447	1	3568
2736	3	691
2719	3	2229
2903	3	1735
136	3	3519
596	3	96
105	3	679
2005	3	1992
1543	1	3568
2995	3	1929
802	3	3010
1451	1	3738
2393	1	3672
2997	3	2596
2077	3	1344
2608	1	3574
17	3	2318
2210	3	3136
188	3	1812
2421	3	3443
3398	3	951
1549	3	1068
2139	1	3574
2319	3	2956
1821	3	2318
548	1	3569
2546	3	1694
2191	3	250
2626	1	3581
2864	3	3406
2167	3	1476
3158	1	3636
1430	1	3568
1622	1	3582
2713	1	3574
3266	3	2367
66	1	3614
53	1	3602
3467	3	1089
3050	3	3169
200	1	3568
1896	3	1017
2244	1	3574
1534	3	1160
1667	3	2198
3126	1	3573
2496	1	3591
3493	1	3840
466	1	3601
1473	3	2092
1402	3	1637
1354	3	1070
1816	3	2831
2407	3	3360
2527	3	471
589	3	3176
2633	3	3182
605	1	3577
651	3	1315
3070	3	254
1829	3	1671
2562	1	3620
2688	3	2927
3077	3	1122
2289	1	3658
404	3	1721
1323	3	2367
1413	1	3568
2125	3	2449
1883	3	56
104	3	1712
2696	1	3574
2981	3	2253
1754	3	878
183	1	3568
1780	1	3599
164	3	1658
1150	1	3617
2227	1	3574
2578	3	2450
1751	3	1089
3190	3	1112
1350	3	2189
2362	1	3589
1623	3	3079
694	3	322
3429	3	363
842	3	3146
1038	3	1667
3182	3	1122
921	3	3002
2230	3	2449
3497	3	63
875	1	3574
647	3	2434
771	1	3584
3067	3	270
2875	1	3593
995	2	3903
1610	3	2899
849	3	981
1315	1	3620
2735	3	1733
2767	1	3598
1455	3	2189
1329	1	3636
166	1	3568
2138	1	3677
84	3	3087
1219	3	1414
2210	1	3574
1786	3	2415
1432	3	3476
1839	3	1493
664	3	2410
1136	1	3591
3166	1	3581
467	3	1785
948	3	955
2156	3	347
1428	1	3610
1914	1	3735
3261	3	2856
2935	3	3406
2522	3	2273
1976	3	257
1122	3	13
2418	3	785
3566	1	3568
271	1	3568
2248	3	2261
3050	3	270
911	1	3618
1286	3	2022
1342	3	691
2350	3	1213
1641	3	1022
2048	3	184
867	1	3574
1474	3	2051
2044	3	3397
574	3	1288
2544	3	2450
1159	1	3593
1981	1	3589
3484	3	418
1894	1	3626
2305	3	1330
2154	1	3750
1567	1	3570
1279	3	2649
2863	1	3588
3324	1	3598
1425	1	3626
1933	1	3597
1394	3	2367
2445	3	1546
692	3	3397
548	3	2786
737	1	3584
2028	3	2872
1876	3	3261
3145	1	3569
3378	3	2029
2141	1	3570
3241	1	3569
942	3	1212
292	3	1316
1710	3	2099
2269	3	1626
2291	3	308
850	1	3574
1672	1	3570
2706	3	2862
1442	1	3602
2063	3	3259
2286	3	2915
3355	1	3590
1603	3	2165
97	3	194
842	1	3584
3169	3	3520
3476	1	3570
246	3	3079
2914	3	361
2842	3	3464
1324	1	3569
3184	3	1698
1258	3	1698
3368	1	3575
1108	1	3617
427	3	3550
625	1	3601
659	3	1179
1242	1	3571
2006	3	1507
1329	3	1564
3085	3	3238
3128	1	3569
608	3	2358
640	3	3360
1436	3	1881
2920	3	1754
3136	3	1706
904	3	3136
1411	3	2501
130	1	3634
3434	1	3604
2005	3	3549
1426	3	3123
3200	3	3512
3418	3	2967
833	1	3574
3366	3	2805
1204	3	1219
1447	3	2919
2741	3	580
678	1	3618
3176	3	2294
3294	3	3464
1377	3	626
556	3	3135
2336	3	167
937	3	2856
1307	1	3569
2082	1	3604
849	3	2404
2268	3	440
2953	3	1857
2229	1	3570
285	3	1512
3387	3	1820
3438	1	3568
838	1	3569
608	1	3601
2521	1	3589
3199	1	3593
3003	1	3574
1517	1	3590
3297	1	3685
1551	3	3067
3354	3	2450
2216	3	2497
3404	2	3638
1408	3	618
3221	1	3585
1213	3	2350
1191	1	3595
537	3	748
1412	1	3569
322	3	2566
2094	3	2850
2817	1	3586
3481	3	3237
604	1	3589
2845	3	3357
3121	1	3765
1489	2	3922
323	3	3536
1630	1	3580
2927	3	322
1836	3	3157
3216	1	3569
1290	1	3569
3026	3	2919
84	3	2416
1891	1	3765
2813	2	3638
972	3	2256
1656	3	3067
1852	3	1588
388	3	2595
821	1	3569
2129	3	3237
514	3	1075
2648	3	109
2983	3	3481
2690	3	425
2801	3	3535
2204	1	3580
2394	3	3209
2683	3	3119
2986	1	3574
956	1	3584
3027	1	3637
1992	3	1625
1953	3	3317
1270	3	668
1349	3	2776
1395	1	3569
1744	3	1778
2376	3	2427
4	1	3568
759	1	3689
2500	1	3577
2546	3	1507
656	3	615
2739	3	1935
960	3	1901
2174	1	3774
3274	1	3581
1045	3	120
3200	1	3573
916	3	3194
825	3	2825
773	3	2663
470	3	1381
2703	3	3012
721	3	1337
1983	1	3585
1675	3	677
2070	3	1578
651	3	189
67	3	1635
1609	1	3568
3513	3	51
2870	1	3785
3057	1	3598
1657	3	2165
3453	3	3488
403	3	2816
883	3	1380
2683	1	3581
2495	3	945
3091	3	1732
2633	3	2995
1378	1	3569
2614	3	1422
1150	3	120
2483	1	3577
3076	3	2773
3221	3	382
128	3	1053
393	3	1435
951	3	3375
1476	3	2953
1830	1	3718
1512	3	2815
2122	3	810
2167	3	2578
2634	3	376
2957	1	3572
2379	3	2135
2300	3	1172
3257	1	3581
3445	1	3610
1144	1	3589
3078	3	2480
405	3	3079
3143	3	964
1483	1	3569
140	1	3590
1592	1	3568
228	1	3614
1806	3	647
3323	1	3610
1111	3	882
3102	3	120
3354	3	2934
2366	1	3572
2432	3	3489
324	3	3142
1809	3	211
2994	3	1845
1149	1	3584
1464	3	2598
914	3	2886
1406	3	465
1426	3	2452
2674	3	2657
1688	3	63
3240	1	3581
1697	1	3568
1166	3	2092
2940	1	3572
1731	3	793
1430	3	2622
491	3	2816
2612	3	2983
2831	3	3044
3149	3	2504
401	3	2508
2471	1	3572
1507	3	295
440	3	1551
2115	3	97
1370	3	2470
2236	3	2874
1033	3	1993
2133	3	3137
2619	1	3599
3369	3	3182
2522	3	2086
3528	1	3588
985	1	3618
3232	3	86
54	3	3094
3102	3	1409
210	3	802
659	3	1797
921	3	1660
1710	3	3067
2491	3	556
1573	3	1078
1009	3	186
2364	3	2398
2489	1	3609
2936	1	3584
1523	1	3756
2814	3	3044
1045	3	604
710	1	3575
718	3	1712
1243	1	3661
1370	3	376
1245	1	3574
2754	1	3581
2789	3	1765
2874	3	2236
668	3	299
1524	1	3581
945	3	1538
328	1	3568
2169	3	2215
3032	3	3438
1598	1	3600
1825	3	1798
2894	1	3618
115	3	2697
3328	1	3581
379	1	3699
599	2	3848
1032	3	3251
7	1	3595
1663	1	3568
1158	3	1533
1835	3	2230
346	1	3575
792	3	2434
3288	1	3707
693	1	3575
262	3	384
3094	1	3601
1703	1	3600
2814	3	1889
999	1	3610
700	3	870
1403	1	3591
115	3	603
311	1	3568
1029	1	3574
1446	3	1540
1728	3	229
1748	3	2216
3385	3	3060
2275	3	1316
17	3	2749
2722	1	3662
1606	3	3026
1835	3	136
798	1	3575
1147	3	1784
3011	1	3572
182	1	3609
616	1	3572
1821	3	2749
402	3	950
804	1	3601
1394	1	3581
772	3	1736
1835	3	3519
3307	1	3569
209	3	1258
2303	1	3570
2969	1	3606
3240	3	3357
786	3	3472
1386	1	3591
18	3	333
1433	3	1935
797	1	3672
264	3	3249
1012	1	3574
1894	3	2680
1803	3	2311
1172	3	969
3545	3	1698
484	3	3371
1935	3	491
494	1	3757
1264	1	3591
2716	1	3569
878	3	1414
2266	3	2969
1799	1	3590
3190	1	3591
1671	3	344
3352	3	1596
501	3	2216
1499	1	3581
475	3	2422
556	3	3298
2704	3	3102
2920	3	2856
3071	3	363
3290	1	3569
3159	1	3724
2613	1	3626
2360	1	3578
828	3	1694
2821	1	3569
1369	1	3591
3053	3	2779
367	3	2612
918	3	2385
1891	1	3578
995	1	3574
1478	3	74
900	1	3591
2312	3	51
2707	3	1706
1320	2	3948
2788	3	2582
371	3	338
1654	3	344
1739	3	3259
1482	1	3581
2120	3	2454
2257	1	3616
3395	1	3569
1761	1	3588
299	3	761
1972	3	2259
3273	1	3569
635	3	2352
1100	1	3574
1102	3	904
1882	1	3568
130	1	3581
1517	3	2294
1740	3	2007
2127	1	3626
2804	1	3569
3467	3	715
1690	3	1701
978	1	3574
2606	3	3339
3340	3	867
2447	3	416
2086	3	2855
1234	3	3221
2456	1	3568
1833	3	363
3397	3	1805
1130	3	979
1722	3	3259
1854	3	3357
2655	3	2079
3378	1	3569
790	3	157
3476	3	1469
876	1	3662
1147	3	2268
1128	3	695
1987	1	3568
2302	3	2582
2480	3	136
1057	1	3577
1089	3	135
1457	1	3591
2232	1	3626
2422	1	3592
1064	3	2828
1373	3	2652
1083	1	3574
1130	3	1918
2333	3	2799
1380	3	3520
3011	3	1658
113	1	3581
2787	1	3569
301	3	2717
3099	3	3402
3551	3	168
2040	1	3585
2620	3	2981
309	3	1747
1557	1	3569
2313	3	1751
568	3	912
2439	1	3568
3214	1	3603
2283	3	3079
1001	1	3606
3361	1	3569
603	3	3168
2508	3	3402
3449	1	3593
1148	1	3572
518	1	3590
1970	1	3568
1315	3	2942
1072	3	135
966	1	3569
2799	3	2815
2892	1	3569
2994	3	1658
2967	3	1611
2234	3	2245
3027	1	3584
2748	3	2478
1316	3	2414
3274	3	3416
2006	3	1588
1391	3	3392
1540	1	3569
3466	1	3569
687	3	3402
176	1	3615
149	1	3568
924	1	3603
2030	3	937
5	3	1340
1486	3	2032
249	1	3573
978	3	2815
2714	3	250
2953	3	3443
290	1	3636
3140	1	3574
1953	1	3568
910	1	3772
2410	3	3454
1784	3	3067
2765	3	2454
2875	1	3569
949	1	3569
2608	3	2976
2298	3	2546
723	1	3568
2666	3	2312
985	3	1814
1177	3	1074
1716	3	687
1932	3	3094
534	1	3663
1645	1	3569
1944	3	1355
896	3	194
2211	3	2347
714	3	1355
163	3	3481
2508	3	1658
2527	1	3568
1570	3	193
2693	3	2332
1742	3	3511
3390	1	3627
467	3	1761
355	1	3634
375	3	786
717	3	3363
304	3	3549
132	1	3568
166	3	1146
1244	3	2463
1361	3	2273
252	3	2223
1564	1	3632
2028	3	1559
2079	3	27
3315	1	3588
1193	3	444
879	3	1507
1667	3	2308
2485	3	265
1907	3	2165
2531	3	1340
2307	1	3604
706	1	3568
2933	1	3581
3320	3	303
608	3	695
1120	1	3598
1628	1	3569
524	3	1194
1805	3	2432
3522	3	2919
2595	3	3146
2404	1	3665
624	1	3570
1302	1	3574
1698	3	3464
2409	3	1104
984	3	2261
3282	3	3540
1594	1	3593
115	1	3568
721	3	3512
1567	3	1929
2325	3	2748
2464	3	95
2679	3	2441
1625	3	473
1658	3	3226
3069	3	697
3124	3	2132
266	3	720
2217	1	3646
1640	3	2815
3486	1	3617
2468	1	3602
596	1	3677
373	3	2347
694	3	432
1407	1	3574
1040	3	2444
1177	1	3606
2033	3	1180
3215	3	1541
356	1	3614
1935	3	2398
2676	1	3575
3211	1	3574
393	1	3729
309	3	137
387	3	494
1760	1	3600
2207	1	3575
1336	3	2441
1460	1	3591
2697	3	943
2318	3	3169
727	1	3872
1738	1	3575
2007	1	3571
3544	3	167
2936	3	194
3437	3	2105
2259	3	251
1551	3	1754
933	3	3251
1072	3	2497
2334	1	3600
2343	3	3488
2269	3	3480
2899	1	3581
1857	3	2953
1390	1	3574
713	1	3631
686	1	3584
3538	3	1761
1043	1	3604
2220	3	3427
1976	1	3704
914	3	1089
2974	3	869
1841	3	3209
1986	3	2508
2117	1	3617
2630	1	3789
2573	3	2143
186	1	3571
1536	3	1835
1837	3	1151
3473	1	3581
1555	3	964
1594	3	1171
1890	3	229
3080	1	3681
125	3	813
79	1	3637
1658	3	2421
452	1	3604
3547	1	3600
2407	3	571
3221	3	813
1842	1	3574
2318	3	2014
2658	1	3672
2312	3	2308
2588	3	3351
1386	3	3076
1556	1	3581
2038	3	1740
1373	1	3574
2056	3	2707
1354	3	1664
481	3	3200
2470	3	2935
251	1	3569
2552	1	3590
2595	1	3584
181	3	3191
187	3	645
543	3	251
1539	3	86
96	1	3613
1910	3	2566
2239	3	3289
1661	3	1025
2770	1	3601
2994	3	1337
3025	3	979
2406	3	725
363	3	161
1484	3	1280
1093	3	3346
2891	1	3581
1447	3	1740
2244	3	457
2981	3	403
957	1	3591
501	3	285
2161	3	1017
2275	3	674
3476	3	343
1769	3	1370
691	3	807
935	3	3113
1912	2	3947
1539	1	3581
2453	3	2935
3452	1	3569
832	3	3319
753	3	3110
3322	1	3785
2832	3	1284
546	3	2238
901	1	3609
1942	3	3194
2755	3	931
1048	1	3575
50	3	3355
1942	3	750
2413	1	3590
2318	3	270
193	1	3634
1824	1	3671
1806	3	2367
2427	1	3606
3046	1	3681
722	1	3580
1130	3	1731
3227	1	3596
822	1	3585
1644	1	3581
2435	3	2318
3512	3	2275
1751	3	3561
1344	1	3572
1114	1	3604
1134	3	1901
697	3	2347
2036	3	2167
3455	3	3556
2818	1	3599
888	3	2721
1104	3	3229
1380	3	300
736	3	3110
2518	1	3590
2604	3	1330
633	1	3653
811	3	116
109	1	3574
239	3	1722
3066	1	3574
3218	1	3586
1997	3	647
2014	3	1936
1927	1	3590
531	3	2124
405	1	3571
431	3	2675
1627	1	3581
820	3	870
997	1	3599
1122	3	1546
2449	1	3577
2476	1	3624
189	1	3619
2549	1	3582
623	1	3582
882	3	3173
1073	3	1493
2916	1	3849
140	3	229
680	3	2347
370	3	1917
1158	1	3581
1546	3	2751
2559	3	2386
2790	3	2607
3373	3	2628
2889	1	3623
3486	3	1679
3094	3	695
2976	3	279
1740	1	3571
3023	1	3577
2346	1	3634
2949	1	3569
1732	1	3581
378	3	1503
1456	3	2820
1560	3	2618
1621	3	696
1967	3	2708
1336	3	2120
1998	1	3614
2445	3	3079
1610	1	3581
3523	1	3569
1755	1	3634
1310	1	3572
2132	1	3568
380	1	3581
1141	1	3581
361	3	1671
1202	1	3577
2081	3	2376
3054	1	3569
841	1	3572
3467	3	1012
2735	3	2461
2111	3	3094
773	3	2773
1074	3	2032
1368	3	2954
1495	1	3657
1868	1	3624
1608	3	1091
1029	3	2738
2402	3	2507
2706	1	3568
2076	1	3586
3189	1	3584
2556	3	533
1124	3	469
251	3	2005
1715	1	3581
134	3	3340
1977	3	107
2313	3	1698
2576	3	2167
1415	1	3572
2399	3	3529
1337	3	3440
733	3	2899
416	3	1248
2067	3	2518
2862	3	568
1304	1	3671
2115	1	3568
2149	3	1146
1770	3	2618
1526	1	3649
2289	1	3581
3037	1	3569
773	3	679
2256	1	3636
3349	3	3049
3472	1	3593
3404	1	3657
3172	1	3584
2378	3	1639
2989	1	3577
88	3	1891
959	1	3587
2689	1	3568
3473	3	3491
1436	3	381
1769	3	699
1981	3	2700
2703	1	3584
621	1	3624
2796	3	3548
1274	3	2422
260	1	3619
480	3	404
3285	1	3574
1972	3	1751
3372	3	1567
206	3	2836
395	1	3634
2172	1	3576
1660	3	3481
142	1	3586
2098	1	3568
1694	1	3569
3020	1	3569
743	3	1812
807	1	3572
815	3	1709
277	3	2510
2043	3	1425
534	1	3610
2308	3	2914
3174	3	2230
475	3	1698
897	3	2646
2739	3	2179
1561	3	325
1878	3	1623
1904	3	1064
2089	3	3018
2588	3	1875
2451	3	78
2957	3	3354
3390	1	3574
87	3	2574
500	1	3634
2386	1	3575
1756	1	3593
2866	3	2966
1493	3	1507
2914	3	1089
3431	3	1667
1133	1	3725
3268	1	3574
124	3	188
1820	3	3226
2785	3	221
3309	1	3637
774	3	1804
1227	1	3677
3513	3	295
533	3	17
1977	1	3578
2204	3	1776
2799	1	3574
2924	1	3713
3543	3	2350
884	3	2230
1677	1	3569
1896	1	3630
2777	1	3568
2966	3	692
564	1	3571
673	1	3570
2791	1	3584
3217	1	3793
145	3	3367
66	3	2404
1740	3	344
1493	3	1857
2815	3	1316
3366	3	1089
3557	3	497
1310	3	1658
3373	1	3574
2887	3	668
687	3	2544
1075	3	325
860	1	3568
3402	3	1507
630	1	3600
2255	3	402
3251	1	3574
256	1	3583
470	3	2914
628	3	2979
2627	3	3135
2782	1	3574
3243	1	3584
1660	1	3569
1006	3	1476
427	3	3123
269	1	3568
1552	1	3574
2327	1	3609
3057	3	3514
3497	3	120
2842	3	4
3256	1	3569
1700	1	3601
293	3	136
2475	1	3636
3271	3	2574
3356	1	3574
2036	3	691
1671	3	2198
1801	3	465
246	3	3002
1350	2	3714
843	1	3568
2887	1	3574
139	1	3578
2408	3	1734
905	3	2534
3313	1	3783
1350	3	152
3368	3	1881
2647	1	3568
3567	3	319
243	3	416
132	1	3649
1276	3	719
1643	1	3569
1828	3	344
2618	3	2165
3184	3	2560
1258	3	2560
2816	3	2441
1535	1	3574
3461	1	3574
1753	3	658
3505	3	645
867	3	1075
3018	1	3769
1972	3	3174
3339	1	3574
371	3	2192
1541	3	2040
2706	3	1630
229	3	3002
2305	1	3593
826	1	3568
2109	1	3574
807	3	1658
2870	1	3574
2294	3	3157
2931	1	3570
1040	3	647
1748	1	3569
3332	3	308
2131	3	1374
403	3	161
2329	3	161
2359	3	2216
212	3	2416
223	3	71
2230	3	1701
849	3	3266
1381	3	1658
1518	1	3574
1816	3	3372
1067	3	469
2618	3	3454
396	1	3569
1265	3	1909
3444	1	3574
3517	1	3639
721	3	3004
524	3	1625
2267	3	2180
1558	1	3606
2141	1	3627
2814	3	1194
481	3	114
3110	1	3589
809	1	3568
2092	1	3574
3497	1	3591
2402	3	3475
2736	1	3572
2981	3	2794
3545	1	3613
1806	1	3581
340	1	3568
86	3	152
501	1	3569
2576	3	691
2618	3	1360
543	3	548
207	3	677
2853	3	1176
2980	1	3599
1501	1	3574
2134	3	1492
794	1	3649
767	1	3602
1397	1	3584
1623	3	1176
1852	3	2450
3265	3	3385
3044	3	3232
914	1	3568
284	1	3586
3562	1	3589
14	3	3440
3131	3	398
300	3	2652
2646	1	3614
1577	3	687
3266	1	3750
2018	3	764
506	1	3575
1053	1	3753
1469	3	1658
280	1	3574
1789	1	3581
3291	3	3176
1003	3	3110
1009	3	564
2672	3	849
3149	3	3232
671	3	2853
3070	3	3023
3206	1	3579
2129	3	2005
2084	1	3574
15	1	3569
2182	1	3666
1421	1	3647
2546	3	3308
1660	3	2005
1855	1	3610
2302	1	3585
1588	3	765
85	3	3464
2150	3	3464
2230	3	1835
1528	3	1758
2146	1	3598
2729	1	3619
2072	1	3590
3127	3	2456
2541	3	2882
661	1	3675
1772	1	3581
263	1	3574
2294	1	3568
1330	1	3628
3052	3	2417
1850	3	2142
1901	3	1698
879	3	2422
582	3	2758
2067	1	3574
963	1	3570
39	3	295
2206	3	2836
1399	3	109
2634	3	1238
3364	1	3596
671	3	1698
3375	3	2078
2484	3	2294
2170	3	3357
133	1	3584
2086	3	2749
1877	1	3581
2304	3	2204
1017	3	102
3488	3	2068
1007	3	256
1888	3	2446
292	3	1857
2006	3	1698
1022	3	878
1755	1	3581
2045	3	6
246	1	3574
2847	1	3604
1468	1	3584
1455	1	3572
287	1	3637
1682	3	2915
2290	1	3580
1168	1	3575
538	1	3593
1748	3	2005
3008	3	471
2353	3	1462
238	1	3584
1991	1	3632
3227	1	3677
2125	1	3586
3222	3	695
242	1	3754
892	3	2033
1311	2	3946
1852	3	2934
2666	3	2422
1689	3	750
498	1	3719
2779	3	136
3103	1	3589
351	1	3574
1526	3	1040
1462	3	1863
517	3	86
1902	1	3705
2055	1	3569
1990	3	2304
2779	3	3519
525	3	3459
3035	1	3615
229	1	3574
2435	3	2749
1229	1	3932
2965	1	3619
1929	3	1546
2750	3	936
1285	3	192
1522	3	2365
1626	1	3601
996	1	3619
2895	3	235
235	1	3600
501	3	2005
1077	3	805
2108	1	3586
3147	3	252
3330	1	3596
3404	1	3604
1000	1	3789
2421	3	2508
234	1	3569
2842	3	2850
2547	1	3571
2934	3	1381
2464	3	3238
334	1	3574
761	3	2140
2813	1	3604
921	3	428
1061	1	3617
2843	1	3568
742	3	1698
1839	1	3569
2490	3	2454
3548	3	1784
1688	3	120
246	3	2815
1573	3	3229
461	3	2717
1546	3	3182
1803	3	945
1849	1	3637
2546	3	1698
3394	3	1135
3493	3	2978
1304	3	2509
2252	1	3568
217	1	3569
800	1	3590
222	3	2153
765	2	3778
1959	3	2446
2713	1	3578
3535	1	3574
1056	3	3237
679	3	105
1614	1	3596
1982	3	25
2856	3	3067
3179	3	1008
1281	3	3560
163	1	3679
2359	3	1679
3153	1	3624
578	3	978
3489	3	714
2826	1	3568
2327	3	3094
236	1	3637
2341	1	3639
506	3	1637
988	3	2167
1863	3	2796
2007	3	344
1822	1	3569
2191	3	604
2524	3	3366
3086	3	1722
1832	1	3990
3363	3	2207
605	1	3581
3114	3	666
2413	3	229
1035	3	3067
2235	1	3568
783	1	3590
2868	3	1486
3518	1	3574
483	1	3581
1305	1	3577
303	3	2598
1005	1	3568
2860	3	1496
3123	3	1965
3004	3	943
3262	3	1211
14	1	3581
1	1	3569
897	3	849
1489	3	3129
1792	1	3584
438	3	361
1800	3	1721
2809	1	3568
1075	3	1211
1399	3	2821
1164	3	1841
1098	3	2398
2024	1	3630
888	1	3590
2848	3	1922
299	1	3671
2245	3	2722
1383	3	1913
2030	3	376
406	1	3578
229	3	1660
3501	1	3574
1986	3	524
251	1	3679
1106	3	647
139	3	188
988	1	3568
1626	3	1687
643	3	2618
1521	3	2037
1706	3	2149
1772	3	3491
2811	3	1248
1445	3	2347
1910	1	3569
2556	3	2253
3019	1	3619
3166	1	3585
519	1	3568
3503	3	3533
2792	1	3568
600	3	2827
1631	3	2110
1657	3	1551
161	3	2253
635	3	2275
916	3	3519
1428	1	3614
1788	1	3569
359	3	687
1875	3	1006
1562	1	3568
2323	1	3568
3024	1	3614
854	3	2347
1053	3	229
271	1	3572
2675	3	1360
3452	1	3679
1160	3	3546
3484	1	3574
2777	1	3649
2508	3	2036
2791	1	3665
2897	1	3568
971	1	3568
3284	3	233
2866	3	3397
795	3	1092
441	3	254
969	3	3357
502	1	3568
872	3	1017
2150	3	3277
2306	1	3568
61	1	3676
890	3	115
1955	3	666
1559	1	3584
2263	1	3574
2320	1	3603
787	1	3658
878	3	2410
2943	3	1656
3107	1	3619
3550	3	3470
533	3	1387
72	1	3569
405	3	371
674	3	3546
331	3	363
753	1	3682
1672	1	3574
631	3	1300
3002	3	1924
1762	3	2840
2616	3	640
1434	3	279
2399	1	3617
2954	3	768
631	3	2239
2246	1	3574
1138	3	440
1104	3	1245
1059	1	3568
3273	1	3626
3398	3	135
1245	3	404
2619	3	779
129	1	3577
502	3	207
55	1	3569
3434	1	3608
914	3	3561
2036	3	1122
3285	3	1933
1655	1	3574
1172	3	221
2006	3	2450
1889	3	2640
1947	1	3593
2408	3	2165
2756	1	3634
425	1	3574
1876	3	1521
1647	1	3584
2935	3	511
729	1	3753
1164	1	3568
2275	3	1857
2780	3	2454
1914	3	886
1310	3	345
2124	3	587
2229	1	3574
2236	3	3549
3304	1	3618
1525	1	3584
3451	1	3584
3151	1	3575
1753	3	1089
1675	3	1486
53	1	3635
2865	3	1248
455	3	979
1336	3	3169
1093	3	2435
1483	3	3135
1265	1	3607
2487	1	3617
1638	1	3574
2981	3	1936
559	3	3406
2207	3	1905
3409	1	3618
849	3	2758
408	1	3574
455	3	1918
1630	1	3584
1000	1	3602
1975	3	1653
1876	3	2810
2112	1	3569
3517	1	3586
1818	3	677
67	3	2794
2212	1	3574
427	3	2749
3017	3	2327
1093	3	341
988	3	691
1743	1	3574
115	3	3372
2204	1	3584
2673	3	803
3086	3	2690
3382	3	1748
3207	3	3023
315	3	2416
841	3	3354
1295	1	3568
1750	3	1680
2640	3	2578
1691	3	3458
2688	3	1455
691	3	246
1395	1	3573
2217	1	3569
3294	3	2663
1513	3	1208
4	1	3572
1468	3	194
2317	1	3574
391	1	3574
2362	3	2005
2408	3	1360
2219	3	1455
1839	3	1176
2392	3	3306
30	1	3569
3402	3	2422
2230	3	38
2576	3	1122
2202	3	3549
3044	1	3617
70	1	3601
965	1	3574
1338	3	204
1726	1	3574
671	3	2934
1336	3	2364
2077	3	2450
358	3	3496
2669	1	3569
3163	3	1077
496	1	3574
3116	3	3015
477	3	1664
1278	1	3568
1134	3	1340
2200	1	3569
2975	1	3604
3483	1	3575
3488	3	3304
3149	1	3617
374	1	3574
1462	3	1221
3458	3	1824
679	3	268
2887	3	2872
2001	3	3289
3257	1	3585
3074	1	3578
2267	3	867
1696	3	3079
2833	3	1262
1336	3	270
3445	1	3614
2558	1	3617
2980	3	1982
1357	3	66
379	1	3569
1628	1	3626
3334	3	376
3513	3	1344
479	1	3574
2485	3	1261
212	3	2981
606	1	3805
624	1	3627
658	3	2350
1652	3	2446
1702	3	308
1747	3	1322
2183	1	3569
1972	3	1645
3108	3	931
627	1	3601
643	3	1492
928	1	3614
3215	1	3619
2994	3	1849
1536	1	3590
3508	1	3699
1315	3	100
1997	1	3581
600	3	1701
614	3	2881
818	3	1156
2129	1	3679
3261	3	1734
3039	3	2082
2624	1	3619
1258	3	1381
1810	3	1760
2719	3	86
1366	1	3568
1660	1	3679
1949	1	3589
1649	1	3580
2871	1	3590
362	1	3569
1060	1	3661
2854	3	2347
2718	3	611
2896	3	2663
1420	3	100
1563	3	3105
2254	1	3593
2607	3	309
3298	1	3624
344	3	2450
3387	3	564
2971	1	3568
936	1	3569
2341	1	3586
2532	3	623
905	3	200
2955	3	1824
786	3	3342
1760	3	697
1006	3	3464
1224	3	2165
1349	1	3568
2707	1	3624
1245	1	3578
121	1	3660
568	1	3635
2994	3	105
196	3	3392
879	3	1698
1694	3	2546
2837	3	2347
1150	1	3568
3325	3	3139
2857	3	745
3047	3	1812
3254	1	3577
1937	1	3584
1129	1	3604
854	3	3449
741	1	3571
1716	3	2167
886	1	3624
2365	1	3649
1022	3	2598
3248	3	917
3053	3	2649
733	1	3581
367	3	38
1444	3	749
861	3	1637
2825	3	1992
251	3	289
264	1	3581
600	3	1835
1703	1	3604
999	1	3614
2578	3	2751
3359	1	3577
773	1	3613
799	3	2717
1910	3	2623
1146	1	3580
3059	1	3568
342	3	2142
846	1	3571
1621	1	3606
2285	3	3257
2102	3	1913
2877	1	3622
1658	3	384
698	1	3574
633	3	1555
1972	3	2129
1457	3	2218
1835	3	140
1694	3	802
629	1	3588
828	3	2853
1106	3	944
292	3	2422
87	1	3660
2420	1	3576
3323	3	1111
911	1	3569
3021	1	3772
2844	3	1854
1150	3	2836
526	3	308
816	3	1912
1189	3	3043
369	3	830
1387	3	511
2445	3	3002
2997	3	3381
2407	3	2856
3090	1	3590
3430	1	3601
2790	1	3581
1876	3	2273
1976	3	558
722	1	3637
2773	3	86
2675	3	1657
224	3	2470
535	3	1062
945	2	3895
3382	3	1211
3015	3	1698
631	3	308
110	3	325
1451	3	3256
1150	3	742
455	3	1731
337	3	561
2491	1	3600
828	3	1698
2878	1	3602
3143	3	647
1902	1	3681
1583	3	674
460	3	2507
76	1	3686
1187	1	3592
2023	3	2589
1263	3	1486
1290	3	3432
2927	3	3522
2342	1	3727
745	3	2022
1935	3	1784
3257	3	1997
1482	1	3585
2864	3	2097
3427	3	131
1853	3	1230
1477	3	603
1774	1	3604
2391	1	3574
623	1	3639
1070	1	3614
552	3	813
370	1	3591
506	3	3357
2072	3	548
1922	1	3574
2271	3	2594
2982	1	3571
952	1	3581
2896	3	2931
769	1	3574
433	1	3703
2174	1	3591
1440	1	3619
810	1	3637
1874	1	3582
1389	3	3534
1197	1	3639
2616	3	937
2649	1	3617
299	3	1704
1344	3	268
1613	3	3443
836	1	3634
1884	3	2386
2166	1	3601
2507	3	2056
2338	3	3229
2756	1	3581
3278	1	3568
3334	3	937
1427	3	647
3048	1	3600
1655	3	1315
3004	3	2663
388	1	3628
2287	1	3581
3136	1	3624
2677	3	765
2454	3	699
2374	1	3574
2279	1	3591
493	3	1072
1905	1	3574
453	1	3596
3161	1	3590
889	3	135
2572	1	3671
155	3	917
2861	1	3581
1345	3	679
3153	1	3600
1089	3	1078
1124	3	526
466	1	3581
807	3	2036
2130	3	2855
2149	1	3601
2965	3	419
179	3	2721
1145	1	3602
1088	1	3573
2816	3	3169
2223	1	3620
2304	3	1159
1340	1	3590
2431	1	3582
212	3	2794
2111	3	3501
2357	1	3574
1040	1	3581
1381	3	2036
2794	3	2618
2845	1	3612
3253	1	3578
3380	3	2748
353	3	2509
1819	1	3786
1044	3	2134
2844	1	3581
3285	3	1075
1756	3	2434
1625	1	3680
2208	1	3701
3366	1	3568
2615	1	3617
1153	1	3571
2362	1	3569
2935	3	2097
3184	3	1194
3321	3	1493
1179	1	3568
2462	1	3574
3404	3	1316
3244	1	3568
1518	3	211
3240	3	2690
2313	3	3044
1918	3	979
1013	3	2267
2315	3	2900
2192	3	2283
1908	3	3385
2053	3	2684
2775	1	3568
298	3	1424
322	3	773
1156	3	3002
723	1	3572
2128	1	3589
1612	3	3546
2636	3	1924
1666	3	2476
2138	1	3657
503	3	3496
84	3	3067
391	3	534
1745	3	2140
1804	3	362
516	3	1818
2408	3	1657
2721	1	3678
832	3	611
3349	1	3568
501	3	960
2345	1	3569
192	3	3035
2358	1	3581
1564	1	3636
3392	3	1517
1128	1	3581
607	1	3598
365	3	2032
1574	1	3704
2190	3	3141
3210	3	1924
3512	3	2600
3074	3	188
1667	3	2312
1976	1	3574
53	3	756
2711	1	3607
2135	3	3190
1967	3	805
1394	3	1997
2919	1	3569
613	1	3681
233	3	1785
417	1	3662
1528	1	3568
2111	1	3589
3532	3	2308
56	1	3657
46	3	827
2931	3	1122
190	1	3611
624	1	3574
3332	1	3568
381	3	1402
1907	3	3108
1847	3	308
2077	1	3613
2816	3	270
3388	3	2636
2041	1	3572
115	1	3572
0	3	338
899	3	3495
3304	3	1062
755	3	2358
598	3	981
1111	1	3581
2492	3	1487
3062	3	389
1186	3	869
1099	3	95
2468	1	3606
1660	3	289
2699	3	1399
2987	3	703
1671	3	1316
1511	1	3568
1768	3	802
3096	3	2967
2582	1	3627
1297	3	946
3468	3	3256
925	3	1949
3126	3	2578
3211	1	3578
1642	3	3261
1498	1	3741
2189	3	2275
3292	3	2427
1987	3	695
964	3	813
1258	3	1678
234	3	102
1187	3	2189
1304	3	2753
3021	1	3585
2989	3	1720
3402	3	2853
2445	3	2815
1302	3	2661
2681	1	3574
2248	3	1436
3504	3	1805
468	1	3577
1654	3	1316
483	3	2582
2934	3	2914
2487	3	687
1090	1	3569
2012	1	3570
86	1	3570
874	1	3617
1698	3	2663
1817	1	3612
2894	1	3569
3473	1	3585
873	1	3586
2786	1	3574
1890	1	3570
1078	3	658
2082	1	3584
1748	3	289
499	1	3569
507	3	1706
2815	3	1507
599	1	3574
693	3	1879
2212	3	2307
2664	1	3574
1266	1	3614
2195	1	3574
1073	1	3569
3454	3	2435
109	3	292
2736	3	1073
2316	3	38
2770	1	3605
1912	3	3237
604	1	3569
2471	3	512
2130	3	440
2877	1	3569
2983	3	78
3354	3	3369
764	3	3438
2769	1	3574
3431	3	114
883	3	3104
3544	1	3609
870	3	86
203	3	2463
354	1	3660
363	3	3548
697	3	1062
978	3	2498
1178	1	3569
2510	3	1658
3006	3	2204
3261	3	2165
1146	3	540
239	3	2881
134	1	3568
2041	3	1658
2178	1	3574
3180	2	4070
1444	1	3602
1523	3	2194
1056	1	3569
1725	2	3747
1759	3	2616
2989	3	1854
598	3	2404
671	3	2560
948	1	3574
1380	3	2398
3440	3	2352
666	3	2915
531	3	3283
1342	3	0
2890	3	2640
432	1	3613
1556	3	2668
2588	3	1611
2752	1	3574
92	1	3602
1689	3	1262
2405	1	3604
600	3	38
2814	3	96
2	3	2203
155	3	730
280	1	3631
1686	3	564
1036	3	668
1797	3	668
308	3	3402
2718	1	3598
2886	3	2820
3012	1	3709
3449	3	854
2344	1	3581
2262	3	3100
2906	1	3627
1264	3	2245
403	3	2796
139	3	1721
1039	1	3569
2013	3	1559
161	3	403
1421	1	3704
1757	1	3575
505	3	1748
931	1	3574
2304	3	3416
2783	3	229
570	1	3569
1379	3	1182
659	3	2582
2918	1	3581
1375	1	3568
2735	1	3574
2179	3	3071
2631	1	3584
898	3	1833
2560	3	1512
2776	1	3637
2029	3	3373
1627	1	3585
2167	3	114
2259	3	1089
2449	1	3581
381	1	3637
623	1	3586
691	3	2450
3238	3	2441
3261	3	1360
2460	3	194
1923	3	437
3290	3	1664
1288	3	3062
3023	1	3581
1578	3	1134
2578	3	3182
2881	1	3637
1197	1	3586
2505	1	3764
1399	3	3549
1156	3	2815
1358	1	3568
466	3	33
184	3	2155
2334	3	2417
2614	1	3584
1918	3	1731
2990	3	2594
1493	3	438
205	1	3568
1329	3	1812
923	1	3574
3346	3	2935
3428	1	3590
477	3	1424
1397	3	1569
1202	1	3581
319	1	3589
2116	3	2935
533	3	2920
868	1	3623
19	1	3580
238	1	3641
140	3	1522
2394	3	1229
2389	1	3611
3006	1	3581
484	3	423
2897	3	3053
2556	3	2981
3094	3	1988
2076	1	3590
2648	3	1512
3298	1	3600
861	3	3357
3528	1	3568
1715	1	3585
611	1	3581
2537	1	3581
324	1	3584
3294	3	679
594	3	3304
1062	3	2462
3546	3	295
650	3	1935
297	3	2848
5	3	3385
1246	3	2722
342	1	3789
2311	1	3591
2415	1	3581
2937	1	3568
2071	3	793
1998	3	3290
1185	1	3581
3394	3	2347
338	3	114
2454	3	1935
2790	3	1806
3013	3	1462
3277	3	1992
525	3	483
2470	3	2618
1577	3	2167
2989	1	3581
440	3	376
2544	3	3182
776	1	3584
3485	3	1756
3511	1	3568
1284	3	3026
207	3	63
2462	3	2628
2520	1	3581
3428	3	229
2134	3	878
3540	3	2646
34	1	3622
785	3	1546
3102	1	3571
666	1	3861
1664	1	3609
930	1	3637
1364	1	3600
2633	1	3571
3094	1	3581
361	3	870
1064	1	3591
1360	3	1224
881	1	3584
360	1	3601
2288	3	3375
1921	3	1418
186	3	2145
382	3	666
534	1	3614
1403	1	3571
2913	1	3639
1482	3	1810
3348	3	117
871	3	3209
1996	1	3660
3480	3	2269
1608	1	3627
3494	1	3568
2950	3	1326
2760	1	3596
3273	3	78
2503	1	3581
1966	3	3371
473	1	3591
1822	3	3514
162	3	338
2502	3	2286
2448	3	2192
937	3	3238
2850	3	3226
163	1	3736
77	1	3568
908	3	3452
85	3	2850
1086	3	1006
1563	3	3215
2150	3	2850
2899	3	2690
3528	1	3702
2264	3	63
903	1	3734
2269	1	3601
2402	3	2056
742	3	3044
56	1	3604
1386	1	3571
2220	3	211
2588	3	2229
3297	3	3174
1153	3	3540
3477	1	3568
2239	3	2167
2113	1	3614
497	3	1673
3367	3	2434
3073	1	3569
917	1	3601
1754	3	939
2701	3	1074
328	1	3682
822	1	3618
1256	1	3581
198	3	561
1887	1	3624
944	3	867
778	1	3574
1923	3	3149
3486	1	3568
1534	3	2510
1373	3	3437
2482	1	3569
3562	3	2216
3354	3	3182
561	1	3591
1652	1	3583
3026	3	268
2416	3	2273
1425	3	2286
2726	1	3596
553	1	3601
2000	3	1761
2269	3	2492
2684	3	1074
3348	1	3588
2462	3	668
2719	3	330
761	1	3574
795	3	3243
2523	3	2365
2636	3	1416
3469	1	3568
305	3	2167
1252	3	1195
1619	3	1462
2239	1	3568
1338	3	3026
268	3	3183
1637	3	3357
2308	3	3402
2019	3	1240
265	3	2485
2348	3	1361
1522	3	1751
2777	1	3706
1399	3	1134
3039	1	3569
1648	1	3568
196	1	3590
217	3	2493
282	3	1330
2089	3	1062
2313	3	1381
2931	1	3574
2570	1	3569
644	1	3569
1118	1	3591
2225	3	3373
976	3	1064
1258	3	2914
188	1	3600
744	1	3574
2422	1	3572
457	3	994
832	1	3598
2672	3	1658
330	3	2836
2448	1	3569
1625	3	3002
2222	1	3568
1906	1	3611
2340	1	3574
2329	3	3548
403	3	3548
3144	1	3569
1218	1	3569
1993	1	3604
2291	3	3402
2514	1	3587
1753	1	3568
2673	3	376
820	3	687
1223	3	254
363	3	2556
3070	3	799
749	1	3569
237	3	2386
1012	3	2421
3022	1	3569
3241	1	3630
849	1	3574
1631	1	3568
2269	3	1687
771	4	3488
1342	3	2041
1823	3	1211
2914	1	3574
701	1	3577
2553	1	3569
3346	3	2398
512	3	335
401	1	3568
716	3	2582
512	1	3672
861	3	1881
1162	1	3568
1806	1	3585
2091	3	2264
501	1	3573
2116	3	2398
2308	3	1658
2825	3	2236
3392	3	3237
3406	3	2165
3183	3	1345
2205	1	3568
3321	1	3675
229	3	1262
1471	3	3259
767	1	3606
3127	1	3569
1201	1	3569
1736	1	3568
2776	3	1402
3372	3	2189
898	3	2935
2303	3	2952
732	1	3569
2533	3	668
3158	3	3257
1602	3	71
2930	3	2236
1761	3	550
2463	1	3611
3120	1	3640
533	3	2733
1577	3	691
1750	3	2542
943	3	3168
2296	3	3023
2536	1	3569
2310	1	3568
384	1	3568
2291	3	1658
2498	3	86
1910	3	773
2921	3	2394
3130	3	1280
2556	3	2794
1306	1	3569
3564	3	3142
3526	3	744
835	3	2449
1380	3	2695
2792	3	772
3246	3	2722
2906	1	3574
2920	3	2165
2318	3	571
2568	1	3611
1719	1	3568
3264	3	100
1340	3	13
1550	3	3067
715	1	3569
489	1	3568
854	3	444
1022	3	2037
825	3	658
1396	3	2418
1889	3	603
3106	3	412
2206	3	1901
485	3	647
1078	3	1089
367	1	3568
1772	1	3585
1729	3	3311
2293	1	3568
2307	1	3584
381	1	3584
2594	1	3581
1000	1	3659
1289	1	3569
2656	3	2957
1960	1	3614
3004	3	679
1127	3	2273
1350	3	1929
1009	3	1857
423	3	2283
1227	3	558
1640	3	2445
774	3	2776
963	1	3574
2112	1	3626
2889	1	3574
2023	3	389
54	3	1732
1862	3	2070
1702	1	3568
2663	3	1546
1665	3	691
2821	3	1611
2881	1	3584
640	3	2616
1424	3	2876
472	1	3568
1877	1	3585
2449	3	2261
294	1	3570
1740	3	1316
3261	3	1657
2688	3	1512
1455	3	1929
2217	1	3626
2459	1	3575
174	3	1445
3497	3	742
2239	3	691
564	3	2145
497	3	197
1068	1	3574
1641	3	2856
308	3	2544
125	3	2537
501	3	720
3023	3	2261
2872	1	3574
3221	3	2537
2762	3	1295
366	3	2398
2507	3	2300
2417	1	3609
3232	3	13
460	3	1596
1726	1	3631
2038	3	3464
21	1	3605
638	1	3575
455	1	3568
1061	3	1439
1173	1	3574
277	1	3570
371	3	1875
1378	1	3630
2949	3	2603
1051	1	3574
1517	1	3785
2334	1	3580
3056	3	2920
1370	3	303
1303	1	3944
1447	3	3464
2795	1	3571
3550	3	2856
2751	3	1546
234	3	1017
2948	3	1818
582	1	3574
1667	3	2422
1912	3	1924
3074	1	3635
235	1	3604
295	3	2714
2616	3	2470
86	3	1929
3385	3	1698
2111	3	362
381	1	3718
1625	1	3574
3532	3	2418
187	3	275
1483	1	3630
2993	3	361
694	3	2640
3369	1	3571
2665	1	3581
1623	3	2953
401	3	691
511	3	2441
1156	1	3574
452	1	3584
1637	3	1881
34	1	3569
1507	3	2450
2194	3	2461
935	3	1804
3176	3	745
1034	1	3574
3002	3	1660
1522	3	275
2213	1	3590
1078	3	1573
781	3	1909
1044	3	2378
2405	3	1987
775	1	3628
2616	3	376
2695	3	3238
565	1	3574
3194	3	196
3239	1	3581
1709	1	3789
2165	3	3261
2913	1	3586
22	1	3585
990	3	768
2408	3	1551
1613	3	438
1475	1	3624
1608	1	3574
2886	3	2096
269	1	3735
3352	3	234
2083	1	3600
2866	3	2917
1046	3	2820
1139	1	3574
209	3	246
3500	1	3598
2431	3	1778
53	3	3094
2496	1	3599
289	3	1072
1702	3	1654
3092	3	813
56	3	2658
2736	3	2927
1476	3	2209
1785	3	2033
3540	3	849
1727	1	3590
3277	3	1134
709	1	3575
2931	3	1016
797	1	3599
3351	3	1698
3411	1	3671
635	3	51
1088	3	1395
1350	3	1258
1458	3	108
1305	1	3581
1122	1	3574
1681	3	1484
2301	1	3590
967	1	3618
1862	3	1399
2335	3	815
3228	1	3637
17	3	1521
2736	3	3277
1257	1	3589
1708	3	3194
1890	1	3680
1122	3	1176
1549	1	3608
1316	3	1857
3101	1	3591
325	3	2223
305	1	3573
1587	3	1356
1410	1	3581
898	3	2398
1627	3	3257
1901	3	1381
2942	3	3158
492	1	3750
406	1	3582
3088	3	2518
2366	3	807
2545	3	55
2584	3	262
1288	1	3581
3201	1	3569
1698	3	679
1810	1	3568
1180	1	3586
1580	1	3600
2449	3	1940
58	1	3581
2732	1	3569
3515	3	1798
1893	3	2330
2006	3	1381
1579	1	3569
2466	3	785
95	3	161
2014	3	2855
634	3	1673
2810	3	2130
1056	3	3375
471	1	3580
2384	1	3568
2301	3	229
1393	1	3581
764	1	3660
1135	3	551
3369	3	344
3197	1	3581
1271	1	3581
1775	3	2674
2093	1	3577
2255	3	1992
2692	3	1546
1793	1	3568
2012	3	1258
86	3	1258
3184	1	3569
876	1	3589
403	3	2556
1187	3	3372
2786	3	1262
1044	3	768
1690	3	1978
2667	1	3577
2629	3	3504
2367	1	3568
764	3	2393
2283	3	2067
2519	3	398
312	1	3636
1376	1	3581
3007	1	3618
826	3	532
2936	3	792
3257	3	1704
1898	1	3568
1432	3	1740
2482	3	505
3195	1	3647
3029	3	3491
2878	1	3659
1351	3	2348
1850	1	3576
1776	1	3568
2625	1	3611
359	3	2919
3067	3	2856
3105	3	558
3113	3	2032
3331	3	1487
1334	1	3615
2033	3	623
259	1	3571
565	1	3842
77	3	1951
2350	1	3568
1182	1	3633
3146	3	1752
525	1	3604
1387	3	2796
3526	3	2785
445	2	3744
3234	3	86
1881	1	3568
2251	3	1017
2690	1	3609
325	1	3600
1284	3	558
56	3	1987
129	1	3581
241	3	2853
306	3	1690
491	3	2556
1175	3	3367
1810	3	1496
1957	3	1462
2116	3	2695
2418	3	3371
2803	1	3569
3100	3	3515
258	3	1698
3050	3	2856
2843	1	3601
1500	1	3622
2455	1	3568
1030	3	1035
3278	1	3625
387	1	3624
3174	3	2210
60	1	3568
1124	1	3570
3175	3	1460
931	3	1821
1710	3	363
3051	1	3574
2223	3	2434
457	3	3519
1340	3	2404
2047	1	3575
2286	3	1179
1864	1	3568
577	3	3438
2405	3	2955
2215	3	2444
3169	3	1784
890	3	2697
3221	1	3593
1161	1	3813
438	3	3077
1082	1	3604
2534	1	3582
1227	1	3657
663	3	2646
3156	1	3574
3471	3	3342
1000	1	3606
3210	3	2786
3492	3	1418
63	3	2275
2434	3	647
43	1	3568
3198	3	2273
2819	3	2055
3034	1	3574
749	3	1444
1533	3	1704
2517	3	1026
803	3	2273
2892	1	3630
633	3	941
890	3	603
3326	1	3593
3385	3	2450
2565	1	3574
1113	1	3596
1443	1	3569
3521	1	3581
3508	1	3569
617	1	3568
330	1	3571
1887	1	3600
2904	1	3584
620	3	3205
1709	1	3602
998	1	3672
2317	1	3578
1213	1	3574
1846	3	1492
2659	3	566
3139	1	3574
3194	3	3392
3305	3	86
2322	3	1017
26	1	3568
3168	3	1507
2756	3	2879
3408	3	1543
3017	1	3574
3209	1	3588
1700	1	3581
2336	3	2753
2566	3	469
1261	3	3463
3128	3	3168
1787	1	3574
1428	3	3343
1709	3	2335
2072	3	1089
35	1	3568
114	3	2914
450	3	2785
1278	1	3572
1318	1	3574
2086	3	17
2915	3	2045
1360	3	2273
1570	1	3591
1466	1	3601
2576	3	1476
2860	1	3711
3122	1	3574
1196	1	3574
2855	3	2981
3126	2	3969
3459	3	1270
1271	3	3306
365	3	2089
2842	3	1862
3414	1	3593
609	1	3568
2554	3	114
262	3	2352
2358	3	1240
3000	1	3574
1841	3	3136
1683	1	3581
2229	3	725
3351	3	2450
3372	3	526
1317	3	1701
1770	1	3574
4	3	215
2816	3	3360
345	1	3624
1409	1	3569
2398	3	2935
18	1	3568
1301	1	3574
1701	3	251
1714	3	1017
1684	3	2345
3005	1	3569
1342	3	1667
1901	3	1194
2014	3	2318
2041	3	292
2658	1	3599
3105	1	3574
3362	1	3589
1477	3	3372
1694	3	322
1775	1	3569
3174	3	600
47	3	3164
3030	3	551
3114	3	1772
592	1	3568
1736	3	638
109	3	215
1171	1	3584
3549	3	1658
2798	3	299
549	3	440
2647	3	2439
2482	1	3679
1589	3	1611
2169	3	3378
633	3	1425
3530	3	2987
3497	1	3571
1355	3	692
1467	1	3581
1284	1	3574
1431	3	203
1464	3	2956
1063	3	84
1590	3	1436
293	1	3587
2922	1	3725
2988	1	3569
2720	3	471
3371	3	2693
1847	3	1654
1344	3	4
2341	1	3590
2882	3	1870
2239	3	1122
1673	3	3535
1350	3	266
2831	3	3402
575	1	3568
1858	1	3574
3266	3	2672
1261	3	564
1872	1	3590
420	1	3612
1360	3	2407
999	3	1436
2872	3	668
3351	3	1645
3562	1	3569
1391	3	904
3288	3	2664
1160	3	330
1963	3	2917
341	3	2695
3134	1	3632
833	1	3611
1450	1	3581
1267	1	3574
1308	1	3637
785	3	635
2991	3	2219
863	1	3575
1455	3	266
1317	3	1835
2402	3	2300
1134	3	1828
3238	3	1224
1845	3	3440
499	1	3626
1086	3	2189
299	3	2729
1421	1	3627
2244	3	2612
1033	1	3594
2741	1	3581
3294	1	3613
1555	1	3581
3205	3	2820
985	3	2709
3559	1	3585
1295	3	695
1577	3	2545
1428	3	1733
1807	1	3598
1736	3	772
2774	3	1276
1848	1	3661
3433	1	3589
1527	3	1132
561	3	1279
3026	3	3545
1968	1	3580
2508	3	109
289	2	3776
742	3	1194
1963	3	1762
1671	3	1507
2477	1	3612
994	3	457
633	3	1559
1218	3	527
2099	3	1219
1437	1	3572
1546	1	3571
3493	3	2474
774	1	3645
1027	3	3183
1394	3	444
1538	1	3581
29	1	3574
3124	1	3570
3316	1	3584
1733	1	3569
2673	3	2364
3042	3	2679
1667	3	1698
1650	3	984
3430	1	3605
2236	3	3366
725	3	1194
635	3	2576
1048	1	3636
1654	3	1507
2903	3	3463
3429	1	3574
2207	3	783
92	1	3659
3227	1	3657
3455	1	3571
75	3	1662
1495	1	3584
3210	3	1660
531	3	307
1225	3	3438
57	1	3622
3263	3	385
1016	3	1546
12	1	3574
787	1	3609
932	3	325
1648	1	3812
3272	3	2273
3299	1	3584
3467	3	1878
2439	3	105
1244	3	3142
2491	1	3604
1039	1	3626
2730	3	1962
2878	1	3606
897	3	345
2999	1	3575
2890	3	603
2160	3	1172
3260	3	979
3412	1	3574
600	1	3590
1926	1	3590
162	3	2005
1626	1	3581
3065	1	3604
2487	3	2167
721	3	3252
2036	3	2578
1518	3	3114
2596	1	3604
623	1	3643
1070	1	3618
1750	3	1497
2596	3	1987
1014	3	3332
1357	3	99
891	3	797
662	1	3614
654	1	3860
1063	3	2796
1641	3	2616
1876	3	533
3364	1	3710
592	3	849
3306	3	2404
3546	3	1507
0	1	3569
1241	3	125
1589	3	2229
611	3	3361
2847	1	3718
475	3	1625
1804	1	3569
2579	1	3604
3038	3	3229
3196	1	3574
800	1	3570
1360	3	2086
2424	1	3648
1210	3	668
3438	3	944
2855	3	2794
1140	3	2347
1113	3	2300
1482	3	2672
2979	1	3591
2724	3	1259
735	3	2688
1890	3	3002
3375	3	3481
3153	1	3604
389	3	497
460	3	1706
2942	3	2434
1006	3	114
1241	1	3620
1749	1	3591
266	3	2688
2353	3	2515
1013	3	982
1816	3	2815
2018	1	3568
2733	3	2794
2775	3	3110
1145	1	3606
2940	3	1588
3454	3	1821
2948	3	2517
3553	1	3591
2923	1	3609
2562	1	3604
2059	3	2589
3070	1	3575
1040	1	3585
3179	1	3574
3384	3	1983
646	3	1654
1835	3	1917
2592	1	3568
2041	3	105
2001	3	1012
1588	1	3569
2962	1	3591
2150	3	679
1316	3	2422
2970	3	1728
3261	3	1551
3355	3	3136
2332	2	4019
3337	3	1816
2758	3	3463
1453	3	1731
341	3	1219
1977	3	1457
1362	3	3261
1507	3	2560
2001	1	3568
2090	3	3335
2215	3	647
2308	3	2036
3244	1	3572
3284	1	3574
771	1	3568
2261	3	1722
3308	3	3205
3532	3	3467
1102	3	457
2145	1	3590
3162	1	3574
308	3	1849
571	3	2318
1978	3	3002
1084	3	1945
2575	1	3568
2767	1	3582
1658	3	1006
1059	3	666
1913	3	1721
60	1	3649
1571	1	3569
2561	3	2434
3424	3	3304
3167	1	3569
3535	3	2071
1492	3	2652
1394	3	1062
1612	3	517
954	1	3572
943	3	3546
285	3	1012
1199	3	703
1750	3	2920
3267	1	3574
2291	3	2036
642	3	679
754	1	3568
1334	3	1998
2699	3	114
1913	3	2071
3443	3	3372
1828	1	3581
285	1	3568
2558	1	3568
2016	1	3610
2600	3	547
2699	3	3497
2497	3	1917
498	3	1761
190	1	3615
1446	1	3574
2018	3	1496
599	3	107
2236	3	951
1013	1	3672
666	3	557
1368	3	3499
3332	1	3572
2969	3	1245
2490	3	824
3250	1	3574
763	3	2116
2531	3	1698
2927	3	3205
140	3	3002
737	1	3568
1657	3	376
2033	1	3586
2179	3	363
1659	1	3569
846	3	51
1811	1	3581
2620	3	440
268	1	3568
1729	3	3100
2482	1	3626
2916	1	3589
54	3	2110
120	1	3571
703	1	3592
520	1	3585
1952	1	3649
1069	1	3619
1311	1	3568
1844	3	2037
1429	1	3574
3355	1	3574
551	3	465
1325	1	3584
3317	3	91
842	1	3568
2407	3	1734
2900	3	3137
71	3	366
449	3	2452
631	3	2219
1786	3	2533
1589	3	1908
1438	1	3574
178	1	3610
158	3	6
369	3	647
3226	3	308
2151	1	3601
2762	3	1673
2487	3	691
3100	3	1047
559	3	2097
1821	3	2920
3010	3	3183
2012	1	3574
291	1	3600
2688	3	2240
2972	3	785
1846	3	2273
825	1	3568
1790	1	3569
1975	1	3681
2441	3	2454
604	3	78
873	1	3590
638	3	993
2352	3	1588
3004	1	3589
1751	3	402
1421	1	3574
2461	3	1408
124	3	733
2086	3	1387
3258	3	1845
118	3	482
3476	3	2445
743	1	3600
1618	3	2747
3420	3	1524
1218	1	3626
2566	3	2189
365	3	3459
826	3	642
1687	3	2918
1365	1	3592
1995	1	3574
2198	3	2070
2994	3	1345
1696	3	481
991	1	3575
2748	3	2165
644	3	1605
2204	3	3260
3292	3	1626
1067	3	1469
1350	3	1852
3415	1	3574
364	3	3230
556	1	3581
701	1	3634
2014	3	2749
2298	3	1294
2831	3	2544
2981	3	2855
414	3	2020
1404	1	3574
1465	1	3570
3332	3	1658
279	3	1978
3050	3	2616
2028	3	3340
1948	3	626
174	1	3574
2882	1	3568
956	1	3568
1529	3	2096
3184	3	1816
511	3	3169
1444	1	3606
1878	1	3569
426	1	3591
1012	3	384
1978	1	3574
2753	1	3609
2123	1	3627
172	3	156
944	3	2347
418	1	3601
3125	3	561
1062	1	3599
3047	3	958
2620	3	1863
2748	3	3454
3182	3	2663
539	1	3581
1613	2	3974
1926	3	2294
1939	3	3060
2536	1	3626
1901	3	2914
2658	3	1982
70	1	3581
57	1	3569
879	3	1194
1306	1	3626
1846	3	2407
1983	1	3569
598	3	2758
2255	3	2236
157	1	3574
2865	1	3568
3060	3	2663
3357	3	2327
3306	3	1062
3372	3	152
1861	1	3569
687	3	1345
2934	3	3402
2857	1	3578
3402	3	308
2029	3	2438
1432	3	1045
631	1	3569
723	3	2927
1392	1	3569
3075	1	3589
428	3	1046
489	1	3625
82	3	2827
3557	1	3574
905	3	985
667	1	3634
1261	3	1345
563	1	3644
3277	3	1862
2623	3	261
2366	3	246
381	1	3641
402	3	2544
142	3	3348
1158	1	3589
1161	3	1525
140	1	3574
2853	3	432
3408	1	3701
1203	3	1841
2679	3	3067
2666	3	1194
696	3	786
3385	3	2560
1601	2	3969
703	3	1654
2766	1	3570
2940	3	246
627	1	3581
1383	3	1706
469	3	735
1149	1	3568
2507	1	3624
1028	1	3599
398	1	3617
1536	1	3570
2688	3	3354
2864	3	2398
145	1	3569
920	1	3604
2806	1	3602
3403	3	1658
1395	3	350
3540	1	3574
1862	3	3066
245	1	3574
2953	1	3568
1027	1	3568
1128	3	3094
2869	3	730
2318	3	2856
2934	3	1658
1613	3	361
2972	3	114
1221	3	1821
1949	1	3569
2818	3	1909
511	3	270
3020	3	1045
112	3	2582
1944	3	587
3253	3	34
1065	3	1316
1236	3	56
1370	3	2454
2315	3	623
2488	3	3228
714	3	587
1488	3	16
1784	3	3238
2291	3	1849
721	3	1455
940	3	2661
39	3	1645
1346	3	72
2764	1	3636
1019	3	1180
2312	3	1645
3375	3	3428
3528	1	3572
1013	3	3373
1132	1	3568
619	3	1722
2537	1	3585
2924	1	3587
94	3	283
3017	3	1286
2197	1	3574
128	1	3569
3410	3	432
411	1	3581
2850	3	63
2936	1	3568
3217	1	3667
3155	3	3100
1051	1	3631
344	3	3369
1204	3	1821
1932	1	3569
2217	3	3355
1244	3	190
3116	3	96
595	3	3133
2935	3	1109
702	1	3569
1820	3	1006
3087	3	2030
716	1	3585
2081	1	3600
2555	1	3622
2747	1	3636
3004	3	870
816	1	3590
3511	1	3572
377	3	1399
846	3	2308
3288	3	1135
668	1	3593
1115	1	3568
2520	1	3585
3406	3	1551
1588	3	1310
368	1	3584
1129	1	3584
2069	3	1234
111	1	3569
2955	1	3609
999	3	3290
2551	3	465
1237	3	2480
1153	3	1316
2603	3	2347
666	1	3865
2185	3	1922
1694	3	432
204	3	308
703	3	1199
1596	3	1650
2275	3	361
2720	1	3568
2984	3	3205
3509	3	1638
2935	3	2398
1838	1	3599
2410	3	376
932	3	2045
5	3	1645
3328	3	1513
716	3	3257
303	3	1370
2424	1	3729
3207	1	3575
1093	3	939
1606	3	3010
1309	3	3346
531	3	2966
2152	3	1418
812	1	3575
1614	1	3657
2981	3	440
2448	3	2196
2693	3	1698
840	1	3683
3561	3	870
1821	3	2733
282	1	3598
2155	1	3584
1770	3	1821
2663	3	3026
2677	1	3571
1600	3	1243
1837	3	3416
2007	3	405
608	3	3094
464	1	3574
2165	3	1224
3091	1	3601
826	3	105
453	3	3138
1339	1	3614
2268	1	3574
50	3	3392
3090	1	3570
1889	3	3372
1329	3	3239
1522	3	2560
1075	3	333
1799	1	3574
3541	3	3205
1403	2	3776
251	3	2497
3258	3	1658
61	1	3603
1654	3	2422
1035	3	95
882	1	3568
115	3	2815
735	3	86
333	3	18
2701	1	3634
447	1	3574
1563	1	3681
1669	1	3584
3182	3	1187
488	1	3637
2026	1	3604
100	1	3604
2591	1	3585
665	1	3585
2427	3	2376
1923	3	120
404	1	3783
951	3	1533
3238	3	2273
3351	3	3044
3501	1	3635
2879	3	1036
1875	3	128
2110	1	3634
3201	1	3626
2991	1	3572
3511	3	2439
660	1	3569
1435	1	3604
13	3	2697
1399	3	3232
342	3	2256
2832	3	3549
2871	3	2945
3127	3	102
861	3	2690
1644	3	3290
1650	3	744
3085	3	3169
1546	3	344
371	3	1261
2271	3	2574
430	1	3574
805	3	1224
1835	1	3591
571	3	2749
2441	3	1462
2539	1	3581
960	3	1698
1352	1	3575
2684	1	3634
3461	1	3582
3365	3	2130
2866	3	75
1447	3	2850
3308	3	603
2939	1	3568
1936	3	84
136	1	3591
1378	3	3062
13	3	603
970	1	3568
2409	1	3591
330	3	1901
2995	3	384
388	1	3608
3044	3	1012
718	1	3581
535	1	3574
2085	1	3644
71	3	1602
695	3	188
2837	3	2595
2742	3	3366
884	3	2722
2053	1	3581
127	1	3581
1884	1	3609
2040	1	3569
2981	3	1863
3164	3	1870
3519	3	3314
295	3	2450
1510	1	3592
2140	1	3574
2300	3	969
1558	1	3614
219	1	3596
293	3	2722
701	1	3581
385	1	3624
518	1	3574
2627	1	3581
3375	1	3569
401	1	3572
3467	3	2927
277	3	1258
303	3	699
815	1	3602
3085	3	2364
700	3	1122
3327	1	3577
1698	3	870
3027	1	3568
1575	1	3590
2363	1	3637
1212	1	3672
2397	1	3586
2515	3	1221
2504	3	1122
2123	1	3574
2211	1	3598
1876	3	643
104	3	167
20	3	3110
353	3	3428
2160	3	3160
2463	1	3615
1360	3	1846
2059	3	471
815	3	2335
684	1	3581
1506	1	3577
1987	3	1130
2399	3	2411
2407	3	2165
384	1	3572
1206	1	3568
1685	1	3791
2610	1	3581
3085	3	270
872	1	3610
3132	1	3568
2128	1	3569
3501	3	1721
2780	3	2515
302	1	3574
3010	1	3568
1835	3	738
162	3	960
3209	3	2079
3079	3	3402
1719	1	3572
1089	1	3590
1157	3	363
533	3	3087
2541	1	3568
789	1	3581
696	3	2827
281	1	3610
453	1	3710
85	1	3591
344	3	3182
533	3	643
1677	3	1050
2840	3	2282
345	3	3243
1285	3	66
2074	3	2618
2704	3	3354
275	3	950
3486	3	695
667	1	3581
2497	3	2482
3115	1	3568
1059	3	2520
272	1	3589
2294	1	3576
2111	1	3569
2927	3	2831
3477	3	99
1258	3	3402
1700	3	3176
2692	3	114
0	3	3351
894	1	3581
2993	1	3568
1629	1	3614
1702	1	3572
2524	1	3568
2585	3	1193
1547	3	279
772	1	3581
1294	1	3568
2931	3	2041
361	3	687
2253	3	1492
1637	3	2690
2359	1	3574
1370	3	1462
1046	3	1751
3	1	3572
1408	1	3589
2407	3	1360
2684	3	757
2695	3	664
1811	3	3438
3040	3	2615
549	3	363
1134	3	3495
3098	1	3568
2094	1	3569
2675	3	161
2032	3	558
877	1	3581
2775	1	3682
1936	3	2796
910	1	3890
2934	3	2544
2694	3	2117
1017	3	460
1727	3	904
3093	3	1525
1648	3	695
1760	1	3584
1277	1	3568
1941	3	1128
2506	3	2273
3564	1	3584
2037	3	2273
2830	1	3612
3483	1	3636
807	3	1345
1151	3	2690
159	1	3733
1145	3	2792
1849	3	3183
2229	3	3226
2826	3	2175
42	3	418
298	3	2827
371	3	2229
527	1	3627
2447	1	3574
2558	1	3678
234	1	3577
1660	3	2497
160	1	3569
1260	1	3568
3461	1	3568
2925	3	3237
259	3	751
1666	3	1435
1082	3	808
252	1	3584
1719	3	1658
1856	1	3574
835	3	3287
1805	3	3489
2523	3	1243
2640	3	687
2552	1	3574
626	1	3574
565	1	3578
265	1	3569
3091	3	53
2437	3	3549
2633	3	1316
2004	3	1748
2430	1	3574
3252	1	3570
802	3	3372
2471	1	3637
992	1	3612
362	1	3630
370	3	1767
3352	1	3575
898	3	2618
509	1	3596
1284	1	3631
1961	1	3574
839	1	3569
1761	3	233
867	3	3340
533	3	2416
2045	3	2942
1702	3	1658
3018	1	3590
2643	1	3569
1022	3	1370
2535	1	3574
2298	3	2209
2931	3	3464
960	3	2450
248	1	3569
420	1	3669
709	1	3579
1748	3	2497
3528	3	38
3567	1	3827
2670	3	3252
3384	1	3628
3262	1	3617
2413	1	3574
3440	3	2332
3483	3	3062
431	3	1370
3343	3	1712
1667	3	2560
2464	3	2441
1944	1	3574
2405	1	3584
1267	1	3631
1893	3	3489
822	1	3569
982	3	964
1408	3	362
4	3	2850
556	3	3229
714	1	3574
2429	3	2404
2455	3	1845
2995	3	547
807	3	1829
2352	3	1698
1714	3	1208
3155	3	3531
1650	3	2785
2518	1	3574
600	3	957
2688	3	3289
488	1	3584
3522	3	1546
3026	3	2663
3349	3	3488
404	1	3730
263	3	1055
501	3	2497
3398	3	2952
1381	3	1829
2437	1	3637
152	3	1507
2243	3	194
475	3	259
2110	1	3581
1927	1	3574
697	1	3574
2123	3	2494
3549	3	1751
1416	3	2216
2984	1	3590
2112	3	1288
2435	3	1147
135	3	2820
640	3	3238
3372	3	2006
209	3	384
438	3	1658
688	3	1361
2501	1	3574
2831	3	210
2942	3	1068
2260	3	1258
2215	1	3581
1461	3	5
1285	1	3590
910	1	3569
3360	3	712
2739	3	2618
3216	3	1721
2797	1	3571
3513	3	2239
584	1	3574
2240	3	210
2789	1	3581
531	3	3397
680	1	3574
1055	3	1224
240	1	3713
1273	3	679
1168	1	3612
319	1	3569
3196	3	1880
3237	1	3617
2967	1	3590
742	3	96
2405	3	381
3429	3	2014
1934	3	878
3502	1	3589
1303	1	3627
3189	1	3568
699	3	2749
3381	3	1211
1376	1	3585
1963	3	75
1038	3	285
1268	1	3590
1688	3	1901
3225	1	3633
1829	3	2167
2315	3	1538
542	3	1402
2150	1	3589
3130	3	2386
2593	3	3440
2619	3	2881
3066	3	2799
412	1	3618
1489	1	3575
2312	3	2560
2772	1	3581
3055	3	2347
815	3	404
704	1	3637
2156	1	3615
659	3	252
2940	3	2450
2974	1	3785
193	3	1704
725	3	96
1641	3	1734
3060	3	679
2943	3	2014
3138	1	3619
3172	1	3568
1671	3	1698
2504	3	3513
1919	1	3718
2181	1	3581
292	3	1678
2703	1	3568
3177	1	3590
3053	3	750
1274	3	2406
105	3	720
2886	3	1779
2176	3	982
2503	3	3339
542	1	3584
1364	1	3580
2455	1	3572
431	3	699
2117	3	1417
360	1	3581
2286	1	3581
2393	3	1315
1986	1	3572
3512	3	1588
2810	3	2618
1654	3	1698
1477	1	3570
1430	1	3609
283	3	1432
1740	3	2422
1234	1	3590
3463	3	1211
1130	1	3600
453	1	3657
2860	1	3581
2649	3	2411
2914	3	1073
1344	3	679
1665	3	2736
126	1	3601
1830	1	3596
1367	3	2230
1530	1	3587
396	3	2176
1374	1	3627
535	3	668
1747	3	257
2526	1	3596
1896	1	3614
17	3	1204
2536	3	1472
2269	1	3581
3260	1	3568
56	1	3584
2200	3	2176
1373	3	3067
3495	3	1588
3526	1	3601
2515	3	363
3226	1	3592
212	3	2855
1414	3	878
1013	1	3595
987	3	2537
345	3	3540
2565	1	3578
917	1	3581
3429	3	3437
3240	3	1812
328	1	3662
1047	3	2304
3439	3	250
1908	3	63
3243	1	3568
1687	1	3600
829	3	2068
26	1	3572
3222	3	3094
2547	3	1344
3546	3	1698
3480	3	1444
3278	3	618
271	3	2366
802	3	152
1872	3	904
1518	3	1211
2609	1	3574
2492	3	3292
428	3	135
2248	1	3569
166	1	3609
2460	3	792
3210	3	1046
1003	3	2610
3217	3	2668
2977	3	3386
2268	3	2441
2017	1	3570
99	3	953
1308	3	3203
1196	1	3578
909	1	3581
1002	3	135
1258	3	2544
2698	3	3173
2822	1	3569
2856	3	3238
2969	3	952
3127	3	1017
2832	1	3637
1728	3	1262
1124	3	721
2071	3	102
1211	3	2404
2268	3	3380
197	1	3601
109	3	2313
527	1	3574
2795	3	1316
1783	1	3590
2890	3	3372
56	3	381
1134	3	1698
432	3	2728
1766	3	2347
878	3	2097
2220	3	325
2005	1	3568
79	1	3568
2231	1	3569
2523	3	251
2130	3	17
2773	3	765
2851	3	2812
3227	3	2715
1159	1	3634
2165	3	2273
10	1	3582
2244	3	38
3369	3	1316
2805	1	3569
2352	3	2450
1993	1	3584
576	3	2935
410	1	3569
884	1	3591
1882	3	756
3145	1	3610
1958	1	3604
1484	3	1211
2755	3	2956
94	3	1816
107	3	1245
362	1	3577
1013	3	2462
1666	3	1732
62	1	3568
1250	3	1046
1988	1	3568
2106	1	3574
2214	1	3569
2739	3	1492
3355	1	3631
984	1	3569
1635	3	2454
293	1	3591
1474	3	3381
3416	3	3155
2254	1	3601
3029	1	3636
3522	3	204
1021	3	3155
515	1	3569
1377	3	2761
1847	3	1658
2934	3	2036
2788	1	3569
799	3	497
3321	3	2038
1397	1	3568
2680	1	3574
1353	3	1543
546	1	3786
2531	3	3044
420	1	3616
2681	1	3635
167	1	3568
3104	3	2408
17	3	533
2421	3	1658
1390	1	3639
3272	3	1204
788	3	3428
1971	1	3568
3535	3	1673
2089	1	3574
1336	3	2856
3510	3	1539
3366	3	402
967	1	3569
2479	3	2657
3018	3	2270
114	3	3402
425	1	3611
50	1	3590
3566	3	3035
1889	1	3570
2698	1	3611
498	1	3569
493	3	1751
3385	3	1194
1435	3	1666
2210	3	1701
456	3	1047
2465	3	2416
633	1	3584
2663	1	3574
3394	3	2729
793	3	979
2302	1	3569
150	1	3568
465	3	2582
1555	1	3585
2319	3	1521
3403	3	292
3333	1	3588
2595	1	3649
416	1	3601
745	3	1896
1954	1	3568
3117	1	3636
2072	1	3574
1995	1	3631
2736	3	1134
261	3	1274
1819	3	1909
777	1	3791
1022	3	2956
2355	3	70
3510	3	384
481	1	3569
1391	3	3136
2235	3	2606
1876	3	403
2692	3	3002
322	3	3546
1996	3	1486
1431	1	3678
2734	1	3598
212	3	440
1178	1	3630
133	1	3568
114	3	1658
884	3	738
3283	3	1662
147	1	3584
2086	3	2733
2716	3	3469
2816	3	1754
3243	3	849
3054	3	944
2995	1	4058
1295	3	1988
1300	3	2189
729	1	3574
284	1	3704
1951	1	3584
1651	1	3575
391	1	3611
1304	3	2359
1468	1	3568
813	3	2942
2416	3	427
3382	1	3617
2253	3	2407
3540	3	345
238	1	3568
552	1	3593
3088	3	725
3351	3	1194
1895	1	3602
2751	3	1176
1983	1	3626
2805	3	2005
3007	1	3569
2005	3	691
834	1	3574
934	3	3440
2253	3	3346
3332	3	3004
3225	1	3580
1988	3	2785
2999	1	3579
2210	3	1835
122	1	3594
712	1	3574
1534	1	3570
2638	1	3574
2746	3	750
2398	3	2618
243	1	3574
580	3	2434
96	3	2919
221	1	3568
235	1	3584
3212	1	3574
453	3	1422
330	3	51
2266	1	3635
817	1	3574
2790	3	2672
662	1	3618
2134	3	805
2097	3	511
2176	3	3373
1964	1	3898
671	3	1816
3044	3	2545
2621	1	3574
3443	1	3570
1382	3	422
1291	1	3569
1055	3	366
1391	1	3574
2213	1	3570
1536	1	3627
695	3	1721
0	1	3573
145	1	3626
1636	3	2194
2406	3	1274
3095	1	3569
210	3	493
120	3	1875
245	1	3631
2007	3	2422
174	3	1559
1088	3	86
2626	1	3569
3071	3	2014
1187	3	1929
1949	1	3626
789	3	2582
807	3	3549
3149	3	2545
800	1	3574
2083	1	3580
1171	3	465
731	1	3786
795	3	592
1045	3	295
1722	1	3575
2544	1	3571
232	3	114
1337	3	2566
792	1	3584
3263	3	2333
2751	3	1310
2384	3	1797
1534	3	1148
1274	1	3569
465	3	1911
3344	3	1399
212	3	1863
2707	3	3357
1374	1	3574
2149	1	3609
1061	3	1553
2196	1	3570
2924	1	3644
3098	3	2219
944	3	444
950	3	2005
905	1	3574
2857	1	3769
431	3	1935
1295	3	3411
3511	3	1073
3221	3	557
783	1	3574
1962	1	3590
2154	1	3604
702	1	3626
2408	3	376
2784	1	3586
3238	3	1846
3448	3	3237
2301	1	3570
958	1	3591
314	1	3574
1257	1	3569
744	3	969
2498	3	1623
556	3	761
2662	1	3586
2805	3	3428
149	1	3580
1249	3	242
2492	3	2300
888	1	3574
141	1	3590
3362	1	3756
1363	1	3600
1641	3	2165
3546	3	1645
1798	1	3624
2449	3	2509
1471	1	3568
1315	1	3608
1060	3	1276
2137	1	3604
581	1	3636
1356	1	3671
1835	3	3210
2137	3	1987
2447	3	2417
2453	3	2679
254	1	3580
2578	3	344
1641	3	3104
1179	1	3926
1156	3	2421
2561	3	2438
571	3	3261
1667	3	1381
664	3	2398
972	3	471
2403	1	3637
2760	1	3657
3166	1	3569
3541	1	3590
1939	3	3385
298	3	1782
681	1	3614
2627	3	1911
589	3	2359
1054	1	3581
1569	3	1083
2537	2	4001
2097	3	1934
723	3	2313
14	3	204
2650	1	3581
3426	3	1851
285	1	3572
2783	3	3002
1345	1	3569
1134	3	1645
2016	1	3614
1359	1	3585
1065	3	1857
2130	3	2408
2944	3	1896
2815	3	1381
3524	1	3590
1159	1	3581
3071	3	3437
1535	3	2238
3445	1	3794
1739	1	3658
3403	3	105
1899	3	1053
2950	1	3569
532	3	1546
61	1	3660
350	1	3570
574	1	3832
1125	1	3605
107	1	3590
1278	3	1852
1559	1	3568
1939	1	3847
3083	3	917
2915	3	252
2290	3	471
3290	1	3610
3337	1	3571
1811	1	3585
3541	3	229
268	1	3572
2319	3	2273
2360	1	3619
1860	3	1785
415	3	955
968	3	3085
1691	3	2958
2990	1	3601
475	3	3402
2544	3	344
2433	1	3577
3227	3	3012
3363	1	3568
950	3	3428
32	3	944
51	3	3079
112	1	3585
215	3	598
1142	1	3581
1425	3	2347
1427	3	3367
2497	3	3210
2726	1	3657
3103	1	3591
3215	3	964
1995	3	457
63	3	3060
2004	3	1992
3021	1	3593
1542	1	3568
1768	3	1160
1395	3	86
178	1	3614
2504	3	1045
3431	3	338
292	3	1654
206	3	3385
1909	1	3656
1378	3	2180
2657	1	3644
21	3	3094
250	3	204
763	3	376
1005	3	325
547	3	1588
752	1	3614
1666	3	2968
2966	3	3335
416	3	53
1258	3	2036
234	3	460
1647	1	3568
1142	3	1533
2456	1	3609
2382	1	3601
2898	3	2854
305	3	2578
3550	3	3238
3379	1	3671
311	3	941
3451	1	3568
1525	1	3568
1580	3	1666
1626	3	3094
2554	3	2993
2592	3	695
2816	3	2856
1383	1	3624
3289	3	3026
3199	1	3581
1517	1	3578
236	3	902
348	1	3791
2195	1	3582
2656	1	3592
1828	3	1698
17	3	1769
449	3	712
890	1	3570
1194	3	765
3428	3	3002
2817	1	3574
891	1	3574
2208	3	2495
2614	3	2215
125	3	1175
1979	3	2941
1630	1	3568
3392	3	2359
1240	3	2358
2769	1	3582
2473	3	23
1889	3	1469
439	3	438
2191	3	2145
2239	3	268
2508	3	3443
460	3	234
164	3	2264
427	3	2733
2379	3	2928
2563	3	2434
14	3	2566
2202	3	3183
635	3	1588
2204	1	3568
273	3	2084
1838	3	25
2920	3	937
1878	1	3573
2200	3	647
1507	3	3182
2753	3	2720
3174	1	3591
2492	3	2918
948	1	3582
2800	1	3574
864	3	2081
3092	1	3593
3258	3	105
533	3	2794
1604	3	799
3285	3	2051
3274	1	3569
2583	1	3591
3157	3	3287
3454	3	699
3374	1	3574
1784	3	664
3337	3	344
1576	3	1630
545	1	3611
979	1	3574
435	3	979
2683	1	3569
3334	3	2454
1160	3	765
208	1	3709
300	3	3067
2659	3	2424
2783	1	3574
3054	3	2180
1466	1	3581
2300	3	221
448	3	3037
1237	1	3617
1812	3	2812
3067	3	2165
3257	1	3569
322	3	2688
1550	3	95
3357	1	3574
2523	3	816
3371	1	3590
2236	3	1573
1845	2	3650
962	1	3574
2464	3	3169
2666	1	3569
191	1	3709
2393	1	3607
2766	1	3574
3362	1	3569
2875	3	2501
255	3	3342
208	3	3381
674	3	765
2286	3	2582
1536	1	3574
3388	3	229
3114	3	1752
1821	3	2253
2806	1	3606
3050	3	2165
3240	1	3569
1067	1	3574
2953	1	3572
1027	1	3572
483	3	1330
1849	1	3568
3094	3	3501
3317	3	3157
3528	3	3464
3533	1	3649
1990	1	3636
2860	3	2582
389	1	3600
945	1	3574
2871	1	3574
3124	3	3112
211	1	3602
3464	3	679
109	3	1134
1296	3	2450
2723	1	3577
792	3	194
469	3	1089
2802	1	3786
115	3	1396
813	3	2434
2954	3	1370
117	3	918
932	3	2854
1989	3	824
3252	3	2815
3345	1	3569
1940	3	3023
2303	3	3497
377	3	3497
2739	3	2407
1475	3	1530
2351	3	3519
813	3	3373
2522	3	3013
3223	1	3569
1050	1	3574
755	3	1240
933	3	3292
1401	3	2450
1441	3	3263
2754	1	3569
2762	3	1706
2815	3	1194
1901	3	3402
347	3	482
3171	3	1535
136	3	2649
1090	1	3606
1524	1	3569
3205	3	2450
3329	1	3600
671	3	3402
1300	3	526
2353	3	2816
2406	1	3568
2618	3	3198
3077	1	3613
1357	3	2628
1790	1	3602
2512	3	2942
3328	1	3569
517	3	501
576	3	2695
2805	3	3375
1019	3	2473
1931	1	3670
1590	1	3598
526	3	2036
899	1	3620
2006	3	3402
782	1	3618
3050	3	1360
2649	3	561
1033	1	3574
3247	1	3632
483	3	525
2679	3	2616
3230	3	1635
2464	3	270
2805	1	3679
2352	3	2560
2333	1	3570
2978	1	3840
745	3	1872
1507	1	3569
2407	3	1551
265	1	3626
1651	3	645
2912	1	3586
2951	1	3793
2041	3	1345
3520	3	1370
1399	3	3102
1876	3	968
1996	1	3668
3198	3	427
3423	3	3194
2916	1	3756
3494	1	3576
908	3	2521
1577	3	3464
532	3	2648
2261	3	2023
803	3	427
3372	3	1929
2303	3	2692
676	3	3023
261	3	2189
1273	1	3589
2095	1	3585
650	3	1138
3265	3	96
2944	3	904
86	3	246
941	3	551
1394	1	3569
2643	1	3626
3551	3	2116
2499	1	3769
286	1	3772
1522	3	1625
1490	1	3569
1281	3	592
1294	3	3431
361	3	2167
271	3	3549
1380	3	2435
2470	3	1821
1086	1	3570
3207	3	592
2953	3	1658
3090	1	3574
199	1	3573
2853	3	2209
366	3	2943
2890	1	3570
3082	1	3584
343	3	3476
1499	1	3569
1344	1	3613
2566	3	2006
1384	3	1645
595	1	3575
913	3	2142
571	3	1464
2286	3	1911
1294	3	1337
2344	1	3618
289	3	2422
1269	1	3574
1360	3	427
1702	3	3004
2491	1	3584
488	1	3641
1047	3	1743
1112	1	3917
2007	3	1698
55	3	2257
2545	3	3149
3052	3	2161
3026	1	3613
250	3	2245
1287	1	3581
3065	1	3584
3177	3	765
2239	3	3464
1062	3	3304
1482	1	3569
1738	3	389
308	3	1345
3106	1	3647
2633	3	1507
2036	3	114
3102	3	3170
559	3	1109
3534	3	22
1906	3	3157
1391	3	3246
1575	3	3506
2408	3	1157
3178	1	3574
1252	1	3574
3527	3	2537
130	1	3569
1818	3	2352
1671	3	2560
752	3	2668
2174	1	3575
2510	3	1829
3443	3	1929
422	1	3588
318	1	3598
402	3	1072
910	1	3626
2566	3	262
1219	3	1833
3097	1	3637
3531	1	3600
2739	3	2675
536	1	3609
904	3	38
2461	1	3757
189	3	2393
2194	3	912
1770	3	1370
1146	3	1650
2145	3	2758
635	3	246
10	3	465
1383	3	234
812	3	2446
432	3	2167
721	3	2077
2081	3	2417
559	3	2398
1122	3	432
2828	3	1064
3516	1	3681
3161	1	3574
383	3	3259
113	1	3569
870	3	1546
1849	3	2919
127	1	3585
1720	3	1650
3336	1	3591
3205	3	2129
157	3	404
1433	3	2407
1477	3	2815
2286	3	2045
3023	3	3290
2531	3	1194
749	1	3577
1415	1	3613
2866	3	1368
3045	1	3600
2627	1	3585
3449	1	3581
2745	1	3591
2714	3	2332
2963	3	1429
152	3	1698
185	1	3624
1061	3	24
1283	3	3238
1121	3	1660
1651	3	3357
1875	3	266
2167	3	285
2397	1	3590
3495	3	2450
2209	3	2853
2858	1	3581
2576	3	114
1310	3	2504
3530	3	3369
42	3	2032
2945	1	3574
3005	3	2684
753	3	2480
1234	3	2404
2347	3	2223
2824	3	89
2268	3	2014
3115	3	3110
3522	3	3026
384	3	1929
2506	3	1204
2526	3	3191
1244	1	3718
684	1	3585
700	3	1476
1506	1	3581
2927	3	1546
3432	1	3581
2073	3	2965
1148	3	1512
1798	1	3600
2693	3	1381
493	3	251
2200	3	944
1749	3	3428
1316	3	308
3010	1	3572
2380	1	3590
15	1	3581
2810	3	2675
1342	3	305
2080	1	3581
3220	3	3110
2160	3	3514
789	1	3585
289	3	1751
2209	3	1698
907	1	3591
3108	3	2956
489	1	3576
3077	3	870
3261	3	376
2672	3	1211
273	1	3624
1337	1	3569
1602	3	1368
667	1	3585
867	3	982
3415	1	3581
1362	3	2086
2510	3	3252
2347	3	1068
345	2	3776
2607	1	3601
2826	3	2045
744	3	3173
1291	3	3351
3004	3	687
1020	1	3581
2465	3	2794
2933	1	3569
3018	3	2059
720	1	3572
56	1	3641
957	3	2983
3127	3	1879
2993	1	3572
894	1	3585
1853	3	543
1505	3	2411
2312	3	2751
3495	3	1645
3182	3	870
1211	3	3266
993	1	3738
444	3	131
3551	3	640
1594	1	3581
786	1	3601
1294	1	3572
1340	3	1310
3049	3	3215
361	3	691
210	3	2831
376	3	1370
1986	3	268
3443	3	1258
2895	3	1402
3098	1	3572
779	1	3672
1570	3	2409
2168	1	3581
1957	3	1657
2916	1	3569
1486	3	2154
1150	3	2283
2301	3	3002
683	1	3658
703	1	3572
660	3	3298
2504	3	671
3016	1	3574
206	3	3011
2862	3	2032
114	3	2036
2560	3	2167
2434	3	1997
503	1	3568
2253	3	1846
1498	1	3725
3490	1	3569
1184	1	3681
1769	3	1224
509	3	1068
347	1	3581
438	3	2333
2114	3	2573
2509	3	2386
511	3	571
1196	3	1988
526	3	105
2036	3	1671
1195	1	3574
2563	3	3215
348	3	107
2860	1	3772
421	1	3600
1717	1	3618
1455	3	3226
1344	3	870
469	3	1386
2151	1	3581
2465	3	1989
2842	3	1923
2899	1	3569
3361	3	1993
3266	1	3657
2268	3	3437
3175	3	2005
1546	3	1316
2836	3	2600
3005	3	1074
1969	3	426
3473	1	3569
937	3	376
1456	1	3591
1448	1	3601
872	3	1111
1534	3	1742
2875	3	2582
1727	3	3136
1556	1	3569
2308	3	1345
2656	1	3568
1045	3	1828
384	3	1258
1848	1	3588
3053	3	3519
2967	3	1278
1365	1	3572
22	1	3593
1417	3	2117
3369	3	2312
3505	1	3622
3467	3	3549
1234	3	2672
2365	1	3930
361	1	3573
763	3	3169
3252	1	3574
992	1	3616
2386	3	389
851	3	941
2891	1	3569
564	3	1698
1359	3	3367
2543	1	3568
2641	1	3660
3013	3	3056
1539	1	3569
3465	1	3569
2639	1	3568
2120	3	161
2647	3	2850
2648	3	1012
671	3	2544
3567	3	494
909	3	2879
872	3	3339
3235	1	3574
2901	1	3616
2737	3	2407
3527	1	3593
2648	1	3568
722	1	3568
730	3	1705
547	3	1698
3227	1	3584
1644	1	3569
2006	3	2544
2099	3	2435
109	3	2504
1751	3	3549
2566	1	3570
3519	3	3131
2718	1	3582
3017	2	3940
1266	3	1176
834	3	1880
2712	1	3684
1522	1	3569
3246	3	2759
3332	3	2927
3448	1	3569
994	3	2612
1462	3	1770
2695	3	2441
2512	3	2434
3340	1	3574
405	3	2693
2218	1	3569
2336	1	3575
2737	3	2757
1667	3	2914
3526	3	1720
3297	1	3783
3218	1	3574
763	3	2364
2051	3	2628
1084	1	3786
2834	3	2417
2545	3	63
2631	1	3568
705	1	3568
1020	3	2582
71	3	2708
897	3	1211
2742	3	1089
2749	1	3574
3531	3	2304
1627	1	3569
1674	3	1913
3337	3	2198
189	1	3607
1158	1	3569
1835	3	2649
3452	3	2825
668	3	1068
2354	1	3612
3431	1	3569
1594	3	2582
951	3	1834
3323	1	3574
840	3	623
2201	1	3569
763	3	270
1288	3	602
810	1	3568
2215	1	3585
2815	3	2914
129	3	3501
147	1	3641
1732	1	3569
2441	3	824
879	3	3402
2719	3	3079
3242	1	3637
1733	1	3630
2614	1	3568
645	3	3237
2459	1	3612
1610	1	3569
980	1	3587
3085	3	3470
2164	3	114
469	3	1654
1455	1	3613
380	1	3569
1141	1	3569
1168	1	3616
2247	3	1657
2485	3	3099
46	1	3611
2942	3	1422
1650	1	3601
2263	3	441
2538	3	1070
3306	1	3574
1219	3	2130
1895	1	3659
2546	3	2544
208	3	1263
2882	3	2415
2074	3	2435
793	1	3568
163	1	3586
2076	1	3574
1759	3	640
2255	3	2350
1715	1	3569
2853	3	2640
2560	3	691
261	3	526
2438	3	3488
2398	3	2675
1681	1	3593
2504	3	2578
3526	3	1854
2688	3	2838
3010	3	1337
2814	3	564
3170	3	2422
2289	1	3569
2547	3	3308
451	1	3593
837	3	3062
2455	3	2333
1798	3	2304
3472	1	3581
309	3	2032
1963	1	3574
2983	3	2774
979	3	2417
1512	3	469
2555	1	3602
1958	3	592
776	1	3568
2059	1	3574
2181	1	3585
1955	1	3584
3143	3	1062
3351	3	96
1698	1	3569
917	3	299
1963	3	1368
2212	3	465
590	1	3580
2687	1	3828
3083	3	1645
345	3	1316
2487	3	2578
2749	3	2441
142	1	3574
401	3	1667
3054	3	1135
881	1	3568
2286	1	3585
2333	3	1929
3095	1	3626
1913	3	1648
3529	1	3589
1946	1	3574
2480	3	2649
3176	3	1721
161	3	2749
727	1	3673
2193	3	3406
2238	1	3593
3060	1	3589
570	3	2578
1477	1	3574
25	1	3596
335	3	2352
2648	3	691
3204	3	665
3447	1	3591
245	3	1290
828	3	3402
1756	1	3581
2019	3	1679
1942	3	417
2192	3	120
2695	3	1770
2860	1	3585
331	3	2014
3098	3	1337
3406	3	376
2936	3	3378
465	1	3585
1721	1	3601
2963	3	3015
343	3	3102
2976	3	1690
514	3	2596
125	1	3574
441	3	3194
2051	1	3574
2216	3	1924
982	3	647
3430	3	2533
3456	1	3591
1917	3	2521
3567	3	1112
864	1	3568
2791	1	3572
2259	3	402
605	1	3622
960	3	39
993	3	2792
1086	3	1929
2097	3	2796
1829	3	1716
2033	3	3209
2543	3	2919
2773	3	635
2851	1	3575
347	3	592
1835	3	1978
1921	1	3584
2147	3	1176
2235	1	3609
643	3	1370
589	3	188
1399	3	1923
1752	1	3593
1739	1	3581
230	1	3574
1452	1	3584
2469	1	3568
1152	1	3575
2914	3	2366
3279	1	3569
3479	3	3511
2034	1	3574
108	1	3574
673	3	2291
2809	1	3609
2920	3	376
465	3	3257
2437	3	3366
3439	1	3591
741	1	3665
1852	1	3571
1781	3	745
3489	3	2044
1322	3	257
100	1	3584
2026	1	3584
503	3	2622
898	3	2435
1194	3	1493
2318	3	2165
2889	3	1673
1956	3	409
1023	1	3646
2036	3	679
501	3	86
2510	3	1455
1918	1	3600
2426	1	3571
2322	1	3581
1184	1	3628
941	3	311
213	1	3574
2355	3	745
1435	1	3584
3308	1	3570
603	3	1493
3322	1	3586
13	1	3570
2017	1	3574
2794	3	939
1612	3	578
132	1	3637
705	3	2919
285	3	1073
2492	1	3600
2547	3	1698
1731	1	3581
2384	1	3605
1488	1	3601
2720	3	695
3304	3	3221
2215	3	1997
318	1	3574
528	3	494
805	3	2143
2605	1	3590
3243	3	2463
2305	1	3581
2509	3	239
196	1	3574
571	3	1224
971	1	3609
376	3	2956
2931	3	1187
210	1	3590
547	3	2450
2597	1	3600
2697	3	2167
747	3	1494
2147	3	1310
2705	1	3568
2342	1	3569
3250	1	3635
1872	3	3136
1714	1	3581
1678	3	1310
2950	1	3626
3201	3	2497
1462	3	2522
2853	3	3258
174	3	6
714	3	2124
3301	1	3766
484	1	3581
2956	3	2816
301	1	3574
3145	1	3614
3367	3	3491
1372	3	1050
1510	1	3572
2840	3	3067
1671	3	1381
72	1	3610
2333	3	1258
2588	1	3590
3261	3	1157
2288	1	3581
2399	3	1102
2144	1	3724
1584	1	3591
2688	3	1012
3052	3	2271
3472	3	108
1214	3	3261
1912	3	135
1806	1	3569
361	3	1122
514	3	986
889	1	3590
318	3	213
703	3	1447
1576	1	3601
2688	1	3568
3070	3	1722
2318	3	3238
2312	3	3532
2219	1	3568
2600	3	2836
131	3	373
151	1	3624
120	3	1611
284	1	3574
17	3	2981
1630	3	2032
1689	1	3591
635	3	2450
2271	1	3581
1821	3	2981
2793	1	3568
2741	3	3069
3029	3	2373
824	3	2130
1789	1	3569
337	1	3591
656	3	1465
1889	1	3574
2298	3	2510
2671	1	3568
572	1	3581
1564	3	3292
1852	3	344
703	3	2736
703	3	292
2202	1	3568
279	3	750
750	1	3590
1857	3	3372
686	3	666
1719	3	215
450	1	3581
2047	1	3612
3187	3	3377
1496	3	3367
3485	1	3574
972	1	3568
3330	3	3146
2233	1	3785
3450	1	3594
3559	1	3593
3226	3	1658
2595	1	3653
2855	3	440
3451	3	1227
456	3	1990
2171	3	3248
2776	1	3568
570	3	3546
2915	3	2887
116	1	3596
802	3	1929
1772	1	3569
1505	3	2976
2307	1	3568
381	1	3568
2353	3	161
1743	3	3311
2733	3	440
3308	3	2006
481	1	3573
3224	3	1751
702	3	964
594	3	1007
813	3	1068
1812	1	3601
3468	1	3574
2978	3	3325
3364	1	3584
3509	1	3637
433	1	3581
1854	3	2300
2346	1	3569
1493	3	3402
2881	1	3568
955	1	3568
635	3	1645
2174	4	734
3546	3	1381
2473	3	1019
38	1	3589
175	3	551
1877	1	3569
432	3	1122
878	3	491
1295	1	3609
1826	3	3131
2759	1	3568
948	1	3639
344	3	2007
1689	1	3725
1828	3	3044
418	3	325
359	3	3440
127	3	3367
1755	1	3569
1922	3	2185
2290	1	3568
2810	3	2435
913	1	3602
538	1	3581
1943	1	3598
1060	1	3568
2089	3	375
3062	3	1288
3561	3	2216
1889	3	2815
2086	3	3087
2125	1	3574
1895	1	3606
2717	1	3602
3164	1	3577
674	3	2566
2246	3	2482
2758	1	3665
2070	3	1623
85	3	2647
315	3	363
3215	3	2444
2130	3	2733
1860	1	3569
2914	3	1829
3151	3	2857
1908	1	3591
2999	1	3583
2810	3	341
1272	1	3711
1534	1	3574
2783	1	3631
3183	3	308
3460	1	3574
1597	3	3146
1512	1	3568
1493	3	1658
1291	3	78
1526	1	3584
700	3	3464
1043	1	3568
1879	3	3127
3277	3	1923
2108	1	3574
39	1	3569
3330	1	3584
2663	3	725
921	1	3568
1883	3	3297
2305	3	1993
341	3	1093
1116	3	1128
3443	1	3574
1626	3	602
772	3	358
153	1	3620
3288	1	3618
1809	1	3593
728	3	2758
930	1	3568
2213	1	3574
1536	1	3631
2331	1	3580
2679	3	95
2981	3	17
3402	3	1658
3435	1	3584
3501	3	91
1026	1	3568
1801	1	3603
2270	3	2895
218	1	3588
2091	1	3574
22	1	3569
2826	1	3593
3066	3	1006
1804	1	3577
3387	1	3592
3421	3	6
3205	1	3589
2398	3	878
1019	1	3639
1622	1	3574
1762	3	1055
392	1	3574
1764	3	558
1614	1	3584
3513	3	2640
985	1	3663
1807	3	1288
2609	3	1370
2215	3	1810
3345	1	3626
2196	1	3574
1751	3	3175
2533	3	1270
3310	3	1972
2692	3	1396
664	3	2618
1294	3	3354
1727	1	3574
2699	3	3371
3223	1	3626
605	1	3569
3032	3	100
3188	1	3589
1605	1	3574
2784	1	3590
1411	3	131
1588	3	432
2597	3	3459
1129	3	1089
2301	1	3574
375	1	3574
703	3	3354
1597	1	3584
3305	3	1546
3469	3	3037
14	1	3569
2248	3	25
2303	3	1460
2560	3	1122
2566	3	1929
2693	3	2914
2179	1	3574
1190	3	1270
1773	3	3382
2163	3	2937
2654	1	3600
1986	3	3545
1710	1	3574
588	1	3569
1673	3	2417
2271	3	2151
1727	3	3246
2555	3	696
802	3	2547
742	3	1820
2594	3	1812
2202	3	2919
995	3	3531
344	3	2275
2284	1	3574
358	1	3574
2750	3	2347
3013	3	2816
3059	1	3609
1641	3	3108
720	3	105
1233	3	1422
3369	3	2422
1505	3	561
289	3	251
1716	3	114
170	1	3730
3167	1	3577
3011	1	3617
17	3	2794
2677	3	322
2984	1	3570
3497	3	405
37	1	3601
949	3	598
1693	1	3574
2620	3	1603
1426	3	2981
3319	3	982
1131	1	3702
1821	3	2794
1992	3	2288
463	1	3574
3176	1	3769
3222	3	362
643	3	2956
2658	3	1722
1607	1	3789
497	3	799
1506	2	3780
1345	1	3573
2648	3	1122
1512	3	2189
2267	1	3574
52	1	3664
1985	3	1195
2056	3	1650
358	3	772
1403	3	3308
784	3	981
1159	1	3585
938	3	95
1721	3	695
261	3	152
2039	1	3671
2305	3	1322
2967	1	3570
2186	1	3637
533	3	436
1051	3	1620
3082	1	3641
3403	3	109
1859	1	3581
350	1	3574
1633	1	3580
1676	1	3574
1055	3	2143
12	1	3611
3179	3	2419
446	1	3574
878	3	2398
1522	1	3679
2975	3	2646
3290	1	3614
1053	3	1506
1335	3	1104
520	1	3593
699	3	1224
364	3	3104
848	3	137
742	1	3571
2175	3	551
1964	1	3581
270	3	2037
1807	1	3769
2096	1	3679
1027	3	3004
2783	3	1262
3546	3	1194
2394	3	623
1271	3	2456
1916	1	3589
2546	1	3571
1212	1	3599
333	1	3574
3126	3	2001
1300	3	2006
178	1	3618
151	1	3571
152	3	2560
292	3	1658
265	3	1611
612	1	3581
325	1	3584
811	1	3709
956	3	482
1710	3	2441
1834	1	3591
2652	3	3520
2286	3	3257
571	3	2810
143	1	3581
3538	1	3586
3312	1	3585
914	3	3549
282	3	456
501	3	517
2286	3	813
203	1	3584
2195	3	91
2938	1	3568
1947	1	3581
1234	3	3266
3204	1	3601
1564	3	3239
1799	3	1213
2319	3	533
3501	3	1648
441	3	2820
1899	1	3589
2794	3	1370
1599	1	3580
1134	3	1194
846	3	1698
983	1	3614
1488	3	695
1491	1	3585
2502	3	2835
2522	3	2749
716	3	769
1130	1	3580
1295	3	3094
1713	1	3601
2633	3	2853
3375	3	135
1345	3	720
1810	3	325
135	3	1779
2921	1	3568
3160	3	1172
1604	1	3575
2974	1	3791
125	3	1179
1930	1	3581
119	1	3652
566	1	3627
1758	3	2792
219	1	3657
2406	2	3714
3481	3	196
1577	3	2850
2006	3	694
2166	3	2533
735	3	631
2704	3	1187
3218	3	3110
1682	3	1911
2633	3	1698
2036	3	305
1360	3	968
2129	3	196
3292	1	3601
3366	3	1992
2904	1	3568
1284	3	3120
2281	3	363
1587	1	3575
3466	1	3614
253	3	3484
691	1	3571
1513	3	1196
204	3	3431
2943	3	3067
401	3	2366
2826	3	3257
683	1	3581
1380	3	1821
3285	1	3672
2531	3	96
2644	1	3591
3044	3	268
2632	3	2549
986	3	745
2119	3	125
723	1	3613
2128	1	3630
3009	1	3568
545	1	3615
645	3	3481
1045	3	3495
1453	1	3600
1571	1	3606
3512	3	1702
3440	3	2714
2790	3	745
84	3	664
2797	3	1613
2785	3	3352
689	1	3637
1766	1	3594
1005	3	813
1690	3	2230
3365	3	2675
1769	3	2086
2578	3	1316
1665	3	2850
2498	3	501
3473	3	2434
1483	3	3257
43	3	2628
2647	3	1134
1940	3	799
1960	3	534
2111	1	3630
1784	1	3574
518	1	3769
1637	3	1812
1690	3	136
1954	3	3110
1302	1	3619
418	3	1911
2735	3	599
1102	3	2722
3512	3	547
3164	3	2415
608	3	1679
996	1	3904
2706	3	2533
3429	3	3551
1075	1	3568
1682	3	2045
3020	3	114
1690	3	3519
3114	3	1756
1997	1	3569
2695	3	3169
266	3	765
2452	3	2435
1171	1	3568
1769	3	931
870	3	3026
2888	3	591
1849	1	3572
3243	3	345
465	3	3367
3447	1	3590
2141	1	3591
222	1	3705
1019	1	3586
1462	3	3437
2571	1	3569
2723	1	3581
2676	1	3620
550	1	3586
503	1	3625
1417	3	2979
3356	1	3672
802	3	266
2733	3	1221
1726	1	3696
1734	3	1833
278	3	3348
2254	1	3581
981	3	1234
2544	3	1316
2779	3	2649
265	3	2229
1058	1	3568
2341	1	3574
1607	1	3602
155	1	3624
720	3	268
3230	3	2794
3020	3	1403
1872	1	3574
427	3	1127
3136	3	1727
3567	1	3754
3262	3	207
824	3	2695
470	3	1857
1758	1	3738
2020	1	3601
1824	1	3582
2554	1	3569
716	1	3593
158	3	982
788	3	964
1163	1	3568
2701	3	952
3228	1	3568
2927	3	3026
201	3	1712
1790	1	3606
1798	3	1743
3165	3	2216
957	3	3174
2324	1	3574
2950	3	3432
547	3	2560
1007	1	3581
2365	1	3637
2412	1	3598
2636	3	3388
3374	3	1075
1559	3	1179
155	3	1576
418	3	2045
1737	1	3568
1855	1	3574
3347	3	2748
142	3	457
879	3	2036
733	1	3569
1075	3	557
2030	3	2755
697	3	3197
2508	3	3126
781	1	3591
1077	3	1224
125	3	1797
1872	3	3246
2176	3	2869
2718	3	2827
1578	3	691
264	1	3569
2077	3	828
16	3	1196
410	1	3683
90	3	1760
1146	1	3568
1784	3	2441
2429	1	3574
511	3	2856
557	1	3649
1820	3	2303
1051	3	2722
2874	2	4046
1690	3	620
2582	3	465
2940	3	3182
2688	3	1122
2695	3	270
1955	3	1756
2891	1	3626
2995	3	2352
898	3	2679
301	3	1286
509	1	3657
435	1	3649
609	3	325
1989	3	3406
1720	1	3568
156	3	2543
1740	3	1865
2396	1	3659
210	3	3372
2189	3	2450
405	3	1461
589	3	1721
761	3	465
1531	3	299
2895	1	3590
756	1	3601
532	3	3002
2275	3	1658
382	1	3584
3090	1	3578
2009	3	491
3565	1	3604
3009	3	849
973	1	3581
869	1	3591
1546	3	1507
495	1	3574
2454	3	1492
2960	1	3588
1143	3	1761
591	1	3574
2865	3	1988
2898	3	577
304	1	3577
1269	1	3578
3151	3	389
2375	1	3839
665	1	3593
2591	1	3593
3337	3	1316
753	1	3617
1497	3	1639
3087	3	2522
1085	3	1112
1577	3	2663
2773	1	3569
1479	1	3599
600	1	3574
1211	3	558
3098	3	3004
1283	3	3108
1927	1	3635
1954	1	3682
852	1	3591
3403	3	1345
2504	3	3440
478	1	3574
1300	1	3570
2117	3	994
2549	1	3627
2189	3	1645
2983	1	3590
844	1	3601
1023	3	3131
1042	3	2260
1830	3	3061
3131	1	3617
1749	3	2359
3306	3	2388
3396	1	3589
86	3	384
3244	3	2714
2566	3	266
253	1	3601
870	1	3571
531	3	75
799	3	745
583	1	3574
1754	3	2590
2756	1	3569
3127	3	460
3369	3	2853
3531	1	3604
15	3	2558
1336	3	2165
2124	3	2966
323	3	1597
2287	1	3569
1160	3	3026
461	1	3574
1068	3	2051
1228	3	3136
1057	1	3569
846	3	1645
1744	1	3580
2890	3	2815
1383	1	3575
1671	3	2914
268	3	3545
1157	1	3574
2470	3	1370
453	1	3584
547	3	1889
2254	3	2582
580	1	3815
1296	3	39
2861	1	3569
1981	3	1456
1142	3	1834
1857	1	3570
719	1	3617
1123	1	3598
881	3	2032
466	1	3569
2727	3	72
566	1	3574
691	3	2275
1388	1	3570
2258	3	72
411	1	3618
505	3	1923
2672	1	3637
3369	3	1698
3449	1	3585
3375	1	3577
518	1	3582
1040	1	3569
1815	1	3604
2216	3	2786
2453	3	1370
49	1	3582
1140	1	3574
1962	1	3570
2540	3	3053
2639	3	1896
1154	1	3590
1512	3	526
2116	3	1821
2555	1	3659
1137	3	2347
2844	1	3569
1829	3	2578
968	3	3520
305	3	785
2617	3	2625
3193	3	1778
3511	3	1992
344	3	1901
1949	3	2497
824	3	1219
2853	3	603
806	1	3589
3047	3	3357
170	3	2463
549	1	3574
422	3	2833
2352	3	3182
3274	3	375
3285	1	3619
332	3	607
234	3	2989
1227	3	1725
71	3	805
1023	1	3569
1798	1	3604
3369	3	2987
51	3	481
2745	1	3568
676	1	3599
1577	3	114
2571	3	3428
3203	3	105
1047	3	137
2099	3	1821
837	1	3581
2915	1	3593
2633	3	2934
2358	1	3569
2071	3	3062
665	3	2029
1128	1	3569
1237	1	3568
1309	3	939
1903	1	3604
2493	1	3584
2982	3	1645
1615	1	3755
1957	3	2816
2732	3	2851
2312	3	1816
3258	3	1345
1006	1	3569
2411	1	3586
3233	1	3582
1094	1	3593
2111	1	3577
2362	3	196
944	3	558
1147	3	300
2731	3	2820
2895	3	3500
3459	3	2140
124	3	1172
414	3	581
1528	2	3966
1992	3	3203
2081	3	461
2898	1	3593
1414	3	939
2770	3	3155
3223	3	584
372	1	3575
1594	1	3585
1547	1	3624
1695	3	2758
2069	1	3611
1111	1	3569
1762	3	2454
1886	1	3604
1045	3	1698
3146	1	3568
3545	2	3776
2244	3	3348
3224	3	2129
261	3	1067
2394	1	3586
885	1	3579
2319	3	2253
2990	1	3581
3365	3	878
1192	3	883
1302	3	2299
2663	3	1908
3085	3	2856
1652	1	3624
2009	3	2398
1325	1	3568
261	3	2006
1740	3	1678
2470	3	699
3234	3	3079
2215	3	1704
1291	3	1611
2007	3	2670
3129	1	3568
2004	3	1972
330	3	1588
2562	3	2613
1289	3	1883
3226	3	292
1139	3	465
2263	3	3210
3135	3	1068
3273	1	3590
1317	3	827
3461	1	3619
3429	3	1754
460	1	3575
1865	1	3592
1682	1	3585
1734	3	2130
3102	3	1698
1650	3	1720
1263	3	3381
1308	1	3568
678	1	3586
1763	3	2434
2837	1	3593
1350	3	547
1009	3	475
3028	3	2618
3310	3	2216
2382	1	3581
873	1	3574
1648	1	3609
2130	3	2522
2051	3	1559
1348	1	3600
718	1	3618
1333	3	197
899	1	3571
2523	1	3649
305	3	114
2570	3	1993
679	3	687
1763	3	3373
209	3	2352
3330	3	3069
3152	1	3600
3250	3	355
78	3	63
1367	3	2775
1315	3	2613
926	1	3591
2656	1	3572
152	3	1381
134	3	1559
639	1	3594
757	1	3600
988	3	305
2291	3	3443
1042	3	1134
661	1	3586
1727	3	107
1800	1	3600
2353	3	84
2630	3	979
206	3	3149
2014	3	2733
3402	3	2036
2464	3	571
656	1	3570
2155	3	2646
657	1	3574
1396	1	3568
2205	1	3609
1182	1	3727
341	3	1821
730	3	770
1097	1	3620
3044	3	3277
1630	3	2089
1172	3	3352
371	3	1432
418	1	3585
1349	1	3637
813	3	2869
2948	1	3581
1845	3	2566
1682	3	382
2497	3	1230
2648	1	3572
915	3	1821
3134	1	3697
1650	3	1854
2209	3	1381
1218	3	1747
1014	1	3591
1626	3	2269
2172	3	1841
2204	3	2089
1088	3	818
1029	3	2596
640	1	3574
1823	3	97
2566	1	3574
3047	3	1881
3149	3	3277
2022	3	979
537	1	3837
1077	3	366
932	1	3593
1379	1	3568
2344	1	3569
2983	3	2294
810	3	3110
15	1	3614
2105	3	2522
35	3	1911
2710	1	3596
450	3	301
3040	1	3569
2047	1	3669
1064	3	2983
2436	1	3584
1650	3	2204
3218	1	3578
415	1	3601
219	3	3463
1854	1	3624
2918	1	3569
745	1	3574
2966	3	1355
3452	3	1890
2318	3	1551
2449	1	3569
1603	3	1462
1781	3	3514
2549	1	3574
623	1	3574
3371	1	3570
1355	3	3335
528	1	3591
1732	3	1017
3079	3	1345
1003	1	3617
2101	1	3568
2220	3	1809
3541	3	1416
1959	1	3624
2832	3	471
3023	1	3569
2332	1	3591
3123	1	3574
3308	3	3002
720	3	2927
1102	1	3591
2086	3	2794
2351	3	2210
3349	3	813
616	3	685
3140	3	1173
493	3	68
728	1	3574
1222	3	1893
1392	3	3225
3436	1	3568
2459	1	3616
3013	3	161
1502	1	3578
1812	3	1637
2532	1	3574
1215	1	3581
1202	1	3569
64	1	3616
1274	3	186
3277	3	691
3129	3	849
1942	1	3624
2816	3	2165
2828	3	426
3006	1	3569
1615	1	3568
163	1	3590
59	1	3600
2537	1	3569
611	1	3569
3057	1	3700
3136	1	3581
1296	3	3369
35	3	2045
155	1	3600
207	3	2145
561	3	2983
711	1	3574
2007	1	3592
2672	1	3584
143	3	2558
3080	3	1735
2398	3	2679
1395	3	1623
3182	3	687
2834	3	2555
2435	3	2794
1185	1	3569
3111	1	3569
377	1	3589
1767	3	1912
25	3	1418
2652	3	2609
2360	3	102
2555	1	3606
3330	1	3641
2989	1	3569
816	1	3574
1598	1	3568
528	1	3725
817	1	3635
2410	3	2454
2520	1	3569
2528	3	1706
368	1	3568
951	1	3589
2227	3	1091
427	3	2981
279	3	2230
475	3	751
2172	1	3568
1029	3	986
674	3	879
687	3	308
398	1	3735
2586	1	3598
3094	1	3569
251	1	3590
3366	3	2236
1632	3	1496
3431	3	720
726	1	3616
2264	3	2145
2768	1	3574
1482	3	1798
799	1	3574
3507	1	3568
722	3	695
2760	1	3584
217	1	3614
3226	3	105
396	3	1245
2503	1	3569
836	3	3160
2458	3	938
1756	1	3585
2815	3	3402
1344	3	687
3360	3	1204
3545	3	1316
1273	1	3569
297	3	2031
1395	3	818
2155	1	3568
2124	3	3397
1710	3	3169
2169	1	3584
3452	1	3590
1002	3	3392
3104	3	3087
1844	3	3123
1720	3	1146
1641	3	937
117	1	3588
3449	3	521
3526	1	3609
466	3	1444
1645	3	1460
3043	1	3593
2407	3	376
63	3	1698
1160	1	3569
483	1	3626
1813	1	3593
648	1	3593
230	1	3578
294	3	384
156	1	3570
3451	3	3012
1256	1	3569
1045	3	1645
2729	3	6
3531	3	1987
36	3	691
1180	3	3350
148	1	3580
2856	1	3574
694	3	2815
1246	3	3194
1549	1	3649
1662	3	3335
3079	3	1613
362	3	1804
1418	1	3612
2543	3	3273
1012	3	2275
3148	1	3593
3331	1	3600
1394	3	3221
922	1	3584
1546	3	2422
2007	3	1678
2242	3	2658
2327	1	3601
2848	1	3584
2185	1	3657
2145	1	3655
2981	3	2652
367	3	136
261	1	3570
2694	1	3689
1648	3	3094
1340	3	1611
3240	3	2170
2726	1	3584
3402	3	1849
2643	3	2497
1143	1	3569
2432	3	692
509	3	3463
1035	1	3574
3184	3	1613
367	3	3519
594	3	1682
3308	1	3574
2312	3	3402
3087	3	3437
3322	1	3590
1077	3	2273
1300	3	1929
2411	3	1835
2313	3	3463
1392	3	460
2451	3	204
1596	3	2707
2839	1	3574
1709	3	1758
2990	3	2261
179	1	3602
954	1	3637
884	3	1417
1101	1	3603
3414	1	3605
97	1	3604
2411	3	2774
1309	3	431
392	3	1559
2960	3	1701
1142	3	1460
293	3	1417
1833	3	331
492	3	3463
1294	3	3545
3070	3	2881
196	1	3578
1018	1	3574
2423	1	3591
1492	3	3067
2963	3	120
2597	1	3604
54	1	3634
180	3	2941
691	3	1901
1013	3	592
1446	1	3639
1002	3	493
818	1	3570
1710	3	270
23	3	1019
2926	1	3917
3379	1	3598
3394	3	2603
2640	1	3571
2926	3	3209
2414	1	3570
3135	3	2304
712	3	3360
1972	3	1072
846	3	2560
1175	3	2119
742	3	1072
1512	3	152
3232	3	1611
3410	1	3590
3241	1	3618
2972	3	2005
475	3	3463
3110	1	3581
2927	1	3574
1001	1	3574
425	3	3157
267	1	3602
398	3	3110
687	3	3020
897	1	3584
1567	3	2352
333	3	1075
2223	1	3584
1300	3	1124
1576	1	3605
2845	1	3576
2644	3	3237
3088	3	2693
3299	3	1778
3320	3	1076
3308	3	2815
3532	3	3077
793	3	2142
2856	3	2441
13	3	2815
1575	1	3574
2219	1	3572
2063	1	3612
2380	3	1573
2680	1	3582
614	3	2658
2722	3	561
2511	1	3591
2466	3	960
3473	3	1068
2731	3	2096
55	1	3614
438	3	1829
1157	3	2441
1122	3	2640
1557	3	3209
2633	3	2560
361	3	1476
2910	1	3574
3093	1	3581
290	1	3604
1577	3	679
1801	3	941
1025	1	3637
3120	1	3628
3554	1	3591
1651	3	1243
1710	3	3437
1896	3	745
640	3	376
2960	3	1835
2422	3	384
1706	3	234
3493	1	3568
2017	3	725
1899	1	3646
1646	1	3598
2202	1	3572
1272	1	3581
3250	3	2880
1464	3	1224
1564	1	3600
294	3	63
1530	1	3624
2367	3	3035
337	3	3237
1714	3	1513
1702	3	3252
2594	1	3569
703	3	646
2607	1	3581
549	3	2441
2486	3	850
2949	3	3367
1629	1	3598
3262	1	3569
1077	3	1602
1558	3	772
427	3	2794
2813	3	125
3481	1	3590
433	1	3585
2723	3	2261
3168	1	3569
1665	3	679
475	3	564
2350	3	2096
939	3	2935
786	1	3581
204	3	105
2071	3	1883
2949	3	1302
2129	1	3590
155	3	2304
2847	1	3596
1829	1	3581
1513	1	3624
1660	1	3590
3067	3	937
913	1	3606
538	1	3585
2773	3	2546
213	3	3303
3325	3	1761
731	1	3660
1988	3	1854
2662	3	2998
836	3	529
469	3	1016
1495	1	3596
1784	3	3169
2210	3	904
2717	1	3606
3164	1	3581
642	3	423
845	1	3681
1970	3	3342
2298	3	2648
1760	1	3568
1096	1	3637
3539	1	3602
526	3	674
1013	3	3304
266	3	2566
1054	3	3367
1230	1	3591
469	1	3572
1278	1	3613
90	3	3427
3372	3	1698
3564	1	3568
1806	3	2790
2896	3	3513
2181	3	1704
3285	3	2462
1392	1	3634
815	3	2803
1512	1	3572
1734	3	2695
2011	1	3709
1414	3	699
2315	3	904
2334	1	3568
607	1	3696
931	3	2935
1343	1	3581
2907	3	2096
3050	3	937
1476	3	3002
1482	3	456
3541	3	3002
309	1	3600
631	3	674
557	3	666
2130	3	3087
39	1	3573
3404	1	3596
790	3	743
120	3	5
292	3	105
2315	3	1843
345	1	3665
634	1	3575
939	3	2130
962	1	3635
1373	3	3238
215	3	3371
2200	3	2347
2665	1	3569
3547	1	3568
2813	1	3596
436	3	491
252	1	3568
3548	3	2749
105	3	86
3239	1	3569
2426	3	51
1230	3	2482
1801	1	3607
185	3	1666
1847	3	1345
2913	1	3574
722	3	3086
1182	3	1736
592	3	1211
2688	3	1045
1507	3	344
2905	1	3584
2237	3	3529
1322	1	3569
1973	3	2454
1020	3	3367
1800	2	3986
2571	1	3626
458	3	3495
209	1	3571
353	3	647
1131	1	3572
1096	1	3771
1072	3	1660
3018	1	3574
1277	1	3686
1566	1	3596
418	3	813
576	3	878
1179	3	813
1607	1	3659
1594	3	3367
1213	3	1728
1784	3	270
2719	3	481
2879	1	3611
905	1	3582
330	3	1698
1727	1	3578
2556	3	17
2994	3	3183
3002	3	493
532	3	481
907	1	3839
1932	1	3634
2578	3	1507
2309	1	3568
3531	3	995
1179	3	1752
1605	1	3578
2427	1	3574
631	3	3252
2888	1	3584
2901	1	3596
1305	1	3569
2982	3	1889
628	1	3626
2405	1	3568
601	3	63
1156	2	3921
1849	3	268
2519	1	3589
505	3	2301
2567	1	3611
3480	3	460
3001	1	3574
3526	1	3569
899	1	3681
2688	3	3273
1986	3	3549
488	1	3568
2925	3	3355
2658	3	2881
1080	1	3596
2869	3	2434
346	1	3624
1410	1	3569
1812	3	3357
259	2	3650
103	1	3644
2318	3	2116
1754	3	1224
1852	3	1316
2292	1	3568
558	3	1211
2105	3	3437
2695	3	3360
2815	3	2544
3433	1	3630
1288	1	3569
1686	3	2406
371	1	3590
1180	1	3574
2290	3	695
2316	3	136
2934	3	1857
3106	1	3574
58	1	3569
216	1	3634
2102	1	3575
3358	1	3591
2769	3	2055
2984	1	3574
1278	3	3015
687	3	3183
3459	1	3600
359	3	679
471	1	3568
2623	3	1160
2515	1	3574
3266	3	1908
1934	3	2956
250	3	78
3495	3	3182
1393	1	3569
3377	3	322
1538	1	3622
2544	3	1507
3085	3	67
660	1	3850
1283	3	937
3465	1	3683
3558	1	3574
1088	3	578
2232	3	3237
615	3	55
1187	3	2421
2167	1	3573
1271	1	3569
3197	1	3569
1359	1	3593
3089	1	3574
54	1	3581
3130	3	2020
904	3	3348
2798	3	1763
1876	3	2318
2967	1	3574
657	3	2417
985	3	2534
3497	3	1698
370	3	3174
454	1	3568
2216	3	2359
2498	1	3574
1988	3	3411
3420	3	1402
929	1	3594
1376	1	3569
742	3	3463
361	3	2578
939	3	2398
1957	3	161
1459	3	611
1834	3	2352
691	3	2198
3255	1	3581
1009	3	1658
3072	1	3574
1705	3	730
1019	3	2079
2312	3	2544
112	1	3593
1222	3	714
1032	1	3738
805	3	2794
1388	3	2815
1529	1	3591
2257	1	3665
51	3	2498
2363	1	3568
2061	1	3646
3369	3	2560
1808	1	3598
2549	1	3684
2753	3	2594
612	1	3585
890	3	1396
1455	3	1730
1546	3	2853
2455	3	3252
1292	1	3637
129	1	3569
1252	1	3635
3026	3	687
143	1	3585
1016	3	432
2403	3	1573
546	3	1535
2623	3	1294
3396	1	3646
1729	1	3574
2814	3	2422
114	3	1829
1170	1	3637
1617	1	3612
1869	3	645
2843	1	3589
542	1	3568
1825	1	3574
1947	1	3585
268	3	2663
1839	1	3590
2207	3	19
2595	3	1772
3128	3	578
152	3	2914
1289	3	2261
1316	1	3572
3351	1	3571
3496	1	3624
974	3	466
805	3	1639
1791	1	3598
2179	3	2014
1057	1	3626
267	3	188
983	1	3618
2589	3	2449
2838	3	1546
2515	3	2441
3343	1	3581
3010	3	3545
500	1	3602
2644	3	135
2605	3	3132
3210	3	1835
436	3	2398
1546	3	1698
3221	1	3581
1476	3	2815
1712	1	3574
3423	3	1645
2780	3	2796
1300	3	266
1704	1	3584
365	3	2882
760	3	2695
2145	3	725
3329	3	942
742	3	564
1326	3	3090
1517	3	599
1970	1	3617
2699	3	960
1596	1	3600
966	1	3618
1413	1	3593
2262	1	3636
2696	1	3599
3326	1	3581
1113	1	3584
1915	1	3666
1586	1	3754
3521	1	3569
630	1	3568
1648	3	2720
2209	3	2914
1695	1	3574
252	3	3427
1153	1	3616
1929	3	2640
3052	3	2706
779	1	3599
3244	1	3613
973	3	1909
1316	3	3402
1986	3	1134
1072	1	3679
725	3	564
2638	3	1697
2972	3	3375
1961	3	1754
2224	3	2223
162	3	86
1278	3	250
68	1	3680
261	3	1929
1700	1	3569
3380	3	699
3383	1	3589
649	1	3609
1395	3	578
2379	1	3590
2833	3	3348
1015	1	3636
1966	3	86
377	3	3371
1378	3	2672
2454	3	878
3047	3	1320
2975	1	3596
3226	3	215
3422	1	3571
1223	1	3609
2492	1	3580
462	1	3590
2192	1	3571
1398	3	1626
799	3	1286
1488	1	3581
2828	3	670
1095	1	3681
754	1	3609
1384	1	3591
2259	3	3549
2385	1	3646
330	3	2450
2957	3	423
2990	3	3176
1683	1	3569
2275	3	2333
270	3	1370
2070	1	3571
2820	3	135
198	1	3646
679	1	3570
1783	1	3574
549	3	2522
905	1	3745
2258	1	3600
2644	3	1924
1316	3	1658
567	1	3590
3332	1	3613
3512	3	2995
383	1	3731
2262	1	3770
2547	3	3556
2001	3	1187
637	1	3604
3377	3	2229
2584	3	63
1367	1	3591
555	3	679
904	3	1872
261	3	1124
1583	3	1337
2394	1	3643
885	1	3636
2247	3	161
2588	1	3570
1006	3	1578
2471	1	3568
211	3	465
1211	1	3604
1841	1	3586
2032	3	623
1396	3	3187
3044	3	2850
1573	3	135
850	1	3599
1467	1	3569
799	3	3514
214	1	3719
2515	3	1770
2254	1	3585
3537	1	3591
836	3	21
1880	1	3568
428	1	3590
3163	1	3574
3560	1	3581
1424	1	3599
1274	3	564
1512	3	2006
1370	3	2816
3437	3	2273
402	3	1751
964	3	1797
2185	3	56
1002	1	3590
3120	1	3604
801	1	3704
2406	3	1929
1463	1	3581
1450	1	3569
1169	3	1853
2285	1	3577
3170	3	1865
2048	2	3905
50	1	3574
873	1	3631
3159	1	3586
1007	1	3585
2254	3	3257
2559	1	3568
633	1	3568
458	3	1698
2664	1	3619
1555	1	3569
385	3	1751
2426	3	2576
2628	3	3049
348	3	1457
1326	1	3662
245	3	2827
2437	1	3568
1199	3	2167
1948	3	2761
1848	1	3649
2019	3	3216
2295	1	3624
929	3	2140
1719	3	1134
3359	1	3569
1968	1	3568
2633	3	1381
3529	3	2774
216	1	3581
84	3	2441
38	3	821
2140	3	1270
2095	1	3593
616	1	3568
2589	3	1912
1400	3	3491
217	3	1436
1178	1	3614
428	3	2831
513	1	3831
1538	1	3569
3352	3	2149
646	3	3252
147	1	3568
1258	3	1857
2420	1	3568
2969	1	3602
2648	3	1073
2845	3	1288
1702	3	1134
2392	1	3843
1190	1	3568
1951	1	3568
3234	1	3574
3130	1	3584
3452	3	658
2302	3	2444
254	3	1679
2801	1	3672
721	1	3568
1641	3	376
2417	3	1017
618	3	494
51	3	1156
571	3	533
1749	3	135
1341	1	3704
973	1	3585
473	3	1751
119	3	913
969	3	2707
1275	3	1833
1382	1	3767
3497	3	1645
1161	1	3614
1292	3	3122
1667	3	2036
2865	1	3609
2862	2	4045
3469	3	2533
285	3	1671
1814	1	3649
2934	3	3443
3487	1	3601
1891	1	3574
1261	1	3592
1032	3	2792
957	3	279
2464	3	2856
3217	1	3574
3168	3	3402
598	1	3665
3550	3	376
704	1	3568
74	1	3586
1880	3	2785
1626	1	3569
2140	3	465
116	1	3710
1464	3	2273
2844	3	102
3513	1	3571
2767	1	3581
2260	3	384
21	3	2110
1300	1	3574
1380	3	699
2815	3	2036
1158	1	3630
1666	1	3601
2249	1	3622
2198	3	3184
1252	1	3582
373	3	2075
2679	3	3108
2706	3	3155
3296	1	3588
645	3	2359
2949	1	3618
3536	3	108
1874	1	3574
627	1	3622
2499	3	3018
1170	1	3584
3170	1	3592
1779	1	3591
668	3	2068
687	1	3568
2126	1	3591
1537	1	3672
2451	3	3026
1815	3	3146
462	3	847
2592	3	3094
1283	1	3574
609	3	813
1649	1	3601
3437	3	1833
501	3	818
1979	1	3574
53	1	3574
1425	3	558
2056	3	1146
1795	1	3715
134	3	6
3202	1	3645
792	1	3568
3453	1	3601
1857	1	3574
2037	3	2956
3299	3	369
2885	3	141
611	1	3626
646	3	703
1388	1	3574
2237	1	3617
1055	3	1639
3157	3	425
3362	3	3278
300	3	3238
1064	3	3174
683	3	2289
1978	3	1701
3192	1	3574
345	3	3471
806	3	3481
3471	1	3581
1962	1	3574
1696	3	3234
1177	3	3164
2578	3	2422
2405	2	3954
1840	1	3574
63	3	2560
1298	1	3616
1546	3	2934
1903	3	3146
1371	1	3574
3258	3	2504
1315	3	3288
2628	1	3594
141	1	3574
332	3	611
693	1	3600
1845	1	3569
322	3	765
3042	3	2935
1038	3	2578
1945	1	3574
2720	1	3609
177	1	3639
815	3	1758
1021	3	2952
1127	3	2855
2867	1	3575
311	1	3593
620	3	1046
1029	1	3599
3382	3	2976
1791	1	3679
2645	1	3570
3149	3	2663
1728	3	254
2825	3	2952
3180	1	3569
1728	1	3591
1460	3	493
3207	1	3616
3443	3	2421
140	3	1701
1354	1	3574
702	3	2501
1857	3	2815
2856	3	3169
2346	3	3459
1221	3	2935
524	3	251
124	1	3574
1267	3	38
914	3	951
1200	1	3679
2832	1	3568
2386	3	1418
428	1	3753
1006	1	3573
635	3	3182
1804	3	704
1828	1	3569
1881	3	2720
373	3	465
618	3	1112
1671	3	3402
1969	1	3637
894	1	3593
979	3	1673
2967	3	802
1459	1	3574
2137	3	3260
2544	3	2422
3387	3	1658
1219	3	2675
3038	3	668
2039	1	3651
1011	1	3568
3446	1	3581
3513	3	694
2186	1	3617
230	1	3635
1438	3	3100
1326	3	138
2069	1	3615
2666	3	564
1907	3	67
107	1	3574
882	1	3609
1191	3	1062
1365	3	109
1409	3	517
2033	1	3574
2810	3	939
2504	3	679
1177	1	3602
2327	1	3658
1654	3	3402
1699	1	3589
1442	1	3574
2286	3	2887
3067	3	376
2207	3	2678
1474	3	3312
2726	1	3641
2695	3	3470
212	1	3574
2799	3	262
994	1	3568
1296	3	1816
3037	3	1704
63	3	3044
3177	3	802
209	3	3511
2499	1	3590
2816	3	1551
2856	3	2364
2635	3	2564
1555	3	3054
1019	3	550
266	3	2005
179	1	3659
1458	3	2434
1582	1	3584
130	1	3606
1982	1	3598
939	3	1219
957	3	2186
2487	3	679
2312	1	3571
2760	3	1569
3020	3	765
1236	1	3867
3050	3	376
344	3	295
1763	3	2438
2420	1	3731
2856	3	270
3086	1	3575
1224	3	2454
3135	3	1422
508	3	2304
1027	3	1829
1204	3	2130
3473	3	2869
791	1	3580
2422	1	3617
234	3	1383
458	3	1645
925	3	197
261	3	266
1017	3	1172
1713	1	3581
2102	3	3357
3289	3	3010
3562	3	1456
1084	1	3660
3354	3	2422
3491	1	3584
2264	3	592
3546	3	3402
2388	3	125
2440	1	3624
671	3	674
1189	3	1104
72	1	3671
2335	1	3603
556	1	3569
2193	3	2796
2706	3	2968
2687	1	3568
514	3	1047
441	3	1645
821	3	1924
619	1	3624
739	3	1370
3135	1	3604
206	3	120
1396	1	3572
1521	3	2273
1575	1	3631
3337	3	2422
986	3	375
814	1	3612
3021	1	3711
3535	3	799
1768	3	1278
2695	3	571
2078	3	3428
246	3	152
679	3	2919
1121	3	2636
732	1	3614
1225	3	2434
1166	1	3577
2614	3	3488
2946	1	3672
465	3	769
3140	1	3599
926	3	1924
933	3	2792
539	1	3569
1230	3	3210
2189	3	2751
2945	3	1213
1461	1	3570
1789	1	3630
2670	1	3568
2948	3	1379
70	1	3569
1812	3	2446
1517	3	3392
18	3	626
295	3	2275
1453	1	3580
15	1	3618
705	3	3464
3157	1	3575
2993	3	2366
3382	3	561
1588	3	3258
109	1	3570
1937	3	1451
2699	3	720
1734	3	2618
578	3	1698
2929	1	3672
297	1	3599
921	3	2437
3511	3	870
2787	1	3728
1684	3	1959
2823	1	3590
1274	3	1345
1476	3	481
3437	3	2935
250	3	1611
414	1	3574
2989	3	102
3041	1	3601
547	3	2995
468	3	2786
2294	1	3617
3371	1	3574
3499	3	2794
1158	1	3577
1258	3	3443
2302	3	647
2401	1	3581
3539	3	3197
2845	2	3992
594	3	1068
3126	3	1310
2259	1	3637
39	3	344
3061	1	3719
1702	1	3613
323	3	609
22	3	2438
188	3	1731
627	1	3569
2019	1	3574
1398	3	3480
2099	3	699
2143	3	1107
1924	1	3591
3401	3	979
283	3	371
559	3	1414
1550	1	3574
2044	3	1893
3436	1	3572
3536	3	3438
2020	3	3119
2124	3	2917
397	1	3574
301	3	1721
2167	3	1395
1141	1	3577
303	3	1224
501	3	765
1578	3	1476
1794	1	3601
841	1	3568
2230	3	140
2447	3	3153
692	3	1893
469	3	1073
2330	3	2044
2722	3	1102
2616	3	2165
2639	3	3352
3452	3	1089
155	1	3604
1751	3	658
564	3	96
3086	3	1637
1272	1	3772
986	3	1798
2489	1	3581
3002	1	3753
3437	3	2130
3480	3	33
375	3	945
1401	3	2434
1997	3	3221
2092	3	1305
2288	3	2078
1230	3	1250
3411	1	3582
121	1	3628
2020	1	3581
2795	1	3616
339	1	3639
1452	3	121
3329	1	3584
788	3	944
3258	3	1512
1480	3	3229
691	3	2576
739	3	699
2953	3	2421
668	1	3581
793	3	1528
1890	1	3591
3342	1	3569
2469	3	3488
3538	3	2725
3189	3	1909
1665	3	870
214	3	2586
2014	3	2416
2994	1	3568
2981	3	2522
149	3	1305
2074	3	699
571	3	2253
2161	3	3136
2003	1	3581
3183	3	1658
543	2	3838
3474	1	3852
807	1	3568
177	1	3586
2090	1	3574
1001	3	912
469	3	268
2138	1	3596
2304	3	1798
1535	3	880
1156	3	2352
1621	1	3574
1077	3	2143
1399	3	642
2403	1	3568
847	1	3600
2877	1	3590
3056	3	1221
441	3	2263
659	3	964
2282	3	436
1322	1	3626
3226	3	109
3325	1	3569
2968	3	416
1740	3	1845
465	1	3593
3534	3	811
145	3	2424
53	3	695
2977	1	3568
