0	1164 708 670 36
1	2503 2127 2333 2383 1756
2	1777 1484 108 259
3	1022 1021 1027 717 454 1023 1052 648 963 244 397 246 73 1035 970 1020 1029 404 430 966 247 964 1024 248
4	986 1481 1084 997 176 1273 407 319 279 414 767 697 474 270 1181 1014 1952 436 300 796 367 1545 1746 1347 617 177 1191 2657 256 330 1631 928 987 2215 236 459
5	3203 2862 3341 3110 3399 2956 3369 3109
6	1149 1895 1783 1703 32 880 1222 1707 1347 1649 1750 1705 1860 1612 1863 45 1777 1734 1673 1221
7	2432 2162 2370 2413
8	2519 2245 2483 2503 2436 2469 2411 2487 2539 2586 2405 2533
9	2265 2464 2508 3073
10	2455 2233 964 1749
11	2166 1867 2894 2981
12	2863 1590 2778 2854
13	2386 2212 1724 2117
14	1693 2784 2999 2050
15	1527 732 743 739
16	2286 2464 2280 2283
17	1284 1635 1565 1340
18	3038 3257 3035 3530 3071
19	2917 2955 2269 2892 929
20	895 2079 525 2224
21	1468 337 1488 1192 169 1222
22	798 247 1421 2
23	2373 749 1735 129
24	2413 2469 169 2144 2370 337 2514 2161 1924 1672 522 643 2271
25	3130 3521 3479 3533 3507 3415
26	3138 2245 2215 2144
27	2050 2144 1145 2245
28	2737 3008 2952 2911 2662 2955 2948 3010 780 2722
29	3304 3428 3143 3537 3341 3472
30	648 1883 3150 649
31	839 2534 3228 1113 968 3296
32	2286 1674 2612 2461
33	2263 2234 2271 2224
34	176 2136 821 2173 2126 1598
35	1944 1940 487 279 1490 860 727 1923 459 474 2548 3138 1953 596 507 528
36	111 2661 2840 806
37	1897 2787 2423 2367 2524 2919 1107
38	2447 433 1452 1391 1036 272 1062 1618 2621 1602 429 1118 305 2505 735 82 1053 271 1054 1002 1353 745 964 1505 1693 718 2072 3076 316 1862 73 649 112 265 1055 2527 1104 648 1093 651 275 719 274 1600 273 424 1983 428 1421 1095 716 650
39	273 651 274 491 2900 2335 1095 650
40	957 1618 1880 1998
41	2350 2383 1200 2271 1777 337 2050 2144 1210 1673 2338 2422 2432 1198 1199 1672
42	2386 2370 2576 2329 2416
43	2422 520 2338 2108 930 2215
44	964 1909 2328 1253 1505
45	920 2257 1657 1890 610 633 628 551
46	2173 687 442 3055
47	214 558 705 1614 1152 601 545 1582
48	89 94 2408 1278
49	2271 2239 2373 2432 2114 1966 1735 1799 1812 2998 2612 2144 1570 919 2338 1919 2344 2886
50	1658 28 699 322
51	2628 2848 2575 2338 153 2482 2904 2650
52	169 2265 347 222
53	347 1044 1658 1735
54	2570 1636 1199 2547
55	1251 2224 558 2635
56	3566 3543 3555 3281
57	2141 1578 2565 1922 2124 1972 2161 2050 1695 2658 1282 1970 2273 1357
58	2627 2744 2411 2338 2409 2673 2215 2682 2399 2463 2676 2516 2708 2658
59	3 429 428 1057
60	678 397 3296 950
61	2229 2054 2419 2272 2161 2405 845 2410 2394 2224 2383 2358 2215 2108 1993 2156 169 2418 2411
62	1136 2111 1709 450 2177 535 479 1710
63	81 141 606 66 1364 2448 1243 506 1609
64	825 2745 2917 1052 557
65	794 244 1076 664 325 385 1693 12 248 479 984 1056 2780 2257 255 568 2393 2728 788 1161
66	798 788 556 1114 486 20 578 649 797 994 115 558
67	3296 3369 3363 3362 3131 3547 3516 3317 3301 3515 642
68	1790 240 1836 2399
69	1863 1777 1855 1748 1756 1924 1660 1850 1881 1588 1899 1646 1694 1707 1528 1840
70	2643 2046 2224 2271
71	1736 583 1724 1819
72	983 752 213 1334 2968 3414 1983 753
73	1528 2303 1797 2202
74	1836 1353 746 741
75	579 2265 993 2383
76	2280 2464 459 1253
77	1045 969 994 130 880 288 459 109 563 876 797 772
78	1594 319 1726 579 261 774 1636 1699 322 279
79	2162 1888 2065 2386
80	1819 2096 1909 540
81	1774 1315 214 1956 1880
82	2464 2408 2365 1118
83	3012 3291 3298 3428
84	3533 2858 3567 3214 3388 3532
85	3379 3537 3378 3356 3329
86	1820 3396 2628 2778 3133 2338 2904
87	2025 341 411 2246
88	1600 1544 1481 1512
89	1848 2465 1253 1267
90	1582 105 920 1109 459
91	2935 2917 2979 1966 2884
92	2511 1583 2057 2071 2118 2244 1813 2290 2389
93	2523 2621 1195 2702
94	636 156 723 2959 581 888 391 1677 577 658 1035 1216 712 576 1656 407 1952 2894 1248 737 154 2435 2781 793 1913 268 3195
95	2413 2390 2144 2457 2483 2533 2350 2419
96	356 357 1199 1546
97	2123 1991 1828 2035 579 1192 2229 28 1191 1070 2243 1481 2558 2371 3150 164 2222 2581 1726 626
98	1973 1972 1890 2035 1820
99	3408 3165 3286 2628 164 3124 3415 2998 2626 2108 2698
100	3369 3201 3238 3233
101	3369 2993 3113 3009 1955 3209 3087
102	1958 1972 2005 1966 1992
103	2223 2301 1911 2683
104	822 911 315 1163 468 397
105	798 1036 704 1002 1249 705 1602 1873 1501 247 793
106	3105 459 520 499
107	1893 2184 2164 598 1813 1224 2206 2147 1857 327
108	1817 2079 1672 1909 1791 934
109	2161 2057 2164 2432
110	994 249 324 56 220 1046 668 419 666 780 287 776 1159 1825 761 1477 1533 793 506 239 824 372 695 140 1013 397 1929 3414 1133 1878 274 245 962 637 664 669 263 2269 653 1620 651 826 618 247 430 176 1505 661 665 636 1002 416 667 1806 1985 273 2045 415 1656 821 663 244 874 315 1114 1172 468 1746 378 1023 2617 248 614 371 1078 1012 1077 1071 1132 789 3060 649 1942 616 797 1795 374 312 784 130 650 2111 53 834 305 373 418 3 154 283 785 375 862 332 606
111	1791 1352 2096 1819
112	2922 2742 1619 695 3090 1752 2154
113	1426 1146 1839 2224
114	3392 3491 3437 2257 176 3474 3226 3354 3448 3480
115	1809 1969 1978 1355 2046 1881 580 1700 2051 1935 1773 1934 1924 1495 1955 2002 1468 1949 1887 1891 2001 2124 1966
116	845 116 1341 1384 127 875 838
117	2541 1974 1966 697
118	2998 2886 2847 961 3163
119	1546 1337 2267 1014 764 1376 580 1841
120	2411 2432 2422 1376 2413
121	787 2588 1171 1481 1308 1447 714 1570 2123 721
122	2381 2236 1973 1828 1599 2243
123	2957 2885 3521 2981 2594 1981 3103
124	3451 3519 3213 3212
125	433 1137 92 915 259 107 294
126	2021 484 1225 672
127	2874 1956 3543 2320 1506 2438 1290 3305 2139 3316 1843 2360 2489
128	2127 1192 2144 2234 1756 337 2136 2236
129	1557 1795 967 312
130	2105 3069 2044 1219
131	1735 961 1799 1733 1688
132	1688 1964 2160 2483
133	1007 118 2161 2164
134	1816 1948 416 450 1394 398 431 1733 426
135	2629 2698 2827 2879 3089 3 2957 728 1668 2396 2737
136	2222 1199 13 2280 360 2324 1147 2361
137	861 632 558 1532 808 1909 2173 273 372 3 648 2043
138	55 535 2562 2111 2700 2662 2981 2639 2096 2882 2505 2255 2583 2464 1983 397 1988 1013 3032 2106
139	2268 2648 2383 2658 1688 2650 2596 540 2612 2462 2611 2765 2522 2598
140	448 475 1362 994
141	2535 2221 2542 2373
142	2422 2324 2338 2383
143	373 780 273 961
144	1439 1300 1693 1680 1901 248 2629 150 245 983 244 737 1489 142 2347 790 315 250 3 1963 740 2676 255
145	2050 1705 1700 1555 2245
146	847 477 1908 964 2161
147	2156 2215 2124 2288 2173
148	3463 823 3178 3552 3429
149	1533 2021 438 3291
150	742 2091 2246 2150 1582 1653
151	2538 2545 337 3105 3103 3163 118 941 1611 591 3420 3270 3156 3114 1078 169 3161 1067 3194 2704 2576 2241 2162 3427 1546 3487 3176 2989 2936 2623 3130 2505 2419 3358 3084 2887 2655 1890 2117 1909
152	797 1316 1002 3 446 1990 2455 648
153	2714 1695 168 2652 894 1688 540 2535 1565 2625 2650 2611
154	2265 166 2019 2383
155	2249 2313 2147 2164
156	692 609 1531 1672 1909 1888 1662 1779
157	3353 3453 3463 3448
158	416 1732 1722 1942 2063 2139 1956 579 2561 2515 1070 1423 1728
159	556 552 549 554 553
160	3399 2812 652 3388
161	1192 2618 1070 1673 360 1719 217
162	3497 3528 3319 3507 3036 3110 3111
163	3246 3392 2992 3448 3501 3159
164	1350 24 205 210
165	826 925 2113 2366 3346 1377 913 776
166	1198 35 28 995 1213 1 41
167	2532 2504 2499 2637
168	2618 1071 552 1161 3414 315 979 424 2693 551 1746 771
169	675 1923 1308 1414 128 1775 2095
170	1167 566 416 569
171	2759 2080 3010 2865 1329
172	2422 1199 1890 2126
173	469 2265 2602 2246 2691
174	1497 1672 1819 1257
175	2516 2629 2856 2647 2475 2399 2745 2712 1251
176	1565 2462 1530 2405 1522 1337 2350 1887 2539 1695 2541 1799 2422 2136 764 2657 1636 356 1991 179 178 1014 1969 164 1828 2081 347 1070 1481 2596 355 459 1045 2436 1950 2658
177	2687 471 450 398
178	226 1480 1310 1823 506 1833 844 1218
179	542 1496 2061 677
180	3200 2689 3005 2208 2926 989 2 3114 527 1133 2712 164 2830 1986 3165 0 3128 1078 2479 822 516 2440 166 1254 806 1477 2289 3174 1253 482 219 901 877 3122
181	2295 2298 250 2094
182	179 2356 2446 2280
183	637 572 146 313
184	1635 1415 369 561 1856 2144 1191 2127 1566 1192 1777
185	3253 3523 580 166
186	2285 1672 1607 2235 341 2200 1819 1888 1675 2184
187	1891 2245 2070 2238
188	3118 2947 3409 2508 2661 3408 2964 2826 3162 3540 2524 2622 2025 3151 2918 3216 3169 2912 3021 3403 2686 3351 2689 3079 2077 2718 2497 3192 2630 3076 2838 2228 3270 3438 2629 2919 2107 3077 3327 2516 1720 2764 1248 1689 2676 2296 2792 2610 2697 267 3107 3353 2719 3031 2408 2946 2922 2412 2309 2827 3311 2574 605 2785 39 3305 2164 3176 2583 2569 1247 3056 3543 2977 53 2931 2824 2367 1074 3371 2206 2942 1914 2280 3011 3404 2314 2488 820 3338 2133 1906 3474 3539 2996 2184 2882 827 3354 3152 2241 3042 3099 2823 844 3355 2965 293 593 3159 3448 312 3261 2601 2526 2717 2255 2665 2732 2091 3465 1747 2173 2633 1644 3174 2865 2840 3224 3281 3004 2505 2679 2846 2702 2939 2958 2944 3221 311 2644 87 2873 1442 3258 3223 3487 3246 313 2787 2825 3430
189	1366 1745 179 178
190	2419 1546 1966 2432 1695 1777 2422 2050
191	661 149 1091 862
192	696 1329 1774 1608 1598
193	59 892 1489 58 944 921 53
194	754 1799 1118 2246 741 1828 2255
195	48 49 1408 706 305 1317 82 162 378
196	2536 2413 2372 2402
197	360 1292 1009 1007 509
198	2311 3386 3522 218
199	2201 1313 741 2598
200	1833 1951 979 1302
201	1937 1582 1971 2200
202	1665 2272 2201 2131 1606 2563 2114 443
203	546 1222 1191 1528 1336 35 1155 169 362 1228
204	2246 1545 2216 520 961 2540 459 2542
205	1469 1790 749 1111 1353 602 1986 558 1708 1689 2246 1544 1814 593 2598 741 845 1653 1526 1730 754 1853 1582 239 1505 1844 2486
206	923 946 1688 1484
207	353 126 365 333 1565 2591 577 1174 1935 43 1219 2081 541 1840 1470 23 1203 336 2141 364 590 1233 1228 679 1917 1547 334 1145 1204 1476 465 363 1202 38 1424 32 2276 27 26 369 35 349 1359 41 560 169 1119 70 1773 811 1363 67
208	551 1175 226 777 107 239 2710 2597 2990 2119 422 217 403 218 549 1016 263 968 901 2264 1116 1832 2614 237 440 991 260 970 986 1576 1326 1858 536 555 889 1167 468 236 2455 219 2020 519 2174 989 3130 1182 893 797 652
209	2712 3047 2617 707 2817 3249 652 3048
210	1336 337 1673 169 2419
211	816 468 276 615 1151 448 1161 1046 1013 979
212	2748 3426 3386 2804
213	2350 1635 106 1147
214	2870 2890 2854 3069 2908 2845 3124 3037 2940 2884 3116 2899
215	1966 337 368 1812 3439 2372 1891 1337 2714 2908
216	1848 554 1451 798
217	3151 3176 2742 2526 2341 670 2264 2625 176 758
218	1514 2845 815 395 2166 3009 355 3505 890 1213
219	3 768 249 947 2435 2269 219 2601 983 1859 531 213 2491 1747 1514 1772 1505 2119 2289 218 2507 2257 2820 263 592 1963 2264 255 430 250 451 262 1576 2488 244 204 2311 1471 397 1771 930 874 107 2629 2319 1078 2204 236
220	3278 3047 2813 2869
221	2123 2095 2214 1777 2144 2234 2265 2156 2125
222	1945 1457 5 413
223	3100 3121 3495 3470
224	1217 1505 1776 1780
225	2373 2564 749 2404 2659 2284
226	3043 3105 3396 3397 3138
227	2583 8 2680 1625 2723
228	2724 3498 2625 2658 23
229	2405 544 2466 2432 2338 2462 1588 2419
230	3221 1009 3305 900
231	2338 2466 2627 2432
232	2389 960 1673 2370 2386
233	2489 2722 139 3007
234	663 1927 3142 3169 1037
235	2025 336 1673 1221 168
236	2178 2705 2483 1777 1767 2390 2496 1797 2050 337 2317 2419 2202 1969 1750 2413
237	3533 3186 520 3506 3146 3212
238	248 984 249 213
239	2256 2375 2432 46
240	632 660 410 409
241	2410 2245 2234 36 2303 2570 2541
242	799 188 1563 1020
243	2163 2284 1232 1290 2015 2581 2195 2676 2313 2492 2464 2450 135 2754 1227 3011 360 2694 2285 2605
244	3150 3105 844 994
245	2794 2477 2662 490
246	1843 2964 856 2698 2686 2518
247	1026 1028 652 969 1029 1909 555 961 965 2072 1027 259 609
248	461 529 472 453
249	3333 3361 3105 2216
250	1586 1578 1756 1145
251	16 459 492 797 515 1226 499 821 2053 749 1980 84 1544 1650 485
252	2767 3182 3163 3187 3186 2943 3103
253	2629 983 1439 213
254	2156 1198 1850 368 1488
255	788 3094 1398 772
256	3249 3224 3290 3311
257	3173 2240 1914 2205
258	1777 1819 1700 540
259	2980 2473 827 855
260	2409 2503 2225 2469 2539
261	3464 3314 3400 3390
262	2390 2560 2454 2422 2429 1565 2419 2331
263	2250 1047 217 790 1354 416 3299 1692 947 315 1639 18 970 1079 1159 771 1885 979 886 1002
264	2544 2204 2917 2604 2657 2876 1726
265	2598 2583 2581 2576
266	2932 1224 2244 1934 2206 2079 2290 2151
267	558 594 806 2096 637 1477 619
268	2746 2464 143 2252 2458 2061 2026 1869 1909 2057 58 780 2288 778 2693 3007
269	1631 3261 2556 2991 2524 1158 1675
270	1111 754 2091 2006
271	1379 1946 2910 1514
272	724 518 1832 20 942 1112 650 224
273	3167 2845 2127 520
274	2432 337 2422 1337
275	1546 1837 1597 2127 2245 2161 2432 1970 1819 2278 1524 1381 2332 2413
276	1970 169 1546 1194 15
277	526 2030 290 2742 2635 2164 245 2208 636 789 2556 606 2722 1184 2704 677 2228 637 397
278	668 249 2568 1770
279	2147 1844 2153 2218
280	2682 2884 1499 2628 2744 2636 2935 2613
281	771 1048 797 3182 772 1286 1018 527 411 305 1413 422 2455 552 1953 550 806 553 204 1878 812 1362 556 3094 1078 551 2479 994
282	1690 1565 1191 1192
283	2229 2271 2263 2234 2067 2238
284	1303 1938 146 1666
285	2891 2201 2673 987 1636 2003 580 29 1828 3069 2371 1799 2373 1950 2998 2123 2478 2054 1991 1014
286	875 1805 1366 659
287	384 3298 2885 3105
288	3357 2712 2718 2955 2246
289	749 593 746 754 700 1118
290	2992 2639 2723 3261 2827 2742 2716 2583 3156
291	1986 1409 2489 1971 2397 1416 2440 1790 1730
292	2405 2468 2555 2503 2483 2519 2469
293	21 2655 337 1673
294	2305 2917 2160 766 1388 2753 135 1758 1799 165 560 2496 980 1221 2049 132 2159 2222 19 1198 2381 2877 2300 2432 1284 2483 1738 2560 2193 2273 1654 2482 1498 2254 2658 1146 1530 2855 2454 2256 225 2115 2593 362 2123 2317 2653 2234
295	2854 2268 2769 1580 2890 2383 1812 3138 2136 2982 1699 2067 2845 2709
296	1192 2432 2422 2350
297	3317 3379 3115 3249
298	3540 1035 3554 552
299	2824 2712 3162 2892 3141 2865 3119 3008 2836
300	2571 2785 2492 1842 2836
301	1924 2418 2432 1881 1376 2159 2330 1966 2110 2413 2317 1993
302	2610 2672 1742 1975 2666 1503 2360
303	2482 2413 2332 2422
304	3356 3363 3416 3336
305	834 670 382 278 2710
306	2482 2476 432 2436
307	2317 2454 1777 2271 1546 2413 1192 2432 1191
308	2632 2943 1210 3365 1880 3060 3086 546
309	14 1673 763 1966
310	2870 1375 1777 868
311	1653 2200 3103 2408
312	3298 3258 1068 3241 3430 3286 3284 3162 1414 2550 3443 2771 2252 2836 3427
313	2410 1919 2422 2462 2224
314	2946 2856 2986 3163 3010
315	2655 169 2565 348 2989 2425 2419 1890 2650 44 2203 2536 2273 1695 337
316	153 25 22 978
317	2404 3094 2758 1779
318	2284 2286 2845 2317
319	2655 30 2303 46 1199
320	1786 2627 1499 2650
321	2329 2145 1724 2161 2206
322	2422 299 337 1421 2765 378 3244 2379 982 1915 2815 423 1192 307 1411 195 2123 621 319 846 310 439 854 839 1173 179 320 2528 1691 1538 2899 853
323	2500 2482 2469 2436
324	1611 1451 2576 2433
325	1054 1029 1862 1056
326	142 797 1406 2242 2693 470 1398 732 150 91 2954
327	1618 932 2690 2759
328	668 661 654 664
329	1313 1088 883 2025 2246
330	688 3465 3463 3487
331	2422 2381 2418 2301 2402
332	1413 781 664 500
333	2496 1819 2539 2469 2593 2588 2292 2533 2493 1673 2457 2560 2591 2483 2432 2189 2536 2503 2586 2584 2454 2613 2407 2570 2422 2474 2482 2519 2513 2487 2555 2596 2547 2436 1777
334	1191 337 1686 1649
335	1826 276 1990 1914
336	1996 1799 2483 1697
337	1618 1689 673 2515 3352
338	2919 2800 2976 2941 2857 2977 2873 2937 1619
339	2529 2983 3358 2406
340	1171 2541 939 100
341	75 2447 649 651
342	321 3275 2368 2818 3077 3320 2390 3023 2581 3288 2220 2793 2824 2785 1191 1013 861 2083 3325 3443
343	3163 1218 3172 2752
344	2010 2444 1102 2669 2260 1135 316 2832 3165 2833 1454 2737 1105 2701 2529 1918
345	2519 1376 2394 1191 2350 2419 2422 2474
346	3507 3368 3113 2790
347	2482 2405 2411 2432
348	2353 2438 2452 2367 2147
349	1167 1013 1047 315 1316 825 1886 1829 1018 1379 612 1795
350	1525 1654 1863 1969 1687 1340 1376 1145 1705 1931 125 1970 1972 1840 1949 1922 1358
351	2005 2121 1734 432
352	2502 2460 1130 2508
353	2462 2870 2541 2410
354	140 956 1241 757 1852 1908 3 1990 503 2227 2399 1187 558 49 1243 2027 732 1244 1328 934 2117 1527 591 1656 2444 2516 2310 1444 1938 2242 50 572 713 927 894 858 739 2057 2745 378 1254 1276 726 615 1675 2047 895 2079 2693
355	3155 2025 2286 3345 3073 2922 2117 2285 2787 3302 3042 558 2266 2413 3517 1611 3169 2968 3281 1661
356	3060 2018 2111 824 2583 1680
357	754 2065 1937 1672 1798 1526
358	856 806 2162 2514 648
359	2537 2605 2370 2568 2212 2525 1817 85
360	1009 600 118 1007 1844
361	1022 972 1787 1031
362	2956 459 3403 3489
363	3237 3296 2853 3278 3051
364	2394 1969 2432 2482
365	2164 2184 1400 1187 1963 290 728 780 1036 1532 633 2228 1118 822 2072 1002 218 594 3 313 1324 768 999 1078 80 1680 249 536
366	3273 3259 2804 3313 2839
367	1745 201 1746 181 499 459 576 3 178 520 198 432
368	376 2048 377 942
369	47 1910 903 1316
370	656 309 1946 2426 2470 907 2025 810 355 299
371	1127 90 392 92 384 439 1021 723
372	2379 2493 2420 2432 2533
373	3555 106 2422 3158 2650 2863 3182 337 2411 3326 2483 1221 2636 3285 2774 2606 2658 1546 2419 1642
374	1826 2161 1888 2162 1662 2248 2126 1253
375	1492 3 53 2316 979 2831
376	522 1663 1582 895
377	1514 1515 1771 451
378	784 549 553 788 2455 771 303 786 789 772
379	198 1345 698 2685
380	3392 3353 3036 3345
381	2422 1546 1209 1145 1695 1528 1191 1192 169 1222
382	60 56 685 1427 1068
383	1522 2265 3244 1479
384	3254 2859 3139 3028 3204
385	851 1089 1078 231 853 905 2649 3231 1075 869 1399 2563
386	994 447 2259 1135 1074
387	539 1792 2204 1134
388	2105 2371 2019 1991 2114 1950 2558 2095 2265 1735 2673
389	1297 1067 1092 1218 449 445 2976 823 838 1609 1361 1684 282 381 1364 1306
390	2202 2051 2178 2046 1993 2230 2160
391	2464 1481 2943 2708 2845 2547 2627
392	1909 1253 2021 959
393	2230 2432 32 125
394	718 1898 2117 964
395	2284 290 913 1238 776 1237 1239 871
396	2520 3060 2473 618 1075 3128
397	1896 2077 2151 2022 1817 1290 1909 1624
398	1812 1746 587 179 1423 36 1227 178 1554 1745 572 579 176 28 1777 432 153 1699 1731 1354
399	2866 3557 3567 3512 3451 3510
400	1546 169 1192 763 337
401	1308 970 1002 580
402	1966 3365 3103 2160
403	28 1565 1228 1446
404	2958 56 3211 2335 0 2515 3487 849 171 2224 3174 2525 2947 2704 2243 2184 2887 914 2284 867 1672 1537 2164 931 3171 2464 283 615 1496 220 3083 1779 558 1823 2678 1661 692 1364 2314 3172 685 2576 2343 1966 2826 1920
405	3085 1546 432 176 1596 2801 407 3138 191 3136 3190
406	1952 1594 2265 657
407	57 3004 2691 2931
408	1688 2057 2050 1660 120 118 1966 1340 1145 2236 1981 1909 1993
409	2798 1332 2882 2623
410	1022 150 2576 2676 1077 2076 2659 2671
411	1844 2050 2235 2266 1777 97 1526 1484 2413 1522 2225
412	516 527 1138 670 1177 788 1078 652 821 784
413	1476 2134 2405 2372 2332 2086
414	1980 1896 1582 1685
415	1720 1769 1962 2050
416	1904 1282 1880 2015
417	273 771 1412 790 549 376
418	3294 3249 3140 3293
419	1866 3156 178 1981
420	2706 2845 2947 2918
421	2416 2511 2329 2495
422	376 1322 162 761 1533 1941
423	922 1896 2077 3173
424	217 3313 3116 521 721 1155 1680 3369
425	2094 1910 1662 677
426	1565 2943 3084 1336 3199 2422
427	2365 2184 2464 2607 2693 2704
428	994 1078 1514 400 551 430 420 784 403 2779 672 1516 1002 1075 844
429	2991 3459 3099 3221 3334 3305 3148 3241 2607 3420 3077 3268 3297 3211 3315 3465 3056 3261 3171 3181 2944 3540 3141 3226 3042 3443 3552 3222 3403 2735 3287 3151 3548 3457 3169 3410 3554 3098 3192 3429 3364 3088
430	194 2184 3438 1746
431	2020 263 2311 1829 885 986 1217 781
432	1437 1942 1832 2562
433	2781 1399 786 1568
434	226 944 2043 1582 1481 1954 961 609 485 1980 2284 2246
435	3039 2978 2204 507
436	1799 2541 2044 2482 2519 2533 2462 2407
437	319 423 309 1745 1065 813 1216 2933 2978 621
438	1611 821 743 845 1616
439	2296 2077 1827 1575
440	290 2147 2213 1962
441	176 178 206 469
442	3048 2813 3294 3386 3395
443	1737 799 804 2011 797 618 176 1123 994 230 216 178 1693
444	2298 2249 2089 1152 2325 2489 1900 2531
445	1044 642 279 1086
446	2676 1107 2489 1118
447	2903 1635 2292 3397
448	1735 2489 1844 1828 1728 2150 2286 1842 2006 1947 2091 2246 1152 1986 961 2787 2531 2147 876 164 1954 3119 1880 2249 906 2255 128 2598 2019 754 2140 1918 2003 1108 1956 2298 1937 2571 908 2288 2218 1526 2551 2480 1875 1600 3193 2737 2630 3222 2262 2581 1582
449	2518 2538 2534 2199
450	3469 3389 3439 3175 3324 3442
451	2405 2413 1565 2409 2422 2317
452	29 603 1632 459
453	1810 615 952 2154
454	2837 3010 2718 2836
455	679 2144 13 1578
456	499 520 3560 432 226 1222 1221
457	2623 706 1463 2258 2670 526
458	1981 2192 2370 1819 2226 2162 2216 2402
459	416 871 417 961
460	1348 1655 1621 1660 2565 1206 1036 1555 1881 2008 1837 1548 1996 2064
461	3521 3189 3277 3307 1513 2161 1750 3105
462	2150 2419 2981 3186
463	1799 1726 1699 1735
464	3173 719 1056 2426
465	2413 2161 2200 2495
466	2745 3010 3346 2892 2917
467	2946 2745 3010 2856 2917
468	3451 3406 2858 3523
469	1477 694 768 677 713
470	983 245 2119 951 248 1963 1439 255 2400 1771 2761 249
471	3380 3369 2676 3323
472	1309 549 947 550 552 555 901
473	952 821 2072 1826
474	1012 994 1529 1013
475	2377 214 1290 2632
476	798 551 1527 2242 271 790 1785 91 2162 2269 2693 2455 788 1451 2096 550 258 85 2702 821 553 555 2530 428 2669 797 3177 834 771 2444 994 2 1896 522 2623 786 552 1981 707
477	1873 1637 1257 1774 696 214 1880 1092 360 1673 689 2050 1427 1253 1788
478	1828 2612 1799 2243 2410 2123 2234 2265 2371
479	472 2931 2337 2712 1505 49 2676 1373 2980
480	388 643 522 934 1928 1688 345 1672 748 741 1908 1253 696 742 1819
481	346 2335 2398 960
482	889 360 824 829
483	1212 522 1210 1191 540 106 1376 1336 1565
484	2164 901 552 550 994 797 732 522
485	244 289 218 248
486	2204 1108 1505 2980 1130 2011 1576 1737 1753 1164 2119 1150 1167
487	3378 2993 3020 3210 3531 2806 2994
488	1087 2452 355 1257 1329 128 1454 2262
489	2035 2156 2410 2230
490	1925 1089 1073 2 2057 844 896 2072
491	2003 3439 3137 3469 539 2819 579 2993 2054
492	0 1000 968 113
493	812 832 806 1709 428
494	2503 2496 1211 2519 106
495	1353 1954 1777 1526 1308 742 1653
496	178 179 572 443 243 580
497	2200 1937 1721 2598 1746 1927 1107 736
498	1009 2476 2454 2626 2432
499	1023 278 969 2980 2832
500	3458 3369 3386 3272
501	2989 1779 2912 1826
502	2546 509 1002 1864
503	1070 3290 3297 3270
504	2144 2229 2070 2306
505	3025 3196 3263 3255 3206 3401 3257 1692 3160 1633
506	1658 2215 2050 2003
507	1791 2378 1801 2042
508	3378 3481 3466 3507 2089 3425
509	961 432 930 459 520 908
510	3545 3341 3461 3479
511	3431 3481 3041 1127
512	2399 2346 2150 2365 2266
513	1672 1503 1888 1817
514	3079 3300 3448 3354 3275 3266 3327 3226
515	2598 2542 1986 1766 1937 2043 1650 1980 1735 2440 1796 2029
516	1993 1703 1969 2046 1840 1530 1949
517	3199 3163 3189 2625 3349
518	2252 3452 2154 2746
519	1703 1524 1584 1686
520	1456 1546 1837 1635 1555 1777 1198 40 32 356 2254 1565 2586 2256 2236 2565 1199 169 1337 338 1673 2306 1376
521	2234 2627 865 1993
522	867 2732 1807 1909 2678 18 494 688 903 2164 170
523	1078 274 315 615 182 616 822 2100 578 273
524	904 1103 788 908 469 961 772 1606 1097 876 812 1128
525	723 391 3503 1757 737 2933
526	1590 556 654 552 2133 553 550 2647 2399 435 551 1118
527	2493 2725 2156 126 2778 2513 2359 2599 1525 2863 2483 2484
528	133 290 2792 820 2686 1290 3024 3241
529	1575 2632 2464 1810 2661 932 1350 2183 2302 2635 2872 3225 2325 2164 2377 2440 1801 2211 2717 2438 1352 2107 1416 2638 2592 2738 1898 2516 2689 1107 2785 605 2826 1807 2281 2672 2605 2489 2212 2173 2792 2298 2666 2610 2485 2133 2172 1662 2840 2568 1618 2679 2800 2437 2205 1573 1977 3007 1118 1637 3187 1844 2518 1689 2986 2270 2882 2346 2288 2931 2704 2607 2266 2702 2675 2498 1372 2280 2678 3128 2154 3163 2880 2360 1782 593 3042 1410 2510 2451 1998
530	2265 2344 302 33 493
531	1565 1381 2432 2474 2483 2476 2457 2466
532	2947 2931 3077 2965
533	2221 3103 2025 2083
534	768 958 2507 1099 2311 1946 2012 626 2289 691 1262 2910 803 80
535	1756 1415 1786 1555 1671 1646 1694 1376 1196
536	2648 2657 2383 2544 2432 2541 2215 2410
537	2753 3167 2943 2877 3043 2845 2482 2908 3037 1660 2483 2903 2643 2848 3084 2960 3103 1192 1966 3397 1556 2774 3365 2795 3116 2720 2714 2940 2904 3182 3396 2230
538	2166 3414 532 1128
539	1707 1850 1924 1863 1892
540	1841 2224 1007 2144 1673 1973
541	2954 0 2693 74
542	384 670 1532 654 1324
543	1067 2124 1191 1092 168 1881 957 2140 2456 1850 2144 1192 1357 365 360 1145 1147 1707 1614 1070 1621 2371 1695 353 1635 169 1074
544	1750 2474 2178 2158 1546
545	2280 2216 2065 2214
546	661 654 668 2310 652 485 666 88 1990
547	1355 2127 2125 2046
548	2223 1565 2405 2565 2599 2575 2636 2411
549	598 48 1720 50
550	2264 1832 499 2981
551	2229 2262 2283 2612
552	2126 2594 2989 2283 1826 2647 2413 2576 2869 1819 1777 3103 2849 2221 2845 1672
553	2025 845 2275 2284
554	1263 243 2221 2113
555	2319 283 578 615 1162 798 2770 652
556	1009 1670 315 159
557	3197 3275 3335 3338 3267 3285 3315 3347 3325 3365 3305 3410 3279 3173
558	225 1699 163 1505
559	2079 956 3023 895 2226 934 927 346
560	3261 3189 3297 2592 3095 2383
561	2319 2623 3345 3308
562	1405 2742 2659 1900 603 442 2676 2477 180 1945 2698 2870
563	3345 3290 3559 3272
564	48 2918 1323 2728
565	1584 1649 1707 1695
566	3082 1255 1171 1165 192 2910 3026
567	846 833 570 54 853
568	58 3010 2426 833
569	1376 1891 2125 2000 168 2234 1360 1530 2144 2046 2432
570	1145 2425 2650 544
571	786 1983 1412 902 780 283 724 1400 553 1532
572	2865 266 817 2498 2470 2623 2384 844 2605 139
573	2852 3174 3165 3432 3
574	2195 1790 52 1497 1487 2096
575	3431 3346 2923 2177 3263 3271 3257
576	3290 3150 3297 3291
577	1400 2508 2505 1313 2742 844
578	2101 3173 2646 3194 2041 2605 1906 1943
579	1635 1498 32 168 1548 1697 537 1654 337 1012 2110 1358
580	3408 3409 3474 3430
581	1790 1689 759 746
582	475 1611 786 1615 894 522
583	3179 1505 3502 3453
584	3305 3151 3098 3540 3462 3107
585	2508 2562 418 1417 284 862 1866 1927 2639 2659 2910 2284 2689 701 632 2505 2922 1270 80 2894 2242 768 2693
586	2054 3000 2982 3095
587	2251 337 169 1199 2411
588	3397 2795 2855 3167 3396 2778 2943 2928 2845 2815 2854
589	2457 2394 2088 2331
590	869 601 851 828 587 579 859 853
591	2005 1548 851 1215 1555 1470 2702 1147 1646 1678 165 1656 3173 106 1193 1660 2419 3221 869 749 2224 1777 1607 2014
592	2144 1199 1191 2422 1340 2007 46 2432 2338
593	1035 1693 408 524
594	397 790 1618 1749 95 552 654 373 248 76 315 218 2138 405 427 909 244 895 652 1680 594 861 48 374 743 966 988 1477 555 479 1688 1963 290 989 422 249 757 239 798 2770 107 551 1511 732 670 542 550 1960 2693 506 950 584 2242
595	3298 3246 2887 3084
596	3127 3353 3329 3125 3413
597	598 1505 821 1489 259 2413 2050 2221
598	1642 1966 1891 2051
599	797 2072 551 1983 2224 2505 2246 244 1780 2980
600	1177 938 464 551 1404
601	2489 2284 2325 2184 2288 2243 2280
602	2125 2206 2077 2335 2369 2244 2071 1857 2367 2183 1889 2184
603	3269 2846 2818 2965 2943 3170 3011 2778 3059 2860 3073 3221 3042 2912 3077 2784 3171 3097 2829 2996 2885 2922 3281 3202 2941 2869 3075 3031 3117 3145 2774 3105
604	551 1421 549 1602
605	2104 717 798 2946
606	1845 3153 1492 2010
607	1546 2419 2432 1777 2422 2383 2379 2413
608	950 1720 2072 650 938 1795 844 798
609	287 286 416 3045 95 246
610	962 10 668 1733
611	2742 1505 9 3456 2799
612	107 96 901 1967 834 425 1356 844 1590 894 1370 1981 1963 947 2576 749 2057 239 1826 745 1780 1505 797
613	20 798 1463 2448
614	2150 2173 2648 2156
615	994 2448 798 1012 2250 397 834 1529 1013 797
616	1756 1723 1635 1716
617	1607 2300 2513 1342 2517 2419 2422 1376 2575
618	756 408 793 1331 2911
619	1076 2257 323 539
620	186 961 876 195 217 1606 176 2038 306 183 728 1100
621	2408 2327 2277 2199 2322
622	1699 1707 1705 1694
623	713 723 499 760 130
624	539 1608 559 736
625	2410 2239 2224 2243 2676 2225 2125 2731 2409 1601 2411 1494 2373 2513 1735
626	1300 2023 2069 1303
627	654 249 1532 732 255 1089
628	2825 2583 2742 736 2922
629	1198 1734 1850 1723 169
630	2488 1308 2986 50 2605 2489 2625 3222
631	2493 2332 1966 2468
632	1780 930 1121 876 1108 1601 239 114 186 595 1410 164 592 166 1109 1522
633	1376 1636 1584 1481
634	2246 2025 2221 2397 1409
635	2426 511 578 1280 2477 392 1159 801 797 2351 2752 312 1139 677 1506 692 772 2 1130 2618 551 690 1517 609 2952 1114 130 3221
636	2200 2212 2184 2043 1672 1257 1844 1920
637	1920 677 927 47
638	2505 2639 1532 1399 2020 2363
639	2025 2535 2602 2542
640	2082 994 1259 979 1579 1153 1305
641	2659 2621 1350 1989
642	782 2455 1546 798 1013 749 1819 1980 1672 1544 1616 648 273 1412 2530 696 994 966 771
643	1933 1479 1667 1353 2535 459 97 323 602 1708 2508 2009 1918 9 961 1733 1171 259 908 781 105 1954 1121 1239 1836 1961 520 1950 412 1668 2114 1526 1641 859 1799 166 2173 1494 1986 1964 393 759 2006 1628 2003 595 2286 2283 1991 754 1522 499 110 432 2275 1848 741 238 730 746 1625 1159 1636 2150 1014 692
644	1808 756 2072 2266
645	2384 2456 501 3092
646	1099 2634 2833 3029
647	1862 1062 1054 1053 447 1056
648	2144 1336 46 338 337
649	1152 1372 1689 118 1844
650	484 2119 3130 2034 1737 264 2355 2011 1395 208 530 1115 2289 233 983
651	508 2329 2608 1076
652	2173 2687 754 2091
653	2305 2224 2243 2460
654	968 874 469 1078 834 384 457 129 1018 672 2289 218
655	994 649 90 1616 771 782 618 85 2524 1050 274 3163 1412 2508 2455 2623 1785 786 273 798 2673
656	2439 2413 2361 2280
657	1478 2740 1132 1453
658	1887 2050 797 1546 1819 1087 2160 2235 1777 1574 2144 1841 1470 1468 2078 556 1607
659	2025 2243 2153 2284 2221 2265 2369
660	1193 2271 1966 2144 169 2124 1546 1635 2050 2156 1694 1707 2049 1192 2236 2146
661	1514 94 458 2534 313 1320 584 961 259 430 1960 497 506 542 950 1088 967
662	1013 298 1177 283 289 1981 1007 297
663	3103 3459 3333 3566
664	2847 2982 2648 2998 2612 2870 2657
665	3515 3413 3528 3533
666	1177 1983 1386 1656 721 2129
667	3073 2212 2985 3007
668	649 239 293 3369 3210
669	384 1544 749 3
670	618 819 80 2684 66 1795 1144 2119 1040 837 1951 2011 648 2488 1905 3536 2020 779 1400 570 1015 2356 788 2894 649 375 2415 315 728 249 2820 2034 2680 226 789 777 2269 3062 636 2527 1804 273 2257 3240 949 1692 9
671	3401 2664 1733 851 3332 749 2410 3444 2284 1582 3416 3329 3370 2265 3402 1693 287
672	3389 3243 3144 2788
673	1795 442 503 2545 950 827 3 452 1954 1462 177 1045 1473 668 1032 652 2062 2284 2541 1022 609 1965 250 248 1516 866 847 851 2072 1034 663 1449 3315 399 201 416 451 183 1002 2224 1825 325 2073 924 813 1909 905 1680 1974 807 3054 1626 2020 176 50 48 1003 877 2137 1996 3567 189 3557 972 1324 520 1028 245 1345 1745 863 395 3426 738 2497 1515 1602 200 1029 3052 3563 1356 785 190 1464 1079 1950 3363 1799 1631 803 869 300 853 1013 1346 179 1031 3053 965 2464 2526 1027 1421 1908 2508 1606 1945 3553 864 3180 776 862 1399 1033 1043 443 1023 666 3504 16 138 1952 1042 178 2011 1441 247 432 60 3385 497 670 1035 3559 1946 249 626 1094 963 3388 1802 1210 192 218 397 1244 1253 1075 3055 1746 344 17 3507 1008 1136 2676 616 819 437 661 1948 185 391 198 88 2823 834 3558 994 2505 1030 255 2895 2529 2269 1177 118 2045 627 246 826 403 1078 263 964 1325 1532 780 413 1900 968 651 283 244 654
674	575 579 178 217
675	3 652 2119 654 563 1639 670 834 970 479 1942
676	3297 376 2787 416
677	2519 2612 2394 337
678	930 2542 908 2246 1980 2283
679	53 3345 60 3340
680	2119 1545 430 1505
681	927 3001 49 2625 1759
682	1192 2658 169 2765 1199 2845
683	1149 2413 2929 2007
684	2245 2332 2338 2236 2317 2203
685	1861 518 671 674
686	2574 2874 650 304
687	642 3272 3387 3389 3507
688	2268 1991 3207 2709 2998 2982
689	1662 2488 1505 520 758 2529 2328 499
690	2071 1682 2117 3073 2057 2077 1981 2787 2568
691	446 643 1086 2267
692	1943 698 1954 1779
693	1673 1707 1705 1635
694	46 1199 2330 2419 1222 1523 1215 1336 1191 1546 1210 1198 1890 1192 106 2317 1673 2422
695	3542 3523 3180 3526
696	768 1792 1906 1267
697	1228 2294 1274 214
698	3163 2676 2284 2605 2280 572 2221 2545
699	2111 1231 1918 2321 1341 908
700	1392 289 297 443
701	2545 1235 2576 2107
702	1724 1819 360 343 2057
703	2161 2125 2144 2229 2271
704	960 1341 214 894 1611 934 2224 122 895
705	2676 114 1714 1419 3261 2981 2833
706	3057 580 2901 3071
707	2411 2483 2539 2432 2402
708	3069 1953 2978 2998 3231 3039 2832 2930 1591 993 3244 3207 3136 3498 2982 3124 3120 3000 2052 1674 1295 3190 3292 3499
709	422 448 3163 2706
710	2610 2179 1288 2147 1644
711	2271 2432 2144 2338
712	2280 2252 2294 1981 2302 2164
713	1795 2164 1920 1002
714	2050 1470 1937 1947 1864
715	1705 2570 2124 2422 1420 1649 1376 2714 1890 2765 2460 2146 200 1530 2599 708 2136 2581 2243 1192 28 1554 1881 2081 2095 2025 2565 1695 2536 2769 1735 1546 2344 2182 210 365 2225 2658 2317 1974 1348 2575 1970 2123 1228 2105 261 1199 2413 1481 1014 169 1993 1707 1716 2432 337 2379 2110 2156 2483 2044 1950 1673 1726 2548 322 2265 1340 1820 767 2050 580 29 1191 1699 1215 1924
716	1209 1673 1013 994 1523 1210 1253 1012
717	3419 3478 3407 3363 3329 3444 3428 3446 3495
718	2542 3150 2396 642 3225
719	2305 44 1192 2136
720	1556 2229 1700 2376
721	3353 3270 3476 3243
722	3217 3455 1227 1228
723	2229 2324 2409 2410
724	961 906 3163 1522 2382 2003
725	876 961 259 1576
726	2164 1341 1493 2284
727	1972 1970 1993 1673 359
728	1820 1786 1750 1850
729	875 2343 2120 819 2164 2247
730	47 1888 2065 1672
731	1562 2495 2499 1817 2071 1009
732	343 2378 348 2162
733	3092 2693 2638 2632 1827 3488 2404 50 895
734	553 549 551 550
735	3427 3290 3351 1444 3414 3268 3284 3315 3487 3269 3554 2838
736	1481 2077 2249 1920 875 459 797 3 2247 1902 1250 1427 2212 1290 1962 176 2280 2015 106 1618 1777 834 2164 2228 821 1699 947
737	102 284 266 215
738	1192 1528 1654 1607 1767 2209 1546 2312 1191
739	459 1652 1113 1514 179 844 1013 176 3 994 1651 395 499
740	3180 3322 2776 2808 3214 3502
741	1863 1210 1654 1673 1819 169 1546
742	1213 1579 1327 1298 1304 227 1960 1242
743	1480 894 1572 1367
744	2469 2144 39 2050
745	83 75 739 732
746	3520 3544 3307 3468
747	315 2021 901 2072
748	2720 2841 2714 2765
749	2184 2314 2737 2401 1808 2524 1112 2010 2280 2249 1477 2139 2818 1983 1308 613 1879 610 1728 2140 2605 964 140 1290 1314 2722 2111 1844 83 1956 2412 2486 1937 1534 2246 2639 2581 2334 2510 2315 50 1722 2161 1932 2696 233 2309 1817 1904 2224 1954 2689 2150 1582 2574 2212 2506 1914 1902 2006 2284 2020 2077 29 2498 2147 961 2091 1720 73 2266 1880 2218 2384 1653 2012
750	645 1778 1243 1012 1367 147 1245 994 1870 1013 950 1241
751	1477 1015 9 2111 1141
752	3447 3510 3239 2789
753	1420 1109 202 1285
754	1582 2200 1544 1937
755	2006 2208 1980 1920 2659 1981 2164 2998
756	2338 1966 2317 2331
757	723 706 1317 433 1318 2639 1078
758	1263 2054 243 1828 1957 1915 2340 179 2371 317 166 2478 828 621 2432
759	1799 1974 2224 1529 961 1726 2161
760	2537 1844 259 236
761	1691 1726 2371 2229 1799 3069 2044 2344 1916 2222 3000 1991 1974
762	3175 3544 3140 3049 3262 3146 3013 3233
763	3252 3506 3175 3276 3108
764	1661 1137 2003 616 1963 166 259 628 672 455 3 1532 1421 719 661 469 733 950 1438 1526 459 1516 1096 834 1771 298 130 200 494 664 1462 874 489 863 443 199 16 654 1471 727 95 902 1401 198 1505 452 1711 2601 2827 1413 603 191 862 201 961 592 861 450 442 281 1148 3200 724 716 666 717 951 2283 400 2336 240 1019 289 1136 984 3045 1514 485 499 179 39 2328 2400 668 384 129 1439 2505 2415 444 2334 1313 2289 973 1407 996 609 930 262 1129 164 1073 2257 416 432 239 1449 430 844 395 18 1515 269 813 17
765	1768 1295 2072 451
766	577 2876 1174 1371 391 1078 2528 440
767	48 1511 1778 971 1613 1137 49 2056 2096 343 909 938 1909 950 558 1306 2315 732 2106 1733
768	2650 368 2627 2483 1488 2643
769	1949 2121 1855 329 1530 1895 1222 1686 1777 1931 2050 366 1221
770	28 2224 2462 1919 2265 1191 2432 2539 2215
771	2025 2522 2284 1974 1923 2006 2541 2044
772	2026 2184 1962 2280
773	637 618 824 1088 1505 874 2188 408 652 788 213
774	3259 3310 3109 3376 3277
775	518 2723 882 665 2583
776	875 806 2676 3062 772 391 268
777	2380 2150 2283 2095 2201 2243 1782 1954 2006 1650 2105 2371 1986 2255 2397 2298 2246 2412 2286 2265 2091 2035 2382
778	637 416 1746 550 552 397 553 625
779	2327 1724 1788 1984
780	2662 3299 2981 2072 2404 2275 3291 2282 1080 2692 3321 2364 2832 2936 2992 2287 2965 172 2505 1968 415 2640 1733 2152 691 3029 2339 383 3156 2660 2716 1576 1668 3290 2431 2827 2281 1927 2955 3191 1617 1240 2634 2931 3272 3525 2727 2374 2545 3270 1800 1983 3372 3168 2833 2681 1948 2624 2647 1896 3298 1491 3260 2837 2698 2025 2737 2087 2092 2477
781	2281 2050 1613 2051
782	2962 2951 2960 3018 2963 2982
783	1217 1098 1680 874 859 905 2563 459 1078 494 1324 853 869
784	2423 1491 2792 950 1092
785	2753 2854 2757 1198 1495
786	1329 1615 2571 696
787	1154 1706 1633 809 1754 908 1753 827
788	1597 168 578 169
789	1611 1223 345 643 682 2119 895 2264 2529 1139 2081 239 894 2021 1341 2488 2252 2228 2521 2534 226 1722 829 1990 2571 1251 1546 2311 592 918 947 346 485 2323 950 3042 874 2412 670 1720 127 360 849 1685 685 2461 677 107 742 1227 1529 961 542 1880 2182 2554 90 558 908 2863 686 2025 384 889 1505 746 1765 2989 341 2029 503 2561 588 1736 259 1506 1942 94 2269 1780 1675 2335 29 1590 1737 546 2415 263 1871 1977 2241 1092 563 580 1422 1253 129 1777 1981 1600 2267 1123 1841 1729 2325 901 533 593 371 343 591 2770 926 707 1872 1613 1191 133 2546 1252 1215 1041 16 1920 1011 530 2186 1848 1982 138 469 1427 1832 1582 890 2255 675 1864 104 1823 915 2111 692 1204 1067
790	2505 1778 152 1852 632 1321 844 1243 1938 470 616 1035 1245 2082
791	1005 1636 164 2215 1481 1950
792	2989 3163 2833 2515
793	2011 498 2988 1034 512
794	46 15 2419 337
795	2242 479 464 1833 1794 964
796	2486 2399 2581 2534
797	3321 1935 2121 1837
798	2229 1396 2604 1411
799	2072 668 1819 290 1724
800	1341 463 2140 1203 1809 2001
801	2397 3105 2221 2200 1937 2265
802	1130 330 220 312 176 292 1119 231 1634 1917 576 860
803	1924 1376 45 1155 1748 2005 544 1673 1646
804	2089 2080 2013 1989
805	1770 2057 2647 894 732 2161 457 821 583 1688 2124 3163 1888 1811 1213 68 1164 2144 1074 355 1210 430 2714 1981 2099 2704 2419 2422 2540 2432 946 2464 880 1673 475 2164 994
806	1046 526 1016 2448
807	551 563 1193 1123
808	3050 3296 3063 3203 3214 3009
809	202 528 507 981
810	691 2198 1096 1753 655 426 3029 1576 64 114 416 2334 2634
811	1820 2032 2095 2050
812	1582 1481 2095 2150
813	679 363 106 1311
814	1638 2155 337 533 1193
815	3160 1639 487 2461
816	859 679 365 168 1547 165 1654 1009 763 1199 106
817	2224 1828 3244 1481 2648 1522 1950 2234 1993 1735 1570 166 1923 1812 2612 1376 2708 2541 2265 1799 1010 2462 2998 2114 2411 1423 2890 1580 187 1585 699 1840 1726 2847 3150 1636 2035 1479 2230 2405
818	1653 1353 820 741
819	1765 371 373 372 748 1282 2072 950
820	2161 2147 1672 2280 2058 1736
821	2953 2919 2818 2922 2887 2873
822	2025 2060 2173 742
823	1070 2900 2982 2324 432 187 1 1812 995 28
824	267 685 2964 3150
825	961 908 876 1880
826	2244 2367 2169 1998 2281
827	3351 2032 3427 2480
828	3310 2844 3304 3126 2950 3125 3259 3245
829	3008 3090 2383 3414
830	2184 2991 2464 2164
831	744 2161 522 2389
832	2271 1191 168 2127 2422 2274 2411 2155 1222 1215 1336 169 1199 337
833	1309 2065 2495 1310
834	2411 2144 2234 2224
835	851 764 2265 1844 1900 859 2229 869 2123 905 2222 2095
836	900 2989 3351 3548
837	580 1105 1582 2025 593 961 2284 2019
838	1381 1612 1468 1556
839	3436 2357 834 645
840	2986 2246 2200 3163
841	2395 1919 1973 868
842	3 1012 289 1795 1057 3414
843	2488 391 2415 1240 1589 1802 1545
844	570 1611 574 20
845	1341 1329 1693 1880 128 1421
846	2331 2533 2778 2338 2125 2144
847	2081 1854 337 2125 1863 2124 2002 1892 2110 1193
848	2243 2373 2479 821 947 2309 551 1529 2402 552 2280 259 2535 2050 834 2147
849	2887 2228 1914 2164 2800 2833 2044 2912 2015 2205
850	2837 2892 2955 2095
851	1799 510 1295 1522 1479
852	2159 2271 2225 2340
853	3246 3555 2255 1653 2704
854	2364 101 2025 2742 100
855	1511 1990 1162 2147 1430 3270 1158 2931
856	2778 287 1149 308 1985 310 2144 1070 2940 2890 920 1210 1966 1646 2454 2176 2155 3182 2943 309 1348 2984 2899 504
857	1949 1924 1970 1972
858	2338 2487 2482 2407
859	908 1450 119 961 2488 1552 876 1550 1551 930 1522 520 2267 2891 459 2289 603 499 1737 1563
860	39 1381 1924 2025
861	1582 741 2006 2283
862	2086 2178 2160 2078
863	1981 1888 1733 1695
864	1060 1383 1062 1308
865	969 1023 963 1027
866	2928 2935 2706 2908
867	3161 2656 1795 2910
868	2338 2146 2350 2136 2383 2411 2359 2422
869	649 429 273 276 82 433 651 619 305 2894 1874 663 2783 271 509 523 428 275 272 265 274 491 1473
870	3182 1812 3244 38 2982 2487 3215 2903 3365 916 2503
871	391 670 378 580 728 178 1164 970 155 714 988 572 864 179 592 229
872	122 845 820 361
873	1928 2540 2672 1897
874	213 2768 255 249 2514 2629 556 894 422 643 549 522 1079 434 554 553 788 244 784 248 486 551 446 1484 3016 552 550
875	143 1533 1325 1439 1963 1473 255 1667 250 567 245 248 1933 2400 323 1656 4 1825 1308 247 2887 1438 2275 213 2072 1471 244 315 1299 1901 1267 2764 2761 238 262 1269
876	2787 1896 3012 2623
877	2533 2598 2500 2539 2565 2331
878	2971 2952 2745 2917
879	3249 3278 2923 2772 3255 3251
880	416 2198 1118 1747 64 65 384 1941
881	2272 2089 955 1257
882	2327 2847 2677 2598
883	2668 2663 2649 2865 2938 3163 2675 2673 2672 2952 2676
884	2942 3291 3430 2485
885	1107 1827 686 101
886	1989 2235 2063 957 2150 2676 2286
887	164 29 1707 548 1 1522 1479 2215
888	1428 1429 2360 2518 424 1275 1430 964
889	1529 2742 176 2286 961 2137 813
890	2111 769 2926 1509
891	2673 2288 2625 2273 2545
892	3193 3188 3389 3290 3374
893	2191 1224 2036 876 1602 52 1896 2247 1253 2208 170 941 2017 2015 1564 175
894	768 834 392 788
895	2280 1421 788 2384 556 1693 1602
896	2 176 3197 859
897	1013 551 2346 578 448 616
898	259 1600 1582 1939 70 118 876 1980 1522 39
899	643 2226 797 798 2432 2144 522 1546
900	2054 1108 1165 1576 1014 2185 1098 866 2201 1019 1466
901	2323 702 2484 50 176 153 1985 290 2523 985 49
902	222 2562 2847 831 1039 2286 180 414 5 854 319 1440 1083 992 443
903	3105 3163 459 3520
904	2544 2625 2535 2516 2623 2596 2965 2477 2714 2955 2961 2541 2659 2704 2383 2450 3010 2399 2969 2718 2542 2558 2747 2745 2967 2569 2498 2917 2673 2652 2658 2538 2568 2952 2836
905	2581 2704 2535 2647 2721
906	645 669 422 283 485 737 1901 1316
907	1241 1242 1762 1778 1243 1938
908	2541 1936 2472 2494
909	1526 754 2084 1653 2006
910	2601 1963 213 2629 249
911	2317 2332 2496 2539
912	3007 3345 3277 3103
913	2432 2372 2419 169 1199 1850 2254
914	1565 2432 1145 365
915	2292 2160 2350 2144
916	764 697 734 29 1876 1045 1 980 205 548 1536
917	3280 667 591 3247 3284 150 812
918	501 1094 522 1720 1069 967 1488 315 477 1661 525 556 1372 19 22 430 352 991 62 1735 485 1632 947 2057 521 360 309
919	1430 1053 490 121
920	2446 843 78 2360
921	3406 3341 3238 3235 3373 3390 3242 3294 3232 3528 3237
922	1692 1747 780 2264
923	961 1735 1758 1950
924	3148 3274 2846 3163 3173 3174 3302 3246 3171 2775 2953 3058
925	1395 2371 1799 639
926	580 3131 3307 3236
927	1954 847 2946 1275
928	1640 1620 720 723
929	1902 147 142 1308
930	3222 56 2 3493 2111
931	1321 2111 2837 1153
932	377 543 950 371 3177
933	2397 496 780 814
934	2961 3163 1844 1108 2463 1790 3134 1151 2043 2552 2902 1512 1582 2891 1110 1118 2475 1937 2727 1097
935	1211 360 1672 1007
936	2058 2162 1078 2225
937	2813 3353 3121 2748
938	2156 2124 1966 2144
939	2562 1710 198 1711 1693 479 883 2054 201 398 803 935
940	526 669 1361 1156 977 1271 1046
941	2583 2562 2534 382 2630 412 2629 204 2311 2634 2400 2286
942	956 743 2693 355
943	1305 1579 207 2748
944	3343 3399 1942 315
945	724 413 406 442 634 459 2355 520
946	101 782 798 572 1942 772 901 1226 503 1785 994
947	2266 2246 2194 2384
948	36 2411 1812 2432
949	754 2335 1909 960 746 825 1990 598 1981 741 956
950	19 2413 13 1777
951	1880 3359 610 12 3235 2839 2931 3254 3349
952	1963 1417 2450 778 53 598 698 2515
953	1688 2443 1981 2386 2216 2057 3066 2161 2285 2162 2702 2065 540
954	2136 2005 1777 2575 1743 1199 1966 2159
955	1970 1376 2613 1555
956	1245 178 1243 81 1579 1609 1278 1277 2123 1481 145 1280 1838 593 1828 1746
957	2367 1013 723 1477 2077
958	819 394 938 966 2723
959	3345 3553 3485 2839
960	142 1078 574 1818 1046 797 1852 1308 990 2430 821 2082 1532 148 1905 606 1648 1264 217 1778
961	2161 1149 1931 2276 2067 2370 1145
962	2035 3366 3244 986
963	2144 2422 1688 2161
964	1600 1672 1981 1888 2216
965	652 1544 565 611
966	2989 2955 3260 2836 3060 1946 3008 2246 1107 3010 2988 1918 609 3333 2938 2910 2745 2917 2111 3234 2742 2825 3345 2892 3357 3480 2712
967	1505 1920 3 2224
968	2513 48 2482 2498 2431 558 2483 2432
969	1061 2025 715 1060 1053
970	471 2119 2021 2319
971	2054 485 259 494 1321 876 129 3 1108
972	2515 3246 2747 3267 2787 3291
973	2805 3520 3386 3179 3362 2851
974	2419 1578 2331 1565 2110 2381 1673 2236 1340 2305 679 200 2144 1863
975	1400 2505 2629 1532
976	1197 1673 373 1124 1660 397 653 403 1661 1777 998 217 313 917 458 1600
977	668 652 654 670
978	719 1217 664 716
979	432 792 1036 1688
980	2110 2558 1839 2136 2215 1195
981	1890 169 724 43 126 125 2330 1359 716 1525 2419 1336 46 1680 337 719 1198 2267 40 1199
982	1910 2582 2206 2197 2610 1624 2212 1672
983	3345 3103 2689 2610
984	100 2284 2283 1980 2150 2246 2006 2255 2214 1413
985	2278 3167 2536 2818 3244 2067 2613 2845 2774 2943 2884 2769 3168 2124
986	1707 1850 1695 106
987	2413 2200 2619 2396 2346 2440 1880 2489 2673 2006 2450 2664 2607 2397 1526
988	1582 1844 2173 2200 1937 2298
989	3222 908 3163 1982 2361 3358 2998
990	968 972 2516 2361 965 2224 2147 1027
991	248 244 250 246
992	765 737 723 720 1187
993	2234 2271 2410 2541 2413 2265 2331
994	430 2629 1771 1159 1438 2119 244 1963 2257 1859 249 218 497 2505 1516 263 2269 1439
995	79 1715 1896 558 2241 1521
996	485 1980 2147 1770 947 2264 455 2450 1888 591 834 129 2173 1464 459 1920 1184 2464 2117 2164 2053 84 1819 2284 2025 2077 2221 2126
997	366 1221 1855 1734
998	1687 1935 763 1924 1654 1470 1863 1205 336 1713 1969 1359 1673 2001 1931 32
999	1963 1888 2006 2173
1000	3514 3343 553 1833
1001	1890 169 1199 1198
1002	2127 597 1786 2049 2035 1900 1974 1844 2125 1987
1003	3244 1963 683 1650 1167 2541 940 2400 457 749 429 1105 2267 2998 200 1766 226 179 1314 1544 178 1745 2534 219 2011 2621 700 802 244 499 1576 218 262 874 271 463 1097 1522 1721 2265 206 198 1313 235 1545
1004	721 3176 2965 2204
1005	459 817 1763 2144 2222 2123 432
1006	1147 1646 1597 2127 1504 1355 1359 1960
1007	3105 3084 2564 3045 2997 2727 3200
1008	1819 2 799 1506
1009	2536 2863 336 3439 2611 3182 2483 2419 1193 1840 2482
1010	3351 1329 1081 931 558 1241 677 1537 2080 743 2320 1774 1341 3173 283 957 2605 122 3118 1244 1534 1275 1317 1775 1872 1595 732 2140 2459 757 1491
1011	469 2526 1946 2515 226 2150 405
1012	459 239 114 1937 1041
1013	2160 1966 2411 2338
1014	2266 2383 2411 2432 2035 2462 2230 2673 2658 2570 1844 2581 2627 2136 2538 2613 2502 2598 2049 2612 2626
1015	2432 2338 1673 2482
1016	1367 272 2444 2693 2048 1751 2212 2526 625 2781 2447 2092 1448 872 2779 768 2572 1013 924 962 2647 2138 925 2518 2363 994 1693 3068 2873 653 3062 798 2696 2096 841 2971 800 176 2742 3004 2669 2111 620 1579 935
1017	1518 2900 2513 1200
1018	1546 1642 1705 1524
1019	1775 1661 1914 2280 2107 1880 1720 1581 1618 2700 2296 2252 558 2247 2690 1081 1598 50 1740 2140
1020	1777 1649 1546 169
1021	2617 2311 263 2267
1022	1191 2419 2050 1777
1023	2413 522 834 1777 3084 895
1024	416 209 2543 183
1025	869 1212 1243 1623 851 853 1778 1938
1026	1132 1369 812 984 1942
1027	2225 2221 1193 2446 2195 2051 2413 2281 2243 2541 2050 1995 2409 2124 2462 2265 2057 2432 2156 2410 2035 367 2067 2266 2359 2105 2214 2394 1924 2224 2075 2123
1028	2503 2424 38 2088
1029	2242 2285 2083 2280 598 922 540
1030	3222 3246 380 3193
1031	3498 193 626 2534 579 432 391 1681
1032	3107 2620 2661 2605 2635 2335 2942 2041 2730
1033	834 2242 652 821 664 2693 2257 797 1967 964 733 2 661 271 724 448 2319 666 648 645 427 716 457 743 739 732 1527 1505 757 463 719
1034	3150 18 2676 2542
1035	2704 994 1599 3077 3290
1036	1694 1705 1783 1716 1748 1707
1037	2847 961 2508 2224 2623 2210 2286 2714 2515 2212 2044 2565 1777 1689 2529 2681 2649 2524 2630 2768
1038	1094 2442 284 1569 2201
1039	321 2581 190 1580
1040	1819 348 341 1427
1041	3512 3293 3458 3028
1042	2259 2534 829 2737 1135 1454 226 2260
1043	2309 2285 834 994 1997 2050
1044	340 2378 587 545
1045	1946 2177 2248 1826 2246
1046	1582 1427 604 1672 2144 1549 1615 1659 955 1502 601 239
1047	3513 580 3306 3542 3437 3342
1048	1777 2125 1841 169 1727 1890 1673 1191 1192
1049	2212 2096 1948 1480
1050	165 1359 1828 208 1193 2570 280 2136 1707 36 731 2099 13 225 1145 2371 2482 2650 2649 1192 1547 2586 28 2558 2565 321 336 2422 1199 2222 356 1695 1565 2144 2273 1376 2432 580 406 1850 1649 1966 1488 2405 1799 2123 357 459
1051	2676 3261 2617 2357 2614 874 1411
1052	533 643 1497 1092
1053	3408 2043 2952 3044
1054	2881 3546 2257 2929
1055	1672 2540 2370 2162 1484
1056	3497 3104 3252 3559 3507 3020 2981 3341
1057	1802 1246 2275 1150
1058	2586 2372 1221 2593 2051 2599 1222 2394 1820 2271 2483
1059	650 1373 1024 275 1093 3530 273 258 468 433 998 648 950 649 2710 3527 491 725
1060	1464 830 1115 2440 1093 375
1061	3290 95 2625 661
1062	2464 1599 1920 2164
1063	3163 3179 3407 3027 3490 3306 3229 3048
1064	1802 49 1066 581 2010 727 1606
1065	3018 102 1617 1986 885 443 1800 1601 3164 2832 1563
1066	2422 2432 2394 2235
1067	1145 2109 2159 2224 79 52 2144 1891
1068	1728 1660 1192 9 1594 1263 2288 1834 432
1069	2371 1014 3138 1636
1070	930 2770 565 743 1098 1505 1942 259 519 732 876
1071	2072 2057 355 1611
1072	2566 1954 2561 1341
1073	894 2057 1910 797 1981 2117
1074	2137 283 378 2155 34 763 169 432 217 876 356 315 25 660 994 176 178 1565 1209 1673 179 353 218 2432 1629 361 1210 312
1075	162 2800 2882 2581
1076	967 819 968 1164 88 633
1077	3277 3475 3368 3248 3262 3558 3567 3237 3509 3563 3322 3180
1078	2623 1896 2161 1720
1079	1501 1210 2341 955 1618 2212 2205 2314 2036 2437 2010 1872
1080	2265 2144 1014 2146 987 29
1081	2048 1948 1610 938 897 844 882
1082	3338 3427 3351 162 3106 3348
1083	1966 2015 368 2432 2224 2127 2182 2144 1707 2236 1488 2331
1084	2050 1221 2136 366 1773 1734 1363 1547 1777 1890 2338 2134 2046 169 337 1758 46 1222 2121
1085	3296 3421 3428 1070
1086	274 648 273 649
1087	3077 994 1012 874
1088	201 1009 2225 1990 2186
1089	2257 2289 2119 1505 221
1090	2775 3174 1364 433
1091	2072 2827 2742 1771 3156 2583
1092	360 797 843 756 2625 2077 695 1253
1093	2522 2900 2676 2215 2432 1970 2025 3178 3124 2462 2544 2383 3296 2371 2541 3039 2801 2539 2410 3427 2123 2344 2575 2044 3366 2824 2833 2613 2105 2536 2292 3324 2709 2625 2422 2409
1094	2453 2588 2539 2586 2519 2483
1095	425 255 3343 3449 594 617 408 3556
1096	2513 2300 3072 2274 2496 2893 1548 2234 1822 2469 2854 2576 544
1097	2216 2610 2161 1848 1770 1599 2280 2464 2164 1253
1098	216 1529 637 178 397 1020
1099	1421 121 834 448 1076 771 1093 797 798 821 392
1100	1168 1680 1341 615 82
1101	692 2540 801 1062 1862 385
1102	713 147 151 572 81 2025 149 1308 2111 768 1572 1261
1103	2611 2338 1899 1584
1104	2915 3190 3124 2709
1105	2136 168 106 1149
1106	2313 2107 2153 2164
1107	2464 2541 2537 3000 3119 3453 2483 2460 2422 2383 2887 3358 2676 2545 2886 2508 2659 3469 2486 3517 2704 3415 3037 3167 3173 2286 3414 2623 2558 2643 3163 3443 3007 2778 3396 2869 2535 3408 3193 2462 2799 2495 2845 3105 3400 2985 2652 3150 2936 2854 2540 2533 1950 2548 3045 2565 3084 3246 520 3365 2648 3069 3439 2657 3077 2769 2519 2870 432 3103 3372 2450 2611 3345 2981 2598 2904 3156 2284 2940 3200 3458 2605 3272 3430 3397 3222 2469 3463 3120 2847 2673 2410 2488 3168 2576 2966 2801 3309 3386 499 3388 3043 3327 2658 3199 3297 2436 2602 3499 3138 3010 3039 3022 3362 3095 3448 2544 3286 3449 2627 2885 3114 2373
1108	2432 2833 2221 2246 2284 1123 2283 2535 2373 2408 2225 129 2150 2084 1844 2486 2512 2371
1109	273 2568 1858 2494 3443 2633 1385 304
1110	2419 2496 2411 2413
1111	2007 1987 169 1734 1695 46 1654 1856 1890 1894 1635 1996 1149 1336 1697 1222
1112	1991 2598 2266 1844 2727 908 1719 1796 2885 2234 728 1819 1939 2229 2156 2508 2271 3224 961 579 2125 183 2265 1629 2144 1423 2215 2044 2123 2542 2166 764 894 2225
1113	384 469 672 1804 1093 670 443 664
1114	858 85 1310 1491
1115	2648 2655 3138 2801 2612 2558
1116	2491 416 384 1217 3296
1117	3077 2793 2882 2964
1118	1357 1145 1199 2271
1119	608 1726 1699 544 1285
1120	3146 3483 3293 3111
1121	1963 85 1514 244 2495 1438 558 2011 395 1081 249 1021 73 718 1676 262 1095 964 1382 1093 2629 1115 636 1489
1122	591 2214 2413 169
1123	3566 3298 3501 3235 3315 3427 3448 3007 3103 3358 3272 3392
1124	1817 2083 2217 895 1513 346 2227 2212
1125	2955 2562 2660 3156 380
1126	3176 2992 3142 2568 2072 3007 3308 3153 3334 3221 2971
1127	2072 315 2077 2147 2164
1128	1748 1909 1799 1524
1129	2435 330 2311 1800
1130	1981 1253 1888 1909 1672
1131	1303 2077 1906 1367
1132	2413 362 2144 1197
1133	2338 337 2521 1546 1199 1336 1468 2482 2050 1673
1134	236 1950 2541 2776
1135	2766 2876 2899 2957
1136	881 1048 479 402 2096
1137	520 1963 603 905 930 499 459 432
1138	2778 1481 1214 2725
1139	337 169 1198 1199 1191 1336
1140	3193 3463 3234 3517
1141	1812 1735 1756 1671
1142	1980 3246 2630 3150
1143	428 3363 3523 3447
1144	2245 2292 2358 2331 2338 2271
1145	3182 2845 3365 3264
1146	853 204 859 1013 176 1746 200 1636 2123 1745 1812 920 2224 287 180 414 660 179 28
1147	2161 2514 1819 2432 1484 2329 2050 2413
1148	2765 2273 2778 2650
1149	1191 1660 1007 994 1192 1688 1009 1347 544 1777
1150	2576 1533 50 1316 1795
1151	2432 2350 1193 2454 2407 2409 1812 2422 36 2144
1152	833 50 2676 578
1153	2339 2311 2497 2284 2025 2045
1154	2623 3491 3338 1848 3173 3152
1155	1234 2055 952 1928
1156	1526 741 3163 2043 746 3022 1653 1353 754 1980 3205 2397 759 1279
1157	3457 2952 3463 2836
1158	2113 888 606 49 1373 278 1776 2210 2 18 998 1123 727 615 53 542 383 2138 1454 3352 702 65 950 2269 2363 50 686 2780 218 264 356 2688 585 806 403 799 2006 506 89 1135 637 1230 2259 2260 1847 781 2676 558 959 1960 794 1088 1526 633 829 306 468 1139 1105 57 1118 642 928 855 56 1575 355 405 852 818 1692 374 851 2297 64 9 1668
1159	645 716 964 134 1053 1035 789 1602 1391 808 179 98 311 1036 1520 1693 979 1387 717 1785 1366 664 1684 1568 794 661 879 798 637 909
1160	3311 3297 3438 2931 3073
1161	1728 1946 2090 1880
1162	1564 952 3193 172
1163	3474 3517 3449 3453 3480
1164	2576 2706 2389 1607 1253 1724
1165	749 1613 1526 1611
1166	3011 2730 2664 2392
1167	2212 2039 1871 2140
1168	2816 3298 797 2257
1169	2432 2628 2575 44 2650 2658 2533 2350 2292 169 2682 1195 1149 25 1348 106
1170	2990 3123 2782 2508
1171	2541 2050 2524 961
1172	2697 276 798 324 509 1414 266 3174 1568 649 2783 2980
1173	2488 1946 1108 3439
1174	2545 2320 2887 2269
1175	3100 2871 3198 2973
1176	2371 2676 2657 2886 1991 2870 1481 2648 1735 2731 2541 1950 2824 2085 2558 2395 1014 2035 1647 2215 2847 1799 2673 1671
1177	3370 3077 2871 3015 3100 3444 3460 3473 3387 3131 3416 3440 3428 118 3435 3121 3454 3332 2973 2897 3407 3353 3450 2881 3342 3419
1178	2239 2371 3207 1014 2410 2541
1179	2252 1276 2154 558
1180	1399 371 372 1314 1107 2515 1111 176 373 1600
1181	562 2464 2580 2072 526 1896 2392 2164 1688 348 677 1653 2117 58 821 2524
1182	2335 578 505 784
1183	1981 2057 1672 1819
1184	636 2135 1448 2838 3348 3010 1752 93 3281 2635 750 3044 76 1417 2151 3148 1804 2745 1618 660 3192 2739 50 755
1185	1199 2271 1607 2234
1186	2006 908 1981 1888 1819
1187	552 994 786 616 645 798 789 1035 1002 669 775 3066 2491 526 3062 1533
1188	1826 1817 1624 1791
1189	2607 2818 2801 2882
1190	3388 3007 2610 1910
1191	845 1335 115 1592
1192	3535 3362 3542 3027
1193	2093 1412 979 1056
1194	2025 609 2246 3150 2883 2029 1937 2647 0 1796 2440
1195	1188 1187 171 1288 578 2865
1196	1765 353 1779 113
1197	2202 2224 2271 2466
1198	81 1799 1726 1388
1199	702 50 1668 877 1824 1578 677 176 1755 1960 932 3 1786 1078 1775 1653
1200	434 2091 1622 552 798 784 1353 772 325 786 964 2455
1201	3365 1840 1210 1756
1202	2901 3263 3160 3027
1203	3038 3104 3051 3291
1204	2499 2389 2369 2329
1205	741 956 1353 895
1206	2025 2266 2286 2229 442 2542 2284 499 432 1735 520
1207	2419 169 994 397
1208	2464 2270 932 405 1618
1209	1928 692 1775 54
1210	445 3007 3163 867 875
1211	475 1036 1602 448 1693 1421
1212	2144 2306 2136 2230
1213	2469 2422 2418 1887 2419 1210 2303 2503 2453 2274 2390 2405 2457 2466 1376 169 2254 1777 1336 2407 2476 2144 2338 1530 2358 2332 2372 2292 2402 2159 2436 2395 1673 2317 1966 2474 1686 2432 1707 2359 2411 2230
1214	2144 1777 2413 1210 2599
1215	3353 3210 3358 3388
1216	459 1545 432 3517
1217	859 879 251 1964 876 284 840 2383 2165 178 283 2563 828 894 1161 414 727 287 309 839 1746 296 807 845 587 994 1952 1013 939 432 2119 2581 1745
1218	2395 2338 2432 2402
1219	2931 3345 3028 2858 3254 3259 3188
1220	732 2269 947 743 2072 2119
1221	2144 2050 1777 2271 335 1607 338 2413
1222	2395 2483 2454 2234
1223	2184 392 2752 970 1078 255 2269 1322
1224	142 312 220 499 1261 1187 1946 614 905 1216 609 1795
1225	2144 1191 1697 1856 1145 1565 1635 2136
1226	3009 3365 1966 178 2273 3215 200 3499
1227	2050 1508 28 1855 1342 1283 1812 1863
1228	2319 3288 1313 128
1229	2064 2049 2002 1970 1966 1949 1822 2422 2425 1931 1891 2005 2110 1978 1841 1355 2085 2124 2000 1919 1683 1922 1972
1230	2995 3105 3150 2529
1231	1611 1531 961 1819
1232	540 645 2455 772 513 797 580 2444
1233	1656 1859 1848 2761 2508 870 1021 247 2583 2413 2828 1676 2634 555 245 983 240
1234	2087 2729 2505 2659 2955 2025 2284
1235	2147 2464 2704 2702
1236	3258 2922 2918 3150
1237	2215 2265 2245 2144
1238	1716 1821 2005 1993 1671 1799 1931 1935 1694 1839 1992 1969 1700 1743 1748 1860 1756 1922 1891 1783 1966 1991 1850 1758
1239	3408 3358 838 1737 3471 2021
1240	619 1023 531 1029 968
1241	1136 1438 498 470 1137
1242	2323 1244 2415 2111 968 1832 834 964 250 1878 218 313 2269 3 269 248 902 2777
1243	894 901 961 633 994 530 1069 2576 224
1244	1509 9 2535 769
1245	13 1253 2280 2294 1618 2184 952 1491 1534 1817 917 1067 1503 1189 1578 558 684 2307 1642 1869 2167 677 286 53 578 1291 1889 2247 705 1909 1760 1282
1246	1128 1526 961 2825 2283 2693 743 2832 2096 2508 739 2006 2713
1247	2660 1923 2123 2541 2339 2711 2371 2224 380
1248	2190 2063 3059 2428
1249	745 1971 2246 719
1250	3258 3142 3408 3316
1251	730 2214 3200 2647
1252	11 735 1533 384
1253	3308 3060 2680 2671
1254	614 229 230 231
1255	2057 2365 2576 2540
1256	772 379 636 2825 2961 615 3088 752
1257	883 886 1751 1267 443 1631 1261 2023 387
1258	3326 1147 3084 3499
1259	1290 613 2076 1871 1920 2212 2321 2077 1998 957
1260	580 1431 2019 1245 1105
1261	538 2246 2284 2680
1262	1796 1980 1118 1986 1782 1582
1263	2412 688 2587 2531
1264	3448 3501 3518 3443 3492 3517 3488 3462 2969
1265	2766 2726 1010 2702 1382 2413 2868 2371 2682 2439 2658 432 2741 2765 2832 2689 2838 2539 961 2854 284 2899 2396 2847 1215 2957 2626 1001 224 2714 2886 2998 131 2727
1266	833 1858 1013 2057 1012 994 904 2025 812 686 2 326 449 815 3514 822
1267	3195 153 1089 3156 1533 1948 1016 1077 1816 619 1901 1795 637 826 248 250
1268	1726 851 319 318 320 236 1070 429 234 1680 176 399
1269	355 1092 1381 360
1270	168 2521 2411 356 365 2292 546 1092 2224 165
1271	3488 3525 3372 3452 3303 2846 3554
1272	2959 3066 3505 3219
1273	3426 3329 2721 2858
1274	202 2462 548 2265 2410
1275	60 133 2722 2107
1276	134 502 1255 481
1277	1899 1070 28 1673 1705
1278	286 308 407 1630 92 2176
1279	2173 2224 1909 1983 1689 1799 1661 1879 2215 1673 2019 1720 1787 874 1924 1737 1736 1735 2161 1937 1582 1512 2010 1933 1980 2003 1796 2286 2006 2200 1844
1280	2887 318 137 1827
1281	2173 1650 1937 1939 29 749 1164 1544
1282	3270 3458 3365 3408 432 3320 3189 2964 3300 3281 3296 3327 3298
1283	1942 663 3068 1077
1284	1672 2396 2389 961 2542
1285	2144 2159 3158 2765
1286	1695 355 106 1199 2237 561 763 1707 2136 1145 1192 169 1488 13 1149 25 1210 1996 337 361 1191 2124 1213
1287	844 2444 2514 1672
1288	1531 2947 257 2931
1289	1035 2610 18 375 499 49 894 1951 1693 2 1013 994 1825 247
1290	3077 2430 3171 3448 3494 2697 3465 3106 3073
1291	3010 3154 3142 2873
1292	1860 2596 1707 1767 1191 2245 2144 2271 2161 2654 2496 2050 1376 2413 2613 2575
1293	1080 85 1049 925 776
1294	881 652 626 1505 864 431 2119 383 733 218 2269 2257 260 901 816 312 228 220 762 740 1516 716 2204 729 1545 842 568 655 967
1295	2654 2703 2658 2419 2432 2144
1296	1217 277 3 284
1297	1720 700 822 315
1298	128 1353 1152 1111 756
1299	1545 2543 1172 1178
1300	2144 876 2432 375 994 834
1301	2332 2144 2422 2338
1302	3492 3330 2666 3220 3272 3270 3173 3184
1303	2050 1546 1777 1565 337 1673
1304	759 1653 859 853 894 742 1353 2280 754 2091 741 2675
1305	2212 2696 2937 1990 2391
1306	1357 2292 2159 1565 1147 2254 2124 1643 1850 1635 1996 1548 1707 1145 1348 1931 1694 1488 106 1149 1311 368 2466
1307	3272 563 443 2150
1308	455 1076 1672 772
1309	1937 2383 1505 1777 2542 2323 697
1310	1145 1555 1548 1621 1340
1311	2817 3159 2980 2704
1312	378 90 503 252 790 797 2028
1313	3287 1908 3165 1802 3493 2833 844
1314	834 1380 90 672
1315	994 397 3514 882 2204 1012 964 81 950 1572 2742 606 780 572 1013 1305
1316	169 337 469 1841
1317	2075 2095 2265 1481
1318	2094 2556 2367 2360
1319	1695 2136 1145 2245
1320	2158 2705 2256 1222
1321	2231 3165 2406 1320 675 2173 2166 2564
1322	3484 3540 3566 3105
1323	2415 176 724 2820
1324	1050 786 2257 790 2264 2242 782 1785 771 1616
1325	2863 2372 2483 2940
1326	1775 705 2515 1534 2451 2661 3118 2252
1327	1647 2003 3065 930
1328	2476 2457 1565 2453
1329	85 1412 1747 947 3346
1330	2338 2306 2234 1199 2081 2144 1660 2161 1198 1840 1193 1969 2305 1337 337 1210 2331 1707 169 1855 2236 2124 2350 1588 2141 2271
1331	2025 1632 2508 2246
1332	941 1253 1909 875 1618
1333	2533 2652 2503 2496
1334	771 244 249 994
1335	1050 1320 843 964 2464
1336	1489 1114 1948 2843 60
1337	2123 1726 1702 1966 2503
1338	1868 2042 2353 2608 2540 2368 1817 2532 2495 2217
1339	2674 2725 3084 462 2193 178 3182 232 2628 2570 2736 2493 358 2778 2643 2886 2555 1433 299 2720 339 2123 1193 2916 2963 2863 2877 526 2773 2962 2899 2705 2855 2586 2904 2766 2616 1991 2683 1192 2821 2279 1345 2300 2706 2474
1340	2607 2942 2976 3517 2838
1341	1481 2144 2265 416
1342	3027 3033 3541 3417
1343	934 79 2079 1210
1344	1379 2689 2505 1983
1345	333 1 3043 2095 2003 459 164 2075
1346	1777 2413 1546 2422
1347	2948 70 1376 719
1348	2707 2315 2013 2798 739 50
1349	1673 1739 597 1750 1707 1580 1777 1530 1738 1703 1973 1695
1350	3308 2214 3340 3512
1351	1966 1565 2007 1555
1352	2122 2049 459 2125
1353	226 3399 1990 555
1354	2906 3314 3461 3020
1355	1427 370 1514 250
1356	1192 3084 1484 3182 1673 3037
1357	1540 223 287 196 207 868 320 1213 2435 1440 1538 891 721 727 986 1913 158 1651 155 872 299 176 802 169 1778 407 3052 1395 1952 319
1358	908 593 1689 2150
1359	428 303 460 552
1360	2831 3420 3493 3311
1361	2422 2411 2469 2405 2519 2350 2432 2144
1362	539 920 1420 179
1363	1780 1112 901 1041
1364	2092 2119 2011 632
1365	908 2090 2035 1103
1366	1837 1839 1970 1707 1996 1881 1919 1863 1695 1850
1367	1774 1341 1598 214 1788 696 1615
1368	1862 1766 160 1317
1369	226 2791 2210 1483
1370	650 2976 475 1012
1371	874 516 18 930 920 1167 278 869 839 961 694 2563 2832
1372	397 1867 838 1120 636 1088 874 612 248
1373	2388 1849 2413 2164 1607 2432
1374	1966 1992 1891 2124
1375	378 1690 751 1777
1376	1980 2173 749 2150 1544 2283 1526 1844
1377	2224 2123 572 2568
1378	538 129 1741 495
1379	1103 1674 1097 1651
1380	2512 2508 616 2505 476
1381	2006 874 1526 1626
1382	2243 3 1932 741 2284
1383	459 834 1983 963 965 1028 1026 2702 1022 2117 947 606 821 3 1526
1384	2662 667 660 417 710 416 805
1385	3191 3353 3462 2488
1386	3559 3447 3363 3461
1387	380 2630 383 3280
1388	1909 1857 1914 1672
1389	153 1457 779 539 158 713 1699 320 2123 318 1388 399 167 319 309 1944
1390	2558 2025 2243 2542 2465 839 1875 2123 2676 2612 973 1 697 2383 2522 2410 2462 764 2673 2373 2659 2598 2535 2536
1391	1446 3199 3479 1990 940 1545 1167 432 2921 2790
1392	2054 2336 2371 2383 940 2105 2225 2558 499 459 2222 205
1393	46 70 334 2099 560 364 366 1145 1363 2300 2517 1809 546 126
1394	343 1981 1848 2077 1834 1496 1679 1921 1341 960 1688
1395	1275 820 75 1218 77 1329
1396	2043 2231 1986 2311 2091 1072 2006 1544 593 1410 316 195 71 2215 416 2255 1526 2003 323 2284 866 2283 259 749 164 186 1353 238 2224 166 961 1108 129 930 2246 580 734 1109 876 2201 1606 1937 2200 1650
1397	2413 2381 2419 2422
1398	2885 1888 994 1002 2144 578 2535 343 290 2164 2647
1399	1611 1724 1673 2052
1400	2593 2331 2383 2474 2483 2575 2278 2539
1401	2365 2091 2106 1280
1402	1810 48 179 1366 2377 2026 1341 287 2208 2010 2144 1989 1769 615 432 1720 2280 689 1241 1529 585 2077 1183 1092 1962 1951 176 2247 1621 1013 2140 1777 1847 1637 1799 1282 1249 2464 580 2249
1403	2411 1777 2413 1966
1404	650 273 276 274
1405	2338 2317 2245 2144 2407 2159 2432 2331
1406	1130 1107 1768 1104 1543 1533 944 1693 82 1473 3162 1035 841 585 877 586 48 379 1421 2629 994 2412 2246 2707 1334 1806 2508 297 1582 1602 1012 818 607 298 2150 2825 2231 50 1118 1933 1325 1216 2363 1177 2623 706 526 942 2048 761 2562 49 56 305 721 3261 2204 10 58 1293 1901 377 257 639 605 2283 1720 584 2692 289 1531 857
1407	2215 2200 2173 2035 2371 2221 2243 2043 2044 2229 2194 2006 1799 2009
1408	2372 2381 2067 2051 2222 2422 2409 1966 2394
1409	1735 1699 1726 1799
1410	2025 2284 1666 1959
1411	2542 1679 2285 1513 2161 2605 2672
1412	772 788 744 784
1413	200 198 1746 179 399
1414	2257 664 425 609 661
1415	1142 1966 3290 2787 949 2 945 834 1013 217 2224 1883
1416	2581 2096 2706 2167 1981 2568 2444 1480
1417	1814 1730 2284 876 2296 1045 1353 1230 741 1582 239 1254 432 1252 1980 1689 1844 1872 2266 2243 2164 1688 1971 95 2288 639 2200 2325 520 947 2150 1790 380 989 316 499
1418	2280 2252 1581 1889 1081 2208 1491 1775
1419	1549 624 1910 823 2280 895 2163 1761 838 3 694
1420	746 749 961 593
1421	1669 1837 1555 1495 1376 1996 1748 1588
1422	2409 2466 2317 2407
1423	99 372 391 716 373 1746
1424	1770 2204 894 949
1425	284 933 1251 2355
1426	2635 2335 1517 821 1332 2384 899 3165 2166
1427	803 1396 626 1561 811 841 1128 1313 1246 510 2621 1017 834 1614 302 1395 482 844 243 1142 831 1604 547 197 196 1095 1538 896 805 986 1541 112
1428	3480 2998 224 2508
1429	1777 1423 1530 322 1707 579 1481
1430	1100 1263 1260 1596
1431	703 1889 1564 1583
1432	2702 3173 809 2662
1433	1819 927 960 346
1434	1583 1258 1893 1857
1435	2094 2722 2696 2968
1436	3541 3417 3149 3549 3257
1437	1890 2134 1821 1935
1438	2939 2747 3105 2840
1439	3524 3276 3475 3523
1440	1433 1271 241 1216
1441	1699 700 503 1799 1991 995 1423 1828 579 580 317
1442	3566 3001 3059 3353
1443	2419 2626 337 1336 336 1546 1777 169
1444	2443 3022 2998 2065 2995 3150 2965 2126 2986 3105 2936 3163
1445	1693 176 3106 50 172
1446	2072 1118 1963 1667 2043 2025 874 1481 2003 2224 1787 2150 218 2119 219 469 323 2541 2286 2309 1980 2275 1974 2164 1582 2221 2200 1661 2505 2284 2140 2246 1699 2384
1447	259 460 844 2072 258 782 821 434 464 1794 834 1816 798 666 1507 771 2092 103 95 2179 1616 448 1959
1448	2224 1950 2265 2124 2144 2271
1449	1539 1058 2990 919 1617 1059 2239 1064 1540 1368 462 1541
1450	970 373 1023 301 3150 408 1290 649 425 48 2113 793
1451	2505 2576 2400 3032
1452	2693 1053 1684 1434 1862
1453	2793 2938 2977 2313
1454	874 384 652 271
1455	2123 2460 2229 2643
1456	2070 1555 1970 2236
1457	522 2216 2370 2386
1458	1699 261 1600 1504 1671
1459	3165 1414 2286 2563
1460	2144 1812 1881 2123 1799 2230 1966 2234 2141
1461	954 1769 899 922 858 815 822
1462	2830 3305 499 3290
1463	448 1484 1013 2455 2 994 798 656 283 797
1464	2302 2568 1253 2614
1465	746 1689 540 1353 1653 1779 1007 1817
1466	54 1247 2738 2818
1467	999 974 1004 20 836 1640 531
1468	1501 1503 168 1720 2224 1906
1469	1848 2922 50 1770
1470	147 81 1572 1264 405 1123 733 1308 518 146 1091 1305 370 150
1471	578 994 283 1257
1472	670 1380 258 508
1473	1787 2508 2006 1410 2150 904 538 1986 238 1100 1782 930
1474	2482 2432 2422 2050
1475	1890 1888 1846 1597
1476	1827 1866 1755 2619 2428
1477	678 683 700 2150 2025 1721
1478	551 550 876 1613 549
1479	71 495 469 2542 2194 2173 538 2465
1480	2280 2373 1319 2009 259 2056 2185 50 536 2221 3233 2742
1481	2025 397 834 947
1482	1490 2371 958 2054
1483	3365 3086 3158 3182
1484	1799 261 2054 1923 1944 564 1594 322 1812 1658
1485	1421 20 56 994 159 1693 580
1486	1506 139 956 1427 545 1183 908 955 1341 1689 930 137 1844 692 1761
1487	2746 2732 2820 3019 2526
1488	284 3408 3427 3153 2470
1489	3353 2865 3403 3434
1490	2912 3060 2838 3193 3261 3148 2887 3303 3169 3463 2918 2919 1752 3074 3142 3058 2964
1491	2215 1799 2541 2371
1492	2887 2496 2266 1756 2508 1981 1741 1010 2283 2687 2225 2460 2161 2286 2422 2599 2610 2631 2046 2736 2043 2711 2653 2904 2623 2516 2545 2178 2565 2309 2641 2560 2229 2173 2799 2443 2502 2279 2399 2389 2672 2254 2647 2332 2668 2737 210 2208 2720 2718 2536 2682 2581 1 2271 2674 2411 2306 2284 2855 2275 2714 1826 2673 2586 2230 2397 2703 2569 1920 2464 2652 2755 2236 2689 2513 2519 2709 2338 2659 1704 2344 1842 2613 2965 2436 2704 2509 1570 2243 2593 2558 2846 2570 2548 2719 2676 2575 2607 2469 2662 1986 2285 2278 2456 2147 2708 2726 2292 1585 2108 2648 44 2900 2373 2698 2515 2626 2371 2635 2214 2454 2757 2998 2741 2386 2603 2616 2505 2410 2578 2628 2105 2343 1381 2627 2735 1923 2462 2150 2265 2683 2221 2466 2280 2606 2446 2268 2215 2141 2331 2035 2200 2541 2690 2612 2498 2383 2450 2522
1493	1689 682 1749 1006
1494	53 889 283 1078 218 994
1495	791 792 150 1163
1496	615 2826 692 128
1497	1819 894 522 2071 1888
1498	3502 3547 3379 3528 3509 3242 3390 3363
1499	2160 2711 2124 2224 1850 2234 2144
1500	1335 887 293 2952
1501	2150 2413 1937 2233
1502	1122 615 146 1501
1503	3169 3078 876 2163 3058 2313 3162 3056 3061 3176 3159
1504	469 215 104 476 481 1255 1622 1796
1505	2098 1744 941 3410
1506	2890 1908 2625 2071 3249 3081 591 2104 2161 2479 2283 2144 586 542 797 2706 2702 2370 2006 2483 2988 2742 2257 1772 115 585 3511 1362 1006 2904 1529 506 2936 947 3111 522 3296 2989 3066 448
1507	2160 1468 2278 2256 2088 2224
1508	1707 1209 2124 368 1850 541 355 361 763 1488 1966
1509	1765 1748 1756 1723
1510	2737 2508 741 2255 1954
1511	2256 1336 2121 2050
1512	1212 1340 1578 1476
1513	2400 213 996 983 2253 240 248 1039 1438 984 1963 221 1676 1471 1021 247 1248 2761 262
1514	63 660 825 1795
1515	1390 427 1435 2043 1035 289
1516	2284 2576 618 1335
1517	1611 797 1590 1871 1981 1223 2053 821
1518	2119 1182 827 463
1519	1582 1600 749 1104 2283 1937 2284 2246 2150 360 1689 2156 1836 1118 2043 2006
1520	1027 136 1142 1035
1521	2077 2184 917 2147
1522	1673 2124 2144 2271
1523	1673 1191 2432 2338
1524	1663 405 692 1720
1525	440 2728 1255 325
1526	2256 2432 544 1546
1527	1699 828 1033 169 578 295 378 853
1528	3224 3200 1079 3176 555 3163 3192 3193
1529	599 524 559 376 379 377 408 160
1530	142 1307 2421 2577
1531	2349 2638 2250 2200 1517 2630 1248 1529 2277 1796 1653 1534 2095 2255 1012 1866
1532	3476 3407 3473 3318
1533	1940 2648 287 1045 299 2673 300
1534	1885 1792 613 1991 1395 1799
1535	967 1582 2164 355
1536	1484 1826 540 834
1537	1340 1812 1149 106
1538	773 309 3 289 200 176 297 399 1746 179 178 2176 425 774 298 286 189 308 299 1802 2204 1745
1539	2025 746 754 741
1540	2723 2832 2025 3174
1541	315 2573 692 2969
1542	2151 1186 1857 2120
1543	3463 3298 2826 643
1544	643 950 2025 894
1545	1491 1906 1720 650 1925 477 304
1546	771 790 960 1785
1547	1204 2725 2234 2627
1548	2383 2025 2243 2284
1549	2018 1979 2037 1959
1550	1582 1118 1281 1278 344 118 1613 1544 1981 1857 1512 1653
1551	591 675 673 682
1552	3332 2973 3356 3329
1553	2236 2317 2432 2331 2405
1554	3348 910 3114 3297 2922 3552 2620 3148 3077
1555	1854 1966 1890 1863 1837 2503 337
1556	1787 3 75 1946 2257
1557	2238 1891 368 2331 2254 2422 2081 1649 3396 2051 2049
1558	1761 3280 2501 2433 2351
1559	1737 3159 3176 3291
1560	1034 1026 1030 969 1042 972
1561	2486 2284 2025 259
1562	1392 289 2144 2050
1563	429 459 2623 1914
1564	1074 2166 1089 2505
1565	2408 3094 1021 2779
1566	2359 1966 2371 2413
1567	593 2131 1689 164 2044 2371
1568	1588 2124 2234 2317 2236
1569	1755 1810 1350 1844 342 138 1866 897 1582
1570	1611 3079 3353 3294
1571	1527 743 994 739 757 947 3081 1704 2693
1572	1821 1809 125 1500
1573	2545 1564 1752 2524 2072 303 770
1574	1027 1026 1031 1003 1000
1575	3215 1213 1376 2144
1576	3069 1614 886 1964 1265 1746 1766 2123
1577	520 834 908 716 1777 1005 807 176 2558 808 1672 217 1001 164 499 2124 1100 368 1688 1070 179 591 995 2765
1578	1454 114 1531 0
1579	1698 2206 2083 2226
1580	2697 205 743 1901
1581	2174 3280 416 1680 2311 384 580 3298 3290 3159 3291 1425
1582	397 2506 1804 2107 1349 2610 1184 50 48 551 1908 527 2576 1529 549 861 788 1688
1583	491 429 1474 3114 1078 780 90 1589 265 655 2 1616 2072 827 979 674 2696 303 1236 433 656 771 3174 2843 1324 658 91 3094 434 622 85 455 1542 411 425 471 1412 96 671 505 3348
1584	1524 1209 2332 2487 2539 1686 1199 1222
1585	766 2778 2658 2765
1586	763 2050 994 179 218 1092 2137 217 176 3 1191 1213 2155
1587	513 389 645 2975 433 1093
1588	3543 3073 1880 3246 3162
1589	2117 2164 2224 2147 50 2309 1223 2248
1590	2623 1225 2840 3090
1591	3 2257 1076 994 1060 901 249 1035 2710 1322 1051 2119 381 226 654 1505 315 263 428 798 248 1013 717 426 416 1746 1391 664
1592	2643 1820 2051 2358
1593	3382 3255 3025 2926
1594	1253 353 1673 1734
1595	846 1693 2515 1094
1596	1188 1253 932 1565 1931 1618
1597	1414 1531 545 834 128 2384 215 2552
1598	1253 591 1672 2125
1599	2121 2046 1750 2161 1310 1546 2158 2096 1672 1734 2025 2202 1309
1600	964 2553 376 1366
1601	384 373 372 248
1602	403 112 1833 929
1603	1530 3182 2462 3381 3366 2536 597 961 3365
1604	2331 2292 1197 2238 1635
1605	2576 2876 2744 2765
1606	3173 2605 2846 1061
1607	2444 2495 2093 2530 2505 2733 2479 2511 2525 1590 2647 1967
1608	1920 2077 1817 1689 2015 1728 2111 172
1609	2826 3246 3083 2947 2998 2986 3222 3088 3358
1610	753 1405 1941 1883 1668
1611	499 1093 1618 1089 2214 2045 1862
1612	49 2003 2265 2025 2095 1974
1613	2565 355 2111 343 2523 2400 2524 2005 606 153 880 2576 361 168 354 1752 553 2464 22 594 2363 859 2309 551
1614	558 1491 1343 1869 1909
1615	2801 3499 3498 1665
1616	416 2946 2892 2508 2865 2919 1613 2917
1617	1335 0 293 638 845
1618	2389 1981 2650 2050
1619	547 1059 382 415 194 1159 1591 1419 1651 1946
1620	3338 3171 3298 2991
1621	319 621 153 1828 916 3168 1013 1345 995 2284 1745 687 1799 1462 2464 442 961 2164 1423 50 19 1295 197 391 201 355 1147 2676 3 2044 2162 1688 1693 1149 1594 634 1786 432 986 2054 2025 29 367 853 2605 1991 1626 828 1699 2105 1272 577 459 2569 166 1782 224 196 1726 3094 301 499 525 1735 137 2540 163 1105 176 243 179 2882 1940
1622	253 236 1267 1792
1623	2285 960 1611 2607 1981 2386 2856 3010
1624	2454 2641 2714 1191 1546 1488 1565 1777 2536
1625	178 2095 1828 2001 2063 2156 2006 1699 2035 2057 2153 2049 179 2075 2019 1969 593 1750 1981 215 961 532 1966 2003 137 558 1689 1350 679 2025 1950 597 499 1970 2044
1626	2325 2228 1853 2133 2464 1599 2498 2872 1889 2290
1627	3007 2515 2838 482
1628	2 658 772 3
1629	3297 3093 3171 3345 3346 3438 895 956 1497
1630	2384 680 3453 3165
1631	3150 3348 3200 3280 3403 3281 3221 3327 3178 3410 3346 3261
1632	2057 1611 1888 1981
1633	1038 3 1828 1959
1634	930 2371 2293 2462
1635	672 491 519 638 2345 966 707 901 446 439 1048 1041 437 90 1226 269 2 834 967 1356 470 489 671 508 259 2342 471 1462 484 733 95 1050 630 85 1796 479 646 2783
1636	2866 2813 3110 2564
1637	2292 1820 2454 1565 2271 2350 2254 2466 2422 2160 2474 2051
1638	1528 1199 546 1560 69 126 46 1211
1639	3272 3515 3523 3363
1640	1693 660 1825 1400 49
1641	1032 1037 1602 659 845 654
1642	2950 2804 3264 3369
1643	3426 3359 3386 3451
1644	2144 106 2358 2536 2271 1199
1645	2854 2903 2940 2841
1646	1819 1777 1765 1888
1647	1585 1530 1694 1673 1660 1695 1426 1649 1580 1850 1376 1705 1707 1881 1966 1727 1636 1773
1648	1623 1639 873 276 648 265 273 275 3134 651 272 592 913 649 1780 271
1649	179 1313 1163 1388
1650	1468 746 593 609 540
1651	556 85 464 475 1050 448
1652	1376 1085 830 120 808 153 1228 1604 312 766 358 799 2204 1142 679 321 681 106
1653	3284 2464 3260 3281
1654	499 632 325 2393 1569
1655	397 2021 573 790
1656	1472 2076 2381 1183 1938 1664 1684 2452 1662 1880 1242 688 1243 146 1778 694 2212 25 1844 1966
1657	244 858 130 91
1658	2886 3069 3244 3168 2676
1659	2405 2483 2338 2422 2539
1660	2482 13 1590 2132
1661	1699 1799 1614 1250 1070 545 1014 1636
1662	2095 1782 1263 1828 1799 1423
1663	2837 2971 2938 2745
1664	1345 1257 2106 1921
1665	1572 176 1367 2096 402 1309 1294 1305
1666	1693 2119 1013 218 1036
1667	1679 1257 109 2768
1668	2629 2137 2373 2371 1848 1989 2870 2799 2464 3150 3069 3123 2824 2769 1561 3097 2657 3246 2887 2981 278 3060 2837 3481 3261 2882 2668 2284 2581 2384 2123 2818 3099 3168 200 2827 2698 3095 3427 2610 2111 2676 2832 3077 2623 1986 2072 2825 2462 2930 1746 3169 2383 2210 2164 3297 3345 3337 2336 3092 3190 0 2582 2800 3152 3161 2063 3103 2998 626 2537 2943 226 3309 499 3122 2704 2229 3173 2886 2456 1606 432 3124 2876 3286 2119 3153 2044 2619 2900 2912 2726 3325 178 3114 3178 2846 2690 2558 3358 2605 2847 2313 3007 3078 2985 2937 2672 2826 2831 2673 3270 2440 480 2541 3061 2764 3073 2840 2545 1745 2947 3011
1669	784 1435 1062 1056 385 1048 739 743 265 1616 1055 2447
1670	1893 2145 1889 1857
1671	2225 2410 2043 749 2870 2541 1570 2173 259 2612 2998 2847 1658 2462 2095 2215
1672	3367 3414 3408 3429
1673	98 415 417 416 1968 419 2116 1605
1674	1533 1640 313 2357 1425 901
1675	1883 1579 176 1572
1676	1034 1029 1023 1027 963 1026 2100
1677	2125 1931 2144 1191 2276 1646 2122 1565
1678	949 2673 1768 2351
1679	1453 2740 2473 1134
1680	3389 1718 3426 3533
1681	1680 2252 633 1746
1682	2402 1108 1658 891 2570 2548 2529 107 2534 876 2221 2311 2615 2535 2376 2463 2602 2513 36 866 2410 1410 2268 993 2279 2142 2649 2464 2598 2902 217 1724 2528 1950 1601 203 2599
1683	2432 2540 1981 1672 540 927 861 1582
1684	2763 2892 1118 2147 2745 2986 2887 2696 2322 1759 1848 2976 2882
1685	1614 696 2311 361 1086 1007 325 2021 1799 2422 967 2 2144 2011 1308 2310 2215 283 2371 179 2464 2411 989
1686	797 1840 1210 1777 3150 2274
1687	992 179 1627 189 3 442 396 463 1930 802 1400 1940 1538 1433 774 601 580 1401 283 1614 851 1532 1631 1036 617 284 1421 1324 545 839 254 1449 266 193 1089 200 1163 840 399 279 1953 634 859 520 842 680 587 474 982 1729 280 1656 986 423 1952 201 1815 191 813 1396 773 287 1693 1465 410 1395 413 295 176 1539 1745 432 414 319 1964 828
1688	550 2057 797 2096 2444 834 552 1817 551 346
1689	1848 2117 1497 1349 87 1819 1720 598 79
1690	2833 845 1041 642 481 12 495 3174 1576
1691	2625 2673 2676 2930
1692	1734 2560 2533 2536 1686 2570 2432 2468 2539 2503 366 2513 2483
1693	172 2635 952 926 1130 2464 2567 1564 1189 2061
1694	696 2224 1615 2309 2050 2164
1695	1047 272 1331 1472 1672 578 305 2826 636 1603 2591 429 226 1253 1825 772 411 1745 244 666 782 1862 1365 2264 527 784 434 1386 439 2257 245 785 555 2693 864 1366 1054 966 213 1076 788 1428 373 551 648 1002 652 979 1878 550 255 389 1053 459 2567 1018 428 263 2688 821 49 1484 540 2843 1776 1611 1533 435 1035 1060 246 964 667 1435 1391 1451 790 479 1093 844 419 425 77 446 2696 1062 645 798 1402 2882 1012 826 651 554 1568 1132 75 786 381 315 178 1138 761 2212 2672 718 385 875 1747 1061 3269 1794 2829 934 1656 390 862 553 2096 1334 375 402 706 776 1364 408 801 1795
1696	1118 1600 1611 961
1697	952 2672 1975 2106
1698	1254 1255 624 53
1699	1642 106 1996 1289
1700	2534 2346 2011 2465 2360 2009 2367 2208 2087 503 2827 876 2542 1777 457 1314 2319 1313 2545 2601 822 2050 908 463
1701	3502 3262 3533 3180 3553 3564 3381
1702	3045 2900 2847 2982 3150
1703	315 1078 618 1920 2742 2164 2505 236 660 567 2799 176 1983 2020 967 244 1075
1704	1135 961 442 2486 1041 114 885 2488
1705	1993 2483 2560 1201
1706	2091 2693 1147 757 961 1954 876 118 754 2161
1707	29 1601 1090 579
1708	2790 3231 3085 3499
1709	836 844 526 562
1710	2395 2542 2432 2410 2156 2399 2513 118
1711	1562 1672 1817 2083
1712	2265 2870 3069 3082 1915 3124 3499 3095 2019 3164 1923 1627 3190 2676
1713	2698 2516 723 1190 39 1630 1491 1070 551 822 2980 2068 2822 1172 2837 1889 1188 429 2827 1848 2625 1557 1656 669
1714	128 1909 1253 3353
1715	2933 2488 416 2710 2981
1716	1000 1413 2723 409
1717	1104 2630 2246 1107 874 2025 1600 2508 2408 1118
1718	1078 434 771 1324 966 90 822 278
1719	2162 895 540 1672
1720	2017 1752 211 949
1721	2351 211 1752 1139
1722	1350 1781 1936 1657 1637
1723	1508 2405 1338 1155 1014 2046 2338 1375 716 44 338 36 22 2436 1750 1635 42 1566 2358 2496 32 358 2539 973 2453 1993 2278 1222 1207 1548 2051 2643 38 217 987 609 1208 2379 1045 1358 2254 2332 1149 679 360 31 1574 1835 1378 1820 261 34 2160 561 202 28 2263 1348 2471 1612 2454 2469 1891 1987 337 1447 1147 2222 1313 2292 106 1200 1192 2627 2178 321
1724	741 283 274 1107 650 1159 273 660 651 1012 1766 155 426 942 2266 648
1725	1673 1727 2422 2596 2652 22 2413 2236
1726	350 1011 933 871 1097
1727	3165 2704 2622 2702 2698 2696 3012 2423 2025 850 2545 1775 2625 858 2690 2641 1341
1728	2508 443 2535 2623
1729	1862 800 2032 696 73 1061 2096 1921 1397 1365
1730	2548 2462 2575 2544 2383 2222 2410 2765
1731	2818 2936 2696 2799
1732	2764 3176 3142 2716 2763 1581 3298 2742 2887 3463
1733	1083 21 3124 277 1232 27 403 425
1734	2583 379 376 2742
1735	1320 1410 459 182
1736	1222 2144 38 2271 2067 2236 1283 1508
1737	790 643 771 994 1785 540 522 2117 1002
1738	2043 2161 2003 2200 2221 2173
1739	3402 2772 2810 3034 3495 3033 3401
1740	459 947 1414 469 129 281 113 325 733 1097 1129 360 316 284 1019 1108 1079 724
1741	1445 2526 994 2152 2020 294 2583
1742	3193 3192 3159 3147 3185 3197
1743	2438 2397 2286 2541 2462 2465 2265
1744	2317 2409 2230 1191 2278 1673 2338 2271 2234 2359
1745	2399 2486 3007 2495
1746	1009 2083 2074 2226
1747	2279 2541 1636 2657 493 2548 1546 987 731
1748	2788 3282 3144 3243
1749	2486 1081 3290 1618 3443 416 3291
1750	400 950 3491 2204 637 1711
1751	1937 1844 342 692 2173 2043 118 105
1752	259 1600 1777 2542
1753	1653 2515 746 2224 2091 2284 1353
1754	2015 2107 1920 2030 2164 2077 1910
1755	3103 128 1880 2571
1756	732 2693 743 739
1757	593 540 122 558
1758	3345 3270 3272 1127 3003
1759	218 2243 2284 2298 1039 2313 255 2290 2275 250 1859 2317 221 2285 1963 2286 2283 2205
1760	2217 2370 2181 2226
1761	429 233 275 1925
1762	1332 1230 1569 832 740 58 182 1474
1763	780 2568 1007 744 374 1657 2732 1274 93 1804 2220 658 1189 2989
1764	1242 643 1611 1297 82 1421 765 249 231 183 798 1618 1400 875 2057 165 206 419 652 168 2704 653 213 1171 1545 1953 313 797 414 226 659 200 615 825 1746 1308 723 218 309 140 315 1035 407 578 2137 701 1013 50 1533 851 667 1078 1985 1912 2413 283 606 994 2505 1920 572 53 888 664 1529 399 292 308 2576 1179 1324 1418 822 1385 648 1175 86 1002 1802 1902 2176 459 660 522 807 355 319 784 49 247 2117 2269 713 574 2702 1471 2092 1173 1327 248 312 1819 305 894 3 558 853 245 229 397 616 577 2224 1253 663 286 1745 1602 417 56 244 60 416 2761 2144 540 859 147 1631 1795 1778 227 384 771 201 375
1765	2485 2845 2413 3543 3103 3084 2354 3061
1766	2535 1721 700 3069 2598 2265 2870 1263 3124 3150
1767	933 2610 887 139 1112 843
1768	648 1002 947 1078
1769	716 1516 719 733 724 791 834 513
1770	25 1588 1215 1145 169
1771	771 3290 1166 305
1772	3472 3536 3546 3101
1773	217 397 2048 2581 3193 877 2742 695 2922 1255 2676 2838 2025 2946 506 2076 3154 2524 2241 3075 2140 2917 2846
1774	3010 2723 3009 267
1775	808 830 1137 653
1776	2371 1896 2361 2061 2265 2288 2208 2348 2117 1960 2072 2224
1777	3445 3009 3523 3324
1778	3239 3375 2864 3368
1779	3072 3285 2331 3091
1780	1555 1777 682 1330 673
1781	1196 1646 588 1488 356 1289 2815 2565 1147 1200 546 36 1547 368 1145 1773 168 2273 28 2846 1191 950 1012 1376 1699 397
1782	1443 1951 397 3094 1458 2589
1783	1373 2384 829 1452 316 642
1784	2372 2565 2159 1149 354 2855 2292
1785	670 578 964 827
1786	3348 3347 3354 3079
1787	543 1108 3165 508 1097 1452
1788	1600 1777 522 1819 1009
1789	1909 932 2083 2368 1210 2147 1990 1920 2167 2164 2
1790	3332 3041 3344 3370 3361 3402 3027 2772
1791	467 455 489 466
1792	798 797 652 788 1324 1400 648 1076 411 772 289 994 1078 1942 85 1093
1793	2173 3006 3200 2512 255
1794	3427 3221 3448 3302
1795	1091 2161 797 1698 2181 1480
1796	1013 895 894 1611 2057 2576 1290 459
1797	2444 1036 250 938 1105 315 994 1602 594 95 2269 1314 249 2072 778 2096 1545
1798	1893 1813 1510 1663 1889
1799	49 405 432 3 1582 1548 572 874 4 875
1800	1588 2536 2254 2379 2306 2493 1863 2332 2560 2411 2469 1149 2418 2575 2503 1705 1972 2005 1337 2413 1530
1801	3054 3360 1109 3297
1802	1770 1599 1613 2164
1803	693 2302 2010 2396 2383 813 2296
1804	370 185 856 176 381 2352 1158
1805	2025 2558 2284 2087 2537 1733 2542
1806	2280 2117 1662 327 1909
1807	1556 1200 1612 2046 1978 1518
1808	2479 7 6 950 449 1078 397 1251 351
1809	2162 1597 46 2202 2136 2144 2182 1337 2245 2050 1846 2271
1810	2675 3010 553 578 2971 1909 2192
1811	1946 7 9 8
1812	614 2930 184 1567 1345
1813	1381 1468 1207 1556 1703 45 1727 1574 1201 1200
1814	1508 1748 1850 1820
1815	1954 1353 741 1653
1816	2479 784 772 1004
1817	3162 3007 3288 2464 82 701 616 1421 3448
1818	598 1092 894 1180
1819	1481 3225 3091 3337
1820	2407 2268 2815 2254 2519 2528 2503 2769 2654 2539 2547 1098 2611 2482 2555 2541 2383 2487 2627 2683 2513 2612 2648 2496 2560 2616 2575 2462 2709 2533 2469 2466 2460 2674 2478 2565 2676 2548 2586 2476 2493 2584 2604 13 1799 2536
1821	1422 675 1888 823 680 104 2280 522
1822	1922 1723 1743 1931 1555 1890 169 337 1198
1823	1253 2702 2091 754
1824	271 499 605 85 654
1825	675 446 1653 2161 139 741 2623 3481 267 1790 2518 2439 3539 2091
1826	1756 2271 2238 1891 2078
1827	3236 2906 2907 3113 2993
1828	1192 337 2050 2419
1829	3272 3209 2804 3214 459 3135 1505 3369
1830	228 1078 798 1983 736 82 245
1831	728 2382 1128 2245
1832	2389 1292 2226 1253
1833	1827 1661 2059 691 695 2689 2489 2348 2630 2255 1800 1986 2691 1932 2284 2025
1834	2522 2432 2521 2179 2787
1835	2057 1719 1714 636
1836	76 75 1780 2808
1837	3126 3559 870 1880
1838	1954 2091 2284 2255 2185 2006
1839	2413 2419 2317 2422
1840	966 1533 857 179
1841	2266 2123 2159 579
1842	2625 882 2659 2639
1843	930 39 259 119 2003 1410 166 2265 118 2522
1844	1357 2519 1588 1597 2658
1845	1067 284 2605 894 1427 849 1611 2426
1846	2693 1324 1963 255 1983 1901 2629
1847	2244 346 2370 2083 2389 2140
1848	891 1128 289 1923 2224 876 356 860 2371 868 164 1045 252 2043 764 747 205 499 699 2961 1446 1403 1043 166 1368 406 2204 1460 1019 1539 1110 1458 222 547 1017 1799 488 347 129 2657 1461 206 961 1041
1849	1547 580 2405 1191 2476
1850	648 2034 650 271
1851	2025 3304 3480 3308 3392 3353 3408 3150
1852	1963 2400 2576 1983
1853	3369 3272 3353 3354
1854	1613 1689 2367 2288 2325
1855	731 699 891 978
1856	3448 743 2118 3187
1857	398 818 394 2129 536 250 815 471 606 788 379 1032 671 809 416 805 709 2258 3026 1004 2885 248 1383 1144 247 780 827 1824 648 2583 1507 99 3105 400 2467 2980 245 733 814 273 565 655 837
1858	2188 1021 746 1353 246 984 1471 742
1859	173 1379 1909 1869
1860	1159 2204 1668 416
1861	1007 2057 2224 1672 2161
1862	100 93 2352 86 1714 659 667
1863	352 2641 849 540
1864	2127 558 2409 2125 2124
1865	2370 743 772 2181 1749
1866	424 1901 397 1749
1867	2874 2314 2574 1628
1868	2545 1190 2690 1189
1869	1724 432 1888 1777 545 70 2044 1614 601 587 1964
1870	2847 2676 2870 1636
1871	1584 2007 2051 2005 2049 1931
1872	2286 1021 1963 2400
1873	1818 150 1305 1269
1874	1817 1888 2071 1672 1510 1009 1981 1618
1875	1078 476 63 1878
1876	1972 2245 2161 1660 2125 1705 1819 2146 1673 1376 169 2050 2121 1840 1588 1966
1877	2341 2675 2686 3261
1878	2266 1565 2224 2265 2144 1844 165
1879	1614 1724 341 1791
1880	3 247 1613 633
1881	2288 59 2722 56
1882	3249 3064 3298 3277
1883	836 446 410 743 628
1884	723 822 1013 840 117 53 721 810 616 1067 50 2076 722 2472
1885	1386 2627 1780 1222 645 1478 1846 547 772 1076 29 137 499 1719 1812 2573 788 166 1522 1378 986 1560 2891 865 2470 2714 1546 338 2142 1231 129 2245 463 638 668 260 808 1972 2279 1337 2021 1230 1855 131 1375 1550
1886	2458 2302 2451 2154
1887	3141 2207 2576 3086 3465 3077 2985 2918 3154 2498 3148 3297
1888	2370 643 2235 1672
1889	1051 876 908 3 961 642
1890	2568 2524 1998 3192 2661 2635 2838
1891	2422 1612 337 2402 2413 2245 1673 2379 2271 2046 169 2419 1376
1892	1818 677 1267 1296 713 1672 1611 1091 2545 1492 2164 1817 2057 140 2039 2062 1852 148
1893	2243 1326 2222 432 660 1799 728 1920
1894	3312 3528 2994 3377
1895	2636 2627 2575 2650
1896	2667 301 224 1074
1897	1062 430 1095 668 1048 283 475 479 271 1049 1093 1514 618 664 1515 666 273 1052 395 1391
1898	335 1599 2096 934 956
1899	1970 327 1863 1972 2285 1546 1672 2144 2050 2136
1900	2117 743 591 739
1901	3459 3286 3272 3392
1902	1980 908 930 2006 1109 2003 1954 316 1796 2246 1735 1106 754 876 2215 1576 1108 129 2075 2091 2150 2114 1829 2286 166 2087 741 1939 2054 2173 2119 746 1582 2833
1903	2383 2095 2254 987
1904	2329 2162 2161 2271 1480 2422 2206 2050 2514 2432 1888 2465 1819 797
1905	3223 3494 3258 2992 3161
1906	763 353 1213 2155 1212 1215 1205
1907	2257 176 2534 245 221 2400 2529 961 246 2095 799 1439 1963 240 122 1544 248 1502 805 2515 249 183 244 984
1908	2 2257 656 3 672
1909	2050 1199 2144 1336 1312 1966
1910	652 3343 2150 2257
1911	3374 3339 2897 3369
1912	2003 2522 2432 1481 2025
1913	1685 1669 1831 1880
1914	540 1253 1889 1819 1909
1915	3372 2553 2505 1579 1795 2562 1075 1983 99 2704 2100 1135 2874
1916	3565 3463 3288 2976 1921 3222 3155 3142 588 3197 3427 1805
1917	197 10 1900 1858 2742 1681 1625 183 1737 1896
1918	1861 1558 1693 772
1919	2684 1602 518 2220 2562 1679 964 1489
1920	2100 255 426 1367 177
1921	2140 2035 2014 2156 2440 3222 2127 1986 2063 1493 2057 1678 853 2826 3098 2136
1922	894 979 2508 637
1923	3317 3179 3248 3273
1924	2121 2419 763 1424 1777 1145 1972 168 1181 2271 25 13 1890 1337 353 1210 2136 2000 1855 1197 360 1222 1966 1357 1690 1192 337 1199 2432 1191 1546 1673 2422
1925	2179 2212 1513 1817
1926	1993 1949 2046 1890
1927	743 218 834 475
1928	3386 3104 3276 2802
1929	2195 2184 2192 2285
1930	1386 2119 2573 1733 459 275 724 1107 457 240 650 219 424 651 1737 226 221 1613 260 273 1131 2034 2 250 2415 672 654 0 272 2257 2400 1438 1104 249 2025 784 2129 247 799 1127 2444 1963 743 648 1132 394 248 1639 2319 3 751 652 538 670 798 637 271 276
1931	1837 2202 1972 1903 2230 1887 2207 2144 2432
1932	2799 854 996 2902 430 1386 239 213 2563 2505 2689 424 2726 418 2054 3189 3032 805 428 799
1933	248 411 2119 827 1606 1582 1436 1505 808 664 654 272 2150 178 2376 1721 1611 1613 1076 1074 3045 278 2173 2440 2257 1942 1720 845 623 1661 741 2311 1747
1934	2368 643 578 1868
1935	1672 2465 540 1076 2542 771 85 642 643 2455
1936	2854 2350 2795 2405 2643 1777 2845 2483 2332 2476 2903 2774 2230
1937	2005 2245 2613 2024
1938	706 3105 2119 3150
1939	2576 2464 397 1611
1940	2615 2619 2991 3211 3165 3150 3095
1941	2576 938 3 2672
1942	700 1135 240 678
1943	1954 2235 2291 1950 2370 2676 2140 2117 2224 2196 220 2091 2444 2212 2335 2495
1944	666 664 654 668
1945	1535 3455 49 2910
1946	856 197 2549 2229 2554 686 2517 2555 2496 1110 2338 2595 2432 2384 1844 2436 876 2476 2461 2541 2006 2460 2478 2563 2626 2570 1069 2259 2606 2657 2612 2463 326 1154 832 2627 2358 325 1094 2381 2273 2405 2457 337
1947	2625 1153 1650 1980
1948	3530 3526 2579 3527 2111
1949	625 939 1828 2123
1950	2355 384 429 479 1861 510 263 226
1951	1036 2562 825 659 1035 95 2955 1421 216 1267 660 667
1952	667 785 426 92
1953	1207 1966 1208 2125 1488 1200 1837 1978 2405 1360 2845 1574
1954	3343 977 315 3066
1955	2505 2144 1123 1140
1956	1942 3009 1545 618
1957	1024 1025 1141 1131
1958	3561 3517 3260 3279
1959	1514 102 1121 538 1239 233 1625 459 749 167 611 1708 988 751 204 263 610 469 1006 996 938 226 240 1314 1454 520 1100 118 1236 8 1135 1120 1102 1507 920 915 262 950 166 375 238 244 1544 458 1600 39 1143 1321 1090 1107 1512 9 1237 691 249 373 1078 700 999 745 1313 594 247 499 1526 606 1587 1118
1960	1343 1185 2568 2646
1961	479 1167 403 706 1693 411 2926 963 430 1602 1421 418
1962	1706 1052 160 1633 377 51
1963	1015 670 9 654 668 666
1964	2265 2234 2324 2225
1965	2306 2436 2487 2469 2468 169 38 2405
1966	403 1093 655 2526
1967	114 876 961 908 2541
1968	416 147 1270 81 1306 636 618 216 1832 1737 797 573 166 593 1529 446 146
1969	2150 1139 2243 2266 1535 1544
1970	2248 649 894 1981
1971	2156 2225 2371 2245
1972	1881 14 15 355
1973	2410 2602 2535 2221
1974	2625 749 1544 2173 1980 444 489 821 656 466
1975	2473 2788 3522 3157 1131 562 2257 3384
1976	2226 2368 2212 2083
1977	2432 1777 1673 2338 2050
1978	3517 3103 3297 2864 1607 2495
1979	3463 3225 3176 3163
1980	169 1222 2050 1528 2144 1468 1381 2121 1734
1981	2432 2483 2424 2436
1982	3010 2955 1040 2865
1983	743 546 348 927 821 340 1007 1621 1909 1348 994 2121 757 1198 343 1765 1484 1679 1672 2770
1984	424 402 1057 1352
1985	2444 2271 2057 540 2432
1986	2627 2709 2626 2845 2350 2225 2593 2224 2383 2650 368 2268 2230 2648 2411 2544 2422 2708 2652 1699 2653 2306 2413 2271 2222 2432 3199 2714 2267 2317 3138 2904 2876 2596 1973 3244 2410 2870 2405 2332
1987	668 558 4 798 82 53 540 664 808 547 1133 616 715 397 1182 1481 578 713 2445 1132 643 411 423 813 620 455 797 140 2011 179 428 446 601 539 844 469 859 1545 459 2021 1136 375 666 1558 2119 432 1745 416 1693 574 90 1506 1942 271 717 463 315 894 466 1985 654 661 950 287 966 450 414 284 555 410 453 431 834 56 394 1093 447 551
1988	2123 2184 2641 2538 1956 3163 2288 2266 2089 2243 3185 3106 2229 1947 3479 2200 2291 2147 325 2706 2295 1685
1989	1769 2793 1534 2228
1990	3 315 397 1172 2576
1991	2081 2317 1705 2236 1891 2338 2141 2372 1588 2358 2332 1837 1993 2402 1911 2432 2379 1750 1840 2007 1649 2301 2324 1972 2306 2383 2292 2419 2159 337 2411 2168 2422 2350 2230 2158 2413 2160 1199 2271 2046 1555 1690
1992	2282 1159 179 3299
1993	3396 2317 3116 1750
1994	2072 672 1824 786
1995	2659 1451 3089 3061 2742 2154 3083 477 2846 2426 1766 896
1996	1937 1735 1812 1010
1997	2474 2436 2482 2476 2469 2496 2202
1998	2405 2338 2483 2350
1999	2214 810 822 2343 817 829 350 2371 2489 557 2826 1082 453 288 905 2563 1458 3083 2383 447
2000	1078 288 460 1332 1569 1595 1386 1324 1496 439
2001	1341 122 2247 127 2140
2002	2004 2015 1506 2538
2003	930 908 876 742
2004	2651 2495 2391 2206
2005	2659 2936 2025 2938 2681
2006	3180 3384 3344 3198
2007	2571 3505 2957 2887
2008	3383 3356 2679 3495
2009	2279 2647 2598 1410
2010	2388 32 539 24
2011	1484 1622 344 1777
2012	2683 2801 3138 2982 2769 2708 3498
2013	2049 2454 1673 2708
2014	2441 3031 2506 1777
2015	2501 516 788 2479 772 2079 109 448 956 475 527
2016	49 50 48 558
2017	1252 1251 1280 1281 1278
2018	2164 2314 2150 2283
2019	2459 2568 1960 2183
2020	2986 1827 2380 2246 602
2021	145 562 1261 146 1572 1266 141
2022	3485 3563 3245 2803 3523 3063
2023	2919 3267 2945 3420 3147 3192
2024	2768 3002 2003 2998
2025	2870 2539 1375 2708 1966 2136 2124 2182 1488 2769 1850 2741
2026	245 1656 246 506
2027	526 2971 1775 2745 2955 3010 1946 1699
2028	1735 2035 2114 2239 2215 2123 2229
2029	549 1412 850 2104 1785 786 551 2625
2030	272 648 651 275 273 271 276 650 2221
2031	1966 766 1210 2004 1528 1673 533 1197 1546 2333 1777 1819 106 588 1765 1924 546 1145 321 1215 679 2155 361
2032	579 2044 2025 1481 1828 2105
2033	2361 1104 2892 2837 2369
2034	700 514 1239 580 1526 1118 749 1107
2035	2496 2724 2519 3072 2469 2815 1207 1200 1360
2036	3308 1159 668 2380 661 654 3311 664 1133 2961 2794 2995 1413 3134
2037	2050 1950 1966 2222
2038	1011 118 3 344
2039	834 20 836 551 552
2040	2203 2144 2265 2160
2041	3138 179 2224 2522 2541
2042	2044 2114 2522 1919
2043	1267 1268 4 150
2044	2693 1353 732 743 739 757 2257 821
2045	855 8 65 182 514
2046	1131 514 652 218 873 850 991 1641 855 2473 1453 1436 924 1126 458 1645 893 2740 11 826 968 237 1133 1478 1138 913 384 500 1132 1141 51 62 925 332 536 2520
2047	578 1688 929 1510 1341 1720 1581 677 593
2048	2381 2575 2482 2407
2049	2643 2519 2496 2390 2168 1703 2471 2469 1530 1337 1707
2050	273 2125 1488 2432 311
2051	2150 1107 3165 2246 2059
2052	2192 1290 1669 2162
2053	272 740 1305 517 397 2618 1156 1631 1169 189 159 1304 1271 1267 1296 1746 2062 1789 312
2054	2006 1844 1986 2150
2055	908 2137 412 456 1882 2286 209 961 359 474 528 1940 1345 1346 488 387 393 814 443 487 357 596 1923 930 507 780 382 356
2056	3068 505 80 1489 2799 176 2723 2980
2057	3356 670 226 3318
2058	1335 444 743 12 1757 467 845 311 1527 1398 215 515 1455 478 496 502 492 685 871 732 834 501 1093 425 821 470 1050 463 757 1414 1095 481 439
2059	2495 2630 2162 1790
2060	2701 196 2131 601 3207 3069 3190 2558 3365 2410 627 3168 731 2383 317 408 3124 621
2061	1966 2134 168 2125
2062	2581 2610 2541 2515 2538 2524 2413 2578 558
2063	1705 1993 1924 1840 1819 1997
2064	1036 2812 1078 1693
2065	765 2111 1282 1770 819 168 374 1130 677 2432 2137 2039
2066	2444 1309 1480 2096
2067	1341 355 1290 1267 2454 1513 2167 533 291 1250 2151 50 346 526 2632 4 48
2068	3351 3335 3352 1537
2069	1980 2025 1526 543
2070	219 772 103 422
2071	2840 3408 1798 2747
2072	1703 2539 2292 2358 1820 1966
2073	2067 1697 763 1456 1212 2224 124 1894
2074	2707 58 3261 59 57 838 2111 2180
2075	3419 1481 1545 3456
2076	403 411 663 427 2164 675 1645 133 94 1157 1076 392 847 265 616 491 50 2111 274 682 887 1129 665 511 237 655 2 654 653 429 216 1920 1575 780 1795 275 1240 844 1752 430 2092 1824 3177 945 375 1123 876 263 433 1593 910 1252 1532 451 718 1251 1002 446 966
2077	1436 505 543 989 411 117
2078	1844 2284 2373 2957 2676 2091 1111 2025
2079	1700 1924 1839 1949 1837 1919
2080	3007 994 2164 1036
2081	619 2043 1720 1898
2082	2625 2998 3069 1413 2284 3156 2820 2224 1105 3150 1489 1522 691 164 961 2742 2508 1636 1699 2266
2083	3244 1913 1163 308 1886 728 287 254
2084	394 709 938 1144
2085	495 469 3481 3163
2086	3533 3413 3411 3532
2087	1909 1720 1844 168 605 1848 1155 558
2088	603 1950 520 499
2089	1734 1855 1468 1612 1556 1470 1167 1210 40 1546 1812 1588 1673 45 1208 336 1222 1200 1750 1481 1207 1221 1574 1192
2090	1850 169 337 1565
2091	360 1198 14 337 365 1336 286 25 1565 2230 13 1340
2092	2331 1735 2222 2541 1799 2265 2765
2093	3483 3121 3306 3468 3519 3237 3375
2094	2317 2245 369 1456 1654 1232 23 2893 1584 2127 2863 590 1476 2521 2627 1891 2418 22 2876 1203 2979 679 2160 1635 1289 1707 2256 1213 1578 1228 2292 44 2581 43 1145 168 1499 1705 2650 1500 1935 34 1197 1839 546 1195 1340 1973 561 32 70 1290 366 560 2611 368 2273 2156 2658 1488 2407 106 2560 69 1191 1284 2422 2565 1357 2203 1970 2359 1560 1703 2815 3153 26 1863 2110 353 27 1555 42 21 1547 1966 363 321 2051 521 67 1841 25 544 1193 2124 2674 365 2136 1498 1881 1196 2586 1837
2095	2465 2173 2266 2221 1937 2598 416 2397 1969 2542 2043 2612 2025 2489 2410 2373
2096	275 618 668 272 970 963
2097	937 893 3003 1380
2098	3420 3410 3427 3414
2099	2693 12 2515 1320 1454 282 3321 3083 2337 3079
2100	1960 2363 585 50
2101	143 2027 713 1269
2102	636 375 373 372
2103	1632 1164 1600 1590
2104	2098 1866 2128 2387
2105	1786 1707 1695 1588
2106	3364 2241 2077 3372 2205
2107	2409 2338 2359 2405 1210 2332 1191 2402 1588 2350 1673
2108	2885 3055 2625 2508 3052 442
2109	2764 424 2444 429
2110	741 2091 1353 2298
2111	690 994 1316 895 1769 2041 688 1013 692 677 903
2112	2004 1856 2292 1337 1145 1376 1149 2125 1970 2358
2113	2432 2301 2223 2429
2114	1980 1689 1653 2173 2255 1730 1143 1353 1111 2056
2115	76 2129 2505 1709 1558
2116	2345 984 85 457
2117	776 425 736 233 439 470 1050
2118	1754 1090 432 1088
2119	2065 1993 2162 2144
2120	446 1780 2021 2221 479
2121	1132 1134 2473 1141
2122	1716 1337 1655 367 1566 1376 1707 1584
2123	2091 754 1653 2133 704 607 1582 931 1104 257 696 1531 1118 3099 1872 3181 558 2296 1721 1251 1896 1353 2366
2124	2150 2265 1954 2229 2598 2465 2050 930 593 2462 876 1937 2025 1735
2125	2050 169 1673 1289
2126	221 648 274 650 612 276
2127	2576 555 1611 2147 2633
2128	1990 88 356 1313 1427 580 551
2129	1199 1863 1597 169 1846 1673
2130	397 2313 1022 963
2131	1972 459 499 2144
2132	938 2363 130 2464 2623 2280 2696 2316 2138 226 1790 1593 898 469 1668 1571 2208 1752 2688 2351 1787
2133	529 447 472 801
2134	308 1084 802 310
2135	1337 2144 1565 1212
2136	1768 437 559 2742
2137	2605 3162 3021 3302
2138	2125 1546 1837 1840
2139	3524 3264 3415 3544
2140	3084 2904 2628 2432 2575 2050
2141	1793 1253 1909 1510
2142	908 1484 2856 107
2143	920 807 869 2224 1070 291 905 603 36 2035 2044 1699 1987 1388 520 540 167 499 459
2144	2028 90 162 1480 1616
2145	499 520 1423 1295
2146	3244 2982 2095 1799 2025
2147	1632 1814 1187 2516 1980 538
2148	1451 1804 1874 1412
2149	2147 2281 2242 1817 2285 2247 1857 1888 2145 344
2150	1788 1685 906 1152
2151	2269 394 1052 864
2152	1617 2177 1668 3163
2153	262 247 1963 248
2154	3411 3273 3386 3469 3528 3374 3439 3445 3415 3421
2155	2224 2025 1910 2401
2156	2411 2136 2496 2462 2436 2394 2565 1695
2157	1914 1253 2241 397 677 216 2524 313
2158	987 205 2436 2643 2503 1482
2159	239 1675 797 1888 901 1672 788 475
2160	3108 3304 3534 3533 3544 3506 3163 3112
2161	1990 188 129 2289 908 2563 302 2003
2162	868 3365 499 2541 1043 2478
2163	1251 1653 1600 741
2164	2537 2681 2673 2625 2659 2689 2364 2698
2165	2464 2386 1920 1770 1888 2164 2184
2166	152 2056 1902 2100 1907 2356 2577 143 147
2167	1799 2279 2267 1930
2168	606 2505 1448 723 1408 1806 140
2169	761 1963 983 1051 1021 1123
2170	3304 3458 3229 3087
2171	2434 1179 1799 992 2373 1606 2243
2172	2050 3103 2161 2594 3084 1888 3150
2173	732 743 2693 757
2174	2021 1464 2629 2495 2400 3484
2175	3007 3150 3300 3547 3391 2161 3105 2811 3475 3415 2889 3389 3009 3163 3518 3298 1942 2016 2257 1112 3165 3563 3048 1848
2176	856 652 1544 472 226 908 188
2177	853 905 1062 198 859 1055 385 869 1054 1056 851
2178	481 496 807 502
2179	2325 1853 2399 2246
2180	2322 2492 2277 2320
2181	1844 1914 323 238 1507 2119 263 2025
2182	3361 3358 748 2594
2183	2515 2635 1136 979 248
2184	1646 2845 2847 2877 2855 2774 2422
2185	3083 1218 2077 1682 643 889 847 1505 2531 1611
2186	1677 1119 768 176
2187	1572 150 148 850 645 613
2188	523 495 283 1790 2163 788 1912 2971 2307 518 1144 1239 1416 2058 1817 994 551 1799 889 2072 3151 1105
2189	2819 3253 3329 3245
2190	741 2091 469 754
2191	539 3215 1284 1358 2534 3326 1010 1433
2192	1985 2356 1305 1396
2193	3400 105 536 3486
2194	2379 1222 1192 1221
2195	1185 1909 2288 2316 956 133 2220 1247 87 2183 2212 324 934 895 348
2196	393 2847 1522 443
2197	3244 3227 3231 3207
2198	3500 3176 3345 3202
2199	1734 2379 2419 2256
2200	2947 2308 3114 3358 3005 112
2201	341 1981 1672 2071 540 1484 946 1958 2162 1688 923 1613 2285 895 927 2144
2202	198 664 218 814 1030 82 661 616 844 1242 247 1901 176 2072 1042 950 375 1745 395 1008 961 550 248 668 262 118 1545 965 1035 255 499 305 840 800 429 963 1514 249 827 403 281 797 2057 3 342 1515 213 2576 1000 553 618 816 1036 894 637 245 1028 206 344 373 771 1795 1421 876 178 594 606 469 1785 652 397 630 1746 719 940 416 430 859 638 130 1473 372 85 432 920 551 986 892 95 459 283 1912
2203	3290 95 3150 88 3077
2204	416 642 468 2926 446
2205	2306 2487 2471 2503
2206	3379 3199 3522 3084
2207	3034 3401 3405 3271 3041 3025
2208	1771 1790 2797 2645 2590 2177 2952 707 2380 632 2399 1515 204
2209	2345 2647 2355 2319
2210	2161 558 3311 3357 3106 3340 3408 3321 3354 3320 3173 3463 3305 3427 3313 3353 3309 3327 2931 3191 615 3420 3443 1866 3347 3315 3465 3291 1689 3260 2857 3246 3178 3449 3338 1779 652 3319 3297 3270 2607 2529 3438
2211	3119 3226 3353 3141
2212	1636 337 2854 1058 2599 30 2720 617
2213	1828 2025 1722 1956
2214	3032 2969 2885 2820
2215	1118 2221 267 332 451 248 2240 2147 2072 249 110 2214
2216	3291 652 372 371 375
2217	2383 2309 2382 1113 2657 2260 2435 2413
2218	1007 128 2320 1910
2219	2200 1937 2050 2144 2173
2220	3458 876 961 930
2221	169 1013 1145 2371 1336
2222	1636 261 1788 987
2223	1695 2067 2908 168 2273
2224	1819 2014 1506 2212 964 724 1678 739 1532 745 1511 604 127 1611 2164 1661 718 75 77 2096 76 1089 1324
2225	2236 2105 1201 2460
2226	434 1473 1616 1421 967 1036 1693 2269 786 1785 1412 1451 594 2843 1533
2227	2124 1635 1311 2160 1199 1697
2228	1668 3150 3134 2311 3029 1150 2833 2832
2229	2704 2638 3291 3073
2230	2469 2432 2482 2350
2231	1177 950 894 356 859 2642 1046 1016 920 1322 961 2008 765 3 130 80 526 1680 855 468 87 850 1634 1217 3503 397 768 2037 1216 3060 876 1656 1013 500
2232	1118 105 1980 1600
2233	3104 409 3045 2602
2234	960 1672 2610 1688 1777
2235	237 850 2351 2018
2236	2411 2371 2383 2215
2237	549 2605 552 1662
2238	1644 704 602 1501 1255 1288 1708 1689 1906 1914 1662 1807 1898 1517
2239	432 520 603 499
2240	1601 186 885 2410
2241	1508 2560 1222 2513 1283 2390 2454
2242	1209 1147 2674 3067 2418 3086 3043 2236
2243	1193 1565 2237 1284 363
2244	1382 808 745 896 92 1423 1199 1636 768 1699 643 1976
2245	1932 2140 2885 1805 3163 1906 1956 1290 3236 1582 1502 1637 301 1117 1880 122
2246	1495 767 1574 1839 1376 2234
2247	197 3246 3307 3265 1545 1187 3173 845
2248	1179 230 1170 1173 204 1168 1171
2249	29 2332 1699 367 1636 2265 2125 2462 1735 1481 2405 987
2250	2535 2917 2396 2957
2251	1759 1866 2089 2246 2635
2252	539 2771 3289 2668
2253	641 315 2980 1127 2505 1144 1602 1324 911 3
2254	327 526 1319 1327
2255	843 259 961 188 278 345 635 1105 1551 532 1550 1109 1475 1563 1576 930
2256	3510 3528 3413 3523
2257	903 53 1267 4
2258	602 2006 1986 1733 961 1735 1159 1479 1171 781 589 2508 97 930 2583 2283 2275 1668 1796 2631 1628 1341 1708 2524 1617 1933 393 238 2535 2598 1636 2009 323 118 705 2087 1519 2056 908 412 259 876 2114
2259	945 1752 1389 2017 618 855 211 1668 1983 1768
2260	1527 743 732 2242 797
2261	1795 1164 888 2676 1630
2262	2404 3195 1139 3156
2263	1456 2792 2515 1618 2371
2264	1237 1236 1238 668
2265	272 271 275 265 651 273 650
2266	290 994 1171 2545
2267	2211 2296 2291 2077 2302
2268	553 1527 1002 966
2269	2558 580 2938 2799 3138
2270	736 1596 2257 1735 1946 1658
2271	433 1589 50 117
2272	1435 1387 771 1093 1430 402 964 385 2096 1390 1054 1684 1603 1472 1428 1095 1862 1397
2273	1887 1881 1890 1903 1860 1748
2274	1728 2090 1481 1956
2275	530 798 1002 1012 247 127 2491 1093 1795
2276	550 857 503 591 522 1672 211 2048 942 841 1888 1484 1590 562 549 553
2277	1351 491 429 433
2278	2332 2471 2432 2539
2279	1040 945 1187 1666 1752
2280	2542 118 2465 1531
2281	2512 3491 2638 3354
2282	380 1883 723 1582
2283	591 522 1819 1672
2284	1485 1247 1618 1036
2285	2191 2148 2077 1962 2076
2286	2742 2505 315 557
2287	2530 1705 1376 2245
2288	1586 13 1690 1707
2289	1254 1111 1582 741
2290	337 1695 1155 1996
2291	337 1547 1992 1673 368
2292	1690 2141 1578 591 169 1210 643 1850 1488 2144 1530 2536 1145 360 1001 2422 1660 1215 1191 1196 459 2161 1192 1707 1966 1340 1981 1546 2124 1777 1672 2050 1841 894 1197
2293	1056 265 272 273
2294	2329 2538 2216 2162
2295	1627 2005 2539 2081 1423 1694 1991 2483 1950 2381 2032 1350 1894 1844 1671 1227 1196 2097 1594 1828 1974 1743 168 1746
2296	2565 2159 2144 2432
2297	2193 1673 1528 2144 1198 560 169 1221 541
2298	324 85 1074 12 475 658 350
2299	445 110 1484 788 1139 416 1680 1796
2300	1589 176 1848 282 2843 1081 1187 1385 2077 615 1002 3142 2208
2301	2519 2539 1289 1222 2469 2454 2436 2432
2302	1390 636 159 2933 948 2072 1161 2629 2152 967 793 872 2562 1602 1345 2222
2303	2592 1813 2495 2689 2524 809 2368 3560 2288 1791 2391 2700
2304	178 2678 2155 1340
2305	2215 2222 2405 2238
2306	1382 1376 1555 2245
2307	2824 2965 2883 2829
2308	3163 3104 2949 3329
2309	1197 2989 2845 3103
2310	965 969 1028 1042 1022
2311	3546 2810 2791 3489 3064
2312	1963 313 2025 1003 1035 1824 1946 1974 1130
2313	1903 1895 1381 1597 1846 1922
2314	2588 410 840 1273 1342 2144 2626 296
2315	3348 3281 3169 2918 3443 3297
2316	2422 2539 2413 2432
2317	2287 2356 2685 2583
2318	1210 1970 1966 2329 2160 2588 169 2422 2432
2319	2132 1851 2209 335
2320	289 395 864 88 430 1514 638 654
2321	3297 1609 932 297
2322	1267 284 768 4 1313 80 610 215
2323	3234 2481 3153 3246
2324	75 3543 2377 914 2563 851 755 176 227 168 859 867 499 3215 2933 2091 3365 2676 771 172 3060 3508 3158 3517 3185 790 1345 839
2325	1524 1978 1468 2144
2326	3416 3071 3497 3378
2327	2968 3073 2807 2861 2803 2858 2896 2850 2840 2909 2942 2647 3011 2805 2946 2869 2939 2922 2956 2885 3010 3061 2916 2811 2852 2817 2843
2328	315 75 427 1804
2329	2941 1288 1611 3061
2330	298 3174 1988 2621 1483 1075 2629 2257
2331	1779 1848 1980 1983 1790 1909 1914 1672
2332	2351 3081 2704 2869 2153
2333	266 139 1066 843 301
2334	1118 2265 2006 2050 2114 1522 2317
2335	2411 552 1210 551
2336	1517 1251 304 490
2337	2384 2327 2518 1984
2338	2150 2221 2265 2225
2339	2558 1891 1337 2613 2683 1193 2317 2271 2585 1145 2067 1546 2136 2409 169 2141 2420 2658 1376 46 1588 2222 2549 1227 1191 2565 1890 368 1635 2245 2538 2256 2575 2144 2457 1481 2081 2519 1716 1155 337 1705 2379 165 2655 1199 1970 2358 679 2274 1340 2292 1357 2536 1812 1208 2124 1654 353 2449 2224
2340	2856 639 2837 2836 2335
2341	894 1826 1819 1672
2342	343 108 2432 2144 348
2343	533 166 1891 1970 588 1207 1340 1922 1215 1200 1282 1642 1376 1621 1924 1360 1528
2344	1372 1352 1257 1872 2140 1618 677 2947 1341
2345	2844 3277 3406 3131 3236
2346	2541 2371 1799 1981 2765
2347	2161 1937 2200 2150
2348	1193 2266 606 2869
2349	1738 2410 1799 2224
2350	1924 1019 1673 1741 1746 1763 432 442 1743 597 1466 1726 1777 1010 1844 997 1506 1820 1739 1840 1828 1253
2351	2015 1817 1981 1962 1920 1253 2091
2352	3528 3544 3533 3380
2353	3178 3524 3294 3322 3523
2354	2170 1488 2130 37 1855 1649 2146 1147 1895 1773 335 1700 1955 2375 2271 1145 1547 1673 2051 2317 2127 1221 2125 359 1734 1607 1210 1336 2232 46 1149 2050 1966 1863 1523 2144 1560 1376 2000
2355	1526 1527 1845 2025 91 732 960 2220 2770 258 2106
2356	547 1129 717 3219 1148 2342 3228 2959
2357	3199 1707 1966 540 1565 361 3187
2358	961 876 771 782
2359	1485 469 1618 520
2360	1382 2257 558 1692
2361	2461 1220 17 2471 39 908 1166 2409 2588 2142 2564 1457 2714 1344 2508 90 1876 202 1193 1488 2534 797 2529 1094 981 1565 238 708 532 631 1019 734 1780 2463 1819 845 236 459 316 874 2221 1194 973 1045 1601 930 345 178 1108 767 1323 1623 1210 1079 2331 891 1043 610 203 463 1192 1976 580 1617 462 28 347 608 597 1044 2602 1850 2410 2488 978 866 295 751 368 2003 1136 187
2362	2939 3353 3298 3369 2666
2363	1970 1672 1981 1888 1909 2164 2072
2364	1058 2222 764 2224
2365	1920 2704 2164 2117
2366	3150 2475 3372 3525
2367	908 1653 2044 2057 1531 1672
2368	1970 353 118 1688
2369	1613 3517 1122 685 2621
2370	262 2400 1859 240
2371	1728 1906 259 1699
2372	325 903 1077 350
2373	1810 478 1906 819
2374	1508 1922 1820 1924 1970
2375	1759 2043 2059 2091 2218
2376	411 966 1076 1035 3150 1545
2377	2021 2311 2119 1505
2378	2677 1712 2016 2327
2379	2230 2338 3138 1812
2380	1734 1703 1735 1707
2381	786 460 1785 1482 439 434
2382	1819 3037 3167 3043 2482 3084
2383	741 746 754 2091
2384	2524 1253 2266 2726 822 1090
2385	874 813 1073 827
2386	248 651 272 245 1514 798 244 648 649 273 650 430 213 271 274 247
2387	1288 2242 2179 739 1527 2077 2367 1644 1497 757
2388	2540 2386 1688 2946 2464 960 1910 1997
2389	1803 1760 1781 1775 1777 1842 1844
2390	2770 459 1505 346
2391	1707 2655 2658 2496 2419 2848 2202 2124 1221 339
2392	2107 1920 1672 929
2393	1917 1440 286 391 1119 791 176 299
2394	2147 2635 2450 598 2477 2610
2395	244 2645 2771 863
2396	652 8 1625 1413
2397	2715 3256 3263 3257
2398	3193 3060 1483 2111
2399	165 763 15 2144 2202 2271 1528 25 2234 2317 1282 168 1863 14 106 2050 1654 2413 1289 1700
2400	2609 2682 2519 2496 2683 2632 2714 2611 3091 2273 2513
2401	1569 1313 1187 989
2402	462 1017 828 3231 223 848 270
2403	656 555 920 239 1050 1639 631 638 390 646 435 85
2404	1640 1979 966 2433
2405	1962 1803 1842 1662 1947 1775 1582 1290 1779 1888 1956 1796 1906 1728 2015 1964 1896 1920 2057 1720 1615 1932
2406	2652 44 34 1456
2407	2462 2265 1735 2105
2408	3536 3529 3541 3143
2409	345 778 249 585 950 397
2410	1671 367 2156 2395
2411	3173 3154 3290 3221
2412	967 183 566 182 740 799 2025 2257
2413	1578 3069 2144 2141 2124 1350 1565 2626 2765 2714 2371
2414	521 1045 987 580 1837 2099 1336 2054 503 2496 1005 1337 1972 564 894 1481
2415	979 746 2091 1954 1353
2416	2338 2234 2271 2278
2417	2215 28 995 1370 1950
2418	1221 1607 335 1851 2388 1210
2419	961 1353 1582 1653
2420	1096 1101 2352 2830
2421	2274 1725 1197 1919 2050
2422	836 901 2311 459
2423	770 632 2307 1125
2424	1850 1423 1488 1891 2067 1690 2125 1045 1695 2144 1195 1582 165 1931 1546 579 2136 1565 1199 2051 2007 580 106 367 2025 2050
2425	1970 2613 1555 2254 2245 2422 1376 2586 2338 2650 2432 2533
2426	106 3436 750 1009 2646
2427	1598 1290 2605 2856
2428	2655 2683 2432 2533 3133 2741 2708 2658 2766 2815 2900 2904 3499
2429	3105 3150 3111 2931
2430	1441 1071 547 691 1113 2927 1545 1867 1522
2431	1533 2148 2873 1602
2432	598 2644 2623 2690 1688 2607
2433	298 1539 191 1273
2434	71 1353 1582 1350 741 257 2006 961 2397 754 2059
2435	241 3104 2119 566
2436	2704 2625 2558 846 3296 2653 2647 2821 2598 2682 3406 2890
2437	1308 1713 1261 1902 572
2438	1901 397 305 1408 863 374 152 1431 160 1443
2439	2243 13 356 241 1181
2440	1592 80 788 1477 2020 248 244 1478 1217 780 1018 1123 2029 712 50 377 1077 373 2602 1559 397 1680 272 660 1157 416 862 639 1159 311 864 417 768 832 806 1331 709 419 1153 1131 662 881 2119 812 1140 371 415 273
2441	1430 1511 771 649
2442	1727 1880 33 128
2443	2127 2122 1966 2024 2265 2051 2007 1348 1863 978 2379 1809 1145 1996 2124 1850 1192 1044 2146 368 1673 2338 2359 459 2432 1635 1488 1660 2005 1880 1147 1597 2331 2418 1381
2444	1673 1642 1635 29 1646
2445	1220 1528 1213 2193
2446	2818 2567 2587 1503
2447	733 668 719 2104
2448	2367 171 615 2545 2464 2524
2449	2214 938 2723 1177 518
2450	928 1074 1780 988
2451	95 1759 745 735 1526 827 430 2825 536 845 2399 218 2242 631 326 2486 138 459 638 989 1545 844 719 495 1136 716 758 874 1148 851 1516 451 395 733 746 2505 642 1515 859 476 483 2006 905 248 672 2601 228 1335 647 497 724 219 469 853 102 646
2452	272 275 650 265 284 651
2453	3297 3223 3162 3281
2454	3318 3251 3336 2973
2455	53 286 310 309
2456	107 118 1505 1661 610 259 1314 218 1086 652
2457	2379 2565 1213 2411 106 2254 2251 2274 1337 2088 1863 2372 2332 2503 2331 1191 1357
2458	2749 3248 3307 2415 3353 3236
2459	1931 1654 2432 2381 1996 1498
2460	1924 1855 1738 1891 1966 2121
2461	217 1306 584 3 2505
2462	2524 828 2820 2689 250 3274 2762
2463	588 1087 1092 1067
2464	2023 975 1259 1269 144 4 142 1431 81 618 715 146
2465	166 1735 2265 1799
2466	2849 2878 2852 2861
2467	2409 1966 2394 2413
2468	1920 673 2281 433
2469	1668 1735 2006 1699
2470	1932 1582 1914 1906
2471	2465 2551 2570 2542 2598 2535 2564
2472	2161 1672 2386 3361 1997 3562 2074 1724 3333 2216
2473	2271 1357 2160 2146 2482
2474	2216 1791 2096 1888
2475	2605 2633 605 2367
2476	1699 128 2947 3163 3168 2184 1118 1622 1526 2945 3155 1688 127
2477	2105 1481 2144 2317
2478	2257 2488 2289 2524 2034 216
2479	520 961 603 1459
2480	3272 2967 2531 2623 3353 1920 2887
2481	745 224 1909 1661 989 501 2693 1314 732
2482	1367 1265 2421 1298 2577 726 2910 152
2483	2354 2280 2361 2353 2335 2651 2206 2285
2484	1402 1397 1434 1603
2485	1722 649 801 651 3351 788 1307 1559 3548 151 2219 152 927 562 1567
2486	1919 2225 2035 2173
2487	240 1120 1119 930 670 998
2488	1168 1179 2239 1059
2489	1732 2515 2072 2464
2490	3365 168 821 797
2491	3275 2077 3305 50
2492	1674 693 352 845 1709 1128 214 838
2493	1161 287 787 994
2494	3114 3413 3453 3150
2495	536 3272 2527 1023
2496	2648 2673 2396 2229
2497	2384 2084 2246 2286
2498	1192 1695 1555 1565
2499	494 395 807 3009 499 372 869 373
2500	50 2031 950 1896
2501	1855 1546 2121 1221 1222
2502	2252 2343 3118 2164 2228 2459
2503	2432 2419 2411 2565 368
2504	2658 2538 368 1192 167
2505	994 78 1009 522
2506	1362 1672 1611 967
2507	821 457 1777 797
2508	459 868 1100 166 961 908 3389 2998 432 164 520 3163 876 930 3374 119
2509	2563 905 2050 1963 1008
2510	1585 1584 2855 355 2599 1010 367 2570
2511	555 784 782 645 3206 3 258 798 115 552
2512	643 732 2530 522
2513	1067 365 1228 1212 1586
2514	482 807 2164 1148 88 102 832 638 2284 856 859 1048 797 719 343 851 2025 780 1790 311 1399 724 1103 1164 2021 469 1041 114 505 1097 904 485 383 1079 325 631 905 953 543 920 639 1089 897 481 1936 2043 1105 696 411 845 955 812 1505 876 1076 853 834 1043 1267 259 1532 1920 18 806
2515	1038 318 423 1953
2516	2323 2885 259 2796 1130 2564 1836 1519 1192 459 1841 1529 1829 1546 226 1181 2535
2517	3481 3547 1066 3330 3512
2518	342 118 2389 2540 1672 2495
2519	1672 2730 2702 2666
2520	2778 2581 2521 2519 2854 2549 2570 2714 2469 2599 2539 2513 2482
2521	1005 36 28 995
2522	179 2273 459 884 1777 178 406 2137 200 1149 34
2523	2998 1937 2397 2535
2524	3511 3500 3246 3499 3391
2525	2144 2432 2274 2096 1777 1646 486 2147 2121 2514 2005 2236 2329 2271
2526	1002 648 1745 1693
2527	1488 169 2144 2222 368
2528	2535 2397 1937 2502
2529	448 3414 3355 862 3500
2530	360 822 2021 1925
2531	1532 1400 1089 1399 3123
2532	1565 1518 2144 1381
2533	869 2265 1876 3138 2982
2534	1546 1673 533 169
2535	3388 2864 3375 3369
2536	1192 544 2234 1337 2271 1565 368 2182 1993 169 1840 2413 2338 1707 1336 2419 2409 1488 2432 1850 1890 2136 1213 2155
2537	2649 1629 976 1305
2538	2648 1522 1396 982 2462 2410
2539	53 1962 952 1564 1664
2540	2327 1068 2677 2143
2541	551 555 1905 448 294 2072 553 1791
2542	2372 1565 1192 1981
2543	2712 2598 118 166 2747 1954 2689 2246 2266 2283 3171 3017 2200 1653 3480 2551 908 2875 2825 1844 2947 1650 1187 1780 2399 759 2150 325 3300 2184 257 749 2764 754 2931 2799 316 2676 2535 1118 741 876 469 2922 3163 2529 2887 3246 1937 2006 1689 742 2043 3438 2488 129 2397 746 930 259 1920 2623 642 218 2255
2544	2256 2331 2124 2601 2413 1673 2071 2370 1546 1850 2323 1488
2545	1185 361 895 2154 1051
2546	3194 3170 3162 2931 3222 2702 2887 3358 2945 2939 2976 3163
2547	648 272 3311 2959
2548	2422 2413 2599 2650
2549	2825 2486 3163 3074
2550	854 260 330 1627
2551	1850 1423 414 691 1357 1689 1828 520 1735 1340 752 714
2552	1104 1632 1296 2376 1107 3299 176
2553	598 2255 754 2091 2676 1653 105 1814
2554	179 1371 1828 176
2555	3163 967 2664 3432 3458
2556	2206 2191 2040 1934 2077
2557	718 272 427 326
2558	2867 967 1693 797 2614
2559	1078 739 1550 743
2560	3524 3522 3467 3509
2561	169 1705 1699 28
2562	3460 3477 3327 3441 3478
2563	1657 689 290 128
2564	3511 3482 3534 3277 3497
2565	1565 1005 766 1635
2566	140 396 1778 1902
2567	1950 1180 848 270
2568	2344 2265 342 1900
2569	46 1199 2500 2599 2815 1546 1198 1209 2419 1560 2655
2570	2405 2482 2394 2422 2409 2432 1777 2411
2571	3367 2096 979 1603
2572	1752 1790 1796 1735 1980 1708 1937 1836
2573	441 486 237 772 858
2574	1906 1720 1637 1932
2575	2938 2955 2583 1134
2576	1950 1027 2257 1796 3270 1937 1896 1653 741 965 1353 3298
2577	915 2037 2111 2948
2578	1841 2050 2432 1996 2234 1546 2493 1145 1222 544 1931 1565 1528 1697 2306 1147 2292 2236 2425 1672 2418 2161 2159 1673 2317 2565 1340 2254 2413 1621 1228 1357 2024 1548 1289 1221
2579	3502 3379 3329 3528 2835
2580	551 549 556 555 553 550
2581	1113 840 131 2435 961 1876 166 851 579 1719 2373 1119
2582	209 2137 183 459 499 432 520 1345
2583	763 2224 2586 1707 1850 2124 1488 1565 2182 1966 1426 2099
2584	768 1740 961 1275 1943 551 1950 906
2585	147 2377 1250 2320
2586	2674 2658 2575 2845
2587	2372 1565 1597 2420 1199 763 2500
2588	1002 2346 3540 2582 3021 2227 2822 171 2743 675 2685 2387 3007 2147 2545 170 2747 1218 2910 922 1802 2663 2826 3107 2670 57 2143 2875 58
2589	1672 2181 2226 1546
2590	3446 3229 3038 3470
2591	2072 2025 239 497 989 895
2592	1716 1695 1690 1756 1673
2593	2005 106 1548 1621
2594	42 168 1195 363
2595	2986 2980 2794 1361
2596	739 2057 1527 743 1611 757
2597	696 1582 1720 1526
2598	469 2280 2367 2623
2599	3044 1926 2665 2325 1766 1977
2600	1824 1040 1123 2257 2043 1151
2601	469 80 1088 652 3384 375 151 2649 1692 406 2257 2844 1419 2980 2434 2902 384 4 1545 2629 442 1172 1776 2885 2634 2972 278 1217 1746 1516 1719 1294 2659 1832 633 218 1747 432 2981 1737 3257 3032 2910 2280 2413 1629 219 2383 468 1176 2820 2891 3432 1267 2907 179 430 376 712 3296 2830 1124 3478 2966 3045 499 1576 189 178 864 382 459 2011 3253 1175 456 2045
2602	2869 3042 2755 2872 3163 3005 2964 3358 2968 3217 3007 2966 2856 2920
2603	475 2495 448 771 3436 1055 786 1412 2706 3004 2690 3194 1054 1862 3418 3070 1391 1616 1794 790 2455 798
2604	1926 1606 1403 443
2605	550 894 901 216
2606	1107 593 1118 1689
2607	713 140 994 178 3 179 1243 1242 2568 2027
2608	1076 425 179 255 428 503 1693 616 430 1161 1527 2432
2609	3344 2721 3375 3419
2610	930 1582 2668 1741 520 118 39
2611	2626 2273 2483 2411 2519 2224 2627
2612	3010 431 1078 375 450 2257
2613	677 2154 2077 1618 1962 1564 952 900
2614	1380 2433 1877 555 797 991 968 239 2111 874 2837 2233 937
2615	2457 1935 3300 1375 1839 2876 384
2616	558 2869 2450 3145
2617	748 1188 688 685
2618	168 2539 2469 2413 2144 2513 2224 2845
2619	344 3061 72 2678 3154 2610 327 3012
2620	2006 1107 1104 1844 1600 1111 2063 1980
2621	3367 2702 3173 3362
2622	3114 526 57 1920 966 2704 2869 2018 2448 2464 2404 901 2164 3290 1425 1509
2623	203 459 2336 627 187 1731 432 766 2558 1699 1957 1044 355
2624	1969 2005 1565 337 1966 2285 1145 2125 2050
2625	232 2243 503 783
2626	1747 3103 3345 2610
2627	1982 2021 2869 2235
2628	2913 1505 3389 2790 3479
2629	1725 1705 1777 1748
2630	2150 1576 1341 1086 906 1112 1531 1918 2140 1582 2277 1661 1105 122
2631	1078 1002 1471 553
2632	723 651 586 744
2633	540 1888 960 934
2634	2119 2569 248 2021 2716 2883 1507 204 1744
2635	665 1477 606 663 655 671 290
2636	1195 1247 257 1531 895
2637	1213 34 1205 1199 541
2638	700 1239 240 1105 749 611 323 341 226
2639	740 712 58 1682 1191 1533 1951 721 287 53 459 1746 2618 2137 176 1159 253 723 179 178
2640	3100 3433 3381 3384 3198 3071 3441 3369
2641	1705 1890 1966 1687 1560 1695 1005 1707 1773
2642	1707 1840 1748 1850
2643	2436 2560 1547 2454
2644	1265 1696 613 1599
2645	869 3009 207 280
2646	2968 2212 2367 743 979
2647	2135 1830 1906 1742 1823
2648	2081 1196 38 337 2424 1996
2649	1588 1820 1995 1649 1200 353
2650	1799 188 319 1440
2651	2140 3222 1808 2826
2652	1529 435 3348 2942
2653	648 273 2846 650
2654	2466 2332 2482 2539
2655	55 2629 827 2639
2656	88 1349 685 643 430 1074 3219 1779 552 1514 427 1896 395 2996 1611 2072 2117 95 1497 2008
2657	749 1111 953 741
2658	749 3045 3123 3408
2659	2521 338 2595 1222 2652 2419 1197 169 1523 2599 2121 1199 2256 2655 1777 1546 1673 2627 2683
2660	2221 2284 259 2225
2661	1893 2120 1889 1663 1909
2662	2742 2625 2704 2764 2689
2663	3111 2851 3526 3132
2664	1783 1342 1854 1860 1820 1338 1525
2665	2278 2046 1889 2127 2111
2666	3 1366 405 1217
2667	2482 169 2483 2432 2405
2668	2450 2381 2912 416 2567 2141 2361 2398 823 1906 3142 2635
2669	3421 3126 3127 3245
2670	2413 2050 2317 2161
2671	263 642 1035 592
2672	2091 741 1353 961
2673	3165 2384 3481 2733 2825
2674	290 2269 1769 1920 2367 2077 1618 1282 894 2164
2675	2348 1600 2243 315 3142 2266 2246 526 606 1825 1844 1529 2508 1937 2020 2464 2680 1072 3493 2284
2676	2286 2598 1414 1796 2029 2883 749 2173
2677	2204 743 2137 1693 176 580 1766 950 1514 732 1314 629 660 1661 1477 821 896 757 967 834 403 2010 1421 1176 797 215 53 641 2025
2678	3180 3451 3512 3466 3486
2679	1734 2273 3182 2067
2680	677 1210 312 903
2681	894 2057 122 2140 1582 1611
2682	3250 3256 2925 2897
2683	2488 3122 2581 2726
2684	397 2685 2629 1188 2706 1136 2576 257 887 1089 746 1330 1983 1722 716 1505 586 2583 901 1960 240 2737 2164 2644 673 520 117 654 677 996 107 2688 262 2945 838 139 2286 754 741 2057 2050 2659 1107 1102 226 2091 3004 3 328 2260 1688 1320 758 2255 1373 771 777 2363 911 875 876 2846 429 2610 2826 75 733 2656 2026 2742 2598 2266 2541 2335 1653 2887 433 1656 1438 2534 1074 2623 2904 1353 606 2780 542 432 585
2685	2020 550 2188 1088 574 798 1096 2029 2634 2542
2686	1618 1534 705 957 696 843 887
2687	2317 2519 2230 2236 1723 2202 2324 2223 2203 2474
2688	994 636 273 11 1267 2235 861 2009
2689	1487 340 540 239
2690	2436 2111 554 1819
2691	3296 3213 2915 3390 3532 3497 2913 3483
2692	226 85 304 385
2693	1312 2422 1282 2411 1340 2484 2413 1336 2230 2050 2381 2432
2694	3053 413 1019 499 3055
2695	1213 2081 1822 1481
2696	1221 3388 2759 3201 3009
2697	772 2479 788 516
2698	981 731 548 1019
2699	3221 2992 2117 2545
2700	3172 3427 3161 3340
2701	2801 3065 2886 2462
2702	2445 2562 620 2629 1383 244
2703	3509 432 3466 2790
2704	2264 799 714 1252
2705	2317 1529 2235 2161
2706	3155 2932 3365 2838 3348
2707	169 1777 1546 337
2708	797 448 305 2250 2625 3500 3114 643 2117 790 283 3414 652 665 645 836 994 479 3077 668 2 2455 631 2989 2257 556 798
2709	756 2327 2050 2441
2710	714 1167 752 817 1439
2711	518 1776 375 1946 950 2289 1804 2286 707 2737 647 2629 844 1136 1747 2119 557
2712	1759 139 1290 3012 2989 843
2713	604 2241 3172 1619 3148 2911 2562 941 3221 2838 896 3174 1139 2922 1593 73 2846 2968 130 1296
2714	1530 106 1556 1149 1488 1376
2715	3272 3345 3226 3488
2716	2227 2080 2309 2205 2077 2363 2367 2014 2169 506 2111 2140
2717	2248 2144 2216 2161 784 1724
2718	1255 844 485 1699
2719	1733 633 1865 1937 2056 2184 1993 1840 1969 1672 2224 2021 1859
2720	1663 2285 2153 2244 2290 1817
2721	3069 581 1411 2972
2722	3481 3246 3330 1606 3507
2723	999 1519 1478 2981 1829 247 728 1151 1471 183 213 1514 375 2680 908 245 1563 2188 536 986 970 2257 1021 226 2264 876 2034 837 2355 911 9 2185 1668 469 1625 7 393 1064 429 1477 2017 2311 3503 130 2020 2415 1882 1439 2630 2025 1550 495 1015 2037 3134 446 2740 8 870 996 2473 1217 331 1733 1132 373 825 2011 1552 2204 1946 244 781 1641 6 259 1133 1650
2724	1094 2781 2779 798
2725	2922 1101 2634 1766 2825 2747 1267 2799 1096 325 1968 1946 2997 2837 1847 416 1099 3029
2726	2422 2519 2432 2539
2727	2254 2372 2544 2371 347
2728	3246 1909 2756 2829
2729	3084 2488 508 516 652 782 797 550 2053 2257 432 499 459 3066 551 2706
2730	1313 842 728 1095
2731	651 275 1050 274
2732	2549 2540 2358 2575
2733	3365 3246 2708 3285
2734	224 887 2320 1932 1117 2384
2735	1618 2384 2166 1074 757
2736	343 2162 2226 1672 2192 1851 2209
2737	1544 2887 2535 2885 2931 2957 2824 3049
2738	2419 2432 2317 2418 2331 2411
2739	527 549 552 556 1749 551 1362 516 788 2479
2740	8 7 1625 1733
2741	2182 2215 1743 1924
2742	1950 2095 2035 2265
2743	754 2998 2558 3211 1526 2980 1844 3128 741 2397 3161 906 2625 2679 2945 2944 2698 2676 2787 961 2486 593 2003 2529 2598 2663 2284 2691 2255 908 1828 2265 2727 1653 2673 2742 2885 3105 2702 1689 2880 2961 2799 2283 1582 2704 2825 2826 1416
2744	2214 677 601 587 1067 2036 894 1276 1880 3 1614 1427 2280 257 2295 1253 2195 819 2111 2025 2026 1129 1007
2745	2650 2643 2422 2548
2746	1693 654 1076 2021
2747	3542 3483 3373 3422 3064 3390 3080 3278
2748	3533 392 288 447 551 1497 2212 522
2749	994 1985 3 62 394 552 636 1640 550 1979 2505 551 1023 211 1795 2357 1680 1077 797 861 966 176 1369 901 1078 313
2750	2402 2394 2422 2405
2751	1082 1405 1286 621
2752	2682 2653 2736 2708
2753	894 834 555 797 947
2754	2245 2350 2422 2943 2643 2960 2854 2496 2765 1891 1705 2372 2124 1707 1194 1850 2533 1192 2519 2904 2890 2539 1488 2483 1191
2755	2331 2425 2539 1221 2457 1837 2466 1209 2125 1716 2317 763 1705 2303 2565 1686 1488 1642 1588 1993 1839 1649 2422 1924 2405 2193 1193 2627 2432 2549 2234 2603 1996 1972 2081 337 2493 1195 2469 2067 1220 2332 1892 2350 1194 2238 2088 2086 2411 1528
2756	311 446 2011 48 539 560 779 593 397 1115 2491 1161 2447 374 888 1938 542 2572 1028 1778 801 60 1777 430 713 1074 615 1021 540 1693
2757	3200 3299 1080 3044
2758	593 2998 1689 2397
2759	520 238 3163 2875 1452
2760	740 80 819 1367
2761	601 1961 2464 2183 2450 1880
2762	3061 3099 2576 3103
2763	2244 2843 2651 2206
2764	226 827 1400 1078 1324 1532
2765	601 1791 1223 1427 1909 1819
2766	1850 1690 2153 1193 1192 1660
2767	448 553 550 527 784 556 434 549 516 551
2768	2126 1672 2050 2074 2065
2769	371 950 373 861 568
2770	2947 3176 3298 540
2771	2413 1546 2596 2432 1777 2144 2050 1565 2332 1376
2772	1859 273 1012 874
2773	1689 1427 2244 684 593 703
2774	1337 1336 46 1890 169
2775	930 344 555 459 1735 1842
2776	812 823 1562 588 3174
2777	275 1941 650 2490 1668 3044 2489
2778	797 552 2119 1308 375 48 994
2779	360 1826 1819 1909
2780	2072 63 2107 2688 668 1042 664 272 1034 2971 1533 50 661 2066 654 666
2781	2460 1799 579 2222 1828 1699 2383 2522 2478 2105 2371
2782	2246 2833 2828 2625 1118
2783	3163 901 18 947
2784	428 226 491 130 2477 1048 2020 768 2025 1925 2505 2572 433 416 479 429 1049 1680 2311
2785	3296 3322 3369 3179
2786	248 249 250 240
2787	2908 2778 2900 3116 1822 3182
2788	788 2969 964 553 554
2789	2713 2990 194 640
2790	2765 2413 1191 2714
2791	1240 2351 2526 888 11 1752 2622 2787
2792	825 387 382 393 1526
2793	1673 3199 3182 2943
2794	1616 269 786 798 1451 790 549 486 788 303 448 553 551 556 552 784 422 966 771 780 1079 1656 554 550 283
2795	2419 2522 2539 2457 2536
2796	2574 2669 2163 2605
2797	2280 172 2247 2071 2041 1343
2798	1108 316 642 1514 259
2799	3135 90 2846 2869
2800	1024 297 1772 420 298 443 2827
2801	1688 1504 1739 1193
2802	1353 741 1255 1288 1526 593 1653 1689 1501 1644 754
2803	2745 2531 2669 2798 2856 2270 3198 2735 2971 2865 1994 2892 3093 1320 3240
2804	1381 1660 546 2050
2805	2105 799 1167 1916 1354 634 617 1930 1090 1915 569 1545 425 539 1108
2806	1409 2246 1353 105 1526 2283 759 1730 1853 1954 754 2006 1971 741 1653 1790 2091 602 110 2117
2807	906 1522 876 1479 908 1109 129
2808	933 1335 85 871 845 228 847 887
2809	2653 2306 2413 2765 2658 2422 2271 2226 2350 2654 2714 2628 2636
2810	1552 2011 2225 830
2811	2255 50 615 372
2812	450 435 446 276
2813	3307 3294 3341 3362 3237 3419
2814	2025 1937 166 2044 1481
2815	387 204 1737 3150 1115 1522 443 1150
2816	3162 3367 1819 3345
2817	46 2599 2650 2422 2655 22 2136 1213 123 1337 337
2818	1078 778 832 1920 844 856 904 812 718 2045 964 397 1609 1123 912 606 641
2819	1341 1909 374 578 1253 1914 875 1589 1510 50 1491 847 606 1593 397 1637 605
2820	2695 2856 2490 3331 2717 2518
2821	551 434 1942 550 552 553 555
2822	2225 2255 2210 2275 3406 1632 2043 2373 2284 443 2286 2208 2200
2823	2825 665 2006 2025 2072 2283
2824	3389 728 3466 3507
2825	1573 38 2482 1290
2826	2173 2119 2477 749
2827	677 994 2732 2076 741 1960 2787 1081 754 1143 2527 2696 2624 529 1954 2706 1239 1442 2540
2828	1953 436 866 465
2829	111 810 889 1292 451 740 572 1983
2830	1530 828 727 2052 1800 1213 1726 1147 1863 811 1548 459 1584 1588 499 747 520 1724 71 1580 462 1671
2831	373 249 428 248 247 1324 80 219 1963 1747 2034 372 1532 1144 226 278 433 523 2111 1400 768 244 429
2832	3399 3252 3349 3248 3368
2833	776 913 272 925 826 924
2834	3232 3362 3317 3369
2835	1383 424 2926 1529 794 616 276 263 612 648 228 482 2257 1680 275 416 1136 2783
2836	801 1373 2946 832 388 578 1501 757 2479 1316 834 812 83 516 1592 771 85 422 3014 464 2175 1451 1390 78 311 645 1527 162 346 1432 856 643 427 2164 822 1067 810 508 1177 377 1675 2856 108 821 591 434 706 116 1352 1435 947 2250
2837	2432 2338 2236 2358 2350
2838	2407 2841 2769 1214 2863 1199 2870 2051 1336 2471 2394 2560 2483 1337 2708 2653 2658 2390 123 2586 2533 2845 2627 2611 767 2626 2413 2381 2536 2565 2095 2655 1198 2773 2125 1705 2588 2432 1972 2372 337 2855 168 2765 2899 1822 2570 2268
2839	633 1092 360 58 1067 2164
2840	944 56 57 1689
2841	3292 2557 2550 3227 2073 2558
2842	2224 2136 465 2160 165 2317 2051 1565 368 2271 1336
2843	2498 2633 2623 1662 1910 2367
2844	2568 176 979 648 1630 1572 2017 143 315 427
2845	1199 2284 3499 2659 179 1014 1201 1745
2846	1695 1705 1697 1707
2847	1675 1782 540 1319
2848	2554 3363 2021 2573
2849	2050 2136 2125 2144 2182 2224 2225 2209 2161 2049 1777 1920 1969 2236 2162 1966 2483 1849 1993 2078 2405
2850	3330 686 3134 896 632 876 240 2427
2851	1282 1672 1618 1188 2247 1624 956 895 952 1534 1817 934 927 314 690 1189
2852	771 1412 2455 2837 786 1616
2853	3332 3356 3342 3402
2854	1616 2072 397 706 950 464 616 1780 1527 2093
2855	1547 355 2765 1694 2940 1777 3365 2979 1765 588 2575 2599
2856	3137 3422 3276 3307
2857	2778 3116 3043 2774 3246 2815 3037 2753 2741 3084 2744 3182
2858	247 618 294 2025 206 416 248 700 372 1787 736 683 535 1600 1946 1104 1453 678 950 2297 1815 384 55 1123 259
2859	3196 3401 3041 3025 2772 3271 3405
2860	3193 3163 3365 3439
2861	1048 388 492 515 1226 1049 895 114 84 1310 352 1406 1370 3002 563 1309 1079 1592
2862	2145 1889 2206 2120
2863	2515 3026 1708 3142
2864	585 542 584 506
2865	197 1212 1876 1929 1606 634 1036 1818 1308 613 1681 1264 1747 176 1421 1751
2866	1423 1828 1464 2460 224 301
2867	2245 1777 1546 1705 1555 2613
2868	45 894 1289 1311
2869	3193 81 3012 3060 2910 3427 3173
2870	2331 2332 2413 2358 2411 2317 2292
2871	1200 2802 3218 3163 3446 3384
2872	2454 2468 2483 2469 2372 2160 2407 2496 2482
2873	2202 1221 1855 1734 1200 2519 2469 2385
2874	2605 3164 2820 144 713 2648
2875	2144 1860 2628 2658
2876	2738 2975 2250 649
2877	2640 1025 1392 1436 1041 827
2878	2832 178 176 443 387 451 416 432 987
2879	1894 1348 1195 1642
2880	604 1188 1235 1073
2881	8 2680 6 9 7 2742
2882	1910 2545 2842 2164 3042 2882 3119 2540 2280
2883	2289 373 386 2617
2884	88 632 1661 2072
2885	930 1344 1937 1526 579 1844 580
2886	2119 2400 1963 2072
2887	1649 973 1044 413 459
2888	2050 2848 2845 2144 2432 3043 3133 3182
2889	3476 1782 3064 3163 2927 3407 2819
2890	2958 2842 3305 3325 3001 2642 2947 3302 2423 2678 2689 2824 2838
2891	1193 1993 1251 21 1986 580 920 1107 2127 859
2892	3214 2950 824 3198 3245
2893	50 1329 2096 838 172 540 360 1316 750 713 798 1770 895 643 346 994 1611 677 894 1688 875 1672 315 2387 290 1290 578 174 1529
2894	1355 1506 840 1341 2249 2456 2140 1372 2089 1904 1989 2478 1250 1291 839 1290
2895	2568 548 1799 995 906 2469
2896	2280 2096 2444 2511
2897	1910 2313 2610 2412 1561 2633
2898	255 382 1963 667 245 280 859 375 318 1314 2057 379 615 412 393 494 723 95 247 246 1661 1960 485 1438 825
2899	1081 60 685 847 675 1672
2900	1707 1647 1727 1756 1705 1777 1546 1703 1530 1716 1694 1686
2901	707 115 1002 668
2902	776 668 2176 427 1656 1473 925 821 2309 606 115
2903	3395 3471 3407 3370 3198 3425 3356 3218 3344 3332
2904	2464 2407 2313 2510 2140 2524
2905	522 1819 337 1672
2906	3166 2258 2918 3044
2907	3004 2509 3173 3554 3316 3493 2545 3410 2665 3174 1231 3449 2633 2343 2676 2799
2908	459 397 1544 411 1526 1324 1400
2909	1906 1720 1491 3338 1760 3042 1766 2607 2700
2910	3099 3351 1618 3172 3268
2911	1890 1987 2222 1991
2912	782 994 632 757 741 463 2693 457 85 706 761 464
2913	2576 2516 876 343
2914	2760 2840 2818 2842 2838 2787 2785
2915	895 927 2413 2150 1672 2317
2916	2125 2390 1888 2216 1145 1092 540 1191 106 2432 2368 2083 1282 2155 1213 643 2504 2714 2482
2917	2215 2265 2200 2123 580 2201 2432
2918	1167 200 223 1746 1719 1718 950
2919	1199 1198 1145 1191
2920	2160 1725 1694 1919 1426 2000 2331 1777 2457 2271 2234 1707 1716 1748
2921	1673 337 2256 2263 2245 169 1336 2123 2331 2207 1199 46 1337 2127 2215 1192 1546 2234 1935 2224 1191
2922	3394 3546 3530 3096
2923	2329 2083 2416 2147
2924	3429 606 2339 3119
2925	2013 2694 2322 2199
2926	1313 2140 430 1954
2927	2365 2891 1280 2998
2928	2050 1799 2535 1900
2929	2025 2534 629 3174
2930	316 2712 1267 609 2828 3031 134
2931	452 520 499 442
2932	1636 1647 1686 1695 1707
2933	2612 2584 2603 2596
2934	3414 2980 2573 2676
2935	2304 1498 1935 1486 2674 2979
2936	2071 2064 1672 2050
2937	3085 3414 1719 436
2938	2317 1590 2057 2576
2939	456 984 2188 443
2940	2312 2202 2496 2370
2941	2673 2373 2243 2371
2942	3279 3193 3148 3168 397 3156 3463
2943	3493 2938 2981 2319 2590 3208 3305 403 179 536 3281 3452 2910
2944	2162 2161 2144 2074 1672 2050 546 1777
2945	1215 2595 2893 2658 1199 2099
2946	2989 2072 1349 2827
2947	2761 1963 246 613 218 2072 213 984 1471 248 1379 255
2948	327 1613 328 1688
2949	1018 1267 4 81 1268 162 1946 2012 1582 149 1305 2208
2950	151 1445 1210 533 74 1234 1745 558
2951	1650 1582 2173 2150
2952	432 2201 859 1192 166 459 499 2623 2267 1199 1565
2953	2095 2265 1636 2123
2954	3221 3075 3142 3090
2955	3216 2589 1905 3290 2620 994 54 574 3147 1036
2956	1531 1104 961 1107 558 1986 1796 1848 118 1111 1254 1600
2957	2106 2010 1769 1775
2958	429 439 428 844 2629 3 2623 267
2959	2299 2295 2297 2252
2960	2124 2123 939 860 2371 433 831
2961	1980 2173 427 2509
2962	2106 340 522 2096 50 172 2734 1819 755
2963	1695 1966 1996 1147
2964	2025 2224 2208 1253
2965	3103 2726 2598 2623
2966	685 2247 3174 112
2967	2617 494 2558 918 2052 961 1505 951 1159 808 1737 224 2054 2981 432 908 95 132 301 834
2968	2317 2483 2313 2469 2482
2969	49 2072 558 1656 397 586 176 1013 50 780 290 542 1618 2183 48 374 994 2111 283 506 578 1960
2970	2939 3073 3044 3393
2971	3297 3103 927 3173
2972	2309 446 2025 325 188 113 1113 1505 2210 652 2119 1561 727 1116
2973	2587 2472 2367 1817 1350 2298 558 2291 2280 2401
2974	1353 1531 754 1107
2975	2224 2649 994 828 1013 2413
2976	1616 798 1412 2455
2977	520 2931 499 1720 1288 2749
2978	1693 1925 433 3
2979	2265 2598 2731 2266 2229
2980	3307 3516 3386 3265
2981	2041 692 1937 2397 2006 2184 1866 2009 1622 1708 2200 605
2982	2792 2696 2937 2735 2567 2793
2983	2236 2144 2575 2159
2984	2462 2469 1319 1649 2482 2271
2985	3435 3198 3440 3437
2986	559 2020 3398 2729
2987	2658 2383 2122 2124
2988	1574 2405 2278 2324
2989	1611 961 874 968
2990	1826 522 2248 1908 591 1724
2991	2679 2714 3046 2515
2992	1492 663 552 522
2993	2613 2575 2484 2599 2539 2519 2555 2586
2994	3290 2025 3150 3272 3246
2995	2271 2256 1192 1191
2996	3237 3238 3252 3341 3362
2997	1777 2050 2535 2432
2998	754 160 567 746
2999	1912 3552 1243 1361 2556 2117 2045 2027 2294 2106
3000	2271 2317 2050 1705 2245 2256 1673 2144
3001	2969 672 112 2816
3002	1777 2317 2236 2422 2144
3003	2623 2840 1672 1529
3004	2127 2144 2050 1993
3005	660 798 401 761 389 711 667 1114 2660 648 283 162
3006	3257 2906 1107 2246
3007	1366 1656 453 1501
3008	2123 1991 2225 2224 1923 2383 2544 2265
3009	2462 2541 2344 2222 2371 1726 2731
3010	335 2161 1819 2375 2181 1607
3011	1118 2190 2246 1111
3012	2367 2329 2625 479 3059
3013	2257 384 397 405
3014	2469 2419 2144 2482
3015	3213 2750 3386 2807
3016	104 672 1150 869 1963
3017	1305 1267 1625 2025 1251 1579 1818 2127 1266
3018	2077 1920 2036 2026 388 1898
3019	1526 1582 908 746 1653 1920 2006 1531 894 1544 2044 876 1980 2003 1689 342
3020	2276 1966 887 2144 1996
3021	3189 169 2765 3084
3022	1599 952 2060 1316
3023	1007 540 2411 267 1514 432 3 2413 834 2224 901 176 994 2432 724 797 2606 1505 2195 2257 459 2488 829 1880
3024	2309 2505 451 1324
3025	283 672 1533 1255
3026	1880 2091 2006 1947 1255 2057 2041 2117
3027	2989 1777 1362 3353 3014
3028	550 833 661 778 505 482
3029	2271 1468 2317 1863
3030	2356 927 1244 757
3031	39 904 754 876 593
3032	2489 2283 2288 1526 2173
3033	1736 1777 127 1488 1899
3034	659 781 1020 667
3035	1451 303 2455 1542
3036	2983 3270 2998 1414 3007 3103 3092 2003 2869 3358
3037	1706 886 182 787 842 443 2073 1449
3038	1118 2367 2246 2489 2280 749 741 2150 1600 2077
3039	1652 278 3018 480 2830 286 1837 3244 1540 2340 831 816 2115 996 2038 2201 256 3150 424 2224 734 627 730 199 1410 155 1916 442 193 993 2265 135 488 528 2456 196 195 181 487 312 1014 982 432 1991 532 253 601 1691 802 1828 2239 846 908 1964 1541 577 1174 391 2541 581 997 2111 2243 1623 1066 1614 1148 459 293 1636 919 2123 5 2410 2225 883 1944 2558 2978 3214 1606 1085 1231 1461 1346 225 1128 1746 1561 1098 930
3040	1611 1223 1765 1590
3041	2920 3169 490 2417 2057 2953 716 1393 3075 176 2026
3042	1635 1145 2482 2611
3043	3189 3165 3223 1600
3044	2551 1105 2218 2143
3045	2444 2742 2289 2706
3046	3305 3335 3554 3403
3047	2676 626 122 1999 1159 627
3048	754 1353 836 259 1576 2288 1509
3049	3467 3509 3513 3553 3483 3533
3050	1267 564 1332 1885 623 667 500 2832
3051	526 459 1844 1905 397 798 994 594
3052	3497 1096 2311 226 3466 3150
3053	1650 2535 2221 259
3054	475 798 1624 1817
3055	1015 2507 2971 3346
3056	292 231 230 1305 765 220 312
3057	2666 2838 2605 2106 2241 964 1290 789
3058	821 448 90 459 670 2072 743 1527 375
3059	2178 2402 3 2305 1972 2359 1337 2271 2413 2432 2379 2247 2159 2208 2127 2373 1837 1555 2212 2338 2237 1995 2182 1588 1863 335 2482 1851 2202 2276 124 2256 397 1654 2383 2007 1155 2306 365 2303 2254 2243 2390 2581 2160 1211 2453 2301 2164 1530 1147 2418 2003 2331 2088 544 2457 1767 2422 22 1376 1456 2146 2409 2241 1191 1358 1198 2358 1635 2125 2234 679 2110 1820 2454 2136 337 2292
3060	1796 1625 939 647 1768
3061	2879 1576 1328 2975 194 806 976 2990
3062	3365 2943 3215 2332
3063	2807 237 2850 2889 962 2888 3559
3064	3378 3440 2866 3444
3065	335 397 3296 2388 994
3066	429 2393 12 2830 1545 3388 182 130
3067	380 1653 2874 746
3068	2533 2422 2503 2519
3069	2610 48 1341 2495
3070	572 1161 309 100 637
3071	2033 1074 897 293
3072	1408 283 1599 1733
3073	3209 3294 3424 3013
3074	2003 870 1553 768
3075	169 1191 1199 337
3076	244 245 255 213 248 250
3077	226 1545 3240 2763 1095 3276 1093 325
3078	739 179 652 740
3079	2453 2422 2245 2432
3080	2340 2371 1596 2383
3081	2123 1828 1799 1974
3082	3522 606 2871 3496
3083	1815 1602 827 2676 2286 1693 176 1036 1035 2623 1236 1802 2545 780 1421 1237
3084	257 2413 1531 2885
3085	964 2047 758 719 718 745 724
3086	2928 33 23 2125 1530 1221 1750 2521 1199 169 1191 26 1841 2705 2496 179 2202 1206 1342 178 1200 165 1197 1338 38 1683 2935 2636 960 353
3087	39 275 1412 516 743 552 739 464 448 2072 1244 1050 556 1825 938 259 2028 845 258 782 926 3066 2093 2003 1451 950 646
3088	226 2025 325 290 1858
3089	169 2144 2049 2050
3090	2124 46 1193 1894
3091	648 732 1053 272 1061 757 381 1906 1060 1680 56 85 578 523 1609 739
3092	1314 853 1963 1526 2541 2050 1771
3093	930 2338 2432 754
3094	3414 1779 607 3062 3393
3095	2050 1647 865 2331 532 1919 1213 724 1673 2274 2350 2317 2234 1850 2236 2462 2338 2134 367 1215
3096	1062 136 385 73 2693
3097	746 2239 1118 741 2006 2091 2246 2408
3098	2140 2367 1662 1910 397 838 1290 1501 1880 2280 1914 887 176 2224 1491 1769 1502 1848 2077
3099	3061 3281 172 214
3100	2440 2408 677 591 1050 1790 2516 643 1730 741 2177 607 1184 1653 1252 2246 1107 2111 522
3101	2049 2324 2224 337 2256 2050 1777 1949 2306 2161 2236 2234 1530 106 2141 1221 1969 1895 2085 2331 2078 2230 2332 1819 2168 2127 2046 2088 2278 2271 2338 2359 2144
3102	2340 2676 2265 2876 2371 1395 3124 2978 1974 2541 2701 2998 2544
3103	118 1107 1814 1582
3104	2693 3173 821 2846 743
3105	2568 2315 2610 2452 2438 2313 2213 2494 2212 2138 2360 2574 2184 2297 2133 2346 2187 2398 2302 2228 2036 2464 2446 2561 1253 2169 2620 2518 2556 2428 2150 2485 1847 2431 2587 2582 2205 2299 2578 2343 3305 2607 2333 2284
3106	1113 1991 1944 1799 1974 1828
3107	308 299 1502 1573
3108	2482 2422 2628 2714
3109	2136 1149 2125 2236 2007 2245
3110	1888 2071 1981 1826
3111	2136 2234 2223 2146 1199 2224 169
3112	2603 2379 2593 544 2436 2650 2362 2454 2581 2503 2627 2432 2682 2586 2273 2496 2596 2643 2422 2652 1340 2539 2654 2588 2381 2419 2585 2658 2350 38 2565 2628 2611 2538 2482 2469 2144 1192 2708 2683 2575 2141 2466
3113	1019 1935 2422 2243 2237 1155 1074 2432 1199 2362 2236 216 1145 337
3114	385 3 784 176
3115	2299 1013 2272 520 834 2610 844 797 283 432 2605 3173 1672
3116	2237 1554 1147 679 1654
3117	1997 1341 1981 1350
3118	609 1118 961 1467 536 876 758 1582 259 908 1526 1933 499 1790 930
3119	2271 2338 2413 2156
3120	3246 3193 3281 3225
3121	939 2229 2328 0 2246 2087 224 2119 2657 2640 2286 325 2676 2257 2284 2210 1594 2384 284 3017 2243 1729 1828 2668 539 3057
3122	3499 763 165 2223
3123	88 654 1088 664
3124	2444 2635 895 2079
3125	3150 717 294 463 2445
3126	3332 2311 3131 1025
3127	432 973 601 1594 39 359 252 1010 499 1699 545 2108 1631 1799 179 1614 1964 2410 1627 1285 1045 1731 2456 936 1880
3128	1546 169 1673 1727 1705 1192 1381 1597
3129	1381 70 1427 1734 1192 2306 1200
3130	226 2488 834 797 2542 1436 845 920 2508 2311 2003 2201 495 876 469 2554
3131	3108 2812 3341 3546
3132	1013 2345 821 112 315 429 269 663 248 397 1901 1693 963 819 323 674 974 1825 260 1795 1022 2175 2797 1602 247 411 216 551 272 428 255 1325 3094 968 3068 1137 1035 794 2597 305 92 1036 780 1182 1507 273 1127 1806 211 2 1076 666 283 95 844 441 665 660 808 649 966 716 1136 352 994 1794 403 2319 655 790 416 1027 874 1071 616 651
3133	1219 1222 1508 2724
3134	950 894 1796 1582
3135	1673 2238 2067 2482 2432
3136	1884 2152 2106 1975
3137	2706 2693 1590 2576 1908 2985 2845 3084 2235 3286 894 2989
3138	2901 3131 2535 3045
3139	1193 1045 442 465 3053 1540 2112 277 1019 1368 499 281 3055 1033 462 828 197 279 1461 1374 868 406 1010 2488 1538 459 840
3140	2049 1970 2503 2457
3141	1190 3302 3246 3004 2384 519 947 1618 3123 3170
3142	3443 2545 1990 2335 1529 540
3143	179 716 724 794
3144	601 1007 3099 1688 3192 2838
3145	1548 360 1210 1250 1229 1290 1249
3146	797 1309 1611 2989 1529 1880 2759 894 643
3147	492 772 784 1079 516 1362 3010 788 527 83 2479
3148	1799 2324 2306 2331 1565 2236 2278 2338 2358 2292 2350 2395 2379 2409 2332
3149	2623 2629 1859 582
3150	1322 1546 2081 2050 2256 2136 2144 2159
3151	2043 1937 105 2006
3152	2269 1274 1909 849 2107 2367 1529 2280 2077 397 695
3153	216 1041 315 1983
3154	1148 631 1314 1313
3155	1544 967 564 1455
3156	3347 3192 3172 3162 3320 3173 3181 3216 3193 3305
3157	1383 1437 2980 1772 2257 799 970 2445
3158	2410 2309 2095 728
3159	2799 2576 894 448 1572 578 2865 2696 1826 554 859 1611 49 2335 807 1253 812 1243 616 2563 176 2670 771 2605 1159 2212 574 550 677 249 782 853 346 797 2917 1306 549 343 53 1688 2704 834 2869 552 553 3010 2922 2057 397 169 227 2072 666 2083 283 2824 1985 1817 2702 1672 784 312 2242 806 1210 48 78 1076 555 572 416 475 1590 1819 1778 2676
3160	1341 3266 2367 2280 1678 2672 2147 2014
3161	1360 1470 2338 2331 2271
3162	859 894 2077 1210 1002 1909 851 1844 1908 1253 1362 578 1582 229 741 1110 1156 1961 865 853 459 241 96 961 645 922 973 220
3163	3434 3387 384 3456 3428 3440 3041 3441 3188 3251 2897 3255 3450 2772 3105 3034 3433 2956 1123
3164	1777 1522 1986 459 961 499 180 520
3165	2235 109 72 1484 78
3166	1225 1387 402 1316 381
3167	2124 2136 2156 2144 2160
3168	1693 797 1670 777 220 775 429 2023
3169	2676 558 2025 1735
3170	2867 3443 3290 2977 964 3281
3171	795 2076 176 211 116 1948
3172	2855 2381 1044 2908
3173	3146 3458 3439 2862 3564 3237 3238 3213 2914 3212 3389 3362 2913 3507
3174	2025 677 2541 2490 2515 920 1114 2507 397 290 2583
3175	551 994 822 1013
3176	1672 934 688 348 2212 895 2079 2091
3177	432 2093 550 743 540 552 894 966 2226 797 522 1819 3066 1349 821 459 2370 844 503 551 327 1611 947 895 2117 2989 591 2455 923 643 2057 1451 1688 946 2576 927
3178	1895 1969 1935 1809
3179	2050 1966 1777 2136 2088 2482 1891 2125 2271 2273 2643 1970 2124 1955 1888
3180	1955 1978 1881 1970
3181	2144 2050 2350 2432 2413 1777
3182	164 2075 1423 2265 752 2731 1295 1735 1916 2460 2522 1828 2137 1285 2123 593 2998 3244 2930 1726 1915 2799 2243 2344 1594 1098 2073 166 1799 2105 1461 2035 36 2478 982 2612 2410 579 2541 1812 1038 1636 2544 1014 2673 2648 548 987 2886 1263 2619 1950 3337 1991 2870 2215 2462 2131 29
3183	432 2488 2267 499
3184	1896 2212 2216 2206
3185	431 1226 247 1825
3186	1725 1777 1723 1588
3187	2192 1257 1613 2015 1373 1819 1341 1880
3188	3135 3324 3218 2804
3189	1773 363 334 321 766 1560 1201 2403 1208 364 1283 1195
3190	1089 2669 272 224 1333
3191	1006 1590 797 834
3192	2539 2379 2383 2303 1530
3193	457 1696 2221 269 1410 829 2535 510 2399 473 455
3194	1357 44 544 1340 2197 1488 34 25
3195	186 1150 2038 1522 1601 930 520 908 1100 204 1782 459 961 1606 680 876 306 1950 1175 1614
3196	431 1293 831 1709 2461 2073 446 1710 1732 1074 1532
3197	394 858 298 724 777
3198	499 2558 1658 1113 528 202 1636
3199	2450 1514 768 1255 375
3200	3193 2971 2942 3416
3201	2041 2314 3508 3517
3202	673 1330 1373 2335 2780 675 2077 682
3203	2234 336 1193 2127 1588 1207 1528 1969 1191 2085 2125 2122 2124 1215 1192 1690 1850 2271 1565 1200 1993 961 1841 1966 2201 1199 1488 2182 2256 2144
3204	475 448 755 956 343
3205	2074 2015 2065 2126 344 2212 2161 2050
3206	1850 1840 1777 1837
3207	1143 1139 874 2980 711
3208	660 1693 2019 1290
3209	1909 994 1529 1013
3210	609 632 153 178 1048 1661
3211	1770 2184 2107 2164 2252 2247 2077
3212	2280 2351 2266 3107 1080 2025 217 669 2224 948 2307
3213	2371 2350 2224 2222
3214	1865 2469 2519 1528 2496 2454 2189
3215	2574 2392 2607 2096 2151 2353 2873 1487 2431
3216	2003 2614 2396 2527 2415 1795 2257 1614 1515
3217	812 806 397 1582 552 553 3 876 373 1268
3218	1580 2432 597 2462 520 2050 1546 1528 2144 2419 2317 359 459 2570 432 499 1673 995 1777
3219	1770 2704 3173 2797
3220	3406 3415 290 1007 1451 3451 2913 2505 3294 832 537 3511 3523 178 2082 3504 974 3386 970 3063 895 690 606 1572 229 3497 3310 1489 1481 3528 374 3048 3564 2881 2221 250 3377 2921 95 2844 1819 1092 3304 3535 1009 2537 3232 949 2598
3221	1672 2077 1888 1611
3222	8 10 6 9 1733 531 7
3223	3122 3246 741 1317 1802 706
3224	2144 2350 2432 2162
3225	2156 961 908 2085 876 1919
3226	876 930 499 908 520
3227	1246 1601 186 1418 1940 487 2615
3228	1695 1488 1966 1856
3229	556 922 2768 1769
3230	2050 1690 2144 1192 1546
3231	2315 2111 2524 2671 2506 2352 2287 1080 2363
3232	2234 1857 1715 1253 1889 1909
3233	3270 2723 2737 3453 3176 3079 3459 3223 2939 2642 2840 3290 3298 3409 3353 3503 2692
3234	2562 350 419 996 1906 432 2676 812 411 1036 820 469
3235	3276 3048 3294 3232
3236	2625 2505 2096 2280
3237	1192 1707 1966 368
3238	1038 2019 232 1119 634 266 1301 617 1035 177 1108 1371 707 1044 254 1916 621 1942 648 2073 263 410 153 727 982 807 1461 423 1161 307 1799 1450 1286 1124 284 935 1045
3239	2117 558 50 2111
3240	3258 3408 2534 2817
3241	2581 2583 2257 90 1611 2057
3242	3228 3365 3163 3179 3396 3373 3324 3190 3366 3507
3243	1123 1030 372 373
3244	1194 2300 168 38 2560 2487 2503 2372 2586 2593 2500 2565 2613 2051 2599
3245	2246 1107 1118 2399
3246	1099 1963 1661 459 1550 808 988 2981 2902 638 1086 432 1494 443 1553 2011 2043 2830 2488 635 834 1489 1544 129 2992 188 531 1724 218 519 1600 655 1606 499 639 301 652 2847 830 3 557 1128 2634 528 780 1096 961 3029 814 1505 1563 95 102
3247	552 772 549 1013 551 771 550 788 553 994 315 303 844 1795 784 798
3248	855 1680 200 660
3249	1588 1756 1777 1786
3250	2252 929 374 542 2164 290
3251	2025 1309 1565 572
3252	447 2174 2514 1007
3253	1242 778 1569 1602 427 49 663 1883 1298 53 994 1035 862 150 428 2545 381 2374 1244 526 142 2610 2625 1216 2568 1002 1361 60 2676 2241 760 1243 2633 558
3254	2306 2271 2192 1819 2126 2050 2071 1672 2532 2236 2162 2234 343 2216
3255	630 1749 1078 245
3256	2405 2422 2432 2482
3257	2351 2017 2269 1752
3258	25 19 22 44 1378 13 354
3259	3120 3138 3136 3451 3499 3124
3260	2096 2212 994 2444
3261	2124 2081 2125 2049 1972 2136 2127
3262	3103 3566 2538 2161
3263	758 95 1032 1314 430 719
3264	2234 2146 2221 2125 2136 2203 2271 1993 1966 1972 2144
3265	2482 2046 2229 2271
3266	763 864 840 2558 973 1033 2025
3267	2888 3435 3437 3265 3426 3307 2889
3268	3042 2672 2450 2739
3269	2050 1777 1673 2130
3270	1980 1410 2615 2215 2598 2508 2261 1653 2091 2534 930
3271	1324 594 2645 1210
3272	2046 1192 2215 1565 2050 2144 2161 459
3273	1611 1769 2164 2161
3274	1105 672 113 1320
3275	680 2164 53 1746 693
3276	1777 2367 2077 2464 2236 2144 459 2354 2309 1819 2409 432 1672 2221 1565 2224 3084 2050 2271 2234
3277	3293 3291 3528 3523
3278	2395 2358 2325 2292 2333 2359 18 2409 2222 2387 2265
3279	759 1611 754 741 2025 1954 2201
3280	2968 3302 1814 3193
3281	459 2432 603 499
3282	2229 2766 2105 3244 1950 2998 2648 2541
3283	2284 2558 2243 2649
3284	2827 2612 2625 2275 2328 2764 2631 2266 2760 2397 2832 416 2598 2542 2440 2872 2535 2399 2564 2602 2796 2246
3285	1695 1686 23 45 1643 26 1612 1705 1621 1381 1703 1486 1530
3286	876 1980 2200 2043 2006
3287	746 1844 1372 118 749 1611 1632 741
3288	2150 2224 2283 2284
3289	271 819 259 2846
3290	1606 1636 2286 1187 876 2887 866 2714 961 412 202 2869 741 1135 2931 432 2900 2854 1454 2876 499 520 2799 2832 908 2414 459 2912 176 2998 2860 1105
3291	587 1316 3270 2838 3493 3011 1484 1012 3480 3562 3340 3474
3292	2265 118 2542 746 2464 1844 1107 2676 2224 2246 48 1653 961 749 1481 2043 50 2315 2489 2515 2123 1353 1118 741
3293	2908 2940 2935 2768
3294	1007 1497 1688 643 1223
3295	2257 2534 1192 2329 3084 2119 1546 2289 2759
3296	88 676 674 701 653
3297	1993 1972 1700 29
3298	768 440 56 844
3299	2057 798 2820 1908 2488 2647 790 645
3300	80 138 1477 1013 1745 242 731 939 1367 1799 1746 1699
3301	3448 3119 2451 2775 2568 2784 2574 1981 2679 3007 3075 2661 2605 2610 2567 2838 2752 3097 2718 2722 2302 3449 2297 2717 1801 2958 2437 2635 2702 2918
3302	3035 3530 3546 3470 3198 3527 3383 3344 2871 3549 3027
3303	2255 1481 741 1799
3304	1248 1980 953 1896
3305	1400 2144 0 574 429 1151 262 3 2505 1412
3306	2133 1770 2195 2164 1920
3307	3272 3119 3150 3193
3308	749 2 1544 1187
3309	1819 1618 1897 1807
3310	1954 1971 2019 1986 1987 2005 1856 2091 2098 1866 1937
3311	1085 3499 200 1065
3312	2405 2123 2371 1828 2229 1423 579 2283 2215 2224 1840 138
3313	47 2504 327 2416 1698 2181 2083
3314	964 732 1474 1078 1036
3315	1672 2391 1981 2083
3316	732 475 1480 2989 739 3150
3317	90 2432 392 2257 508 947 2271
3318	2286 453 1414 939 2108 1045 2139 1604 166 2201 494 2267 129 1305 218 1522 846 2025 577 897 2249 1231 1074 1541 859 2460 858 1014 2174 1699 933 829 603 987 223 887 179 2019 1335 1108 2371 2541 1778 930 1876 1493 217 1475 2062 992 1990 447 1010 243 876 1423 2044 1113 1066 2095 2123 1812 1461 2224 1735 2229 868 361 131 176 2210 908 1976 2003 472 579 1674 869 851 693 1636 2090 259 2140 1828 2222 360 1974 961 1964 940 2383 1956 1001 1481 1740 828 2215 1741 139
3319	2284 2221 2043 1986 2025 259 1118 1937 2173 2246 593 2150
3320	2676 1388 2847 2870
3321	1798 2410 2648 2558
3322	677 290 2197 806 312 1609 615 1680 578 801 2068 574
3323	1496 1290 1009 694 1442
3324	384 218 861 1796 2342 411 473 463 373 130 259 2535 430 1097 1006 989 1077 1177 457 226 1626 1076
3325	1199 2265 169 1191
3326	2824 2515 1181 3120
3327	3053 3054 3360 1459 3055
3328	247 736 246 245 248
3329	3130 3462 3473 416 2808 432 3408 3517 580
3330	549 2438 821 552 797
3331	245 1963 2119 1645 2413
3332	2826 2561 2377 2015 1291 2632
3333	994 741 876 961 749 1526 853 1828
3334	2144 1690 1850 1649
3335	2789 3063 3232 3371
3336	947 255 2021 1324 1177 2166 213 1777 244
3337	2483 2845 2570 2517 2523 2519 2487 2575 2254 2536 2626 2603 2652 2474 2482 2468 2683 2533 2476 2362 2611 2436 2466 2453 2469 2454 2432 2628 2708 2650 2513 2658 2565 2724 2407 2539 2496 2560
3338	316 889 1321 1527 519 18 2770 735 610 672
3339	1445 790 3463 1013
3340	1842 2284 2184 833
3341	982 831 1965 2762
3342	273 276 799 1244 648
3343	2221 2669 2706 1827 2014 3098 3427 2702 2514 2096 2535 1819
3344	2468 2496 2513 2503
3345	1825 1399 901 2185 2680 2497 2257 161 397 1013 1529 1078 2505 616 761 315
3346	3479 3467 2813 1880 3406 2344 3439 3388 3564 3533 3468
3347	2150 742 1790 2255
3348	3369 3314 3386 3317
3349	345 253 1096 60 93 2799 770 230 3514 1728 650 3156 805 1929 312 2827
3350	2119 2865 967 2764 639 2887 2289 1077 2987 805
3351	2688 2363 1960 584
3352	169 2099 1213 336
3353	241 1002 383 1244 312 1013 1318 140 994 1607 325 986 580 1328 1167
3354	475 258 226 821
3355	247 178 249 2980 244 400
3356	754 1653 741 1353
3357	2025 2280 2598 2087 325
3358	592 1063 2647 2980 263
3359	2598 2243 2373 2465 2283
3360	2148 2048 2284 10 1670 942 857 2992 876 677 3077
3361	3084 1672 2324 3180 2703
3362	1896 945 2501 1752 2733 895 1672 1389 290 2017 2072 1040 1905 1704
3363	2864 3412 3255 3386 3293 3139
3364	2432 2558 2513 2658
3365	2598 2993 3418 2413 2910 2482 2939 2161 2050 1662 2212 2432 3345 3103 3408 2852 2514 1910 341 3367 3288 3163 1672 2623 2540 3007 355 448 2542 3070 290 475
3366	667 593 93 2516
3367	615 2845 1501 2581 49 2576 2567 1575 3084 3463 172 48 2164 2696 2464
3368	2627 1337 1191 2705 1147 2317 1565 1690 2271 2560 2650 2469 2050 1777 1199 360 2714 2332
3369	2037 915 2072 2111 2123 1319 2404 1618
3370	1035 1036 2161 579 652 309
3371	1256 1998 1139 1975 266 1511
3372	2370 2586 2057 2432 2676 1611 1191 2576 396 2378 869 2765
3373	2005 1149 1966 1996 2107 2565 2271 168 2256 1155 1147 1891 1881 1970 1992
3374	724 3555 3500 3480 2645 3298
3375	1896 2117 2041 1779
3376	3550 1317 3398 3542 3143 3511 558 3096
3377	1255 1254 825 397 2400 249 1714 218
3378	247 3 244 236 246
3379	275 373 1553 1324 3019 439 450 470 1335 1711 1399 1983 1095
3380	827 2259 1746 2563 2572
3381	1070 1199 1427 168
3382	948 94 636 411 961 53
3383	1656 649 651 3 2715
3384	1391 578 1611 1062
3385	2107 2545 1290 2164 558 875 847
3386	2278 2338 2245 2317 2144
3387	2737 325 416 2289
3388	2164 2367 2574 2077
3389	2510 604 2746 1663
3390	2284 2400 809 660 2255 1747 1954 636 2509 2210 2692 2639 1582 1689 640 2508 2150 1090 707 302 3174 2325 1714 1971 100 832 856 2240 659 2185
3391	457 2461 1399 844 1093 1990 1529 1737
3392	2214 623 1937 2200 1107
3393	1574 169 2419 2300
3394	2127 1607 1890 2134 2245 1819
3395	475 312 230 1408 650 416 784
3396	465 1172 436 2054 407 310
3397	1565 165 2381 2081 1340 2224 34
3398	2542 2289 39 733 2050 499
3399	1454 3543 3272 2261 1954 2693 2072 3500 1135 245 3491 267 2335 2827 2581 2515 2818 2505 2283 2824 859 3481 2764 3492 1090 2150 2689 2887 1323 288 3114 2920 2965 311 2534 2912 2623 2911 1069 3169 2400 3092 3327 1983 3073 461 85 3222 2006 2952 302 2260 741 3060 2091 2173 472 1105 2986 1094 1960 345 2892 756 2309 1167 2702 3173 2672 2508 607 459 3358 3099 2147 2550 687 2509 2461 3174 3308 3156 217 898 2659 3448 137 2343 2846 2576 2621 2286 2869 1532 2641 3300 2057 506 3083 2598 453 2363 3340 1914 2825 2639 3145 1661 3152 736 1879 2489 138 113 3128 1107 2111 678 1963 876 1980 2259 2308 235 2840 745 2438 538
3400	1243 715 1267 1241
3401	2147 2197 2247 2060 2184
3402	2043 2025 1986 595
3403	1918 1118 1600 1111
3404	1194 1694 1777 1695 1970 346 2065 1546 1931 1588 2050 1890
3405	3008 2280 2397 2825 2739 2986 2428 2489 2009 2365 2824 2361
3406	345 1632 1105 1601
3407	2144 2004 46 2121 2182 1199 533 1192
3408	522 1981 2706 2370 2530 1819 1997 2667 2285 2594
3409	1799 2271 2386 2381 261
3410	306 2551 859 2280 2563 2165 1216 829 1121 12 1722 89 325 1135 2204 1520 2260 908 961 307 2259 846 2531 2166 1454 1130
3411	2131 1536 1940 1930
3412	678 2676 2723 450 2352 2745 2061 1389 2719 2642 2971 2680 2837 2497 2830 2673 3040 2777 2955 2374 3010 1999 2828 2255 2072 2526 2204 2671 809 2659 2873 1078
3413	1166 2068 28 723 1130 1216 1164
3414	2224 2271 1842 2274 1673 2236 1881 1506
3415	179 1193 45 308 1014 997 169
3416	601 930 638 1685 1614 1696
3417	432 961 459 930
3418	3515 3523 3464 539
3419	650 651 1611 272
3420	1765 328 1864 327 1817 1007 1611 360
3421	809 1559 248 944 1656 805 877 623 898 1714 742
3422	1672 889 933 1874
3423	2151 1007 171 2398 1253
3424	1308 1306 81 948
3425	2539 2884 2818 2714 2890 2594 2908 2647 2144 2765 2708 2744
3426	670 2399 661 664 668 654 652
3427	1316 505 912 578 504 2018
3428	3266 3225 3281 3270
3429	113 1136 233 326 532 543 845 564
3430	1088 1075 1505 95
3431	1857 2770 1544 956 1817 81 743 572 1813 610 1306 1367 1698 1503 178 1341 1361 1002 1527 150 122 601 1224 1715 375 1243 1579 1244 558
3432	3351 3297 2831 3156
3433	397 768 1766 968 572 1885 1489 580 883 613 236 1968
3434	1016 1425 2579 1240
3435	499 1337 1199 1221 1895 1944 1955 1799 1734 1991 366 1660
3436	1673 1705 1863 1850
3437	825 1960 1630 374 2688 594 660 506 81
3438	2614 3546 3087 940
3439	1754 3299 706 761
3440	785 3284 2423 903
3441	3220 1534 3268 3168
3442	1758 1199 1799 1820
3443	2491 2676 2373 971 1905 2448 2820 2799 61 837
3444	2519 2273 2503 2655 2585
3445	218 246 255 1438 249 250 1021 1963 984 1471 2761 459 1439 248 245 1676
3446	1737 226 3522 3341
3447	3077 1425 1920 3548
3448	2246 1759 2331 2025 2284 2298 950 2422
3449	1009 1200 1067 1993 2432 1007 2050 2234 360 1972 2173 960 1819 540 2502 2496 2422 1970
3450	218 629 1491 50 373 1619 1775
3451	3345 2464 3297 2623
3452	1112 1315 2050 1777
3453	2147 200 198 179
3454	2422 1523 3396 2411 1695 2390 2513 2432
3455	3114 2919 2918 2991
3456	1606 2229 2224 2484 354
3457	169 2155 2419 1565 1840 2628 2519 2539 2560 1850 2570 1199 2088 2599 1499 2611 1673 2650 2469 2422
3458	2602 2400 129 2551 2384 2545 2488 2144
3459	844 711 2975 315
3460	3522 2871 3441 3298
3461	3539 2147 2947 2314
3462	754 746 1708 593
3463	3 397 1327 1533 777 53 315
3464	986 252 1411 178 1124 982 1699 1652 1799
3465	2544 2095 2598 2265 2383 2224 28 1647 2627 1070 2542 1844 2588 1876 2049 601 1481 1705 236 2558 459 2229 2541 2411
3466	2124 1233 3084 1811 2324 2585 590 2409 1773 1499 2081 1357 366 1748 2466 353 2496 1955 1192 1486 2863 662 1355 1530 1560 2420 1992 1566 1191 27 561 1555 2301 1229 2238 1888 2500 2202 1556 2276 1360 1839 23 1548 1723 2653 1584 1554 2110 2419 2232 1194 2134 70 2503 2146 1892 2088 2555 1375 1727 1359 1777 106 1547 1219 2407 1149 1996 46 2254 43 2306 1724 24 2263 1348 2765 1922 2432 2908 2049 1597 1690 2274 1155 2815 3133 1201 1215 2539 169 1890 2584 2778 1525 2595 1837 1198 3067 1856 38 2705 1821 2848 1725 2575 2304 1970 2643 2616 2596 2429 2000 364 2517 1498 1635 1935 14 2493 1972 1716 2067 26 2613 42 1881 2051 1222 2904 1673 2652 2159 2385 2744 1363 2271 123 1621 1911 1895 2449 2001 2413 2245 2193 1200 1683 2136 2338 2216 2379 1337 2533 1850 2007 2714 1339 2674 1500 1822 2599 1643 2005 1743 2273 41 2121 1809 2394 2122 1931 2127 368 2292 1642 1734 2536 2482 1574 2050 1488 2425 1969 1470 2350 1995 3043 337 2331 2422 1209 369 45 2300 2483 2741 540 2884 560 2279 1694 1147 2203 336 2317 2650
3467	2289 479 1119 315 1182
3468	666 661 1035 1421
3469	189 2137 442 406 413 3360 452 190
3470	1373 424 847 1329 179 820 1074 1520 212
3471	1357 120 1555 2237
3472	3277 3369 3528 3249
3473	3159 2931 3279 2749 248 3246 3359 2992 3291 3290 2491
3474	1909 2022 3 1404
3475	1680 2624 1022 2111 2712
3476	1104 1653 1281 593 1689
3477	169 355 1546 1890 1336 2049 2046
3478	822 558 133 847 1276 932
3479	800 2433 1824 57 403 1217 178 397 2008 2284 777 2676 1746 437
3480	2530 2353 2540 2226
3481	3407 3144 3121 1632
3482	2422 1966 2904 2144 2628 2549 2271 2332 2432 2654
3483	483 2978 2649 2657 785 2634 2225 3082
3484	2123 28 2612 2383 2265 2410 2243 2224 1966
3485	876 1606 749 129
3486	2482 1725 2422 2407
3487	2458 2580 2154 2423
3488	249 2433 2980 2938
3489	2124 2125 1222 1966 169 2331 2519 1819 1209 2155 2409 126 544 1336 2413 2317 2411 2358 2144 2394 2007 353 2405 2419 2338 2476 540 2407 2457 2432 2483 2422 1145 2067 2471 2482 2024 1311 2466 1210 1376
3490	834 994 947 821
3491	2147 1251 675 2077 1330 1990 2186 2367
3492	540 1422 1352 742
3493	2035 2215 1690 2044 1504 2144
3494	301 383 113 1900 1636
3495	790 901 1078 771 968 2479 797 527 2856 786
3496	3041 3271 3034 3538
3497	2397 2623 2043 2594 2161
3498	95 88 315 844
3499	2925 3497 3534 3507
3500	1439 248 1471 221 255 213 1963 262
3501	1849 1145 1742 1786 1837 1975 362
3502	2202 2405 2454 2331 2496 2432
3503	2150 1625 1733 2056 2680
3504	610 1661 2825 2614
3505	2399 304 2955 2892 2946 266 2836 2089 2091 1186 2098 1689
3506	1329 1186 754 1826 1503 1341 1002 3 2567 2605 1353 2091 2285 1533 1817 1981 2161 2255 1901 1954
3507	1417 1983 58 1089 652 2505
3508	106 1330 1213 890
3509	990 2164 1510 1770 1352
3510	2135 1722 1107 1689
3511	2057 265 651 276 272
3512	815 289 3484 378 2697 813 1078 1035 432 276 772
3513	1699 50 1618 932 1775 1081
3514	1192 1654 2317 2224 1850 1863
3515	2755 1946 593 2924
3516	336 540 1909 2414
3517	1888 2050 2221 2126 739
3518	2190 2327 1759 3453 2441
3519	2246 2623 1653 1600 2197 1720 2328 2164 449 2019 1960 2676 1529 894 3287 3165 2693 1414 690 2510 2887 2515 2742 2266 2150 2138 2057 1608 1994 2184 1914 2224
3520	1599 1770 2464 2438
3521	646 58 2623 1477 223 638 2280 3004 405 989 1254 2545 420 950 921 718 1313 3297 529 2351 1747 284 1589 647 968 3010 874 259 2497 2634 324 2967 1680 3 2111 2505 2208 1140 633 844
3522	459 745 520 1505 499 2845 432 1611 603 2576 638 1777 724 733
3523	3350 3150 3432 1505
3524	1199 2127 1192 1191 336 1468
3525	584 2920 2756 2173 3152 3333 1737 749 845
3526	2942 2956 2853 2891 2851 3105 2898
3527	2693 732 743 340
3528	226 459 2598 2551 2542
3529	3204 3111 3087 3210 3214
3530	1737 3288 2573 1672 2212 2985 825
3531	754 1653 746 1353
3532	546 1621 533 1688 1228 1147 1319 1506 1181 588 654 1646 1254 652 540 353
3533	2230 2519 2333 2658 2457 2611 2483 2474 1643 579 1695 2436 679 368 2254 1228
3534	1055 3007 2922 2918
3535	1782 2266 1689 342
3536	1963 79 1661 736 638 611
3537	3302 2568 2672 2458 3097 2792
3538	2127 2144 2164 2050 2192 2162
3539	3237 3273 3233 3362 0 2924 3087 3314 3245 1529 3341 2993 3388 2934 2849 2025 2907 3304 2762 3135 3111 3146 2905 3415 2851 3277 3186 2486 1989 2767 2962 2814 2987 3132 3183 3205 3369 2910 2837 961 3013 1013 3264 2811 3140 2809 2956 3236 3230 3249 3139 2806 3110 2858 2853 2878 2852 3080 2747 3049 3036 3209 2906 3254 3020 2721 3322 3247 2850 3175 2889 2760
3540	970 2011 2690 2971 375 3173 2505 2415 633 226
3541	1522 2225 2410 2229 1799 2050
3542	1972 1837 1748 2110 1850 1694 1891 1812 1734 1642 2238 1716 1695 1756 1697 1707
3543	411 2006 2308 2283 2275
3544	1341 2079 2693 290
3545	272 49 1383 2334
3546	3361 2704 2164 1920 2464 2149
3547	3150 3105 2966 3061 2820 2847 226 3084 2981 3045
3548	1112 2259 724 719 843 122 39 547 716 745 733 139 908 599 961 129 758 459 2215 301 879 1105 2261 215 2047 1137 2140 642 2035 498 1873 2621 0 532 316 1505 1990 610 1819 2003
3549	834 821 527 797 269
3550	1074 122 834 457 1414 1423 284
3551	2277 1808 1844 1661
3552	1759 2320 1956 2190 1932
3553	1600 1078 660 2257
3554	2966 2713 3453 2847 1494 480 2676 465 196 2900 1926 1606
3555	1253 3189 3365 3555 2224
3556	1345 1180 106 78 537 2079
3557	1494 2382 2264 432 1505 520 1576 2267 2003 499
3558	845 1068 2384 1074
3559	1600 2865 2917 2942 3010 2837 3166 3551 994 3077 2691 2253 3171 3284
3560	411 116 624 431 2092
3561	3287 858 790 797 1908 771 303 258 786 1002 2053
3562	1990 1477 1646 1341
3563	713 2077 455 1051 578 226 903 1182
3564	2676 1986 2998 2272
3565	606 3032 1983 1777 2432 2050
3566	3163 3129 3209 2948
3567	3162 1946 550 421 2370 621 2228 797 2133 552 2346 3173
3568	1806 276 49 1340 272
3569	2141 2160 679 2359 2466 176 2381 1966
3570	2515 48 667 1454 1954
3571	3192 3298 3291 3353
3572	2285 2173 1353 2602 754 2647 741 2091 746 2649 2164 2413 2229 2161 2535 2432
3573	2544 1209 2371 995 2230
3574	2925 3432 2534 2647 670
3575	1672 1996 2044 217 601 1423 1227
3576	3358 2950 3179 3291 3319 3480
3577	1767 2132 1849 2170 335 1607
3578	3036 1990 2393 1320
3579	1336 734 868 465 1546
3580	1192 169 2067 1199
3581	2266 908 2091 2598 1954
3582	3164 1169 1923 2713
3583	385 2444 283 1862
3584	3388 456 393 1522 2038 443 557 3105 1668 855 186 238 1100 1641 387 412
3585	2043 1582 1844 2200
3586	1561 304 266 3474
3587	1777 2885 3163 2050
3588	2558 1699 1113 727 1065 176 1573 2010 1952 577 1070 3136 1802
3589	2657 2847 2625 2558
3590	3251 3272 3255 3401 3405 3196 3240
3591	2819 1747 2050 2011
3592	643 2091 2117 49 797 994 741 947 540 526 2164 1817 2212 1688 2184 2307 578 290 1241
3593	1672 2097 252 487 1991 2015 1883 579 2876 2544 2460 2035 1828 1689 1799 1658 1726 2044 2998 2024
3594	50 1092 615 847
3595	1545 2011 2564 1115
3596	607 2413 431 742 929 93 3173
3597	2650 1376 2627 2613
3598	1017 1627 132 226 2767 2861
3599	2770 739 2033 1527 757 1177 743
3600	853 2265 356 2522 189 2137 46 2288 176 859 1444 2224
3601	549 1745 429 2647 1078 551 552 550
3602	2280 226 834 876 2350 459 1969 2524 2302 2147 1506 1914 499 106 2452 2144 598 1290 665 1533 819 1565 601 845 1329 15 1831 162 689 324 2252 3 1920 1956 2367 2338 1661 2026 2360 2096 2077 1774 2343 2437 822 544 2187 169 1145 2438 1253 457 402 1427
3603	742 1950 2006 520 908 961
3604	3422 3278 2988 3480 2789
3605	1565 368 1191 2432 1966
3606	3512 3468 3497 3363
3607	1012 1138 966 2501
3608	1576 1380 961 2221 226 2177
3609	2271 2454 2482 1972 2144 2422
3610	2914 3047 3431 2897
3611	552 549 553 2117 551
3612	2942 2964 1107 98 876
3613	3163 3174 2187 2438 3297
3614	147 834 3 459 1244 1297 713
3615	2410 2483 2541 2508 2422 2493 2538 2462
3616	245 2072 3 861 405 315 648 1529 162 1317 3142 375 373 80
3617	3015 3157 3384 3035
3618	2856 2955 3010 761 2971 2246 2745 2241 2205 2722 2659 2269 2938 2742 2373 2865 2380
3619	2271 2300 1966 2482 2533 1881 2155 2422 2407 2457 353 1337 2628 2547 2323 2627 2519 2613 2144 1221 2454 2659 2596 2418 2657 2331 2673 2599 1192 2411 2536 1924 1863 2234 2449 1734 1555 1222 2541 2652 2549 2358 2483 1695 2650 1546
3620	2622 2524 2690 2610 2450 2607
3621	373 162 1795 1819 375 372 283 790
3622	1192 2714 2482 2765
3623	1313 1968 1421 2625
3624	2514 2103 475 1309 1908 2096 956 1484
3625	96 638 2057 2545
3626	360 1275 994 2057
3627	2647 844 468 649
3628	2955 613 768 2952
3629	921 2702 798 2699 660 56 2676 825 392 82 550 806 2704 53 549 877 397 315
3630	2405 2539 2332 23
3631	643 1988 1438 1437 724 2545 245 249 2912 213 2161 718 540 758 1874 637 3103 719 619 247 651 3308 1021 1481 1688 244 1078 1446 716 246 2629 2797 3189
3632	3027 3477 3015 3038 3282 2788
3633	1488 1819 1707 1724 1685
3634	1477 546 744 2164 1672 677 591
3635	589 883 935 804 1436 1942 2119
3636	2003 469 182 2173
3637	455 2204 3188 2527
3638	2077 2184 3551 1114
3639	965 972 3388 1003 969
3640	2119 3509 2852 2851 2267
3641	1245 1243 1762 1778
3642	106 1198 360 1642 546 1673 24 369 2001 1212 1841 1213 1987 353 1359 1209 13
3643	2464 1857 2594 2386
3644	2147 2195 1880 1545 2161
3645	3095 3172 3169 394
3646	139 829 685 104 1335
3647	1150 1606 1601 2038
3648	784 772 550 479 985 1795 790
3649	727 302 2676 1759
3650	1481 1735 2156 2243
3651	1526 1673 1707 1585 1756
3652	2882 2212 2495 2651 1880 2944 50 2096 1997 2661 2206 2386 677 1618 2226 2077 2439 2826 1966 3007
3653	1247 2227 87 858
3654	858 1252 1720 2446 2021 633 2316 2195 845 889 2367 266
3655	2271 2338 2317 2350 1765 1725 2330 2088
3656	652 943 2157 1496
3657	2119 1161 844 666
3658	1259 141 1267 1885 1579 285 1265 2069 1269 176 2023
3659	1605 1512 1831 580 18 1880
3660	3448 3294 3296 3048
3661	3061 3077 3291 3290
3662	1611 1888 994 1981
3663	3222 3069 3404 1558
3664	2043 1526 961 2085
3665	1795 2210 1013 1505 1074 798
3666	660 2455 667 384
3667	382 979 2445 2837
3668	853 2983 1950 2785 741 2218 2229 3163 869 1689 851 2598 1900 2887 3184 961 2605 3222 908 2266 2938 2826 905 2298
3669	908 2576 284 1313 3163
3670	3312 3523 3218 3365
3671	3221 3061 2672 3075 2568 3463
3672	1705 2127 169 2136 1777 2338 1970 2271 2051 2161 1193 1690 1850 1565 2332 2422 2085 1673 2050 1191 1707 2144 1966 1981 2160 2124 2182
3673	2652 2271 1213 2744 2845 2338 169 1209 546 2350 168 1215 521 522 2848 1578 2144 2628 1221
3674	2576 2623 2625 2600
3675	1672 1983 1819 2044
3676	1181 2050 2071 2043 1777 2031 1819
3677	826 3165 2264 2175 2554 2047 520 799 454 1692 463 458
3678	1996 2024 2005 2159
3679	1290 2481 2464 2452
3680	1649 1777 1860 2144 1705 2081 1357 362 2271 1586 2049 2136 1973 1488 1565 365 1195 2276 168 2225 2203 1697 2115 337 1336 2159 2230 2051 2050 1191 1415 2224 2088
3681	930 1582 1341 1653 1954 2371 520 1353 2545 1107 226 660 1770 2598 2464 2255 499 741 593 659 2025 2201 2150 2283 894 2515 2486 1599 2243 825 961 2246 1481 432 259 2164 1844 667 2280 2576 876 1714 1689 2284 2091 2266 908 2006 459 2057 1526
3682	1921 1774 1598 2335 1906 1329 1880 1672
3683	1083 3095 58 198 1272 1130 623 3360 1802 308 1923 699 177 1940 876 853 620 727 827 654 621 465 414 774 56 415 1260 3481 832 3120 834 1012 485 3123 3300 1313 805 383 869 1017 438 1163 2673 976 176 2261 632 1421 3474 3156 1677 2260 191 296 628 757 983 1602 281 1462 660 1042 656 517 587 1065 2648 1396 809 773 861 225 854 525 207 1301 2095 1522 150 372 2229 579 1532 243 3069 1395 1368 432 1481 196 3207 201 1812 474 307 189 1401 1074 724 1304 406 828 547 3414 883 1964 1449 3052 1171 1162 3404 1514 732 1458 93 719 272 617 848 2576 1952 780 483 487 2581 1553 627 2131 287 498 908 255 1374 1010 789 1444 1418 2797 1135 716 840 507 1127 1181 2259 36 797 1561 575 3408 1746 1539 803 1263 310 2799 635 796 601 738 178 1454 783 86 497 987 3178 1128 1161 3340 3136 725 964 29 439 1432 59 916 919 626 982 1095 1021 2838 1014 395 984 1170 232 1636 2699 261 168 470 1023 154 942 1084 286 57 2998 1179 717 822 1423 997 253 85 1045 3190 246 2410 815 807 416 3517 2176 1159 2342 1400 576 722 3427 185 419 442 199 1246 2417 640 1100 3420 309 2522 3165 1450 833 1098 1681 163 3222 1828 1799 659 986 230 545 721 2847 2215 978 3 866 1567 1627 2541 787 3244 2472 164 1036 812 3138 572 279 792 1165 312 430 1324 745 300 2713 2265 2371 320 504 634 726 793 318 831 2649 380 657 1027 856 2072 912 254 811 862 723 353 2383 1658 425 268 16 206
3684	2434 3095 3138 2801
3685	2592 2498 2291 2423
3686	3322 3180 3104 3125
3687	2830 3029 2399 3005 2936 2966 2998
3688	2107 2025 2144 2072
3689	544 1340 1697 1695
3690	1832 950 1175 1576 1164 855 1076 2311 2289
3691	2275 2166 2465 393 2286 2243 2239 430 2214 2266 2200 2221 2265 2119 2173 2526 2288 469 2410 2257
3692	756 1880 2518 2249
3693	1481 2035 257 2156 2085 29 2215 2224 2095 1844
3694	1606 1159 2243 1728 1960
3695	1531 593 1844 1790
3696	588 546 1222 1765 1147 1199 1228
3697	3372 2351 3291 2873 2971 3128 3346 2931
3698	2483 2628 2474 2331
3699	1497 3438 2614 3427 3173
3700	2612 1014 2383 2648 1735
3701	1754 1753 1706 1633
3702	844 676 267 707 674 701
3703	1002 506 503 1778
3704	2030 1569 1535 2633 1332 457 324 2545
3705	2432 337 1199 2422 2419
3706	1742 1921 172 1834
3707	273 998 649 468 648
3708	2978 179 3085 3138
3709	2551 3362 1447 2221 1482
3710	1316 229 578 797
3711	3505 3424 3386 3363 3295
3712	2162 1352 522 2216 583 591 2594
3713	2641 2059 446 3061 3290 3338 3505 1994 2672 2218 3340 1422
3714	2747 57 2827 3272
3715	2144 2845 520 3150 205 179 2373 1481 3060 1777 1285 2224 432 499 2676
3716	3296 3507 3127 2901 3353
3717	2150 2144 2288 2224 2228
3718	1909 2568 79 598
3719	3169 3316 3270 2676
3720	780 17 129 16
3721	1325 2184 2559 574 3062 115
3722	2457 2405 2067 2372 2331 2332 1891
3723	201 2845 3231 758 169 3337 499 3156 520 432 745 3084
3724	3280 2583 2965 2723
3725	1777 1191 164 1840 46 1993 169 1199 2422 2256 2350 1222
3726	750 2971 2826 2378 918 2917 755 1292 1347 3046 2946
3727	1013 1373 1341 696
3728	322 261 1658 2025 1661
3729	3007 3223 3272 3163
3730	2666 2477 2605 1975
3731	748 2540 2576 2285
3732	3296 3179 3294 2839
3733	239 2501 1529 2488 2867 2018
3734	1949 2127 2224 2125 2202 2234 2102 1890
3735	1673 2144 2050 1937 961 1738 2125
3736	2413 1530 1707 2332
3737	61 990 526 1529 1951 1611 283 1018
3738	2693 213 739 732 386 479 743 503 2660 666 1527 244
3739	2545 2381 2273 2331 178 2333 1699 2432 2350 2565 2372 2472 2338
3740	1093 654 864 861
3741	2714 1337 2654 2628
3742	3125 2803 3559 3047
3743	2847 1160 2221 2011 589
3744	3066 1958 3436 2702 3016 2477 2386 2989
3745	606 1473 1325 1366 1901 1127 381 2204 1533 1677
3746	2726 239 2150 2630 3163
3747	610 3 1314 1661
3748	895 934 525 1013
3749	2147 3246 2672 956
3750	1590 215 2235 1484 2162
3751	706 1389 949 2969
3752	3150 2799 3123 3153 2931
3753	2615 196 1545 2038 198 2267 480 2832 206 575
3754	1007 615 1872 2117 2576 1276 677 570
3755	2225 2419 2338 2405
3756	1372 1827 127 1977 1417 1760 122 705
3757	961 2998 3103 3481 3507 2737 2489 2286 3163 3310 3520 2986 2161
3758	1222 2245 2158 2256
3759	1688 1506 2057 1611
3760	3565 2370 2212 1497 2540
3761	1599 324 2704 718
3762	2535 2647 2659 2283
3763	14 41 1530 1574
3764	968 3394 384 3546 3033 3529 3538 3101 3009 3541 3206 3549 3522 1026 3417
3765	3390 3516 3395 3307 3515 3558 3510
3766	3275 3465 1880 3042
3767	2005 1147 1642 2305 1646
3768	1195 1565 354 2741
3769	3090 2676 1699 2876 1296 2222 1301 487
3770	2588 2769 1209 2821 2654 2841 2757 2350
3771	992 1295 1168 1735
3772	799 2311 3015 3384 217
3773	2144 1565 1192 2124
3774	3216 2446 3208 1656 1770
3775	1611 1724 1777 1484 1819
3776	3083 739 2378 3148 2989
3777	2381 2464 2332 2379
3778	1449 634 1952 2488
3779	3407 3416 3329 3015 3405 3431 3356 3402 3419 3149 3401 3257
3780	3425 241 3423 2605
3781	745 758 716 733
3782	2147 3505 2458 3481
3783	3365 3389 3294 3324
3784	2462 2457 1481 2436
3785	1485 1689 578 615 1341 1353 1656 754
3786	2255 2981 2610 3506
3787	1850 1488 25 1635 1340 29 2155 1147 2432 1145 1283 1974 364 3163 1155 2870 590 1546 734 1500 3365 1197 1357 1355 32 1966 1213 2886 1530 1612 534 1597 2035 1363 362 987
3788	2516 2246 2931 2799 3123 2822 2298 2630
3789	608 1519 198 1509 1836 904 325 316 295 1622 1041 1777 1484 759 746 236 1844 2050 1645 754
3790	2184 2153 2110 2144 2136 1191 2164 2224
3791	2140 1341 2150 1526 1986 2059 2246 2218 2075 1112 2091 1954 2043 1730 1947 1107 593 1353 1994 1118 1653 580
3792	2464 2446 2314 2545 2280
3793	1514 3176 3057 2335 1848 3162 3290 499 780 864 1505 3145 3457 1000 933 3058 822 53 552 741 3163 239 1230 3007 2161 3298 2869 3172 2693 416 2574 736 2610 2267 810 1545 3525 1035 107 2732 1752 247 2618 819 2629 1057 218 2 3156 2550 1747 1335 475 2892 2526 959 1432 2684 527 262 845 2639 784 833 1755 2470 892 1569 3174 799 1253 2931 3005 3010 2174 60 610 1471 3092 3353 815 3297 1954 1529 2760 2742 798 3272 666 1313 1832 1618 3455 434 877 1458 3150 2352 3487 1254 1136 2832 505 3392 2531 871 2690 2334 3077 1693 3517 3481 1672 1589 1139 2259 2446 2257 2545 3173 219 3345 1942 889 244 553 3004 785 3308 2384 3169 3555 59 433 3192 2672 1676 555 1804 3270 3208 3193 1661 904 2072 2021 1990 3281 1255 429 3474 3117 2764 900 2771 2534 2258 2865 578 3083 213 440 2427 1386 2737 2464 1489 3114 92 1182 2260 255 3443 1093 1135 1675 1105 844 944 2314 3448 2965 1602 637 311 1711 612 887 2563 921 580 2367 134 3141 451 58 559 668 661 3154 211 636 2918 632 2455 85 56 2833 550 2827 3453 3094 788 3099 801 2438 3142 2057 2351 556 988 3409 2745 3103 2887 3016 772 558 1611 2568 448 3189 1438 1858 260 1332 2938 2698 360 1077
3794	2386 2989 2576 1958 3084
3795	2280 1531 2285 2150 1341 2187 1817
3796	3459 3448 838 3463
3797	2279 2460 28 1565
3798	2286 2508 2235 1717
3799	2613 2156 2570 2338 2482 1565
3800	1680 2137 594 1965 2576 2582 2243
3801	3125 3312 3426 2265 3138 3411 3249 2410 2676 3451 3445 3512 2870 2847 3188 3513
3802	2605 1610 284 1948
3803	73 1148 1332 470 835 1161
3804	957 1600 1730 1831
3805	972 434 1030 1031
3806	2006 776 2025 2043
3807	660 716 375 178 284 248 1035 1413 427
3808	346 2826 3287 3436 1351
3809	2554 728 2038 382 2618 557 443 730 1100
3810	2464 2646 2704 2661 2826 2545 2700 2524
3811	1942 550 2617 551
3812	397 1793 3525 2335
3813	768 2133 1599 2164 72 151 80 78 117
3814	1663 1817 1611 1329
3815	873 226 259 757 1967 446 968 85
3816	2539 2773 2708 590
3817	2464 1749 2623 2216
3818	2432 2236 2677 1290 1546 337 2161 1997 1981 2144 169
3819	1794 495 2311 471 438 706 3552
3820	585 1985 623 381 639
3821	1770 1599 2464 1920
3822	2285 1909 1009 1611
3823	2513 1819 2565 2575 2331 2555 2350 2300
3824	3099 2514 903 2119
3825	3451 3200 3371 3515
3826	2413 2376 2659 2505
3827	3009 2226 3436 643
3828	1883 315 3195 1847
3829	149 506 146 838 639 768 1262 867 1906 50 1722 151
3830	3409 3470 3298 3474
3831	757 2693 2592 1568
3832	15 33 1955 1547 2591 2064 2519 123 1202 2616 126 2744 2599 2725 1686 590 14 1198 1863 1673 2304 1486 1523 1811 31 1342 1363 1219 41 1727 32 43 2503 1566 2652 349 2324 2500 1197 1835 169 1797 2496 1203
3833	2265 1976 1614 129 1232 2456 1014 2522
3834	2224 1210 2144 2375 2422 2765 2271
3835	1588 2236 2050 1972 2161 2144 169 1837
3836	2432 2542 2413 902
3837	2397 2173 754 2409 2266
3838	668 2794 1076 2955 1946 611 1693 798 411 593 2938 2649 236 1985 2009 3094 979 874 414 416 2380 407 2758 2680
3839	2655 337 1336 1546
3840	953 260 710 2348 749 1960
3841	3363 2907 3435 3265 3376 3307 3110 3378 3306
3842	2704 2880 3004 2367 2738 2845 2140 2947 2838 1777 2846 2937
3843	2670 999 3 551 1316 50 643
3844	2418 2402 2394 2413
3845	603 520 459 499 2488
3846	1786 1695 1289 561
3847	3517 3284 3011 2639
3848	3256 3033 3149 3283
3849	2410 598 2225 2221
3850	3105 3224 1590 2044
3851	3295 3242 3232 3381
3852	2032 705 3427 2171 1493 2605 2080 214 1904 2480 1947 1921 1307 1598 1341 3275
3853	2265 1522 2478 176 948 975 879 179 648 252
3854	3224 3388 3150 3400
3855	876 1878 667 884 283 538 2981 1582 1334 1633 1096 961 824 411 1246 660 752 380 873 968 495 1012 1076 345 401 1105 913
3856	3379 3524 3533 3523
3857	1744 1733 1321 2029 2056
3858	930 1950 2006 1287 1350 876 2249 1826
3859	3057 2054 580 1505 806 2021 675
3860	444 226 2050 443 455 482 2770 876 503 2601
3861	3066 2610 3060 1680 2647 3103 3105 3333 2989 989 2111 2594 2885
3862	612 439 599 1095 1096 5 642 874 970 1101 272 668 620 1436 1693 265 1049 443 654 1086 799 666 1025 498 1136 1093 1090 1125 1036 1800 438 271 1140 1324 808 276 471 2445 1120 412 393 1617 557
3863	1673 950 961 1636
3864	2411 2136 2407 2496 1145 2575 1840 2547 2466 2144 2533 2432 2394 2503 2593 2536 459 1777 2436 2372 2469
3865	2222 1285 1376 2673
3866	1077 662 1625 2837
3867	808 1815 73 1316 479 929 725 787 346
3868	2503 2613 2496 1750 2189 2575
3869	95 451 416 3299
3870	2162 2161 591 1480 1223 961 1598 2989 1826 1963 2016 1937 540 257 384 2059 108
3871	717 447 2117 2284 1069 425 3 531
3872	2454 2419 2432 2413
3873	2833 3222 469 443 1601 2832
3874	1689 86 659 660
3875	1909 2164 1920 1848
3876	1337 169 1336 1199
3877	861 172 373 2702
3878	930 908 118 2246
3879	963 1023 1029 1027
3880	836 294 1602 3343 3414
3881	2291 348 2096 2285 1817 1826 2212 1819 1672 2111 522 50 1997 549 1888 2732 1618 2843 797 2829 741
3882	464 508 1226 519
3883	391 1113 1119 1423 581 1711 626 432 1699 1800 920 153 296 1411 1735 318 410 1594 179 286 442 577 163 462 566
3884	2524 1909 1341 2015 1578 2208 845 2685 1769
3885	2846 2826 2696 1353
3886	2365 3408 2837 1279
3887	987 1707 2144 1005 995 997 884 125
3888	1653 746 754 1353 1321
3889	924 1293 970 979 645 630
3890	259 1063 1025 2289
3891	2676 2383 2551 2737
3892	432 1582 520 289 696 1502 689 459 499 2150 1341
3893	867 2722 265 478 445 685 449 648 650 899 276 649 271 2228 651 847 272
3894	736 3566 3414 3562
3895	2732 832 3076 3010 2270 822
3896	1353 522 1310 1480
3897	1401 319 634 828
3898	1590 1704 2495 2053
3899	2271 2144 1695 1777 2050 2136
3900	2333 1672 2381 1660 2070 2292
3901	2544 2239 2225 2876
3902	908 876 2987 961 2267 459 2382 62
3903	2265 330 967 403 879 1172 153 1952 2895 430 1345 2409 803 2371 1070 628 1227 70 579 236 2411 488 2224 2144 2422 640 1764 150
3904	106 1147 312 1227 1232
3905	1602 833 1252 1693
3906	1621 1673 1695 1707
3907	1707 368 1191 1966
3908	2495 2226 1889 2386 1888
3909	2506 1067 373 2734
3910	1630 574 725 1327 1425
3911	1973 1970 1969 1895 1972 1987 1978 1734
3912	1888 1661 2150 2465 1582 2029 961 1908
3913	3427 2968 3463 3298
3914	2444 1351 2635 1770 2065 2074 890 2398 2096 1958 3023 1513 2079 2212 175 1309 643 174 171 230 2672 2284 2368 1310 1920
3915	1685 1842 285 1972 291 158 1746
3916	3381 3307 3435 3236 3198
3917	2837 2241 1534 1251 2524 569 1914 558
3918	2054 569 1545 3559
3919	75 1414 1990 1614 1661 499 520
3920	2881 3283 3027 3476
3921	2144 834 2608 2540 2413 2370
3922	2419 2413 1565 2432
3923	1844 1107 2255 2284 2246
3924	2025 2096 2034 1373
3925	1666 240 1628 1959
3926	2411 106 1155 2159 1340 588
3927	1909 3201 3218 2461 1672 353 2259 469
3928	310 286 169 309
3929	1496 1351 1685 1484 2025 1888 1672
3930	2535 751 261 700 2293 2972 1658 1272
3931	757 1050 739 2444
3932	731 528 1658 1944 2105 396 202 1699 1799 716 436 2383
3933	2577 2559 3060 3061 742 2838 1297 2082 942 1579 1838 2922 741
3934	950 862 861 2045
3935	1396 507 2676 908
3936	2742 2056 1901 398
3937	416 636 968 961
3938	3084 2885 3209 3111 3205 3064 3140 3104
3939	867 852 2280 2228 82
3940	2413 168 2536 1488 2015 2049 338 2379
3941	1258 1934 1253 926 2040 1813 1817 346
3942	1007 1146 1996 1702
3943	1387 1862 651 1684 1038
3944	1765 1607 555 1920 1909 1849
3945	3142 2200 3045 1971 1252 3105 606 3308 899 602 1107 852
3946	2825 594 1544 3099 2173 2006 2400 3173 2194 2598 2200 1100 3150 3094 119 2397 3105 2410 3358 2255 805 2998 2383 2529 3278 749 3103 2486 3165 2537 2284 2629 3246 2508 2215 2288 1552 2293 3007 2673 2542 3162 2214 2648 2516 2833 2283 2662
3947	898 1323 283 931 92 741 819 822 1389 1571 775 779 48 535 1114 841 1093 870 639 1589 426 1413 724 289 290 315 0
3948	2215 2904 980 2379
3949	552 3066 553 834
3950	799 1618 1253 1673 1589 1909
3951	994 416 2204 469
3952	2561 2571 1954 2481 2550 2488
3953	3056 3487 2689 3077
3954	2374 92 2135 66
3955	1737 3459 3353 3275
3956	2338 2350 2305 126
3957	1336 1145 1199 1192 1777 1198 3067 1337
3958	1085 1867 188 2003
3959	2236 2049 1887 1991 2075 2221 1972 442 2051 2078 2207 1863 1213 2105 1837 1727 319 1786 217 1345 2122 227 1203 1812 1969 1987 1566 1606 1944 406 353 681 2196 1700 1085 1939 2081 310 1950 763 811 1828 251 2173 1574 321 2278 1205 1899 1556 1850 2156 70 241 2271 312 308 2168 2086 2085 1547 231 2127 1726 603 1673 1197 364 1672 2002 817 1891 299 1978 2124 1888 220 296 2095 158 2222 1528 1970 1468 413 534 982 1683 880 2144 2134 2123 287 1993 338 1719 2114 2251 504 1966 1214 731 2201 232
3960	1611 797 894 895 1672 798 2455 540
3961	2511 2386 2221 2932 2836 2985 1186 2416 2083
3962	1890 46 169 1499 1546 337
3963	353 2655 2462 2338 339 1601 2536
3964	3 1251 1089 2872 2336 1102 2204
3965	2319 2021 2355 1529
3966	2257 1118 448 2464 555 2246 2255 475 947 1770 1653 2164 2934
3967	273 648 2233 650 274 271 272 651
3968	745 1983 1089 1324 1400
3969	2043 2647 2885 2225 2602 2649 2727 2410
3970	2405 2383 2541 2469
3971	520 169 2127 1376 603 1970 459 1555
3972	2833 3290 3291 2552 2827 2119 2998 2034 2625 2286 3003 3156
3973	1660 106 168 1340
3974	1700 1490 1731 1727
3975	3019 3150 1093 652 874 3388 844 2284 2311 1946 1505 3546 3537 1629 3035 3280
3976	3499 2246 2490 2625
3977	176 819 1489 2818 921 1114
3978	2144 1819 2162 2161 1888 2164
3979	3037 1285 3136 699 868 884 2142 731 579 1658 995 208 3498 487 1019 3292 1044 2876 322 2410 2870 2648 131 210 3312 2268 202 3085 163 1001 3499 2409 36 1423 2383 347 507 1193 205 187 1010 993 1585 936 1482 2279 980 1378 528 2528 1005 2845 2436 1466 978 261 2769
3980	2689 558 2712 2938
3981	3423 3428 3426 3201
3982	28 1969 2394 1966
3983	2246 1977 742 2091
3984	3485 3545 3341 3467 3425
3985	2233 1078 3333 2693 3068 2647
3986	2885 3105 1910 3007
3987	1325 1951 652 606 798 1806 88 966 723 1630 2068 1313 2497 1514 1130 2601 397 553 1785 2269 451 772 616 1425 977 1032 1505 1948 1816 315 526 1533 669 646 790 551 721 552 2020 2257 574 664 670 1046 20 554 668 735 2579
3988	2714 2628 2848 1731 2904 2565
3989	2729 2762 2763 3013
3990	355 1996 1688 2005
3991	2389 2350 2405 2482
3992	1817 1480 343 2096 2270 2444
3993	2832 2885 2551 930 2727 2657 3032 2847 2887 961 2714 2879 2286 2283 3520 2938 2981 2900 2598
3994	50 176 1963 1745
3995	716 2567 272 2704
3996	1697 1289 2265 2005 2234 1621 1147 106 2159 2230 2050 2422
3997	3297 3515 3204 3311 3372 3201 3448 2858 814 3516 1413 3159 2869 3307 3353 3363
3998	2441 1984 2349 2143 1759 2190
3999	1571 1575 1080 2208 1618
4000	700 1980 2465 1544
4001	1021 255 2119 240 983
4002	3321 3403 3409 3298
4003	3169 1331 3427 3007 1559
4004	2974 2695 162 1408 624
4005	1409 1041 505 1971
4006	1993 2602 749 39 2243 1353 1672 2025 2414 1888 2462 2298 960 2535 1724 2216 2513 2383 1484 2599 2594 1791 1481 2460 2246 1777 1660 1505
4007	2247 2025 2280 2179
4008	2530 2464 2443 2367
4009	797 1563 448 1983 2310 433 491 1721 1400 2397
4010	3147 3005 3172 3189 3193
4011	2015 1385 53 1485 1962
4012	964 432 1795 1002 376 377 2515 1366 780 827 3 825 718 2077 414 1534
4013	836 556 550 522 1888 1672 2370
4014	3156 2742 2562 2910 2952 3555 2981
4015	3163 1230 1828 644
4016	1097 259 1505 1098 226
4017	2295 2135 2094 2147
4018	873 2 1776 707
4019	2486 2850 2283 2853 1187
4020	1430 402 1472 1603 175 881 381 3102 1429 1391
4021	2050 2317 2413 1777
4022	1966 1891 1924 1937
4023	2284 2373 10 2025 3045 2673 223 2477 1733
4024	3457 1883 2485 2568
4025	2306 2436 2432 2405
4026	2266 2970 3123 3308 1980 3188 1253
4027	3163 3539 2733 847 2752 2834 2999 2288 2531 3453 1335 289 2969 2583 2514 3105
4028	1737 2820 218 2727
4029	3305 1501 3351 3443 2779
4030	1221 1723 1705 1734
4031	2472 2700 2090 2128 2632 2272 1956 2494 212 2032 2140 2213 1717 2249 897 1962 2139 1904 1766 1906 1936 2377 1805 1493 1843 1637 1989 1722 2171
4032	1902 715 3010 2356 1852 150 1648 1267 1244 2836 81 1305
4033	869 763 839 2708 2654 1777
4034	790 656 3565 3 624 1810 148 3436 2695 425 1693 1362 1218 551 2579
4035	1991 2371 2123 2522
4036	1333 876 1049 730 1653 772 385 1428 1256 1093 1689 2952 1429 904 501 224 94 411 1430 509 771 1135 1076 1313 1402 1455 2096 307 1102 1709
4037	1611 890 540 910 1009 894 1688
4038	637 1327 862 1071 861 2050
4039	2432 2257 463 2384 798 2021 719 901
4040	2279 459 866 2535 731 261 2121 1097 1210 17 1
4041	709 283 567 2066
4042	2208 2367 2164 2242
4043	781 1477 374 1143
4044	994 1376 70 367
4045	2108 1950 1782 1981
4046	240 758 1963 262 255 1021 745 2400 247 983 1471 1859
4047	3481 520 1041 843 3163 3165 3150
4048	613 1766 1764 285 1751 1714
4049	3353 1118 1737 3311
4050	1425 985 2129 1630 1131
4051	1098 920 939 347 978 1812 1799 644 697 1665 1167 891 1604 1165 205 197 164 597 868 2035 166 18 734 459 731
4052	1994 1493 1112 2432
4053	606 2250 315 594 2371 1688 2057 2869 2964 718 562 522 1416 2843 1611 2269 1012 2283 2540 938 183 239 728 1172 2072 2583 2734 3061 520 1991 647 2489 736 540 2931 2999
4054	2958 2717 994 2917
4055	218 1963 1418 255 2629 240
4056	556 744 1002 540 956 643 1680 875 72 927 290 1615
4057	906 166 1178 1950 2283 1745 1708 9 2003 997 730 2286 2275 908 1653 759 1479 603 1658 261 412 579 930 1980 2173 961 520 291 1410 869 1636 1954 1933 1519 259 2009 238 1812 1014 499 1625 1668 1964 393 1836 178 1522 2114
4058	2619 1522 1479 580 1105 1617 1494 691 919 1844
4059	1191 1716 1690 1555 1993 1193 2050 1376 1705 1786 1192 2067 1891 1972 1777
4060	1199 2005 106 361
4061	994 272 2444 315 2096
4062	2050 1848 2144 2280 2119 2367
4063	2432 2397 1526 2003 2229
4064	3124 3190 3207 2604
4065	3371 3466 2888 3413
4066	1346 1482 208 1570 1646 1490 1923 1705 1765 1748 1194 167 1763 1756 1758 1192 1658 1944 1694 1671 1799 1716 36 1812 1726 859 1727 520 1786 1649 1777
4067	815 2685 3010 2865
4068	1481 961 1353 1522
4069	749 2200 1118 2184 2161
4070	164 986 982 859 1799 235 840 278 487 579 2371 407 1085 1505 459 1 2201 764 569 2123 18 848 2204 179 734 1719 828 539 187 1113 1209 432 239 1461 868 234 1100
4071	878 738 3006 2025 2491
4072	259 1519 1836 1980
4073	2673 2522 2647 839 2265 2201 2003 2541 853
4074	1050 2667 492 2647
4075	2338 2483 2469 2411 2454 2482 2405 2513
4076	3512 994 660 718 616 2693 427
4077	681 368 1565 1191
4078	1661 1937 610 139
4079	2722 822 142 1619
4080	2124 1596 2239 2044
4081	2729 3250 3020 3295
4082	757 2048 475 2843 139 3452 3198 2576 3148 2175 3173 2704 942 838 810 594 2568 2057 656
4083	728 179 2054 1119 884 860 1146 796
4084	3173 3505 3174 3163
4085	3377 3293 3252 3390
4086	2025 2215 2200 2284
4087	2462 1673 1671 2156 2105 1702 1481 2229 708 1991 1580 580 1966 2035 2371 166 1741 1707 1950 2265 2044 1799 2234 2541 2123 2085 548 2144 1699 2224 1649 1636 1735 1786 1812
4088	70 2764 2623 2887
4089	2499 2369 2285 2161 2594 2416 2329
4090	1523 1530 1205 1363
4091	1335 672 871 658
4092	3496 3160 3476 3471 3460
4093	784 2479 516 788
4094	1359 534 541 23
4095	2265 2215 2271 2125 2982
4096	578 875 3303 1218
4097	532 1045 731 321
4098	1343 171 258 1682
4099	578 2432 2419 50 315 2413 749 2246 1118 652 1002 118 1529 1210 643
4100	1523 1734 1206 1704
4101	1258 172 1715 1521
4102	2686 615 1781 2743 2953 2945 2510 1943 926 2213 2976 1830 2294 3024
4103	3206 2881 2789 3129
4104	789 1013 315 1009 977 1902 1629 1795
4105	1191 1192 1376 2124
4106	2 386 771 1316 645 797 527 798 388 772 90
4107	353 359 724 652 1555 1045 2095 821 1194 1357 88 1705 2007 2144 797 1645 947 1049 1995 2125
4108	2672 2074 3099 2135
4109	2676 3324 3412 459
4110	2413 2829 1513 2610 2756 1896 2826 677 2096 2483 2464 2444 2605 1770 2576 2288 1210 2651 1777 2280 917 914 2540 843 2702 2432 1909 2882 2446 139 2071 1352
4111	1661 1143 1836 2092 1908
4112	1981 1888 960 1791
4113	1643 1488 1588 1191 1919 1707 2156 1966 1671 1197 1565 2067 2271 1850 2144
4114	2370 2540 2443 2495
4115	2623 3480 2120 3073 1889 3481 543
4116	98 800 571 1907 1268
4117	3346 661 3191 654 3298
4118	3537 3394 3530 3263 3507 3497 3417 3101 3398 3472
4119	1728 1842 1769 1760
4120	746 1280 1278 1258
4121	833 1096 2066 1986 1072 3355 741
4122	2069 475 2865 174
4123	2112 164 459 2598 2201 1108 2108 469 876 1461 1100
4124	1797 1750 2202 1221
4125	1953 195 2038 1336 184 186 973 1606 2543 1345 3292 176 982 198 206 2342 459 1192 202
4126	3090 2910 990 2930
4127	8 166 539 1645
4128	2422 1660 2714 646 2560 1427 1289 2706 2432 638 2454 1210
4129	3297 2464 1675 3561
4130	2801 2818 2522 2536 2460 2383 2222
4131	3446 3180 3257 3497 3519 3531 3131 3509 3395 3035 3547
4132	2505 1532 2408 2173
4133	2708 353 1502 2266 1257 834 689 1777 2050 2140 1966 2570 2694 520 961 2581 603 2541 129 543 2272 36 1880 1850 28 1530 827 807 2648 2576 1746 2724 1193 716 758 499 1506 2847 1044 1812 876 1669 1112 2815 205 718 1505 894 1580 166 1831 1481 2384 2854 930 1522 2268 869 1950 3 1117 284 18 1611 2765 2818 2744 2057 1906 580 696 176 2621 2714 1341 733 2249 719 153 2673 2144 1842 2200 2124 2085 1932 1647 283 2139 2741 723 2650 853 2322 724 291 1745 178 164 2855 1100 895 201 1546 905 432 1940 797 199 1735 2627 780 2778 223 597 236 908 2150 2598 2199 2683 973 2413 2658 1615 2013 1844 459 2108 301 1759 2229 118 1685 179
4134	2609 2652 2636 2643
4135	2271 2160 2144 2234 2236 2146 2449
4136	2265 2284 2243 3040 3114 2025 2280 2799 2734 2910 1989 846
4137	458 908 1832 2119
4138	987 2095 2105 2222 1799
4139	2931 2057 551 894
4140	283 1802 3455 1448
4141	2522 2548 2612 2460 2676 2462
4142	3094 2702 2818 2989 3105 2119
4143	2154 2318 1775 2458
4144	1847 2670 793 421 227 241 636
4145	3101 3033 3530 3394
4146	2050 2535 2271 1937 2647 2161
4147	555 550 1325 797 1012 836 789 3192 2693 283 1465 525 1545 757 732 1013 475 784 1670 822 3189 258 340 348 1067 743 2242 994 552 1306 290 979 821 434 788 282 503 301 1092 739 90 652 834 448 551 3010 522 343 772 558
4148	1990 2091 476 89 1653 754 1353 746
4149	2030 703 1790 411
4150	2161 2598 2146 2463
4151	2515 433 1626 1262 382 97 557 384 538 2288 393
4152	2077 1491 2518 677
4153	3108 3030 3105 3236 3296 3077 3270 3272
4154	1983 2505 1662 1089
4155	3504 3451 3464 3346
4156	1100 1930 853 166
4157	2650 1199 2658 2422
4158	373 618 628 2820 1550
4159	2124 2271 2422 2144
4160	2742 2824 540 2696
4161	2294 2470 698 3083 801
4162	426 2988 398 3019
4163	2370 3046 3014 2386 960 540 522 2181 894
4164	2224 2313 2197 934
4165	834 1247 1341 609 1184 1704 1364 2117 899 858 929 943 698 934 821
4166	578 50 2050 1611 2147 2042
4167	2056 2200 1937 2397
4168	812 224 453 1693 632 301 525 672 104 435 319 656 633 490 320 1455
4169	2359 2383 2271 2397
4170	1672 3405 2802 3077
4171	3108 3317 3423 3314
4172	226 2981 2885 878
4173	1305 639 607 283 1572 373 580 876
4174	2087 2465 2542 2298
4175	3163 2875 1475 961 2200 3358 3330 325 2998 930 908 3458 2397
4176	2230 2224 2124 1565 2409 2136 1850 2317 1690 2332
4177	107 1771 497 430 1153
4178	1201 1524 1655 1360 1208 1215 1381 1892 1476 1574 1200 1486
4179	1882 3062 230 2196
4180	2689 65 2116 2712 2399 118 2961 2799 417 2266 814 2198 1941 63
4181	2079 1889 1868 1981
4182	1245 905 1334 2954 1361 2330 2176 1242 2617 1165 801 287 197 1746 161 421 840 2908 2938 3010 435 403 1002 2256 1177 2970 2047 309 2917 1036 853 2563 144 2536 121 147
4183	1752 2252 1869 1744 1531
4184	2159 2338 2254 2379 1565 2161 2419 2306 2005 522 1672 1546 2432 2413 2081 1210 1191 2390 2236 2271 1673 2331
4185	3340 2316 3219 1620 2737 441 774 2968 3019 156 3297 391 3554 962 1877 2895 1114 1693 1345 398 1746 1236 837 220 3006 3228 3327 4 558 1171 1567 800 3410 1572 1237 2716 3241 234 313 976 1579 1913 2559 888 1029 3334 394 929 3552 793 3195 1156 773 2581 3172 3155 1065 2964 241 3227 3500 1174 806 3330 3272 2699 986 267 1180 3303 3429 3309 331 1713 3280 3465 2253 3355 2573 3077 3492 2062 153 819 2459 810 1216
4186	3054 1930 176 1059 859 295 178 2268 2657 432 1541 499 2201 3244 2432 2541 3053 886 986 1944 1246 2112 2488 406 235 296 1545 1395 1411 2891 2558
4187	601 2676 166 1098 1875 1614 580 2019 2105 2224 2054
4188	628 1267 91 2235 432
4189	2354 2144 2369 1663
4190	2516 0 3163 3105
4191	1849 2407 1850 590
4192	2748 859 3150 1481 2676 894
4193	106 287 53 1817 2005 2321 2368 677
4194	1714 859 994 551 797 549 258 2455 947 798 968 90 606 961 617 1028 459 1516 834 2404
4195	118 741 1653 749 602 2246 754
4196	1438 255 984 2629 262 1439 244 2761 247 2188 983 1021 2400
4197	2123 2627 2584 1738 2411 2230 2652 2548 2422 176 2549 2650 2372 851 118
4198	475 217 269 2144
4199	2778 2236 3037 3072 2650
4200	403 2629 1963 1983
4201	784 662 1599 837 772 249 2020 1576
4202	2415 3015 213 3027
4203	2825 2255 741 2827
4204	2581 2818 1693 2965 2673 2025
4205	2186 348 2212 1352 2314 1662 1946 964 2540 2444 224 2077 2205
4206	2931 3169 3173 3066 3176 3208 3105 3281 3170 3084 3007 3171 3142 3221 3172 3194 3120 3119 3193 2983 2989 3162 3117 3154 3073 3061 3077 3246 3042 3298
4207	1966 2158 2051 2024
4208	1680 1002 1373 162 820
4209	961 2058 2206 2335 2576 2043 2025 2816 2212 2161
4210	2126 1994 2594 1796 2621 1611 2162 2389 2576 2190 2043 1724 2117 2216 1321 2161 2726 1826
4211	834 821 475 552 554
4212	879 935 499 768 459 2009 1287
4213	1497 3009 1351 3353
4214	2358 2419 2432 2422
4215	1716 1707 1597 1643
4216	3297 2576 540 1688
4217	1222 169 1007 1580 1888
4218	1933 2351 2936 3178 2552 2275 2634 3026 3224 1752 3355 2673 2833 3029 3094 2373 2692 3040 1816 1948
4219	697 432 1636 1045 1198 225 1199 868
4220	2201 129 961 119 1410 1109 580 456
4221	2597 1832 2204 2373 3040
4222	1122 416 372 239
4223	679 2141 1340 1995
4224	1465 1843 1433 3069
4225	199 2798 1074 2114 2564 1094 2393 2832 493 845 1231 1414
4226	3283 3282 3087 3109 3245
4227	1505 315 2240 2072 2195 2335 2326 864 2150 1884 2174 2250
4228	1344 2229 2832 1063 1082 1467 1919
4229	669 372 297 289
4230	1549 914 2296 952 172 688 48 934 890
4231	2704 2161 961 732 908 2225 2283 1410 930 2246 757 2229 2242 2162 1530 739 513 2382 2224 2284 2150
4232	1649 329 1695 1208
4233	659 855 3128 101
4234	2993 3047 3108 3104 3507 2859
4235	1779 2580 2717 2423
4236	2181 2296 2291 1607 2540
4237	506 2220 615 818
4238	1110 2199 257 1531
4239	2003 2576 2598 2508 2465
4240	3163 3 2998 1116 994 2319 468 1576
4241	1954 1689 2091 1416
4242	1673 355 1209 169
4243	558 3566 2833 419 2508 2912 806 1526 345 3 417 876 1481 2260 667 3487 3103 908 3093 2673 2799 2966 1098 2598 3246 2825 2529 1353 2875 3123
4244	1789 257 1677 783 923 2224 314 1517 1035 998 1762 1365 1760 162 1778 1558 525 1754 1491 315 1165 128 1318 289 1753 1328 49 403 178 1350 155 249 1234 2347 1366 1089 1569 2518 1332 378 1435 52 892 713 1316 2562 1317 1038 159 285 1492 2661 2494 1983 1489 1938 1290 1241 1345 1693 1943 2632 1393 3024 787 383 752 1225 2450 1305 943 1124 51 2062 1300 1036 1845 1769 717 2213 1862 1709 1173 1167 877 2568 792 637 1081 722 1810 319 1785 1174 2693 1985 1060 1421 698 744 401 2826 1830 669
4245	2584 2005 1734 1966 2483 14 1357 1840 1481 1221 3084 2110 2460 2202 2222 548 2877 2708 1556 2612 2305 2051 2429 1863 2560 1987 2598 2468 1694 1638 353 3091 3247 1950 2268 23 1586 2266 2331 2178 2115 2410 2466 1773 2350 1949 1683 1359 29 2904 2301 1347 2541 2156 1850 3133 2123 1687 1565 2539 2821 2753 2046 2127 2774 2245 1777 2462 2503 1969 1355 2344 2085 2935 2854 2230 1044 1973 2581 2998 2124 2050 2158 1702 2324 2405 3136 1580 1935 2229 1750 2102 2422 2049 1695 1821 2795 2845 1530 2586 2570 2236 2519 2243 1045 2146 2141 1891 1865 37 2225 1145 2471 45 2547 1697 2855 432 2144 2064 2419 2611 337 1972 168 2436 1922 2232 2279 1837 3120 1207 997 2306 165 2271 1705 1200 1588 2278 2125 1468 2390 1647 2544 2457 2402 1222 1839 2234 1809 2078 2658 1337 1741 1996
4246	1705 1970 2845 2759
4247	3331 2722 2656 3287
4248	2534 3497 2956 2861 3262 3278 2803 2972 2914 3389 3504 3329 2853 3511 3214 323 2906 3017 745 2799 996 1735 1514 3020 2891 2629 3542 950 3036 2054 2011 3451 3018 580 3445 3110 219 3431 233 3544 3239 2959 2814 1314 610 2862 3013 3175 3545 951 3112 3130 640 3049 592 3486 2981 3032 3238 3506 1963 2993 2929 3523 2998 95 2231 3412 2400 3328 2924 3507 3314 3254 2328 2878 3413 1505 2921 3531 3063 3129 2269 2898 2488 2963 2119 2810 3425 2927 733 2852 166 3363 1780 3534 215 3319 2657 164 2257 1100 3513 735 239 3293 724 2916 1118 3230 2896 2554 3373 1729 2858 1587 3411 3376 1545 2879 485 1859 2264 3512 3135 3386 3559 3532 2802 3374 2934 3080 3183 2681 2962 2913 1613 988 3310 2915 499 3391 2907 3426 902 107 3388 3524 3276 2851 758 2749
4249	1819 2192 1791 1817 1562
4250	274 265 648 273 275 651 649
4251	3503 3336 3108 3388
4252	2135 601 1417 1914
4253	179 1423 2265 180
4254	1562 2036 558 578
4255	2011 801 2470 1615 2154 907 847 59
4256	2598 660 1526 2541 2486
4257	773 517 98 736 330
4258	2271 2432 895 540
4259	603 797 908 499 1118
4260	1257 927 587 545
4261	593 2173 2200 2817 119 973 961 580 2229 2625 1192 1070 767 2272 1966 2153 579 28 2542 1488 1779 1191 1045 164 1277 1689 2475 2255 2558 2243 2454 2659 1526 2265 2147 2144 1600 1481 2025
4262	3124 2558 2676 2095
4263	1223 2379 2136 1546 1966 1007 2358 2125 2419 169 1199 1009
4264	127 1136 2378 1351
4265	1505 3235 3480 3246
4266	2096 1421 2693 283 2625 994
4267	2425 2449 2338 2432 2050 2418
4268	2555 2636 2487 2539 2588 2565 2581 2533 2603
4269	3042 3234 220 1002 2576 732
4270	1593 2077 684 1341
4271	1534 2605 1253 703
4272	1993 2499 2626 2411 994 1840 2389
4273	844 889 672 1306 2 1491 973 128 257 526 609 955
4274	2271 1890 2224 1856
4275	1724 1981 1844 1857
4276	1158 1036 725 401 661
4277	1980 1971 1896 2031 2094 2075 2091 1914 2084 2009 2109 2246
4278	1013 994 797 1529 834 1012 1002 901
4279	240 255 248 244 247 2926 632 2319 2629 375 136 1471
4280	809 2150 2153 2095 2229 2111 805
4281	1888 2102 2050 2136 1695
4282	3203 2817 3126 3252 3504 2807 3497
4283	1671 106 1488 353 1690 1695 597 1707 1548 369 1621 1486
4284	2498 2195 1844 2832 1561 741 2983 1057 2623 1279 1436 2365 53 444 2387 2728 538
4285	2409 2432 2136 2466
4286	2680 1943 2477 2450 2938 2084 2247 2634 2092 2831 3075 2629 2610 2269 2508 2742 2025 3010 2515 3060 2955 2675 2281 2614 1977 2777 2339 2019
4287	1141 397 1680 768
4288	3120 876 2825 2727 2433 1133 2955 2647 2786 1757 2535 500 2832
4289	357 2159 1191 1642 120 356 34 2599 1192 1312
4290	2099 1213 995 1045 202 1470 1876
4291	1384 1962 2638 2367 2036 2153 2135 2117
4292	797 947 522 834
4293	2311 648 776 1096 433 1902 825 636 380 822 272
4294	2545 2702 2077 1962
4295	1127 1173 416 2250 3156 3414 178 183 861 833 1217 994 1631 459
4296	3 801 2313 1164 808 137 2878 29 105 2 756 874 360 632 3481 59 2225 1369 9
4297	2057 3073 2329 3185
4298	682 122 675 685 838 2989 1990 2685 1329 2335 2800 1774 477 954 875 2826
4299	914 348 2241 1078 2455 1769 2784 558 2452 1235 1349 56 782 834 615 343 2635 2623 2690 2224 170 2361 1906 2505
4300	343 2706 757 2540
4301	1199 1890 1565 1192 2419
4302	1353 759 746 741
4303	743 2608 2389 2248 732 3566 3094 3562 3361 1791 3484 2758 1527 1826 739 3288 2667 1104
4304	2832 2786 749 2727
4305	2742 624 3081 2637 3078
4306	607 1954 742 1920 2057 2164 2117 1353
4307	2005 2004 2007 521 1700 1765 1756
4308	2164 552 2144 994 1688 2221 2161
4309	2700 1722 1252 2140 1251 1760 698
4310	822 311 1693 813 1177 1443 1445 1120 2825 2515 1035 153
4311	274 650 649 275 276 648
4312	1556 1500 1548 1193 1547 1530 40 459 1481 1149 1201 1585
4313	1924 169 1167 1205 2159 1565
4314	2586 2611 2146 368
4315	2702 2878 2654 2626
4316	876 994 459 908 859 499 1341 593 2043 961 930 1888 178 2006
4317	3052 3055 413 1459
4318	652 323 654 176 844 1290 594
4319	1766 179 1726 520 213 1532 1324 176 371 1745 793 1400 247 178 1078 637
4320	707 506 1902 64 674 2634 1270 873 10 1244 1024 2501 715 676 584 975 2018 2025 1266 2012 1610 542 140 81 2023 1091 150 570
4321	3143 3538 3100 3009
4322	1382 1275 1873 739 1454 1256 871 1329 685 827 1823 743 121
4323	815 1618 2101 1905
4324	570 1742 1975 2040 2568 2106 1715 1521
4325	1705 1723 1671 1686
4326	1773 2432 2292 2245 2274 2413 1213 2350 2331 2256 521 2122 1809 2500 336 2271 2159 1199 1528 2422 2420 2300 1854 2338 2482 1191 1860 46 2130 1336 337 2304
4327	869 2164 1960 2351 606 1752 2117 2363 1816 1983
4328	2792 2826 2874 698 2678
4329	3322 3317 3369 3296 3341 3379 3179 3214
4330	2003 582 920 2382
4331	1377 2161 2025 1986
4332	1530 1743 1856 1690 2007 2088 1966 1748 2144 1546 1931 1145 2051 2067 1863 1695
4333	1613 1611 1660 1615 1777
4334	1807 174 1036 744 578 941 801 1343 2184 2568 171 1618 2 690 677 2220
4335	1150 2269 802 582 986
4336	3381 268 169 3318
4337	3501 3364 3327 3392
4338	3163 2187 3061 3046 2947 1352 2608 2733 1493 3099
4339	93 692 2605 2516
4340	2713 2344 1976 2396
4341	3364 3365 3420 3525
4342	1855 337 1222 165 1221 1777
4343	2338 2332 2372 2422 2390 2432 2419 2405 2411 2144 1530
4344	714 3436 245 159 985
4345	508 927 515 1226 2071 90 239 894 2768 3002 1675 2161 1079 258 979 947 1398 2647 269 513
4346	3172 3241 3192 2689 3107 3302 3142 3061 3193 3274 1485 3270 3246 1012 3106 3153 3076 3042 3098 3147 1619 3073
4347	1159 2799 3009 2689
4348	356 1227 1957 1460
4349	290 1572 1159 50
4350	1298 1296 1367 141 1938 305 1902 2069 140 739 143 150 1527 152 1361 1300 1533 732 743 964 4
4351	2533 2558 2581 2222 2460 593 2493 2286
4352	2329 2391 2378 2291 2397 1801
4353	1795 1316 2976 3514
4354	2672 2985 2241 2367 3007
4355	3471 226 2776 1025 2808 3472 3454 3434 3071 2812 3450 3495 3131 3490 3384 3383 3035 3477
4356	1588 1966 2422 2144 2331 2338 2238 2067 2245 2271 1381 1555 2292
4357	1353 1653 746 754
4358	2245 2358 2513 2331 2409 2432 1222 2338
4359	371 375 372 373
4360	994 416 2072 652 667 459 1942 1013 1692 2257 606 610
4361	1067 748 2004 328 47 1864 744
4362	2350 1700 2432 2263
4363	3045 2727 3032 2659 3503
4364	3433 248 844 274 649 1533 1816
4365	2383 2229 2284 2105 2371 2095 2144 1828 2123
4366	1114 325 833 1164 2442 455 56 815 283 762
4367	2774 1966 2815 2144 1686 2801 2653 2723
4368	672 614 1795 716 994 1656 656 743 313 230 733 696 3270 201 876 3414 1078 1527 719 442 2802 292 718 3062 1012 2488 908 3163 130 2527
4369	459 499 2267 432
4370	1421 1693 606 864 1013 397 375
4371	526 2488 1529 459
4372	930 3047 3322 3009
4373	790 88 1332 2342 3068
4374	1773 321 1695 1213 1738
4375	2421 1266 1431 1579 567 1304 1838 725 1902 150 80 81 975 2219 1305 1120 2559 1818 2820 1367 1245 2577 2069
4376	1065 577 407 1545 1371 575 436 465 1784 391 414 1952
4377	1430 979 967 1408
4378	2077 3481 933 2360 1962 847 2297 1717
4379	512 373 371 372
4380	2942 2833 2868 3217 3103 2016 3083 2900 2886 3163
4381	2837 3074 2964 3138
4382	2368 328 2331 2274 2416 2083 2022 2217
4383	2096 3045 2535 2444
4384	2072 1382 516 258
4385	298 459 807 643 432
4386	1139 743 1090 1661 994 1143 2380 248
4387	3019 2995 461 863
4388	2444 2057 2605 2666 894 2096 2432 2576
4389	1027 965 1023 1042
4390	2535 2727 915 259 536 446
4391	2592 522 2843 591 2625 2764 2226 2666 1480 2989 1310 2057 2834 3023
4392	548 879 1001 608 2548 1623
4393	1025 637 636 1563
4394	2210 857 1023 1946
4395	3532 3113 3132 3507 3304
4396	2004 1924 1966 2124 355 2117 546 2144 2140 2136 1337
4397	1569 3288 3202 3172 3156 3197 3148 3107 3142 3076
4398	2043 2246 1909 2265 2200
4399	372 373 3 619
4400	56 1869 2208 615 1589 2458 875
4401	3531 2807 3112 3295 3447 3307
4402	1582 10 2053 2200
4403	2432 2422 2483 2457
4404	803 280 2581 2506 879 1714 1305 2627 2818 2356 992 2604 2709 2734 2769 406 1957 1368 1169 279 571 2460 2541 1745 1411 2659 2647 627 196 277 2765 1396 1606 939 1441 185 727
4405	1376 1524 1584 1723 1555 1635
4406	2230 2234 2373 459 2278 2225 1614 2243 2456 2224
4407	844 938 2583 1874
4408	2937 2127 488 2044 2918 2050 2133
4409	435 861 484 1127 776
4410	315 440 994 392
4411	1954 1653 1353 746
4412	1239 1236 770 115
4413	2432 2496 2560 2422 2714 2503 2338 2533 2469 1993 2682 2436 1638 2385 2375 2603 2611
4414	2856 807 3320 3321
4415	2366 2535 3142 2495 3331 2028 2693 1455 2647 2216 743 150 2639 2164 1776 247
4416	3018 2827 3019 3138
4417	2074 2313 2161 2025
4418	3314 3362 3294 3050
4419	397 1035 743 594 1680 896 894 178 360 652 797 844 739 558 2770 183 85 961 950 1611 1688 574 1253 1747 2242 994 2072 457
4420	1963 1928 1966 1946
4421	2043 1072 2676 2021
4422	1812 2245 2050 1191 1716
4423	1628 105 2508 770
4424	3038 1198 3496 336
4425	2595 2379 2385 2300
4426	20 526 570 1905
4427	1822 3365 1213 2765
4428	968 1127 1421 1035 1036 3379 3461 3515 1529 3096 3317 2311 1164 3363 2020 3168
4429	165 2465 2395 2035 1193 2285 2413
4430	3270 3150 813 1344 2647 2535 2583 2625 871 845 1314 861
4431	2096 631 718 555 1616 643 85 20 798 964 771 638 782 646 240 670 647 2050 786 554 95 2047 1451
4432	2828 2639 2981 1747
4433	636 609 2980 2894
4434	3173 3162 3166 3225 3184 3220 3155
4435	2833 589 1926 2286 961 1159
4436	1611 2487 2271 894 2676 2278 1949
4437	2171 1372 2286 439
4438	2413 1607 2078 2359 1777
4439	169 353 2904 2236 1969 2007 1192 2144
4440	2432 1210 895 2419
4441	2778 2674 336 1468 1556 2815
4442	1564 1769 2438 1235 2314 1513 2077
4443	2316 1653 511 887 746 688 1254 1491 933 1251 397 692 1353 257 931 609 593 1252 1255 741
4444	3272 3296 118 344
4445	1954 994 2117 2065 1672 1292 1819 2071
4446	578 526 397 771 677 615 3 1611 1218 215 994 283 1316 780
4447	53 895 2287 2699
4448	2193 1424 533 1528
4449	2099 1209 2050 1528
4450	2186 2280 2022 1414 2384
4451	746 1278 754 1689
4452	562 2569 2955 2719 2204 539
4453	863 2535 770 2617 1913 1393 562 1004 176 862 2037 1668 2208 468 1836 864 1240 3299 2195 2501 2933 245 153 1641 706 3094 2995 2676 2507 1073 2786 1877 148 3224 723 416 476 372 2180 1610 2885 1217 2527 375 861 2269 737 80 282 403 53 1959 3350 392
4454	301 1575 2117 545 4 632 1624 703 1774 606 851 1152 1801 1306 1314 1350 1880 1341 2057 2700 1699 146 1614 179 694 2918 2515 688 355 1760 2932 1781 1688 2055 1007 340 2986 2032 2291 760 1611 1742 381 140 1434 2224 175 2153 1656 2638 744 424 1799 2882 1402 2041 283 378 1637 2077 1282 1267 1243 1366 3077 2545 1061 3007 2164 3119 1067 540 2247 1263 49 73 290 2489 677 522 2360 1143 894 601 2118 1290 741 2367 2759 2314 1274 1909 958 2096 935 825 567 1989 1910 551 1250 2565 2154 2368 1244 1657 2302 343 165 1279 1661 1981 2730 1906 2947 1491 2205 1343 2524 1562 2184 1997 2610 927 895 1770 558 526 174 2398 1139 807 2219 1331 742 1497 1308 1928 1012 692 1092 266 1664 142 572 2672 2062 1682 346 1775 224 1817 2297 1746 1619 2148 625 2285 2140 1573 56 1795 1693 168 1975 591 2040 172 2213 178 1513 660 214 757 705 2826 53 2106 212 1777 926 2568 2392 162 2280 1009 2212 1761 1921 698 869 910 2167 3042 1672 2444 2353 1618 2678 1603 1810 975 1684 746
4455	2464 168 591 1290
4456	1353 259 746 1522 1582 1100 741 1653 1777
4457	1876 1735 1339 1750 1683 1895 2035 2168 1528 2303 1919 1210 168 1547 2350 1758 24 1812 261 2234 2410 2395 1222
4458	2168 1530 2332 2483 1200 329 1518 1686 1612 1360
4459	2091 473 1735 1014 987 1777 1950 1844 961 807 851 558
4460	108 2208 947 2
4461	1142 826 769 1405
4462	1585 1699 1587 210
4463	3215 2271 2432 2144
4464	1314 226 1369 2177 332
4465	106 2234 2216 2221 2025
4466	2972 178 1606 1594
4467	677 3517 2678 684
4468	2482 2405 2317 2419
4469	1523 2586 1426 35 2736 2487 1725 2744 2422 2338 2051 528 357 997 42 1584 2099 1865 2159 2359 2724 1903 1850 2381 2331 337 1337 1357 36 2238 1210 1359 1892 2757 2189 1809 40 68 2230 2708 2305 1738 2274 2815 2636 2778 2122 1683 2741 2683 2460 2654 1468 1993 1881 1566 2407 1695 2774 2474 2643 1635 123 1649 2714 1476 2588 2848 2560 1192 2628 1686 2268 165 1213 2469 1588 2222 1899 1822 2418 1996 1499 2300 1197 2513 2304 1694 763 1193 1890 1194 2007 361 2500 2751 2483 2144 1671 2482 2616 2411 1705 2658 2703 1891 1311 2362 28 37 2405 1504 1508 2503 1758 1010 1812 2599 1204 2419 45 22 1199 544 1215 2720 2432 2254 1690 2324 2593 1149 1424 1202 2276 1748 2655
4470	3353 3480 3008 2931
4471	2519 2083 2542 3084 2489 2365 1997 2712 894 2872 2399 2540 2187 600 2162 2598 2117 2816 1888 1981 2255
4472	1980 2266 749 2173
4473	3056 1007 3073 3084 3083 3061 118 3070 3058 3075 3077 3103
4474	2096 1186 558 1310 1908
4475	2131 178 226 1164 970 196
4476	1855 1734 2121 2161
4477	882 888 518 2642 938 1610 665 2723 844 1640
4478	2284 1787 2489 2598 2551 2173 2246 2541 1661 2676 2283 2648
4479	3499 1578 1456 2799 3290 3231 3448 3000 3246 3189 3292 2593 3311 2687 2433 3136 2731 2883 3043 3124 3438 3167 1536 3190 3225 3365 2711 3487 3480 3207 3176 3244 2872 2702 3060 3227
4480	1443 2242 404 1141
4481	876 894 1522 908
4482	3421 2851 3485 3502
4483	620 1395 1691 1916
4484	2327 2218 2143 1685
4485	558 2164 1920 1618 1826 1689 2035 2049 2153 2051 1926 2006 1914 1582 1403 1118 2184 1896 2091 2255 122 2025 2267
4486	1353 741 1653 754 1954 746 742
4487	2539 2482 2474 2144
4488	1597 46 1145 1565 353 1197 894 2144 2136 368 2313 336 1149 1198 2483 1376
4489	3191 1631 2280 2025 3106 2832 1552 3061 629 1563 1964
4490	1819 283 1770 2173 1920
4491	1963 1073 1983 1002
4492	874 2018 2283 1529 1013 1582 226 1632 1505 1667 509 2501 2006 2025 2111 2150 1933
4493	2236 1966 1777 1880 2271 2422 1981 2432
4494	3124 1747 2105 2618
4495	276 271 272 491 429
4496	2350 2331 2271 2292
4497	50 1582 48 558 405 1787
4498	3046 2393 2702 1679 2426 2367 340 3165
4499	3083 3016 2464 525 2838
4500	1596 148 481 2612 908 1301 192 2289 406 2676 2279 313 3244 1634 2081 3231 2173 1578 2276 2286 416 2466 2419 2383 2724 2544 797 2317 2483 3414 1799 627 3360 1529 1841 227 1119 2422 808 1044 796 1690 193 1017 2119 488 1033 183 2305 621 2164 2820 1748 2371 1566 2432 1964 2311 2185 296 2457 1930 2570 2250 712 1929 967 3235 1645 3481 2565 2061 1705 2535 2006 753 1991 140 169 1726 580 987 1819 1976 1591 1739 1718 928 2043 716 728 209 1944 1193 860 2224 190 762 179 2379 2513 2488 691 997 3499 3168 403 2125 1035 504 2156 1846 1993 2257 1570 2215 1812 520 1468 2005 2539 2548 2268 144 1764 2381 1974 1782 1449 1920 764 1297 1716 2025 443 831 1165 253 18 2521 791 1013 628 391 167 1421 1617 612 1500 948 1470 259 2487 347 2876 1646 981 436 1506 2142 2617 2549 384 2569 2649 601 292 2019 1281 36 626 940 2210 1882 234 1010 1194 1085 280 1655 1401 2292 2146 2150 866 2152 2415 1109 2130 509 1378 1075 2558 564 846 230 1863 1357 2769 2650 1970 2508 3385 2413 2124 1138 738 2604 2659 2161 2267 920 1917 569 146 2044 614 1273 1602 1285 976 2714 150 1261 751 356 3105 147 3219 191 2727 301 217 423 1859 2057 539 1173 1308 746 546 519 1178 299 1346 1396 879 1113 992 207 834 188 2673 176 2541 1756 2200 1083 724 2522 2269 3498 2648 1714 3138 2533 201 2562 355 452 950 1763 2626 2523 2117 2505 2239 29 462 459 1197 165 242 1786 1492 1295 319 2153 204 410 1937 180 1719 1105 2234 731 320 229 2265 592 1166 2221 1707 2364 1124 2323 2436 432 2598 1336 727 187 531 1658 1036 2474 537 828 2020 1077 138 2271 2625 1313 189 2127 1484 235 1046 200 1695 2516 168 2519 1461 181 3228 226 1747 1983 2229 3560 1374 2599 19 581 2456 1828 2011 251 153 1481 617 547 973 2105 163 990 1199 220 378 2469 1172 2054 256 80 2614 2461 1587 202 961 722 811 1950 232 3246 634 196 1215 1623 3150 39 2201 1648 577 1703 1689 2658 1987 225 2601 1180 1649 708 268 1302 713 1631 555 1639 1942 2534 1661 399 1771 1014 2052 1038 1952 936 807 154 2108 1727 278 2284 1567 2800 1704 3309 1070 1457 2491 2482 1652 2095 270 178 1181 487 28 1130 2708 2283 2497 545 2765 13 1011 2652 869 575 726 715 208 1629 2536 2204 1614 901 2411 2407 2409 2123 3365 287 840 131 579 3297 2627 2846
4501	2025 2799 1787 580
4502	2223 2105 987 29
4503	2585 2533 2539 2575
4504	2069 1367 1572 1308 150 81 1296 2023
4505	169 46 1935 1546
4506	535 901 527 513
4507	1844 1689 1954 593
4508	284 2246 1990 1819
4509	1082 644 1665 223
4510	193 1828 416 886 243 3069 982 1991 2371 1799 2478 423 176 487 626 2123
4511	3173 558 3162 3448
4512	1888 1672 2050 1819 2057
4513	651 476 799 433
4514	2245 2224 2074 3103
4515	249 244 717 3337
4516	2234 2110 2081 2215 2144 2141
4517	2161 1505 894 2216
4518	1075 1532 2045 2505 1983 429 1324 1078
4519	166 1980 164 988 1512 1063 2413 2043 1106 39 2221 1097 1576 2289 749 1600 118 1109 1108 416 2173 876 259 1780 485 2265 1481 2246 2267 741 2087 1353 2255 226 754 1937 1103 2201 930
4520	2672 2823 1503 2241 1186
4521	3105 3141 3114 1253 544 2164 917 2025 106 283 2885 2659 3007 703
4522	1972 1993 106 2050 1196 2007 2121 1149
4523	2952 2623 2704 2633 2498
4524	1288 1898 605 1910
4525	3182 2939 720 3163 2824 2202 2496 2818
4526	179 1965 190 1745 192 178 414 198
4527	2610 2540 1662 2536
4528	553 555 552 2161 551 550
4529	239 640 1100 1045 1110 866 868 499 2003 129 1097 520
4530	2486 2436 1646 2011 2429 1738 2410 2364 2503 367 2313 2394 763 2422
4531	1871 688 694 2077 1680 2775 1779 2147
4532	2742 1408 1216 283 768 578 1318
4533	3497 3482 3512 3467 3547 3363 3542 3461
4534	2275 1526 102 1933 1954 1980
4535	1568 585 3173 1906 636 77 663 1577 397
4536	2413 1565 1195 2821 2951 2757 2050 1707 337 1488
4537	3386 3322 3301 3232
4538	1529 2079 960 1672 1310 1688 934 540 1480 1309
4539	2085 169 1735 2124 1812 1828 1890 36
4540	2238 2144 1192 31 2403 2588 1214 169
4541	2208 1889 1896 1857
4542	732 3162 2869 3173
4543	2508 3150 3193 3246
4544	164 222 1939 2114 1479 166 2097 1735 697 2035 1069 2396 1726 71
4545	2901 3389 3368 3391 3399
4546	1047 2111 312 784 421 81 152 283 615 1071
4547	435 2747 2990 2965
4548	1485 315 172 1180
4549	3200 2885 3105 2647
4550	2486 2283 1313 1341 2161
4551	2432 2332 337 2422
4552	1336 46 2161 1337 1546 1198 1199 1890
4553	1789 1270 1722 982 1735 2229 1341 930 580 603 1633 219 32 1729 520 1812 1693 378 1956 309 879 738 2265 153 817 396 306 1782 183 1596 1728 1746 1604 414 764 2279 1561 177 176 1285 1162 1699 419 579 1886 2003 217 2201 15 1161 731 2140 1726 1346 995 1545 200 1173 993 270 1326 1594 2410 164
4554	1850 2744 2050 2125 1376 1993 2519 1840 868 1837 2121 1565 1966 1546 1222 1734 2332 2503 1887 2081
4555	612 416 1090 1832
4556	3293 3246 2981 2833
4557	2144 2482 2350 2432
4558	1635 1145 2121 1311
4559	649 273 2621 263 696
4560	3157 2788 2881 3384 3477 3144 3283 3257 3478 3035
4561	1426 2067 2121 1420 2108 2105 1647 2115 1686 1337 338 2051 2110 2005 1554 2046 2088 2049 2064 1508 2114 1837 2078 1673 2136 2095 2086
4562	1348 1642 1621 1548
4563	973 2405 169 2088
4564	2610 2096 2600 2607 2206 2386 1981 2576 1513 2329 2594 2353 2651 2756 540
4565	1983 2690 1078 1324
4566	2774 2848 2432 2821
4567	1819 2161 1888 2162
4568	1552 1551 1563 1550 1133 1553 635 2289
4569	2367 2224 2195 2077
4570	2432 2271 2425 2136 2549 1528 2358 2409
4571	2161 2236 2170 2192
4572	1966 2136 1191 2144 169 1695 459
4573	376 1629 2413 3103 2820 80 2245 2224
4574	50 1983 1880 48
4575	2359 2160 2419 2338 2331 2350
4576	383 2131 196 2339
4577	732 739 1527 743
4578	2462 2317 2156 2144 2373 2410 2215 2358 2050 2541 2265 2025
4579	677 1316 684 615
4580	612 2955 2257 2971
4581	2240 2150 2177 2938
4582	366 1221 1222 1734
4583	1611 2057 2164 2281
4584	651 245 551 650
4585	876 2768 2704 1819 746 3448 591 239 2576 549 2104 1079 2702 615 257 3066 2399 821 1210
4586	1618 890 1663 1909 1769 900 914
4587	2347 2417 1907 3040
4588	905 164 259 39
4589	2968 2945 3171 2670 2479 3083 3163
4590	2750 3521 3249 3528 3426
4591	1321 1910 139 1662 1526 558 485 1611 1050 1880 479 1906
4592	1565 1192 2136 1289 1707 1966 1191
4593	2576 1848 3364 3555
4594	1222 2546 2004 2046
4595	1611 894 901 2021
4596	1867 1419 393 557
4597	783 659 1163 1244
4598	881 2823 2639 649
4599	2778 2488 2904 2984
4600	1510 2220 2163 2118 1769 2661 2154 2101
4601	2529 2408 2283 1600
4602	2035 1799 1191 2373
4603	1376 960 1555 2245
4604	173 1316 3457 677
4605	2568 656 1848 2335
4606	18 373 889 383 855 2676 1405 1494 806 805 827 380 325
4607	3131 3531 3563 3339 3559
4608	1908 352 492 956
4609	1014 2541 2765 1966
4610	2413 2395 1738 2224
4611	95 637 1023 375
4612	754 1954 1653 746
4613	2763 2729 2762 3100
4614	2358 1966 2549 2331 1924 2413 2466 2409 2338 2411 2547 2432 2474 2493 2418 2394
4615	3247 3412 3446 3232
4616	1199 1545 347 978
4617	2670 2976 2743 2635 2690 2706 2605 2985
4618	638 249 416 1693 130 522 497 797
4619	2422 2627 2558 2565 2405 2344 2648 2541
4620	2025 2952 2955 938 1986
4621	274 429 2264 2614 425 1074 424 2119 650 1693 1331 2269 794 121 83 660 1511 551 12 1329 2572 213 772 1832 2710
4622	1056 1402 1429 385 1054
4623	3183 3507 3063 3369 3233
4624	609 1542 3219 630
4625	1937 259 2043 2200
4626	1712 2320 2190 2155 1880 1282 128
4627	1672 2050 2074 1981 540 1817
4628	3084 2495 2161 2594 3070 2065
4629	1759 139 2384 2621
4630	272 698 739 520 648 479 1684 757 378 1316 692 2137 591 905 346
4631	1050 685 475 1528 820 1373 964 1095 1497 2382 161 1093
4632	1253 2581 1483 1290 290 1187 3095 3007
4633	2025 2926 2284 197 2111 2072
4634	3225 3216 3193 3181
4635	1201 32 334 35 31 24 1525 333 1339
4636	2782 2201 2003 2647 1522 1479 670 226 459 1505 259 1735 345 1658 2625 749 2676
4637	2091 3303 2508 2397
4638	1179 1557 242 1487
4639	2168 1777 1360 1673 2144 1949
4640	384 3257 2790 3034
4641	2288 2664 1866 1553
4642	654 666 668 664
4643	1182 667 2894 2116 925
4644	2035 1799 2222 2025
4645	930 876 961 920 2267
4646	2050 3365 2741 3086 3396 106
4647	42 106 1337 2051 362 353 2466 120 2565 2273 561 2627 1149 2067 2362 1566 168 2236 1865 1199 1966 169 35 2596 1643 165 766 1208 1289 679 2081 13 1498 1145 1357 1342 1195 1565 1499 25 24 1284 1811 1635 2381 365
4648	849 843 2676 829 2686 2205 2656 2568
4649	2704 2647 2702 2764 2768 2742 2989 3014 2693 3005 2265 3358 2825 2607 2885
4650	3182 2181 551 994 2072 2144 2091 1679 1819 1353 1688 2161 728
4651	3543 3463 3189 3142 3453
4652	1544 1512 749 1824 1844 1889 1650 1782 1937 1582 118 1777 1118 1900 2043 1980 1790 2006
4653	1548 1070 1009 1660 1746 261 432 106 1699 1912
4654	1799 2224 2371 2044
4655	3050 2905 2918 3442 3475
4656	2103 1742 1480 759 1730 2368 1309 741 1685 932 739 1954 2091 1353 2096 1975 1310 1527 2444 732 1653 895 743 934
4657	3560 3396 2538 3365 3182 3043
4658	1582 2246 2799 2970 1341 2059 1824 2564 2489 104 3128 2676 2228 2872 3059 2712 1730 2630 2828 2691 3163 2150 2737 2680 2837 2537 2840 961 2552 226 3165 2111 1502 2647
4659	2672 2985 2696 3172
4660	1746 2032 1699 859 807 1828 920 81 869 853 587 967
4661	2851 2993 2363 3261
4662	619 636 799 539
4663	3439 3415 3362 3341 2993 3377
4664	1863 2650 2643 2658 1966 2234
4665	1703 1673 70 1707 1786
4666	1735 178 644 1119 2832 1260 184
4667	2422 2394 2413 2560
4668	1300 737 1818 432 499 2488 459 2491
4669	2714 2150 2887 3008
4670	3308 179 257 375 2676 994 2535 1481 940 734 2465 432 2965 3168 1696 2542 210 2137 1900 176 862
4671	1699 3091 123 1338
4672	372 3223 371 400
4673	1191 550 1546 1635 521 355 920 365 1193 1146
4674	2077 2446 2464 2367
4675	3521 3461 3512 3523
4676	558 754 2091 685
4677	927 2392 2865 2212 2745 835 2077 578
4678	2146 1530 2230 2405
4679	2843 2477 2297 2464 2704 1477 2111 2147 2164
4680	3474 3563 2927 3523
4681	3343 2164 797 1951
4682	696 1506 585 801
4683	2882 934 1869 927 2154 2458 895 2224
4684	2910 2737 2624 2799
4685	3448 2723 2676 2257 2400 1963 2311 2980 2847 3346 2265 2902 2727 3142 2006 2284 2649 2988 2477 520 432 2647 217 3156 2286 1787 2541 3060 2742 2680 2625 3150 2526 2583 2043 3057 3480 3270 1735 2827 2832 3178 2602 2025 3032 2371
4686	2050 2312 2375 1607
4687	2514 876 716 1454 412 387 1780 485 1576 719 758 114 2201 733 2286 393 1505 411 2733 382 961 930 735 989 278 745 1356 469 1102 908 2534
4688	3228 3469 3322 3339
4689	1946 3 2011 862 819 526 1806 778
4690	1602 1036 61 1693
4691	744 3275 1081 3448
4692	762 406 1985 796 3053 1623
4693	1014 1098 1799 2832 2266 1823 473 859 2687 2648 807 2900 3150 2215 997 1108 853 908 1475 2847 3358 2488 2279 2615 3244 2563 1 2833 2035 3163 3124 930 202 1976 592 905
4694	2280 3181 2387 2077 2939 3056 2367 2947
4695	2395 2035 2432 1919 2462 2549 2457 2483
4696	1564 2307 360 464 952 1427 1087
4697	784 2515 2355 2467
4698	1611 540 1673 960
4699	1966 2372 2332 1565 2409
4700	3149 3529 3550 3033
4701	540 45 960 1200
4702	551 386 1079 821 550 672 422 2355 455 549 947 434 90 1514 484 444 1645 2053 446 2 1819 269 435 553 656 1859 459 797
4703	2222 2544 1601 2460
4704	2096 2106 1053 979
4705	2166 485 2284 1688
4706	550 771 272 761 1806 648 718 797 273 650 1533 964 3 1053 661 1050 821 315 706 427 1002 549 552 85
4707	1468 1548 1705 169 1646 1566 1357 1525 1348 1673 1597 1197 1695 1523 1777 1621 1476 1642 1786 1655 1199
4708	2775 2838 2882 2672 397 3561 2698 1619
4709	1192 2778 2655 1777 2144 2940
4710	1400 609 1532 1078
4711	794 648 271 649
4712	776 2119 874 924 62
4713	642 10 1796 476
4714	2224 1969 2136 2141 2067 2229 1996 2124 2422 544
4715	1817 1033 485 494 139
4716	3163 2411 3120 3369 3375
4717	1410 2742 2025 642 1768 1109 1721 592 2157 394 1544 1661 1313
4718	2245 2413 2350 2432
4719	2310 2326 522 1819
4720	2258 1385 1114 1002
4721	2979 2159 1646 2985 1854
4722	2357 2374 3060 290 1640 707 3163 2799 1736 2742 2269 1610 2433 3147 3120 1680 2640 3350 2526 2257
4723	1339 2202 2207 1895 2170
4724	2760 3050 3113 3369
4725	1211 1147 1993 2005 1966 1210 1191 1894
4726	2526 2542 2465 1513 2495 2367 2450 2505
4727	475 797 258 551 446 971
4728	2411 2236 2413 2156 2418 2254 2202 2432 2466 1995 2124 2372 2350 2395 2422
4729	1253 1618 1720 1728
4730	801 87 760 1247 917 286 170 726 762 1920
4731	1832 1077 637 1988
4732	2286 2535 2648 2216 2598 1685
4733	2074 2206 1253 2161
4734	2434 195 331 241
4735	3288 2985 3246 3345 2989 90 3408 3007
4736	3049 3121 3490 2806 3384
4737	832 812 876 806 904
4738	1289 1357 544 168 1311 561
4739	2383 2432 2462 2482
4740	1092 606 556 372 1427 788 1920 974 591 118 2704 966 3150 2 283 1599 397 554 220 3246 3517 894 2742 930 549 570 1533 87 1076 1672 1680 927 2635 344 312 2965
4741	2812 3328 3137 2881
4742	1198 1546 1565 2419
4743	1078 267 397 376 3 3514 2096
4744	2545 2567 1218 2635
4745	3047 3341 2836 2505 2012 3323 3027 3009 2997 1792
4746	2827 2726 2869 2246 2825 2742
4747	1573 1788 1598 214 2128 1956
4748	1645 1704 360 108 226 1529 485 580 235 1509 866 1819 90 85 1108 129 851
4749	91 743 470 819 915 850 1421 1137 836 736 425 1136 632 439
4750	1984 1759 696 1774
4751	3173 1756 1748 1357 1484 1253 910 1584 118 926 1007 2702
4752	1623 2308 1152 1658 1787 1601 2615 1150 1582 687 543 1617
4753	2173 2286 2150 2200 1844 2095 2126 2224 2522 1544 2406 2266 2284 2161 2400 1414 2221
4754	2392 2015 1889 2212
4755	135 131 854 883
4756	1630 1026 795 276 776 2583 963 424 2589 388 1579 1216 1425 315 397 782 1022 798 786
4757	3392 3165 2657 3358 3481
4758	1267 1766 935 1946
4759	1812 1253 1931 2146 1966 590 1196 2487 2586 1136 2570 120 2565 1470 708 1860 35 353 1654 2917 1357 1197 2046 1191 1192 106 126 2519 2403 544 1560 2725 1213 2338 334 679 1221 1734 1206 168 2581 369 1205 1970 2591 1198 1137 2549 27 1700 560 363 2751 1340 1312 2674 2979 321 25 1070 2144 1214 38 1359 1547 1673 1007 2279 681 1546 1200 1613
4760	1844 2710 1747 2221 539 179 1776
4761	938 2283 1526 2006
4762	2331 2338 2136 2292 368 2371
4763	1072 1514 224 479 2266 1076 411 345 266 1708 272
4764	2971 2856 2917 3010
4765	1127 651 794 274
4766	3150 3481 2706 3163
4767	2976 684 833 1149
4768	3512 2950 3362 3301
4769	3150 3103 2961 2535 2673
4770	2176 310 299 287
4771	1324 1400 1078 1075
4772	79 1692 955 1909
4773	1280 1281 1689 1582
4774	945 1137 82 814 1825 780 874 789 1136 315 827
4775	2968 2834 835 2869 3474 3501 2889 2865 2754 3543 2309 2882 2712 3083 3508 2892 3459
4776	1974 3499 1198 579 2050 1649 2709 1725 1743 2555 2658 1750 2676 1820 2503 1812 1944 1285 1726 2778 3244 2110 2067 2271 2189 2215 1970 2731 2584 2558 2254 2650 1671 2627 1899 2611 2081 2565 2422 2708 987 1969 1686 1993 2751 1700 2654 1145 1660 1777 1822 2714 1673 2744 2268 2051 2383 1555 2265 2136 1856 2160 1695 2019 1863 2599 2432 2331 2105 1694 2292 1594 2324 2350 2273 1584 1635 2049 1891 2541 2616 2548 1683 1014 1828 2222 2338 2007 1702 2234 1716 1707 2411 2035 2124 708 2144 2769 2765
4777	497 451 395 482 1128
4778	1376 336 2224 1345 3043 2232 2908 321 1555 2358 521 2105
4779	397 1620 2404 20 290 1629 606 405 574 562
4780	60 787 624 437 161 2933 669 994 2417 783 659 315
4781	834 2885 2535 844
4782	1324 1078 1532 1400
4783	1341 2255 288 1947
4784	654 1050 3002 2597 513
4785	2427 3179 2426 801 1545
4786	1590 661 1079 1819 666 90 1226 2768 1370
4787	1745 2269 1421 3075 861 819 1543 1217 712 2505 2404 1172 2318 2072 2722 949
4788	778 1262 1160 1267 4 1268 360 768
4789	1062 2101 1701 1189
4790	3458 3199 2463 2513
4791	1372 1946 1799 1884
4792	3 994 178 397 283 1013 648
4793	552 558 315 372
4794	1002 2378 80 1680
4795	2280 3463 2658 2623 3023 2581 2769 106
4796	1546 1765 1643 1837
4797	2530 522 2096 2702 3103 3333 2028 3046 2074
4798	2253 3224 2133 1959 2931 2840 1943 2630
4799	649 742 2283 1520 2011 611 1526 211 825
4800	1746 520 992 1832 459 499
4801	1005 2306 1213 1360 2271 1565 2155 1725 1978 368 920 1488 1707 2124
4802	2629 247 1438 249
4803	1044 2765 1565 1966 2381 2751 1850
4804	1515 395 1514 1516
4805	768 247 572 1327 1902 1175 1745 200
4806	1145 459 1554 2407 1649 2007 2245 544 1828 1210 2436 2432 1375 1213 1850 1695 1750 129 44 1972 763 579 2503 1970 2236 360 2379 1756 2144 2422 2533 580 1966 1426 2539 1548
4807	1281 536 2043 1799
4808	517 1367 1907 1572 2421 2082
4809	2952 3 2836 2745
4810	875 2077 2335 89 1414 104 843
4811	2726 632 2006 2857
4812	1664 1253 1934 375
4813	1661 954 682 2856
4814	3 549 555 522 551 556 554 550 1533 553 552 1656 591
4815	807 2435 426 1041
4816	1837 1875 1741 1613 1582 2208 1777
4817	2410 2221 2629 1923
4818	1058 919 164 2038 194 973 885 347
4819	549 551 652 2257
4820	1088 2289 729 384
4821	1563 2066 1551 2289
4822	416 558 2012 1630
4823	271 1115 2257 842
4824	2422 2419 2331 1777
4825	1172 153 1024 274
4826	1505 2054 1990 2279 930 2286 129 2144 2225 2161 731 745 1536 13 2221 360
4827	1709 663 2554 283 469 1693 305 2289 798 1331 1559 2526 2311 1217 176 3 107 248 780 2257 1036 650 2119
4828	1919 936 2541 1570 432 1812 1010 1839
4829	1756 2432 551 1357
4830	2257 3148 451 2827
4831	1727 1707 1145 1673 1635 1705 168 1703
4832	593 2541 2898 741 1154 2861 2862 2260 754 2852 2825 2261 2817 2811 2878 2833
4833	1376 1695 1758 1673
4834	1661 1796 1980 1692 1977 1321 458 531 1650 97 259 0 1129 781 1576 1148
4835	2311 660 1101 2269 415 416 323 1096
4836	132 564 1137 212 739 1788 1477
4837	2947 2119 3099 2887
4838	2369 2329 2083 2370
4839	2955 2837 2408 2745
4840	2450 2255 2280 2438 2367
4841	1413 663 2526 2794
4842	1164 397 606 1300 1960 844
4843	1954 1717 1315 1803 835 1788
4844	2565 2940 2765 2549 766 2067 2466 2493 2483 2273 2533
4845	1305 613 659 1489
4846	550 421 645 303
4847	3406 3359 2267 3329
4848	1064 1407 2537 557 3164
4849	3281 3176 3193 2659
4850	1761 1787 1791 692
4851	1672 1117 1544 127 1341 2161 2200 2140 2224
4852	3143 2923 3529 3015 3541 3550 3536 3033 3472
4853	1485 1341 1501 1290 1659 914 1534
4854	3137 3521 3294 3474 3314 3497
4855	2676 2025 2954 2742 2284 950
4856	927 133 895 1611
4857	3 1127 944 305 780 509 1114 1324 769 877 315
4858	3125 3507 3535 3497
4859	331 1832 2068 459 1546 355 865 197 1936 176 1946 2011 2137 788
4860	3552 2018 3562 2257
4861	2980 420 706 961
4862	2815 2709 2769 2383
4863	2796 2840 2564 2931
4864	2150 2298 2399 2325
4865	1308 3246 1305 1062
4866	757 2597 798 2562
4867	1079 269 1779 2298
4868	1577 643 749 834
4869	1890 337 169 1199
4870	2136 767 2236 1504 1972 2078
4871	3358 1980 2006 1650
4872	766 2403 600 643
4873	1363 1210 1528 1498
4874	2581 106 2381 2410
4875	2825 2399 2283 2462 2486 2406 2376 2410 2648 2054 2325 2564 2832 2598 2833 2612 2293 2535 2570 2782 2727 2268 2657 2737 2726
4876	2043 2162 540 2018
4877	2003 2673 2625 2243
4878	1077 1582 2432 176
4879	1350 2265 2123 2689 2676 2090
4880	1672 404 50 592
4881	2400 240 129 2286 1963
4882	788 772 416 249
4883	3123 3169 1036 3156 255 3174
4884	1777 2212 2096 2224 2310
4885	3538 3550 3033 3529
4886	49 2315 50 2008
4887	3246 2931 3353 3438
4888	2140 1352 3118 3106
4889	371 1012 1680 1013 3163 2319 757 3414 2334 568 3350 3060
4890	2164 1770 2212 1920
4891	1153 749 1107 780 384 397
4892	91 1724 515 1819
4893	1401 320 848 1538 2895
4894	169 1197 1863 1995 2005 1993
4895	2286 1915 2073 1606 1411 2131 197 1059
4896	1863 2575 1743 2418
4897	138 1611 1613 1658 459 901 2150 239 360 1688 1092 994
4898	598 609 636 382 176
4899	2271 1546 2223 2317
4900	1010 494 2900 2628 2383 919 34 459 2003 2815 2984 1222 1512 3190 697 1705 432 1044 2801 166 579 884 2413 179 169 2156 3120 1652 131 2709 3069 2658 3000 2847 2998 2344 2769 2105 1726 866 2050 987 3136 2876 28 3138 2904 2411 2035 2778 1085 753 995
4901	1611 591 2126 2162 1484 72 2235 2161 923 1990 1704 346 1590 2248 109 583 2057 2370 522 1981 946 108 643 956 2989 1908 2706 2065
4902	1199 1786 1528 169 1924 2046 1198 767 2271 1358 708 1966 1820 644 1196 1996 1578 1340 2379 1839 1673 1193 337 356 165 1337 1210 359 697 1336 1555 2146 2358 1649 1191 353 1192 1357 1565 2256 1705 2115 2292
4903	939 2598 1481 2025 2432 2625 2410 2558 28 1594 2265
4904	3498 3499 3560 3539
4905	1950 1974 1690 1799
4906	1601 1121 1714 341 1803
4907	2627 1707 1702 3396
4908	2563 3236 3245 3015
4909	3426 416 3270 3272
4910	169 1966 337 46 1673
4911	179 797 844 815
4912	957 1657 1909 1880 1848
4913	871 829 1335 673
4914	819 1306 1298 1244 1413 64 1328 2577 1326 355 1784 1269 577
4915	2271 2178 2136 2225 2234
4916	2150 2399 2043 2298 2246 2293 2529 593 2486 2726 2834
4917	1223 169 1663 1690 118 368 1889 2077 1191 1253 994 1981 1888 544 1777 1896 1528 1007 1672 1756 1688 2285 1909 1702
4918	1684 2700 385 2669 2693 175 2172 257 2212 2610 2518 704
4919	3139 3252 3108 3304
4920	170 782 2227 2220 702
4921	2643 2469 38 2460 2655 2383 2503 2657
4922	1765 1786 1694 1707
4923	1993 169 2144 1673 1546 2338 2432 1777 2110
4924	2391 2495 2145 2651
4925	107 670 1942 920 1226 821 1412 733 732 1990
4926	619 799 1747 636 1804 637
4927	2886 2961 3153 2737 1377
4928	797 2096 1310 2444
4929	3103 3159 3270 3199
4930	558 1036 1602 1693
4931	1585 181 1945 603
4932	1720 1526 1481 1735
4933	3246 3150 2966 1107 2931
4934	1826 1672 1981 1908
4935	739 757 743 2242 2770
4936	786 732 427 2610 249 552 1000 527 1048 247 707 757 966 979 797 3077 1023 531 263 2989 963 136 598 248 3297 2444 1022 2400 484 516 654 772 718 434 1003 90 1028 1008 743 88 593 3007 1030 2629 1429 788 1526 1471 1031 3173 549 1143 2622 551 245 2092 1397 666 2540 821 1093 107 2096 255 1027 2479 1905 1034 553 1095 303 3331 1006 784 1430 969 3202
4937	2091 2096 2444 1114 2 540 1888 216 663 798 3177 801 394 1253 402 2326
4938	2409 1972 2413 2422
4939	2175 1128 1064 2713
4940	2147 2432 2545 2224 2280
4941	143 1579 81 147 726 975 150 1296
4942	1840 1588 1811 1548 1415 1703 1723 1837 1342 1340 1649 1797 1812 1697 580 1777 1621
4943	18 1693 1689 820 592 380 173 1036 1278 1279 1847 64 580 176 1035 374 1514 403 1421 593 401 172 383 70
4944	266 739 732 98
4945	2329 2162 2161 960 748 2226 1791 2413 47
4946	834 821 797 1226 1370
4947	2045 2598 2361 2399 2325
4948	1585 1010 1045 347 978 981 164 520 866 919
4949	589 992 1150 1418 1395 3164 1160 1403
4950	1613 2224 2383 2413 2422 1777 2144 2432
4951	2544 2222 2150 916
4952	244 1021 1471 2614 1771 2761 2119 633 2400 1859 221 1963 1039 2188 248 213 1514 218 451 1516 984 565 2601 2629 245 250 430 219 2246 249 2056 983 497 247 1107 1439
4953	2396 1939 2085 2105
4954	3272 3129 3362 3317 3294
4955	2769 2870 2533 2611 2774 2627 2940 2273 2575 2714 2778 2538 2636 2422 2432 2848 2818 2658 2765 2581 2643
4956	1212 1215 2863 2623 2367 1213
4957	1840 1546 1855 46 1588 1734 2124 2125 1222
4958	1983 1400 1089 2505 1078
4959	2704 1918 2138 1323 2378
4960	1823 964 1673 498
4961	960 1309 2103 2952 1910 2666 2745 2865 1742 1672 1310 1603
4962	732 2865 1661 3010 743 739 1983 559 757 1527
4963	2164 994 797 1624
4964	2115 1495 3498 590
4965	754 2091 2255 1353 1653 746
4966	1194 1145 2236 1149 1227 2007
4967	670 961 844 169 1993 218 2144 652
4968	1950 259 1735 29 2043 961 1986
4969	360 1181 2161 1888 1990 994 1253 754 1087 1506 894 1688 1067 643 1672 2255 1981 1013 1427 1611 2020 139 593 746 2091 2057 1653 1353 741 2269 263 955 1615 1724 1909
4970	2006 2680 1505 2311 1481 2535 2625 1313
4971	2373 2050 798 2542
4972	779 1693 1035 1421
4973	732 1672 76 1661 1324 2096
4974	3250 3296 3262 2914
4975	2096 2066 273 433 1127 1354 1661 271 2444 1002 248 1589 428 1693 1752 610
4976	2153 685 540 933
4977	1734 1348 521 1222
4978	1899 1565 1196 2381 3084 561 3215 2422 1340 869
4979	2545 2077 1817 2690
4980	1122 2367 2568 1618
4981	459 248 844 1421
4982	1510 1752 949 1793 2826
4983	2825 2173 1377 2283
4984	1946 2551 1926 2824
4985	3244 3190 2541 36
4986	892 3438 3099 3517 58 3443 57 2699 2846 3392 944 3518 59 921 1909 594 3556 2623 3281 3449 1253 2843 3487 53 2568 3354 2072 1770
4987	1135 547 1942 1558
4988	2538 2598 2373 2708 2413 2612 2462
4989	2275 2397 3092 2173 3480 2286
4990	1953 1545 3277 1163
4991	216 274 585 1478 925 818 825 1141 450 2011 394 1747 375 674 1804 649 660 655 1369 1134 373 398 864 799 1132 416 512 671 1131 1942 573 1126 1090 874 653 651 667 776 663 2311 1024 431 1123 1505 637 707 531 861 273 619 2257 968 862 1096 276 793
4992	944 892 959 994
4993	2443 2329 927 895
4994	2013 2406 2737 1976
4995	1548 544 106 1149 2575 1191 1636
4996	1588 2136 1966 1993
4997	139 689 1257 1788
4998	355 2367 1688 1534 1993 2147 895 875 2161 2452 1092
4999	1595 957 1774 1290 847
5000	2659 2673 2625 2799
5001	1696 1753 1132 1714 247 2221 1116 753 1737 1787 660 1550 400 2208 557 1844
5002	3246 1673 3358 3507 3146
5003	2513 1840 1972 2350 1966 2519 2234 2292 2236 2372 2338 2144 2432
5004	46 1548 2159 2276 1222 1195 2444
5005	3143 3313 3450 3527 3541 3096 3460 3538 3530 3473 3456 3536 3342 3471 3546 3160 3435 3537 3529 3394 3387 3417
5006	1950 1014 987 1636
5007	301 238 118 1667
5008	1013 140 1771 1667 1661 1853 1002
5009	2396 2284 1298 2003 1946 1433 1852
5010	2351 2947 2574 2967 2363 2404 3355 2283 3551 2857 2464 3011 2173 2515 3438 3163 2672 3335 2091 2153 1384
5011	380 383 2352 659
5012	2173 3539 316 1452
5013	1950 1707 1993 2072
5014	3485 3030 3312 2804
5015	247 1400 213 2726 2319 2529
5016	1034 2235 969 1023 1123 1031
5017	3077 2942 3061 3069
5018	827 2006 1980 2246 1544 2255 2993 2050 2072
5019	192 353 1846 179
5020	2096 1480 1349 591 1309
5021	2422 2413 2419 2409
5022	1029 1303 749 863 1030
5023	2136 2127 2144 2182 2125 2071 2046
5024	3010 2742 2727 2955 2837
5025	1617 3150 1980 1946
5026	2884 38 2928 3072
5027	397 1012 150 1361 795 1299 140 1902 1244 1778 606 562 2282 147
5028	754 659 1657 820
5029	1758 3272 2224 2623 2629 2633 3163 1777
5030	552 815 3010 553 1795 994 797 822 550 554
5031	3507 3307 3363 3515
5032	432 2885 2373 2814 1100 2888 2811 3187 3105 2862 3123 2266 2371 3163 3030 1735 2853 2095 3358 485 3013 2726 2043 2870 2861 1844 3324 2598 3296 1515 166 2817 2673 2558 1799 2215 3512 2502 3345 3063 2676 201 3386 2963 3374 3480 3104 2850 2003 3366 2907 609 3385 2708 2672 2222 2771 3112 2809 2858 2924 1014 3458 3482 2915 1950 3018 2916 2285 1522 2714 2535 987 2648 1981 2309 2966 1954 2803 1828 1812 3120 2200 2397 1741 3138 2998 3080 2962 2124 2720 2035 2214 2851 2462 164
5033	457 88 1093 95
5034	2419 169 2002 546 1895 46 1198 2500 2575 1336 1546 1966 2482 1199 2099 2202 1890 1149 2236 1192
5035	1191 1546 1010 1210
5036	1843 1880 1722 1598
5037	2496 2482 2429 2483
5038	1414 215 301 1815
5039	2224 2265 2243 2221 2229
5040	724 132 494 2342
5041	627 626 579 243 176 524 886 317 2562 134 872
5042	3327 3353 3272 3079
5043	2243 2462 2373 866
5044	1480 1672 1958 1817 1253 1910 2077 1981 1819 960 1309 1720 1791 600 1513 1888
5045	3103 3311 3079 3022 3345 1688 3169 2576
5046	3385 3439 3388 3345
5047	696 905 219 994 1796 1615 520 1074
5048	2299 994 2241 3420
5049	2050 2292 2140 2136 122 1690 1654 2249 1341 2224 2161
5050	3173 3320 3352 3449 3325
5051	1484 516 1844 3389 901 340 2235 563 784 103 947 2479
5052	2773 2136 106 1336
5053	649 2677 314 650 276
5054	2106 3023 2212 2368 540 2540
5055	2670 2693 2184 929 1817 3 788 798 2343 1081 2469 1873 2212 1013 698 677 282 2576 2299 2313 705 994 1943 2722
5056	1628 2477 2583 9
5057	2694 2712 2826 1720
5058	2594 1828 2968 960 2900 2216 1505 3078 2243 3134 3356 1724 2535 3188 2265 2676 2373 2161 2689 1888 2200 2558 2880 3000 2999 749 3458 2215 2462 3105 2460 2025 2998 2799 3163 3191
5059	1707 2050 1565 2110
5060	3424 3132 3522 3071 3294 3526
5061	2834 118 2919 2924
5062	3246 3284 3480 2376 2931 2843 3493 3150
5063	2905 3205 3204 3050
5064	1210 1222 644 1750 1504 1955 1707 2081 1734 2683 679
5065	2072 645 668 815
5066	3010 326 370 1760 1517 427 2515 1618
5067	1465 869 947 2488 840 848 2323 828
5068	104 2733 1074 1414
5069	1893 2145 1258 1583
5070	1514 2797 249 245 967 244 213 2573 247 248 3105 1157 1116 761 454 1052 3150 250 1164
5071	2411 2332 2222 2409
5072	2947 2954 2488 2666 449 2672 2072
5073	499 859 869 853 432 930
5074	3318 3363 3272 3291
5075	3304 3317 3205 3376 2790 3210 3386 3369
5076	2285 168 2432 859
5077	1812 1863 1854 1727 1850 1856 1821 1846 1828 1966 1837 1919
5078	231 575 869 197 153 614 773 2123 227 191 2105 1999
5079	1962 2191 1793 2253 2022 2450 2147 2164 2252
5080	2632 2655 2641 2842
5081	1089 1078 1324 1400
5082	2146 1673 1993 1209 2521 1292 1777 2536 2446
5083	2144 1750 1660 335 1993 2271 1995
5084	746 1281 2365 593 1107 1689
5085	402 74 1387 2096 1061 175 1093 83 651 1568 273 3102 798 1364 1862 1472 162 85 1390 786 1333 2444 1428 649 1053 274 73 1434 50 648 1366 1055 1709 385 1054 1603 121 1056 1062 1060
5086	1253 1281 2173 1279 2465 2266
5087	2048 2025 2033 896 176 1608 2917 1245 1906 1243 768 1267 632
5088	1213 2002 1215 748 2863
5089	2844 3240 3213 3349
5090	3299 887 3249 933
5091	908 2422 1777 876
5092	2422 2144 2413 2432
5093	3358 3326 2193 1118 197 167 840 3215 2246
5094	979 2684 1474 397
5095	1497 2184 578 1618
5096	931 1306 1188 1276 1298 1845
5097	39 1466 2541 2336 494 187 868
5098	1963 262 2625 2400 1532 1324
5099	1671 1765 1548 1777 1894 679 1554 1621 1646
5100	1480 2071 2212 2206 1583 1857 1624 2329 78 1889
5101	2408 2542 2910 2630
5102	898 2515 1714 2506
5103	232 227 1345 577 1953 154 995 1784 1952
5104	3284 1107 3174 2944 3173 2423 3176 50
5105	1169 164 577 640 657 1113 1665 2978 487 507 1457 1418 1784 155 202 1915 2073 1916 196 474 697 1461 1651 1591 608 1652 582 1691 581 1420 153 1246 391 891 528 317 1084 1065 1083 16
5106	1291 2077 2565 2317
5107	3382 2805 3384 2337 3383 1154
5108	3369 2675 3223 3199
5109	2265 2215 2144 2222
5110	1707 1565 368 2358 2292 2405 2254 1966 2124 2466 1695 1192 2454 2413 1690 2234
5111	1439 1039 246 213 247 2761 2119 249
5112	817 1302 667 721 1533 818 1795 720 2041 677 723 779 2663 377 1535 1882 1172 875 897 558
5113	2125 1555 1738 2046 1376 1891 2215 2136
5114	2754 2478 3150 3272 1799
5115	2438 2280 2400 2195
5116	2483 2536 2432 2466 2474 2482 2436 2539
5117	2224 1889 2052 1974 1965 1896 1980 1914
5118	283 1182 786 411 798 829 780 529 2289
5119	2237 1376 165 42 368 365 1199 1966 1488 1565 1840 2224 1695 168 1149 106
5120	675 1422 875 926 1675 1819 1529 127 849
5121	125 697 995 1518 33 41 31 30
5122	3358 2834 2948 499
5123	1546 1145 337 1336 169
5124	2025 2284 2837 2955
5125	1213 2570 22 361 44 763 2193 2546 1337 360 2484 356 354 25 2523
5126	3289 3186 3083 3120 3105 3330 3161
5127	302 1920 1682 1806
5128	1376 818 1602 2245
5129	798 103 550 96 858
5130	273 743 2672 2669 2693
5131	3345 3367 822 3007
5132	425 663 701 628 654 471 1505 745 724 1693 812 1021 427 272 1037 808 719 1036 655 665 733 671 716 485 403 676 1925 551 330 2568 967 830 275 260
5133	1458 3010 2971 870 2180 2 580 1693 3432 1319 878 812 950 2512 632 990 53 967 822 248 652 2742 2938 1989 1629 833
5134	428 1832 2948 441
5135	2129 1125 650 266 1020 276 249 273 668 376 275 377 649 272 784 637 379 213 636 1804
5136	1118 1544 1107 323 1667
5137	3338 3316 3449 3463 3270
5138	168 1213 1966 1565
5139	558 1672 1736 1590
5140	1665 135 1017 1191 1536 197
5141	633 2618 245 1095 805 2 1093 623 95 1105 176 1602 2421 762
5142	2927 432 1164 724 1916
5143	433 429 85 441
5144	772 692 1593 677 172 1253 591 1672 2321 1620
5145	1109 2676 1108 1757
5146	1350 1423 1891 1699 165 1974 1828 1328 158 177 2224 579 1213 2123 1367 2081 1490 153 859 242 1944 168 1973 2005 2127 26 763 1905 309 1789 828 539 811 2460 1070 2097 1726 179 256 38
5147	453 656 2174 472 658 447 672
5148	1519 1380 536 1877 514 915
5149	1613 2161 1546 341
5150	1166 636 911 1159 1302 870 1164 183 433 1999 740
5151	834 901 3 578 648 90 283 176 1051 1013 797 947
5152	2413 3466 2173 2839 2317 3246 2072 3359 761 855 3262 3413
5153	2359 2324 367 2306
5154	2627 2492 1712 2599 2190 2441
5155	3060 3151 3061 3169
5156	1558 1861 1393 2455
5157	1304 1818 2082 145 2430 2559
5158	2465 1522 592 2542 1109 2025 2879 1950 164 1782 2676 166 2673 2284 1735
5159	2271 2483 2263 2466 2254
5160	1065 403 1161 1952 179 1174 300 1119 318
5161	1316 2501 2283 798
5162	2156 166 1799 1735 1636 2114 2410 2709 1014 2331 1423 2271 1690
5163	2224 2573 3094 446 1273
5164	432 459 2379 1588
5165	2439 2638 1416 2320
5166	2234 1993 1672 2125 1588 2144 1970 1695 2124 169 2000 2271 1546 2049
5167	797 553 821 552
5168	1106 2054 2833 2647 102
5169	562 20 990 1650
5170	318 1303 292 319 141 2196 792 1307 1567 320 1328 241 148 1163 1161 725 1907 220 783 1269 1487
5171	578 2974 1316 2975
5172	1412 1785 798 771 1451 790 1616
5173	2025 2097 2284 2123 2598 2222 2224
5174	2891 2373 2847 3479 2210 3458 2782 2998 2221
5175	704 1901 1489 789 1039 1037 1816 1948 2184 437 1571 2257 1053 2629 56 658 82 315 2505 433 1127 2269 267 2195 656 1963 351 3174 1720 2761 1806 1054 654 2959 1040 1125 1055 1404 2645 59 1293 428 1862 648 1448 805 2562 632 260 60 427 1332 3 815 95 1391 2797 1473 823 385 1056 58 2779 1325 819 1386 179 716 861 800 2208 1400 1795 637 2259 1078 1144 1062 833 1408 672 2572 984
5176	397 2671 636 2491 1425 2820
5177	2541 2373 2243 2371
5178	1969 2271 2124 2136
5179	3107 3305 3225 3303 3449 3290 3181 3161 3106 3261 3078 2794 3347 3554 3556 3325 3193 3403 3142 3463 3172 3221 3297 3119 3552 3351 3448 3042 3118 3494 3176 3169 3452 3090 3216 3156
5180	1246 2265 1170 1178 1121 1627 1745 2239
5181	1970 1555 2457 1376
5182	1582 2194 1787 961 2150 1409 1980 2173
5183	1606 2259 1275 3165 2832 1576 2384 1407 2261 2210
5184	2021 1074 2384 1414
5185	2422 2331 2519 2301 37 2469 2338 2496 2474 1966 2144 1192 2513 2539 1524 2245 2503 2158 2405 2436 1673 2432 2476 2482 1777 2413 2536
5186	1404 798 153 788
5187	2469 2893 3182 337
5188	1782 2006 2003 118
5189	305 82 377 790
5190	2474 2503 2483 2422
5191	1880 1699 2032 1290 2381 1282
5192	798 968 1141 806
5193	394 398 2647 2415 2625 799
5194	3245 3249 3323 3310 3028 3339 3125 3233
5195	2467 416 1866 743 1517 780 1095 1711 258 430 1078 2693 2444
5196	786 3016 2455 1451
5197	2051 1528 1554 2482 1215 106 1359 2536 1210
5198	417 873 2257 776
5199	485 2286 284 1796
5200	723 789 1002 615 150 1139 762 287 397 1156 140 715 726 147 282
5201	1673 41 1221 39 763 31 29 33 521 1560 1357
5202	1756 2005 1340 2466 1891 2110 169 2418 1973 2141 1894 2238 2067 2256 1723 1955 2469 1198 1555 1233 2144 2050
5203	2329 2540 2265 2530
5204	1526 1074 1335 1432 2286 1676 248 1089
5205	1942 799 2617 2021 188 555 215 2673 2311 716 1545 260
5206	2519 2436 2503 2482
5207	657 2340 2460 3082
5208	1056 385 1055 1862 1062
5209	129 2337 1639 1942 2221 1569 288 39 529
5210	2296 2494 2191 2040
5211	2035 1856 2468 679 1799 179 1594 2115 1285 1973 1671 1726 2483 1987 1565 178 1931 1195 1966 2049 2541 1547 1865 1828 1597 1272 1005 2344 2371 2123 1263 2230
5212	2540 2504 2432 895
5213	2505 713 2224 1609
5214	2235 1066 2521 529 2119
5215	1118 678 1661 1721 1708 1526
5216	2224 1799 2136 2105 2127
5217	3353 3415 3105 2885
5218	691 1907 179 2955 80 2025 1768 1946
5219	3236 2805 3317 3232
5220	2968 2846 3448 2947 3270
5221	2386 1826 2161 1253
5222	2693 2742 2639 636 3
5223	1909 328 327 1777
5224	1067 178 1092 2057 1602 689
5225	2748 169 2811 3486
5226	2192 2161 2235 696
5227	1660 1856 1548 1697 1777 1646
5228	1132 826 1126 1131 776 1133 913
5229	2498 2669 812 558
5230	2291 2288 2464 3 3061
5231	2605 2524 2676 2308 2838
5232	274 3169 3088 648
5233	110 543 724 1215 69 1136 503 1011
5234	2571 2896 3095 3163
5235	2450 1755 1827 1724
5236	2351 661 2017 211 668 2111 2050 994 2693 518
5237	2438 690 606 2031 677 351
5238	3331 11 2691 2562
5239	18 3013 2929 3304 2859 724 1356 3507
5240	3401 3419 3296 3277
5241	3159 2938 2771 737
5242	520 1415 763 362
5243	2221 1107 2173 2408 1600 1111
5244	2351 969 700 2433 2465 749 1029 609 2018 1026
5245	741 1980 1814 1708
5246	381 1317 160 379
5247	2161 2285 2183 2212
5248	2050 1993 2122 1546 2232 1924 1192
5249	1812 1828 1582 1880
5250	1384 1442 267 2479
5251	3439 3388 3307 3399
5252	3295 3523 3304 3363 3464 3381
5253	3468 3558 3534 3510
5254	2372 2422 2245 2413 2411 2405
5255	2610 2931 2633 2548
5256	2419 1528 1890 2432
5257	3 4 56 176 287 1081 1680 2045 1282 397 1035 606 1159 551 994 1602 1036 2 1951 1013 53 585 2299 2280 660 1300 1693 49 1361 179 2688
5258	519 829 654 1505 901 834 12
5259	1161 844 2779 315 1013
5260	3081 2162 2540 1672
5261	2217 551 3565 2693 1888 2079 448 3418 798 2481 3046 1688 3023 583 2495 2370 2989 643 1480 2161 1484 2444 258 540 1309 2530 3014 552 3436 2181 2540 834 346 2226 3066 797 343
5262	3297 2057 2495 2370 3290 2164
5263	2138 2285 2291 677
5264	1186 1224 1889 2042 1672 1888 1503 1857
5265	2160 2960 1147 2744 1290 2616 2474 2503 2654 2705 1621 2893 2795
5266	3270 2607 1335 3151
5267	2427 173 801 1770 743 172 3083
5268	797 2413 2224 2161 994
5269	784 1443 1533 794 397 616 526 833
5270	895 2941 2442 3007 3099 1300 478 2953 2792 3077 3169
5271	2541 2382 2478 217 2657 2676 2598 2075
5272	741 2200 2325 2283 2091 1937 2150 2365
5273	2732 1920 3058 2635 2675 2918 2280 2623 2284 2996 2644
5274	315 663 739 653
5275	1777 1646 1694 1642
5276	2025 2246 1582 1118 2150 2006
5277	3384 1118 3382 3307
5278	1981 609 2006 961 2201 325 2215 1937 817 1526
5279	2519 2482 2483 2471 2503 2533 2474 2586
5280	1673 335 2209 1849 2170 2132 797 106
5281	3137 3245 3295 3291
5282	2367 1577 3275 2439
5283	1909 1672 1888 1896
5284	3040 562 3178 2243
5285	3523 3385 2647 3337 2731 3324
5286	3018 1708 2676 1409 1730 2687 2490
5287	2050 1777 601 1614 2456 587
5288	2645 618 2066 3102 2917 176 3010 2697 1127 2955 2827
5289	325 80 3 3156
5290	2799 2076 2288 2676
5291	2702 2353 2670 2495 894 2623 1611 2576
5292	1557 283 1629 2943 2432 3065 558 977 1393 1983 3493 1408
5293	2271 2517 2628 2599
5294	3296 3236 3249 3369 3273
5295	1840 1820 1700 2411
5296	2538 2734 558 2212 1548 2702
5297	598 2164 2216 2367
5298	2238 2125 2230 2144 1972 2236 2271
5299	1799 1787 1673 1773 1489 1735 1570 1591
5300	122 1689 1906 1313 2456 1314
5301	2482 2338 2413 1777
5302	3009 3157 3020 2750
5303	650 272 648 3003 274
5304	812 930 856 1561
5305	2470 527 516 2427
5306	1582 2623 1798 2144 2365
5307	1253 2057 1688 1909 820 2025
5308	1869 2077 2458 2367 2576
5309	1357 1050 139 834
5310	85 3548 3543 3448 3517 1775 49
5311	2318 2722 1324 827 2515 451
5312	337 2432 2306 1202 2301 2234 1199
5313	2015 1932 179 1502
5314	648 273 1399 2210
5315	1673 1546 2230 169
5316	1388 1726 1699 1812
5317	2164 2280 2208 2625 1720
5318	2144 2230 2224 1966 1707 1673 1565
5319	3345 3007 2205 3004 2964 2958 3173 1910 3099 2285 2280
5320	673 1775 1177 770
5321	3359 1937 3519 3426 3406 3179 3482 3512 3468 3329 3466 3380 259 1972 2231 3507 3209 2819 3567 3273 2200 3509 1844 3230 2224 524 233 2050
5322	2475 2931 2149 3008
5323	3256 3035 3149 3282 2790 3015
5324	1993 1972 1969 1970
5325	2825 2833 2659 2879
5326	2447 1862 1324 2610 74 942 83 758 934 3007 1910 385 733 2693 896 743
5327	2271 2482 2144 2350 2575 2432
5328	1290 1147 2274 2229
5329	1221 560 763 1222
5330	2515 754 2465 660 2508 741 1187 2542
5331	2125 2161 2224 1007
5332	2266 2765 2848 2598 2652 2876
5333	2096 2693 2669 934 2605
5334	799 99 278 1692 3150
5335	540 1659 1909 677
5336	2173 746 469 2535 2119
5337	2465 2535 1900 2383
5338	2057 1281 2208 929
5339	1777 1966 2050 2845
5340	2124 1611 2135 1981 894 2353 2140 2212 2153 340
5341	3249 3179 3265 3049
5342	1950 1522 2087 1735 2410 2043 2535 2221
5343	459 1136 508 947
5344	822 1896 1314 1505 179 2072 1313 1909 718 844 457 2137 1461 2342 930 94 315 717 463 499 853 2882 1074 1460 2702 815 2605
5345	3305 3246 3448 2702 2641
5346	111 2363 53 568 1114 1458 1081 60 838
5347	3361 2947 3408 2992
5348	2039 2464 1693 1845
5349	643 743 757 2444 732
5350	2224 2161 2125 2234 2229 2150 2266 2123 2271
5351	606 1268 2442 1768
5352	2599 1690 1202 1765 70 1597 1673 555 1523 21 1705 1655 550 1476 834 1727
5353	3214 2776 1373 3512 3545
5354	2413 2410 2144 2225 2085
5355	2663 3331 2799 2830 2999 3094 2846 3123 3045 3225 3286 3150 2718
5356	3030 3304 2791 3301 3236
5357	432 3163 520 3427
5358	2704 2743 3268 3297
5359	2427 3083 2470 475 1599 810 801 907
5360	3264 1341 1322 1081 3275 2678 3246 3279 1217 3267
5361	438 2410 1100 1395
5362	2860 3193 2944 3098 1534 3042 3155 3154 2846 3056 3172 3162
5363	36 1522 1479 367 987 1070 579
5364	2594 2869 2920 2623
5365	2298 692 2228 445 1531 2133 1622 823
5366	355 1615 1688 230 1002 1680 227 308 416 1506 668 313 696 115 549 786
5367	2558 2542 2025 1680
5368	1854 1727 1212 1213 1147 1987 1694 2203 2276 365 2500 1643 1215 26
5369	3503 3094 2742 3120 3189 3174 2936 2345 2869 3114 3492 3105 3280 3136 2827 938 3166
5370	589 1413 2025 1900 1768 382 1160 1159
5371	2201 1805 1888 1842 1506 214 1582
5372	153 2558 2108 180 1799 1758 1044
5373	876 2832 2283 856 2799
5374	2433 397 549 2777 554
5375	578 525 475 448 1590 226
5376	2043 2025 572 400 3297 2938
5377	1105 2833 632 2737 1094
5378	2060 3097 3118 2941
5379	1342 1840 1725 1197 1194 1850 1192 1690 1202 1783 1748 1734 1607 1209 1727 1638 1283 32 1777 1707 1221 1758 1812 1200
5380	2091 1600 1353 2043 2246
5381	2150 459 2229 3163 2006 2215 2283 432 3114 499 2373 2542 2702 2265 520 749 2173
5382	2943 2904 2928 2899 2845 2705 2908
5383	618 2347 711 2039 1902 1838 150 1264 571
5384	2034 1680 3453 91
5385	1012 1878 3514 2971 3010
5386	1947 1970 173 1868
5387	1611 1416 1526 1777 1735 1662 2179 1956 1924 1796 2726 1914 1736 1659 1321 1950 1799 1964 1288 2006 1844 139 2025 1909 1954 1933 1720 1888 344 2050 1531 598 2714 1768 1782
5388	459 2696 236 3192 2894 578 480 520 49 2241 2707 2622 2670 3163 2838 1804 3084 1623 3555 432 2639 636 1563 2058 1988 3141 3199 3189
5389	3364 3463 3303 3348 2287 3269 3410 3494
5390	554 552 551 555 549 556 553
5391	2331 2350 2359 2409
5392	2263 1359 1777 1336 1468 46 2215 1695 2271 2256 1924 1192 2156 1846 1337 1210 1840 169 1993 2155 1191 1890
5393	660 825 659 100
5394	983 518 1021 664 247 1399
5395	724 429 844 1118 716
5396	58 2269 59 641 2025 1074 3481
5397	341 39 1686 1007 1777 1705 1725 1546 1506 1488 1611 1415 1688 1613 1739
5398	992 1433 1371 773 831 986
5399	1385 2343 2360 558 2446 2107 2077
5400	864 656 1421 240 262 248 1076 274 255 271 1438 1676 1711 1036 1746 276 178 275 200 672
5401	2251 1686 2682 2753 2821 2790 336 2935 2744 2884 2436 2585 2815 2863 2774 2765 2708 2650 15
5402	2125 2144 2156 2136
5403	245 573 1144 248 2415 2629 228 2981 2400 416 2980 1125 278 272 273 1407 1963 1392 315 297 2892 2311 1759 648 274 612 1859 649 275 443 264 384 298 1078 289
5404	731 1447 1213 459 2609
5405	1484 1724 1223 894 1427
5406	2818 3004 2581 2077 2690 3093 2413 2050 2787 2845
5407	2465 2440 2542 2508
5408	782 2576 2057 2063 748 1688 475 743 1349 2161 643 1497 2107 1819 1257 956 798 2226 894 786 522 1803 739 684 757 689 771 2989 2690 2545 1611 1412 677 797 732 2540 2455 591 2140 3004 448 2093 1616 3173
5409	994 1122 1618 858 1537 267 914 852
5410	2200 2438 2598 2246 2206 2071 2799 2389
5411	1200 368 1969 1707
5412	213 1331 402 271 272 1051 645 390
5413	732 1795 1006 255 2693 989 3016
5414	2064 2007 2067 1995 2051
5415	2025 2752 2880 2787
5416	2535 2095 2544 0 2649 2558
5417	1411 1396 842 1467 2541 1084 1652
5418	2164 1920 2464 2422
5419	2372 2422 1546 2394 2256 2411 2405 337 2409 2482
5420	874 1812 952 1663 328 1735 1705
5421	500 351 1561 2623 2246 2583 3517 1790 2515 3484 1107 3463 2887 822 1918 3026 806 2737
5422	1689 1314 430 896
5423	2659 416 2410 1172 2400
5424	2386 1000 1327 2607 2093 1896 1888 772
5425	1210 25 1680 360 1035 880 1693 451 79 1770 702 165 176 1159 2057 2450 2220 1421 13 430 2285 2413 1036 1312 1602 2362 2846
5426	1820 1850 1209 1707
5427	2268 2612 2541 2432 2462
5428	823 2498 2107 1848
5429	2226 2170 2375 1851 2192 2132
5430	1880 71 580 1853 1108 2091 1257 1107 122 1117 593 2246 2138 1956 1105 2006 1582 1353 543 1954 1720 1824 1118 2399 1844 1947 1986 1278 675 2370 536 1321 876 1611 1990 1576 1341 1788 1280 2255 696 2514 2029 1914 1994 1104 469 2327 2140 2325 1254 1936 542 1581 759 2265 930 2208 2015 1780 2266 1918 1872 1823 2275 2150 1896 1685 2298 1759 1615 2249 2059 1766 908 1832 1689 1722 2190 226 2335 558 1653 1502 2228 565 1672 1803 214 405 1831 104 1112 961 3 128 2177 1790 502 2019 2322 1782
5431	2124 2007 1931 1837 2005
5432	452 2225 3138 691 1481 1799 1449 2025 191 442 2870 2052
5433	2965 3459 3173 2838 3246 2918 3142 3073 2869 3075 1503 3270 2576 2635 2545 3517
5434	2222 558 1009 2036
5435	2372 2596 2650 1673
5436	1771 2269 2601 2323
5437	960 150 3562 3046 1688 546 1506 2652
5438	1745 505 3339 3490
5439	215 511 301 266
5440	425 733 758 808 85 719 1825 716
5441	2847 2558 3138 2998
5442	2815 2753 2765 2774
5443	3520 3240 3304 3566
5444	2284 2373 1353 105 2663 2673 580 909
5445	3523 3345 3369 3388 3307
5446	485 1929 2196 994
5447	2006 1263 1545 1726 592 961 1661 1964 166 1714 599 1982 1403 1596 459 609 1904 593 164 1354 1129 1689 1617 667 1099 1613 524 1699 1735 1070 1787 2229
5448	1185 2227 171 895
5449	648 3365 636 3045
5450	698 994 1002 1618 397 1869 2458 917 2154
5451	29 580 1522 1100
5452	3379 3188 3381 3245 2864 3150 3376 3132 3248 3368 3115 3127 3139
5453	106 1253 1215 1155
5454	2616 2719 2153 2815 140
5455	921 2623 835 2138 2553
5456	2242 475 2319 2989 2768 540 806 3094 2693 2514 2758 2529 2164 1672 1118 434
5457	2611 2460 1699 2544 2581 2487 2371 176
5458	2026 2164 2213 2169
5459	741 2515 2091 1653 1353 746 754
5460	1530 2338 2474 337 2405 2483 169 1716 2350 1686 1969 2230
5461	2571 3083 844 1961 882 2272 468 2672 1880 652 2968
5462	439 622 88 470 435 1421 1693
5463	1228 588 1565 106 766 25 1145 2144 2159 561 120
5464	2460 3227 2557 2673 3219
5465	1222 580 499 39 459 859 603 179
5466	1937 1544 2043 1980
5467	640 565 1036 967 572 1602 1308 248
5468	2215 1812 1827 2754 2140 2371 1766 2224
5469	598 2732 3150 3388 3108
5470	3010 2063 3246 2938 3089 2952 1483
5471	3340 1571 3351 2101
5472	3301 3322 2529 3381
5473	2144 1777 1888 259 1724 2050 1836 1519
5474	972 1942 263 873
5475	2625 1121 1076 2222 2737 3039 176 2265 2239 416 2522 2105
5476	2675 266 3165 3372 1414
5477	1898 1889 2224 1963 2341 2516 1810 2314 1803 1960 2033 1807 1914 1779 2444 2252 2140 2135 2229 2249 1920 2025 1760 2294 2147 1910 2050 2076 2335 2343 1927
5478	1580 369 1996 1673 1881 1213 1863 1340 2081 981 1070 165 1635 1695 1660 1005 1654 1198 763 1560
5479	2732 2986 3010 1416
5480	1828 2456 2545 2625
5481	2271 2234 2206 2144 895 503 2071 1777 2126 1310
5482	1974 2371 2344 1726 2410 1828
5483	3182 3234 1819 3061
5484	1353 754 746 741
5485	2937 133 464 475 2939 3099
5486	1353 2887 2091 2623 754 2764 1653 118 741 3308
5487	210 1344 1522 1512 1544 39
5488	606 1901 1533 2289 1806 373 994
5489	2967 2647 2892 2936
5490	861 593 1576 1950 244 1581 1491 1680 921 653 953 973 239 2021 1954 2031 3 2252 609 226 1622 1824 2325 213 249 996 746 257 685 2111 877 536 680 247 700 500 246 1505 2335 166 2318 968 432 1446 827 1081 1676 2563 864 638 1531 1489 741 94 2257 240 707
5491	1302 360 232 312 828 1411 230 2054 1681 278 840 1181 442 1738 1634 1210 2165 1917 3063 1216 1886 181 19 1213 1606 1776 3053 575 1568 414 807 1119 1945
5492	3437 3460 3198 3100 3419
5493	1726 1699 1799 764
5494	694 2846 3561 3058 2857 2404 2508 179
5495	353 1470 1484 1193 424 1376 1546 2108 1777 34 1223 1227 546
5496	2558 2222 2544 2383
5497	1105 636 236 323 278 1787 700 1661 1747
5498	2153 303 2179 1948
5499	2514 2161 3361 2530 1981 2386 2285 2235 2667 2733 2162 2150
5500	2077 2241 2183 2147 1618 1920 1962 1575 1564 1685 952
5501	127 1779 2384 214 1769 2208 1908
5502	178 2583 3019 9
5503	78 1488 1491 1607
5504	2998 2535 3045 2727 2835
5505	2043 2215 2114 2239
5506	2124 2432 2418 1777
5507	2487 2478 3069 365 2422 349 2904
5508	558 1661 2283 2006 93 0 1118 741 1353 1689 2150 2091 754 961 749 607 100 1653 1526 1582 759
5509	2405 1673 2051 2411 2317 2144 2338 2402 2372 2236 2414 1777
5510	2432 2544 2460 2536 2539 2372 2493 2359 2436 2081 1196 2383 106 2466
5511	1174 1162 576 908 539 1085 729 1681 177 182 1929 268
5512	1737 102 1407 1116
5513	1487 1618 1506 1611 1167 3453 2968 841 1720 1507 3 1613
5514	2568 463 810 540 2426 2610 421 921 350 1114 907
5515	643 1806 896 138 798
5516	3169 3011 3220 1609
5517	1707 2536 2538 2432
5518	2285 2224 1981 2025
5519	3474 2455 3543 1035
5520	600 2224 2161 1009 956 540 2869 895 1981 2057 1888 2153 2173 1819
5521	90 1526 88 1616 1623 631 1398 475 1451 807 829 1072 95 258 947 281
5522	200 1945 206 2267 499 432 520 3 1746 178 459 198
5523	1635 1155 2007 2394 2409 2051 2331 1149 2067 2144 1311 1716 2372 1145 2419 1673 2358 2256
5524	2184 578 2147 2144 2212
5525	2605 1092 2335 2464 325 2015 3193 1067 2646 3173 2313 2164 1087 2718 578 1990
5526	1105 1582 3105 2246
5527	1547 1481 1863 1199 1966
5528	2202 124 2358 2144
5529	100 825 0 1281 667 1277 1118 1153 2095 1107 1279 660
5530	3094 818 1780 1076 2634 1847 805 411 1768
5531	2050 2353 2538 960 2065 3561 2192 1819 2667 1791 2126 895 2118 108 2706 2386 2235 1253 2702 3565 3517 1688 3014 2530 2443 1513 2248 1981 348 2540 2481 2495 3007 1909 2216 540 3418 1607 3046 2285 2607 1896 2989 2576 2161 2623 2071 591 503 600 3070 677
5532	2610 3300 1497 3448
5533	2283 601 2825 1544
5534	2481 2989 960 1672
5535	247 984 888 3556 2980
5536	1597 2286 1470 236 2243 2870 488 2676
5537	3060 2018 2501 2867
5538	578 1537 932 1243
5539	2411 2419 1210 1673 2306 1546
5540	2522 2409 2462 2410 2541
